date,寒武纪_688256,贵州茅台_600519,寒武纪_688256_PE,贵州茅台_600519_PE,寒武纪_688256_TR,贵州茅台_600519_TR,海光信息_688041,上海机场_600009,海光信息_688041_PE,上海机场_600009_PE,海光信息_688041_TR,上海机场_600009_TR,中际旭创_300308,招商银行_600036,中际旭创_300308_PE,招商银行_600036_PE,中际旭创_300308_TR,招商银行_600036_TR,工业富联_601138,海天味业_603288,工业富联_601138_PE,海天味业_603288_PE,工业富联_601138_TR,海天味业_603288_TR,宁德时代_300750,中信证券_600030,宁德时代_300750_PE,中信证券_600030_PE,宁德时代_300750_TR,中信证券_600030_TR
2023-05-16,184.51,1703.29,,32.2889,4.2372,0.1769,74.17,49.93,191.6627,,6.678,0.2975,76.82,34.82,48.9693,6.2356,5.272,0.1868,14.78,66.49,14.7187,50.6396,0.8418,0.1491,239.0,21.8,26.9009,15.0234,0.3599,0.7081
2023-05-17,187.54,1701.0,,32.2455,3.3083,0.1336,76.83,49.48,198.5364,,7.3113,0.3302,79.01,34.5,50.3654,6.1783,5.8121,0.1921,15.55,64.76,15.4855,49.322,1.0844,0.1875,240.0,21.66,27.0135,14.927,0.4699,0.4252
2023-05-18,196.81,1691.0,,32.0559,6.7689,0.153,81.33,49.2,210.1649,,10.0938,0.3282,94.81,34.45,60.4371,6.1694,7.5039,0.1595,16.35,64.38,16.2822,49.0326,1.4487,0.1651,232.4,21.67,26.1581,14.9339,0.6213,0.532
2023-05-19,195.3,1699.5,,32.2171,5.7174,0.2129,80.9,49.37,209.0537,,9.1242,0.2137,93.55,33.95,59.634,6.0798,10.4918,0.1905,16.16,64.71,16.0929,49.284,0.8813,0.1231,230.0,21.29,25.8879,14.672,0.5015,0.6746
2023-05-22,188.65,1746.0,,33.0986,3.9183,0.3286,78.01,50.29,201.5857,,6.9398,0.4459,89.89,34.2,57.3187,6.1246,6.4227,0.1439,15.41,66.32,15.3461,50.5101,0.8898,0.1718,230.3,21.3,25.9217,14.6789,0.378,0.4266
2023-05-23,184.11,1724.55,,32.6919,3.4142,0.1345,77.27,48.94,199.6734,,3.6239,0.53,87.2,33.6,55.6034,6.0171,7.0792,0.1682,15.23,65.31,15.1668,49.7409,0.5008,0.0806,225.42,20.85,25.3724,14.3687,0.5051,0.6808
2023-05-24,182.0,1710.9,,32.4332,4.3295,0.1471,76.83,47.29,198.5364,,6.5794,0.7067,87.67,32.93,55.9031,5.8971,7.6383,0.2249,14.82,64.4,14.7585,49.0479,0.6187,0.0869,225.25,20.28,25.3533,13.9759,0.3808,0.959
2023-05-25,194.5,1701.0,,32.2455,6.6407,0.1788,81.0,47.37,209.3121,,8.9886,0.3693,93.18,32.42,59.4166,5.8058,10.2238,0.3423,16.3,63.98,16.2324,48.728,1.549,0.086,224.09,20.32,25.2227,14.0035,0.3542,0.5807
2023-05-26,224.0,1690.56,,32.0476,7.9894,0.1456,86.51,47.28,223.5505,,11.8119,0.2686,91.45,32.74,58.431,5.8631,8.1232,0.1428,16.79,64.12,16.7203,48.8346,1.3429,0.0682,220.0,20.37,24.7624,14.038,0.469,0.4027
2023-05-29,219.6,1689.0,,32.018,6.2298,0.1415,86.37,47.11,223.1888,,8.0961,0.2831,96.0,32.69,61.3382,5.8542,8.3203,0.1877,17.9,63.27,17.8257,48.1872,1.53,0.1416,217.06,20.35,24.4315,14.0242,0.4259,0.44
2023-05-30,234.8,1668.29,,31.6254,5.0232,0.2106,90.92,46.7,234.9464,,8.8549,0.6338,109.0,32.64,69.6444,5.8452,8.6145,0.1649,18.03,61.93,17.9552,47.1667,1.2703,0.1362,224.99,20.36,25.324,14.0311,0.6816,0.577
2023-05-31,254.19,1628.9,,30.8787,5.981,0.2942,92.73,46.6,239.6236,,6.9302,0.463,107.5,32.3,68.686,5.7843,6.1384,0.2547,18.05,60.5,17.9751,46.0776,1.1043,0.1999,221.17,20.05,24.8941,13.8174,0.486,0.8643
2023-06-01,237.01,1635.92,,31.0118,5.0023,0.228,87.3,45.12,225.592,,10.7421,0.8117,108.04,32.06,69.031,5.7413,5.1105,0.229,17.92,50.12,17.8456,45.8064,0.801,0.1845,222.9,20.1,25.0888,13.8519,0.4105,0.6599
2023-06-02,228.7,1670.6,,31.6692,4.856,0.1995,83.2,45.99,214.9972,,12.4615,0.5329,106.7,33.07,68.1748,5.9222,3.8448,0.2709,17.83,50.83,17.756,46.4553,0.541,0.1543,228.44,20.19,25.7124,13.9139,0.597,0.7765
2023-06-05,230.32,1665.0,,31.5631,3.6848,0.129,83.5,45.8,215.7724,,6.6722,0.3308,111.2,33.04,71.05,5.9168,5.1786,0.1516,18.93,49.72,18.8515,45.4409,1.0382,0.1537,219.8,20.0,24.7399,13.783,0.8652,0.5393
2023-06-06,223.25,1666.99,,31.6008,3.76,0.1585,79.39,45.19,205.1517,,7.7873,0.5436,107.31,33.07,68.5646,5.9222,4.273,0.1874,18.22,49.45,18.1444,45.1941,0.7169,0.1429,219.28,19.83,24.6813,13.6658,0.4441,0.6519
2023-06-07,221.2,1650.9,,31.2958,2.9189,0.1424,79.88,45.84,206.4179,,5.8338,0.4703,108.11,33.3,69.0757,5.9634,3.788,0.1643,18.03,49.3,17.9552,45.057,0.4874,0.1296,207.3,19.87,23.3329,13.6934,1.2901,0.4195
2023-06-08,221.01,1668.0,,31.6199,2.9308,0.117,77.25,46.63,199.6218,,7.0038,0.5263,106.72,34.08,68.1876,6.1031,4.5822,0.2664,17.85,49.28,17.7759,45.0387,0.4852,0.1086,208.01,20.2,23.4128,13.9208,0.6144,0.6786
2023-06-09,226.78,1666.0,,31.582,5.8334,0.1399,77.81,46.97,201.0689,,10.0531,0.5566,115.2,33.74,73.6058,6.0422,7.7288,0.2012,19.64,48.75,19.5585,44.5543,1.0885,0.1142,212.04,20.18,23.8664,13.907,0.6248,0.4493
2023-06-12,220.21,1696.0,,32.1507,4.6581,0.2152,78.39,46.91,202.5676,,8.746,0.3686,121.5,33.73,77.6311,6.0404,5.3518,0.1972,21.35,49.42,21.2614,45.1667,1.2632,0.1492,211.95,19.85,23.8563,13.6796,0.467,0.7896
2023-06-13,232.9,1699.0,,32.2076,5.2138,0.1167,80.78,46.81,208.7436,,12.8851,0.3804,121.55,33.73,77.6631,6.0404,3.7273,0.1121,22.02,50.01,21.9286,45.7059,1.1328,0.1818,213.1,19.98,23.9857,13.7692,0.3411,0.4487
2023-06-14,224.8,1726.88,,32.7361,5.0241,0.2508,81.48,46.94,210.5525,,10.4191,0.4829,129.55,33.39,82.7746,5.9795,5.4561,0.1855,22.79,50.25,22.6954,45.9252,1.0266,0.1826,213.4,20.0,24.0195,13.783,0.4214,0.6653
2023-06-15,211.0,1755.0,,33.2692,4.919,0.2008,75.78,47.62,195.8231,,10.0764,0.459,134.79,33.72,86.1226,6.0386,5.8739,0.1791,22.64,51.08,22.5461,46.6838,0.7627,0.1653,230.88,20.3,25.987,13.9897,1.3004,0.731
2023-06-16,222.85,1797.69,,34.0784,5.5895,0.3018,77.08,47.78,199.1825,,10.1498,0.4007,155.0,33.93,99.0356,6.0762,6.1109,0.2069,24.06,51.05,23.9602,46.6564,1.005,0.1661,231.1,20.39,26.0118,14.0517,0.7633,0.618
2023-06-19,239.1,1744.0,,33.0607,6.9507,0.2523,80.01,47.83,206.7539,,11.4168,0.4753,160.01,33.58,102.2367,6.0136,6.5568,0.1352,26.46,50.41,26.3502,46.0715,1.0485,0.1271,227.88,20.15,25.6493,13.8863,0.4818,0.5979
2023-06-20,267.0,1743.46,,33.0504,8.3678,0.1667,83.97,47.22,216.9869,,15.6473,0.3306,170.0,33.19,108.6197,5.9437,6.0263,0.1491,26.03,50.22,25.922,45.8978,1.1001,0.0751,228.0,20.06,25.6628,13.8243,0.4625,0.5291
2023-06-21,230.98,1735.83,,32.9058,6.2574,0.1411,76.4,47.29,197.4253,,10.0511,0.4379,159.9,33.17,102.1664,5.9401,6.3153,0.2074,24.5,49.65,24.3983,45.3769,0.8052,0.1001,224.91,19.85,25.315,13.6796,0.4409,0.4507
2023-06-26,202.5,1709.0,,32.3972,6.1855,0.191,69.44,45.74,179.4399,,10.4382,0.5694,148.0,32.61,94.563,5.8398,8.2948,0.2095,23.09,48.65,22.9942,44.4629,0.9833,0.1223,225.17,19.29,25.3443,13.2937,0.4098,0.7337
2023-06-27,196.69,1711.05,,32.436,3.2577,0.1208,68.72,46.4,177.5794,,4.9701,0.3353,147.2,32.82,94.0519,5.8774,4.8851,0.1676,23.01,48.0,22.9145,43.8689,0.5097,0.1774,223.47,19.49,25.1529,13.4315,0.3456,0.3314
2023-06-28,202.95,1728.38,,32.7645,6.6434,0.1479,70.0,46.36,180.887,,9.271,0.3174,141.98,33.05,90.7166,5.9186,6.3296,0.1618,22.98,47.97,22.8846,43.8415,0.8555,0.152,224.5,19.5,25.2689,13.4384,0.3492,0.3379
2023-06-29,193.0,1713.71,,32.4865,5.9333,0.1133,68.01,45.42,175.7447,,7.6786,0.4707,148.01,32.68,94.5694,5.8524,6.1546,0.1253,23.8,47.1,23.7012,43.0463,0.8583,0.1539,222.5,19.44,25.0438,13.397,0.2557,0.2603
2023-06-30,188.0,1691.0,,32.0559,4.4859,0.1629,68.27,45.42,176.4165,,5.9138,0.3543,147.45,32.76,94.2116,5.8667,6.4865,0.1423,25.2,46.85,25.0954,42.8179,0.9847,0.1609,228.79,19.78,25.7517,13.6314,0.555,0.456
2023-07-03,192.54,1724.1,,32.6834,4.6817,0.1524,69.6,47.04,179.8534,,6.5214,0.9095,146.0,33.72,93.2851,6.0386,5.5129,0.2199,24.37,48.27,24.2689,44.1156,0.786,0.2197,229.88,20.24,25.8744,13.9484,0.4006,0.7668
2023-07-04,202.41,1730.6,,32.8066,4.848,0.0993,71.15,47.34,183.8587,,6.3751,0.522,146.52,33.51,93.6174,6.001,4.1349,0.1086,24.58,48.87,24.478,44.664,0.5598,0.1361,229.25,20.28,25.8035,13.9759,0.2615,0.4068
2023-07-05,200.8,1715.38,,32.5181,3.0692,0.1174,69.29,46.92,179.0523,,4.0153,0.2661,138.96,33.03,88.787,5.9151,4.5507,0.2002,23.86,47.63,23.7653,43.5307,0.4846,0.1409,227.51,20.15,25.6077,13.8863,0.2224,0.3024
2023-07-06,206.82,1702.98,,32.283,4.4682,0.1205,69.5,46.28,179.595,,3.7921,0.4226,139.8,32.58,89.3237,5.8345,4.311,0.1977,23.88,46.7,23.7852,42.6808,0.4924,0.1593,224.85,20.05,25.3083,13.8174,0.2648,0.3707
2023-07-07,195.43,1690.03,,32.0376,3.826,0.1207,67.05,46.5,173.2639,,3.6696,0.2503,146.99,32.31,93.9177,5.7861,6.7707,0.2292,23.66,45.79,23.5661,41.8491,0.5309,0.1745,222.25,20.13,25.0156,13.8726,0.2526,0.3652
2023-07-10,196.96,1700.9,,32.2436,2.7632,0.1073,70.35,47.08,181.7915,,7.1725,0.4439,143.6,32.45,91.7517,5.8112,5.5977,0.1319,23.8,46.03,23.7055,42.0684,0.4487,0.2151,228.8,20.12,25.7529,13.8657,0.4145,0.2986
2023-07-11,210.3,1710.0,,32.4161,4.7102,0.1002,77.8,47.33,201.043,,15.6747,0.3572,148.5,32.71,94.8825,5.8578,4.6048,0.1596,24.24,45.09,24.1437,41.2093,0.5996,0.3081,229.09,20.24,25.7855,13.9484,0.2359,0.3114
2023-07-12,196.29,1713.8,,32.4882,3.8483,0.1058,74.94,47.0,193.6525,,8.0221,0.2779,138.79,33.2,88.6784,5.9455,6.2111,0.3064,22.53,44.26,22.4405,40.4508,0.835,0.2635,226.99,20.08,25.5491,13.8381,0.2239,0.2776
2023-07-13,200.1,1738.4,,32.9545,3.9672,0.2054,76.94,46.92,198.8207,,8.296,0.3714,154.2,31.85,98.5244,5.7037,7.1578,0.2733,24.78,45.35,24.6816,41.447,0.7865,0.272,230.0,20.47,25.8879,14.1069,0.5732,0.7071
2023-07-14,206.01,1753.0,,33.2313,4.0278,0.1477,78.4,45.88,202.5935,,11.3112,0.8238,155.39,31.93,99.2848,5.7181,7.1963,0.1685,27.26,45.1,27.1518,41.2185,1.0509,0.1683,228.28,20.5,25.6943,14.1275,0.3349,0.3916
2023-07-17,200.2,1729.97,,32.7947,3.3134,0.1141,76.1,46.02,196.65,,7.5471,0.3191,157.71,31.65,100.7671,5.6679,5.4116,0.127,26.11,45.0,26.0063,41.1271,0.8835,0.1172,225.65,20.28,25.3983,13.9759,0.2692,0.3074
2023-07-18,185.0,1722.8,,32.6588,5.1812,0.1173,73.16,45.62,189.0528,,5.5719,0.4448,151.29,31.46,96.6651,5.6339,4.1578,0.1534,25.53,44.45,25.4286,40.6244,0.7908,0.165,225.5,20.29,25.3814,13.9828,0.2209,0.2413
2023-07-19,182.37,1723.0,,32.6626,2.7109,0.0994,71.95,44.99,185.926,,3.6203,0.6465,149.0,31.58,95.2019,5.6554,2.9512,0.1165,25.09,44.2,24.9904,40.3959,0.6414,0.1738,219.5,20.41,24.7061,14.0655,0.4533,0.3406
2023-07-20,176.0,1724.0,,32.6815,3.5498,0.1329,68.53,44.33,177.0884,,4.4851,0.7438,130.0,31.69,83.0621,5.6751,8.9469,0.132,23.25,44.11,23.1577,40.3137,1.0241,0.1263,221.05,20.3,24.8806,13.9897,0.3719,0.3881
2023-07-21,170.9,1771.3,,33.5782,4.0374,0.3135,61.4,44.55,158.6638,,11.2459,0.6213,130.24,31.8,83.2154,5.6948,7.0298,0.153,23.04,44.79,22.9485,40.9352,0.6697,0.2109,221.59,20.36,24.9413,14.0311,0.2162,0.3919
2023-07-24,167.16,1771.15,,33.5753,3.5936,0.1569,61.2,43.78,158.1469,,5.0335,0.7569,131.0,31.45,83.701,5.6321,5.2498,0.1159,23.66,43.75,23.5661,39.9847,0.7353,0.2251,218.98,20.39,24.6476,14.0517,0.3533,0.349
2023-07-25,167.0,1828.55,,34.6634,3.712,0.343,60.4,44.76,156.0797,,6.631,0.9145,134.25,33.27,85.7776,5.958,5.96,0.6116,24.0,44.88,23.9047,41.0174,0.8177,0.3541,226.35,21.58,25.4771,14.8718,0.4967,2.2786
2023-07-26,169.42,1828.55,,34.6634,4.2751,0.1561,59.15,44.02,152.8495,,4.439,0.8183,129.04,33.35,82.4487,5.9724,5.3372,0.2432,23.25,45.14,23.1577,41.255,0.8143,0.1981,226.66,21.78,23.0245,15.0097,0.3981,1.1299
2023-07-27,165.14,1838.03,,34.8432,2.645,0.1619,57.28,44.41,148.0173,,4.9613,0.7777,127.9,33.66,81.7203,6.0279,3.3761,0.2659,22.68,44.72,22.5899,40.8712,0.7183,0.272,226.98,21.52,23.057,14.8305,0.5372,0.8061
2023-07-28,160.8,1897.0,,35.961,3.8116,0.3106,56.86,46.46,146.932,,4.1891,1.5479,126.9,35.1,81.0814,6.2858,4.5463,0.609,22.26,45.75,22.1716,41.8125,0.5971,0.4594,230.05,23.67,23.3689,16.3121,0.4842,3.8827
2023-07-31,164.01,1880.58,,35.6498,3.1752,0.3612,57.09,47.4,147.5263,,3.9981,1.8765,128.0,35.56,81.7842,6.3681,4.966,0.5637,22.33,46.3,22.2413,42.3152,0.7124,0.4944,237.75,24.1,24.1511,16.6085,0.7701,3.9282
2023-08-01,164.77,1889.0,,35.8094,2.7481,0.1531,58.94,46.85,152.3069,,7.2585,0.9126,134.8,34.99,86.129,6.2661,6.4535,0.32,22.67,46.05,22.58,42.0867,0.8234,0.3896,235.5,23.67,23.9225,16.3121,0.4021,2.4091
2023-08-02,166.9,1880.0,,35.6388,2.8333,0.1473,60.72,47.1,156.9066,,7.0665,0.7081,133.8,34.03,85.4901,6.0941,3.5222,0.4437,22.32,45.85,22.2314,41.9039,0.4221,0.1786,236.5,23.85,24.0241,16.4362,0.3643,1.9703
2023-08-03,168.21,1878.47,,34.2472,2.7817,0.1715,63.29,47.28,163.5477,,7.3491,0.6489,130.51,34.68,83.388,6.2105,4.0198,0.2469,22.5,46.31,22.4107,42.3243,0.5983,0.2015,239.14,24.43,24.2922,16.8359,0.4167,2.3172
2023-08-04,172.86,1893.47,,34.5206,3.1451,0.1956,63.52,46.93,164.1421,,4.4119,0.5911,139.95,34.88,89.4195,6.2464,6.1081,0.3939,23.77,46.03,23.6756,42.0684,0.9433,0.2185,245.51,24.7,24.9393,17.022,0.813,4.1154
2023-08-07,169.75,1887.93,,34.4196,2.6805,0.1902,64.4,46.42,166.4161,,3.8818,0.4311,141.75,34.5,90.5696,6.1783,5.5176,0.1671,24.98,45.6,24.8808,41.6754,1.1611,0.1802,246.49,24.77,25.0389,17.0702,0.3844,1.6889
2023-08-08,169.15,1890.0,,34.4574,1.6218,0.1412,64.34,46.14,166.261,,3.3536,0.4125,134.51,34.15,85.9437,6.1156,4.0426,0.2435,24.18,45.74,24.084,41.8034,0.6641,0.1226,247.14,24.9,25.1049,17.1598,0.388,2.189
2023-08-09,165.12,1890.28,,34.4625,1.8962,0.1475,61.0,46.19,157.6301,,4.9254,0.3358,126.84,34.02,81.0431,6.0923,5.5632,0.1875,22.25,46.24,21.708,42.2604,1.1032,0.1669,247.0,24.91,25.0907,17.1667,0.3009,1.4421
2023-08-10,164.0,1875.0,,34.1839,1.3656,0.1468,58.87,47.83,152.126,,5.7645,1.2112,124.01,34.14,79.2349,6.1138,4.1871,0.1395,21.5,46.1,20.9763,42.1324,1.2035,0.139,246.5,25.2,25.0399,17.3665,0.3616,1.647
2023-08-11,158.0,1834.0,,33.4364,1.8343,0.2132,55.27,47.13,142.8232,,8.2126,0.9393,121.98,33.15,77.9378,5.9365,2.7929,0.2939,21.5,44.33,20.9763,40.5147,0.6951,0.263,241.5,24.1,24.532,16.6085,0.4431,2.4648
2023-08-14,159.4,1803.0,,32.8712,2.1607,0.1889,53.8,46.59,139.0246,,4.1099,0.6709,123.52,32.46,78.9218,5.813,3.9971,0.3234,21.4,43.31,20.8787,39.5825,0.6531,0.3137,232.9,23.75,23.6584,16.3673,0.6617,1.7054
2023-08-15,158.57,1812.98,,33.0532,1.6459,0.118,52.6,46.13,135.9237,,2.6669,0.6498,121.9,32.36,77.8867,5.7951,5.6698,0.2826,21.39,42.73,20.8689,39.0524,0.7936,0.1864,231.3,24.11,23.4958,16.6154,0.3763,1.3119
2023-08-16,152.8,1820.0,,33.1812,1.9771,0.105,51.0,45.93,131.7891,,1.73,0.3362,121.01,31.97,77.318,5.7252,4.1833,0.2812,20.89,42.49,20.3811,38.8331,0.6066,0.1336,232.6,24.01,23.6279,16.5465,0.3608,1.2784
2023-08-17,156.94,1828.05,,33.3279,2.6456,0.1376,50.68,46.1,130.9622,,1.9981,0.5205,122.25,31.79,78.1103,5.693,4.2677,0.3132,20.91,42.73,20.4006,39.0524,0.6796,0.2293,235.25,23.95,23.8971,16.5051,0.5265,1.1709
2023-08-18,151.4,1802.59,,32.8638,1.9652,0.1355,50.13,45.12,129.541,,1.3915,0.7223,115.51,31.88,73.8039,5.7091,4.2012,0.327,20.1,41.35,19.6104,37.7912,0.5146,0.2173,235.87,23.97,23.9601,16.5189,0.4319,1.4083
2023-08-21,151.4,1791.0,,32.6525,1.5751,0.1505,50.34,41.25,130.0836,,1.8132,4.1721,117.87,31.13,75.3118,5.5748,3.3998,0.3924,20.41,40.6,19.9128,37.1058,0.4633,0.2344,232.96,22.94,23.6645,15.8091,0.2776,1.8621
2023-08-22,157.61,1788.0,,32.5978,2.1486,0.2122,51.8,40.08,133.8564,,2.0177,2.2397,126.0,31.32,80.5063,5.6088,6.1984,0.2914,22.45,40.49,21.9031,37.0052,1.0071,0.2773,230.75,23.22,23.44,16.002,0.3912,1.1237
2023-08-23,150.14,1774.0,,32.3425,1.9241,0.1585,49.9,39.05,128.9466,,1.4845,1.0158,119.0,30.85,76.0338,5.5247,3.817,0.2718,21.34,39.83,20.8202,36.402,0.6945,0.1985,227.5,22.8,23.1098,15.7126,0.3058,0.6619
2023-08-24,150.3,1816.3,,33.1137,2.1035,0.2074,50.69,39.27,130.9881,,1.7213,0.83,121.0,31.06,77.3116,5.5623,5.4596,0.1998,22.43,40.28,21.8836,36.8133,1.0169,0.2314,228.95,23.56,23.2571,16.2363,0.3646,1.3693
2023-08-25,140.52,1824.98,,33.272,3.0143,0.1499,49.66,39.1,114.8422,,1.6047,0.5901,106.95,31.56,68.3346,5.6518,7.7422,0.3139,20.32,40.08,19.825,36.6305,0.984,0.1598,228.34,23.43,23.1952,16.1468,0.2881,1.1821
2023-08-28,145.1,1834.97,,33.4541,2.7362,0.3268,50.77,38.7,117.4091,,2.5197,1.119,111.5,32.26,66.5397,5.6365,6.5007,0.6811,20.68,39.82,20.1762,36.3929,0.6936,0.3533,230.5,23.79,23.4146,16.3948,0.5746,4.4484
2023-08-29,145.96,1851.33,,33.7524,3.1558,0.2305,53.02,39.78,122.6124,,2.8417,0.7902,115.19,32.04,68.7418,5.598,5.8583,0.3496,21.59,40.0,21.0641,36.5574,0.8712,0.3227,238.5,23.38,24.2272,16.1123,0.7514,2.2095
2023-08-30,159.86,1856.0,,33.8375,5.4641,0.1577,56.54,39.39,130.7527,,3.8118,0.6905,116.0,31.66,69.2252,5.5316,4.1834,0.3101,21.8,39.82,21.269,37.5254,0.6742,0.381,237.5,22.56,24.1257,15.6043,0.3758,2.0378
2023-08-31,158.8,1847.0,,33.6734,4.6142,0.118,59.19,39.23,136.881,,4.4377,0.6162,114.62,31.55,68.4016,5.5124,2.5741,0.2439,21.91,39.1,21.3763,36.8469,0.5904,0.3365,236.55,22.2,24.0292,15.3553,0.2491,1.0702
2023-09-01,148.83,1851.05,,33.7472,4.1423,0.1046,59.31,39.49,137.1585,,3.1091,0.4554,112.15,32.27,66.9276,5.6382,2.7987,0.3381,21.25,39.45,20.7324,37.1768,0.4742,0.1698,236.4,22.38,24.0139,15.4798,0.2344,0.8783
2023-09-04,148.88,1866.0,,34.0198,2.8524,0.19,61.1,40.03,141.298,,2.5773,0.7948,112.35,33.53,67.047,5.8584,2.209,0.5353,20.99,40.04,20.4787,37.7328,0.4843,0.3519,237.65,22.57,24.1409,15.6112,0.3619,0.8729
2023-09-05,144.5,1858.7,,33.8867,3.4493,0.1247,58.13,39.65,134.4297,,2.9654,0.5535,109.01,33.11,65.0538,5.785,2.8577,0.2168,20.31,39.99,19.8153,37.6856,0.5009,0.1803,236.82,22.38,24.0566,15.4798,0.2983,0.5691
2023-09-06,152.95,1861.0,,33.9287,4.5298,0.0885,60.0,39.43,138.7542,,2.5378,0.4456,109.7,33.36,65.4655,5.8287,2.6457,0.265,20.22,40.08,19.7274,37.7704,0.4534,0.187,234.42,22.13,23.8128,15.3069,0.3213,0.8604
2023-09-07,138.88,1838.0,,33.5093,4.6221,0.1352,58.08,38.9,134.314,,2.0288,0.5259,106.31,33.14,63.4425,5.7902,3.1897,0.1739,19.2,39.12,18.7323,36.8658,0.6453,0.1806,226.51,22.12,23.0093,15.3,0.4962,0.7547
2023-09-08,140.48,1818.5,,33.1538,3.1348,0.0972,57.24,39.24,132.3715,,1.7475,0.4654,105.25,33.17,62.8099,5.7955,3.8374,0.1447,19.08,38.46,18.6152,36.2438,0.4688,0.1699,222.94,22.25,22.6466,15.3899,0.4249,0.6472
2023-09-11,141.09,1822.17,,33.2207,3.2801,0.1268,58.3,39.35,134.8228,,2.3819,0.5013,109.2,32.91,65.1672,5.75,5.0616,0.3068,19.46,39.03,18.9853,36.781,0.6888,0.1829,221.53,22.6,22.5034,15.632,0.4394,0.9916
2023-09-12,142.2,1819.96,,33.1804,2.5928,0.0969,56.76,39.17,131.2614,,1.6015,0.394,109.92,32.88,65.5968,5.7448,3.2629,0.1346,19.28,39.2,18.8097,36.9412,0.4102,0.1486,217.93,22.39,22.1377,15.4867,0.4695,0.5771
2023-09-13,136.38,1819.91,,33.1795,2.8692,0.1552,55.33,38.83,127.9545,,1.4401,0.5126,106.67,32.75,63.6573,5.7221,2.4072,0.1449,18.86,39.35,18.3999,37.0825,0.3809,0.1976,216.6,22.28,22.0026,15.4106,0.3898,0.4917
2023-09-14,133.58,1818.69,,33.1573,1.7056,0.1393,53.69,38.34,124.1618,,1.4564,0.6455,102.65,33.07,61.2583,5.778,3.2832,0.212,18.59,39.02,18.1365,36.7715,0.3674,0.1982,214.93,22.29,21.833,15.4176,0.4711,0.4925
2023-09-15,133.97,1781.99,,32.4882,2.8057,0.2263,52.85,38.17,122.2193,,1.4836,0.6272,98.68,32.96,58.8891,5.7588,4.8495,0.2131,18.13,39.08,17.6877,36.8281,0.4834,0.2137,207.76,22.05,21.1091,15.2516,0.8672,0.659
2023-09-18,129.2,1829.2,,33.3489,2.5114,0.2592,52.95,38.46,122.4505,,1.2041,0.4834,95.5,33.02,56.9914,5.7693,3.9582,0.1747,18.3,39.06,17.8536,36.8092,0.4652,0.1924,213.06,22.14,21.6476,15.3138,0.6847,0.5255
2023-09-19,126.79,1826.94,,33.3077,2.0951,0.1193,52.07,38.18,120.4155,,1.0504,0.452,96.5,32.96,57.5882,5.7588,3.5356,0.1865,18.48,38.95,18.0292,36.7056,0.546,0.1773,212.32,22.02,21.5724,15.2308,0.3863,0.4217
2023-09-20,123.3,1824.0,,33.2541,2.5277,0.0995,51.39,37.81,118.8429,,1.1127,0.3921,97.15,32.73,57.9761,5.7186,3.6719,0.1499,18.4,38.67,17.9511,36.4417,0.5281,0.1242,209.9,21.9,21.3265,15.1478,0.3365,0.346
2023-09-21,123.8,1798.39,,32.7872,2.5617,0.1551,51.3,37.64,118.6348,,1.0847,0.3912,97.37,32.37,58.1074,5.6557,3.1961,0.1892,18.31,37.82,17.8633,35.6407,0.3723,0.2023,206.73,21.73,21.0044,15.0302,0.4169,0.4337
2023-09-22,130.49,1849.0,,33.7099,3.9339,0.2738,54.26,38.16,125.48,,2.7746,0.4343,111.08,33.34,66.2891,5.8252,8.6324,0.3455,19.94,39.3,19.4536,37.0354,1.0732,0.2891,210.93,22.61,21.4312,15.6389,0.5787,1.1247
2023-09-25,126.13,1832.38,,33.4069,2.6283,0.1113,52.57,37.84,121.5718,,1.6853,0.3447,107.5,33.0,64.1527,5.7658,5.4704,0.2213,19.29,38.41,18.8194,36.1967,0.5279,0.234,209.28,21.9,21.2635,15.1478,0.3495,0.9122
2023-09-26,130.42,1816.0,,33.1082,3.7256,0.1255,53.46,37.34,123.63,,2.0882,0.4808,111.8,32.8,66.7188,5.7308,5.8935,0.1561,19.73,37.97,19.2487,35.782,0.6393,0.2373,204.5,21.98,20.7779,15.2031,0.5203,0.5029
2023-09-27,126.8,1814.0,,33.0718,2.9462,0.1662,54.0,37.62,124.8787,,1.5968,0.5082,114.07,32.82,68.0734,5.7343,3.6801,0.1709,19.8,39.03,19.317,36.781,0.4187,0.3891,203.66,22.03,20.6925,15.2377,0.5612,0.5135
2023-09-28,123.95,1798.55,,32.7901,2.7711,0.1635,53.98,37.89,124.8325,,1.6407,0.4386,115.8,32.97,69.1058,5.7605,4.0841,0.1884,19.7,37.99,19.2194,35.8009,0.3705,0.3372,203.03,21.66,20.6285,14.9818,0.4061,0.7517
2023-10-09,126.03,1777.0,,32.3972,3.1374,0.2369,53.06,37.07,122.7049,,1.3099,0.5062,111.06,32.58,66.2771,5.6924,5.8983,0.1752,19.26,38.01,18.7902,35.8197,0.5304,0.2536,195.5,21.68,19.8634,14.9956,0.8667,0.6226
2023-10-10,123.62,1770.0,,32.2696,2.1236,0.1615,53.94,37.11,124.74,,1.5335,0.4115,109.45,32.59,65.3163,5.6941,3.4046,0.1661,18.86,38.27,18.3999,36.0647,0.4037,0.3322,194.72,21.43,19.7842,14.8227,0.5103,0.3568
2023-10-11,127.0,1778.5,,32.4246,3.6561,0.1747,55.02,36.92,127.2376,,2.2294,0.441,109.73,32.45,65.4834,5.6697,3.3945,0.1823,19.17,40.36,18.7024,38.0343,0.455,0.717,194.77,21.51,19.7893,14.878,0.5201,0.3465
2023-10-12,123.9,1786.0,,32.5613,2.4419,0.1183,55.0,37.33,127.1913,,1.7557,0.3827,106.67,33.07,63.6573,5.778,2.9094,0.2993,18.75,40.11,18.2927,37.7987,0.4143,0.2845,195.94,21.76,19.9081,15.051,0.6218,0.5077
2023-10-13,121.04,1751.0,,31.9232,3.1016,0.1992,53.51,36.67,123.7456,,1.557,0.4774,102.37,32.61,61.0912,5.6976,3.931,0.1989,17.88,38.92,17.4439,36.6773,0.5379,0.2731,190.6,21.52,19.3656,14.885,0.7301,0.3301
2023-10-16,117.05,1729.9,,31.5385,2.9532,0.1655,51.89,36.24,119.9992,,1.6427,0.4063,100.01,32.31,59.6829,5.6452,2.9704,0.139,17.42,35.85,16.9951,33.7842,0.4798,0.8657,184.76,21.51,18.7722,14.878,0.634,0.3733
2023-10-17,115.47,1726.0,,31.4674,2.2236,0.119,52.54,36.33,121.5024,,1.2229,0.2887,100.56,32.52,60.0111,5.6819,3.173,0.1388,17.28,36.48,16.8585,34.3779,0.2932,0.5716,185.44,21.95,18.8413,15.1824,0.5538,0.7546
2023-10-18,120.2,1728.0,,31.5039,6.4318,0.1617,55.51,35.63,122.5218,,5.5795,0.4208,97.45,32.49,58.1551,5.6767,4.6076,0.1209,16.92,36.48,16.5073,34.3779,0.7629,0.2393,186.3,21.86,18.9287,15.1201,0.4534,0.4129
2023-10-19,144.24,1630.0,,29.7172,7.8657,0.585,59.06,35.16,130.3573,,6.8388,0.4633,94.64,31.57,56.4782,5.5159,2.9506,0.2929,16.53,35.43,16.1268,33.3884,0.4334,0.2974,182.7,21.56,18.5629,14.9126,0.4483,0.6958
2023-10-20,135.55,1645.0,,29.9907,9.1453,0.3612,59.22,34.92,130.7105,,4.6158,0.4044,94.07,31.65,56.138,5.5299,3.3411,0.1806,16.17,35.09,15.7756,33.068,0.4058,0.2319,181.0,21.53,17.973,14.8919,0.7713,0.5756
2023-10-23,108.44,1643.98,,29.008,9.1224,0.2009,59.15,34.58,130.556,,4.1321,0.4295,96.1,31.23,46.272,5.4565,5.2099,0.1909,14.55,35.07,14.1951,33.0491,0.1199,0.2227,177.26,21.18,17.6016,14.6498,0.5195,0.4804
2023-10-24,108.66,1642.95,,28.9899,6.3722,0.2377,57.16,35.25,126.1636,,3.6546,0.4179,95.8,31.3,46.1275,5.4687,7.7316,0.1772,13.76,34.59,13.4244,32.5968,1.6084,0.2815,176.42,21.62,17.5182,14.9541,0.6262,0.6736
2023-10-25,112.68,1677.5,,29.5995,6.4055,0.288,60.98,35.68,134.5951,,5.0076,0.5353,88.01,31.42,42.3767,5.4897,7.7303,0.1821,13.54,35.05,13.2098,33.0303,0.9735,0.2574,175.98,21.84,17.4745,15.1063,0.5531,0.6902
2023-10-26,111.26,1672.23,,29.5065,4.777,0.1782,60.1,35.9,132.6528,,3.6275,0.3293,89.9,31.5,43.2867,5.5037,4.665,0.1391,13.83,35.26,13.4927,33.2282,0.7139,0.1675,178.07,21.8,17.682,15.0786,1.064,0.4667
2023-10-27,109.16,1676.71,,29.5855,3.8644,0.2727,59.44,36.65,131.1961,,3.3313,0.5662,89.41,31.53,43.0508,5.5089,3.6354,0.1898,14.07,37.33,13.7268,35.1789,0.5042,0.4792,184.72,22.03,18.3424,15.2377,1.2277,0.8181
2023-10-30,109.68,1681.0,,29.6612,3.8308,0.1917,62.8,37.43,138.6123,,4.2484,0.7345,89.82,30.9,43.2482,5.3752,3.6394,0.4065,14.6,37.87,14.2439,35.6878,0.6092,0.2981,188.02,21.6,18.67,14.9403,0.8286,0.9051
2023-10-31,107.23,1684.58,,29.7244,2.7299,0.1581,61.97,37.21,136.7803,,2.5386,0.4263,87.75,30.76,42.2515,5.3508,3.7004,0.256,14.72,37.65,13.4375,35.7307,0.767,0.2686,185.6,21.71,18.4297,15.203,0.4663,0.5919
2023-11-01,108.0,1780.99,,31.4256,4.8196,0.7415,64.8,37.09,143.0267,,4.4651,0.2948,85.22,30.45,41.0333,5.2969,3.0257,0.2569,14.53,37.15,13.264,35.2561,0.3613,0.2095,187.54,21.73,18.6224,15.217,0.5067,0.5118
2023-11-02,104.75,1779.5,,31.3993,3.0981,0.2222,64.38,36.72,142.0996,,3.9101,0.2793,85.93,30.68,41.3751,5.3369,3.641,0.1768,14.6,36.86,13.3279,34.9809,0.4164,0.1864,185.57,21.53,18.4268,15.077,0.3535,0.4246
2023-11-03,109.03,1811.24,,31.9593,3.9841,0.2402,66.65,37.27,147.11,,3.691,0.4091,88.65,30.99,42.6848,5.3908,5.1081,0.2131,14.75,37.53,13.4649,35.6168,0.3937,0.1812,187.44,21.86,18.6124,15.3081,0.369,0.7875
2023-11-06,116.77,1812.0,,31.9727,5.6379,0.2032,65.9,37.68,145.4546,,4.3025,0.4303,91.42,31.14,44.0186,5.4169,4.9887,0.252,14.97,37.94,13.6657,36.0059,0.4965,0.2174,197.08,22.83,19.5697,15.9873,0.8982,1.7025
2023-11-07,122.82,1791.17,,31.6052,5.5347,0.1559,67.97,37.42,150.0235,,4.2458,0.301,99.2,30.8,47.7646,5.3578,7.5161,0.2503,15.39,38.1,14.0491,36.1577,0.7194,0.1871,191.24,22.79,18.9898,15.9593,0.6699,0.8499
2023-11-08,134.99,1798.34,,31.7317,7.9263,0.1158,68.8,37.26,151.8555,,4.6075,0.2772,96.65,30.6,46.5368,5.323,4.749,0.2158,15.3,38.02,13.967,36.0818,0.3915,0.1823,191.84,22.58,19.0494,15.8123,0.3764,0.8084
2023-11-09,132.52,1794.11,,31.6571,6.1497,0.1019,65.0,37.21,143.4681,,4.4372,0.2862,100.99,30.66,48.6265,5.3334,5.3279,0.1588,15.59,38.51,14.2317,36.5468,0.5953,0.227,191.45,22.46,19.0106,15.7282,0.2825,0.5368
2023-11-10,136.99,1775.84,,31.3347,6.0373,0.1311,65.02,37.09,143.5122,,3.363,0.3026,101.54,30.16,48.8913,5.2465,4.1752,0.2506,15.41,38.36,14.0674,36.4045,0.4561,0.1176,189.03,22.46,18.7703,15.7282,0.2982,0.4995
2023-11-13,135.19,1764.0,,31.1258,4.9563,0.1462,65.4,37.19,144.351,,2.44,0.2813,104.9,29.82,50.5092,5.1873,5.0503,0.3075,16.11,38.25,14.7064,36.3001,0.8532,0.1274,187.85,22.29,18.6532,15.6092,0.3216,0.4689
2023-11-14,153.02,1765.27,,31.1482,7.8495,0.102,68.54,37.25,151.2816,,3.8484,0.2286,105.01,30.2,50.5621,5.2534,3.6717,0.2173,16.37,38.35,14.9437,36.395,0.6249,0.1328,183.68,22.62,18.2434,15.8403,0.6032,0.9726
2023-11-15,151.5,1772.93,,31.2834,8.6781,0.1468,67.42,37.36,148.8095,,2.6964,0.3289,104.0,30.64,50.0758,5.3299,4.1068,0.2918,16.41,39.15,14.9802,37.1542,0.5547,0.2293,184.48,22.6,18.3228,15.8263,0.6114,0.6409
2023-11-16,151.95,1760.05,,31.0561,5.7726,0.1,66.22,37.02,146.1609,,1.863,0.3668,100.04,30.54,48.1691,5.3126,3.1481,0.153,15.94,38.35,14.5512,36.395,0.4161,0.1628,181.15,22.43,17.9921,15.7072,0.4485,0.4065
2023-11-17,153.7,1753.42,,30.9391,5.3673,0.1729,66.12,36.99,145.9402,,1.7862,0.5341,105.59,30.33,50.8414,5.276,4.2246,0.2096,16.35,38.1,14.9255,36.1577,0.4637,0.1525,180.73,22.52,17.9504,15.7702,0.2846,0.4264
2023-11-20,165.43,1762.5,,31.0993,7.1199,0.1481,68.19,37.47,150.5091,,2.8136,0.6653,102.35,30.58,49.2813,5.3195,4.346,0.179,16.12,38.41,14.7155,36.4519,0.4007,0.1563,180.3,22.35,17.9077,15.6512,0.3187,0.5175
2023-11-21,155.0,1790.0,,31.5846,4.851,0.2396,67.1,37.63,148.1032,,1.705,0.4895,103.57,30.43,49.8688,5.2934,3.8981,0.2368,15.96,38.23,14.5695,36.2811,0.3267,0.164,180.61,22.44,17.9416,15.7142,0.5075,0.6547
2023-11-22,152.78,1781.51,,31.4347,4.7214,0.1008,67.33,37.07,148.6109,,2.1877,0.3319,97.36,30.16,46.8787,5.2465,4.9022,0.1327,15.57,38.0,14.2134,36.0628,0.3371,0.1308,177.0,22.21,17.583,15.5532,0.4798,0.3208
2023-11-23,152.03,1786.0,,31.514,3.2358,0.0919,67.31,37.13,148.5667,,2.2569,0.2597,98.14,30.14,47.2542,5.243,2.7585,0.1453,15.72,37.91,14.3504,35.9774,0.3154,0.1127,177.7,22.24,17.6526,15.5742,0.4036,0.4388
2023-11-24,142.08,1777.0,,31.3552,4.5799,0.1042,63.43,36.71,140.0028,,2.5308,0.2901,94.4,30.0,45.4534,5.2186,2.6762,0.1411,15.4,37.98,14.0582,36.0438,0.4384,0.1329,175.0,22.05,17.3844,15.4411,0.4267,0.4094
2023-11-27,144.01,1763.0,,31.1081,3.901,0.1294,67.31,36.53,148.5667,,3.5295,0.361,97.88,29.4,47.129,5.1142,3.7082,0.2817,14.89,37.49,13.5927,35.5788,0.7637,0.1809,170.7,21.69,16.9572,15.189,0.473,0.7222
2023-11-28,144.1,1769.04,,31.2147,2.8721,0.1156,70.74,36.63,156.1374,,4.3038,0.2421,94.75,29.16,45.622,5.0725,2.1465,0.2303,15.15,37.98,13.83,36.0438,0.4284,0.1567,171.92,21.61,17.0784,15.133,0.5189,0.4077
2023-11-29,142.8,1774.71,,31.3148,2.661,0.1365,70.6,36.06,155.8284,,4.1518,0.3159,94.74,28.8,45.6171,5.0099,2.1268,0.3009,14.95,37.81,13.6475,35.8825,0.3168,0.1169,166.85,21.4,16.5747,14.9859,0.6467,0.4388
2023-11-30,149.81,1791.5,,31.611,4.2912,0.17,71.77,35.88,158.4109,,3.8612,0.3338,94.92,28.79,45.7038,5.0081,2.0218,0.2674,15.1,38.11,13.7844,36.1672,0.4781,0.2155,167.0,21.45,16.5896,15.0209,0.5912,0.42
2023-12-01,155.0,1760.28,,31.0601,4.63,0.2631,71.9,35.96,158.6978,,2.8414,0.4016,100.0,28.26,48.1498,4.9159,5.4711,0.4279,15.15,37.32,13.83,35.4175,0.3896,0.2869,165.5,21.56,16.4406,15.098,0.4355,0.435
2023-12-04,157.82,1750.71,,30.8913,5.0601,0.1468,72.71,35.82,160.4856,,2.98,0.2705,102.78,28.08,49.4884,4.8846,4.7237,0.2704,14.78,36.75,13.4923,34.8765,0.3699,0.164,161.65,21.41,16.0582,14.9929,0.6144,0.3295
2023-12-05,153.0,1709.0,,30.1553,3.9431,0.238,72.85,34.75,160.7946,,3.7936,0.5702,100.8,27.51,48.535,4.7855,3.6071,0.3,14.15,36.7,12.9172,34.8291,0.388,0.2238,158.81,21.13,15.7761,14.7969,0.6369,0.4199
2023-12-06,157.51,1703.0,,30.0494,4.4903,0.1899,75.59,34.52,166.8424,,4.8016,0.5334,100.68,27.76,48.4772,4.829,2.3617,0.2963,14.25,36.4,13.0084,34.5444,0.2857,0.1737,162.88,20.95,16.1804,14.6708,0.944,0.4079
2023-12-07,157.69,1700.0,,29.9965,4.4237,0.1993,73.16,33.99,161.4789,,5.5947,0.5106,104.37,27.81,50.254,4.8377,4.3162,0.2884,14.33,36.39,13.0815,34.5349,0.2859,0.138,164.49,21.03,16.3403,14.7268,0.6909,0.3792
2023-12-08,169.42,1704.92,,30.0833,7.2062,0.2093,80.34,34.5,177.3266,,11.2091,0.5429,117.5,27.5,56.576,4.7837,8.3769,0.2586,15.76,36.35,14.3869,34.4969,0.7528,0.1095,163.59,20.95,16.2509,14.6708,0.6291,0.412
2023-12-11,169.99,1698.0,,29.9612,4.1234,0.2932,82.22,34.4,181.4761,,5.4172,0.542,120.15,27.76,57.852,4.829,5.9089,0.3675,15.59,36.72,14.2317,34.8481,0.7933,0.2152,165.35,21.21,16.4257,14.8529,0.5517,0.6312
2023-12-12,154.0,1709.99,,30.1728,6.0121,0.1673,80.67,34.1,178.0549,,3.6613,0.3855,114.96,28.05,55.353,4.8794,5.843,0.2444,15.26,36.57,13.9304,34.7057,0.5525,0.1317,163.63,21.13,16.2549,14.7969,0.3783,0.3679
2023-12-13,148.28,1660.0,,29.2907,4.1656,0.3088,77.65,33.08,171.3892,,3.8883,0.7039,113.4,27.22,54.6019,4.735,2.7361,0.3254,15.08,35.0,13.7661,33.2157,0.3865,0.2751,159.35,20.71,15.8297,14.5027,0.6485,0.5877
2023-12-14,148.85,1635.9,,28.8655,3.5254,0.3238,75.6,32.74,166.8644,,2.8161,0.4586,112.81,27.03,54.3178,4.702,3.1853,0.2158,15.0,34.83,13.6931,33.0544,0.3602,0.1324,156.63,20.5,15.5595,14.3557,0.5841,0.4819
2023-12-15,144.8,1645.0,,29.026,2.6826,0.2953,73.84,32.89,162.9798,,2.3602,0.3594,110.05,27.23,52.9889,4.7368,2.6833,0.4754,14.78,34.69,13.4923,32.9216,0.3126,0.1552,155.0,20.46,15.3976,14.3277,0.5188,0.5185
2023-12-18,145.45,1662.0,,29.326,2.2056,0.1584,75.23,32.11,166.0478,,2.4143,0.5378,113.39,27.28,54.5971,4.7455,3.6523,0.2313,15.03,34.55,13.7205,32.7887,0.4705,0.127,146.97,20.44,14.5999,14.3137,1.1018,0.3716
2023-12-19,148.78,1675.0,,29.5554,2.4999,0.1768,76.1,32.21,167.968,,2.1832,0.3148,113.19,27.29,54.5008,4.7472,2.6642,0.1825,15.17,34.34,13.8483,32.5894,0.3285,0.1362,149.0,20.64,14.8015,14.4537,0.6466,0.4271
2023-12-20,142.89,1649.79,,29.1105,2.0261,0.1838,74.52,31.72,164.4807,,1.8733,0.3198,109.3,27.06,52.6278,4.7072,3.1844,0.2575,14.55,33.96,13.2823,32.2288,0.3753,0.1577,148.45,20.16,14.7469,14.1176,0.5456,0.5404
2023-12-21,146.2,1670.0,,29.4672,2.6264,0.2309,77.17,32.11,170.3297,,2.6553,0.4112,114.19,27.71,54.9823,4.8203,3.9829,0.368,14.57,35.19,13.3006,33.3961,0.3324,0.3386,154.39,20.27,15.337,14.1946,1.0817,0.4684
2023-12-22,147.0,1670.65,,29.4786,2.7753,0.1725,75.31,32.29,166.2243,,2.1769,0.4507,110.39,27.61,53.1526,4.8029,3.1809,0.3023,14.32,35.82,13.0723,33.9939,0.3374,0.2979,156.29,20.28,15.5257,14.2016,0.7197,0.4668
2023-12-25,136.2,1672.0,,29.5024,4.1803,0.0993,72.61,32.49,160.2649,,2.8911,0.2848,111.25,27.53,53.5667,4.789,2.0289,0.2031,14.21,36.3,12.9719,34.4495,0.2721,0.2214,157.54,20.01,15.6499,14.0126,0.3339,0.4381
2023-12-26,132.5,1670.0,,29.4672,2.7186,0.1176,71.0,32.07,156.7113,,1.957,0.2027,106.96,27.27,51.5011,4.7437,2.6071,0.1771,13.87,36.2,12.6616,34.3546,0.2132,0.1085,156.13,19.85,15.5098,13.9005,0.3278,0.3542
2023-12-27,131.51,1667.06,,29.4153,1.7938,0.1278,70.48,31.44,155.5636,,1.6893,0.559,107.13,27.3,51.5829,4.7489,1.7797,0.1991,13.93,36.28,12.7163,34.4305,0.2553,0.1359,154.33,19.9,15.331,13.9355,0.4456,0.5559
2023-12-28,132.11,1724.99,,30.4374,2.4696,0.3052,70.31,32.85,155.1883,,2.325,0.8489,109.01,27.99,52.4881,4.869,2.6537,0.5144,14.8,37.86,13.5105,35.9299,0.5254,0.3305,162.99,20.37,16.1913,14.2647,0.9718,0.7672
2023-12-29,134.96,1726.0,,30.4553,2.6528,0.2192,70.98,32.78,156.6672,,2.4875,0.446,112.91,27.82,54.366,4.8394,3.2131,0.3179,15.12,37.95,13.8026,36.0154,0.4522,0.156,163.26,20.37,16.2181,14.2647,0.5824,0.5669
2024-01-02,134.9,1685.01,,29.732,1.5458,0.256,72.36,32.18,159.7131,,2.064,0.4072,110.61,27.58,53.2585,4.7977,1.9716,0.2628,14.2,37.22,12.9628,35.3226,0.6455,0.165,156.83,20.07,15.5794,14.0546,0.5495,0.5171
2024-01-03,127.96,1694.0,,29.8906,1.9744,0.161,72.67,32.15,160.3973,,1.8777,0.3105,104.99,27.77,50.5525,4.8307,2.947,0.2104,13.88,37.05,12.6707,35.1612,0.4172,0.121,155.8,20.18,15.477,14.1316,0.5073,0.4817
2024-01-04,127.6,1669.0,,29.4495,1.3713,0.1716,74.9,31.67,165.3194,,2.3231,0.3368,104.0,27.81,50.0758,4.8377,2.2195,0.3088,13.47,35.81,12.2966,33.9845,0.5201,0.2088,151.2,20.0,15.0201,14.0055,0.6994,0.4433
2024-01-05,125.1,1663.36,,29.35,1.0595,0.1611,71.73,31.45,158.3226,,1.899,0.372,100.03,28.29,48.1643,4.9212,2.3396,0.5772,13.3,34.95,12.1414,33.1683,0.3197,0.2354,150.9,19.79,14.9903,13.8585,0.5401,0.6124
2024-01-08,122.09,1643.99,,29.0082,1.3729,0.2037,68.41,30.89,150.9947,,1.7229,0.413,98.8,28.13,47.572,4.8933,1.7679,0.396,13.08,34.51,11.9405,32.7507,0.2939,0.1612,150.0,19.42,14.9009,13.5994,0.4977,0.5504
2024-01-09,119.02,1641.0,,28.9554,1.775,0.1943,69.17,31.43,152.6721,,1.4499,0.4718,101.32,28.17,48.7854,4.9003,2.6661,0.2708,13.19,34.61,12.041,32.8456,0.447,0.1446,148.7,19.46,14.7717,13.6274,0.6006,0.4033
2024-01-10,118.45,1641.5,,28.9643,1.515,0.1381,67.99,31.45,150.0676,,1.2253,0.3215,100.0,28.05,48.1498,4.8794,1.8475,0.2199,12.91,34.82,11.7853,33.0449,0.3487,0.1656,150.66,19.46,14.9664,13.6274,0.596,0.4627
2024-01-11,120.39,1646.57,,29.0537,1.3084,0.1309,68.8,31.67,151.8555,,1.5565,0.3786,103.39,28.38,49.7821,4.9368,2.5713,0.3564,13.15,34.86,12.0031,33.0829,0.3714,0.1692,154.82,19.6,15.3797,13.7254,0.8422,0.3941
2024-01-12,117.15,1643.06,,28.9918,1.1983,0.0924,65.41,31.75,144.3731,,1.971,0.424,100.56,28.54,48.4195,4.9646,1.8451,0.2801,12.86,34.54,11.7384,32.7792,0.3006,0.1311,154.63,19.52,15.3608,13.6694,0.6537,0.3497
2024-01-15,120.8,1640.0,,28.9378,2.0658,0.1421,66.0,32.7,145.6753,,1.543,0.7432,101.88,28.77,49.055,5.0047,1.6859,0.2339,12.72,34.31,11.6106,32.5609,0.3002,0.1582,151.7,19.48,15.0698,13.6414,0.4435,0.2979
2024-01-16,122.76,1639.43,,28.9277,2.0496,0.2062,66.22,33.26,146.1609,,1.4533,0.856,100.29,29.13,48.2895,5.0673,2.2531,0.4137,12.91,34.36,11.7841,32.6084,0.5155,0.1735,156.95,19.58,15.5913,13.7114,0.7309,0.5103
2024-01-17,123.92,1577.0,,27.8262,2.3561,0.411,65.77,32.44,145.1676,,1.389,0.5605,99.02,29.19,47.678,5.0777,2.5584,0.6344,12.68,33.7,11.5741,31.982,0.386,0.1843,152.24,19.22,15.1234,13.4593,0.5587,0.494
2024-01-18,131.5,1610.87,,28.4238,2.5477,0.4811,69.89,33.26,154.2613,,2.728,0.7327,109.83,29.58,52.883,5.1456,4.9453,0.6278,13.71,34.7,12.5143,32.931,1.1196,0.3059,154.61,19.49,15.3588,13.6484,0.7902,0.9865
2024-01-19,131.68,1635.0,,28.8496,1.8588,0.3692,69.83,33.44,154.1289,,1.7838,0.6127,111.0,29.73,53.4463,5.1717,4.2518,0.4695,14.2,35.0,12.9615,33.2157,1.0042,0.2696,154.9,19.47,15.3876,13.6344,0.6828,0.608
2024-01-22,129.0,1642.0,,28.9731,2.1717,0.3737,70.39,32.9,155.3649,,2.3407,0.7445,111.6,30.25,53.7352,5.2039,4.3608,0.7512,14.4,35.2,13.1441,33.4056,1.0821,0.2636,155.66,19.13,15.4631,13.3963,1.0395,0.8661
2024-01-23,134.72,1619.0,,28.5673,2.2389,0.2773,73.1,32.77,161.3464,,2.4998,0.4685,114.0,29.99,54.8908,5.1592,3.9665,0.4295,14.5,35.16,13.2354,33.3676,0.8306,0.2151,153.91,19.78,15.2893,13.8515,0.8295,1.0143
2024-01-24,131.6,1626.0,,28.6908,1.9688,0.2644,72.9,33.52,160.905,,2.0572,0.6508,113.7,30.09,54.7463,5.1764,3.593,0.4726,14.5,35.63,13.2354,33.8136,0.7142,0.2236,153.48,20.52,15.2466,15.4484,0.6386,1.2792
2024-01-25,132.81,1638.0,,28.9025,1.7365,0.2484,73.2,34.2,161.5672,,2.0476,0.9297,118.35,30.9,56.9853,5.3157,3.959,0.5984,15.08,35.82,13.7648,33.9939,0.8344,0.1781,155.0,20.56,15.3976,15.4785,0.7569,1.3573
2024-01-26,126.49,1637.32,,28.8905,1.502,0.2146,70.63,34.34,155.8946,,1.6838,0.8381,115.96,31.12,55.8345,5.3536,3.0945,0.4896,14.41,35.68,13.1532,33.8611,0.7087,0.1754,150.0,20.83,14.9009,15.6818,0.6979,1.3043
2024-01-29,127.2,1650.0,,29.1143,2.0985,0.2501,70.0,35.18,154.5041,,2.3672,1.2128,103.82,31.35,49.9891,5.3931,5.6859,0.4066,13.59,35.1,12.4047,33.3106,0.6148,0.1604,147.02,20.58,14.6048,15.4936,0.5589,0.7861
2024-01-30,116.9,1613.0,,28.4614,1.8049,0.2457,65.35,33.92,144.2406,,2.2119,0.7882,101.2,31.0,48.7276,5.3329,2.8521,0.3607,13.5,34.99,12.3226,33.2063,0.3812,0.1816,140.75,20.44,13.982,15.3882,0.8403,0.7923
2024-01-31,110.0,1604.91,,28.3186,1.6983,0.236,66.27,33.1,146.2712,,2.0691,0.6421,102.8,30.71,49.498,5.283,3.7722,0.3921,13.31,33.93,12.1492,32.2003,0.446,0.1836,151.59,20.5,15.0588,15.4334,1.5282,0.6978
2024-02-01,116.49,1610.03,,28.409,2.1832,0.2108,68.9,33.34,152.0762,,2.2552,0.4788,111.05,30.42,53.4704,5.2331,4.6803,0.4167,14.56,34.4,13.2901,32.6463,0.9067,0.178,149.02,20.44,14.8035,15.3882,0.7181,0.6731
2024-02-02,108.49,1596.0,,28.1614,2.1877,0.3135,68.32,33.08,150.796,,2.1413,0.6473,109.85,30.23,52.8926,5.2004,3.7267,0.4786,13.92,34.64,12.706,32.8741,0.8034,0.1906,146.0,20.18,14.5035,15.1925,0.7884,0.8993
2024-02-05,103.03,1630.01,,28.7615,2.661,0.4229,69.7,32.73,153.8419,,2.6006,0.7312,112.0,30.71,53.9278,5.283,4.8726,0.5158,14.77,35.1,13.4818,33.3106,1.1223,0.2792,151.94,20.18,15.0936,15.1925,1.2101,0.8771
2024-02-06,111.2,1676.0,,29.573,2.4249,0.4177,76.3,34.27,168.4095,,2.9625,0.7548,124.88,31.33,60.1295,5.3897,4.7316,0.5149,15.53,36.79,14.1755,34.9145,1.1771,0.3254,158.33,21.14,15.7284,15.9152,1.1232,1.0647
2024-02-07,110.88,1710.99,,30.1904,1.9445,0.4187,75.75,34.65,167.1955,,2.4791,0.7806,124.61,31.31,59.9995,5.3862,3.6068,0.5383,15.3,37.53,13.9656,35.6168,0.8762,0.3072,159.6,21.18,15.8545,15.9453,0.9399,0.9869
2024-02-08,115.4,1706.0,,30.1024,1.8666,0.3722,76.72,35.3,169.3365,,2.4829,0.9407,127.0,31.4,61.1503,5.4017,4.7443,0.4232,15.7,37.36,14.3307,35.4554,0.9432,0.2355,162.84,21.25,16.1764,15.998,0.7934,0.888
2024-02-19,134.03,1695.43,,29.9159,2.7887,0.2944,86.0,35.26,189.8193,,4.0623,0.7095,152.4,31.62,73.3803,5.4396,5.5437,0.4244,17.27,37.78,15.7638,35.854,1.0025,0.2524,160.09,20.85,15.9032,15.6969,0.6956,0.8377
2024-02-20,129.3,1670.0,,29.4672,2.3127,0.2744,82.39,35.03,181.8513,,2.8046,0.4406,159.5,31.4,76.799,5.4017,5.9767,0.294,18.49,37.81,16.8774,35.8825,1.5393,0.174,158.33,20.99,15.7284,15.8023,0.5698,0.7818
2024-02-21,127.3,1717.66,,30.3081,1.9712,0.3674,79.76,35.54,176.0464,,2.7757,0.8101,149.96,33.0,72.2055,5.677,6.0172,0.741,17.55,39.6,16.0194,37.5812,1.2533,0.47,161.2,21.38,16.0135,16.0959,0.662,1.1324
2024-02-22,139.88,1718.38,,30.3208,2.9706,0.1814,82.83,35.45,182.8225,,3.2638,0.5064,154.51,32.8,74.3963,5.6426,5.592,0.3649,18.19,41.28,16.6036,39.1756,1.3073,0.3523,160.35,21.73,15.929,16.3594,0.538,0.9625
2024-02-23,141.83,1714.09,,30.2451,2.1845,0.2174,81.4,35.3,149.8692,,2.9985,0.427,147.73,32.95,71.1317,5.6684,6.5361,0.3102,18.17,41.48,16.5853,39.3654,1.128,0.2719,160.5,21.52,15.9439,16.2013,0.5396,0.684
2024-02-26,151.26,1694.98,,29.9079,2.5485,0.2175,82.15,34.85,151.2501,,2.9087,0.6434,149.03,32.25,71.7577,5.5479,4.4378,0.323,17.67,40.22,16.1289,38.1696,0.8912,0.2452,156.0,21.34,15.4969,16.0658,0.926,0.5687
2024-02-27,168.14,1689.5,,29.8112,3.1667,0.1758,88.0,35.0,162.0208,,4.2966,0.5083,161.94,32.18,77.9738,5.5359,6.016,0.2635,19.33,40.29,17.6441,38.2361,1.4438,0.1706,157.83,21.46,15.6787,16.1561,0.7456,0.7129
2024-02-28,158.1,1681.55,,29.671,3.4389,0.2537,83.28,34.86,153.3306,,3.9531,0.7898,149.81,32.02,72.1333,5.5084,5.3466,0.3314,18.2,40.41,16.6127,38.35,1.1062,0.2275,157.01,21.0,15.5972,15.8098,1.0294,1.0319
2024-02-29,168.66,1695.0,,29.9083,2.9638,0.1971,85.12,35.18,156.7183,,3.858,0.691,155.16,32.04,57.1148,5.5118,4.9066,0.2419,18.69,40.66,17.06,38.5872,0.9201,0.157,163.51,21.3,16.2429,16.0356,1.0056,0.848
2024-03-01,170.0,1685.06,,29.7329,2.5057,0.2139,87.49,34.93,161.0818,,3.6053,0.6706,161.1,31.94,59.3014,5.4946,5.0414,0.2071,20.02,40.39,18.274,38.331,1.2509,0.174,164.55,21.32,16.3463,16.0507,0.7215,0.6369
2024-03-04,177.4,1676.3,,29.5783,2.555,0.2108,86.28,35.68,158.854,93.8304,3.751,0.9623,165.66,31.52,60.9799,5.4224,5.399,0.2867,22.02,39.96,20.0995,37.9229,1.3521,0.1599,163.9,21.16,16.2817,15.9302,0.6883,0.5197
2024-03-05,175.0,1695.1,,29.91,3.5467,0.2885,86.3,35.38,158.8909,93.0415,4.4978,0.6817,169.16,32.18,62.2683,5.5359,6.2547,0.4334,22.75,40.94,20.7659,38.8529,1.5617,0.2144,164.65,21.18,16.3562,15.9453,0.7073,0.6954
2024-03-06,170.25,1680.55,,29.6533,2.3773,0.1763,84.42,35.32,155.4295,92.8837,3.0889,0.4246,167.28,31.87,61.5762,5.4826,4.0533,0.2502,22.01,40.0,20.0904,37.9609,1.1609,0.1501,163.64,21.1,16.2559,15.8851,0.4806,0.5758
2024-03-07,164.76,1683.63,,29.7077,2.6082,0.1719,80.9,34.92,148.9487,91.8318,3.3738,0.5682,164.14,32.0,60.4204,5.5049,4.0481,0.2518,22.61,39.36,20.6381,37.3535,1.3627,0.1572,160.15,20.81,15.9092,15.6667,0.5686,0.7852
2024-03-08,171.18,1671.43,,29.4924,2.3396,0.1764,82.3,34.86,151.5263,91.674,3.1809,0.431,174.99,31.67,64.4143,5.4482,4.8592,0.2138,24.87,39.12,22.701,37.1257,1.4405,0.1087,158.0,20.8,15.6956,15.6592,0.5191,0.4095
2024-03-11,179.71,1694.49,,29.8993,2.9023,0.238,83.81,35.08,154.3064,92.2525,3.1177,0.4188,170.6,31.48,62.7983,5.4155,4.5536,0.358,25.82,40.0,23.5681,37.9609,1.6938,0.1601,180.85,21.19,17.9655,15.9528,1.9599,0.6672
2024-03-12,169.82,1745.0,,30.7905,2.9468,0.4317,80.0,36.05,147.2916,94.8034,3.3618,1.1543,164.85,31.95,60.6817,5.4963,4.8241,0.3729,24.8,42.17,22.6371,40.0202,1.5756,0.3509,185.84,21.4,18.4612,16.1109,1.5961,0.7222
2024-03-13,171.5,1727.45,,30.4809,2.4698,0.211,79.7,36.02,146.7393,94.7245,2.6691,0.5682,165.0,31.52,60.737,5.4224,4.2346,0.2275,24.35,41.73,22.2263,39.6027,2.4807,0.2092,185.18,21.07,18.3956,15.8625,0.8934,0.5591
2024-03-14,172.5,1716.63,,30.2899,2.2612,0.1545,80.75,37.1,148.6725,97.5647,2.3941,1.3342,169.53,31.25,62.4045,5.3759,4.1458,0.2463,22.85,41.22,21.5726,39.1187,2.776,0.1139,183.81,20.8,18.2595,15.6592,0.784,0.5939
2024-03-15,171.45,1717.49,,30.3051,2.0561,0.142,80.7,37.16,148.5804,97.7225,2.4651,0.7474,177.36,31.18,65.2867,5.3639,5.1951,0.2525,23.08,41.0,21.7897,38.9099,1.8065,0.1489,181.0,20.87,17.9804,15.7119,0.911,0.5356
2024-03-18,195.03,1708.26,,30.1422,4.1002,0.2074,83.19,37.65,153.1649,99.011,3.7048,0.6914,179.99,31.13,66.2548,5.3553,4.3979,0.2239,25.01,41.15,23.6118,39.0522,2.1417,0.1478,190.96,21.26,19.0394,16.0055,1.2402,0.9033
2024-03-19,186.41,1708.02,,30.138,2.7592,0.1906,80.65,37.12,148.4884,97.6173,2.4512,0.5216,173.81,30.8,63.9799,5.2985,4.4357,0.2652,25.51,40.71,24.0839,38.6347,1.9115,0.1267,187.25,20.83,18.6695,15.6818,0.6921,0.6375
2024-03-20,185.26,1709.6,,30.1659,2.0134,0.1214,80.19,36.87,147.6415,96.9598,1.753,0.4086,168.96,31.18,62.1946,5.3639,4.2866,0.2415,25.08,40.58,23.6779,38.5113,1.507,0.0917,189.48,20.84,18.8918,15.6893,0.54,0.4218
2024-03-21,180.21,1709.0,,30.1553,2.2283,0.1321,79.22,36.51,145.8555,96.0131,1.8935,0.5427,167.68,31.55,61.7235,5.4275,3.376,0.3135,24.99,40.78,23.5929,38.7011,1.3597,0.1239,189.08,20.83,18.8519,15.6818,0.4816,0.5987
2024-03-22,181.31,1701.35,,30.0203,2.1582,0.2026,80.12,36.4,147.5126,95.7238,2.2468,0.5382,167.68,31.2,61.7235,5.3673,3.0146,0.268,24.43,39.83,23.0642,37.7995,1.3127,0.169,186.51,20.5,18.5957,15.4334,0.4905,0.6741
2024-03-25,182.88,1689.01,,29.8026,2.8229,0.1948,80.5,36.46,148.2122,95.8816,2.8234,0.4139,166.51,31.35,61.2928,5.3931,2.9773,0.2345,23.91,39.63,22.5733,37.6097,1.1796,0.1093,184.8,19.5,18.4252,14.6805,0.4214,1.5833
2024-03-26,172.6,1709.29,,30.1604,2.3392,0.2234,76.29,35.91,140.461,94.4352,2.9357,0.5854,158.5,32.4,58.3443,5.5738,6.2016,0.6032,23.73,41.0,22.4034,38.9099,1.242,0.1561,191.8,19.6,19.1231,14.7558,0.7766,0.6721
2024-03-27,169.17,1701.0,,30.0141,1.7606,0.1442,75.23,35.01,138.5094,92.0684,1.8986,0.6081,154.2,32.3,56.7614,5.5565,3.877,0.3791,22.41,40.05,21.1572,38.0083,1.1981,0.1276,188.0,19.35,18.7443,14.5421,0.5301,0.6051
2024-03-28,178.66,1701.64,,30.0254,2.4784,0.1962,76.79,35.66,141.3816,93.7778,2.0489,0.5388,154.69,32.18,56.9418,5.5359,3.5098,0.3368,23.45,39.58,22.139,37.5623,1.3897,0.2273,188.78,19.31,18.822,14.512,0.5144,0.9123
2024-03-29,173.46,1702.9,,30.0477,2.0196,0.1071,77.26,36.26,142.2469,95.3557,1.2182,0.5341,156.56,32.2,57.6302,5.5393,2.229,0.2492,22.77,39.41,21.497,37.4009,0.8538,0.0718,190.16,19.2,18.9596,14.4293,0.4227,0.763
2024-04-01,174.58,1721.33,,30.3729,1.7362,0.216,78.48,36.65,144.4931,97.6424,1.5023,0.478,163.0,32.64,60.0008,5.615,2.905,0.2764,23.31,39.79,22.0069,37.7616,0.8568,0.1442,197.84,19.41,19.7253,14.5872,0.7064,0.798
2024-04-02,170.88,1713.99,,30.2434,1.4122,0.2026,77.26,36.74,142.2469,97.8822,1.4465,0.5717,162.55,32.55,59.8351,5.5996,2.5934,0.2601,22.9,38.79,21.6198,36.8125,0.7757,0.1764,199.7,19.31,19.9108,14.512,0.6172,0.6058
2024-04-03,162.1,1715.11,,28.8291,2.3112,0.2312,74.5,36.73,137.1653,97.8555,1.9257,0.4445,156.1,32.23,57.4608,5.5445,2.2168,0.2414,21.92,38.55,20.6947,36.5848,0.8918,0.1168,197.65,19.16,19.7064,14.3993,0.6031,0.4671
2024-04-08,158.97,1666.66,,28.0147,1.1909,0.471,74.01,36.22,136.2632,96.4968,1.2027,0.5116,164.56,32.4,60.575,5.5738,3.4556,0.2314,22.0,37.87,20.7702,35.9394,0.617,0.1502,194.6,18.92,19.4023,14.2189,0.4867,0.6375
2024-04-09,157.56,1662.22,,27.9401,1.4028,0.2037,75.79,36.0,139.5404,95.9107,1.3996,0.5675,164.9,32.31,60.7001,5.5583,2.2712,0.1865,21.89,37.94,20.6663,36.0059,0.6919,0.1452,196.0,18.93,19.5419,14.2264,0.3741,0.3948
2024-04-10,150.09,1647.98,,27.7007,1.4791,0.22,73.55,35.93,135.4162,95.7242,1.2091,0.3931,159.5,32.49,58.7124,5.5892,2.2459,0.2443,21.1,37.4,19.9205,35.4934,0.6234,0.1158,192.74,18.41,19.2168,13.8356,0.4612,0.8586
2024-04-11,156.18,1648.0,,27.7011,1.8894,0.1812,74.01,35.96,136.2632,95.8041,1.5018,0.3134,160.15,32.3,58.9517,5.5565,1.9843,0.2151,21.25,36.89,20.0621,35.0094,0.6834,0.1281,192.6,18.34,19.2029,13.783,0.4954,0.5391
2024-04-12,160.2,1634.03,,27.4663,1.7927,0.2129,77.99,35.45,143.5071,94.4454,3.6521,0.4453,169.33,32.12,62.3308,5.5256,4.0969,0.2318,22.26,36.16,21.0156,34.3166,1.2826,0.1742,188.39,17.94,18.7831,13.4824,0.4269,0.9304
2024-04-15,153.61,1672.98,,28.121,1.7951,0.2851,78.66,36.57,144.74,97.4292,2.2348,0.6651,169.5,32.83,62.3934,5.6477,2.3913,0.3707,22.24,36.85,20.9968,34.9714,0.7527,0.1728,197.14,17.74,19.6555,13.3321,0.7843,1.5828
2024-04-16,144.9,1670.0,,28.0709,1.8344,0.2091,77.85,36.41,143.2495,97.003,1.6545,0.7175,166.36,32.75,61.2376,5.634,2.5051,0.3595,21.81,36.54,20.5908,34.6772,0.6271,0.2057,197.15,17.63,19.3549,13.2494,0.7092,1.099
2024-04-17,150.1,1667.0,,28.0204,2.0694,0.1976,80.04,36.83,147.2793,98.1219,2.2308,0.4919,174.61,33.3,64.2744,5.7286,2.8597,0.4597,22.5,37.27,21.2422,35.37,1.033,0.1595,195.99,18.1,19.241,13.6027,0.5551,1.0605
2024-04-18,150.1,1670.78,,28.084,1.9171,0.2115,79.3,36.78,145.9176,97.9887,1.9141,0.5914,173.38,33.65,63.8217,5.7888,2.1879,0.4879,22.9,37.68,21.6199,35.7591,1.1729,0.1932,195.56,18.21,19.1988,13.6853,0.5017,1.1871
2024-04-19,141.41,1646.64,,27.6782,1.684,0.1871,75.5,36.3,138.9253,96.7099,1.9689,0.4977,170.7,33.62,62.8351,5.7836,2.8596,0.262,22.05,37.19,20.8174,35.2941,0.9508,0.1303,190.8,18.13,18.7315,13.6252,0.4748,0.6882
2024-04-22,138.25,1675.06,,28.1559,1.5746,0.2384,73.35,36.78,134.9692,97.9887,1.796,0.4419,158.36,33.34,43.3485,5.7355,4.665,0.2945,20.84,38.0,19.675,36.0628,0.8688,0.1639,190.6,18.28,18.7118,13.7379,0.3877,0.6859
2024-04-23,139.24,1692.28,,28.4454,1.0373,0.1989,71.62,36.45,131.7859,97.1095,1.4831,0.4722,157.51,33.38,43.1158,5.7423,3.2153,0.2484,20.59,37.97,19.439,36.0343,0.5246,0.1132,189.93,18.27,18.6461,13.7304,0.2853,0.5856
2024-04-24,153.19,1693.6,,28.4676,2.3421,0.136,75.29,36.48,138.5389,97.1895,2.0789,0.3862,168.27,33.46,46.0612,5.7561,3.6887,0.2149,22.24,37.71,20.9968,35.7876,1.1281,0.1063,189.6,18.27,18.6137,13.7304,0.3891,0.4826
2024-04-25,150.0,1693.04,,28.4581,1.0867,0.1152,74.7,36.99,137.4533,98.5482,1.0139,0.6285,164.15,34.4,44.9334,5.9178,2.2273,0.4457,22.19,38.06,20.9496,36.1198,0.6047,0.1135,193.2,18.18,18.9671,13.6628,0.4215,0.4546
2024-04-26,161.99,1709.43,,28.7336,2.3002,0.2467,79.16,37.5,140.2054,99.9069,2.6767,0.7434,184.86,34.48,50.6024,5.9316,5.4318,0.4629,24.41,38.84,23.0455,36.86,1.7784,0.1843,198.48,19.16,19.4854,14.3993,0.5774,1.9845
2024-04-29,171.01,1704.0,,27.4415,2.6914,0.329,79.92,37.63,141.5515,100.2533,2.3126,0.945,187.7,34.88,51.3798,6.0004,3.3367,0.3966,24.52,39.57,23.1493,37.7419,1.2941,0.268,209.63,19.38,20.5801,14.9114,1.1262,1.6598
2024-04-30,171.39,1705.0,,27.4576,1.8552,0.2449,79.25,37.64,140.3648,66.0013,1.3719,1.1934,186.31,34.31,50.9993,5.9332,2.2164,0.4208,24.5,39.26,22.0245,37.4462,1.1623,0.1436,202.6,19.01,19.8899,14.6267,0.5503,0.8995
2024-05-06,164.72,1760.2,,28.3466,2.0488,0.4769,79.24,37.46,140.3471,65.6857,1.2889,0.9022,183.22,34.88,50.1535,6.0317,2.6546,0.4851,24.82,39.68,22.3122,37.8468,0.8647,0.2022,206.98,19.21,20.3199,14.7806,0.6958,0.9487
2024-05-07,160.4,1770.0,,28.5044,1.9422,0.1984,76.58,37.3,135.6358,65.4051,2.213,0.618,176.79,34.87,48.3934,6.03,4.1234,0.2297,25.38,39.73,22.8156,37.8945,1.2146,0.1482,206.88,19.12,20.3101,14.7114,0.3384,0.5805
2024-05-08,160.2,1763.97,,28.4073,1.3189,0.1176,76.36,37.17,135.2462,65.1772,1.3015,0.3116,174.8,34.57,47.8486,5.9781,2.1468,0.2001,24.46,39.09,21.9885,37.2841,0.7118,0.1332,203.23,18.78,19.9518,14.4498,0.3192,0.6889
2024-05-09,178.11,1756.0,,28.2789,3.3021,0.1782,76.56,37.19,135.6004,65.2122,1.8196,0.4005,173.18,34.84,47.4052,6.0248,2.4325,0.2484,24.22,38.93,21.7728,37.1315,0.7227,0.1756,209.4,18.91,20.5575,14.5498,0.5628,0.6534
2024-05-10,170.36,1738.98,,28.0048,2.0713,0.2086,72.9,36.99,129.1179,64.8615,2.1853,0.4372,171.2,35.62,46.8632,6.1597,2.0472,0.4558,23.92,38.85,21.5031,37.0552,0.4914,0.1255,203.5,19.06,19.9783,14.6652,0.5854,0.7969
2024-05-13,166.25,1706.0,,27.4737,1.2853,0.2998,72.02,36.94,127.5593,64.7739,1.7651,0.3791,171.55,35.91,46.959,6.2099,2.2263,0.3625,24.0,38.64,21.575,36.8549,0.5103,0.1128,199.35,18.98,19.5709,14.6037,0.5699,0.7163
2024-05-14,169.96,1701.98,,27.409,2.0237,0.1694,71.7,36.84,126.9925,64.5985,1.563,0.2987,165.43,35.34,45.2838,6.1113,2.8678,0.3334,23.8,38.3,21.3952,36.5306,0.5782,0.1515,199.01,19.01,19.5375,14.6267,0.2746,0.5886
2024-05-15,174.05,1700.0,,27.3771,2.0742,0.1253,71.18,36.3,126.0715,63.6516,1.1062,0.529,166.77,35.05,45.6506,6.0611,2.059,0.3272,24.3,37.9,21.8447,36.1491,0.7184,0.0969,197.89,18.75,19.4275,14.4267,0.3357,0.681
2024-05-16,181.66,1704.5,,27.4496,2.4056,0.2363,72.54,35.75,128.4803,62.6872,2.1967,0.6889,170.5,36.25,46.6716,6.2686,2.9048,0.6261,25.58,37.5,22.9954,35.7675,1.2158,0.178,199.67,18.78,19.6023,14.4498,0.3948,0.5323
2024-05-17,190.83,1715.0,,27.6187,2.3736,0.2302,73.87,36.39,130.836,63.8095,1.9809,0.5557,170.58,36.85,46.7138,6.3724,2.4907,0.4445,25.7,38.0,23.1032,36.2444,0.6995,0.1852,203.0,19.19,19.9292,14.7652,0.4749,0.8887
2024-05-20,195.93,1709.0,,27.522,2.7204,0.2502,73.87,36.8,130.836,64.5284,1.5814,0.5852,176.86,36.38,48.4336,6.2911,3.0308,0.4432,26.22,38.35,23.5707,36.5783,0.8648,0.2339,203.45,19.29,19.9734,14.8422,0.5114,1.1662
2024-05-21,187.0,1705.0,,27.4576,2.2349,0.1297,72.02,36.24,127.5593,63.5464,1.4343,0.4674,177.43,36.24,48.5897,6.2669,1.6646,0.2162,25.72,38.96,23.1212,37.1601,0.5632,0.1473,201.56,19.24,19.7878,14.8037,0.3157,0.4974
2024-05-22,188.99,1697.71,,27.3402,1.5436,0.1615,72.51,36.44,128.4272,63.8971,1.4215,0.2784,173.17,36.06,47.4231,6.2358,1.7441,0.3221,25.43,37.91,22.8605,36.1586,0.4975,0.2429,204.89,19.31,20.1147,14.8576,0.6479,0.5673
2024-05-23,183.7,1692.01,,27.2484,1.5748,0.1503,71.32,35.79,126.3195,62.7574,1.1768,0.4293,173.79,35.5,47.5929,6.139,2.7731,0.4482,25.62,37.09,23.0313,35.3765,0.9168,0.1976,204.34,18.87,20.0607,14.519,0.4533,0.7594
2024-05-24,171.9,1677.08,,27.008,2.6731,0.1609,67.68,35.73,119.8724,62.6521,2.2728,0.3311,165.39,34.74,45.4257,6.0075,3.4138,0.422,24.15,36.01,21.7099,34.3464,1.0341,0.3214,200.98,18.59,19.7309,14.3036,0.3982,0.6391
2024-05-27,175.99,1670.12,,26.8959,2.356,0.1998,70.66,35.78,125.1505,62.7398,2.0412,0.2368,168.39,35.14,46.2497,6.0767,2.0826,0.2768,24.86,36.21,22.3481,34.5371,0.7391,0.2069,200.01,18.73,19.6357,14.4113,0.4201,0.5135
2024-05-28,172.25,1664.64,,26.8077,1.9424,0.1872,70.38,35.18,124.6546,61.6877,1.8899,0.4207,161.01,34.83,44.2227,6.0231,3.0855,0.2308,24.12,35.81,21.6829,34.1556,0.4969,0.1322,197.8,18.62,19.4187,14.3267,0.3258,0.4143
2024-05-29,172.0,1674.0,,26.9584,1.3852,0.1564,69.54,35.23,123.1668,61.7754,1.225,0.2668,161.0,34.57,44.22,5.9781,1.9697,0.238,24.21,36.0,21.7638,34.3368,0.4551,0.1041,198.79,18.65,19.5159,14.3497,0.3425,0.3341
2024-05-30,172.53,1649.0,,26.5558,1.2577,0.2564,69.51,35.14,123.1137,61.6176,1.2488,0.2322,159.97,34.34,43.9371,5.9384,1.367,0.2711,23.94,36.12,21.5211,34.4513,0.358,0.1359,199.35,18.56,19.5709,14.2805,0.3282,0.4183
2024-05-31,174.79,1648.45,,26.5469,1.7061,0.174,71.3,34.75,126.2841,60.9337,1.4022,0.4956,157.27,34.28,43.1955,5.928,1.8654,0.2467,22.91,35.8,20.5951,34.1461,0.7014,0.1414,197.76,18.62,19.4148,14.3267,0.3545,0.4571
2024-06-03,180.99,1639.39,,26.401,1.7998,0.2409,71.11,34.57,125.9475,60.6181,1.458,0.4695,168.35,34.15,46.2387,5.9055,3.5561,0.2948,23.87,35.6,21.4581,33.9553,0.7845,0.1499,202.5,18.43,19.8801,14.1805,0.4806,0.5155
2024-06-04,179.57,1653.2,,26.6234,1.1418,0.1659,71.54,34.49,126.7091,60.4778,1.1055,0.4752,173.0,34.54,47.5159,5.9729,2.5498,0.2588,23.79,36.03,21.3862,34.3654,0.414,0.1358,205.97,18.56,20.2208,14.2805,0.4548,0.428
2024-06-05,180.1,1644.0,,26.4753,1.39,0.1517,70.87,34.63,125.5225,60.7233,1.1235,0.3886,166.96,33.99,45.8569,5.8778,1.7598,0.335,23.7,36.02,21.3053,34.3559,0.3695,0.1135,204.12,18.54,20.0391,14.2651,0.3024,0.3971
2024-06-06,173.37,1639.81,,26.4078,2.0802,0.2039,69.3,34.1,122.7417,59.794,1.6627,0.4174,125.42,34.0,47.945,5.8796,3.6336,0.3283,26.07,35.74,23.4359,34.0888,1.5021,0.1431,204.79,18.49,20.1049,14.2266,0.3187,0.5211
2024-06-07,181.0,1619.18,,26.0756,1.9895,0.2669,68.14,34.2,120.6872,59.9693,1.583,0.5659,119.51,33.99,45.6858,5.8778,2.8315,0.3288,24.53,35.46,22.0515,33.8218,1.4908,0.1407,193.2,18.38,18.9671,14.142,1.3271,0.5029
2024-06-11,190.41,1569.0,,25.2675,2.3895,0.5592,71.42,34.27,126.4966,60.0921,2.0032,0.2685,119.01,33.36,45.4946,5.7689,1.7902,0.3347,24.21,35.35,21.7638,33.7169,0.8119,0.1091,188.77,18.34,18.5322,14.1112,1.0802,0.3983
2024-06-12,189.8,1571.68,,25.3106,1.2814,0.2641,70.94,33.8,125.6464,59.2679,1.3119,0.4255,119.21,33.09,45.5711,5.7222,1.4901,0.2479,24.37,35.53,21.9076,33.8885,0.9752,0.1202,185.6,18.28,18.221,14.0651,0.5215,0.3659
2024-06-13,195.53,1555.01,,25.0422,2.2751,0.2881,71.94,33.19,127.4176,58.1983,2.0211,0.595,123.7,32.82,47.2875,5.6755,2.7454,0.2667,25.9,35.41,23.283,33.7741,1.2009,0.104,185.18,18.26,18.1797,14.0497,0.5679,0.4061
2024-06-14,200.01,1555.0,,25.042,1.9718,0.4738,73.14,33.38,129.543,58.5315,2.135,0.4056,138.3,33.81,52.8687,5.8467,5.2601,0.4807,27.23,35.94,24.4786,34.2796,1.1518,0.1877,184.89,18.63,18.1513,14.3344,0.9547,1.066
2024-06-17,210.99,1541.5,,24.8246,2.5497,0.3846,73.56,33.52,130.2869,58.7769,1.8969,0.2659,142.51,33.73,54.4781,5.8329,3.3904,0.2219,27.51,35.96,24.7304,34.2987,1.0305,0.1209,188.2,18.66,18.4762,14.3574,0.6914,0.5247
2024-06-18,209.1,1521.5,,24.5025,2.0562,0.3284,74.63,34.13,132.182,59.8466,2.0771,0.3742,146.91,33.71,56.1601,5.8294,3.0884,0.2199,28.62,36.02,25.7282,34.3559,1.0356,0.1218,190.33,18.71,18.6853,14.3959,0.4019,0.5056
2024-06-19,217.31,1501.0,,24.1724,2.3392,0.3285,75.32,33.75,133.4041,59.1802,1.6123,0.2416,146.0,34.15,55.8123,5.9055,2.2086,0.284,28.47,35.02,25.5934,33.4021,0.7171,0.1092,189.01,18.53,18.5548,14.2574,0.2761,0.4077
2024-06-20,214.74,1500.1,,24.1579,1.9195,0.1967,74.9,33.03,132.6603,57.9177,1.7491,0.2914,144.7,34.01,55.3153,5.8813,1.8678,0.1903,28.61,34.67,25.7192,33.0683,0.5261,0.1097,187.99,18.38,18.4546,14.142,0.2969,0.3723
2024-06-21,215.29,1471.0,,23.6893,1.5838,0.3448,76.74,32.7,135.9192,57.3391,2.7009,0.4453,143.0,33.7,54.6654,5.8277,2.1238,0.254,28.47,34.35,25.5934,32.7631,0.6208,0.1938,185.16,18.44,18.1768,14.1882,0.4742,0.5315
2024-06-24,206.31,1476.55,,23.7786,1.9895,0.5082,73.62,32.33,130.3932,56.6903,1.9287,0.3844,140.21,34.07,53.5989,5.8917,1.8339,0.3357,27.55,35.38,24.7663,33.7455,0.5711,0.3068,186.98,18.42,18.3555,14.1728,0.4631,0.4573
2024-06-25,197.2,1486.65,,23.9413,2.1724,0.3351,71.16,32.02,126.0361,56.1467,1.9059,0.3962,134.9,34.3,51.569,5.9314,2.3706,0.3094,26.44,35.26,23.7685,33.631,0.6632,0.16,186.32,18.12,18.2907,13.942,0.3701,0.6591
2024-06-26,202.97,1489.22,,23.9827,1.9213,0.2354,72.65,32.32,128.6751,56.6728,1.5842,0.3191,140.0,34.06,53.5186,5.8899,2.3867,0.2194,27.17,34.93,24.4247,33.3163,0.6032,0.1935,185.51,18.4,18.2112,14.1574,0.2691,0.4488
2024-06-27,198.61,1490.49,,24.0031,1.2596,0.2613,71.05,32.0,125.8413,56.1116,1.1313,0.2249,136.14,34.26,52.043,5.9245,1.5512,0.2691,26.81,34.88,24.1011,33.2686,0.5321,0.1491,185.0,18.4,18.1611,14.1574,0.3249,0.4764
2024-06-28,198.67,1467.39,,23.6311,1.7662,0.3071,70.32,32.25,124.5483,56.55,1.1289,0.3344,137.88,34.19,52.7082,5.9124,2.0459,0.2549,27.4,34.47,24.6315,32.8775,0.5791,0.1562,180.03,18.23,17.6732,14.0266,0.4986,0.6223
2024-07-01,204.84,1440.38,,23.1961,1.5145,0.256,70.47,32.58,124.814,57.1287,0.9989,0.3052,144.9,34.36,55.3918,5.9418,2.6574,0.2289,28.0,34.4,25.1708,32.8108,0.5062,0.1209,176.07,18.2,17.2845,14.0035,0.6931,0.4102
2024-07-02,197.0,1490.7,,24.0065,1.5976,0.4128,71.04,32.7,125.8236,57.3391,1.0063,0.323,145.61,35.08,55.6632,6.0663,2.0504,0.4211,27.36,34.15,24.5955,32.5723,0.4541,0.1563,176.08,18.19,17.2854,13.9958,0.3701,0.3521
2024-07-03,195.5,1500.0,,24.1563,1.6739,0.2513,71.2,33.59,126.1069,58.8997,1.0501,0.7897,143.5,34.46,54.8566,5.9591,1.355,0.3351,27.38,34.15,24.6178,32.5723,0.3727,0.133,179.5,18.38,17.6212,14.142,0.4161,0.3821
2024-07-04,193.46,1485.74,,23.9266,0.9449,0.1941,68.92,33.0,122.0687,57.8651,1.2455,0.4815,143.01,34.71,54.6693,6.0023,1.5485,0.3378,27.27,34.22,24.5189,32.6391,0.3981,0.1826,179.6,18.04,17.631,13.8804,0.3039,0.4576
2024-07-05,192.8,1453.0,,23.3994,1.2749,0.3091,71.5,32.92,126.6383,57.7248,1.9781,0.3651,141.5,33.88,54.092,5.8588,1.6168,0.4691,27.08,33.71,24.3481,32.1526,0.4438,0.1795,177.62,17.81,17.4366,13.7034,0.3472,0.6922
2024-07-08,192.5,1420.0,,22.8679,1.0161,0.3147,70.98,32.46,125.7173,56.9182,0.999,0.305,144.39,33.99,55.1968,5.8778,1.8267,0.2645,26.96,33.34,24.2402,31.7997,0.3219,0.1218,175.91,17.5,17.2688,13.4649,0.2775,0.5298
2024-07-09,207.34,1438.03,,23.1583,1.9243,0.2676,73.11,33.8,129.4899,59.2679,1.8117,0.8948,154.33,34.47,58.9966,5.9608,2.7791,0.3011,29.0,33.84,26.0744,32.2766,0.8031,0.1629,175.77,17.86,17.255,13.7419,0.4222,0.5643
2024-07-10,211.14,1437.59,,23.1512,1.3869,0.1892,72.82,33.97,128.9762,59.566,1.1136,0.6013,157.53,34.68,60.2199,5.9971,2.1183,0.3521,28.95,34.13,26.0295,32.5532,0.5163,0.1553,173.05,18.17,16.988,13.9804,0.4563,0.8072
2024-07-11,201.65,1462.09,,23.5458,1.961,0.231,72.99,34.58,129.2773,60.6356,1.6572,0.6395,153.26,32.9,58.5876,5.6893,2.6068,0.355,28.76,34.59,25.8586,32.992,0.6465,0.1811,177.01,18.32,17.3767,14.0958,0.5343,0.4911
2024-07-12,199.4,1478.82,,23.8152,1.0053,0.1862,70.59,34.62,125.0265,60.7058,1.6323,0.4615,150.12,34.0,57.3872,5.8796,1.7954,0.458,27.26,34.64,24.51,33.0397,0.6508,0.1154,179.8,18.36,17.6506,14.1266,0.502,0.3186
2024-07-15,208.2,1474.9,,23.7521,1.5559,0.1527,72.0,34.48,127.5239,60.4603,1.6386,0.3419,149.58,33.78,57.1808,5.8415,1.6079,0.2301,26.96,34.34,24.2402,32.7535,0.4265,0.0947,178.12,18.46,17.4857,14.2036,0.2945,0.4701
2024-07-16,249.84,1476.0,,23.7698,4.6346,0.1617,77.84,34.61,137.8675,60.6882,3.8335,0.3268,148.12,33.79,56.6227,5.8432,2.2594,0.2209,27.46,34.25,24.6898,32.6677,0.6385,0.122,179.3,18.73,17.6015,14.4113,0.3889,0.7473
2024-07-17,247.94,1501.4,,24.1788,2.9168,0.2731,76.62,35.15,135.7067,61.6351,2.2499,0.6527,141.71,34.07,54.1723,5.8917,2.5985,0.2802,25.95,35.1,23.3321,33.4784,0.685,0.2325,180.89,18.85,17.7576,14.5036,0.4773,0.737
2024-07-18,254.0,1497.51,,24.1162,3.6612,0.2298,75.36,35.05,133.475,61.4598,2.4066,0.4782,140.0,34.09,53.5186,5.8951,3.0286,0.2902,25.41,35.78,22.8466,34.127,0.8071,0.2681,188.35,18.97,18.49,14.596,0.8215,0.7778
2024-07-19,268.4,1525.62,,24.5689,3.717,0.31,78.22,35.62,138.5405,62.4593,3.1746,0.6801,134.98,34.25,51.5996,5.9228,2.0137,0.3927,24.66,36.27,22.1722,34.5944,0.5827,0.2403,189.44,19.39,18.597,14.9191,0.5353,1.3998
2024-07-22,265.22,1499.0,,24.1402,2.4861,0.2272,78.66,35.69,139.3198,62.582,2.388,0.594,134.6,33.34,51.4543,5.7654,1.8488,0.3918,24.91,35.7,22.397,34.0507,0.5251,0.1799,189.52,20.19,18.6048,15.5347,0.4408,3.2591
2024-07-23,248.46,1455.0,,23.4316,2.9198,0.2463,75.3,35.16,133.3687,61.6527,1.8934,0.4788,130.92,33.34,50.0475,5.7654,1.8169,0.2612,24.54,34.42,22.0644,32.8298,0.498,0.1812,186.2,19.2,18.2789,14.7729,0.3056,2.2621
2024-07-24,261.25,1440.02,,23.1903,3.1413,0.192,75.44,34.81,133.6167,61.0389,1.6733,0.4931,130.34,33.18,49.8258,5.7378,1.9834,0.2339,24.3,33.97,21.8486,32.4006,0.445,0.1367,186.32,18.88,18.2907,14.5267,0.3715,1.485
2024-07-25,255.8,1430.49,,23.0369,2.0688,0.2257,74.8,35.27,132.4831,61.8455,1.422,0.4283,122.27,32.83,46.7409,5.6772,3.0792,0.3694,23.2,34.25,20.8595,32.6677,0.6777,0.1287,187.73,19.02,18.4291,14.6344,0.5288,1.1492
2024-07-26,250.73,1422.19,,22.9032,1.9502,0.2576,74.31,35.08,131.6153,61.5124,1.2174,0.3684,124.25,32.37,47.4978,5.5977,2.0144,0.2916,23.5,34.33,21.1293,32.744,0.433,0.1183,189.35,19.26,18.5881,14.8191,0.5995,0.9979
2024-07-29,246.52,1398.02,,22.514,1.8971,0.2457,73.85,33.95,130.8005,59.5309,0.9336,0.9658,129.59,32.45,49.5391,5.6115,2.4196,0.2004,23.8,33.55,21.399,32.0,0.4919,0.1537,184.53,18.88,17.5433,14.5267,0.5485,0.8441
2024-07-30,244.4,1379.99,,22.2236,1.6855,0.4122,75.0,33.85,132.8374,59.3556,1.2381,0.3479,127.66,32.42,48.8013,5.6063,1.421,0.1894,22.85,33.6,20.5448,32.0477,0.6459,0.14,184.89,18.92,17.5776,14.5575,0.3267,0.6159
2024-07-31,264.06,1421.28,,22.8886,2.6012,0.3445,79.5,34.58,140.8076,60.6356,2.4324,0.5145,129.5,32.73,49.5047,5.6599,2.5215,0.2886,23.84,35.14,21.4353,33.5166,0.7567,0.2771,186.31,19.8,17.7126,15.2346,0.5109,1.9823
2024-08-01,258.0,1386.16,,22.323,2.1411,0.255,79.66,34.41,141.091,60.3375,1.9119,0.3378,129.9,32.71,49.6576,5.6565,2.5077,0.1983,23.97,34.61,21.5522,33.0111,0.7313,0.1336,180.3,19.58,17.1412,15.0653,0.5908,1.1124
2024-08-02,245.1,1385.45,,22.3115,2.3544,0.1746,77.97,34.33,138.0977,60.1973,1.4887,0.2562,118.98,32.28,45.4832,5.5821,3.403,0.1872,22.33,34.65,20.0776,33.0492,0.9162,0.0999,177.09,19.21,16.836,14.7806,0.3978,0.8596
2024-08-05,229.69,1410.01,,22.7071,2.8593,0.3004,73.81,34.72,130.7297,60.8811,2.084,0.7112,110.12,32.1,42.0962,5.551,4.2178,0.2833,20.42,34.9,17.9369,33.2877,1.1789,0.1914,177.0,19.12,16.8275,14.7114,0.4967,0.85
2024-08-06,233.46,1404.7,,22.6215,1.6374,0.2185,74.87,34.73,132.6071,60.8987,1.2348,0.454,114.48,31.7,43.7629,5.4818,2.992,0.2494,20.81,35.29,18.2795,33.6596,0.7198,0.1507,174.95,19.11,16.6326,14.7037,0.4049,0.6604
2024-08-07,229.5,1415.5,,22.7955,1.655,0.1642,71.64,34.42,126.8863,60.3551,1.4018,0.2075,113.32,31.58,43.3195,5.4611,1.8495,0.1894,20.4,35.03,17.9194,33.4116,0.5585,0.1036,173.67,18.97,16.5109,14.596,0.3275,0.5036
2024-08-08,229.54,1430.69,,23.0401,1.6278,0.2001,72.38,34.31,128.1969,60.1622,1.0568,0.2494,110.5,31.93,42.2415,5.5216,1.8325,0.1913,20.48,35.73,17.9896,34.0793,0.6608,0.1629,172.4,19.07,16.3901,14.6729,0.3764,0.5695
2024-08-09,246.96,1436.8,,22.4353,2.6721,0.2399,72.01,34.0,127.5416,59.6186,0.8937,0.238,112.53,32.33,43.0175,5.5908,2.2872,0.234,20.79,35.49,18.2619,33.8504,0.8694,0.1144,170.0,18.89,16.162,14.5344,0.3957,0.4751
2024-08-12,241.05,1436.1,,22.4244,1.3496,0.1085,73.7,33.9,130.5349,59.4433,1.0748,0.1794,113.35,32.12,43.331,5.5545,1.5711,0.1546,20.64,35.48,18.1302,33.8409,0.4666,0.0869,169.0,18.87,16.0669,14.519,0.4471,0.3965
2024-08-13,240.7,1423.01,,22.22,1.3006,0.1298,73.51,33.84,130.1983,59.3381,0.8557,0.2026,116.94,31.94,44.7033,5.5233,2.2837,0.1369,20.78,35.01,18.2531,33.3926,0.5105,0.0953,173.78,19.06,16.5213,14.6652,0.4978,0.4176
2024-08-14,241.68,1413.3,,22.0684,1.5892,0.1068,73.57,33.44,130.3046,58.6367,0.8422,0.2277,115.78,31.86,44.2599,5.5095,1.8495,0.1369,21.38,34.59,18.7802,32.992,1.0621,0.0783,172.21,18.85,16.3721,14.5036,0.2559,0.4091
2024-08-15,241.32,1426.89,,22.2806,1.1422,0.1834,76.6,34.25,123.7172,60.057,2.148,0.3715,115.1,32.76,43.9999,5.6651,1.3423,0.3586,20.66,35.2,18.1477,33.5738,0.6365,0.1575,173.4,19.15,16.4852,14.7345,0.3718,0.7347
2024-08-16,244.6,1431.2,,22.3479,1.5026,0.131,76.84,34.02,124.1049,59.6537,1.0571,0.2853,119.96,33.15,45.8578,5.7326,2.4654,0.2029,21.06,34.9,18.4991,33.2877,0.7645,0.1156,173.62,19.1,16.5061,14.696,0.2863,0.3988
2024-08-19,255.0,1425.44,,22.2579,1.5764,0.1627,76.84,33.58,124.1049,51.6962,0.8954,0.5094,121.64,33.42,46.5,5.7793,1.6783,0.205,20.78,34.7,18.2531,33.0969,0.4557,0.0899,175.6,19.04,16.6944,14.6498,0.3604,0.381
2024-08-20,247.98,1422.72,,22.2155,1.275,0.148,75.65,33.53,122.1829,51.6193,0.8449,0.2476,121.69,33.48,46.5191,5.7896,1.5202,0.2054,20.65,34.4,18.139,32.8108,0.4552,0.0821,174.87,18.93,16.625,14.5652,0.2166,0.3665
2024-08-21,263.84,1417.58,,22.1352,1.9865,0.1201,76.98,33.5,124.331,51.5731,1.0599,0.2336,122.22,33.24,46.7217,5.7481,1.1994,0.1833,20.77,34.6,18.2444,33.0015,0.4718,0.0798,174.01,18.92,16.5432,14.5575,0.2862,0.3336
2024-08-22,260.69,1410.05,,22.0176,1.2457,0.1554,77.3,32.78,124.8478,50.4646,1.1674,0.373,121.39,33.3,46.4045,5.7585,0.9566,0.1856,20.39,34.37,17.9106,32.7821,0.414,0.1104,178.8,18.73,16.9986,14.4113,0.511,0.442
2024-08-23,253.02,1414.99,,22.0948,1.5348,0.122,76.25,33.05,123.152,50.8803,1.0844,0.1645,119.92,33.7,45.8425,5.8277,1.1002,0.2257,20.46,34.67,17.9721,33.0683,0.4129,0.0788,181.8,19.1,17.2838,14.696,0.4728,0.604
2024-08-26,247.22,1412.0,,22.0481,1.1859,0.1244,74.88,33.06,120.9393,50.8957,0.8323,0.1546,114.34,33.77,32.7177,5.8398,2.3632,0.1702,20.12,34.31,17.6734,32.7249,0.3814,0.0908,183.92,18.46,17.4853,14.2036,0.381,0.5177
2024-08-27,244.1,1404.07,,21.9242,0.8874,0.1087,75.3,32.65,121.6176,50.2645,0.7019,0.1751,113.25,33.7,32.4058,5.8277,1.4679,0.1877,19.75,34.2,17.3484,32.62,0.368,0.0724,183.5,18.46,17.4454,14.2036,0.2562,0.3538
2024-08-28,240.2,1389.0,,21.6889,1.1117,0.2521,74.71,32.47,120.6647,49.9874,0.623,0.2017,112.56,33.68,32.2083,5.8242,1.335,0.2013,19.77,33.8,17.366,32.2385,0.3418,0.1355,182.82,18.43,17.3808,14.1805,0.2732,0.2936
2024-08-29,240.29,1413.3,,22.0684,1.0872,0.2187,75.0,32.65,121.1331,50.2645,0.7742,0.2256,106.64,32.93,30.5143,5.6945,3.3597,0.2503,19.22,33.99,16.8828,32.4197,0.6912,0.091,180.8,18.79,17.1887,14.6687,0.4023,0.7622
2024-08-30,256.69,1443.19,,22.5351,2.0285,0.3084,79.39,33.13,128.2234,51.0035,2.3745,0.4284,108.9,32.15,31.161,5.5691,2.8018,0.5392,20.47,37.0,17.9808,34.3852,0.9683,0.7877,184.34,19.29,17.5253,15.059,0.6529,1.2507
2024-09-02,252.14,1395.0,,21.7826,1.9188,0.2717,77.87,32.25,125.7684,49.6487,1.3284,0.3989,104.13,31.93,29.7961,5.531,1.9795,0.2705,19.45,35.95,17.0849,33.4094,0.6614,0.326,181.19,18.92,17.2258,14.7702,0.3334,0.5753
2024-09-03,240.7,1410.0,,22.0168,1.7773,0.1424,77.32,32.38,124.8801,49.8488,0.8434,0.1985,105.31,31.62,30.1338,5.4773,1.1665,0.2452,19.44,36.08,17.0761,33.5302,0.4143,0.1956,185.65,19.12,17.6498,14.9263,0.4672,0.4476
2024-09-04,239.14,1400.0,,21.8607,1.3508,0.1131,76.47,32.33,123.5073,49.7719,0.5925,0.1822,101.9,31.36,29.158,5.4322,2.7987,0.1845,18.92,35.41,16.6193,32.9075,0.6482,0.2125,187.15,19.12,17.7924,14.9263,0.4253,0.4109
2024-09-05,206.9,1404.88,,21.9369,3.5046,0.1155,74.7,32.56,120.6485,50.126,1.276,0.2165,101.67,31.2,29.0922,5.4045,1.6702,0.2628,18.88,35.67,16.5842,33.1492,0.412,0.1218,186.8,19.11,17.7591,14.9185,0.3163,0.4659
2024-09-06,215.18,1398.0,,21.8295,2.5434,0.0822,76.18,32.44,123.0389,49.9412,1.2698,0.1429,99.42,31.25,28.4484,5.4132,1.2983,0.1857,18.36,35.49,16.1274,32.9819,0.4623,0.0823,185.95,19.06,17.6783,14.8795,0.1932,1.0459
2024-09-09,210.71,1375.0,,21.4703,2.027,0.228,76.4,31.75,123.3942,48.879,0.9047,0.3096,102.0,30.24,29.1866,5.2382,1.745,0.4223,18.6,35.27,16.3382,32.7774,0.4359,0.1614,185.15,18.98,17.6023,14.817,0.346,0.6483
2024-09-10,213.68,1378.0,,21.5172,1.5877,0.1576,78.9,31.34,127.432,48.2478,1.3887,0.353,106.43,30.19,30.4543,5.2296,2.9666,0.2308,18.82,35.47,16.5315,32.9633,0.5113,0.1521,181.16,18.88,17.2229,14.7389,0.396,0.472
2024-09-11,215.66,1380.0,,21.5484,1.0323,0.1671,79.2,31.13,127.9165,47.9245,0.916,0.2225,106.18,30.08,30.3827,5.2105,1.7578,0.2016,18.78,36.19,16.4963,33.6324,0.3489,0.1969,186.56,19.0,17.7363,14.8326,0.5442,0.3781
2024-09-12,214.49,1335.06,,20.8467,0.9856,0.3817,76.1,30.97,122.9097,47.6782,1.2019,0.1889,108.0,30.23,30.9035,5.2365,1.9896,0.1989,18.84,35.93,16.5491,33.3908,0.5941,0.1227,189.35,18.88,18.0016,14.7389,0.5317,0.2803
2024-09-13,220.5,1304.13,,20.3637,1.6183,0.4458,77.98,30.79,125.9461,47.401,1.3972,0.1769,115.94,30.6,33.1755,5.3006,3.1625,0.2404,19.25,35.85,16.9092,33.3164,0.8039,0.1162,183.5,18.92,17.4454,14.7702,0.4438,0.379
2024-09-18,210.01,1266.9,,19.7824,1.4747,0.3677,74.73,30.24,120.697,46.5543,1.1927,0.3918,113.64,31.11,32.5174,5.3889,1.355,0.2029,18.75,36.14,16.47,33.5859,0.41,0.1255,186.4,18.94,17.7211,14.7858,0.2921,0.3115
2024-09-19,209.5,1261.0,,19.6902,1.2035,0.4775,75.92,30.89,122.619,47.555,1.0564,0.383,110.03,30.82,31.4844,5.3387,2.4503,0.2187,18.85,36.18,16.5578,33.6231,0.4921,0.2433,186.9,19.34,17.7686,15.098,0.4049,0.8125
2024-09-20,208.87,1263.92,,19.7358,0.9729,0.3183,75.92,31.0,122.619,47.7243,0.99,0.2651,109.0,30.94,31.1896,5.3595,1.4409,0.2363,18.86,35.92,16.5666,33.3815,0.455,0.219,185.6,19.29,17.6594,15.059,0.3977,0.5167
2024-09-23,212.61,1261.54,,19.6987,1.4684,0.3626,75.51,31.02,121.9568,47.7551,0.8058,0.1968,108.9,31.39,31.161,5.4374,1.1307,0.1671,18.71,36.28,16.4349,33.7161,0.3879,0.2112,188.2,19.31,17.9068,15.0746,0.4051,0.4406
2024-09-24,221.8,1372.6,,21.4329,1.9672,0.7993,78.12,32.28,126.1722,49.6949,1.887,0.5705,122.16,33.13,34.9553,5.7388,3.2285,0.6599,20.58,38.32,18.0775,35.6119,1.2981,0.4216,197.52,20.82,18.7935,16.2534,0.9087,2.3563
2024-09-25,222.01,1399.0,,21.8451,1.8784,0.5887,78.75,32.5,127.1897,50.0336,1.7701,0.6379,121.99,34.15,34.9067,5.9155,2.5662,0.8998,21.07,38.6,18.5079,35.8721,1.2356,0.3675,203.1,21.16,19.3245,16.5188,1.0768,2.4698
2024-09-26,224.0,1529.0,,23.875,1.8279,0.7744,80.99,33.87,130.8076,52.1427,1.9916,0.7254,129.68,35.38,37.1071,6.1286,2.4055,0.8461,21.66,41.33,19.0262,38.4092,0.9506,0.5213,205.51,22.48,19.5538,17.5493,0.9096,2.5403
2024-09-27,240.97,1629.2,,25.4396,1.8875,0.6999,86.09,35.7,139.0446,54.96,1.4175,0.9588,133.6,35.63,38.2288,6.1719,4.4416,0.3614,23.0,43.8,20.2032,40.7046,0.7083,0.4543,226.81,24.73,21.5804,19.3058,1.7988,2.299
2024-09-30,289.16,1748.0,,27.2946,3.9837,1.2521,103.28,38.42,166.8083,59.1474,4.9838,2.5817,154.86,37.61,44.3122,6.5149,5.4948,1.2415,25.19,48.17,22.1269,44.7658,1.4055,0.7771,251.89,27.2,23.9667,21.2341,2.3417,3.2433
2024-10-08,346.99,1723.0,,26.9043,3.1461,1.55,123.94,38.93,200.1764,59.9325,5.3295,3.2438,185.83,40.0,53.1741,6.9289,6.7212,1.4412,27.71,51.8,24.3405,48.1392,1.5434,1.0122,299.0,29.92,28.4491,23.3575,3.5281,1.2115
2024-10-09,371.5,1595.15,,24.9079,7.1089,0.9568,131.0,35.49,211.5791,54.6367,8.809,1.806,166.4,37.01,47.6143,6.4109,5.8935,0.8997,26.0,46.65,22.8384,43.3532,1.3421,0.7029,255.0,30.35,24.2626,23.6932,2.7859,11.0988
2024-10-10,347.2,1640.0,,25.6082,4.2355,0.5939,131.03,35.9,211.6275,55.2679,6.5327,1.0646,162.71,38.73,46.5584,6.7089,4.1553,0.6948,25.8,47.02,22.6628,43.697,0.929,0.4219,258.0,27.75,24.548,21.6634,1.5593,6.362
2024-10-11,333.0,1604.99,,25.0616,3.14,0.3337,123.7,35.27,199.7888,54.298,4.383,0.7205,159.64,38.43,45.68,6.6569,3.1528,0.438,24.59,46.02,21.5999,42.7677,0.7343,0.2601,241.79,28.17,23.0057,21.9913,1.2211,3.9913
2024-10-14,374.1,1601.99,,25.0147,3.2803,0.3567,124.2,35.1,200.5964,54.0363,4.8176,0.8163,162.0,39.33,46.3553,6.8128,3.7884,0.6268,25.16,46.41,22.1006,43.1302,0.7117,0.3034,249.72,27.46,23.7602,21.437,1.1985,3.6991
2024-10-15,355.55,1554.25,,24.2693,2.6691,0.3469,117.0,34.58,188.9676,53.2357,4.0359,0.5584,157.8,38.5,45.1535,6.669,2.9252,0.4634,24.6,45.35,21.6087,42.1451,0.6751,0.2468,241.22,26.72,22.9515,20.8593,0.8398,2.2839
2024-10-16,342.19,1522.5,,23.7735,1.7466,0.3715,113.57,34.26,139.872,52.7431,2.8388,0.5301,148.7,39.5,42.5495,6.8423,3.3952,0.4908,23.53,43.19,20.6688,40.1377,0.6799,0.4915,233.85,26.41,22.2502,20.6173,0.8609,2.1311
2024-10-17,358.09,1494.6,,23.3379,2.46,0.3141,116.18,33.93,143.0864,52.2351,3.7393,0.5128,150.5,38.49,43.0646,6.6673,2.2503,0.4115,23.71,42.24,20.8269,39.2549,0.5803,0.2475,231.5,26.16,22.0266,20.4222,0.6706,1.696
2024-10-18,429.71,1541.0,,24.0624,3.5685,0.5462,132.99,34.8,163.7895,53.5744,6.7675,0.8747,168.0,39.05,48.0721,6.7643,5.2564,0.4499,26.08,43.09,22.9087,40.0448,1.2226,0.3805,249.89,27.91,23.7764,21.7883,1.7433,4.6908
2024-10-21,444.0,1528.8,,23.8719,5.4826,0.3344,131.3,34.98,161.7081,53.8515,7.6066,0.8031,164.97,38.85,47.2051,6.7297,4.9092,0.3478,26.2,43.19,23.0141,40.1377,1.2588,0.3317,253.36,27.46,22.7737,21.437,1.4983,2.9844
2024-10-22,421.0,1543.0,,24.0936,3.6789,0.2887,128.11,35.1,157.7793,54.0363,4.1949,0.5531,170.0,39.17,48.6444,6.7851,3.6503,0.2911,26.26,43.48,23.0668,40.4072,0.7413,0.2547,250.55,27.67,22.5212,21.601,0.7145,1.838
2024-10-23,419.0,1567.5,,24.4762,3.0285,0.3191,125.02,35.6,153.9737,54.806,3.404,0.7519,156.16,39.66,37.8119,6.87,5.4277,0.304,25.61,43.96,22.4959,40.8533,0.6233,0.3056,249.3,27.57,22.4088,21.5229,0.8242,2.2943
2024-10-24,425.2,1552.2,,24.2373,2.4838,0.1904,123.8,35.09,152.4711,54.0209,2.4134,0.4448,157.1,39.31,38.0396,6.8093,3.9469,0.163,25.35,43.48,22.2675,40.4072,0.4639,0.1602,246.16,27.28,22.1266,21.2965,0.5502,1.3378
2024-10-25,421.89,1558.85,,24.3411,2.4469,0.2209,122.0,35.32,150.2543,54.375,2.8169,0.5212,156.36,39.1,37.8604,6.773,3.4904,0.2171,25.66,44.33,22.5398,41.1971,0.537,0.2379,258.88,27.5,23.2699,21.4683,1.484,1.368
2024-10-28,434.7,1565.0,,23.7763,2.1667,0.3114,122.57,35.66,150.9563,54.8984,2.2051,0.5083,150.54,38.52,36.4511,6.6725,3.6615,0.3222,25.26,45.37,22.1884,42.1637,0.5471,0.2498,256.24,27.49,23.0326,21.4605,0.7075,1.1052
2024-10-29,434.01,1531.62,,23.2691,2.722,0.3277,126.53,35.27,155.8334,54.298,4.3509,0.5609,143.47,38.6,34.7392,6.6864,4.4636,0.2495,25.05,45.0,22.004,40.9346,0.6965,0.275,251.78,27.23,22.6317,21.2575,0.6919,1.5348
2024-10-30,445.25,1532.0,,23.2749,2.4459,0.2548,125.19,35.26,154.1831,54.2826,3.0397,0.449,141.25,37.88,34.2017,6.548,3.3018,0.341,24.84,44.15,21.8195,40.1614,0.6106,0.1916,248.03,27.46,22.2946,20.2419,0.6955,1.5971
2024-10-31,453.6,1527.79,,23.2109,3.1243,0.2385,128.42,34.96,158.1611,53.0836,3.8996,0.6818,143.02,37.36,34.6303,6.4581,3.357,0.4122,24.25,43.77,21.2278,39.8157,0.94,0.2176,245.98,28.12,22.1104,20.7284,0.6536,3.3632
2024-11-01,411.01,1533.75,,23.3015,3.2399,0.257,123.88,34.92,152.5697,53.0229,2.9895,0.6275,140.73,38.01,34.0758,6.5705,2.6459,0.3408,23.68,44.23,20.7288,40.2342,0.569,0.1879,246.2,27.95,22.1301,20.6031,0.6643,2.2351
2024-11-04,410.94,1548.2,,23.521,2.0082,0.2316,124.45,35.1,153.2717,53.2962,2.2719,0.4679,143.15,38.75,34.6618,6.6984,2.3371,0.3134,24.33,44.78,21.2978,40.7345,0.5515,0.1983,251.2,29.06,22.5796,21.4213,0.6215,2.2526
2024-11-05,437.86,1576.99,,23.9584,2.8231,0.3633,129.28,35.74,159.2203,54.268,3.7323,0.8444,148.29,39.08,35.9063,6.7554,3.9727,0.3048,24.75,45.49,21.6655,41.3803,0.7714,0.2172,261.39,30.47,23.4955,22.4607,1.2427,3.5104
2024-11-06,456.0,1571.0,,23.8674,2.714,0.2996,133.19,35.72,164.0358,54.2376,3.9962,0.7678,142.9,38.56,34.6012,6.6656,3.7546,0.3143,24.18,45.2,21.1665,41.1165,0.7879,0.2499,256.5,31.08,23.056,22.9103,1.1595,4.4766
2024-11-07,476.0,1649.14,,25.0546,2.7289,0.595,141.75,36.77,174.5782,55.832,4.2997,1.0953,145.08,39.57,35.1291,6.8401,3.7784,0.3604,24.64,48.74,21.5692,44.3367,0.7798,0.5403,262.8,34.19,23.6223,25.2028,0.8605,3.9457
2024-11-08,431.0,1609.97,,24.4595,5.1392,0.4838,136.99,36.53,168.7158,55.4675,5.6018,0.8847,142.21,38.8,34.4341,6.707,4.4277,0.3613,25.98,48.79,22.7422,44.3822,1.6683,0.4806,257.5,34.88,23.1459,25.7115,1.0328,6.1219
2024-11-11,430.51,1598.01,,24.2778,3.6796,0.3491,139.05,36.59,171.2529,55.5586,6.5095,0.6461,144.9,38.33,35.0855,6.6258,3.8901,0.3409,27.01,47.39,23.6438,43.1087,1.5756,0.4017,267.5,34.88,24.0447,25.7115,1.2599,4.2155
2024-11-12,422.99,1577.2,,23.9616,2.7291,0.3918,129.41,36.35,159.3804,55.1942,5.0448,0.9422,147.5,37.59,35.715,6.4979,4.8921,0.433,25.72,46.9,22.5146,42.6629,1.1636,0.3529,273.02,33.93,24.5409,25.0112,1.9071,3.4046
2024-11-13,474.0,1578.5,,23.9814,3.9669,0.2319,131.51,36.41,161.9667,55.2853,3.2163,0.5823,156.3,37.82,37.8458,6.5376,6.0076,0.2353,26.47,47.08,23.1711,42.8267,1.2054,0.1841,282.0,32.92,25.3481,24.2667,1.4296,2.9951
2024-11-14,469.0,1573.8,,23.91,2.502,0.2328,126.7,36.01,156.0428,54.678,3.3384,0.5711,148.81,38.06,36.0322,6.5791,3.5525,0.3279,24.87,46.26,21.7705,42.0808,0.9318,0.1771,275.0,32.67,24.7189,24.0824,1.0934,2.0978
2024-11-15,453.68,1559.0,,23.6851,2.2512,0.2688,121.9,36.29,150.1311,55.1031,2.606,0.7656,140.5,37.82,34.0201,6.5376,3.4055,0.339,23.92,46.11,20.9389,41.9443,0.764,0.2241,265.56,31.13,23.8704,22.9472,0.9022,2.4823
2024-11-18,448.66,1559.0,,23.6851,1.9757,0.2157,123.11,36.18,151.6213,54.9361,2.8436,0.8062,132.01,37.9,31.9644,6.5515,3.6543,0.3701,23.24,45.51,20.3437,41.3985,0.5652,0.2002,262.92,30.67,23.6331,22.6081,0.7856,2.0123
2024-11-19,461.0,1541.92,,23.4256,2.3325,0.2648,127.2,35.96,156.6586,54.602,2.4378,0.6546,134.8,37.72,32.6399,6.5203,2.6743,0.2527,23.72,45.4,20.7638,41.2985,0.5411,0.16,268.72,31.3,24.1604,23.0725,0.8921,1.8019
2024-11-20,475.0,1544.81,,23.4695,2.235,0.1699,126.54,36.02,155.8457,54.6932,2.2228,0.4316,138.14,37.48,33.4487,6.4789,3.0199,0.2188,24.0,45.2,21.0089,41.1165,0.5767,0.1585,267.55,31.74,24.0552,23.3968,0.5819,1.7845
2024-11-21,514.32,1545.13,,23.4744,2.8904,0.1454,128.5,35.83,158.2596,54.4047,2.9423,0.3942,133.8,37.43,32.3978,6.4702,2.8976,0.1698,23.43,45.1,20.51,41.0256,0.6188,0.1229,268.26,31.89,24.119,23.5074,0.5266,1.5639
2024-11-22,492.0,1507.82,,22.9076,2.0847,0.2662,123.9,34.82,152.5943,52.8711,2.9006,0.5617,132.28,36.45,32.0297,6.3008,2.6995,0.3347,22.84,43.53,19.9935,39.5974,0.6099,0.1908,259.1,30.33,23.2955,22.3575,0.578,1.8936
2024-11-25,489.0,1498.57,,22.767,2.1641,0.2642,118.26,34.45,145.6481,52.3092,3.1688,0.6909,125.0,36.22,30.267,6.2611,3.8553,0.2589,22.11,43.7,19.3545,39.752,0.6465,0.1919,264.1,29.66,23.745,21.8636,0.6724,1.9037
2024-11-26,485.9,1509.0,,22.9255,1.0888,0.2049,118.1,34.55,145.4511,52.4611,1.4068,0.4759,127.04,36.39,30.7609,6.2904,2.7829,0.2227,22.09,44.38,19.337,40.3706,0.4514,0.1583,256.72,29.72,23.0815,21.9078,0.7011,1.1212
2024-11-27,534.55,1519.05,,23.0782,2.3792,0.2064,123.2,34.79,151.7322,52.8255,2.3502,0.4482,128.69,36.6,31.1605,6.3267,2.2064,0.1901,22.32,44.49,19.5383,40.4707,0.4373,0.2048,259.9,30.28,23.3674,22.3206,0.7021,1.4643
2024-11-28,546.03,1518.0,,23.0622,2.62,0.1907,126.0,34.82,155.1806,52.8711,2.4076,0.3818,124.79,36.47,30.2161,6.3043,2.2623,0.2191,21.85,44.05,19.1269,40.0704,0.4572,0.1411,254.7,29.87,22.8999,22.0184,0.5728,1.0528
2024-11-29,561.0,1525.74,,23.1798,2.2251,0.2873,125.81,34.91,154.9466,53.0077,2.4034,0.4404,126.73,36.34,30.6859,6.2818,2.5536,0.3221,22.19,45.14,19.4245,41.0619,0.5809,0.2868,261.24,30.75,23.4879,22.6671,0.8037,2.4087
2024-12-02,562.0,1525.0,,23.1686,2.1534,0.2135,126.89,35.69,156.2768,54.1921,2.0738,0.6483,132.03,36.51,31.9692,6.3112,3.1161,0.2059,22.56,47.05,19.7484,42.7994,0.6158,0.3708,262.19,31.27,23.5733,23.0504,0.5291,1.587
2024-12-03,569.99,1526.74,,23.195,1.8962,0.1975,125.37,35.67,154.4047,54.1617,1.794,0.3364,130.0,37.12,31.4777,6.4166,1.7874,0.35,22.24,47.2,19.4683,42.9358,0.4437,0.1869,261.84,31.08,23.5418,22.9103,0.4436,1.2666
2024-12-04,552.6,1520.0,,23.0926,2.1324,0.1904,128.89,35.08,158.7399,53.2658,3.4123,0.3709,128.02,36.81,30.9982,6.363,1.6638,0.3008,21.88,46.6,19.1532,42.39,0.4846,0.1631,258.97,30.8,23.2838,22.7039,0.4146,0.9681
2024-12-05,570.12,1511.0,,22.9559,1.3594,0.1285,128.02,35.0,157.6685,53.1444,1.7233,0.2532,131.84,36.91,31.9232,6.3803,2.8467,0.2758,22.54,46.18,19.7309,42.008,0.7386,0.1347,256.0,30.9,23.0167,22.7776,0.4105,0.9518
2024-12-06,553.6,1521.01,,23.1079,1.4929,0.2551,129.81,35.52,159.873,53.9339,2.0742,0.4076,131.51,37.7,31.8433,6.5169,1.8191,0.4252,22.6,46.52,19.7834,42.3173,0.5574,0.1771,266.55,31.24,23.9653,23.0283,0.8466,1.687
2024-12-09,539.0,1518.8,,23.0744,2.0368,0.1576,128.99,35.53,158.8631,53.9491,1.5821,0.5289,125.1,37.7,30.2912,6.5169,3.3726,0.239,22.13,46.27,19.372,42.0899,0.4688,0.1297,268.05,31.12,24.1001,22.9398,0.5754,1.0336
2024-12-10,538.43,1546.59,,23.4966,2.1836,0.4801,130.3,35.59,160.4765,54.0402,2.7825,0.8203,123.15,38.6,29.819,6.6725,4.0353,0.5036,22.14,47.43,19.3808,43.1451,0.654,0.3421,270.57,31.48,24.3267,23.2052,0.8432,2.5186
2024-12-11,544.8,1535.6,,23.3296,1.5682,0.2362,124.38,35.84,153.1855,54.4198,2.8503,0.3729,125.13,38.3,30.2985,6.6206,2.9336,0.251,22.33,47.85,19.5471,43.5271,0.4719,0.1614,267.1,31.34,24.0147,23.102,0.4971,1.0771
2024-12-12,576.99,1565.8,,23.7884,2.0494,0.3338,126.8,36.15,156.1659,54.8905,1.7851,0.5496,130.17,38.8,31.5188,6.707,4.0348,0.2845,22.34,48.43,19.5558,44.0547,0.4581,0.2845,273.71,31.66,24.609,23.3379,0.5722,1.3917
2024-12-13,568.0,1519.0,,23.0774,2.723,0.3941,123.81,35.73,152.4835,54.2528,2.266,0.6,127.1,37.3,30.7755,6.4477,3.106,0.5419,21.35,47.18,18.6892,42.9176,0.8315,0.2417,267.03,30.42,24.0084,22.4238,0.7256,1.6534
2024-12-16,575.25,1527.2,,23.202,1.7879,0.259,123.42,35.31,152.0031,53.6151,1.822,0.3647,122.8,37.74,29.7343,6.5238,2.6159,0.3104,21.06,46.73,18.4354,42.5083,0.4975,0.1251,267.2,30.03,24.0237,22.1363,0.4166,1.0376
2024-12-17,570.0,1558.0,,23.6699,1.3795,0.4312,121.81,34.97,150.0203,53.0988,1.2889,0.4191,125.99,37.85,30.5067,6.5428,3.6982,0.2924,21.6,46.8,18.9081,42.572,0.9246,0.151,273.8,30.23,24.6171,22.2837,0.723,0.9832
2024-12-18,617.55,1571.5,,23.875,2.1019,0.3277,121.2,34.86,149.269,52.9318,1.6139,0.376,123.43,38.52,29.8868,6.6586,2.3786,0.3906,21.41,47.4,18.7417,43.1178,0.4649,0.147,271.41,30.29,24.4022,22.328,0.3865,0.5738
2024-12-19,636.02,1551.01,,23.5637,2.0642,0.1975,128.78,34.46,158.6045,52.3244,3.7809,0.6196,127.04,38.02,30.7609,6.5722,2.7871,0.2963,22.19,46.93,19.4245,42.6902,0.9186,0.1166,269.79,30.33,24.2566,22.3575,0.3932,0.7568
2024-12-20,675.95,1522.0,,23.123,2.2304,0.2242,131.06,34.51,161.4125,52.4004,3.7431,0.3149,127.1,37.91,30.7755,6.5532,2.6432,0.2628,22.02,46.65,19.2757,42.4355,0.6292,0.1377,262.71,30.34,23.62,22.3648,0.7108,0.8029
2024-12-23,648.75,1526.45,,23.1906,2.4866,0.172,136.7,34.67,168.3587,52.6433,5.6136,0.5536,132.59,38.35,32.1048,6.6293,4.6782,0.4376,22.05,46.68,19.302,42.4628,0.6963,0.1139,263.5,29.92,23.6911,22.0552,0.5289,0.8589
2024-12-24,659.3,1538.82,,23.3785,1.7685,0.176,140.75,35.12,173.3466,53.3266,3.6704,0.3975,131.61,39.22,31.8675,6.7796,3.1459,0.4816,23.0,47.44,20.1336,43.1542,1.0573,0.1387,268.23,30.32,24.1163,22.3501,0.5026,0.8886
2024-12-25,662.1,1530.0,,23.2445,1.4689,0.1363,156.6,35.3,192.8674,53.5999,5.4902,0.4203,134.99,39.4,32.6859,6.8108,3.2585,0.3664,22.72,46.93,19.8885,42.6902,0.8181,0.097,267.97,30.09,24.093,22.1805,0.2925,0.7727
2024-12-26,651.24,1527.79,,23.2109,1.5527,0.1456,159.18,34.96,196.0449,53.0836,4.078,0.3585,140.8,39.48,34.0927,6.8246,3.8449,0.2614,23.33,46.47,20.4224,42.2718,0.984,0.1011,261.25,30.15,23.4888,22.2248,0.5751,0.6664
2024-12-27,652.1,1528.97,,23.2289,1.5094,0.1653,155.05,35.24,190.9584,53.5088,3.5003,0.3461,136.85,39.34,33.1363,6.8004,2.9875,0.3395,22.61,46.73,19.7922,42.5083,0.9042,0.1119,262.0,30.22,23.5562,22.2764,0.624,1.4722
2024-12-30,683.5,1525.0,,23.1686,1.8675,0.2,154.0,34.81,189.6652,52.8559,3.1055,0.4408,131.18,39.62,31.7634,6.8488,3.2716,0.3291,22.45,46.35,19.6521,42.1626,0.4897,0.1268,266.58,30.51,23.968,22.4901,0.5799,0.991
2024-12-31,658.0,1524.0,,23.1534,1.6819,0.3133,149.79,34.15,184.4802,51.8537,2.5318,0.5696,123.51,39.3,29.9062,6.7935,3.5303,0.312,21.5,45.9,18.8205,41.7533,0.6768,0.1563,266.0,29.17,23.9158,21.5024,0.6389,1.6267
2025-01-02,645.62,1488.0,,22.6064,1.9105,0.3983,139.08,33.31,171.2899,50.5783,4.359,0.7468,122.11,38.51,29.5672,6.6569,2.4074,0.3112,20.71,45.07,18.129,40.9983,0.6279,0.2192,258.78,27.45,23.2667,20.2345,0.5984,2.3229
2025-01-03,621.0,1475.0,,22.4089,1.5847,0.2597,135.61,33.1,167.0162,50.2594,2.2468,0.4353,123.01,38.66,29.7851,6.6828,2.4011,0.3309,20.55,44.3,17.9889,40.2978,0.5224,0.1667,257.63,26.97,23.1633,19.8807,0.4747,1.5107
2025-01-06,649.48,1440.0,,21.8772,1.7109,0.3523,134.57,33.1,165.7354,50.2594,2.2459,0.4143,125.49,39.05,30.3856,6.7503,2.3656,0.2992,20.67,43.56,18.094,39.6247,0.4163,0.1579,256.75,27.06,23.0842,19.947,0.443,1.0158
2025-01-07,718.0,1440.2,,21.8802,2.0913,0.1928,147.6,33.01,181.783,50.1227,4.0413,0.448,128.35,38.9,31.0781,6.7243,2.6172,0.2389,21.25,42.86,18.6018,38.9879,0.5799,0.2051,249.45,27.16,22.4278,20.0207,1.0276,0.8046
2025-01-08,726.0,1442.5,,21.9152,1.957,0.2807,149.89,32.88,184.6034,49.9253,3.71,0.3106,124.22,39.28,30.0781,6.79,2.5667,0.3643,20.63,42.65,18.059,38.7969,0.5841,0.1743,245.34,26.98,22.0583,19.888,0.6966,0.9792
2025-01-09,712.29,1444.0,,21.938,1.2893,0.2365,148.2,32.67,182.522,49.6065,2.3623,0.2839,121.51,39.0,29.4219,6.7416,2.6307,0.2167,20.54,42.28,17.9802,38.4603,0.3832,0.1539,247.33,26.89,22.2372,19.8217,0.4339,0.5174
2025-01-10,729.97,1436.0,,21.8164,2.2608,0.1741,146.7,32.37,180.6746,49.151,3.6879,0.2814,113.13,38.98,27.3928,6.7382,4.753,0.2334,19.75,42.0,17.2887,38.2056,0.5557,0.1184,246.0,26.46,22.1176,19.5047,0.3774,0.6572
2025-01-13,719.0,1443.98,,21.9377,2.2296,0.1678,143.4,32.4,176.6104,49.1965,2.4578,0.2705,110.8,39.07,26.8287,6.7537,3.2039,0.2939,19.72,42.28,17.2624,38.4603,0.3257,0.1215,246.91,26.51,22.1995,19.5416,0.4636,0.5426
2025-01-14,694.01,1472.5,,22.371,2.115,0.2464,144.05,33.21,177.4109,50.4264,3.7031,0.4637,114.35,39.85,27.6882,6.8885,3.4367,0.3432,20.57,42.99,18.0065,39.1062,0.6787,0.1654,256.2,27.7,23.0347,20.4188,0.5188,1.3684
2025-01-15,695.96,1471.27,,22.3523,2.2463,0.1465,147.2,33.34,181.2904,50.6238,3.6254,0.3526,110.54,40.64,26.7657,6.907,2.6288,0.3862,20.14,42.46,17.6301,38.6241,0.4192,0.1116,250.87,27.37,22.5555,20.1755,0.386,0.7298
2025-01-16,594.0,1446.38,,21.9741,4.6542,0.2097,132.81,33.2,163.5678,50.4112,5.8186,0.3135,119.49,40.99,28.9328,6.9665,6.3679,0.2873,20.84,41.9,18.2429,38.1147,0.7917,0.1399,249.93,27.25,22.471,20.0871,0.4148,0.7265
2025-01-17,592.0,1454.75,,22.1013,2.9695,0.1457,131.78,33.2,162.2993,50.4112,3.3294,0.2547,116.9,40.71,28.3057,6.9189,4.0023,0.2307,20.66,42.41,18.0853,38.5786,0.5154,0.1179,251.5,27.31,22.6121,20.1313,0.2846,0.5507
2025-01-20,618.22,1474.8,,22.4059,2.803,0.25,133.9,33.09,164.9102,50.2442,2.5832,0.3625,119.16,40.12,28.8529,6.8186,3.5014,0.263,20.77,42.12,18.1816,38.3148,0.4265,0.1098,265.52,27.4,23.8727,18.7101,0.8785,0.747
2025-01-21,625.0,1468.15,,22.3049,2.0398,0.1342,133.03,33.2,163.8387,50.4112,2.5173,0.2257,119.56,40.14,28.9498,6.822,3.4304,0.1942,21.21,42.34,18.5668,38.5149,0.6332,0.11,264.18,27.42,23.7522,18.7237,0.356,0.5987
2025-01-22,641.12,1441.0,,21.8924,2.0062,0.2252,132.47,33.33,163.149,50.6086,2.5208,0.34,132.0,39.45,31.9619,6.7047,7.5719,0.2855,23.33,41.1,20.4226,37.3869,2.0114,0.1835,258.0,27.23,23.1966,18.594,0.6416,0.5754
2025-01-23,621.0,1443.0,,21.9228,1.6058,0.2159,130.54,33.25,160.7721,50.4872,2.8755,0.395,127.75,39.83,30.9329,6.7693,5.4532,0.2941,23.0,41.17,20.1337,37.4506,2.0364,0.1552,257.5,27.45,23.1516,18.7442,0.4242,1.3341
2025-01-24,612.98,1436.0,,21.8164,1.6513,0.2496,131.0,33.34,161.3386,50.6238,2.318,0.3815,128.25,40.26,31.0539,6.8424,3.6848,0.2786,23.35,41.05,20.4401,37.3414,1.1677,0.1435,260.62,27.54,23.4321,18.8057,0.575,0.7958
2025-01-27,572.0,1434.99,,21.8011,2.8432,0.2337,128.0,33.16,157.6438,50.3505,1.9836,0.366,114.82,40.65,27.802,6.9087,6.1122,0.255,21.45,40.99,18.7768,37.2869,1.2821,0.1266,257.0,26.93,23.1066,18.3891,0.4382,0.7278
2025-02-05,576.0,1403.8,,21.3272,2.9825,0.3244,139.19,33.01,171.4254,50.1227,5.6417,0.3134,98.25,40.0,23.7899,6.7982,8.7037,0.2447,20.0,40.51,17.5075,36.8502,1.5079,0.1774,252.12,26.95,22.6679,18.4028,0.6162,0.6459
2025-02-06,563.99,1412.84,,21.4646,2.4955,0.2178,140.81,33.12,173.4205,50.2898,4.0478,0.3308,101.0,40.2,24.4557,6.8322,5.8676,0.2259,20.48,40.99,17.9277,37.2869,1.0269,0.1253,253.1,27.37,22.756,18.6896,0.6379,0.8581
2025-02-07,598.89,1436.0,,21.8164,3.0292,0.2965,139.7,33.3,172.0535,50.5631,4.4489,0.461,107.78,40.2,26.0974,6.8322,6.836,0.2526,21.55,41.85,18.8554,38.0692,1.457,0.177,261.28,28.14,23.4915,19.2154,0.8825,1.7717
2025-02-10,651.96,1431.51,,21.7482,2.8179,0.1659,142.3,33.48,175.2556,50.8364,3.4993,0.4452,110.62,40.6,26.7851,6.9002,4.5276,0.282,21.72,41.76,19.0041,37.9873,0.8693,0.1199,258.45,28.15,23.237,19.2222,0.5875,0.8944
2025-02-11,667.83,1418.0,,21.543,2.1914,0.1877,140.0,33.03,172.4229,50.1531,3.0005,0.4524,111.5,40.98,26.9982,6.9648,3.9329,0.2219,21.77,40.82,19.0479,37.1322,0.772,0.1704,251.8,27.97,22.6391,19.0993,0.6353,0.7312
2025-02-12,656.0,1443.0,,21.9228,1.701,0.2028,141.08,33.04,173.7531,50.1683,3.2104,0.3828,111.9,41.62,27.095,7.0735,3.1751,0.2926,22.15,41.2,19.3804,37.4779,0.6406,0.1457,255.3,28.27,22.9538,19.3041,0.7016,0.9525
2025-02-13,638.0,1465.06,,22.2579,1.6799,0.3454,135.05,33.01,166.3266,50.1227,3.2072,0.419,108.12,41.71,26.1797,7.0888,3.5345,0.2241,21.79,41.06,19.0654,37.3505,0.5676,0.1979,261.39,28.12,23.5014,19.2017,0.9618,1.2127
2025-02-14,625.95,1475.0,,22.4089,2.3806,0.2157,135.89,32.99,167.3611,50.0924,2.1512,0.4032,107.43,42.03,26.0127,7.1432,3.248,0.2418,22.1,41.24,19.3366,37.5143,0.7762,0.1668,269.71,28.24,24.2494,19.2836,0.9937,0.81
2025-02-17,660.82,1471.62,,22.3576,2.2158,0.2585,141.61,32.9,174.4058,49.9557,4.2737,0.4296,115.56,41.72,27.9812,7.0905,6.4105,0.2599,22.9,41.23,20.0366,37.5052,1.0577,0.1639,269.4,28.29,24.2215,19.3178,0.6197,0.9926
2025-02-18,628.1,1475.0,,22.4089,1.6856,0.2213,137.47,32.6,169.307,49.5002,2.3069,0.4639,113.59,42.05,27.5042,7.1466,4.119,0.265,22.68,40.85,19.8441,37.1595,1.0757,0.1655,270.77,27.54,24.3447,18.8057,0.611,0.9157
2025-02-19,625.51,1491.0,,22.652,1.4945,0.2579,137.37,32.55,169.1839,49.4243,2.8349,0.4097,114.24,41.98,27.6616,7.1347,3.3796,0.1816,23.24,40.95,20.3341,37.2505,0.9959,0.1378,273.55,27.99,24.5946,19.1129,0.5239,0.8218
2025-02-20,618.51,1474.0,,22.3937,1.4637,0.1891,136.15,32.55,167.6813,49.4243,2.4041,0.3368,114.44,41.85,27.71,7.1126,3.1704,0.1976,22.62,41.13,19.7916,37.4142,0.7478,0.1062,270.2,27.89,24.2935,19.0446,0.502,0.5852
2025-02-21,742.21,1488.21,,22.6096,3.9603,0.2899,156.96,32.72,193.3107,49.6824,8.8256,0.4668,118.73,41.4,28.7488,7.0362,5.149,0.2886,23.2,41.46,20.2991,37.7144,1.0205,0.2124,275.55,28.46,24.7745,19.4339,0.7931,1.5172
2025-02-24,780.36,1479.07,,22.4708,3.0561,0.2766,154.06,32.84,189.7391,49.8646,4.2294,0.5395,114.5,41.27,27.7246,7.0141,4.6657,0.2768,23.21,41.4,19.853,37.6598,1.1929,0.2218,271.5,28.35,24.4103,19.3588,0.7112,0.9838
2025-02-25,790.38,1454.0,,22.0899,2.6202,0.226,155.9,32.47,187.8268,49.3028,4.4537,0.5126,111.35,41.03,26.9618,6.9733,4.1043,0.2459,23.08,40.56,19.7418,36.8957,0.964,0.1621,269.48,27.83,24.2283,19.0037,0.5947,0.853
2025-02-26,795.0,1460.01,,22.1812,1.7742,0.2099,165.0,32.52,198.7904,49.3787,5.8444,0.3767,112.22,41.48,27.1725,7.0497,4.4307,0.231,22.77,40.44,19.4767,36.7866,0.8439,0.1608,268.62,28.45,24.151,19.427,0.5425,1.1447
2025-02-27,796.0,1485.56,,22.5694,1.9388,0.3961,169.99,32.81,204.8023,49.8191,5.5296,0.566,108.18,42.38,26.1943,7.2027,4.7308,0.3018,21.96,41.22,18.7838,37.4961,0.9749,0.2722,270.0,28.24,24.2751,19.2836,0.5941,1.1865
2025-02-28,735.44,1500.79,,22.8007,2.9014,0.4468,160.0,32.49,192.7664,49.3332,4.7761,0.4685,100.87,42.05,24.4242,7.1466,4.9783,0.342,21.19,41.11,18.1252,37.396,0.8657,0.315,264.3,27.33,23.7626,18.6623,0.5705,1.3099
2025-03-03,693.07,1487.02,,22.5915,2.6825,0.2515,150.93,32.38,181.6748,49.1661,4.4692,0.3726,102.77,42.05,22.2832,7.1466,3.8185,0.2279,21.07,40.5,18.0225,36.8411,0.5334,0.2379,273.53,27.36,24.5924,18.6827,0.9926,0.8747
2025-03-04,685.56,1470.11,,22.3346,2.2556,0.2007,151.5,32.4,182.3609,49.1965,3.3883,0.2622,102.46,41.8,22.216,7.1041,2.8802,0.1538,21.04,40.46,17.9969,36.8047,0.5677,0.1504,263.0,27.36,23.6457,18.6827,0.6877,0.527
2025-03-05,711.4,1466.37,,22.2778,1.912,0.1959,153.95,32.26,185.31,48.9839,2.6029,0.3283,103.46,42.89,22.4328,7.2894,2.2609,0.3064,21.04,40.36,17.9969,36.7138,0.4118,0.1487,260.99,27.34,23.465,18.6691,0.5348,0.6421
2025-03-06,775.0,1505.98,,22.8796,2.4481,0.3357,163.03,32.35,196.2396,49.1206,4.492,0.4966,105.17,42.96,22.8036,7.3013,3.6708,0.2773,21.32,41.13,18.2364,37.4142,0.7039,0.2133,264.31,28.0,23.7635,19.1198,0.6413,1.2835
2025-03-07,750.0,1521.0,,23.1078,1.3856,0.3024,159.8,32.19,192.3517,48.8776,2.4209,0.42,102.24,43.57,21.8427,7.405,2.9818,0.2935,20.87,41.0,17.8515,37.296,0.519,0.1484,260.76,27.58,23.4443,18.833,0.5711,0.7867
2025-03-10,779.0,1522.9,,23.1367,1.8193,0.2497,163.0,32.14,196.2035,48.8017,2.5131,0.3462,102.38,43.07,21.8726,7.32,2.1891,0.2466,21.03,40.35,17.9883,36.7047,0.3584,0.1909,256.5,27.24,23.0613,18.6008,0.7348,0.7428
2025-03-11,792.0,1548.68,,23.5283,1.5948,0.3166,158.01,32.22,190.197,48.9232,2.8038,0.3865,101.78,43.51,21.7444,7.3948,1.8704,0.2742,20.82,40.92,17.8087,37.2232,0.3965,0.1825,255.2,27.3,22.9444,18.6418,0.4391,0.6402
2025-03-12,774.0,1542.58,,23.4356,1.5215,0.2357,162.42,32.13,195.5054,48.7865,4.1063,0.3415,102.36,43.54,21.8683,7.3999,2.3289,0.2028,20.91,40.2,17.8857,36.5682,0.454,0.2215,254.5,27.3,22.8815,18.6418,0.5103,0.8014
2025-03-13,741.99,1537.77,,23.3626,1.4983,0.2048,155.49,32.02,187.1637,48.6195,2.8107,0.4314,102.49,43.84,21.8961,7.4508,2.4693,0.2838,20.67,40.18,17.6804,36.55,0.4488,0.1568,253.22,27.1,22.7664,18.5052,0.4327,0.7066
2025-03-14,758.0,1628.01,,24.7335,1.6321,0.7396,156.88,32.47,188.8368,49.3028,2.8822,0.6565,103.99,45.16,22.2166,7.6752,3.3392,0.4417,21.26,41.59,18.1851,37.8327,0.7291,0.4861,262.0,28.07,23.5558,19.1676,0.8996,2.1452
2025-03-17,751.7,1637.86,,24.8832,1.1333,0.4354,154.79,32.69,186.3211,49.6368,1.8796,0.5659,104.26,45.04,22.2743,7.6548,2.4054,0.3171,21.52,42.06,18.4074,38.2602,0.5865,0.309,256.0,27.86,22.2145,19.0242,0.8588,0.8541
2025-03-18,750.0,1624.0,,24.6726,0.9247,0.2517,153.4,32.66,184.648,49.5913,1.7091,0.314,108.86,45.14,23.257,7.6718,5.9349,0.2076,21.54,41.45,18.4246,37.7053,0.4587,0.1901,257.0,27.95,22.3013,19.0856,0.5785,0.5618
2025-03-19,703.9,1635.71,,24.8505,2.0389,0.218,152.84,32.57,183.9739,49.4546,1.3565,0.338,104.98,46.02,22.4281,7.8213,3.2094,0.3251,21.02,41.45,17.9798,37.7053,0.4895,0.1407,265.39,27.93,23.0293,19.072,0.9469,0.5565
2025-03-20,703.63,1604.0,,24.3688,1.0341,0.2924,151.66,32.48,182.5535,49.318,1.5407,0.2737,105.0,45.24,22.4324,7.6888,1.8094,0.329,20.85,40.79,17.8344,37.1049,0.321,0.1857,262.15,27.68,22.7482,18.9013,0.3696,0.5266
2025-03-21,685.05,1573.75,,23.9092,2.3106,0.2676,145.8,32.37,175.4998,49.151,2.4127,0.4694,102.45,44.7,21.8876,7.597,2.0681,0.3274,20.63,40.08,17.6462,36.4591,0.3598,0.2623,256.0,27.09,22.2145,18.4984,0.4979,0.8024
2025-03-24,684.18,1583.0,,24.0497,1.1501,0.2035,149.0,32.47,179.3517,49.3028,1.8069,0.3562,102.88,45.05,21.9794,7.6565,2.0904,0.2179,20.84,40.36,17.8258,36.7138,0.3281,0.184,258.16,27.19,22.402,18.5667,0.4287,0.5492
2025-03-25,642.35,1575.5,,23.9358,1.6869,0.1407,142.02,32.86,170.9498,49.895,2.3463,0.5245,102.0,45.09,21.7914,7.6633,1.8851,0.173,20.51,40.48,17.5435,36.8229,0.37,0.1312,259.48,27.02,22.5165,18.4506,0.3276,0.4427
2025-03-26,643.0,1576.0,,23.9434,0.9779,0.114,141.05,32.69,169.7822,49.6368,1.3854,0.3318,101.08,42.66,21.5949,7.2503,1.4473,0.7651,20.38,40.53,17.4323,36.8684,0.2645,0.1316,256.92,26.98,22.2944,18.4233,0.3307,0.4633
2025-03-27,638.25,1589.0,,24.1409,1.4583,0.1429,142.16,32.7,171.1183,49.652,1.7144,0.2678,99.12,43.26,21.1761,7.3523,2.202,0.4014,20.22,41.33,17.2955,37.5961,0.3649,0.2421,258.88,26.9,22.4644,18.3689,0.3633,0.5958
2025-03-28,627.0,1585.21,,24.0833,1.0415,0.1292,140.99,32.5,169.71,49.3483,1.1901,0.2619,97.41,43.22,20.8108,7.3455,1.8311,0.1872,19.98,40.98,17.0902,37.2778,0.2881,0.1323,256.8,26.8,22.2839,18.3006,0.2881,0.5412
2025-03-31,623.0,1561.0,,23.7155,1.274,0.1678,141.3,32.33,170.0832,41.6002,1.3178,0.3553,98.64,43.29,21.0736,7.3574,1.6603,0.2616,19.86,40.58,16.9875,36.9139,0.3205,0.1517,252.94,26.52,21.949,18.1094,0.4987,0.6552
2025-04-01,632.94,1556.02,,23.6398,1.3749,0.1477,141.91,32.6,170.8174,41.9476,1.5794,0.3242,98.61,42.87,21.0672,7.286,1.1186,0.1887,20.02,40.68,17.1244,37.0049,0.2895,0.1283,249.06,26.44,21.6123,18.0548,0.4975,0.4898
2025-04-02,629.35,1549.02,,23.5335,0.8156,0.1725,141.83,32.39,170.7211,41.6774,0.8585,0.3511,99.76,42.73,21.3129,7.2622,1.9857,0.1606,20.0,40.84,17.1073,37.1504,0.2412,0.1289,249.14,26.54,21.6192,18.1231,0.3519,0.3751
2025-04-03,638.0,1568.88,,22.8559,1.4465,0.2824,142.02,32.38,170.9498,41.6645,1.5896,0.3478,93.88,42.65,20.0567,7.2486,3.8661,0.225,19.05,40.67,16.295,35.6471,0.642,0.2097,243.08,26.44,21.0934,18.0548,0.5966,0.4588
2025-04-07,565.16,1500.0,,21.8525,2.9653,0.8116,136.46,30.66,164.2572,39.4513,4.2588,1.2969,75.1,40.83,16.0445,6.9393,5.6066,0.8801,17.15,39.3,14.6697,34.4463,0.167,0.5839,215.22,24.02,18.6758,16.4023,1.8543,1.8702
2025-04-08,565.96,1545.0,,22.508,1.9636,0.5881,134.23,31.63,161.573,40.6995,3.2214,0.906,72.28,41.15,15.442,6.9937,6.3024,0.7807,15.44,41.2,13.207,36.1116,1.0814,0.6031,219.05,24.5,19.0082,16.73,1.2212,1.4117
2025-04-09,615.69,1541.04,,22.4503,2.7967,0.4428,141.48,33.16,170.2998,42.6682,3.7961,1.5074,71.99,40.46,15.3801,6.8764,5.4173,0.4721,16.33,42.19,13.9683,36.9794,1.1025,0.5476,211.39,24.89,18.3435,16.9963,1.3735,1.1689
2025-04-10,602.89,1549.0,,22.5663,2.2621,0.3074,141.27,33.02,170.0471,42.488,2.4418,1.1843,77.49,41.1,16.5551,6.9852,6.4523,0.3606,17.96,42.2,15.3626,36.9881,1.2784,0.3554,217.98,25.14,18.9153,17.1671,0.9551,1.0079
2025-04-11,614.98,1568.98,,22.8574,2.1014,0.2598,146.92,32.66,176.848,42.0248,3.5731,0.5236,78.37,41.51,16.7431,7.0548,3.9021,0.2826,17.8,42.04,15.2257,36.8479,0.7928,0.2344,224.0,25.36,19.4377,17.3173,0.7764,0.7656
2025-04-14,637.7,1551.99,,22.6099,2.1071,0.1728,150.15,32.65,180.7359,42.0119,2.4328,0.3871,81.54,41.48,17.4203,7.0497,4.9937,0.2337,17.92,42.15,15.3284,36.9443,0.7197,0.2177,224.0,25.23,19.4377,17.2285,0.5303,0.5216
2025-04-15,619.88,1558.0,,22.6974,1.2684,0.1711,150.4,32.18,181.0369,41.4072,1.4991,0.4888,80.17,42.1,17.1276,7.1551,2.2725,0.2979,18.1,42.76,15.4823,37.479,0.4401,0.2528,228.15,25.11,18.5366,17.1466,0.6838,0.462
2025-04-16,646.0,1559.17,,22.7145,2.1608,0.248,154.5,32.7,185.972,42.0763,2.4902,0.5931,77.99,42.25,16.6619,7.1806,2.4262,0.2794,17.5,43.43,14.9691,38.0662,0.5979,0.2441,224.89,25.15,18.2717,17.1739,0.5549,0.5437
2025-04-17,677.0,1570.0,,22.8722,1.7409,0.1898,154.0,32.95,185.3702,42.3979,1.8453,0.4849,77.61,42.12,16.5807,7.1585,1.6823,0.1967,17.4,43.43,14.8836,38.0662,0.3919,0.1627,226.0,25.17,18.3619,17.1875,0.4033,0.3956
2025-04-18,669.54,1565.94,,22.8131,0.9986,0.1616,149.64,32.52,180.122,41.8447,1.4617,0.3016,79.14,42.75,16.9076,7.2656,2.343,0.2109,17.56,42.14,15.0204,36.9355,0.2741,0.1917,225.46,25.15,18.3181,17.1739,0.295,0.3912
2025-04-21,695.0,1551.0,2235.1628,22.5954,1.9976,0.1437,153.72,32.4,185.0331,41.6902,1.4843,0.2554,81.19,42.28,15.6117,7.1857,3.0205,0.2019,17.81,42.16,15.2343,36.9531,0.2575,0.1021,231.36,25.23,18.7974,17.2285,0.5639,0.3625
2025-04-22,694.98,1548.8,2235.0985,22.5634,1.2498,0.1467,152.1,32.31,164.5599,41.5744,1.992,0.2289,80.07,42.01,15.3963,7.1398,2.1484,0.2103,17.78,42.19,15.2086,36.9794,0.2325,0.1189,230.69,25.08,18.743,17.1261,0.434,0.3774
2025-04-23,685.21,1552.0,2203.6776,22.61,1.3245,0.1486,149.0,32.08,161.2059,41.2785,1.6541,0.3151,83.52,41.99,16.0597,7.1364,5.5332,0.2267,18.24,41.82,15.6021,36.6551,0.5109,0.1273,233.35,25.13,18.9591,17.1602,0.4919,0.3973
2025-04-24,691.96,1552.25,2225.386,22.6136,1.0438,0.1184,148.3,32.09,160.4486,41.2914,0.9906,0.2275,81.33,42.21,15.6386,7.1738,2.7853,0.2005,17.92,42.55,15.3284,37.2949,0.2701,0.1628,236.87,25.0,19.2451,17.0715,0.4652,0.4264
2025-04-25,689.96,1550.0,2218.9539,22.5809,1.1034,0.1175,147.21,32.26,159.2693,41.5101,1.0169,0.254,85.27,42.08,16.3962,7.1517,5.8654,0.2057,18.24,42.0,15.6021,36.8128,0.3552,0.1422,236.6,25.2,19.2232,17.208,0.327,0.5503
2025-04-28,710.8,1550.0,2285.9766,22.5809,1.3517,0.1167,148.6,32.18,160.7732,41.4072,0.9708,0.295,83.39,42.35,16.0347,7.1976,2.8312,0.1876,18.0,41.26,15.3968,36.1642,0.231,0.1336,234.85,25.13,19.081,17.1602,0.3667,0.3619
2025-04-29,705.0,1544.0,2267.3234,22.4935,0.7185,0.1506,150.1,32.08,162.3961,38.6183,1.0294,0.252,83.09,42.0,15.977,7.1381,1.889,0.2219,18.09,42.46,15.4738,35.6242,0.1838,0.2261,232.03,25.01,18.8519,17.0783,0.429,0.3799
2025-04-30,703.6,1547.0,2262.8209,21.8327,0.9293,0.205,148.6,32.1,160.7732,38.6424,1.2961,0.2773,83.49,40.74,16.0539,6.9611,2.0416,0.5685,18.06,41.92,14.7822,35.1712,0.2783,0.1502,231.5,25.08,18.8088,15.9594,0.4006,0.4225
2025-05-06,707.22,1550.2,2274.4631,21.8779,1.3396,0.1457,150.01,32.25,162.2987,38.8229,1.4139,0.3597,86.65,41.37,16.6616,7.0687,3.1613,0.323,18.81,41.78,15.3961,35.0537,0.5014,0.2028,231.63,25.51,18.8194,16.2331,0.5045,0.6726
2025-05-07,721.03,1555.0,2318.8769,21.9456,1.5214,0.2186,150.8,32.34,163.1534,38.9313,1.4296,0.4587,86.65,42.02,16.6616,7.1798,2.8623,0.3456,18.63,43.21,15.2487,36.2535,0.5033,0.2948,238.61,25.67,19.3865,16.3349,0.8016,0.9635
2025-05-08,703.23,1578.19,2261.631,22.2729,1.0198,0.2665,146.0,32.32,157.9602,38.9072,1.8605,0.2672,96.49,42.8,18.5537,7.3131,9.0219,0.4042,19.03,42.61,15.5762,35.7501,0.509,0.1951,244.57,25.86,19.8707,16.4558,0.8017,0.6872
2025-05-09,700.0,1591.18,2251.2431,22.4562,0.7203,0.1884,143.88,32.08,155.6665,38.6183,1.0718,0.2662,94.8,43.48,18.2287,7.4293,3.8486,0.3239,18.69,42.4,15.2979,35.5739,0.292,0.1262,248.27,25.55,20.1713,16.2585,0.6071,0.3917
2025-05-12,675.4,1604.5,2172.128,22.6442,1.5036,0.1969,143.7,32.25,155.4718,38.8229,1.2861,0.3583,97.27,43.8,18.7036,7.4839,4.2597,0.4115,19.27,42.54,15.7726,35.6914,0.5358,0.1485,257.0,26.3,20.8806,16.7358,0.7747,1.0796
2025-05-13,678.29,1590.3,2181.4224,22.4438,0.8629,0.1692,142.17,32.25,153.8164,38.8229,1.1329,0.3792,96.43,44.56,18.5421,7.6138,4.7501,0.3389,19.09,42.05,15.6253,35.2802,0.5267,0.1722,258.77,26.09,21.0244,16.6022,0.5248,0.6541
2025-05-14,683.99,1634.99,2199.754,23.0745,1.1112,0.3141,144.22,32.56,156.0344,39.1961,1.337,0.5053,98.39,44.81,18.919,7.6565,4.9631,0.3455,19.55,42.52,16.0018,35.6746,0.7578,0.1818,262.6,27.07,21.3356,17.2258,0.5931,2.2495
2025-05-15,677.0,1632.01,2177.2737,23.0325,0.8333,0.1969,142.11,32.6,153.7515,39.2443,0.97,0.5198,94.12,44.92,18.0979,7.6753,3.9556,0.3319,19.1,43.15,15.6334,36.2032,0.4062,0.2313,260.18,26.58,21.139,16.914,0.3616,0.8168
2025-05-16,668.0,1614.13,2148.3291,22.7801,0.8638,0.1826,138.49,32.55,149.835,39.1841,1.5309,0.2849,97.83,44.27,18.8113,7.5642,4.7459,0.3004,19.22,42.58,15.7317,35.7249,0.2705,0.1696,259.36,26.21,21.0723,16.6785,0.4843,0.587
2025-05-19,671.94,1578.98,2161.0004,22.284,0.7992,0.303,139.9,32.67,151.3605,39.3285,0.902,0.2995,95.28,43.84,18.321,7.4908,2.7807,0.2437,19.05,42.91,15.5925,36.0018,0.2786,0.1351,260.0,26.11,21.1243,16.6149,0.4349,0.4047
2025-05-20,673.0,1586.0,2164.4094,22.3831,0.8855,0.1554,138.96,32.67,150.3435,39.3285,0.887,0.2957,95.96,43.9,18.4517,7.501,2.4038,0.2426,19.06,42.98,15.6007,36.0605,0.2002,0.1549,263.0,26.09,22.026,16.6022,0.8877,0.4149
2025-05-21,666.49,1580.97,2143.4729,22.3121,0.596,0.1576,138.85,32.7,150.2245,39.3646,0.6939,0.3391,95.73,43.9,18.4075,7.501,2.3856,0.242,18.97,43.88,15.527,36.8156,0.1659,0.2242,274.08,26.04,22.9539,16.5703,1.4484,0.4406
2025-05-22,661.66,1580.0,2127.9393,22.2984,0.7113,0.1201,136.66,32.79,147.8551,39.473,0.9709,0.3678,94.46,44.51,18.1725,7.6053,2.1802,0.2742,19.05,43.94,15.5925,36.866,0.2741,0.1636,270.37,25.99,22.6432,16.5385,0.7074,0.3646
2025-05-23,658.6,1572.6,2118.0982,22.194,0.7852,0.1714,136.13,32.39,147.2816,38.9915,1.1241,0.3548,91.87,44.05,17.6742,7.5267,2.4832,0.2625,18.79,44.37,15.3797,37.2267,0.2703,0.2835,266.99,25.67,22.4603,16.3349,0.5894,0.5457
2025-05-26,651.0,1550.5,2093.6561,21.8821,0.7761,0.2156,136.13,32.56,147.2816,39.1961,1.1241,0.2611,92.36,43.8,17.7685,7.4839,1.7059,0.2211,18.76,44.78,15.3552,37.5707,0.1923,0.3308,255.9,25.62,21.5274,16.3031,0.8459,0.3701
2025-05-27,614.0,1543.9,1974.6618,21.789,1.5598,0.1413,136.13,32.57,147.2816,39.2081,1.1241,0.2856,90.16,43.74,17.4058,7.4737,2.5209,0.1763,18.47,44.52,15.1178,37.3526,0.2176,0.1951,253.99,25.51,21.3667,16.2331,0.4527,0.3573
2025-05-28,609.99,1537.0,1961.7654,21.6916,1.0897,0.1295,136.13,32.61,147.2816,39.2563,1.1241,0.247,92.62,43.68,17.8807,7.4634,2.7749,0.1456,18.58,45.39,15.2078,38.0825,0.1671,0.2456,253.6,25.42,21.3339,16.1758,0.3961,0.2913
2025-05-29,612.9,1540.0,1971.1241,21.7339,1.0439,0.174,136.13,32.53,147.2816,39.16,1.1241,0.2979,94.94,43.47,18.3286,7.4276,3.8274,0.239,19.7,44.63,16.1245,37.4449,0.891,0.227,251.85,25.7,21.1867,16.354,0.5583,0.4457
2025-05-30,603.66,1522.0,1941.4077,21.4799,1.4041,0.2487,136.13,32.36,147.2816,38.9553,1.1241,0.2509,93.55,43.43,18.0603,7.4207,1.9296,0.277,18.93,44.42,15.4943,37.2687,0.4712,0.1716,250.0,25.52,21.0311,16.2394,0.5236,0.4515
2025-06-03,595.86,1509.0,1916.3225,21.2964,0.8469,0.2307,136.13,32.5,147.2816,39.1239,1.1241,0.2974,91.76,43.97,17.7147,7.513,1.6611,0.2442,18.79,44.4,15.3797,37.2519,0.2505,0.2341,251.15,25.59,21.1278,16.284,0.4059,0.4516
2025-06-04,607.5,1509.96,1953.7574,21.31,1.1726,0.1832,136.13,32.51,147.2816,39.1359,1.1241,0.2952,97.3,44.06,18.7842,7.5284,5.5418,0.181,19.43,44.17,15.9036,37.0589,0.56,0.155,251.05,25.89,21.1194,16.4749,0.3341,0.5249
2025-06-05,619.86,1514.0,1993.5079,21.367,1.3625,0.1848,136.13,32.47,147.2816,39.0878,1.1241,0.3508,102.88,44.37,19.8615,7.5813,6.1403,0.2042,20.56,43.1,16.8285,36.1612,1.169,0.2115,251.5,26.18,21.1573,16.6594,0.3466,0.6997
2025-06-06,610.0,1506.39,1961.7976,21.2596,0.9827,0.1992,136.13,32.38,147.2816,38.9794,1.1241,0.3574,103.45,44.47,19.9715,7.5984,4.2408,0.1811,20.31,42.83,16.6238,35.9347,0.427,0.1875,248.88,25.98,20.9369,16.5322,0.4241,0.414
2025-06-09,613.28,1486.11,1972.3463,20.9734,0.9696,0.3579,136.13,32.56,147.2816,39.1961,1.1241,0.3149,108.55,44.6,20.9561,7.6206,6.5864,0.2301,20.43,42.12,16.7221,35.339,0.3746,0.3249,245.58,26.43,20.6592,16.8185,0.4753,0.7463
2025-06-10,601.89,1475.01,1935.7153,20.8167,1.0293,0.2427,141.98,32.38,153.6109,38.9794,6.8701,0.298,107.77,44.67,20.8055,7.6326,4.3418,0.2561,20.16,41.72,16.5011,35.0034,0.3148,0.2695,243.14,25.95,20.454,16.5131,0.357,0.6039
2025-06-11,600.2,1480.0,1930.2802,20.8872,0.7406,0.2459,135.5,32.78,146.6,39.4609,3.6062,0.4898,107.98,45.31,20.8836,7.7419,3.1026,0.3765,20.4,41.73,16.6975,35.0118,0.4321,0.2734,250.5,26.38,21.0731,16.7867,0.7173,0.8481
2025-06-12,604.8,1459.0,1945.074,20.5908,0.9267,0.3973,136.09,32.5,147.2384,39.1239,2.1156,0.3444,116.0,45.23,22.4347,7.7283,7.8222,0.2193,20.66,41.29,16.9103,34.6426,0.5278,0.4265,249.81,26.44,21.0151,16.8249,0.4502,0.6143
2025-06-13,604.9,1426.95,1945.3957,20.1385,0.9691,0.4706,137.06,32.08,148.2878,38.6183,2.1987,0.5132,116.65,45.18,22.5605,7.7197,4.295,0.2298,20.9,41.07,17.1068,34.458,0.5254,0.5931,248.2,26.3,20.8796,16.7358,0.4459,0.6055
2025-06-16,597.55,1422.29,1921.7576,20.0727,1.0939,0.3414,138.35,31.92,149.6835,38.4257,1.6774,0.3282,120.57,45.78,23.3186,7.8223,5.3696,0.2009,21.22,40.12,17.3687,33.661,0.622,0.5109,246.66,26.68,20.7501,16.9776,0.3131,0.6414
2025-06-17,573.3,1427.0,1843.7681,20.1392,1.5732,0.2168,135.7,31.79,146.8164,38.2692,1.4838,0.3527,119.36,45.98,23.0846,7.8564,3.24,0.2299,20.6,40.43,16.8612,33.9211,0.4442,0.3825,246.26,26.7,20.7164,16.9903,0.2502,0.4229
2025-06-18,583.91,1425.0,1877.8905,20.1109,0.9796,0.2449,134.68,31.56,145.7129,37.9923,1.3443,0.3678,125.06,45.85,24.187,7.8342,6.1344,0.2067,21.16,40.23,17.3196,33.7533,0.5937,0.2857,245.57,26.38,20.6584,16.7867,0.268,0.4296
2025-06-19,582.08,1426.0,1872.0051,20.1251,0.8077,0.195,134.15,31.33,145.1394,37.7154,1.2009,0.2736,128.3,45.63,24.8136,7.7966,5.6593,0.2489,20.81,38.69,17.0331,34.0901,0.4066,0.5716,242.1,25.91,20.3665,16.4876,0.3792,0.5356
2025-06-20,573.97,1428.66,1845.9229,20.1626,0.8909,0.2772,133.5,31.38,144.4362,37.7756,1.0173,0.2132,129.5,45.99,25.0457,7.8581,4.4589,0.2172,20.59,38.51,16.853,33.9315,0.2522,0.2978,240.26,25.88,20.2117,16.4685,0.3508,0.3449
2025-06-23,568.0,1420.0,1826.723,20.0404,1.0899,0.2127,133.58,31.29,144.5228,37.6673,1.0216,0.3042,127.09,46.25,24.5796,7.9026,4.8389,0.2613,20.2,38.44,16.5338,33.8698,0.395,0.2854,239.61,26.23,20.157,16.6912,0.3257,0.4536
2025-06-24,607.25,1437.2,1952.9534,20.2831,2.1164,0.2891,137.14,31.68,148.3744,38.1368,2.2117,0.374,125.25,46.75,24.2237,7.988,4.07,0.3179,20.29,38.98,16.6075,34.3456,0.3582,0.2767,245.92,26.91,20.6878,17.124,0.6022,1.1204
2025-06-25,611.11,1435.86,1965.3674,20.2642,2.2347,0.3268,137.99,31.8,149.294,38.2812,1.917,0.3338,125.73,47.5,24.3165,8.1161,4.4539,0.2946,20.98,39.46,17.1722,34.7685,0.5789,0.2707,254.9,28.03,21.4433,17.8367,0.8081,2.3458
2025-06-26,610.5,1420.0,1963.4056,20.0404,2.1592,0.2775,141.75,31.77,153.362,38.2451,3.3745,0.2343,129.7,47.88,25.0844,8.1811,5.4247,0.2861,21.04,38.95,17.2213,34.3192,0.5941,0.2206,252.79,27.57,21.2658,17.5439,0.5103,1.371
2025-06-27,585.5,1403.09,1883.0041,19.8017,1.9482,0.3045,139.0,31.77,150.3868,38.2451,1.9244,0.2802,138.4,46.22,26.767,7.8974,5.9944,0.4625,21.35,38.76,17.4751,34.1518,0.585,0.2158,250.99,27.58,21.1144,17.5503,0.6052,1.459
2025-06-30,601.5,1409.52,1934.461,19.8925,1.7366,0.2425,141.29,31.77,152.8643,38.2451,1.7376,0.2755,145.86,45.95,28.2098,7.8513,6.8026,0.3028,21.38,38.91,17.4996,34.2839,0.382,0.1829,252.22,27.62,21.2178,17.5758,0.4516,0.7955
2025-07-01,563.0,1405.1,1814.5179,19.8301,2.4916,0.1582,136.5,31.61,147.682,38.0525,2.2042,0.3117,145.3,46.45,28.1014,7.9367,2.8905,0.2184,21.4,39.1,17.516,34.4513,0.378,0.1704,251.5,27.39,21.1573,17.4294,0.2443,0.5811
2025-07-02,545.1,1409.6,1756.8272,19.8936,1.5322,0.2087,135.56,31.55,146.665,37.9803,1.1581,0.2101,138.93,46.9,26.8695,8.0136,3.3081,0.2514,21.16,38.9,17.3196,34.2751,0.2703,0.1729,250.45,27.28,21.0689,17.3594,0.2965,0.4724
2025-07-03,547.3,1415.6,1763.9177,19.9783,0.9495,0.1943,135.36,31.65,146.4486,38.1006,1.031,0.191,142.26,46.61,27.5135,7.9641,3.4728,0.2696,23.28,38.92,19.0554,34.2927,1.7214,0.1472,262.59,27.67,22.0902,17.6076,0.8662,0.5962
2025-07-04,547.47,1422.22,1764.4656,20.0717,1.3591,0.229,135.56,31.57,146.665,38.0043,1.2578,0.3172,139.45,47.07,26.97,8.0427,3.7873,0.3291,23.81,38.86,19.4892,34.2399,1.6296,0.1822,265.8,27.66,22.3602,17.6012,0.6971,0.8388
2025-07-07,541.38,1410.7,1744.8379,19.9091,0.7962,0.1899,136.03,31.48,147.1735,37.896,0.8158,0.2577,135.15,47.2,26.1384,8.0649,5.2023,0.2751,23.98,38.6,19.6283,34.0108,0.8304,0.1564,260.89,27.79,21.9472,17.6839,0.4476,0.4699
2025-07-08,542.77,1416.11,1749.3178,19.9855,0.9448,0.1487,136.9,31.59,148.1147,38.0284,1.1363,0.2652,144.88,47.62,28.0202,8.1366,4.8138,0.309,26.38,38.88,21.5928,34.2575,1.4588,0.1565,263.31,28.02,22.1508,17.8303,0.3995,0.6946
2025-07-09,535.0,1418.88,1724.2755,20.0246,1.1729,0.2209,135.39,31.69,146.481,38.1488,1.0222,0.3248,145.3,47.13,28.1014,8.0529,3.7543,0.2979,26.6,38.6,21.7729,34.0108,1.3364,0.251,270.8,27.81,22.7809,17.6967,0.7531,0.6633
2025-07-10,523.5,1426.5,1687.2116,20.1321,2.0513,0.3083,135.11,31.73,146.1781,38.1969,1.234,0.3522,146.59,48.24,28.3509,8.2426,3.9379,0.5913,26.16,38.69,21.4127,34.0901,0.9388,0.2128,272.0,28.23,22.8818,17.9639,0.6211,1.1678
2025-07-11,553.98,1427.0,1785.447,20.1392,2.7832,0.4557,137.43,31.7,148.6881,38.1608,2.3646,0.6447,145.28,45.64,28.0976,7.7983,2.8127,0.5742,26.0,38.69,21.2818,34.0901,0.7247,0.4437,271.5,28.66,22.8397,18.2375,0.5465,2.0244
2025-07-14,565.06,1423.6,1821.1572,20.0912,1.5565,0.2212,136.1,31.83,147.2492,38.3173,1.0852,0.4517,149.82,45.57,28.9756,7.7864,3.514,0.3144,25.92,38.52,21.2163,33.9403,0.546,0.2928,268.5,28.41,22.5874,18.0785,0.3838,0.8289
2025-07-15,553.1,1411.0,1782.6108,19.9134,1.4267,0.2818,136.7,31.73,147.8983,38.1969,1.5011,0.3628,174.81,45.22,33.8088,7.7266,8.3575,0.3229,27.25,38.39,22.3049,33.8258,1.3916,0.1963,267.75,28.24,22.5243,17.9703,0.4344,0.7747
2025-07-16,580.19,1411.03,1869.9204,19.9138,2.3216,0.1694,137.56,31.79,148.8288,38.2692,1.776,0.2261,170.76,45.11,33.0255,7.7078,8.1928,0.227,26.73,38.38,21.8793,33.8169,0.7333,0.1719,264.4,28.08,22.2425,17.8685,0.4004,0.6254
2025-07-17,582.4,1416.35,1877.0431,19.9889,1.906,0.1839,138.0,31.83,149.3048,38.3173,1.9355,0.2371,176.85,45.0,34.2033,7.689,5.4685,0.2021,27.5,38.52,22.5096,33.9403,0.7913,0.2089,265.5,28.25,22.335,17.9766,0.3718,0.5256
2025-07-18,582.62,1437.0,1877.7521,20.2803,1.2228,0.3329,136.97,32.14,148.1905,38.6905,1.3613,0.4638,180.62,45.05,34.9324,7.6975,5.5312,0.2634,27.11,38.8,22.1903,34.187,0.6494,0.3161,271.2,28.34,22.8145,18.0339,0.5685,0.5475
2025-07-21,582.0,1443.0,1875.7539,20.365,1.4241,0.2086,136.67,32.18,147.8659,38.7387,1.4855,0.4038,187.95,44.85,36.3501,7.6633,5.398,0.2746,27.02,38.9,22.1167,34.3467,0.4356,0.2645,279.66,28.9,23.5262,18.3903,0.8324,1.0914
2025-07-22,593.93,1464.98,1914.2036,20.6752,1.5688,0.3353,135.34,32.39,146.4269,38.9915,2.4823,0.5416,184.44,44.94,35.6712,7.6787,5.3625,0.4471,26.96,39.5,22.0676,34.8765,0.7145,0.4558,286.66,28.93,24.1151,18.4094,0.8535,0.9213
2025-07-23,595.56,1475.5,1919.457,20.8236,1.3024,0.3586,135.17,32.41,146.243,39.0155,2.2991,0.6962,186.18,45.12,36.0078,7.7095,3.67,0.4136,26.58,39.43,21.7565,34.8146,0.5745,0.389,287.02,29.78,24.1454,18.9503,0.513,2.3716
2025-07-24,600.23,1491.5,1934.5082,21.0494,1.1752,0.3089,136.7,33.23,147.8983,40.0027,2.2368,1.3831,185.2,44.88,35.8182,7.6685,3.9983,0.4007,28.45,39.91,23.2872,35.2385,1.1277,0.3591,285.2,30.04,23.9922,19.1157,0.5737,1.7229
2025-07-25,673.3,1455.0,2170.0088,20.5343,3.0451,0.3336,141.49,32.76,153.0807,39.4369,4.0482,0.8682,185.22,44.83,35.8221,7.6599,2.6037,0.3375,28.66,39.32,23.4591,34.7175,0.541,0.4039,282.8,29.7,23.7903,18.8993,0.3442,0.9969
2025-07-28,679.0,1438.66,2188.3795,20.3037,2.2727,0.3072,139.93,32.73,151.3929,39.4008,2.1034,0.4956,191.87,44.44,37.1082,7.5933,3.97,0.3079,29.57,39.05,24.2039,34.4791,0.7667,0.311,286.3,29.96,24.0848,19.0648,0.6124,1.0331
2025-07-29,710.78,1439.0,2290.8047,20.3085,2.7275,0.2094,143.0,32.55,154.7144,39.1841,3.1766,0.4516,209.93,44.14,40.6011,7.542,5.2855,0.3809,31.19,38.87,25.5299,34.3202,0.9006,0.2674,291.82,29.95,24.5491,19.0584,0.5995,1.0101
2025-07-30,684.7,1449.44,2206.7503,20.4559,1.8294,0.2537,140.45,32.67,151.9555,39.3285,1.9114,0.4334,210.6,44.42,40.7307,7.5899,3.5319,0.3517,33.28,39.2,27.2407,34.6116,1.0416,0.3679,277.09,29.78,23.31,18.9503,1.0658,1.042
2025-07-31,709.5,1421.67,2286.6794,20.0639,2.8132,0.4123,139.2,32.18,150.6031,38.7387,3.5043,0.5779,217.61,44.48,42.0864,7.6001,5.8251,0.3554,34.61,38.35,28.3293,33.8611,1.5222,0.432,264.62,29.02,20.6714,18.4666,1.0515,1.1608
2025-08-01,689.1,1417.0,2220.9313,19.998,1.7171,0.2359,137.75,32.14,149.0344,38.6905,2.5434,0.3414,210.63,44.42,40.7365,7.5899,4.3046,0.2882,33.0,38.09,27.0115,33.6315,1.1048,0.3059,263.07,28.75,20.5504,18.2948,0.5938,0.7916
2025-08-04,689.06,1419.0,2220.8024,20.0263,1.3807,0.1488,142.58,32.11,154.26,38.6544,3.6004,0.3513,208.42,44.9,40.309,7.6719,2.9922,0.2414,32.97,38.26,26.9869,33.7816,0.6958,0.214,266.48,28.91,20.8167,18.3966,0.559,0.5861
2025-08-05,695.0,1427.74,2239.9467,20.1496,1.1662,0.2017,142.46,32.34,154.1302,38.9313,1.9866,0.3468,210.92,45.25,40.7925,7.7317,3.7456,0.2692,35.05,38.4,28.6895,33.9052,1.2317,0.1907,265.7,29.18,20.7558,18.5684,0.5168,0.7503
2025-08-06,694.34,1423.88,2237.8195,20.0951,1.0374,0.1887,137.34,32.23,140.0694,38.7989,4.6098,0.3778,210.52,45.12,40.7152,7.7095,2.309,0.2086,34.3,38.35,28.0756,33.8611,0.7434,0.1643,265.0,29.16,20.7011,18.5557,0.3604,0.6071
2025-08-07,703.0,1422.35,2265.7302,20.0735,2.5874,0.2229,136.61,32.27,139.3249,38.847,2.7341,0.3943,208.46,45.15,40.3168,7.7146,4.0978,0.2136,35.65,38.35,29.1806,33.8611,1.2267,0.1841,263.05,29.11,20.5488,18.5239,0.3892,0.7227
2025-08-08,692.8,1420.97,2232.8562,20.0541,1.5598,0.1485,136.12,31.91,138.8251,38.4136,1.8629,0.2958,209.3,44.53,40.4792,7.6087,2.9603,0.2213,36.59,38.26,29.95,33.7816,0.9071,0.1415,263.48,28.88,20.5824,18.3775,0.4099,0.5376
2025-08-11,707.4,1445.0,2279.9112,20.3932,1.3289,0.3754,135.91,31.9,138.611,38.4016,1.8099,0.4089,214.75,44.1,41.5333,7.5352,3.1724,0.2602,36.35,38.49,27.1482,33.9847,0.9718,0.2357,263.66,29.38,20.5964,18.6957,0.5017,1.0411
2025-08-12,848.88,1437.04,2735.8934,20.2809,4.5804,0.3345,138.8,31.84,141.5584,38.3294,2.1339,0.4727,225.68,44.0,43.6472,7.5181,3.8966,0.2726,39.71,38.56,29.6577,34.0465,1.1222,0.2536,263.25,29.48,20.5644,18.7593,0.523,0.6738
2025-08-13,860.0,1420.05,2771.7326,19.8349,3.2194,0.5216,140.12,31.83,142.9046,38.3173,1.587,0.5704,252.0,43.54,48.7375,7.4395,4.9858,0.425,43.68,38.59,32.6227,34.073,1.2205,0.2527,273.6,29.62,21.3729,18.8484,0.9282,1.6429
2025-08-14,949.0,1426.99,3058.5746,19.9319,3.6025,0.3831,152.49,31.86,155.5204,38.3534,3.3946,0.5462,239.47,43.78,46.3142,7.4805,3.6865,0.3279,43.22,38.77,32.2792,34.2319,1.2186,0.4469,279.89,29.65,21.8643,18.8675,0.8742,1.5291
2025-08-15,923.7,1422.08,2977.0341,19.8633,2.6389,0.3788,153.86,31.8,156.9177,38.2812,1.9036,0.6646,238.05,43.3,46.0396,7.3985,3.1704,0.4523,44.86,38.89,33.504,34.3379,1.1616,0.3059,280.67,31.1,21.9252,19.7902,0.567,3.2916
2025-08-18,950.0,1428.5,3061.7976,19.953,2.759,0.3772,152.61,31.87,155.6428,38.3655,1.8526,0.9178,260.0,43.51,50.2848,7.4344,4.2495,0.4491,44.46,39.32,33.2053,34.7175,1.3248,0.4445,283.0,31.7,22.1072,20.172,0.6709,2.929
2025-08-19,933.98,1438.0,3010.166,20.0856,2.5211,0.3691,148.73,31.87,151.6857,38.3655,1.5622,0.6195,275.5,43.4,53.2825,7.4156,3.7063,0.2783,48.91,39.26,36.5288,34.6645,1.375,0.3295,277.8,31.02,21.701,19.7393,0.5745,1.6167
2025-08-20,1013.0,1450.0,3264.8431,20.2533,3.0372,0.3646,155.79,32.29,158.886,38.8711,2.0753,0.7417,267.79,43.45,51.7914,7.4241,3.6919,0.2653,47.91,39.49,35.7819,34.8676,1.2743,0.3293,279.2,31.15,21.8104,19.822,0.5492,1.5261
2025-08-21,1036.0,1448.25,3338.9709,20.2288,2.7257,0.2459,155.05,32.47,158.1313,39.0878,1.7965,0.812,265.22,43.47,51.2943,7.4276,3.5674,0.2805,45.29,39.75,33.8251,35.0972,1.1666,0.3413,279.0,30.88,21.7948,19.6502,0.4297,1.1325
2025-08-22,1243.2,1463.95,4006.765,20.4481,3.3742,0.358,186.06,32.5,189.7576,39.1239,3.2334,0.5994,278.9,43.26,53.9401,7.3917,3.4602,0.3851,45.83,39.85,34.2284,35.1855,1.2149,0.3306,287.18,32.2,22.4338,20.4902,0.6214,2.2214
2025-08-25,1384.93,1490.33,4463.553,20.8166,4.4852,0.52,210.1,32.79,214.2753,39.473,4.3971,0.797,320.0,43.87,61.8889,7.4959,4.5046,0.4399,48.0,41.1,35.8491,36.2892,1.5413,0.5859,290.28,32.14,22.6759,20.452,0.7344,2.065
2025-08-26,1329.0,1481.61,4283.2937,20.6948,2.8238,0.3153,197.23,33.15,201.1496,39.9064,2.4919,1.0964,314.0,43.52,60.7285,7.4361,3.2733,0.3663,45.48,41.07,33.967,36.2627,1.1161,0.4781,289.5,31.68,22.615,20.1593,0.5415,1.1497
2025-08-27,1372.1,1448.0,514.421,20.2253,4.2775,0.4458,191.95,32.52,195.7646,39.148,2.7786,0.9964,325.1,43.0,53.0574,7.3472,5.5246,0.3675,45.72,40.4,34.1463,35.6711,1.3111,0.4827,278.3,30.89,21.7401,19.6566,0.8997,1.7205
2025-08-28,1587.91,1446.1,595.3314,20.1988,4.2613,0.3127,205.0,32.65,209.074,39.3045,3.0004,0.8285,359.03,42.98,58.5949,7.3438,5.2819,0.3987,48.94,40.08,36.5512,35.3886,1.742,0.4359,277.41,31.5,21.6706,20.0448,0.7165,1.3464
2025-08-29,1492.49,1480.0,559.557,20.6723,4.2701,0.4956,194.52,32.32,198.3857,38.9072,2.1461,1.1958,354.92,42.89,57.9242,7.3284,4.4354,0.6597,53.83,41.44,40.2033,35.6351,1.7274,0.618,306.18,31.48,23.918,18.7724,1.8347,2.0423
2025-09-01,1448.39,1476.1,543.0232,20.5534,4.1922,0.3603,208.96,32.36,213.1127,37.2255,2.828,0.9771,406.1,41.98,66.2769,7.1257,5.4152,0.6187,55.62,41.22,41.5402,35.4459,1.3572,0.4733,304.0,31.17,23.7477,18.5875,1.0112,1.4033
2025-09-02,1480.0,1491.3,554.8743,20.765,4.1443,0.4527,201.89,32.17,205.9022,37.0069,2.369,0.6677,384.0,43.44,62.6701,7.3736,7.093,0.7039,53.88,40.94,40.2406,35.2051,1.3713,0.3706,302.87,30.78,23.6594,18.355,0.8729,1.3968
2025-09-03,1405.0,1480.55,526.7557,20.6153,3.3821,0.3597,194.98,31.95,198.8549,36.7538,1.678,0.8211,426.19,42.9,69.5557,7.2819,6.4437,0.3967,54.24,40.18,40.5095,34.5516,1.1175,0.3477,309.0,29.79,24.1383,17.7646,1.197,1.5479
2025-09-04,1202.0,1472.66,450.6479,20.5055,5.2983,0.3813,173.28,31.73,176.7236,36.5007,2.8865,0.7086,369.14,43.05,60.2449,7.3074,8.4944,0.4534,53.13,40.42,39.6805,34.758,1.6811,0.4258,304.03,29.56,23.7518,17.6275,1.5463,1.4912
2025-09-05,1281.46,1483.0,480.4387,20.6494,4.7816,0.2986,179.4,31.92,182.9652,36.7193,1.9811,0.596,407.0,42.76,66.4238,7.2581,7.1692,0.2774,55.83,40.44,41.697,34.7752,1.7076,0.3266,325.11,29.83,25.3993,17.7885,1.6653,1.0953
2025-09-08,1212.78,1501.23,454.6895,20.9033,3.3639,0.4103,179.35,32.56,182.9142,37.4555,1.3936,0.9705,369.99,42.43,60.3836,7.2021,6.7039,0.4129,51.4,41.17,38.3884,35.4029,1.5271,0.4519,325.37,29.45,25.4196,17.5619,1.3835,1.2739
2025-09-09,1228.07,1505.0,460.4219,20.9558,2.476,0.2854,174.51,32.38,177.9781,37.2485,1.047,0.4102,359.29,42.83,58.6374,7.27,4.3476,0.2858,48.79,41.33,36.4391,35.5405,1.3202,0.2983,320.0,29.52,25.0,17.6036,1.0206,0.9685
2025-09-10,1273.0,1522.01,477.2669,21.1926,3.3127,0.3966,184.03,32.16,187.6872,36.9954,2.0213,0.3849,385.0,43.0,62.8333,7.2989,5.6092,0.2285,53.67,40.95,40.0838,35.2137,1.7428,0.2317,316.04,29.48,24.6907,17.5797,0.8642,0.726
2025-09-11,1387.0,1523.5,520.0072,21.2134,4.5639,0.2974,220.84,32.24,225.2288,37.0874,3.3377,0.5579,439.97,43.3,71.8046,7.3498,5.9412,0.3154,59.04,41.29,44.0944,35.5061,1.3711,0.2952,322.55,30.33,25.1998,18.0866,0.8944,1.5308
2025-09-12,1488.0,1516.0,557.8736,21.1089,4.7188,0.2693,220.02,32.08,224.3925,36.9034,3.5066,0.5598,422.09,42.54,68.8865,7.2208,4.2741,0.399,61.9,40.65,46.2304,34.9557,1.5893,0.2984,325.0,29.78,25.3912,17.7586,0.7965,1.2153
2025-09-15,1440.0,1515.1,539.8777,21.0964,2.7367,0.2062,231.5,32.08,236.1006,36.9034,2.8503,0.3899,408.02,42.22,66.5903,7.1665,3.2341,0.3391,59.9,40.84,44.7367,35.1191,0.9728,0.2552,354.7,29.59,27.7116,17.6453,1.6893,1.4163
2025-09-16,1440.1,1499.98,539.9152,20.8859,3.2701,0.2613,246.0,32.06,250.8888,36.8804,2.757,0.4176,411.42,41.75,67.1452,7.0867,4.003,0.4164,59.73,40.33,44.6098,34.6806,0.9039,0.245,353.42,29.28,27.6216,17.4605,0.8872,1.711
2025-09-17,1442.0,1493.0,540.6275,20.7887,2.3573,0.2422,242.69,32.39,247.513,37.26,2.1133,0.6864,406.2,41.76,66.2932,7.0884,2.9337,0.2775,61.12,40.29,45.6479,34.6462,1.2182,0.1863,377.1,28.99,29.4732,17.2875,1.2781,2.4836
2025-09-18,1420.99,1467.96,532.7506,20.44,4.1113,0.397,243.81,31.94,248.6553,36.7423,3.271,0.7618,409.4,40.83,66.8155,6.9305,5.0801,0.4865,64.36,39.79,48.0646,34.2162,1.5866,0.3087,366.89,28.35,28.6752,16.9059,1.2197,3.0632
2025-09-19,1349.24,1467.97,505.8504,20.4402,3.025,0.2606,235.96,32.3,240.6493,37.1565,2.1411,0.6958,421.5,41.0,68.7902,6.9594,4.2201,0.4055,66.1,39.8,49.364,34.2248,1.1928,0.1968,368.49,28.31,28.8003,16.882,0.7972,1.3652
2025-09-22,1398.0,1453.35,524.1313,20.2366,3.2117,0.2791,261.21,32.05,266.401,36.8689,3.0926,0.5501,418.0,40.92,68.219,6.9458,3.733,0.3181,70.5,39.51,52.65,33.9754,1.2082,0.1908,370.05,28.78,28.9222,17.1623,0.6705,1.2805
2025-09-23,1350.38,1447.42,506.2778,20.154,3.064,0.3087,254.66,31.88,259.7209,36.6733,2.3128,0.5696,434.29,41.55,70.8776,7.0528,4.8344,0.4551,70.87,39.3,52.9263,33.7949,1.3447,0.2735,368.15,28.5,28.7737,16.9953,0.8191,1.2297
2025-09-24,1374.0,1442.0,515.1333,20.0785,2.4118,0.2455,259.89,31.93,265.0548,36.7308,2.3493,0.3356,423.5,41.32,69.1166,7.0137,3.5584,0.3121,68.63,38.8,51.2535,33.3649,0.9889,0.2462,379.93,28.69,29.6944,17.1087,0.9006,1.2797
2025-09-25,1386.69,1439.0,519.891,20.0368,2.1585,0.2705,267.92,31.73,273.2444,36.5007,2.0696,0.5136,434.6,40.82,70.9282,6.9288,4.5734,0.3233,68.46,38.6,51.1265,33.1929,0.9501,0.2241,392.85,28.71,30.7042,17.1206,1.0963,1.0907
2025-09-26,1339.0,1435.0,502.0113,19.9811,1.8052,0.3603,259.1,31.66,264.2491,36.4202,1.477,0.3637,413.7,40.8,67.5173,6.9255,3.1761,0.331,64.87,38.8,48.4455,33.3649,0.9677,0.2428,380.4,28.72,29.7311,17.1265,0.8524,1.0401
2025-09-29,1323.5,1460.86,496.2001,20.3412,2.1584,0.4287,255.84,31.89,260.9243,36.6848,1.9951,0.5933,416.75,40.68,68.015,6.9051,3.8811,0.405,66.58,38.88,49.7225,33.4337,0.7807,0.311,397.37,30.41,31.0575,18.1343,0.9159,4.8764
2025-09-30,1325.0,1443.99,496.7625,20.1063,2.0686,0.3143,252.6,31.89,257.6199,36.6848,1.6775,0.411,403.68,40.41,65.882,6.8593,3.554,0.3393,66.01,38.96,49.2968,33.5025,0.8326,0.2195,402.0,29.9,31.4193,17.8302,0.7764,2.423
2025-10-09,1332.79,1436.78,499.683,20.0059,2.8287,0.4385,263.05,31.95,268.2776,36.7538,1.9929,0.6012,398.81,40.33,65.0872,6.8457,3.536,0.4713,68.45,39.34,51.119,33.8293,1.1156,0.3,409.89,29.65,32.0444,17.6811,0.9683,3.1273
2025-10-10,1247.08,1430.0,467.5491,19.9115,2.5867,0.2875,241.49,31.88,246.2892,36.6733,2.0643,0.4519,390.0,40.18,63.6493,6.8202,3.4761,0.463,66.41,39.28,49.5956,33.7777,0.928,0.3164,381.95,29.68,29.8601,17.699,1.2527,2.1975
2025-10-13,1262.11,1419.2,473.184,19.7611,2.0976,0.3679,244.0,31.52,248.849,36.2592,1.6482,0.574,376.99,40.11,61.5261,6.8083,3.7025,0.5167,63.48,38.9,47.4074,33.4509,0.8604,0.2747,374.5,29.2,29.2777,17.4128,1.108,1.7332
2025-10-14,1196.0,1451.02,448.3984,20.2041,2.5308,0.5324,227.6,31.59,232.1231,36.3397,1.9873,0.488,346.1,41.26,56.4847,7.0035,4.6525,0.8405,59.72,39.1,44.5994,33.6229,0.9803,0.2486,358.0,29.03,27.9878,17.3114,1.1665,1.6056
2025-10-15,1242.0,1462.0,465.6445,20.357,1.6925,0.3417,241.05,31.88,245.8404,36.6733,1.5446,0.4465,354.12,41.5,57.7936,7.0443,3.1947,0.5152,63.38,39.49,47.3327,33.9582,0.9627,0.303,369.3,29.69,28.8712,17.705,0.8693,1.6136
2025-10-16,1274.0,1484.91,477.6418,20.676,2.3107,0.3652,233.01,31.6,228.8375,36.3512,1.2807,0.3229,366.97,41.93,59.8908,7.1173,3.0988,0.515,63.59,39.77,47.4896,34.199,0.5838,0.2066,368.5,29.65,28.8086,17.6811,0.6492,1.3118
2025-10-17,1247.68,1455.0,467.774,20.2596,2.0273,0.3041,228.25,31.32,224.1628,36.0291,1.2642,0.4646,373.6,41.59,60.9728,7.0595,4.2301,0.4023,60.01,39.08,44.816,33.6057,0.6943,0.2122,358.14,29.09,27.9987,17.3472,0.7497,1.4289
2025-10-20,1281.12,1457.93,285.5697,20.3004,3.0613,0.2072,228.74,31.43,224.644,36.1556,1.213,0.4135,403.0,41.42,65.771,7.0307,5.4414,0.3148,62.06,38.94,46.3469,33.4853,0.7302,0.1861,366.5,29.23,28.6523,17.4307,0.6681,1.0079
2025-10-21,1368.96,1462.26,307.5823,20.3606,3.4929,0.2032,236.9,31.4,232.6579,36.1211,1.4555,0.341,441.5,41.98,72.0543,7.1257,5.1124,0.3684,68.0,38.95,50.783,33.4939,1.2704,0.145,375.9,29.36,26.893,17.5082,1.0488,2.5202
2025-10-22,1429.5,1458.7,321.1847,20.3111,3.3784,0.1453,241.79,31.27,237.4603,35.9716,1.5452,0.3111,444.3,41.95,72.5113,7.1207,3.5956,0.2673,65.46,38.65,48.8861,33.2359,0.8419,0.1689,372.86,29.19,26.6756,17.4068,0.5157,1.0076
2025-10-23,1398.9,1467.98,314.3094,20.4403,1.8942,0.2342,236.15,31.38,231.9213,36.0981,0.9615,0.2996,440.88,42.24,71.9531,7.1699,2.4967,0.3457,63.99,38.63,47.7883,33.2187,0.5591,0.1565,376.45,29.52,26.9324,17.6036,0.5639,1.1527
2025-10-24,1525.0,1450.0,342.6419,20.1899,3.8142,0.3053,249.01,31.37,244.551,36.0866,1.7402,0.2534,494.0,41.95,80.6225,7.1207,4.4417,0.3388,67.25,38.6,50.2229,33.1929,0.9015,0.1626,385.77,29.87,27.5992,17.8123,0.7529,2.4563
2025-10-27,1530.68,1440.41,343.9181,20.0564,2.9247,0.2963,251.03,31.37,246.5348,36.0866,1.496,0.3502,508.94,41.59,83.0608,7.0595,4.0771,0.4794,72.76,38.71,54.3378,33.2875,1.1828,0.2348,386.18,29.99,27.6285,15.8378,0.9505,3.7877
2025-10-28,1478.58,1445.0,332.2121,20.1203,2.4934,0.2166,245.74,31.5,241.3396,36.2362,1.0559,0.4033,513.0,41.6,83.7234,7.0612,3.7807,0.3422,73.99,38.4,55.2564,33.0209,1.0213,0.2864,386.48,30.0,27.65,15.8431,0.6746,1.8587
2025-10-29,1461.0,1431.9,328.2622,19.9379,2.4197,0.271,246.84,31.6,242.4199,36.3512,1.1177,0.3481,520.72,40.77,84.9833,6.9204,3.7745,0.4416,80.8,38.44,60.3421,32.8317,1.0031,0.2458,400.0,30.3,28.6172,16.0015,0.8101,2.576
2025-10-30,1422.0,1426.74,319.4995,19.8458,2.8054,0.379,238.2,31.67,233.9346,36.4317,1.3815,0.4747,514.74,41.2,84.0073,6.9745,4.1005,0.5485,77.97,37.98,50.662,32.4388,1.2131,0.4435,398.29,29.68,28.4949,15.6741,0.8061,2.0139
2025-10-31,1375.0,1430.01,308.9394,19.8913,2.0358,0.285,229.33,32.29,225.2234,33.9567,1.1268,1.0957,473.01,40.89,61.4647,6.922,5.0928,0.3406,72.0,38.11,46.7829,32.5499,1.2403,0.3024,388.77,29.38,27.8138,15.5157,0.8001,1.3727
2025-11-03,1346.6,1435.0,302.5584,19.9607,1.5248,0.2759,226.17,32.24,222.12,33.9041,0.9627,0.5281,480.0,41.79,62.373,7.0744,3.6039,0.4469,74.89,38.15,48.6607,32.584,1.0793,0.2389,386.86,29.22,27.6772,15.4312,0.6196,1.1444
2025-11-04,1339.6,1429.0,300.9856,19.8772,1.7091,0.2121,223.7,32.08,219.6942,33.7336,0.7669,0.5658,477.8,43.01,62.0872,7.2809,3.2642,0.6496,73.49,37.75,47.7511,32.2424,0.6609,0.2923,378.95,29.08,27.1112,15.3572,0.5625,0.9835
2025-11-05,1348.0,1420.08,302.873,19.7532,1.6182,0.2753,222.0,32.25,218.0247,33.9123,0.7836,0.6798,477.01,42.8,61.9845,7.2454,2.3889,0.3547,75.24,37.69,48.8882,32.1911,0.8422,0.2392,388.7,29.06,27.8088,15.3467,0.7318,0.7724
2025-11-06,1480.0,1435.13,332.5312,19.9625,3.2218,0.3062,239.68,32.03,235.3881,33.681,1.8069,0.4906,496.88,42.34,64.5665,7.1675,3.3763,0.4227,76.22,37.71,49.5249,32.2082,0.8686,0.1679,394.68,29.19,28.238,15.4153,0.5509,1.335
2025-11-07,1432.5,1433.33,321.8587,19.9375,1.5882,0.1506,232.67,32.23,228.5036,33.8913,0.9214,0.3993,490.05,42.51,63.679,7.1963,2.199,0.2876,72.7,37.97,47.2378,32.4303,0.7984,0.2282,395.37,29.0,28.2874,15.315,0.389,0.789
2025-11-10,1391.5,1462.3,312.6467,20.3404,2.1357,0.3949,224.87,33.26,220.8433,34.9744,1.0364,1.7362,490.0,42.72,63.6725,7.2318,3.1851,0.2581,71.5,38.65,46.458,33.0111,1.069,0.4661,384.51,29.3,27.5104,15.4734,0.5615,1.332
2025-11-11,1330.0,1458.99,298.8287,20.2944,2.1555,0.2131,221.4,33.53,217.4354,35.2583,0.7989,1.4075,468.05,42.96,60.8202,7.2725,2.941,0.264,68.03,38.62,44.2034,32.9854,0.7097,0.268,385.6,29.06,27.5884,15.3467,0.4536,0.8566
2025-11-12,1365.78,1465.15,306.8678,20.3801,1.6066,0.2635,219.98,33.96,216.0408,35.7105,0.7416,1.4894,491.75,42.93,63.8999,7.2674,3.8265,0.285,68.6,38.46,44.5737,32.8488,0.6897,0.2442,386.38,28.9,27.6442,15.2622,0.5005,0.8921
2025-11-13,1384.9,1470.38,311.1638,20.4528,1.4702,0.249,222.75,34.55,218.7612,36.3309,0.8215,1.2911,481.0,43.21,62.503,7.3148,2.8342,0.285,67.99,38.6,44.1774,32.9684,0.6127,0.2884,415.6,29.08,29.7348,15.3572,1.3221,0.968
2025-11-14,1325.01,1456.6,297.7075,20.2611,1.4997,0.2194,212.21,34.23,208.41,35.9944,0.8546,0.956,462.82,43.25,60.1406,7.3216,2.2367,0.2512,64.27,38.42,41.7603,32.8146,0.7808,0.3256,404.12,28.64,28.9134,15.1249,0.568,0.9869
2025-11-17,1303.1,1471.0,292.7847,20.4614,1.6133,0.2752,213.53,33.59,209.7063,35.3214,0.6568,0.8767,483.2,42.65,62.7889,7.22,2.5551,0.296,64.94,38.19,42.1956,32.6182,0.5855,0.2462,390.78,28.29,27.959,14.94,1.1205,0.8851
2025-11-18,1326.7,1476.0,298.0872,20.531,1.435,0.2731,215.0,33.14,211.15,34.8482,0.6695,0.7307,472.91,42.88,61.4517,7.2589,2.1771,0.2508,64.72,37.97,42.0526,32.4303,0.5776,0.1996,385.0,28.22,27.5455,14.9031,0.9297,0.7516
2025-11-19,1332.0,1471.01,299.278,20.4616,1.0138,0.176,213.03,32.64,209.2153,34.3224,0.5109,0.6861,488.6,43.22,63.4906,7.3165,3.0562,0.248,65.06,37.8,42.2736,32.2851,0.7334,0.128,391.1,28.3,27.9831,14.9453,0.6876,0.6938
2025-11-20,1322.3,1467.11,297.0986,20.4073,0.9292,0.1917,214.83,32.58,210.9831,34.2594,0.571,0.571,492.0,43.23,63.9324,7.3182,3.1978,0.284,65.94,37.75,42.8454,32.2424,0.716,0.1502,379.39,28.3,27.147,14.9453,0.7912,1.2554
2025-11-21,1249.0,1466.6,280.6293,20.4002,1.7347,0.3402,206.3,32.01,202.6058,33.66,0.7557,0.7588,464.01,43.0,60.2952,7.2792,3.746,0.3836,60.67,37.29,39.4211,31.8495,0.9582,0.2393,370.0,27.3,26.4751,14.4172,0.7432,1.3921
2025-11-24,1261.98,1452.0,283.5457,20.1972,1.4154,0.2684,208.26,31.54,204.5307,33.1657,0.7672,0.8589,456.8,42.63,59.3583,7.2166,4.1995,0.3289,55.94,36.88,36.3477,31.4993,1.6719,0.292,370.55,27.39,26.5145,14.4647,0.5367,0.7321
2025-11-25,1260.0,1444.65,283.1009,20.0949,1.4048,0.2271,206.7,31.55,202.9987,33.1763,0.9158,0.7003,479.66,43.25,62.3289,7.3216,3.9744,0.323,56.61,37.1,36.7831,31.6872,1.1391,0.2098,372.36,27.47,26.644,14.507,0.4848,0.6589
2025-11-26,1314.66,1449.15,295.382,20.1575,2.1865,0.1622,213.65,31.74,209.8242,33.3761,1.283,0.5381,543.22,43.25,70.5881,7.3216,5.6893,0.2187,58.93,36.83,38.2905,31.4566,1.4165,0.1897,372.82,27.6,26.6769,14.5756,0.4443,0.5598
2025-11-27,1317.36,1447.3,295.9887,20.1318,2.1361,0.178,215.95,31.64,212.083,33.2709,1.6513,0.3932,524.0,43.19,68.0906,7.3114,3.9559,0.3012,60.27,36.99,39.1612,31.5933,1.3893,0.1831,371.2,27.58,26.561,14.5651,0.5216,0.5327
2025-11-28,1331.0,1450.5,299.0534,20.1763,1.3995,0.1854,217.3,31.66,213.4088,33.2919,0.8772,0.3313,514.5,42.95,66.8561,7.2708,2.9367,0.2398,60.72,36.96,39.4536,31.5676,0.8398,0.124,373.2,27.59,26.7041,14.5704,0.4779,0.6131
2025-12-01,1362.44,1448.0,306.1174,20.1415,1.7613,0.2183,216.03,31.89,212.1616,33.5338,1.0995,0.7231,538.0,43.44,69.9098,7.3537,3.3728,0.2753,59.81,37.16,38.8623,31.7385,0.9104,0.1505,382.97,27.67,27.4032,14.6126,0.6285,0.5814
2025-12-02,1328.73,1436.03,298.5433,19.975,1.1093,0.2,212.58,31.83,208.7734,33.4707,0.5221,0.3529,542.0,43.38,70.4296,7.3436,2.4569,0.1972,60.96,36.87,39.6095,31.4908,1.0531,0.1188,380.08,27.37,27.1964,14.4542,0.3841,0.5362
2025-12-03,1332.3,1429.1,299.3455,19.8786,1.0737,0.1882,210.14,32.02,206.3771,33.6705,0.5767,0.4696,523.73,43.01,68.0555,7.2809,3.3318,0.2273,61.68,36.41,40.0774,31.0979,0.9396,0.1698,376.08,27.15,26.9102,14.338,0.3287,0.6415
2025-12-04,1369.0,1423.98,307.5913,19.8074,1.6858,0.2322,216.0,31.89,212.1321,33.5338,0.7609,0.3649,535.5,43.22,69.5849,7.3165,2.3808,0.1751,61.4,36.22,39.8954,30.9356,0.791,0.1535,383.35,27.2,27.4304,14.3644,0.4503,0.5686
2025-12-05,1355.0,1430.01,304.4458,19.8913,2.104,0.2028,214.26,31.81,210.4233,33.4497,0.8605,0.3413,537.05,43.45,69.7863,7.3554,2.5584,0.2661,61.12,36.51,39.7135,31.1833,0.6575,0.1248,389.09,27.86,27.8413,14.7129,0.5472,1.3451
2025-12-08,1417.8,1418.22,318.5559,19.7273,2.3603,0.2683,220.88,32.15,216.9247,33.8072,1.0424,0.5441,570.0,43.18,74.068,7.3097,3.6927,0.2812,63.41,36.51,41.2015,31.1833,1.214,0.1473,392.5,28.7,28.0853,15.1566,0.5089,2.5838
2025-12-09,1436.0,1401.01,322.6451,19.4879,2.1655,0.3405,219.3,31.84,215.373,33.4812,0.945,0.3944,606.0,43.04,78.746,7.286,3.3586,0.2259,67.99,36.47,44.1774,31.1491,1.4795,0.1182,387.59,28.53,27.734,15.0668,0.4391,1.0687
2025-12-10,1420.88,1402.8,319.2479,19.5128,1.5051,0.2646,218.5,32.39,214.5873,34.0596,1.9419,0.7198,616.0,41.7,80.0454,7.0592,2.7326,0.5251,65.21,36.42,42.371,31.1064,1.1055,0.144,382.38,28.52,27.3612,15.0615,0.4566,0.8154
2025-12-11,1382.02,1411.99,310.5167,19.6406,1.4837,0.1788,212.6,32.01,208.793,33.66,1.1029,0.4489,586.81,41.68,76.2523,7.0558,3.2884,0.4102,62.3,36.34,40.4802,31.0381,0.9673,0.1306,388.99,28.29,27.8341,14.94,0.6629,0.6096
2025-12-12,1344.0,1420.65,301.9742,19.7611,2.1927,0.2967,210.0,31.02,206.2396,32.6189,1.3847,1.8095,582.0,41.74,75.6273,7.0659,4.2405,0.3479,61.75,36.49,40.1229,31.1662,0.8486,0.1928,391.8,28.41,28.0352,15.0034,0.5639,0.8767
2025-12-15,1331.9,1426.0,299.2556,19.8355,1.5324,0.2664,203.0,30.75,199.3649,32.335,0.7996,0.5641,570.86,41.8,74.1797,7.0761,2.7226,0.2728,59.14,36.51,38.427,31.1833,0.6919,0.1794,385.5,28.55,27.5844,15.0773,0.4294,0.98
2025-12-16,1273.92,1422.0,286.2284,19.7799,1.7676,0.1914,197.75,30.73,194.2089,32.314,0.7395,0.5001,551.79,41.7,71.7017,7.0592,2.5301,0.2745,58.95,36.74,38.3035,31.3797,0.6517,0.1769,378.41,28.48,27.0771,15.0404,0.4492,0.8226
2025-12-17,1315.6,1433.1,295.5932,19.9343,1.5092,0.2506,207.1,30.91,203.3915,32.5033,0.9053,0.4378,589.98,41.52,76.6643,7.0287,2.9269,0.306,61.5,37.03,39.9604,31.6274,0.8171,0.2323,383.42,28.97,27.4356,15.2991,0.5229,1.328
2025-12-18,1287.0,1431.0,289.1673,19.905,0.929,0.1424,202.7,33.11,199.0703,34.8167,0.5135,2.4724,571.2,42.37,74.2239,7.1726,2.1857,0.3724,58.28,37.01,37.8682,31.6103,0.887,0.1372,372.0,28.53,26.6184,15.0668,0.6963,0.9329
2025-12-19,1268.0,1410.0,284.8983,19.6129,1.0342,0.2117,204.08,33.57,200.4256,35.3004,0.7882,1.7517,571.7,41.99,74.2889,7.1083,2.0301,0.2782,58.3,37.78,37.8812,32.268,0.4986,0.3946,374.0,28.68,26.7615,15.146,0.4126,0.8077
2025-12-22,1284.77,1408.26,288.6663,19.5887,1.5482,0.1631,215.18,33.44,211.3268,35.1637,1.3281,1.2431,617.5,41.77,80.2403,7.071,3.5677,0.2544,60.62,37.85,39.3886,32.3278,0.8887,0.2716,371.84,28.65,26.607,15.1301,0.5989,0.6187
2025-12-23,1336.02,1407.86,300.1813,19.5832,2.1856,0.1957,219.52,33.2,215.5891,34.9113,1.0285,0.9275,621.0,41.91,80.6951,7.0947,2.1135,0.294,62.86,37.78,40.8441,32.268,1.0902,0.1979,378.1,28.63,27.0549,15.1196,0.5546,0.7725
2025-12-24,1326.2,1400.9,297.9749,19.4864,1.4172,0.2011,219.9,33.65,215.9623,35.3845,0.7196,0.9608,634.4,41.83,82.4364,7.0812,2.1266,0.26,65.14,37.35,42.3255,31.9007,1.0971,0.1969,375.6,28.74,26.876,15.1777,0.4955,0.6484
2025-12-25,1319.41,1414.17,296.4493,19.6709,0.9683,0.1868,220.45,33.78,216.5024,35.5212,0.6755,0.7084,639.8,41.78,83.1381,7.0727,2.3463,0.242,66.72,37.4,43.3522,31.9434,1.0183,0.1893,373.01,28.96,26.6907,15.2939,0.4779,0.8582
2025-12-26,1303.89,1414.13,292.9622,19.6704,1.1437,0.1422,217.6,33.38,213.7035,35.1006,0.6191,0.613,627.0,41.7,81.4748,7.0592,1.9336,0.2466,63.84,37.42,41.4809,31.9605,0.9715,0.1381,374.43,29.1,26.7923,15.3678,0.6044,1.1609
2025-12-29,1358.5,1402.0,305.2322,19.5017,2.351,0.2101,219.23,33.39,215.3043,35.1111,0.6866,0.5252,618.0,41.87,80.3053,7.0879,2.1811,0.3309,65.24,37.22,42.3905,31.7897,0.9492,0.1617,369.31,28.94,26.426,15.2833,0.5668,0.7446
2025-12-30,1415.8,1389.72,318.1065,19.3308,2.1837,0.2698,225.01,32.79,220.9808,34.4802,1.0706,0.7702,632.0,42.28,82.1245,7.1574,2.3622,0.4047,64.23,37.28,41.7343,31.8409,0.7518,0.1473,369.2,28.83,26.4181,15.2252,0.4471,0.7016
2025-12-31,1355.55,1377.18,304.5693,19.1564,1.6796,0.2776,224.41,32.76,220.3915,34.4486,0.8104,0.4857,610.0,42.1,79.2657,7.1269,2.0407,0.2686,62.05,37.02,40.3178,31.6189,0.7876,0.1777,367.26,28.71,26.2793,15.1618,0.3765,0.7033
2026-01-05,1390.0,1426.0,312.3097,19.8355,1.566,0.5666,226.0,32.7,221.953,34.3855,0.9085,0.5739,623.51,42.35,81.0213,7.1692,2.7322,0.4076,63.67,37.93,41.3704,32.3961,0.8024,0.3845,377.5,29.33,27.012,15.4893,0.7915,1.5208
2026-01-06,1383.1,1428.01,310.7594,19.8635,1.6637,0.3161,225.82,32.97,221.7763,34.6695,0.9646,0.5914,605.25,42.73,78.6485,7.2335,3.0356,0.4478,64.05,38.38,41.6173,32.7805,0.8604,0.3035,373.99,30.19,26.7608,15.9434,0.8023,2.7507
2026-01-07,1394.88,1423.36,313.4061,19.7988,1.6342,0.237,222.75,32.81,218.7612,34.5012,1.039,0.5549,619.6,42.15,80.5132,7.1353,2.5329,0.4269,63.15,38.19,41.0325,32.6182,0.8344,0.2186,371.01,29.5,26.5476,15.579,0.6162,1.8848
2026-01-08,1444.0,1412.3,324.4426,19.6449,3.5669,0.2327,241.68,32.83,237.3523,34.5222,2.2332,0.489,595.45,41.58,77.375,7.0389,2.641,0.5409,61.33,38.02,39.85,32.473,0.9365,0.1734,369.21,28.54,26.4199,15.0721,0.6334,2.5872
2026-01-09,1491.0,1419.1,335.0027,19.7395,2.443,0.2383,246.55,32.69,242.1351,34.375,1.4909,0.5653,583.2,41.3,75.7832,6.9915,3.4891,0.4777,61.48,37.89,39.9474,32.362,0.7882,0.1889,369.23,28.57,26.4213,15.0879,0.7395,1.9109
2026-01-12,1509.99,1423.23,339.2694,19.797,2.2671,0.2881,246.05,32.54,241.644,34.2173,1.1617,0.6879,591.97,41.12,76.9228,6.961,3.47,0.5752,60.93,38.32,39.5901,32.7292,1.0629,0.3181,361.68,28.78,25.8811,15.1988,1.1472,1.7846
2026-01-13,1408.09,1411.0,316.3742,19.6269,2.3911,0.3128,235.57,32.53,231.3517,34.2068,1.1173,1.0106,585.76,41.13,76.1159,6.9627,2.8997,0.562,59.43,38.18,38.6154,32.6096,0.9721,0.2589,359.0,28.55,25.6893,15.0773,0.6971,1.7736
2026-01-14,1439.12,1398.01,323.3461,19.4462,2.1388,0.4133,251.5,31.85,246.9964,33.4917,1.9634,1.3972,593.0,40.07,77.0567,6.7832,3.775,0.9296,60.0,37.79,38.9858,32.2765,0.7868,0.334,353.98,28.23,25.3301,14.9083,0.8947,2.6435
2026-01-15,1415.0,1388.89,317.9268,19.3193,1.3825,0.3267,250.0,31.81,245.5233,33.4497,1.1364,0.6028,625.02,40.11,81.2175,6.79,4.1523,0.5901,60.79,37.59,39.4991,32.1057,0.7182,0.2168,353.75,28.28,25.3136,13.9471,0.7605,1.7067
2026-01-16,1424.05,1382.0,319.9601,19.2235,1.7272,0.4402,244.33,31.39,239.9548,33.008,1.2954,0.9412,617.0,38.72,80.1753,6.5547,3.3715,0.7394,63.0,36.99,40.9351,31.5933,1.3224,0.3264,352.32,28.08,25.2113,13.8485,0.7514,1.7212
2026-01-19,1419.66,1376.0,318.9738,19.14,1.6522,0.3377,255.95,31.72,251.3667,33.355,1.7597,0.6635,605.5,38.55,78.681,6.5259,2.0179,0.4793,60.9,36.86,39.5706,31.4822,0.9487,0.2007,348.9,27.91,24.9666,13.7646,0.7956,1.3094
2026-01-20,1343.04,1373.55,301.7585,19.1059,2.0885,0.2913,254.21,32.37,249.6579,34.0385,1.6246,1.0113,585.0,38.73,76.0171,6.5564,2.3781,0.54,59.67,36.88,38.7714,31.4993,0.7025,0.2074,349.6,28.05,25.0167,13.8337,0.8326,1.1375
2026-01-21,1353.87,1351.06,304.1919,18.7931,1.8107,0.5152,288.11,31.96,282.9509,33.6074,2.6832,0.6553,581.9,38.24,75.6143,6.4734,2.2701,0.589,61.56,36.5,39.9994,31.1747,0.8737,0.2571,349.81,27.94,25.0317,13.7794,0.9255,1.1584
2026-01-22,1353.0,1340.06,303.9964,18.6401,1.4187,0.4712,288.5,31.65,283.3339,33.2814,2.2242,1.0248,621.0,37.85,80.6951,6.4074,3.6359,0.9102,62.75,36.14,40.7726,30.8673,1.1172,0.3671,345.8,27.92,24.7447,13.7696,1.0806,1.4174
2026-01-23,1334.99,1337.0,299.9498,18.5975,1.5181,0.4947,276.0,31.35,271.0577,32.9659,1.7748,1.487,585.0,37.5,76.0171,6.3482,3.5872,0.9172,60.11,35.84,39.0573,30.611,1.0238,0.448,347.0,27.77,24.8306,13.6956,0.7982,1.5448
2026-01-26,1300.0,1342.0,292.0882,18.6671,1.6223,0.6402,273.0,31.05,268.1114,32.6505,1.3494,1.5145,589.8,38.02,76.6409,6.3847,2.3598,1.0504,59.26,35.68,38.505,30.4744,0.5934,0.4238,342.05,28.07,24.4764,13.8436,0.7821,2.1661
2026-01-27,1300.89,1343.01,292.2882,18.6811,1.5151,0.3866,270.75,30.94,265.9017,32.5348,1.2208,0.8977,615.6,38.1,79.9934,6.3981,3.5033,0.7622,60.97,35.41,39.6161,30.2438,1.0693,0.2737,339.4,27.86,24.2868,13.74,0.7587,1.1623
2026-01-28,1282.78,1323.69,288.2191,18.4124,1.6688,0.6086,268.31,30.6,263.5054,32.1773,1.4842,1.3108,628.0,37.8,81.6047,6.3477,2.9784,0.9897,60.69,34.97,39.4341,29.868,0.8661,0.4247,339.99,27.94,24.329,13.7794,1.0879,1.4116
2026-01-29,1252.01,1437.72,281.3056,19.9985,1.711,1.5135,261.29,30.95,256.6111,32.5453,0.9823,0.9619,613.85,38.53,79.766,6.4703,2.2518,0.9695,57.6,36.4,37.4264,31.0893,1.6344,0.691,341.89,28.56,24.465,14.0852,0.7951,2.4455
2026-01-30,1258.89,1401.0,282.8515,19.4878,1.5178,0.7545,264.44,30.8,259.7047,32.3876,0.9735,0.6877,649.0,38.67,84.3335,6.4938,3.2347,0.8051,57.7,35.3,37.4913,30.1498,0.8722,0.4631,350.0,28.08,25.0453,13.8485,1.1429,1.5662
2026-02-02,1242.0,1427.0,279.0566,19.8494,1.5941,0.6846,252.3,30.51,247.7821,32.0827,0.9714,0.8037,591.0,38.45,76.7968,6.4569,5.0654,0.6714,55.68,35.57,36.1788,30.3804,0.7873,0.3163,348.98,27.86,24.9723,13.74,0.9207,1.4933
2026-02-03,1128.0,1474.92,253.4427,20.516,5.4056,0.6893,251.5,30.54,246.9964,32.1142,1.1233,0.8833,589.7,38.3,76.6279,6.4317,3.8822,0.4085,55.75,35.87,36.2243,30.6367,0.8435,0.2478,347.91,27.97,24.8957,13.7942,0.6229,1.0864
2026-02-04,1068.0,1525.0,239.9617,21.2126,2.8051,0.8714,244.0,31.19,239.6307,32.7977,0.72,1.4712,560.0,39.01,72.7685,6.5509,4.769,0.4951,53.41,36.28,34.7039,30.9868,0.9521,0.2978,365.03,28.38,26.1208,13.9964,1.1402,1.2912
2026-02-05,1058.33,1555.0,237.789,21.6299,1.8984,0.7317,238.17,31.24,233.9051,32.8503,0.6829,0.8948,561.99,39.71,73.0271,6.6685,2.8826,0.5909,53.88,37.96,35.0092,32.4217,0.7271,1.0726,362.94,28.29,25.9712,13.9521,0.6678,0.9501
2026-02-06,1036.99,1515.01,232.9942,21.0736,1.9078,0.6306,242.68,30.94,238.3344,32.5348,0.8761,0.7219,540.01,39.6,70.171,6.65,2.9731,0.3892,54.4,37.09,35.3471,31.6787,0.6938,0.4625,369.11,28.16,26.413,13.8879,0.925,0.882
2026-02-09,1086.8,1524.96,244.1857,21.212,2.3075,0.4086,250.11,31.26,245.6313,32.8713,0.8291,0.6108,565.99,39.48,73.5469,6.6299,3.3164,0.3194,55.52,37.16,36.0749,31.7385,0.7055,0.285,368.82,28.06,26.3923,13.8386,0.6448,0.7971
2026-02-10,1100.9,1504.8,247.3538,20.9316,2.3091,0.316,259.0,31.3,254.3621,32.9134,1.2134,0.4469,555.71,39.34,72.2111,6.6064,1.9643,0.2404,56.07,36.62,36.4322,31.2772,0.5605,0.2585,364.97,28.09,26.1168,13.8534,0.4361,0.6211
2026-02-11,1078.9,1504.33,242.4107,20.9251,1.3212,0.247,255.0,31.25,250.4337,32.8608,0.5672,0.3727,531.91,39.4,69.1184,6.6164,3.5924,0.2563,55.2,36.42,35.8669,31.1064,0.3781,0.2035,368.0,28.04,26.3337,13.8288,0.4617,0.6871
2026-02-12,1112.5,1486.6,249.9601,20.6784,2.0762,0.3693,262.34,31.02,257.6423,32.6189,0.7914,0.471,527.46,38.99,68.5402,6.5476,2.7299,0.3769,55.33,35.94,35.9514,30.6965,0.4201,0.301,375.87,27.87,26.8968,13.7449,0.652,0.7866
2026-02-13,1120.68,1485.3,251.798,20.6604,1.6869,0.3328,259.06,30.75,254.421,32.335,0.6591,0.4528,531.0,38.71,69.0002,6.5006,2.3558,0.3419,54.75,35.64,35.5745,30.4402,0.3463,0.2085,365.34,27.62,26.1433,13.6216,0.5242,0.8955
2026-02-24,1071.55,1466.8,240.7593,20.403,1.9571,0.3347,248.14,30.73,243.6966,32.314,0.9201,0.5018,554.0,38.94,71.9889,6.5392,3.2253,0.3658,55.38,36.17,35.9839,30.8929,0.5413,0.3084,361.95,27.63,25.9007,13.6266,0.5332,0.6964
2026-02-25,1082.65,1491.66,243.2533,20.7488,1.377,0.2945,246.48,30.62,242.0663,32.1983,0.6879,0.5602,566.07,38.78,73.5573,6.5123,1.9429,0.3509,57.39,35.88,37.2899,30.6452,0.8558,0.2436,362.18,27.74,25.9172,13.6808,0.4397,0.8346
2026-02-26,1168.8,1466.21,262.6097,20.3948,3.3665,0.2632,252.7,30.49,231.0382,32.0616,1.1753,0.5524,572.22,38.7,74.3565,6.4989,2.2867,0.2876,57.95,35.84,37.6538,30.611,0.8194,0.1969,346.0,27.38,24.7594,13.5033,1.0229,1.0892
2026-02-27,1178.0,1455.02,264.6768,20.2392,2.9045,0.2568,261.1,30.51,238.7182,32.0827,1.6894,0.328,534.0,38.75,69.39,6.5073,3.14,0.3088,55.7,35.96,36.1918,30.7135,0.857,0.2134,342.01,27.37,24.4738,13.4983,0.5978,0.7207
2026-03-02,1191.9,1440.11,244.0752,20.0318,2.1088,0.2831,258.95,29.96,236.7525,31.5043,1.1566,0.897,570.58,38.67,58.7095,6.4938,4.4605,0.3323,55.53,35.65,36.0813,30.4488,0.5963,0.2605,340.22,27.07,24.3457,13.3504,0.6661,1.0756
2026-03-03,1133.05,1426.19,232.024,19.8381,1.8016,0.3665,241.0,29.92,220.3412,31.4622,1.3753,0.5987,563.8,39.18,58.0118,6.5795,3.5559,0.6712,54.88,36.06,35.659,30.7989,0.973,0.3963,344.07,26.8,24.6212,13.2172,0.9399,1.3199
2026-03-04,1117.08,1401.18,228.7537,19.4903,1.41,0.3834,236.0,29.33,215.7698,30.8418,0.7946,0.6802,539.0,38.6,55.46,6.4821,2.7809,0.5584,53.76,35.5,34.9313,30.3206,0.5415,0.2674,338.9,26.14,24.2513,12.8917,0.5892,1.2325
2026-03-05,1168.0,1399.04,239.181,19.4605,2.0413,0.2436,242.99,29.38,222.1606,30.8944,0.921,0.3871,557.0,39.15,57.3121,6.5744,3.4283,0.3797,55.1,35.98,35.802,30.7306,0.6861,0.2311,350.25,26.21,25.0635,12.9262,0.7284,0.6726
2026-03-06,1154.88,1402.0,236.4943,19.5017,1.0813,0.2328,241.9,29.69,221.164,31.2204,0.6246,0.4118,545.48,39.2,56.1268,6.5828,1.987,0.2259,54.33,37.02,35.3016,31.6189,0.4378,0.4151,354.77,26.43,25.387,13.0347,0.4925,0.6379
2026-03-09,1125.99,1397.0,230.5782,19.4321,1.4404,0.299,238.43,29.13,217.9915,30.6315,0.9803,0.6058,525.99,38.79,54.1214,6.514,2.8471,0.3717,52.79,37.31,34.301,31.8666,0.8533,0.4566,357.5,25.88,25.5823,12.7635,0.747,1.0425
2026-03-10,1147.1,1401.88,234.9011,19.5,1.2,0.1967,247.53,29.4,226.3114,30.9154,0.933,0.3764,547.0,39.22,56.2832,6.5862,2.5608,0.2975,54.36,37.28,35.3211,31.8409,0.5911,0.2435,376.3,26.13,23.7861,12.8868,1.1921,0.746
2026-03-11,1099.0,1400.0,225.0513,19.4738,1.8217,0.1953,244.2,29.33,223.2669,30.8418,0.8282,0.3801,554.68,39.5,57.0734,6.6332,2.1617,0.3342,53.89,37.39,30.3285,31.9349,0.6144,0.2198,396.8,26.1,25.0819,12.872,1.3531,0.726
2026-03-12,1099.0,1392.0,225.0513,19.3626,1.497,0.2203,242.0,29.37,221.2555,30.8839,0.7442,0.3013,534.8,39.5,55.0279,6.6332,2.163,0.2558,52.54,37.02,29.5687,31.6189,0.7101,0.2119,395.5,25.93,24.9997,12.7882,0.6848,0.7544
2026-03-13,1096.1,1413.64,224.4574,19.6636,2.2208,0.2684,235.74,29.27,215.5321,30.7787,0.5876,0.3792,542.02,39.76,55.7708,6.6769,1.9175,0.371,52.49,37.79,29.5406,32.2765,0.4743,0.5168,397.0,25.75,25.0945,12.6994,0.8359,0.6623
2026-03-16,1089.97,1460.18,223.2021,20.3109,1.6005,0.4798,233.85,29.39,213.8041,30.9049,0.9571,0.366,561.7,39.91,57.7957,6.7021,2.4814,0.2962,52.7,38.51,29.6588,32.8915,0.5086,0.5594,408.4,25.5,25.8151,12.5761,0.8775,0.9499
2026-03-17,1079.99,1485.0,221.1584,20.6562,1.3224,0.3949,227.09,29.49,207.6236,31.0101,0.585,0.451,543.0,40.12,55.8716,6.7373,2.7174,0.3181,50.9,38.95,28.6458,33.2673,0.6644,0.626,405.0,25.91,25.6002,12.7783,0.8453,1.8164
2026-03-18,1066.0,1468.8,218.2936,20.4308,1.6348,0.2839,231.4,29.33,211.5641,30.8418,0.6422,0.3327,580.0,39.92,59.6787,6.7038,3.4175,0.3422,52.06,38.56,29.2986,32.9342,0.5916,0.3842,402.02,25.97,25.4118,12.8079,0.6233,0.706
2026-03-19,1037.02,1452.87,212.3591,20.2093,1.1677,0.2421,222.63,29.08,203.5459,30.5789,0.747,0.3882,575.2,39.77,59.1848,6.6786,2.9978,0.3152,50.46,38.21,28.3981,32.6353,0.5318,0.2645,400.5,25.61,25.3157,12.6303,0.688,0.88
2026-03-20,1025.0,1445.0,209.8977,20.0998,2.437,0.2087,216.42,28.64,197.8682,30.1163,0.8703,0.6121,612.0,39.75,62.9713,6.6752,4.8715,0.2985,50.3,37.85,28.3081,32.3278,0.7778,0.2308,413.0,25.3,26.1059,12.4774,1.2623,0.8286
2026-03-23,971.3,1408.07,198.9011,19.5861,1.9485,0.3774,207.04,27.37,189.2923,28.7808,0.909,0.9541,599.62,38.68,61.6975,6.4955,3.424,0.4643,47.6,36.29,26.7886,30.9954,0.6904,0.4776,401.99,24.29,25.4099,11.9793,1.0481,1.6365
2026-03-24,1028.5,1407.33,210.6144,19.5758,2.1656,0.2281,213.27,27.6,194.9882,29.0227,0.9508,0.4118,603.19,39.25,62.0648,6.5912,2.5566,0.2988,48.84,36.65,27.4864,31.3029,0.5578,0.2529,396.99,24.36,25.0939,12.0139,0.8554,1.0505
2026-03-25,1039.0,1410.27,212.7646,19.6167,2.1445,0.2084,217.4,27.98,198.7642,29.4222,0.9161,0.3735,628.4,39.26,64.6588,6.5929,3.036,0.3169,50.31,37.0,28.3137,31.6018,0.6369,0.2175,397.81,24.66,25.1457,12.1618,0.6285,0.9319
2026-03-26,1024.9,1401.18,209.8772,19.4903,1.1939,0.1844,218.7,27.59,199.9528,29.0121,0.965,0.3342,614.2,39.56,63.1977,6.6433,2.3769,0.299,49.74,36.95,27.9929,31.5591,0.5403,0.2131,402.5,24.13,25.4422,11.9004,0.6288,0.9349
2026-03-27,1024.0,1416.02,209.6929,19.6967,1.2053,0.2403,220.95,27.7,202.0099,29.1278,0.7916,0.3288,598.0,39.44,61.5308,6.6231,2.0292,0.2269,49.53,39.7,27.8748,33.0068,0.3951,1.0061,416.18,24.26,26.3069,11.9546,0.7108,0.7783
2026-03-30,1009.45,1420.0,206.7134,19.752,1.2494,0.2291,215.73,27.73,197.2374,29.1594,0.6287,0.3253,589.08,39.48,60.613,6.6299,1.8929,0.3132,49.27,40.34,27.7284,33.5389,0.3337,0.6983,413.0,24.1,26.1059,11.8757,0.5955,0.7469
2026-03-31,983.0,1450.0,201.297,20.1693,1.2132,0.4926,210.26,27.62,192.2363,29.0437,0.623,0.3551,569.41,39.32,58.5966,6.603,2.3628,0.3214,51.46,41.0,28.9404,34.0877,1.2027,0.7685,401.7,24.04,25.3916,11.8461,0.5856,0.8397
2026-04-01,1051.4,1459.44,215.3038,20.3006,2.3906,0.2326,220.31,28.12,201.4248,29.5695,0.8469,0.3439,601.87,39.82,61.9369,6.687,2.3103,0.4273,53.32,41.76,29.9864,34.7195,1.0856,0.5256,405.71,24.51,25.6451,12.0777,0.5443,0.9621
2026-04-02,998.99,1459.88,204.5714,20.3068,1.6951,0.1682,213.0,27.88,194.7414,29.3171,0.5596,0.2979,582.0,39.76,59.8922,6.6769,1.6039,0.2592,52.0,42.22,29.2441,35.102,0.792,0.4574,401.17,24.13,25.3581,11.8905,0.524,0.6477
2026-04-03,1025.7,1460.0,210.041,20.3084,1.4879,0.1613,213.77,27.69,195.4454,29.1173,0.5038,0.1861,606.52,39.4,62.4155,6.6164,2.6257,0.2252,52.18,41.69,29.3453,34.6613,0.5268,0.3325,386.46,23.98,24.4283,11.8166,0.5815,0.5833
2026-04-07,1119.0,1440.02,229.1468,20.0305,3.3663,0.1929,217.54,27.5,198.8922,28.9175,0.8549,0.2033,619.53,38.99,63.7543,6.5476,2.1622,0.2561,52.58,41.53,29.5702,34.5283,0.6077,0.4327,384.59,23.92,24.3111,11.787,0.4054,0.5867
2026-04-08,1164.0,1465.02,238.3619,20.3783,2.5059,0.2702,228.5,28.09,194.8252,29.5379,1.3301,0.5165,688.14,39.62,70.8148,6.6534,3.5878,0.3245,56.61,41.15,31.8367,34.2124,1.2687,0.4722,391.3,24.7,24.7352,12.1714,0.8555,1.2544
2026-04-09,1198.0,1460.49,245.3243,20.3153,2.3308,0.1653,227.0,27.76,193.5463,29.1909,0.8448,0.3394,693.02,39.26,71.3169,6.5929,2.258,0.2598,55.02,41.15,30.9425,34.2124,0.783,0.2471,389.99,24.15,24.6524,11.9004,0.6097,0.8109
2026-04-10,1210.7,1453.96,247.925,20.2244,2.1522,0.2305,231.82,27.62,197.6559,29.0437,1.2675,0.4875,734.65,39.21,75.601,6.5845,2.9923,0.2633,56.52,41.35,31.786,34.3787,0.9622,0.3044,416.0,25.9,26.2966,11.3744,1.1931,3.498
2026-04-13,1219.62,1443.31,249.7516,20.0763,1.8834,0.2013,245.25,27.3,209.1067,28.7072,1.8355,0.4874,738.0,38.98,75.9457,6.5459,2.0703,0.2546,55.7,40.99,31.3249,34.0793,0.6839,0.2112,427.13,26.09,27.0002,11.4579,0.9688,1.767
2026-04-14,1241.98,1446.9,254.3305,20.1262,1.8413,0.1935,248.78,27.49,212.1165,28.907,1.1929,0.4439,773.0,39.13,79.5475,6.5711,2.6474,0.2443,58.92,40.77,33.1358,33.8964,1.2848,0.2906,430.79,26.19,27.2315,11.5018,1.0388,1.1937
2026-04-15,1274.0,1467.5,260.8875,20.4128,2.9712,0.2759,252.0,27.4,214.8619,28.8123,1.5614,0.4001,779.98,39.9,80.2658,6.7004,2.9259,0.51,57.82,40.92,32.5171,34.0211,0.9946,0.1868,431.0,26.01,27.2448,11.4227,0.8775,0.9096
2026-04-16,1307.0,1462.84,267.6451,20.3479,1.8489,0.1957,253.0,27.43,215.7146,28.8439,1.0077,0.2505,809.61,39.91,83.3149,6.7021,2.5922,0.2992,59.32,40.74,33.3607,33.8715,0.9097,0.2101,453.98,26.31,26.2357,11.5545,1.4919,1.1744
2026-04-17,1334.0,1407.24,273.1742,21.4072,1.7099,0.7732,260.0,27.25,221.6829,28.6546,1.4091,0.3271,851.0,39.52,63.253,6.6366,3.6054,0.285,60.97,39.94,34.2887,33.2064,0.9465,0.3266,444.2,26.26,25.6705,11.5325,0.8583,0.8708
2026-04-20,1378.2,1410.89,282.2254,21.4628,1.7832,0.2911,261.78,27.49,223.2006,28.907,1.1985,0.3366,850.0,39.87,63.1787,6.6954,2.4661,0.2854,61.51,40.29,34.5923,33.4974,1.0741,0.2528,432.5,26.3,24.9944,11.5501,1.2434,0.7938
2026-04-21,1330.0,1412.01,272.355,21.4798,1.9396,0.1737,252.55,27.41,215.3309,28.8229,0.9202,0.2716,864.86,39.87,64.2832,6.6954,2.2706,0.2647,61.41,40.65,34.5361,33.7967,0.7015,0.2946,447.6,26.3,25.867,11.5501,1.3572,0.6684
2026-04-22,1337.0,1409.5,273.7885,21.4416,1.6145,0.2149,259.2,27.38,221.0008,28.7913,1.0315,0.2171,886.62,39.74,66.0478,6.6735,2.6562,0.2461,66.89,39.83,37.618,33.1149,1.5928,0.2739,436.35,26.71,25.2168,11.7301,1.0812,1.5715
2026-04-23,1323.0,1419.0,270.9216,21.5861,1.8305,0.3011,263.4,27.22,224.5819,28.6231,1.5533,0.3701,897.0,39.81,66.821,6.6853,2.7959,0.2761,67.92,39.58,38.1972,32.9071,1.3996,0.2709,438.9,26.48,25.3642,11.6291,0.8323,0.9903
2026-04-24,1352.5,1458.49,276.9626,22.1869,2.9423,0.4428,285.0,27.04,242.9986,28.4338,2.3286,0.4031,886.99,39.38,66.0754,6.6131,3.4637,0.3051,65.01,39.92,36.5607,33.1897,1.3337,0.2154,444.9,26.23,25.711,11.5193,0.9289,0.856
2026-04-27,1356.72,1403.2,277.8267,21.2438,1.6821,0.5813,296.27,27.14,252.6077,28.5389,1.9938,0.3589,857.03,39.38,63.8435,6.6131,2.8706,0.449,67.25,39.85,37.8204,33.1315,1.1884,0.2222,434.88,26.77,25.1319,11.7564,0.7767,1.2696
2026-04-28,1374.5,1405.0,281.4677,21.2711,1.7676,0.2715,289.0,27.15,246.4091,28.5495,1.3682,0.3489,825.0,39.6,61.4575,6.65,2.6627,0.3244,68.2,39.26,38.3547,31.5588,1.195,0.2834,427.67,27.3,24.7152,11.9892,0.8225,2.1417
2026-04-29,1416.63,1401.17,290.095,21.2131,2.1547,0.278,278.77,27.39,237.6868,28.8018,1.5322,0.3766,846.0,38.5,63.0218,6.441,2.2713,1.2279,66.26,39.27,32.3464,31.5668,1.4226,0.3067,445.0,27.32,25.7167,11.998,0.8841,1.2201
2026-04-30,1699.96,1384.79,263.8403,20.9651,4.2411,0.4213,296.25,27.24,252.5907,31.1556,2.1042,0.4283,857.5,38.27,63.8785,6.4025,1.9192,0.567,62.88,38.64,30.6964,31.0604,1.4735,0.3321,436.0,27.22,25.1966,11.9541,0.7003,1.4208
2026-05-06,1825.0,1375.0,283.247,20.8169,4.6908,0.3818,344.41,27.38,293.6532,31.3157,2.6506,0.6451,856.0,38.0,63.7668,6.3574,2.7915,0.6941,63.08,38.74,30.794,31.1408,1.3368,0.4177,460.0,27.49,26.9471,12.0726,1.1129,1.4679
2026-05-07,1868.0,1371.05,289.9207,20.7571,2.6082,0.3231,341.6,27.26,291.2573,31.1784,2.071,0.7058,877.47,37.95,65.3662,6.349,2.501,0.383,64.18,38.73,31.331,31.1328,1.0599,0.3911,451.64,27.23,26.4574,11.9585,0.9073,1.3088
2026-05-08,1182.53,1372.99,273.4566,20.7865,3.0404,0.2665,323.28,27.19,275.6372,31.0984,2.1499,0.4742,886.0,37.94,66.0016,6.3473,1.7833,0.4215,63.28,38.18,30.8916,30.6906,0.8165,0.2954,437.0,26.95,25.5998,11.8355,0.8599,1.0681
2026-05-11,1200.0,1361.33,277.4965,20.6099,3.6881,0.4563,349.18,27.23,297.7202,31.1441,2.3449,0.5406,940.13,37.97,70.034,6.3523,2.9112,0.4486,65.85,38.15,32.1462,30.6665,1.3727,0.4024,446.11,27.33,26.1334,12.0024,0.8032,1.6108
2026-05-12,1277.87,1354.55,295.5037,20.5073,3.3357,0.406,349.19,27.01,297.7287,30.8925,1.8648,0.4909,1017.99,37.9,75.8341,6.3406,3.1167,0.4689,64.4,37.84,31.4384,30.4173,1.076,0.2723,431.25,27.22,25.2629,11.9541,0.8023,1.0526
2026-05-13,1316.88,1344.09,304.5247,20.3489,2.5271,0.4549,348.19,26.83,296.8761,30.6866,1.7966,0.5862,1049.2,37.88,78.159,6.3373,2.346,0.3482,70.84,37.74,34.5822,30.337,2.0528,0.2389,434.05,27.15,25.4269,11.9233,0.7443,1.0037
2026-05-14,1260.58,1342.17,291.5054,20.3199,2.883,0.4412,325.2,26.52,277.2742,30.3321,1.8195,0.5599,1078.0,37.81,80.3044,6.3256,2.712,0.4207,68.6,37.35,33.4887,30.0235,2.0245,0.2534,427.0,26.66,25.0139,11.7081,0.8153,1.2053
2026-05-15,1209.0,1332.95,279.5777,20.1803,2.5744,0.4646,303.01,26.07,258.3544,29.8174,2.4812,0.6567,1049.87,37.65,78.2089,6.2988,2.4926,0.3983,67.62,36.81,33.0103,29.5894,1.7263,0.2762,423.6,26.35,24.8148,11.572,0.6978,1.086
