date,cum_ret_high,cum_ret_low,z_high,z_low,spread,spread_mean,upper_band,lower_band,signal
2023-05-16,1.0,1.0,,,,,,,0
2023-05-17,1.00418410041841,0.9935779816513761,,,,,,,0
2023-05-18,0.9723849372384937,0.9940366972477065,,,,,,,0
2023-05-19,0.9623430962343096,0.9766055045871559,,,,,,,0
2023-05-22,0.9635983263598327,0.9770642201834863,,,,,,,0
2023-05-23,0.9431799163179916,0.9564220183486238,,,,,,,0
2023-05-24,0.9424686192468619,0.9302752293577982,,,,,,,0
2023-05-25,0.9376150627615063,0.9321100917431192,,,,,,,0
2023-05-26,0.9205020920502092,0.9344036697247706,,,,,,,0
2023-05-29,0.9082008368200837,0.9334862385321101,,,,,,,0
2023-05-30,0.9413807531380753,0.9339449541284404,,,,,,,0
2023-05-31,0.9253974895397489,0.9197247706422018,,,,,,,0
2023-06-01,0.9326359832635983,0.9220183486238532,,,,,,,0
2023-06-02,0.95581589958159,0.9261467889908257,,,,,,,0
2023-06-05,0.9196652719665273,0.9174311926605504,,,,,,,0
2023-06-06,0.917489539748954,0.9096330275229356,,,,,,,0
2023-06-07,0.8673640167364017,0.9114678899082569,,,,,,,0
2023-06-08,0.8703347280334728,0.9266055045871558,,,,,,,0
2023-06-09,0.8871966527196652,0.9256880733944953,,,,,,,0
2023-06-12,0.8868200836820084,0.9105504587155964,,,,,,,0
2023-06-13,0.8916317991631799,0.9165137614678899,,,,,,,0
2023-06-14,0.892887029288703,0.9174311926605504,,,,,,,0
2023-06-15,0.9660251046025105,0.9311926605504587,,,,,,,0
2023-06-16,0.9669456066945606,0.9353211009174311,,,,,,,0
2023-06-19,0.9534728033472804,0.9243119266055045,,,,,,,0
2023-06-20,0.9539748953974896,0.920183486238532,,,,,,,0
2023-06-21,0.9410460251046024,0.9105504587155964,,,,,,,0
2023-06-26,0.9421338912133891,0.8848623853211008,,,,,,,0
2023-06-27,0.9350209205020921,0.8940366972477063,,,,,,,0
2023-06-28,0.9393305439330544,0.8944954128440367,,,,,,,0
2023-06-29,0.9309623430962343,0.8917431192660551,,,,,,,0
2023-06-30,0.9572803347280334,0.9073394495412844,,,,,,,0
2023-07-03,0.9618410041841003,0.928440366972477,,,,,,,0
2023-07-04,0.9592050209205021,0.9302752293577982,,,,,,,0
2023-07-05,0.9519246861924686,0.9243119266055045,,,,,,,0
2023-07-06,0.9407949790794979,0.9197247706422018,,,,,,,0
2023-07-07,0.9299163179916318,0.9233944954128439,,,,,,,0
2023-07-10,0.9573221757322177,0.9229357798165138,,,,,,,0
2023-07-11,0.9585355648535565,0.928440366972477,,,,,,,0
2023-07-12,0.9497489539748954,0.9211009174311926,,,,,,,0
2023-07-13,0.9623430962343096,0.9389908256880733,,,,,,,0
2023-07-14,0.9551464435146444,0.9403669724770642,,,,,,,0
2023-07-17,0.9441422594142259,0.9302752293577982,,,,,,,0
2023-07-18,0.9435146443514645,0.9307339449541284,,,,,,,0
2023-07-19,0.9184100418410042,0.9362385321100917,,,,,,,0
2023-07-20,0.9248953974895398,0.9311926605504587,,,,,,,0
2023-07-21,0.9271548117154812,0.9339449541284404,,,,,,,0
2023-07-24,0.9162343096234309,0.9353211009174311,,,,,,,0
2023-07-25,0.9470711297071129,0.9899082568807338,,,,,,,0
2023-07-26,0.94836820083682,0.9990825688073395,,,,,,,0
2023-07-27,0.9497071129707113,0.9871559633027522,,,,,,,0
2023-07-28,0.9625523012552302,1.0857798165137615,,,,,,,0
2023-07-31,0.9947698744769874,1.1055045871559632,,,,,,,0
2023-08-01,0.9853556485355649,1.0857798165137615,,,,,,,0
2023-08-02,0.9895397489539749,1.0940366972477065,,,,,,,0
2023-08-03,1.0005857740585773,1.1206422018348623,,,,,,,0
2023-08-04,1.0272384937238492,1.1330275229357798,,,,,,,0
2023-08-07,1.0313389121338912,1.1362385321100916,,,,,,,0
2023-08-08,1.0340585774058577,1.1422018348623852,,,,,,,0
2023-08-09,1.0334728033472804,1.1426605504587155,2.2984532527539727,2.5547727496199575,-0.25631949686598476,,,,0
2023-08-10,1.0313807531380754,1.1559633027522935,2.1713461801367306,2.555146217891047,-0.3838000377543165,,,,0
2023-08-11,1.0104602510460252,1.1055045871559632,1.60733604298074,1.8095401933552928,-0.20220415037455286,,,,0
2023-08-14,0.9744769874476987,1.0894495412844036,0.6567064198886808,1.550338366620395,-0.8936319467317141,,,,0
2023-08-15,0.9677824267782428,1.1059633027522935,0.4773295685185644,1.6892101422105095,-1.2118805736919451,,,,0
2023-08-16,0.9732217573221758,1.1013761467889909,0.6150826319799247,1.5724972124131915,-0.9574145804332668,,,,0
2023-08-17,0.9843096234309623,1.098623853211009,0.8827563867069228,1.4821403474972212,-0.5993839607902984,,,,0
2023-08-18,0.9869037656903766,1.0995412844036696,0.9246269691377075,1.4366451431142393,-0.5120181739765318,,,,0
2023-08-21,0.9747280334728033,1.0522935779816514,0.5916952948396491,0.8584399518731719,-0.2667446570335228,,,,0
2023-08-22,0.9654811715481172,1.065137614678899,0.33455692525032654,0.9764802615460451,-0.6419233362957185,,,,0
2023-08-23,0.9518828451882845,1.0458715596330275,-0.038434999390639574,0.7307838678889083,-0.7692188672795478,,,,0
2023-08-24,0.957949790794979,1.0807339449541284,0.11399529422740289,1.0959282895156786,-0.9819329952882757,,,,0
2023-08-25,0.955397489539749,1.0747706422018348,0.03379580378068892,0.9943939447777913,-0.9605981409971024,,,,0
2023-08-28,0.9644351464435147,1.0912844036697247,0.2594281802904186,1.1429012259361826,-0.883473045645764,,,,0
2023-08-29,0.997907949790795,1.0724770642201833,1.1160994574056302,0.9001583133128975,0.21594114409273268,,,,0
2023-08-30,0.9937238493723849,1.0348623853211008,0.9733846865874866,0.45531224506374823,0.5180724415237383,,,,0
2023-08-31,0.9897489539748955,1.018348623853211,0.840164334779006,0.24930711222259788,0.5908572225564082,,,,0
2023-09-01,0.9891213389121339,1.0266055045871558,0.8062621631798849,0.3241088091936686,0.4821533539862163,,,,0
2023-09-04,0.9943514644351464,1.0353211009174312,0.9368142344566585,0.405421709045001,0.5313925254116574,,,,0
2023-09-05,0.990878661087866,1.0266055045871558,0.8155453990919788,0.2868085353263706,0.5287368637656082,,,,0
2023-09-06,0.980836820083682,1.015137614678899,0.4901472883831036,0.13442780085988465,0.35571948752321897,,,,0
2023-09-07,0.9477405857740585,1.0146788990825688,-0.6016733358238292,0.11081743331297436,-0.7124907691368035,,,,0
2023-09-08,0.9328033472803348,1.0206422018348624,-1.1584926776523126,0.16259786012503494,-1.3210905377773474,,,,0
2023-09-11,0.9269037656903766,1.036697247706422,-1.3172640492923995,0.33567527638269473,-1.6529393256750942,,,,0
2023-09-12,0.9118410041841004,1.0270642201834863,-1.7446170232983187,0.2026310250408705,-1.9472480483391892,,,,0
2023-09-13,0.906276150627615,1.0220183486238532,-1.8464598768863247,0.12292226674200461,-1.9693821436283294,,,,0
2023-09-14,0.8992887029288703,1.0224770642201835,-1.971753756973285,0.10886248548220183,-2.080616242455487,,,,0
2023-09-15,0.8692887029288703,1.011467889908257,-2.6839127469441695,-0.04869092094658025,-2.635221825997589,,,,0
2023-09-18,0.8914644351464436,1.0155963302752293,-1.957649630154677,-0.024828920460322895,-1.9328207096943542,,,,0
2023-09-19,0.8883682008368201,1.010091743119266,-1.963418526750339,-0.12299471425942092,-1.840423812490918,,,,0
2023-09-20,0.8782426778242678,1.0045871559633026,-2.1287419463549453,-0.22447255760941015,-1.904269388745535,,,,0
2023-09-21,0.8649790794979079,0.9967889908256881,-2.3398013016266694,-0.36190034694400486,-1.9779009546826645,,,,0
2023-09-22,0.8825523012552302,1.0371559633027523,-1.81550424049881,0.16825537476901942,-1.9837596152678294,,,,0
2023-09-25,0.8756485355648536,1.0045871559633026,-1.8876567223374703,-0.3133037005916722,-1.5743530217457982,,,,0
2023-09-26,0.8556485355648535,1.008256880733945,-2.21726979992252,-0.2838722322416266,-1.9333975676808937,,,,0
2023-09-27,0.8521338912133891,1.0105504587155965,-2.165747526164803,-0.27669418822587477,-1.889053337938928,,,,0
2023-09-28,0.8494979079497909,0.9935779816513761,-2.105616941838885,-0.557816006403902,-1.5478009354349829,,,,0
2023-10-09,0.8179916317991632,0.9944954128440366,-2.5658192999221723,-0.5733810376553565,-1.9924382622668158,,,,0
2023-10-10,0.8147280334728033,0.9830275229357798,-2.4468092799120034,-0.7810393534063669,-1.6657699265056365,,,,0
2023-10-11,0.8149372384937239,0.9866972477064221,-2.2886771657783522,-0.7525983898792268,-1.5360787758991254,,,,0
2023-10-12,0.8198326359832636,0.998165137614679,-2.0816001158915083,-0.6045858716029912,-1.477014244288517,,,,0
2023-10-13,0.797489539748954,0.9871559633027522,-2.304171142827925,-0.8121044674319204,-1.4920666753960043,,,,0
2023-10-16,0.7730543933054393,0.9866972477064221,-2.5054112636660495,-0.8463033769006559,-1.6591078867653937,,,,0
2023-10-17,0.7758995815899582,1.0068807339449541,-2.3055747386995566,-0.5388581839056578,-1.766716554793899,,,,0
2023-10-18,0.7794979079497908,1.0027522935779816,-2.1254784633747223,-0.6494324335233562,-1.476046029851366,,,,0
2023-10-19,0.7644351464435146,0.9889908256880733,-2.2031774927652714,-0.9329940700560848,-1.2701834227091866,,,,0
2023-10-20,0.7573221757322176,0.9876146788990826,-2.167787477185312,-1.0019709217141357,-1.1658165554711761,,,,0
2023-10-23,0.7416736401673639,0.9715596330275229,-2.2277803303734585,-1.3436196372278881,-0.8841606931455703,,,,0
2023-10-24,0.7381589958158995,0.9917431192660551,-2.1442558897063106,-1.0015366126166827,-1.142719277089628,,,,0
2023-10-25,0.7363179916317991,1.001834862385321,-2.0481253926934855,-0.8086678662265836,-1.2394575264669019,,,,0
2023-10-26,0.7450627615062761,1.0,-1.8544910044840441,-0.8456556835242962,-1.008835320959748,,,,0
2023-10-27,0.7728870292887029,1.0105504587155965,-1.4868186910114671,-0.6481728999844857,-0.8386457910269814,,,,0
2023-10-30,0.7866945606694561,0.9908256880733946,-1.289630322344115,-1.0087828786623498,-0.2808474436817652,,,,0
2023-10-31,0.7765690376569038,0.9958715596330275,-1.3483753549487547,-0.8782536923593897,-0.47012166258936505,,,,0
2023-11-01,0.7846861924686193,0.9967889908256881,-1.2184938995361985,-0.8312270327268716,-0.38726686680932687,,,,0
2023-11-02,0.7764435146443515,0.9876146788990826,-1.2605963618088711,-0.9829878202228175,-0.27760854158605364,,,,0
2023-11-03,0.7842677824267782,1.0027522935779816,-1.139336375740519,-0.6516505920998773,-0.48768578364064175,,,,0
2023-11-06,0.8246025104602511,1.0472477064220183,-0.6885619384128969,0.3078428631177094,-0.9964048015306064,,,,0
2023-11-07,0.8001673640167365,1.0454128440366972,-0.9198953873768856,0.3142768091427517,-1.2341721965196373,,,,0
2023-11-08,0.8026778242677824,1.0357798165137613,-0.8650743672531809,0.1464483558692585,-1.0115227231224393,-1.0160187687184414,0.5536317704543001,-2.585669307891183,0
2023-11-09,0.8010460251046024,1.0302752293577981,-0.8559473831132028,0.0646830414280609,-0.9206304245412638,-1.0270906175130294,0.5300839712965517,-2.584265206322611,0
2023-11-10,0.7909205020920502,1.0302752293577981,-0.9416241586425147,0.12990084168152655,-1.0715250003240413,-1.038552700222525,0.5094577497372297,-2.58656315018228,0
2023-11-13,0.7859832635983264,1.0224770642201835,-0.9680219802279798,-0.05130383185888169,-0.9167181483690982,-1.0504612668557674,0.48229557441036386,-2.5832181081218986,0
2023-11-14,0.7685355648535566,1.0376146788990825,-1.1316450896651553,0.4284872433325576,-1.5601323329977128,-1.0615696066268674,0.476216223612939,-2.5993554368666736,0
2023-11-15,0.7718828451882844,1.036697247706422,-1.057562248343887,0.4599839775382911,-1.5175462258821781,-1.0666640341633713,0.4751672934037794,-2.608495361730522,0
2023-11-16,0.7579497907949792,1.0288990825688074,-1.1799396247501814,0.2653612861814283,-1.4453009109316097,-1.0747954730050104,0.46983568592539693,-2.6194266319354176,0
2023-11-17,0.7561924686192468,1.0330275229357797,-1.1638764960676238,0.46852206189147405,-1.6323985579590978,-1.0920123829578234,0.4540910774762208,-2.6381158433918674,0
2023-11-20,0.7543933054393306,1.0252293577981653,-1.150093896122203,0.2522568743230009,-1.4023507704452038,-1.1068512595656348,0.4336887024454379,-2.6473912215767075,0
2023-11-21,0.7556903765690377,1.0293577981651376,-1.1003776150048696,0.4315136538503807,-1.5318912688552504,-1.1279370364293302,0.4004128676325973,-2.656286940491258,0
2023-11-22,0.7405857740585774,1.0188073394495414,-1.23993764762041,0.05160533828160619,-1.2915429859020162,-1.138764030589435,0.38477694399403894,-2.662305005172909,0
2023-11-23,0.7435146443514644,1.020183486238532,-1.1664452632387596,0.1254927314185782,-1.2919379946573377,-1.1474760160457318,0.37344491276112124,-2.668396944852585,0
2023-11-24,0.7322175732217573,1.011467889908257,-1.2607534238188873,-0.193125469374158,-1.0676279544447294,-1.148904265365006,0.3715451727561354,-2.669353703486147,0
2023-11-27,0.7142259414225941,0.994954128440367,-1.428172042575062,-0.8940851899611965,-0.5340868526138655,-1.141795743891952,0.38620428216777514,-2.669795769951679,0
2023-11-28,0.7193305439330543,0.9912844036697247,-1.3264021801146035,-1.0966496114156028,-0.22975256869900074,-1.130900402609506,0.4138234727532153,-2.6756242779722275,0
2023-11-29,0.6981171548117154,0.9816513761467889,-1.547069587263294,-1.6049231858106126,0.05785359854731853,-1.1335351950352626,0.40235790239732894,-2.6694282924678543,0
2023-11-30,0.698744769874477,0.9839449541284403,-1.507175363094585,-1.4298423298287248,-0.07733303326586016,-1.1434586196150893,0.3562954610056508,-2.6432127002358294,0
2023-12-01,0.6924686192468619,0.9889908256880733,-1.5538842713274312,-1.1220360720388887,-0.43184819928854257,-1.160503709979172,0.28119314343956403,-2.6022005633979077,0
2023-12-04,0.6763598326359833,0.9821100917431193,-1.7246033167985109,-1.4321967731388099,-0.292406543659701,-1.173413041606604,0.2215657557018087,-2.5683918389150167,0
2023-12-05,0.6644769874476988,0.9692660550458715,-1.8484268948365397,-2.0095489252411842,0.16112203040464457,-1.1795842165233874,0.18771754417585162,-2.5468859772226264,0
2023-12-06,0.6815062761506276,0.9610091743119266,-1.6068677916642071,-2.2868001208218636,0.6799323291576564,-1.1770642921001868,0.2035372205088708,-2.557665804709244,1
2023-12-07,0.6882426778242678,0.9646788990825689,-1.5025885863401889,-1.9940068961549837,0.49141830981479484,-1.1748026450619937,0.21641664920920123,-2.5660219393331887,1
2023-12-08,0.6844769874476988,0.9610091743119266,-1.528565539135735,-2.0511816568114303,0.5226161176756954,-1.1542175302817852,0.2999539668092124,-2.608389027372783,1
2023-12-11,0.6918410041841004,0.9729357798165138,-1.39328587198098,-1.443262557727415,0.04997668574643499,-1.1313664098897225,0.3548749908924591,-2.6176078106719043,0
2023-12-12,0.6846443514644351,0.9692660550458715,-1.4713980407736287,-1.555227643868,0.08382960309437126,-1.1024202610768978,0.40992138307228654,-2.614761905226082,0
2023-12-13,0.6667364016736401,0.95,-1.699294385440883,-2.285466513691521,0.5861721282506378,-1.0601965914670677,0.4969956751179794,-2.6173888580521147,1
2023-12-14,0.6553556485355648,0.9403669724770642,-1.8211919056082804,-2.5153356783064895,0.6941437726982091,-1.0158044928616252,0.5871452589940946,-2.618754244717345,1
2023-12-15,0.6485355648535565,0.9385321100917431,-1.8682685967857269,-2.4191900243132474,0.5509214275275205,-0.9719455316952418,0.6562956149587341,-2.6001866783492176,0
2023-12-18,0.6149372384937238,0.9376146788990826,-2.2680363825430336,-2.2990073027744273,0.030970920231393695,-0.9275089859247587,0.6611291292447536,-2.516147101094271,0
2023-12-19,0.6234309623430963,0.946788990825688,-2.0612230401798493,-1.8569315322179432,-0.2042915079619061,-0.8987001658958846,0.6784291318375009,-2.47582946362927,0
2023-12-20,0.6211297071129707,0.9247706422018348,-2.022582774017889,-2.4797734313090114,0.4571906572911222,-0.8604065913995173,0.7351769477415971,-2.4559901305406315,0
2023-12-21,0.6459832635983263,0.9298165137614678,-1.602412271094558,-2.16801992729552,0.565607656200962,-0.8192419739837422,0.7941348678729874,-2.432618815840472,0
2023-12-22,0.6539330543933054,0.9302752293577982,-1.4398740120072329,-2.0383720101032714,0.5984979980960385,-0.7763019914374305,0.848732908171073,-2.401336891045934,0
2023-12-25,0.659163179916318,0.9178899082568808,-1.332344322085104,-2.303711796953355,0.9713674748682513,-0.7270498732684959,0.927973095478081,-2.3820728420150727,1
2023-12-26,0.6532635983263598,0.9105504587155964,-1.3951911247392774,-2.365487403982858,0.9702962792435808,-0.6846390515853396,1.0119553601139963,-2.3812334632846754,0
2023-12-27,0.6457322175732219,0.9128440366972476,-1.4754596878901405,-2.162615072861599,0.6871553849714587,-0.6409631690411337,1.0597813937178466,-2.3417077318001143,0
2023-12-28,0.6819665271966527,0.9344036697247706,-0.8654410992991178,-1.4835247210547644,0.6180836217556466,-0.5991775530462242,1.1000257595532248,-2.2983808656456732,0
2023-12-29,0.6830962343096234,0.9344036697247706,-0.8223485129065722,-1.430197825237245,0.6078493123306727,-0.5632500489167965,1.1454938824261633,-2.271993980259756,0
2024-01-02,0.656192468619247,0.9206422018348623,-1.240116543015512,-1.7324375390134463,0.4923209959979342,-0.521837394612384,1.1663245120996772,-2.209999301324445,0
2024-01-03,0.6518828451882845,0.9256880733944953,-1.2733347773478505,-1.537750619876407,0.26441584252855654,-0.4896676317951475,1.183316216086904,-2.162651479677199,0
2024-01-04,0.6326359832635983,0.9174311926605504,-1.5501863285762147,-1.6833793606296787,0.133193032053464,-0.4618464349959376,1.1958003261499925,-2.119493196141868,0
2024-01-05,0.6313807531380753,0.9077981651376146,-1.5237310005339662,-1.8399394861944516,0.3162084856604854,-0.4319593894967876,1.2158671857144565,-2.079785964708032,0
2024-01-08,0.6276150627615062,0.8908256880733946,-1.5320254921547058,-2.136937333816801,0.6049118416620951,-0.3970097475458193,1.2483048958599707,-2.042324390951609,0
2024-01-09,0.6221757322175732,0.8926605504587156,-1.560899840317743,-1.9844586375599933,0.4235587972422503,-0.36229863614569185,1.2624524721267048,-1.9870497444180886,0
2024-01-10,0.6303765690376569,0.8926605504587156,-1.3715829039309637,-1.8870749752778309,0.5154920713468671,-0.32426182571001244,1.2733764166961592,-1.9219000681161842,0
2024-01-11,0.6477824267782426,0.8990825688073395,-1.0445871049471158,-1.6665287378343383,0.6219416328872225,-0.2892953646643693,1.2975988890476855,-1.876189618376424,0
2024-01-12,0.6469874476987447,0.8954128440366972,-1.0231758789551944,-1.6730118697072185,0.6498359907520241,-0.25729504110668244,1.3265712287509444,-1.841161310964309,0
2024-01-15,0.6347280334728033,0.8935779816513761,-1.1868644438005977,-1.640863916303196,0.4539994725025982,-0.23029810730711955,1.3457756627689255,-1.8063718773831645,0
2024-01-16,0.656694560669456,0.8981651376146788,-0.7954175541488402,-1.4886452942659003,0.6932277401170601,-0.20400830008607568,1.3803007835771643,-1.7883173837493158,0
2024-01-17,0.6369874476987448,0.8816513761467889,-1.0866103065521882,-1.7484718571487126,0.6618615505965244,-0.17393195295797315,1.4063983573146372,-1.7542622632305838,0
2024-01-18,0.6469037656903767,0.8940366972477063,-0.8946209361559311,-1.4409386764324128,0.5463177402764817,-0.14416903184558344,1.4217294724636198,-1.7100675361547868,0
2024-01-19,0.6481171548117155,0.8931192660550458,-0.8466691413368211,-1.4047745023703917,0.5581053610335706,-0.11805335381236146,1.4414377011183819,-1.6775444087431046,0
2024-01-22,0.6512970711297071,0.8775229357798164,-0.7670104154465716,-1.6406317280095495,0.8736213125629779,-0.0895155687525288,1.4789768098661125,-1.6580079473711702,0
2024-01-23,0.6439748953974895,0.9073394495412844,-0.8593667086619952,-1.0296777060109035,0.1703109973489083,-0.08199626140201757,1.4870905420092608,-1.651083064813296,0
2024-01-24,0.6421757322175732,0.9412844036697248,-0.860328717034883,-0.3603574991057581,-0.4999712179291249,-0.08249375399101358,1.4871124686278292,-1.6520999766098563,0
2024-01-25,0.6485355648535565,0.9431192660550458,-0.7264809954815574,-0.3088112590628248,-0.4176697364187326,-0.08300046848450367,1.4870255568003992,-1.6530264937694064,0
2024-01-26,0.6276150627615062,0.9555045871559632,-1.052807386807359,-0.05889700277074746,-0.9939103840366116,-0.09493883252534631,1.4919099469378636,-1.6817876119885564,0
2024-01-29,0.6151464435146444,0.9440366972477063,-1.2336254173724563,-0.26396244926748713,-0.9696629681049692,-0.10297178559975177,1.4967916273468262,-1.70273519854633,0
2024-01-30,0.5889121338912134,0.9376146788990826,-1.6726705149483192,-0.3629537722641946,-1.3097167426841245,-0.10819365128564375,1.5054181240322098,-1.7218054266034974,0
2024-01-31,0.6342677824267783,0.9403669724770642,-0.8332066497964311,-0.280478380619984,-0.5527282691764471,-0.09683625249659059,1.4939689501441662,-1.6876414551373475,0
2024-02-01,0.6235146443514645,0.9376146788990826,-1.0176341892571479,-0.3109206529437706,-0.7067135363133773,-0.09175609938310621,1.4890826198100036,-1.6725948185762158,0
2024-02-02,0.6108786610878661,0.9256880733944953,-1.2508160951559133,-0.5372009047687698,-0.7136151903871435,-0.08830584548053753,1.4860644059030756,-1.6626760968641505,0
2024-02-05,0.6357322175732217,0.9256880733944953,-0.7293691440340175,-0.5116711167256596,-0.21769802730835797,-0.07407539593027615,1.4794408342712368,-1.6275916261317893,0
2024-02-06,0.662468619246862,0.9697247706422019,-0.12529542216864537,0.49040434902393676,-0.6156997711925821,-0.06905842297733421,1.4753055665172365,-1.6134224124719048,0
2024-02-07,0.6677824267782426,0.9715596330275229,0.03285792121160085,0.5756741033881719,-0.5428161821765711,-0.05210315379698185,1.447355123246877,-1.5515614308408407,0
2024-02-08,0.6813389121338912,0.9747706422018348,0.40776090423841493,0.6987602612257928,-0.2909993569873779,-0.03166070598206851,1.419183758010589,-1.4825051699747263,0
2024-02-19,0.6698326359832636,0.9564220183486238,0.1669888918061959,0.29483991695504697,-0.12785102514885108,-0.0097032078856892,1.393198228928842,-1.4126046447002203,0
2024-02-20,0.662468619246862,0.9628440366972476,0.01716608681268936,0.5055488427374242,-0.4883827559247348,0.009363722148216852,1.3523715922412896,-1.333644147944856,0
2024-02-21,0.6744769874476987,0.9807339449541284,0.40497790425223346,1.0237276223743828,-0.6187497181221493,0.022423739686934428,1.3241953980194996,-1.2793479186456307,0
2024-02-22,0.6709205020920502,0.9967889908256881,0.3673865689298234,1.5142771468985803,-1.1468905779687568,0.02884041786837599,1.3029481427693335,-1.2452673070325813,0
2024-02-23,0.6715481171548117,0.9871559633027522,0.4473526617164305,1.2947973790275198,-0.8474447173110893,0.03624205567822478,1.2840359338860174,-1.2115518225295678,0
2024-02-26,0.6527196652719666,0.9788990825688073,-0.1314109642049263,1.1168809653848397,-1.248291929589766,0.03696949009601764,1.2816607147647556,-1.2077217345727205,-1
2024-02-27,0.660376569037657,0.9844036697247707,0.19431102687404178,1.322698958946515,-1.1283879320724732,0.0359568238022219,1.2843969484881148,-1.212483300883671,0
2024-02-28,0.6569456066945606,0.963302752293578,0.10531758700851696,0.7162987338827281,-0.6109811468742112,0.03467525223121613,1.2856510310208116,-1.2163005265583793,0
2024-02-29,0.6841422594142259,0.9770642201834863,1.2608489558226639,1.158190300683433,0.10265865513923078,0.04021543929518666,1.289370514745566,-1.208939636155193,0
2024-03-01,0.6884937238493725,0.9779816513761468,1.4640307209376797,1.1914356519548894,0.2725950689827903,0.04379446380244452,1.294384820932603,-1.2067958933277139,0
2024-03-04,0.6857740585774059,0.9706422018348624,1.3800088730182767,0.9780306181382794,0.4019782548799973,0.05178298527154214,1.305345889360611,-1.2017799188175267,0
2024-03-05,0.6889121338912134,0.9715596330275229,1.5221750319856455,1.0282545263301073,0.49392050565553824,0.06721246368727683,1.3193495294773065,-1.1849246021027529,0
2024-03-06,0.6846861924686192,0.9678899082568808,1.3265815489319939,0.9273746915173727,0.39920685741462114,0.07873935370518219,1.330143147427669,-1.1726644400173047,0
2024-03-07,0.6700836820083682,0.9545871559633027,0.7018440892482696,0.5120330484406173,0.18981104080765232,0.07921750387856565,1.3307712570531656,-1.1723362492960343,0
2024-03-08,0.6610878661087866,0.9541284403669725,0.33953167916141896,0.5020972590783392,-0.16256557991692028,0.06517587206065605,1.3081895954768072,-1.177837851355495,0
2024-03-11,0.7566945606694561,0.9720183486238533,3.853971091329153,1.0719386140368892,2.782032477292264,0.10335277485194719,1.527173240898377,-1.3204676911944826,1
2024-03-12,0.7775732217573222,0.9816513761467889,3.958383978749231,1.3550224642627697,2.603361514486461,0.13803186479879329,1.6982199934800128,-1.4221562638824263,1
2024-03-13,0.7748117154811716,0.9665137614678899,3.4499143255609415,0.8799048459710421,2.570009479589899,0.18003241136285103,1.8615405490739785,-1.5014757263482763,1
2024-03-14,0.7690794979079498,0.9541284403669725,2.9960020224707664,0.4956314284435157,2.5003705940272507,0.22030809454506567,2.0050373540924635,-1.5644211650023323,1
2024-03-15,0.7573221757322176,0.9573394495412845,2.492068496229339,0.5936721830720515,1.8983963131572876,0.24217849762684318,2.0766134870228745,-1.5922564917691884,0
2024-03-18,0.7989958158995816,0.9752293577981652,3.180171145743618,1.1355768383985703,2.044594307345048,0.2646860065376238,2.153996218498428,-1.6246242054231803,0
2024-03-19,0.7834728033472803,0.9555045871559632,2.601988430491923,0.5004438100083494,2.1015446204835735,0.2905297264202247,2.2373144353130967,-1.6562549824726474,0
2024-03-20,0.7928033472803346,0.9559633027522936,2.603380777519844,0.5041893454196337,2.0991914321002105,0.325000068284705,2.3255874733730053,-1.6755873368035952,0
2024-03-21,0.7911297071129708,0.9555045871559632,2.400137832308404,0.4843421311468604,1.9157957011615436,0.3603348551034291,2.3974519661864644,-1.676782255979606,0
2024-03-22,0.7803765690376568,0.9403669724770642,2.070298117515668,-0.000724001525210404,2.0710221190408786,0.38723204613259177,2.4716194116152046,-1.6971553193500213,0
2024-03-25,0.7732217573221758,0.8944954128440367,1.8395351286744182,-1.406888122303378,3.246423250977796,0.431912306045539,2.642936604579713,-1.7791119924886354,1
2024-03-26,0.8025104602510461,0.8990825688073395,2.242585338063978,-1.2327708281974217,3.4753561662614,0.4798599421816283,2.8262113226217878,-1.8664914382585314,1
2024-03-27,0.7866108786610879,0.8876146788990826,1.8620770915957634,-1.5422143371140529,3.4042914287098163,0.5204086747456544,2.982544975881697,-1.941727626390388,1
2024-03-28,0.7898744769874477,0.8857798165137614,1.8278004064408904,-1.5611975765365684,3.388997982977459,0.5607203698078858,3.1297022625379265,-2.0082615229221554,1
2024-03-29,0.7956485355648535,0.8807339449541284,1.834052748148825,-1.6624938260556201,3.4965465742044453,0.6075435562951023,3.2859778007570712,-2.070890688166867,1
2024-04-01,0.8277824267782427,0.8903669724770642,2.223795380750097,-1.339535626335094,3.563331007085191,0.6566310127172612,3.441683623810384,-2.128421598375861,1
2024-04-02,0.8355648535564854,0.8857798165137614,2.207720549564468,-1.4224070579180075,3.6301276074824753,0.7070023176364579,3.595855323617476,-2.1818506883445608,1
2024-04-03,0.8269874476987448,0.8788990825688073,1.969978886275442,-1.5651504466048711,3.535129332880313,0.757715789917831,3.736665785779287,-2.221234205943625,0
2024-04-08,0.8142259414225941,0.8678899082568808,1.7043955640025927,-1.7919476250884208,3.4963431890910135,0.8115812456938719,3.870064932840932,-2.246902441453188,0
2024-04-09,0.8200836820083682,0.868348623853211,1.7108803140701636,-1.7156516766264693,3.426531990696633,0.8664702283379246,3.992883076765328,-2.2599426200894785,0
2024-04-10,0.8064435146443515,0.8444954128440367,1.4619023298806324,-2.2215273655955055,3.683429695476138,0.9225905818348522,4.128694380940385,-2.2835132172706807,0
2024-04-11,0.8058577405857741,0.8412844036697248,1.4010790388925474,-2.2051314557024813,3.606210494595029,0.9726122260504012,4.251383330354913,-2.3061588782541103,0
2024-04-12,0.7882426778242677,0.8229357798165138,1.1203110892410084,-2.4978940767489073,3.6182051659899157,1.0258563321961955,4.3714339400854145,-2.3197212756930234,0
2024-04-15,0.8248535564853556,0.8137614678899081,1.561980458961279,-2.5432854157303484,4.105265874691627,1.0856858955852748,4.521318099276899,-2.3499463081063494,0
2024-04-16,0.8248953974895398,0.8087155963302751,1.501843679755799,-2.4870172775053536,3.988860957261153,1.1418012176581736,4.6557161077762474,-2.372113672459901,0
2024-04-17,0.8200418410041841,0.8302752293577982,1.3840227950592312,-1.95493787959598,3.338960674655211,1.1866199623898934,4.743346938692413,-2.3701070139126266,0
2024-04-18,0.8182426778242677,0.8353211009174312,1.3129441154744863,-1.788886195467852,3.101830310942338,1.2307504763638895,4.816092318322519,-2.3545913655947395,0
2024-04-19,0.798326359832636,0.831651376146789,1.0147542175707107,-1.7924535842096756,2.807207801780386,1.2659834773916112,4.871330523097959,-2.3393635683147362,0
2024-04-22,0.797489539748954,0.8385321100917431,0.9709520073596881,-1.6182421200821204,2.5891941274418087,1.2981056870056993,4.9158799902479435,-2.3196686162365454,0
2024-04-23,0.7946861924686193,0.8380733944954128,0.9030389408206807,-1.5787238536779449,2.481762794498626,1.3303631045760684,4.955377119582723,-2.294650910430586,0
2024-04-24,0.7933054393305439,0.8380733944954128,0.8552535561056451,-1.5338103257009672,2.3890638818066123,1.3608790799222856,4.990272355181601,-2.268514195337029,0
2024-04-25,0.80836820083682,0.8339449541284403,1.0211649292222664,-1.570547724057911,2.5917126532801777,1.3895139356009059,5.030361696505207,-2.251333825303395,0
2024-04-26,0.830460251046025,0.8788990825688073,1.2710865399200073,-0.7522330778481878,2.023319617768195,1.420397412607894,5.050597198450478,-2.20980237323469,0
2024-04-29,0.877112970711297,0.8889908256880733,1.8099346200927433,-0.5555368270220046,2.3654714471147478,1.468154790358625,5.070876669870838,-2.1345670891535877,0
2024-04-30,0.8476987447698745,0.8720183486238533,1.3757621172895969,-0.8333060661134134,2.2090681834030104,1.5119337556889874,5.085156158585996,-2.0612886472080216,0
2024-05-06,0.8660251046025104,0.8811926605504588,1.5595976938043081,-0.6484325207316838,2.208030214535992,1.5652994323318643,5.081472402221038,-1.9508735375573092,0
2024-05-07,0.8656066945606694,0.8770642201834863,1.508270449045251,-0.7002610630411401,2.208531512086391,1.6182693403350534,5.074343155574977,-1.83780447490487,0
2024-05-08,0.8503347280334728,0.861467889908257,1.2839938516777243,-0.9477580397333071,2.2317518914110313,1.6772938175699728,5.049913447140829,-1.6953258120008834,0
2024-05-09,0.8761506276150628,0.8674311926605505,1.5774660495263457,-0.8180535287335711,2.3955195782599166,1.726431281693912,5.0524742506079106,-1.5996116872200865,0
2024-05-10,0.8514644351464435,0.8743119266055045,1.2149157267399264,-0.6772882680649753,1.8922039948049019,1.7697465738792169,5.034011238113213,-1.4945180903547797,0
2024-05-13,0.8341004184100418,0.8706422018348624,0.9559357783043563,-0.7224320964735635,1.6783678747779198,1.8096129582986349,5.008271636090952,-1.389045719493682,0
2024-05-14,0.8326778242677824,0.8720183486238533,0.9101493950174872,-0.6804987100870762,1.5906481051045633,1.8397520605055169,4.994483342587348,-1.3149792215763134,0
2024-05-15,0.8279916317991631,0.8600917431192661,0.8152853627683931,-0.8578941639674548,1.673179526735848,1.8779000488043238,4.966512771641868,-1.2107126740332206,0
2024-05-16,0.835439330543933,0.861467889908257,0.8951159158889775,-0.8057004249183338,1.7008163408073114,1.9152939241873885,4.938320128158037,-1.10773227978326,0
2024-05-17,0.8493723849372385,0.8802752293577982,1.0670375562745913,-0.4542261154698525,1.5212636717444439,1.9454983079995856,4.914586864146974,-1.0235902481478028,0
2024-05-20,0.851255230125523,0.8848623853211008,1.0636794004332377,-0.3542519597973329,1.4179313602305705,1.971261347755909,4.893625801113771,-0.9511031056019523,0
2024-05-21,0.8433472803347281,0.8825688073394494,0.9179118006569084,-0.37420819266478245,1.2921199933216907,2.0009363935766826,4.857112619398932,-0.8552398322455668,0
2024-05-22,0.8572803347280334,0.8857798165137614,1.1013767242667944,-0.29307581153359785,1.3944525358003923,2.034489764475392,4.8116877360939245,-0.7427082071431408,0
2024-05-23,0.854979079497908,0.8655963302752294,1.037742117959606,-0.6346988738231466,1.6724409917827527,2.0814786239712504,4.732243051171875,-0.5692858032293744,0
2024-05-24,0.8409205020920502,0.8527522935779817,0.7891403470178611,-0.8463750959856351,1.6355154430034962,2.122861293309827,4.6628357015077535,-0.41711311488809955,0
2024-05-27,0.8368619246861925,0.8591743119266055,0.7021498400985561,-0.6986111891469435,1.4007610292454995,2.1670121759570815,4.556239114667303,-0.22221476275313945,0
2024-05-28,0.8276150627615063,0.8541284403669724,0.519988015958178,-0.7697594629867496,1.2897474789449275,2.207314432807371,4.447342493934626,-0.032713628319884336,0
2024-05-29,0.8317573221757322,0.8555045871559632,0.5730191661252602,-0.7160546872990078,1.2890738534242678,2.238982016145679,4.367905670794322,0.11005836149703674,0
2024-05-30,0.8341004184100418,0.8513761467889908,0.5940782849704594,-0.7721223790978585,1.366200664068318,2.2600410496278305,4.3271018588862376,0.1929802403694234,0
2024-05-31,0.8274476987447699,0.8541284403669724,0.43659605085755854,-0.6910951341494476,1.1276911850070062,2.274292651561568,4.296927431646756,0.2516578714763793,0
2024-06-03,0.8472803347280334,0.8454128440366973,0.8306257346878966,-0.8460530767860397,1.6766788114739364,2.2955376608381335,4.264233504084773,0.32684181759149356,0
2024-06-04,0.8617991631799163,0.8513761467889908,1.1392318799571335,-0.694482861662904,1.8337147416200374,2.3178675647708746,4.233106144868342,0.40262898467340746,0
2024-06-05,0.8540585774058578,0.8504587155963302,0.9636863675327941,-0.6895788072626707,1.653265174795465,2.3387685367272226,4.195305753777489,0.48223131967695654,0
2024-06-06,0.8568619246861925,0.8481651376146788,1.0688652800269143,-0.7148464060428239,1.7837116860697382,2.3653335474815904,4.1406253929609855,0.5900417020021953,0
2024-06-07,0.80836820083682,0.8431192660550458,-0.3918929558128885,-0.8035767504870477,0.41168379467415916,2.374904370391442,4.100248435012191,0.6495603057706925,-1
2024-06-11,0.7898326359832636,0.8412844036697248,-1.05339920509438,-0.8258842107711688,-0.2275149943232111,2.3247452458645177,4.172581471502676,0.4769090202263597,-1
2024-06-12,0.7765690376569038,0.8385321100917431,-1.5029512910635994,-0.8804713409464331,-0.6224799501171663,2.270981221454457,4.267570366937704,0.27439207597120996,-1
2024-06-13,0.7748117154811716,0.8376146788990826,-1.5627088999856609,-0.8877244056348691,-0.6749844943507918,2.216897988555445,4.3515630878180565,0.08223288929283346,-1
2024-06-14,0.7735983263598326,0.8545871559633027,-1.613615779550163,-0.40884781700651623,-1.204767962543647,2.155145679279264,4.463734914926338,-0.15344355636781026,-1
2024-06-17,0.7874476987447698,0.8559633027522936,-1.192866821719754,-0.3414333133553489,-0.8514335083644051,2.1093151822539022,4.544355152364849,-0.3257247878570442,-1
2024-06-18,0.7963598326359833,0.858256880733945,-0.8765466054734298,-0.23837640026795476,-0.638170205205475,2.06460244037806,4.600894587000827,-0.4716897062447072,-1
2024-06-19,0.790836820083682,0.85,-1.0806816857581159,-0.4826930236949689,-0.5979886620631469,2.0196102190022813,4.647363554524283,-0.6081431165197198,0
2024-06-20,0.7865690376569038,0.8431192660550458,-1.2227001682598706,-0.7196887522591551,-0.5030114160007155,1.9762401715339324,4.683349093725442,-0.7308687506575773,0
2024-06-21,0.7747280334728033,0.8458715596330275,-1.6086696232632307,-0.6147991667771178,-0.9938704564861129,1.9277457355731384,4.7414081905976,-0.8859167194513231,-1
2024-06-24,0.7823430962343095,0.844954128440367,-1.347481929550978,-0.6542982123830153,-0.6931837171679626,1.881675638302991,4.77518289845266,-1.011831621846678,0
2024-06-25,0.779581589958159,0.8311926605504587,-1.455751276359156,-1.2782576573373283,-0.1774936190218277,1.8246103571363304,4.743571434295726,-1.0943507200230653,0
2024-06-26,0.7761924686192468,0.8440366972477064,-1.5327523017760436,-0.6313153283912303,-0.9014369733848133,1.7516638048088937,4.721135862653179,-1.2178082530353918,0
2024-06-27,0.7740585774058577,0.8440366972477064,-1.5829809647851008,-0.605750299546724,-0.9772306652383768,1.6786384365764238,4.697873362230126,-1.3405964890772788,0
2024-06-28,0.7532635983263598,0.8362385321100917,-2.194864959022861,-0.9732746326853744,-1.2215903263374868,1.6017952980878412,4.678106683701579,-1.4745160875258958,0
2024-07-01,0.736694560669456,0.8348623853211009,-2.564144413601171,-1.0113764993468721,-1.5527679142542987,1.517640056613529,4.658682888581511,-1.6234027753544535,0
2024-07-02,0.7367364016736402,0.8344036697247706,-2.390049666689742,-1.0090485723535065,-1.3810010943362354,1.4352345215898383,4.617127597282012,-1.7466585541023356,0
2024-07-03,0.7510460251046025,0.8431192660550458,-1.87021911900963,-0.5202595638709153,-1.3499595551387147,1.3522330688794855,4.560928228018962,-1.8564620902599909,0
2024-07-04,0.7514644351464435,0.8275229357798164,-1.7733979910694637,-1.3260085318636397,-0.44738945920582407,1.2858577556780497,4.4755785597850135,-1.9038630484289143,0
2024-07-05,0.7431799163179916,0.81697247706422,-1.9093663910992602,-1.8141628979309774,-0.0952034931682828,1.2259986443070616,4.381594158215542,-1.929596869601419,0
2024-07-08,0.7360251046025105,0.8027522935779816,-1.993939584838201,-2.4039713275378753,0.41003174269967424,1.1757236401737787,4.2844767322186135,-1.9330294518710562,0
2024-07-09,0.7354393305439331,0.8192660550458715,-1.91511081710038,-1.510510782933698,-0.404600034166682,1.1075898113463984,4.17164495645234,-1.9564653337595432,0
2024-07-10,0.7240585774058578,0.8334862385321101,-2.0863830926373286,-0.7894198584182861,-1.2969632342190425,1.0258702491994973,4.08037495615084,-2.0286344577518456,0
2024-07-11,0.7406276150627614,0.8403669724770642,-1.628409691611055,-0.4671516645992268,-1.1612580270118282,0.946212529316135,3.97489008327324,-2.08246502464097,0
2024-07-12,0.7523012552301256,0.8422018348623853,-1.303008596690211,-0.4095954426471412,-0.8934131540430698,0.8629012121705567,3.8120550929919568,-2.0862526686508436,0
2024-07-15,0.7452719665271966,0.846788990825688,-1.4143330118750965,-0.21296452221040454,-1.201368489664692,0.7763973880551258,3.6562380429815073,-2.1034432668712553,0
2024-07-16,0.7502092050209206,0.8591743119266055,-1.256590922960181,0.4347982891983496,-1.6913892121585308,0.6925582232748969,3.5618032334056235,-2.17668678685583,0
2024-07-17,0.7568619246861924,0.8646788990825689,-1.0710719691744521,0.7100597761545775,-1.7811317453290296,0.6111755223370408,3.479441680447705,-2.257090635773623,0
2024-07-18,0.7880753138075314,0.870183486238532,-0.35928524662518485,0.9781248488972643,-1.337410095522449,0.5420985573819935,3.3948183910718526,-2.3106212763078653,0
2024-07-19,0.7926359832635983,0.8894495412844037,-0.2540739383838948,1.9322239407742374,-2.1862978791581322,0.46250702393866117,3.349169659035476,-2.4241556111581533,0
2024-07-22,0.7929707112970712,0.9261467889908257,-0.24581229086657364,3.422433327742133,-3.6682456186087062,0.3600068837202056,3.3882855696286573,-2.668271802188246,-1
2024-07-23,0.7790794979079497,0.8807339449541284,-0.5536761303026506,1.2056332270065164,-1.7593093573091672,0.2908673297349426,3.3201265824294444,-2.7383919229595595,0
2024-07-24,0.779581589958159,0.8660550458715596,-0.5302631001681651,0.485921677339431,-1.016184777507596,0.23073570588847975,3.217141273637929,-2.7556698618609694,0
2024-07-25,0.7854811715481171,0.8724770642201835,-0.3812045736236728,0.8023833247559921,-1.1835878983796648,0.1772872472860154,3.1479365352745337,-2.793362040702503,0
2024-07-26,0.7922594142259414,0.8834862385321102,-0.20115561415906383,1.3452070229103081,-1.546362637069372,0.11209001254961339,3.0589981498371035,-2.8348181247378763,0
2024-07-29,0.772092050209205,0.8660550458715596,-0.6430423139606145,0.5076382107346777,-1.1506805246952923,0.05609420074797501,2.968395251214674,-2.856206849718724,0
2024-07-30,0.7735983263598326,0.8678899082568808,-0.5824958317399532,0.6137830816986726,-1.1962789134386258,-0.0006442847182686136,2.8735134105157254,-2.874801979952263,0
2024-07-31,0.7795397489539749,0.908256880733945,-0.41617829160174974,2.4560384332043466,-2.8722167248060964,-0.08532342199981006,2.8232469466312926,-2.9938937906309127,0
2024-08-01,0.7543933054393306,0.8981651376146788,-0.9929021325965534,1.8936904930835825,-2.886592625680136,-0.17062916395132952,2.761639297972967,-3.1028976258756256,0
2024-08-02,0.7409623430962343,0.8811926605504588,-1.2913252142360714,1.1022467464968377,-2.393571960732909,-0.2504473562678766,2.6583065162415496,-3.1592012287773024,0
2024-08-05,0.7405857740585774,0.8770642201834863,-1.2607232858169068,0.9124228416669428,-2.1731461274838497,-0.3182031916393558,2.5768877866897406,-3.2132941699684525,0
2024-08-06,0.7320083682008368,0.8766055045871559,-1.4217305765347006,0.8842741880615185,-2.306004764596219,-0.3846094022955915,2.5069723082027924,-3.276191112793976,0
2024-08-07,0.7266527196652719,0.870183486238532,-1.4963262785196323,0.5981634160676202,-2.0944896945872524,-0.44602836562378834,2.4314007090915983,-3.323457440339175,0
2024-08-08,0.7213389121338912,0.8747706422018349,-1.5628971275300325,0.7889671137876003,-2.351864241317633,-0.5131124284246797,2.3509870832139477,-3.377211940063307,0
2024-08-09,0.7112970711297071,0.8665137614678899,-1.7320921079191303,0.4160181868836612,-2.1481102948027915,-0.5772612056848482,2.257391879546566,-3.4119142909162625,0
2024-08-12,0.7071129707112971,0.8655963302752294,-1.7650941221252203,0.38907888153265113,-2.1541730036578715,-0.63851848360822,2.170398963782291,-3.447435930998731,0
2024-08-13,0.7271129707112971,0.8743119266055045,-1.2535527634087076,0.7953748765997982,-2.0489276400085057,-0.6962994669455379,2.083015210115432,-3.475614144006508,0
2024-08-14,0.7205439330543933,0.8646788990825689,-1.3683842988019768,0.3762227545557393,-1.744607053357716,-0.7469115843901947,1.9954633019383632,-3.4892864707187528,0
2024-08-15,0.7255230125523012,0.878440366972477,-1.219652584913366,1.019233439283506,-2.238886024196872,-0.8074672270568158,1.9028354458333272,-3.517769899946959,0
2024-08-16,0.7264435146443515,0.8761467889908258,-1.1704331390252778,0.9003858285942513,-2.070818967619529,-0.8698548930468539,1.7798940957675895,-3.5196038818612974,0
2024-08-19,0.7347280334728034,0.873394495412844,-0.934053871187586,0.7547924363476082,-1.688846307535194,-0.9252609222224988,1.6493468953633703,-3.4998687398083677,0
2024-08-20,0.731673640167364,0.868348623853211,-0.9838396568947125,0.5162521071495434,-1.500091764044256,-0.973608468777328,1.5313254168084192,-3.4785423543630754,0
2024-08-21,0.7280753138075313,0.8678899082568808,-1.045755538120193,0.4839931782596088,-1.5297487163798018,-1.0206000720327402,1.4164828231010849,-3.457682967166565,0
2024-08-22,0.7481171548117155,0.8591743119266055,-0.4911834635230367,0.0848372171754791,-0.5760206806985158,-1.0516849809347864,1.3120356312866301,-3.415405593156203,0
2024-08-23,0.7606694560669457,0.8761467889908258,-0.12259135631122015,0.8334331372230703,-0.9560244935342905,-1.0903887335614968,1.1867479507372258,-3.3675254178602194,0
2024-08-26,0.7695397489539748,0.846788990825688,0.15517056553296377,-0.4880996509865858,0.6432702165195496,-1.098462416369621,1.1499376638943706,-3.3468624966336127,0
2024-08-27,0.7677824267782427,0.846788990825688,0.15029133774313544,-0.48940314305214155,0.639694480795277,-1.1157454885475986,1.0606701056975625,-3.2921610827927594,0
2024-08-28,0.7649372384937239,0.8454128440366973,0.12305598521947503,-0.5460487580050889,0.6691047432245639,-1.1351556551875228,0.9532521528962323,-3.2235634632712777,0
2024-08-29,0.7564853556485356,0.8619266055045871,-0.10891703705417267,0.19005210974257308,-0.29896914679674574,-1.1676928938807265,0.8014201756256414,-3.1368059633870944,0
2024-08-30,0.7712970711297071,0.8848623853211008,0.5257682723615832,1.1845545963486226,-0.6587863239870394,-1.2084011940483397,0.607545299555307,-3.0243476876519866,0
2024-09-02,0.7581171548117155,0.8678899082568808,0.034603503413458095,0.40954098032759423,-0.37493747691413615,-1.221511548574811,0.5578462314161046,-3.0008693285657264,0
2024-09-03,0.7767782426778242,0.8770642201834863,0.8234409327236567,0.7932889213233446,0.030152011400312095,-1.2172170984794193,0.5731092440913683,-3.007543441050207,0
2024-09-04,0.7830543933054394,0.8770642201834863,1.0763835151632075,0.7664179811818836,0.30996553398132387,-1.201676340411111,0.625459840497534,-3.028812521319756,0
2024-09-05,0.7815899581589959,0.8766055045871559,1.0066003007324729,0.7197560964243758,0.2868442043080971,-1.1856458621001296,0.6768231249721128,-3.048114849172372,0
2024-09-06,0.7780334728033472,0.8743119266055045,0.8542183763077679,0.6001459800327914,0.25407239627497646,-1.1613318561198192,0.7378493410566356,-3.060513053296274,0
2024-09-09,0.7746861924686193,0.8706422018348624,0.731170315124099,0.4237855518547989,0.30738476326930014,-1.1420182182592573,0.7932096449307111,-3.0772460814492257,0
2024-09-10,0.7579916317991632,0.8660550458715596,0.06341879913265983,0.21201407476758027,-0.14859527563492045,-1.1338586360997482,0.8140974089303734,-3.08181468112987,0
2024-09-11,0.7805857740585774,0.8715596330275229,1.0446656738471407,0.44313484134035486,0.6015308325067859,-1.1138666445235825,0.8805288470382879,-3.108262136085453,0
2024-09-12,0.7922594142259414,0.8660550458715596,1.5344028684643023,0.17986380842044225,1.35453906004386,-1.0829074699228396,1.0055137436770003,-3.1713286835226793,1
2024-09-13,0.7677824267782427,0.8678899082568808,0.4927261553893504,0.24716051827247632,0.24556563711687407,-1.062250201696123,1.0540862800313167,-3.1785866834235628,0
2024-09-18,0.7799163179916319,0.8688073394495414,1.0176928565348968,0.2720374420715288,0.745655414463368,-1.0382695495022678,1.1271174848901797,-3.2036565838947153,0
2024-09-19,0.7820083682008369,0.8871559633027523,1.1039431664335295,1.0742770039355938,0.029666162497935744,-1.0348168864769383,1.1368048009012726,-3.206438573855149,0
2024-09-20,0.7765690376569038,0.8848623853211008,0.8697721080320242,0.9372003506822675,-0.06742824265024328,-1.0209167409646953,1.164808657024485,-3.2066421389538755,0
2024-09-23,0.7874476987447698,0.8857798165137614,1.3141528942522938,0.9472230891257872,0.3669298051265065,-0.9985140664586141,1.2163919938388983,-3.2134201267561266,0
2024-09-24,0.8264435146443515,0.955045871559633,2.7273292771554063,3.6092776785751632,-0.8819484014197569,-0.9928533677099852,1.2214695391097,-3.2071762745296706,0
2024-09-25,0.8497907949790795,0.9706422018348624,3.2558078347364767,3.69195086252098,-0.4361430277845031,-0.9742429529354887,1.2397070227972384,-3.1881929286682156,0
2024-09-26,0.8598744769874477,1.0311926605504587,3.2303279307000925,4.646001902638083,-1.415673971937991,-0.9748208342288512,1.2395790794957486,-3.189220747953451,0
2024-09-27,0.9489958158995816,1.1344036697247706,4.742528142700224,5.372053212884337,-0.6295250701841129,-0.9628135928129411,1.251124727918293,-3.1767519135441753,0
2024-09-30,1.0539330543933054,1.2477064220183485,5.2797425464224235,5.40380465497974,-0.12406210855731636,-0.957424803635466,1.2631807370794206,-3.1780303443503524,0
2024-10-08,1.2510460251046025,1.3724770642201836,5.7611529213081285,5.226710804377568,0.5344421169305607,-0.9469307101338186,1.2960877771441206,-3.1899491974117575,0
2024-10-09,1.0669456066945606,1.3922018348623852,3.148239863096843,4.39481482338766,-1.2465749602908165,-0.974540821850327,1.2411489397134554,-3.1902305834141096,0
2024-10-10,1.0794979079497908,1.2729357798165137,2.975436632186439,3.0050222770244086,-0.02958564483796966,-0.9682905820281816,1.2560380787230527,-3.1926192427794162,0
2024-10-11,1.011673640167364,1.2922018348623854,2.1476791877565056,2.8814186685852996,-0.733739480828794,-0.9589035194716775,1.2645365066353738,-3.182343545578729,0
2024-10-14,1.0448535564853556,1.2596330275229357,2.316504109372871,2.4473077904138347,-0.13080368104096385,-0.9417292803721632,1.2912510429544808,-3.1747096036988074,0
2024-10-15,1.0092887029288702,1.2256880733944953,1.8831160945340937,2.0768128031792945,-0.19369670864520083,-0.9300673396155319,1.3112325981541906,-3.1713672773852544,0
2024-10-16,0.9784518828451882,1.211467889908257,1.5364196900403688,1.8793368724234476,-0.3429171823830788,-0.9157598178275052,1.329451787394142,-3.1609714230491526,0
2024-10-17,0.9686192468619247,1.2,1.3944454470078693,1.7202575590320344,-0.32581211202416505,-0.8930001994919323,1.3479097370566115,-3.133910136040476,0
2024-10-18,1.0455648535564852,1.2802752293577981,1.9691675334669194,2.129975284819452,-0.16080775135253256,-0.8659947995923241,1.3704265466717316,-3.1024161458563797,0
2024-10-21,1.0600836820083683,1.2596330275229357,1.9849102737030588,1.8973707767039603,0.08753949699909858,-0.842245639716965,1.404053997369509,-3.0885452768034387,0
2024-10-22,1.048326359832636,1.2692660550458716,1.8004089277901902,1.8627787057783045,-0.06236977798811427,-0.8068468380307979,1.4201525235247519,-3.0338461995863475,0
2024-10-23,1.0430962343096235,1.2646788990825688,1.682969993208199,1.7528864272082958,-0.06991643400009684,-0.7468746849539877,1.3570792150477091,-2.8508285849556847,0
2024-10-24,1.0299581589958158,1.2513761467889908,1.5177162837811893,1.6043646247855896,-0.08664834100440033,-0.7189970013489083,1.3746887381297306,-2.8126827408275474,0
2024-10-25,1.0831799163179916,1.2614678899082568,1.8365511355735507,1.5943178748096876,0.2422332607638631,-0.6980233673777173,1.408723970279497,-2.8047707050349313,0
2024-10-28,1.072133891213389,1.2610091743119265,1.6778953790868112,1.5282910805873864,0.1496042984994248,-0.6758034974297326,1.438221428640269,-2.7898284234997344,0
2024-10-29,1.0534728033472804,1.2490825688073395,1.482136392229311,1.4068650921660844,0.07527130006322658,-0.6487762651441893,1.461435505614823,-2.7589880359032017,0
2024-10-30,1.0377824267782427,1.2596330275229357,1.3204302939806458,1.4103874752296703,-0.08995718124902452,-0.631097542753418,1.479782681415806,-2.741977766922642,0
2024-10-31,1.0292050209205021,1.2899082568807339,1.2166650874268112,1.5135184170164249,-0.29685332958961363,-0.6161071163559345,1.4912180002737911,-2.7234322329856604,0
2024-11-01,1.0301255230125523,1.2821100917431192,1.1822636427129662,1.4165676308245763,-0.23430398811161002,-0.5721419040776932,1.452148707651465,-2.5964325158068515,0
2024-11-04,1.0510460251046025,1.3330275229357798,1.2811886149490532,1.6155316009521186,-0.33434298600306533,-0.5296044100830752,1.401991030765518,-2.4611998509316684,0
2024-11-05,1.0936820083682008,1.3977064220183486,1.5138677906323994,1.857514769772813,-0.34364697914041353,-0.4954389937232003,1.373546366206655,-2.364424353653056,0
2024-11-06,1.0732217573221758,1.4256880733944952,1.3255419994501694,1.9008526200480114,-0.575310620597842,-0.4688084019417669,1.347734123428598,-2.2853509273121317,0
2024-11-07,1.0995815899581591,1.568348623853211,1.4474130047724392,2.4270576020663697,-0.9796445972939305,-0.44670239915339544,1.310197550392535,-2.203602348699326,0
2024-11-08,1.0774058577405858,1.6,1.254828479279919,2.4046540452851293,-1.1498255660052104,-0.43095799701036136,1.2822626429476742,-2.144178636968397,0
2024-11-11,1.1192468619246863,1.6,1.476680504948494,2.2586960362387107,-0.7820155312902168,-0.40479385184323774,1.2354909522984021,-2.0450786559848777,0
2024-11-12,1.1423430962343095,1.5564220183486237,1.5678489513143112,1.9667928243294532,-0.398943873015142,-0.3756410781467769,1.1994891337405351,-1.950771290034089,0
2024-11-13,1.1799163179916319,1.5100917431192662,1.740115111391274,1.6969535683613506,0.04316154302992348,-0.3390188357019804,1.1686343518790685,-1.8466720232830292,0
2024-11-14,1.1506276150627615,1.4986238532110092,1.4942920410047722,1.5834240595438804,-0.08913201853910824,-0.3063555753441571,1.1340224227029485,-1.7467335733912628,0
2024-11-15,1.1111297071129707,1.4279816513761467,1.200969889015048,1.2524702333220519,-0.0515003443070039,-0.2781371301933119,1.1131253497764972,-1.6693996101631208,0
2024-11-18,1.1000836820083684,1.406880733944954,1.09410611615273,1.1284579988973447,-0.03435188274461476,-0.24139489450244092,1.052244355477475,-1.5350341444823568,0
2024-11-19,1.1243514644351467,1.4357798165137614,1.2105299955333861,1.2024938984058904,0.008036097127495756,-0.2067473100899905,0.9957235382970605,-1.4092181584770416,0
2024-11-20,1.1194560669456068,1.4559633027522934,1.1415544142164893,1.2396574591441767,-0.0981030449276874,-0.18023492237986538,0.9577254838004945,-1.3181953285602253,0
2024-11-21,1.1224267782426778,1.4628440366972477,1.1247283269917638,1.2245467989091003,-0.0998184719173365,-0.15689703417775006,0.9271110688777302,-1.2409051372332303,0
2024-11-22,1.084100418410042,1.3912844036697247,0.8464824392103962,0.9089422354120161,-0.0624597962016199,-0.13244221884144702,0.8900389605130937,-1.1549233981959879,0
2024-11-25,1.1050209205020922,1.3605504587155963,0.9533558577916262,0.7587628817462244,0.19459297604540182,-0.11959865789571507,0.899571567399267,-1.1387688831906972,0
2024-11-26,1.074142259414226,1.363302752293578,0.7211627790895365,0.7427883385334596,-0.02162555944392308,-0.10402534232754228,0.8914348985563746,-1.0994855832114592,0
2024-11-27,1.0874476987447699,1.3889908256880734,0.7829201257785149,0.8186936925482003,-0.03577356676968546,-0.11534273871569618,0.860810338327165,-1.0914958157585575,0
2024-11-28,1.0656903765690375,1.370183486238532,0.6096103478425222,0.7149607857474346,-0.10535043790491239,-0.127760154027366,0.8280666103240883,-1.0835869183788203,0
2024-11-29,1.0930543933054393,1.4105504587155964,0.7709114711582358,0.8541014048990041,-0.08318993374076833,-0.1402983986434549,0.7924660814589988,-1.0730628787459084,0
2024-12-02,1.097029288702929,1.4344036697247706,0.7719117433078656,0.9245038169308348,-0.15259207362296923,-0.13785878075722527,0.7939828025013745,-1.0697003640158251,0
2024-12-03,1.0955648535564853,1.4256880733944952,0.7349614354714012,0.8585901668543261,-0.12362873138292485,-0.1289394875471567,0.7928094992700531,-1.0506884743643665,0
2024-12-04,1.0835564853556487,1.4128440366972477,0.6228025826863044,0.7763606767080318,-0.15355809402172738,-0.12524983116561655,0.7942631892844207,-1.044762851615654,0
2024-12-05,1.0711297071129706,1.4174311926605503,0.5056510170517834,0.7695774825365385,-0.26392646548475507,-0.130151139113701,0.7891273908186476,-1.0494296690460496,0
2024-12-06,1.1152719665271966,1.4330275229357796,0.8119927358235887,0.8119339873100561,5.8748513532602686e-05,-0.13531625220483084,0.7773619896977455,-1.047994494107407,0
2024-12-09,1.1215481171548118,1.4275229357798165,0.8341563716102582,0.7610906004648008,0.07306577114545743,-0.13887922609087486,0.7687502112846927,-1.0465086634664424,0
2024-12-10,1.132092050209205,1.4440366972477063,0.8916935750158617,0.8117048598285291,0.07998871518733253,-0.14178062077566891,0.7618432415639085,-1.0454044831152463,0
2024-12-11,1.1175732217573222,1.4376146788990825,0.7513296759045471,0.7569377419890826,-0.005608066084535457,-0.14699716793156617,0.7496658709555697,-1.043660206818702,0
2024-12-12,1.1452301255230124,1.4522935779816513,0.9617056145308724,0.8050123346037272,0.1566932799271452,-0.1419090253388651,0.758175336460134,-1.0419933871378642,0
2024-12-13,1.1172803347280333,1.3954128440366973,0.6994046949402489,0.49517522341357795,0.20422947152667098,-0.14853071468853365,0.7349991143121457,-1.032060543689213,0
2024-12-16,1.1179916317991632,1.3775229357798164,0.6838586992591127,0.37441196134338794,0.30944673791572475,-0.1659489200573359,0.6343281128235205,-0.9662259529381925,0
2024-12-17,1.1456066945606695,1.3866972477064219,0.9299398324626863,0.3968093166979292,0.5331305157647571,-0.1611561720798712,0.6524788482837941,-0.9747911924435365,0
2024-12-18,1.1356066945606695,1.3894495412844037,0.8207682585962707,0.3848965596196806,0.43587169897659006,-0.16631923400465085,0.6276010668950532,-0.960239534904355,0
2024-12-19,1.1288284518828453,1.3912844036697247,0.7409599418121402,0.36781221511258244,0.37314772669955776,-0.16059454126795714,0.6439565937766617,-0.965145676312576,0
2024-12-20,1.099205020920502,1.391743119266055,0.3854467431503407,0.34166628293587414,0.04378046021446658,-0.15874106288687867,0.6471943494390673,-0.9646764752128245,0
2024-12-23,1.102510460251046,1.3724770642201836,0.40467161984650074,0.16615767661759168,0.23851394322890906,-0.16088132725183862,0.6400419617775601,-0.9618046162812375,0
2024-12-24,1.1223012552301257,1.3908256880733945,0.6768601913144774,0.27357008137698,0.40329010993749737,-0.13946068539588435,0.6517033677950641,-0.9306247385868327,0
2024-12-25,1.121213389121339,1.380275229357798,0.6622798525560133,0.14189379039369232,0.520386062162321,-0.12351853389677063,0.6817501940663065,-0.9287872618598477,0
2024-12-26,1.0930962343096233,1.3830275229357798,0.13260687941375054,0.1237327978312196,0.008874081582530946,-0.09977606633809526,0.6310832502780318,-0.8306353829542222,0
2024-12-27,1.096234309623431,1.3862385321100916,0.15633675266467656,0.11978683816639762,0.036549914498278935,-0.08867481659338873,0.6295786100153548,-0.8069282432021322,0
2024-12-30,1.115397489539749,1.3995412844036696,0.5407473504243732,0.2377068660500007,0.3030404843743725,-0.08155644004452725,0.6437019529890114,-0.8068148330780659,0
2024-12-31,1.112970711297071,1.3380733944954128,0.6000235404835543,-0.4177153310377955,1.0177388715213498,-0.07350149413468075,0.6893477210986526,-0.8363507093680141,1
2025-01-02,1.0827615062761504,1.2591743119266054,-0.11970107453120737,-1.2266846394476645,1.1069835649164572,-0.034275518714559534,0.7252391405528119,-0.7937901779819311,1
2025-01-03,1.077949790794979,1.2371559633027522,-0.23288782503396444,-1.4424507462796001,1.2095629212456358,-0.013623042613166107,0.8110080600728682,-0.8382541452992005,1
2025-01-06,1.0742677824267783,1.2412844036697246,-0.3543244212870558,-1.376005205771338,1.0216807844842821,0.015633961808718497,0.8606460752602823,-0.8293781516428453,1
2025-01-07,1.0437238493723848,1.2458715596330274,-1.096047149733106,-1.321751100597579,0.22570395086447315,0.02157575567380911,0.8674125325083658,-0.8242610211607476,0
2025-01-08,1.0265271966527196,1.2376146788990825,-1.5399916811125276,-1.4140327447608707,-0.1259589363516569,0.022704718545368176,0.8675529392116406,-0.8221435021209043,0
2025-01-09,1.0348535564853556,1.2334862385321101,-1.4285335864812199,-1.4699429606100358,0.04140937412881596,0.029110161153899757,0.8684922712056441,-0.8102719488978446,0
2025-01-10,1.0292887029288702,1.2137614678899082,-1.7102863781154962,-1.6865561617735663,-0.023730216341929955,0.03414485941527034,0.8684758392522093,-0.8001861204216686,0
2025-01-13,1.0330962343096235,1.2160550458715598,-1.5859003277519172,-1.6266915245820972,0.040791196830179954,0.03750484188498222,0.870264436354901,-0.7952547525849365,0
2025-01-14,1.0719665271966528,1.2706422018348622,-0.5259813527890961,-1.0641733571549306,0.5381920043658345,0.04501571700776115,0.8876811962223488,-0.7976497622068264,0
2025-01-15,1.0496652719665271,1.2555045871559634,-1.1421335968082955,-1.2159036319263528,0.07377003511805724,0.04728471389286401,0.8895070218335931,-0.794937594047865,0
2025-01-16,1.0457322175732218,1.25,-1.2538254290627138,-1.2665765772261501,0.012751148163436365,0.0486625069289229,0.8903752158851732,-0.7930502020273273,0
2025-01-17,1.0523012552301256,1.2527522935779816,-1.0986765999423416,-1.2387165605112207,0.14003996056887913,0.05244064528847755,0.8937176628411765,-0.7888363722642213,0
2025-01-20,1.1109623430962343,1.256880733944954,0.5319889237599417,-1.1940832430982373,1.726072166858179,0.07717129372338281,1.0220089529439962,-0.8676663654972305,1
2025-01-21,1.105355648535565,1.2577981651376147,0.360162560738588,-1.1832691713195684,1.5434317320581563,0.10040175094936168,1.1182055470302577,-0.9174020451315342,1
2025-01-22,1.0794979079497908,1.2490825688073395,-0.38012796480726646,-1.2733056721408456,0.8931777073335792,0.11403352440386755,1.1521739750607736,-0.9241069262530386,0
2025-01-23,1.0774058577405858,1.2591743119266054,-0.46701381142072657,-1.16886438190202,0.7018505704812934,0.12723032026603953,1.174909510940266,-0.9204488704081869,0
2025-01-24,1.090460251046025,1.2633027522935778,-0.12366798094454119,-1.1165202232933862,0.992852242348845,0.1487254131316805,1.213788454340943,-0.916337628077582,0
2025-01-27,1.0753138075313808,1.2353211009174312,-0.6142886743569752,-1.3832014490036326,0.7689127746466574,0.16544569251098498,1.237524180101477,-0.9066327950795069,0
2025-02-05,1.0548953974895399,1.2362385321100917,-1.2447982646943834,-1.3380509884385363,0.09325272374415294,0.1725722876734386,1.2367922847614035,-0.8916477094145263,0
2025-02-06,1.0589958158995816,1.2555045871559634,-1.0898435251009757,-1.1096109846464761,0.01976745954550041,0.17862919498487048,1.2350057264365184,-0.8777473364667775,0
2025-02-07,1.0932217573221756,1.2908256880733944,-0.060089990473760735,-0.7348588400426188,0.6747688495688581,0.19946385282098214,1.2446034390632663,-0.845675733421302,0
2025-02-10,1.0813807531380752,1.2912844036697246,-0.4114772036254721,-0.7068162101297544,0.2953390065042823,0.22071357955095236,1.2191351944799895,-0.7777080353780847,0
2025-02-11,1.0535564853556485,1.2830275229357797,-1.2335233428785757,-0.7748778511092709,-0.4586454917693048,0.2322332474548841,1.1810474376351452,-0.7165809427253769,0
2025-02-12,1.0682008368200837,1.296788990825688,-0.7663859652700663,-0.6080771695905445,-0.15830879567952183,0.24262835971506239,1.1593654778729778,-0.6741087584428531,0
2025-02-13,1.0936820083682008,1.2899082568807339,0.02618347628704793,-0.6664353018408316,0.6926187781278795,0.260821070567446,1.1690516238529287,-0.6474094827180366,0
2025-02-14,1.1284937238493724,1.2954128440366972,1.1829092678137214,-0.5755887790349827,1.7584980468487041,0.2894100122977591,1.274507147122477,-0.6956871225269587,1
2025-02-17,1.127196652719665,1.2977064220183485,1.1768892968543274,-0.5217592343773413,1.6986485312316688,0.31920635479393866,1.3640656413027958,-0.7256529317149184,1
2025-02-18,1.132928870292887,1.2633027522935778,1.338062587894712,-0.9297282057749748,2.267790793669687,0.35786120709355024,1.512745813529589,-0.7970233993424884,1
2025-02-19,1.144560669456067,1.2839449541284402,1.6542051116541538,-0.6411098231610248,2.2953149348151785,0.3966889873862135,1.6503582392313274,-0.8569802644589005,1
2025-02-20,1.1305439330543932,1.2793577981651376,1.1995042446328725,-0.6740666793389826,1.873570923971855,0.4277812345002861,1.7336870572199408,-0.8781245882193687,1
2025-02-21,1.152928870292887,1.3055045871559634,1.84788917980619,-0.308003892296638,2.155893072102828,0.46534783645079464,1.8377055512385891,-0.907009878337,1
2025-02-24,1.1359832635983265,1.3004587155963303,1.305053654699462,-0.3485013734736007,1.6535550281730627,0.494570728118968,1.8924099508572807,-0.9032684946193448,0
2025-02-25,1.1275313807531382,1.2766055045871558,1.014329752368337,-0.6507143325316835,1.6650440849000205,0.523362459470662,1.9454834777658307,-0.8987585588245067,0
2025-02-26,1.1239330543933055,1.305045871559633,0.8895841453512365,-0.24818742363219545,1.137771568983432,0.5390821026862959,1.9672585757143493,-0.8890943703417574,0
2025-02-27,1.1297071129707112,1.2954128440366972,1.0305692050124693,-0.36557323069527325,1.3961424357077425,0.5627115692721569,2.000036221339191,-0.874613082794877,0
2025-02-28,1.1058577405857741,1.253669724770642,0.3019077946540171,-0.9092842767675852,1.2111920714216022,0.5834943299086783,2.0216778336278987,-0.854689173810542,0
2025-03-03,1.1444769874476985,1.2550458715596329,1.4121590884359205,-0.8619637884666782,2.2741228769025987,0.6231522184888035,2.1143202691332905,-0.8680158321556836,1
2025-03-04,1.100418410041841,1.2550458715596329,0.09363562118958589,-0.8331428627220943,0.9267784839116802,0.6399850254496777,2.121489205180418,-0.8415191542810625,0
2025-03-05,1.0920083682008368,1.2541284403669724,-0.15483419146762648,-0.8190408114665172,0.6642066199988907,0.6535983370100421,2.1204153626128535,-0.8132186885927691,0
2025-03-06,1.1058995815899582,1.2844036697247705,0.25438972739927257,-0.36661207896413606,0.6210018063634086,0.666008845972481,2.11860754885486,-0.7865898569098982,0
2025-03-07,1.0910460251046026,1.265137614678899,-0.1925308229122913,-0.6185879478672128,0.42605712495492154,0.6756690996220917,2.1137332823339925,-0.7623950830898093,0
2025-03-10,1.0732217573221758,1.2495412844036695,-0.7263358903265871,-0.8198493533982085,0.09351346307162145,0.6816264317646981,2.1067605670253733,-0.7435077034959772,0
2025-03-11,1.0677824267782425,1.2522935779816513,-0.8617532191373164,-0.7545677580502533,-0.10718546108706306,0.6798390282713548,2.1087145072593363,-0.7490364507166268,0
2025-03-12,1.0648535564853556,1.2522935779816513,-0.9184063728802663,-0.7303762935977522,-0.18803007928251403,0.6754874307642219,2.1134413102116714,-0.7624664486832277,0
2025-03-13,1.0594979079497908,1.2431192660550459,-1.0421552503099878,-0.8565827924100725,-0.18557245789991528,0.6710614112127679,2.118077571596762,-0.7759547491712263,0
2025-03-14,1.096234309623431,1.2876146788990825,0.05985366198040154,-0.08951367303664205,0.14936733501704358,0.6736443345644608,2.1162938608659196,-0.7690051917369981,0
2025-03-17,1.0711297071129706,1.2779816513761468,-0.6628834909485033,-0.22030033865320311,-0.4425831522953002,0.6636563940274199,2.1289843851771826,-0.8016715971223428,0
2025-03-18,1.0753138075313808,1.2821100917431192,-0.516047195747152,-0.11283967774027835,-0.4032075180068736,0.653532444201861,2.1400132419906135,-0.8329483535868915,0
2025-03-19,1.110418410041841,1.2811926605504587,0.5561785103197684,-0.10229095146525428,0.6584694617850226,0.6593494895996825,2.143082076914051,-0.8243830977146858,0
2025-03-20,1.0968619246861924,1.2697247706422017,0.17176193746766544,-0.2989475323413043,0.4707094698089697,0.6583091388337527,2.1424891989535078,-0.8258709212860023,0
2025-03-21,1.0711297071129706,1.2426605504587156,-0.6053385779599562,-0.8267684060535865,0.22142982809363032,0.6547351076523701,2.1421233964805237,-0.8326531811757835,0
2025-03-24,1.0801673640167364,1.2472477064220184,-0.2976259927823091,-0.710013393309592,0.4123874005272829,0.6553891022161656,2.142308181573527,-0.8315299771411958,0
2025-03-25,1.0856903765690378,1.2394495412844035,-0.11377306965022685,-0.8664960791905999,0.7527230095403731,0.6672048113715973,2.145596636702746,-0.8111870139595515,0
2025-03-26,1.074979079497908,1.2376146788990825,-0.4420167654193537,-0.8889235388177058,0.4469067733983521,0.6706780252077547,2.145948912439686,-0.8045928620241769,0
2025-03-27,1.0831799163179916,1.2339449541284402,-0.16013181614159194,-0.973341314048012,0.8132094979064202,0.6775100150072367,2.151540007375851,-0.7965199773613775,0
2025-03-28,1.0744769874476987,1.2293577981651376,-0.4198655594622001,-1.088888988645604,0.6690234291834039,0.6799873044575881,2.153442624082529,-0.7934680151673525,0
2025-03-31,1.058326359832636,1.2165137614678898,-0.9210639590754702,-1.4583395208632401,0.5372755617877699,0.6887939957943421,2.1522149068749474,-0.7746269152862635,0
2025-04-01,1.042092050209205,1.2128440366972477,-1.3946381104638477,-1.6231717616754275,0.22853365121157987,0.6919937247395639,2.1504445908663516,-0.766457141387224,0
2025-04-02,1.0424267782426777,1.2174311926605503,-1.3346354460589875,-1.6342143001777945,0.2995788541188069,0.6919360309019711,2.1504497580040614,-0.7665776962001194,0
2025-04-03,1.017071129707113,1.2128440366972477,-2.024491691991811,-1.8140778265224287,-0.21041386546938212,0.6714668186187922,2.145767970721052,-0.802834333483468,0
2025-04-07,0.9005020920502091,1.1018348623853211,-4.463136981811179,-4.753056175480859,0.28991919366968055,0.6578490790980126,2.1308799570372847,-0.8151817988412596,0
2025-04-08,0.9165271966527198,1.1238532110091743,-3.539933431368259,-3.5617249657263006,0.02179153435804171,0.6380528893165526,2.1128470365701597,-0.8367412579370547,0
2025-04-09,0.8844769874476986,1.141743119266055,-3.6617851170664415,-2.8167761239337104,-0.8450089931327311,0.6069413930229357,2.126882044864641,-0.9129992588187696,0
2025-04-10,0.9120502092050209,1.153211009174312,-2.868420359502765,-2.3643452257338318,-0.5040751337689331,0.5947784082790457,2.1386208153625375,-0.949063998804446,0
2025-04-11,0.9372384937238494,1.163302752293578,-2.2923044393633254,-2.0180828265452724,-0.274221612818053,0.5923073636712725,2.1413083687414045,-0.9566936413988597,0
2025-04-14,0.9372384937238494,1.1573394495412843,-2.1769273342310425,-2.0514028586075574,-0.125524475623485,0.5895251328420674,2.1431439850230065,-0.9640937193388719,0
2025-04-15,0.954602510460251,1.151834862385321,-1.8216373874284726,-2.081034922873281,0.2593975354448086,0.5942439287051796,2.14199475760944,-0.9535069001990807,0
2025-04-16,0.9409623430962343,1.153669724770642,-1.9544538560767595,-1.9586851961605696,0.004231340083810098,0.5936345977594069,2.1423002655176635,-0.9550310699988496,0
2025-04-17,0.9456066945606695,1.1545871559633027,-1.7969437545071962,-1.846066764343489,0.0491230098362927,0.5854834478505812,2.140471516545421,-0.9695046208442585,0
2025-04-18,0.943347280334728,1.153669724770642,-1.7564296228500718,-1.7801596179855856,0.02372999513551388,0.5846494471842054,2.140807167061978,-0.9715082726935673,0
2025-04-21,0.9680334728033473,1.1573394495412843,-1.35138421345791,-1.637323680008481,0.285939466550571,0.589202585823991,2.1401435172536596,-0.9617383456056775,0
2025-04-22,0.9652301255230126,1.1504587155963302,-1.3495502427151571,-1.6952095506630251,0.34565930794786803,0.5926295749469742,2.1404388251743383,-0.9551796752803899,0
2025-04-23,0.9763598326359832,1.1527522935779815,-1.150136388809887,-1.5847291571313034,0.43459276832141636,0.5711049183046948,2.0904548825661626,-0.9482450459567728,0
2025-04-24,0.9910878661087866,1.146788990825688,-0.9106627083408682,-1.624854860909007,0.7141921525681388,0.5572842586465279,2.0555963601863843,-0.9410278428933283,0
2025-04-25,0.9899581589958159,1.1559633027522935,-0.9000892054076756,-1.4059141692875903,0.5058249638799147,0.5508283795889668,2.046589066139383,-0.9449323069614495,0
2025-04-28,0.9826359832635984,1.1527522935779815,-0.9739151946729216,-1.4092444618958873,0.4353292672229656,0.5463863578679946,2.04190562969496,-0.9491329139589708,0
2025-04-29,0.970836820083682,1.1472477064220183,-1.1021581621762546,-1.4488068148353996,0.346648652659145,0.535616298039833,2.0273591673843034,-0.9561265713046375,0
2025-04-30,0.9686192468619247,1.1504587155963302,-1.0978314228037056,-1.3471761429644247,0.24934472016071907,0.5269568304650672,2.019222826977563,-0.9653091660474283,0
2025-05-06,0.969163179916318,1.170183486238532,-1.0603507804931935,-0.9839013741891989,-0.07644940630399466,0.5241284616309315,2.0203762537688403,-0.9721193305069774,0
2025-05-07,0.9983682008368201,1.1775229357798165,-0.6467038718408281,-0.8342960198120383,0.18759214797121015,0.52692553977136,2.0199620252886024,-0.9661109457458824,0
2025-05-08,1.0233054393305439,1.1862385321100917,-0.29328398024008523,-0.6623115893498355,0.36902760910975024,0.5218298524303749,2.0149007606424347,-0.9712410557816847,0
2025-05-09,1.0387866108786612,1.1720183486238531,-0.07308670362470332,-0.8732829920881083,0.8001962884634051,0.5302441404630269,2.0238131256619734,-0.9633248447359195,0
2025-05-12,1.0753138075313808,1.2064220183486238,0.4195395695246765,-0.2683919342702389,0.6879315037949154,0.549353757055764,2.0206287622376187,-0.9219212481260909,0
2025-05-13,1.0827196652719664,1.1967889908256881,0.5163783432349758,-0.4103473515681046,0.9267256948030804,0.5674376652304739,2.0299776245197303,-0.8951022940587826,0
2025-05-14,1.098744769874477,1.241743119266055,0.7325727636692465,0.3893928412872162,0.3431799223820303,0.5616136843013764,2.0249087193392867,-0.901681350736534,0
2025-05-15,1.0886192468619247,1.2192660550458714,0.6088968240647948,0.01679182058302918,0.5921050034817656,0.5421738002452609,1.9713824304192324,-0.8870348299287109,0
2025-05-16,1.0851882845188285,1.2022935779816515,0.5763109587057036,-0.2623134162512402,0.8386243749569438,0.5278400643073488,1.9267990497129919,-0.8711189210982945,0
2025-05-19,1.0878661087866108,1.1977064220183486,0.6298882911946199,-0.3274983011552386,0.9573865923498585,0.5059999942853516,1.8335562924723856,-0.8215563039016823,0
2025-05-20,1.100418410041841,1.1967889908256881,0.824966259037241,-0.32178562607184596,1.146751885109087,0.4868572767902501,1.7405274913888347,-0.7668129378083344,0
2025-05-21,1.1467782426778241,1.1944954128440366,1.4678865168584072,-0.34201163394326856,1.8098981508016758,0.4857960639040805,1.7347904444125288,-0.763198316604368,1
2025-05-22,1.131255230125523,1.1922018348623853,1.2641560524507813,-0.358632353340463,1.6227884057912443,0.4769109861322207,1.684474679642303,-0.7306527073778615,0
2025-05-23,1.117112970711297,1.1775229357798165,1.07439184329427,-0.6149537995049249,1.689345642799195,0.4775074963759896,1.6874685220918677,-0.7324535293398886,1
2025-05-26,1.0707112970711297,1.1752293577981652,0.4327743460366274,-0.634394469426034,1.0671688154626613,0.4675429085520336,1.6471890369569975,-0.7121032198529301,0
2025-05-27,1.0627196652719666,1.170183486238532,0.33633962021204367,-0.7105746109981536,1.0469142312101973,0.4660286195891464,1.6424037086481291,-0.7103464694698365,0
2025-05-28,1.0610878661087866,1.1660550458715597,0.3339038461789191,-0.7702258640011023,1.1041297101800214,0.46116174083035105,1.6242246394365638,-0.7019011577758618,0
2025-05-29,1.053765690376569,1.1788990825688073,0.2405779773201625,-0.47822748933711445,0.718805466657277,0.45295529741761226,1.6013467978681168,-0.6954362030328922,0
2025-05-30,1.0460251046025104,1.1706422018348623,0.1531530652210805,-0.6280505992332505,0.781203664454331,0.4280733105434745,1.4762773810058352,-0.6201307599188863,0
2025-06-03,1.050836820083682,1.1738532110091742,0.24081248156550955,-0.5357780821058015,0.7765905636713111,0.4255701785394683,1.4696389840605673,-0.6184986269816306,0
2025-06-04,1.050418410041841,1.1876146788990825,0.24651831013977493,-0.2182308382262235,0.46474914836599845,0.4222458873455867,1.4644924741298553,-0.6200006994386817,0
2025-06-05,1.0523012552301256,1.2009174311926605,0.2922094823242861,0.10523631877708482,0.18697316354720128,0.41501207663198336,1.4576719537750356,-0.6276478005110688,0
2025-06-06,1.0413389121338912,1.191743119266055,0.13524518746832803,-0.07516512051276492,0.21041030798109295,0.41141796301575284,1.4554088136052448,-0.6325728875737391,0
2025-06-09,1.027531380753138,1.2123853211009175,-0.0696344332390895,0.41830324781929246,-0.487937681058382,0.4017271106135861,1.4682728342487703,-0.664818613021598,0
2025-06-10,1.0173221757322175,1.1903669724770642,-0.21760029888404744,-0.07079925508725196,-0.14680104379679548,0.40106685090175725,1.4689423511004833,-0.6668086492969689,0
2025-06-11,1.0481171548117154,1.210091743119266,0.27314745947607033,0.4182150390800694,-0.14506757960399908,0.4017828925630658,1.4681080758318785,-0.664542290705747,0
2025-06-12,1.0452301255230125,1.2128440366972477,0.23157789161358713,0.5016544181482813,-0.27007652653469416,0.4003744914191528,1.4700732722002279,-0.6693242893619223,0
2025-06-13,1.0384937238493723,1.2064220183486238,0.14149389306849802,0.39700486676387203,-0.255510973695374,0.39362651960727923,1.4748128547616088,-0.6875598155470504,0
2025-06-16,1.032050209205021,1.2238532110091742,0.049161964133142624,0.8957494470770028,-0.8465874829438601,0.38689311409646987,1.493985235224478,-0.7201990070315384,-1
2025-06-17,1.030376569037657,1.2247706422018347,0.034500328367870856,0.9889616464149537,-0.9544613180470828,0.37770555076246637,1.520057844470641,-0.7646467429457081,-1
2025-06-18,1.0274895397489539,1.210091743119266,0.010415394152386414,0.6517044499410971,-0.6412890557887106,0.3560429088029042,1.5257061859875831,-0.8136203683817747,0
2025-06-19,1.0129707112970712,1.188532110091743,-0.2064963880738564,0.0653271188796206,-0.271823506953477,0.34366735919019675,1.5240589416328372,-0.8367242232524438,0
2025-06-20,1.0052719665271965,1.1871559633027522,-0.316974664587072,0.05284095817253552,-0.36981562275960755,0.33381326834264274,1.5281451647425586,-0.8605186280572732,0
2025-06-23,1.0025523012552302,1.203211009174312,-0.34286270569019567,0.6008934749721226,-0.9437561806623183,0.3112108753228161,1.54999597520017,-0.9275742245545376,-1
2025-06-24,1.0289539748953975,1.2344036697247707,0.11535362393223174,1.6265170233823107,-1.511163399450079,0.2734794351729752,1.5928494970444005,-1.04589062669845,-1
2025-06-25,1.0665271966527197,1.2857798165137615,0.7532439544256557,3.0806685779117364,-2.3274246234860807,0.22724057855823465,1.7066408013109458,-1.2521596441944762,-1
2025-06-26,1.0576987447698745,1.2646788990825688,0.6148613694542567,2.344776620800617,-1.7299152513463603,0.18485516607068833,1.7397605151552646,-1.370050183013888,-1
2025-06-27,1.0501673640167364,1.265137614678899,0.4960714451238805,2.2674384982632017,-1.771367053139321,0.14418199136530957,1.7734618581487798,-1.4850978754181607,-1
2025-06-30,1.0553138075313808,1.2669724770642201,0.5852147596988942,2.2114900996605478,-1.6262753399616536,0.10812280966948586,1.796701306720708,-1.5804556873817361,-1
2025-07-01,1.0523012552301256,1.2564220183486239,0.5300830804133737,1.849216088281007,-1.319133007867633,0.08232836535149897,1.8102501105164088,-1.6455933798134108,0
2025-07-02,1.0479079497907948,1.2513761467889908,0.4531893910993938,1.6652340099294125,-1.2120446188300187,0.057134640802351866,1.8159746898748061,-1.7017054082701024,0
2025-07-03,1.0987029288702927,1.2692660550458716,1.2786679223500592,2.045192914303522,-0.7665249919534627,0.04786612202761719,1.8182644082470645,-1.7225321641918303,0
2025-07-04,1.1121338912133891,1.2688073394495412,1.4727594621800661,1.9832174005333145,-0.5104579383532484,0.03452650316056838,1.8095611544487304,-1.7405081481275937,0
2025-07-07,1.0915899581589958,1.2747706422018348,1.0932426648130458,2.05293603881246,-0.959693373999414,0.01816842135461078,1.8116743898387098,-1.7753375471294883,0
2025-07-08,1.1017154811715482,1.2853211009174312,1.2623623600821137,2.201940139110282,-0.9395777790281683,0.01659227492302016,1.813347211407718,-1.780162661561678,0
2025-07-09,1.1330543933054393,1.2756880733944953,1.796285984921795,1.87102252067043,-0.07473653574863515,0.023747918223358463,1.8154806589363697,-1.7679848224896528,0
2025-07-10,1.1380753138075315,1.294954128440367,1.8284554857551347,2.206383639254973,-0.37792815349983844,0.022019475878662036,1.8151210447072308,-1.7710820929499067,0
2025-07-11,1.1359832635983265,1.3146788990825689,1.7377678050481047,2.4905503521728156,-0.7527825471247109,0.011565174686974936,1.815447741525423,-1.7923173921514732,0
2025-07-14,1.1234309623430963,1.3032110091743119,1.4582820448734453,2.1151625892063395,-0.6568805443328942,-0.003706126642653442,1.8071423997557325,-1.8145546530410395,0
2025-07-15,1.1202928870292888,1.2954128440366972,1.367958203077479,1.8570967956593705,-0.4891385925818914,-0.011928958853748468,1.8032484376118365,-1.8271063553193336,0
2025-07-16,1.1062761506276149,1.2880733944954128,1.074420036669219,1.6324342101997507,-0.5580141735305317,-0.02204791190986221,1.7985062147711355,-1.84260203859086,0
2025-07-17,1.110878661087866,1.2958715596330275,1.1429297696502594,1.7249329889229434,-0.5820032192726841,-0.03214346548333217,1.7940871566681778,-1.858374087634842,0
2025-07-18,1.1347280334728034,1.3,1.5774044035965267,1.7363361885389041,-0.15893178494237747,-0.03955798634154798,1.7850310266259266,-1.8641469993090227,0
2025-07-21,1.1701255230125525,1.3256880733944953,2.2003271536981193,2.1517717185911547,0.048555435106964584,-0.04450971755556304,1.7774373720362417,-1.866456807147368,0
2025-07-22,1.1994142259414227,1.3270642201834861,2.6144545772033765,2.072985059342965,0.5414695178604116,-0.04272843839657979,1.7813317980233219,-1.8667886748164815,0
2025-07-23,1.2009205020920501,1.3660550458715597,2.478959207715363,2.6472155735556395,-0.1682563658402767,-0.057435913703386715,1.755997708276027,-1.8708695356828002,0
2025-07-24,1.1933054393305438,1.3779816513761467,2.2161620761890077,2.6648426439378543,-0.44868056774884657,-0.07334433923053273,1.7367331387907317,-1.883421817251797,0
2025-07-25,1.18326359832636,1.3623853211009174,1.951314229884939,2.255457012457905,-0.3041427825729661,-0.08566887339379826,1.7203853041912645,-1.891723050978861,0
2025-07-28,1.197907949790795,1.3743119266055046,2.1254062140266,2.327246896926383,-0.20184068289978319,-0.09481036231978039,1.707891957584895,-1.897512682224456,0
2025-07-29,1.2210041841004184,1.3738532110091741,2.4146621562585326,2.200803763873064,0.21385839238546867,-0.09540180111603457,1.706864448155646,-1.897668050387715,0
2025-07-30,1.1593723849372384,1.3660550458715597,1.3104042957101898,1.9724932369478994,-0.6620889412377096,-0.10516246003159649,1.7030199307311935,-1.9133448507943867,0
2025-07-31,1.1071966527196653,1.3311926605504587,0.3571904104285415,1.3613954944546067,-1.0042050840260652,-0.12502574723155108,1.6962118996179314,-1.9462633940810334,0
2025-08-01,1.1007112970711297,1.3188073394495412,0.2185552243524886,1.124540516149937,-0.9059852917974485,-0.14627596224667105,1.6812552361421722,-1.973807160635514,0
2025-08-04,1.114979079497908,1.3261467889908256,0.4596905378285185,1.2009768081161025,-0.741286270287584,-0.17196733822585417,1.6447481070321632,-1.9886827834838716,0
2025-08-05,1.1117154811715482,1.338532110091743,0.3879924018535271,1.347712818476925,-0.9597204166233978,-0.1994282035661594,1.614222377207562,-2.0130787843398807,0
2025-08-06,1.108786610878661,1.3376146788990826,0.3257115504021915,1.2863774866925564,-0.9606659362903649,-0.23088473075105015,1.568728859158993,-2.0304983206610934,0
2025-08-07,1.1006276150627616,1.335321100917431,0.1747172829808938,1.2109762368553973,-1.0362589538745035,-0.25387537868865906,1.5511429938423902,-2.0588937512197085,0
2025-08-08,1.102426778242678,1.3247706422018348,0.2035686740689867,1.0146544404025688,-0.8110857663335821,-0.2772618915189149,1.5195117125189508,-2.074035495556781,0
2025-08-11,1.1031799163179918,1.3477064220183486,0.21186236685802357,1.3181938109340106,-1.106331444075987,-0.3096778218361304,1.4753434433352957,-2.0946990870075566,0
2025-08-12,1.1014644351464435,1.3522935779816514,0.1760478331539929,1.3386184389954654,-1.1625706058414724,-0.3450104418059859,1.421821612728205,-2.1118424963401767,0
2025-08-13,1.1447698744769876,1.3587155963302753,0.9526309589635577,1.3839136836613066,-0.431282724697749,-0.3713110186360999,1.3516268271792478,-2.0942488644514476,0
2025-08-14,1.1710878661087865,1.3600917431192658,1.4134098446571748,1.3550648547785746,0.05834498987860015,-0.4005035713181511,1.2289164594299102,-2.0299236020662126,0
2025-08-15,1.1743514644351465,1.426605504587156,1.4391720659665617,2.2145163174284717,-0.77534425146191,-0.440472448939037,1.1024136114224725,-1.9833585093005466,0
2025-08-18,1.1841004184100419,1.4541284403669723,1.561828664565147,2.450179731917409,-0.8883510673522619,-0.48343406077489465,0.9584588741417546,-1.9253269956915438,0
2025-08-19,1.1623430962343098,1.4229357798165136,1.1429051080510324,1.9297242748043615,-0.7868191667533291,-0.5143338604784945,0.8707305414489453,-1.8993982624059345,0
2025-08-20,1.1682008368200836,1.4288990825688073,1.2022933534896068,1.9278444439482423,-0.7255510904586355,-0.5438749491729751,0.7799921820598856,-1.8677420804058358,0
2025-08-21,1.1673640167364017,1.4165137614678898,1.148305995469615,1.700205967110752,-0.5518999716411368,-0.5714754438699944,0.6796838687616308,-1.8226347565016194,0
2025-08-22,1.201589958158996,1.4770642201834863,1.6576285616801505,2.3735042493370417,-0.7158756876568912,-0.5953867964418971,0.6094443236685414,-1.8002179165523355,0
2025-08-25,1.2145606694560669,1.4743119266055045,1.7900245352852735,2.2238541403585725,-0.43382960507329904,-0.6156373509340243,0.5346864132009101,-1.7659611150689587,0
2025-08-26,1.211297071129707,1.4532110091743118,1.6633601090346395,1.878888357061804,-0.21552824802716453,-0.6321726644623322,0.4639914942457499,-1.7283368231704144,0
2025-08-27,1.1644351464435148,1.4169724770642202,0.8796310910705423,1.3750392998251617,-0.49540820875461944,-0.6481752870810092,0.4102324070721929,-1.7065829812342113,0
2025-08-28,1.1607112970711297,1.4449541284403669,0.7921860949506949,1.6656365794333259,-0.873450484482631,-0.6658490145481729,0.3710263546293112,-1.702724383725657,0
2025-08-29,1.2810878661087866,1.4440366972477063,2.5442566021016297,1.5978775569404027,0.9463790451612271,-0.6535828689285041,0.4412525184907463,-1.7484182563477546,1
2025-09-01,1.2719665271966527,1.429816513761468,2.2710607785455488,1.3715254024638204,0.8995353760817284,-0.630458317976169,0.5349456642129956,-1.7958623001653335,1
2025-09-02,1.2672384937238494,1.4119266055045872,2.098253558825769,1.1144815017151117,0.9837720571106572,-0.6116154329610448,0.6202624803479879,-1.8434933462700775,1
2025-09-03,1.292887029288703,1.3665137614678897,2.3234920073301493,0.5113556332679056,1.8121363740622436,-0.5789953670666074,0.7982169709010797,-1.9562077050342945,1
2025-09-04,1.272092050209205,1.3559633027522935,1.9352322297971425,0.3502262674281977,1.5850059623689448,-0.5480773255848802,0.9364563691241042,-2.0326110202938645,1
2025-09-05,1.3602928870292887,1.368348623853211,2.888553959017533,0.48807600389195976,2.4004779551255733,-0.5038108434378642,1.163368977165725,-2.1709906640414536,1
2025-09-08,1.3613807531380753,1.3509174311926604,2.6920327212325046,0.22907644784851594,2.4629562733839885,-0.44865178083240015,1.3832522234705769,-2.2805557851353773,1
2025-09-09,1.3389121338912133,1.3541284403669724,2.282072199015512,0.24827021864650636,2.0338019803690055,-0.3988473925254653,1.5366728748920209,-2.3343676599429517,1
2025-09-10,1.3223430962343097,1.3522935779816514,1.9908943470016949,0.19474936235162787,1.796144984650067,-0.35822349185148566,1.6572625941922012,-2.3737095778951725,1
2025-09-11,1.3495815899581591,1.3912844036697247,2.200334224606718,0.7328187401102058,1.4675154844965121,-0.32923450866065257,1.7406079087974715,-2.3990769261187768,0
2025-09-12,1.3598326359832635,1.3660550458715597,2.2129657811459236,0.3275307011798835,1.8854350799660402,-0.2916469969485584,1.8556571526593628,-2.4389511465564797,1
2025-09-15,1.4841004184100417,1.3573394495412843,3.279383026184544,0.1580311962378432,3.121351829946701,-0.22389519677174144,2.089791334087069,-2.5375817276305517,1
2025-09-16,1.4787447698744771,1.343119266055046,2.9561178124197696,-0.1069199377845934,3.063037750204363,-0.1476585109441674,2.2915278071451706,-2.586844829033505,1
2025-09-17,1.5778242677824268,1.3298165137614677,3.466675994335448,-0.34623829958564756,3.8129142939210956,-0.045319528987381126,2.5331230642190317,-2.623762122193794,1
2025-09-18,1.5351046025104602,1.3004587155963303,2.832607486758049,-0.8652257247807441,3.697833211538793,0.04514294539403809,2.7603945793944833,-2.6701086886064074,1
2025-09-19,1.5417991631799164,1.298623853211009,2.6749648390107663,-0.9170528989733218,3.5920177379840883,0.13453269191276157,2.9575243048943403,-2.6884589210688175,1
2025-09-22,1.548326359832636,1.3201834862385322,2.539948018895671,-0.5666406427846854,3.1065886616803566,0.2134137586067951,3.1000426961959477,-2.6732151789823573,1
2025-09-23,1.5403765690376567,1.3073394495412844,2.3318791324839303,-0.8245022290869072,3.1563813615708374,0.2880056647641029,3.244008053090106,-2.6679967235619,0
2025-09-24,1.5896652719665272,1.3160550458715596,2.5131189671789165,-0.7046390777367857,3.217758044915702,0.36183570915986496,3.385931146350541,-2.6622597280308113,0
2025-09-25,1.6437238493723851,1.3169724770642202,2.6673830030981027,-0.7146160872938175,3.38199909039192,0.43097777719895464,3.53867583353962,-2.676720279141711,0
2025-09-26,1.5916317991631799,1.3174311926605504,2.188953286222296,-0.7346863582768036,2.9236396444990995,0.4882127369131604,3.6513786352377493,-2.674953161411428,0
2025-09-29,1.6626359832635984,1.394954128440367,2.461502667454823,0.7240952869924444,1.7374073804623784,0.5331644161541903,3.6892796943138255,-2.6229508620054447,0
2025-09-30,1.6820083682008369,1.3715596330275228,2.409153028439115,0.24448323721464676,2.164669791224468,0.5849018756584009,3.744583506860362,-2.5747797555435605,0
2025-10-09,1.715020920502092,1.3600917431192658,2.4242547584358025,-0.010862886016896334,2.4351176444526987,0.6267327786617565,3.8171964211407996,-2.5637308638172867,0
2025-10-10,1.5981171548117155,1.3614678899082568,1.7014945927666363,-0.005516581314364298,1.7070111740810006,0.6614817674547705,3.8528506096882373,-2.529887074778696,0
2025-10-13,1.5669456066945606,1.3394495412844036,1.4740183311005035,-0.47090367695258456,1.944922008053088,0.7064435100410672,3.892771286787743,-2.4798842667056085,0
2025-10-14,1.497907949790795,1.331651376146789,1.0693336228640091,-0.6485937570985633,1.7179273799625725,0.7460236421126581,3.92244686529494,-2.4303995810696235,0
2025-10-15,1.5451882845188285,1.361926605504587,1.2746346306017298,-0.03844690089697341,1.3130815314987032,0.7760606441806682,3.939028001034233,-2.386906712672897,0
2025-10-16,1.5418410041841004,1.3600917431192658,1.2144761470559198,-0.1055027851314825,1.3199789321874023,0.807360529275967,3.953751061772878,-2.3390300032209437,0
2025-10-17,1.4984937238493723,1.3344036697247705,0.9540059705719878,-0.6903410765706935,1.6443470471426813,0.8444663670495564,3.9766856118439793,-2.287752877744867,0
2025-10-20,1.5334728033472804,1.3408256880733944,1.1006587615355667,-0.5720820134575384,1.6727407749931051,0.8749942430484813,4.003134159109457,-2.253145673012495,0
2025-10-21,1.5728033472803347,1.346788990825688,1.261797144194222,-0.4482885801513785,1.7100857243456005,0.9026864145357918,4.030483500159771,-2.2251106710881867,0
2025-10-22,1.5600836820083683,1.3389908256880734,1.1553170862648514,-0.6313987259261418,1.7867158121909932,0.9234405194413016,4.058005899934035,-2.211124861051432,0
2025-10-23,1.5751046025104602,1.3541284403669724,1.19112026564214,-0.28304935616748317,1.4741696218096232,0.9508142859021332,4.0752686019963225,-2.173640030192056,0
2025-10-24,1.6141004184100418,1.370183486238532,1.3410478890818425,0.08416018260397272,1.2568877064778698,0.9792404238059118,4.082866299842684,-2.124385452230861,0
2025-10-27,1.6158158995815899,1.3756880733944954,1.301904800194358,0.20400869672592914,1.097896103468429,1.0026077385732683,4.087986325495444,-2.0827708483489076,0
2025-10-28,1.617071129707113,1.3761467889908257,1.2624684528605794,0.21369425651414717,1.0487741963464323,1.0234513198940385,4.092585721823275,-2.045683082035198,0
2025-10-29,1.6736401673640167,1.389908256880734,1.4850384059017723,0.5187488854270988,0.9662895204746734,1.0359918386955254,4.097810109256602,-2.0258264318655517,0
2025-10-30,1.6664853556485357,1.3614678899082568,1.3975610935609721,-0.12339701692713306,1.5209581104881051,1.072375956224289,4.103844468267177,-1.9590925558185985,0
2025-10-31,1.6266527196652718,1.3477064220183486,1.1650695492878222,-0.44290591143791685,1.607975460725739,1.115912298636819,4.100738591553634,-1.8689139942799966,0
2025-11-03,1.6186610878661087,1.3403669724770642,1.091341859208653,-0.6223335272760646,1.7136753864847176,1.1595733099415217,4.10040677639792,-1.7812601565148758,0
2025-11-04,1.5855648535564852,1.3339449541284403,0.8981922630379405,-0.7743342537211283,1.6725265167590688,1.1998035230589659,4.100629149983532,-1.7010221038656,0
2025-11-05,1.6263598326359832,1.3330275229357798,1.068380698280094,-0.7920455578396857,1.8604262561197797,1.2468059676046856,4.096230142554841,-1.6026182073454696,0
2025-11-06,1.6513807531380753,1.3389908256880734,1.159235402026241,-0.6561564551434489,1.8153918571696899,1.2930735974956866,4.086290362766972,-1.5001431677755985,0
2025-11-07,1.6542677824267782,1.3302752293577982,1.1410059398712527,-0.8526883321583748,1.9936942720296273,1.3435728179274222,4.074344763314882,-1.387199127460038,0
2025-11-10,1.608828451882845,1.3440366972477065,0.8803089747479605,-0.5482000403420194,1.42850901508998,1.3808993976178146,4.052450924747095,-1.2906521295114666,0
2025-11-11,1.6133891213389122,1.3330275229357798,0.8779168802380459,-0.79313410868309,1.6710509889211358,1.4271891048344334,4.0184759784793584,-1.1640977688104912,0
2025-11-12,1.616652719665272,1.3256880733944953,0.8702454814674491,-0.9449609396997242,1.8152064211671732,1.476818721951244,3.9788685819390723,-1.0252311380365844,0
2025-11-13,1.7389121338912135,1.3339449541284403,1.4955673121703243,-0.7440961355193942,2.2396634476897184,1.5213344914910354,3.9799536557351627,-0.9372846727530919,0
2025-11-14,1.690878661087866,1.3137614678899083,1.1960935203696028,-1.170541434815664,2.366634955185267,1.559805990912813,3.9974529820709352,-0.8778410002453092,0
2025-11-17,1.635062761506276,1.2977064220183485,0.8578372458082862,-1.4778333799252181,2.3356706257335045,1.6116562388660702,3.9785757769783743,-0.755263299246234,0
2025-11-18,1.610878661087866,1.2944954128440367,0.694771349022977,-1.514508706621148,2.209280055644125,1.663283424249343,3.9418681796680515,-0.6153013311693654,0
2025-11-19,1.6364016736401674,1.298165137614679,0.8186265319068601,-1.3845500795637884,2.2031766114706484,1.7131166872197428,3.9027799365208726,-0.4765465620813871,0
2025-11-20,1.5874058577405856,1.298165137614679,0.5008288483886679,-1.343565239447342,1.8443940878360099,1.7559491068579869,3.8500210812328257,-0.33812286751685217,0
2025-11-21,1.5481171548117154,1.2522935779816513,0.2283153010995811,-2.2615195305725972,2.4898348316721783,1.806644686913209,3.8191310574693547,-0.20584168364293687,0
2025-11-24,1.550418410041841,1.2564220183486239,0.21315055951023745,-2.1459986706741963,2.3591492301844337,1.857895102210564,3.7628138282373382,-0.04702362381621006,0
2025-11-25,1.5579916317991633,1.260091743119266,0.23362265690216477,-2.0538927450244984,2.287515401926663,1.9032508523272302,3.713442232361243,0.09305947229321787,0
2025-11-26,1.5599163179916318,1.2660550458715596,0.21559457942538338,-1.887471031304771,2.1030656107301544,1.941894083306519,3.664993328521672,0.21879483809136602,0
2025-11-27,1.5531380753138075,1.265137614678899,0.12846542504565825,-1.844157034025345,1.9726224590710033,1.9830279277702791,3.5828749450597703,0.38318091048078795,0
2025-11-28,1.5615062761506275,1.2655963302752293,0.15249271672353665,-1.811404178917644,1.9638968956411806,2.0303170507723425,3.4435595292469348,0.6170745722977504,0
2025-12-01,1.6023849372384937,1.2692660550458716,0.46276212199805367,-1.7109298664362014,2.173691988434255,2.05077226649356,3.435434760779531,0.6661097722075893,0
2025-12-02,1.5902928870292887,1.2555045871559634,0.329860873476371,-2.0272620082686834,2.3571228817450542,2.0750653915879487,3.4283570661248817,0.7217737170510159,0
2025-12-03,1.5735564853556485,1.2454128440366972,0.14169036306956456,-2.209568345336799,2.351258708406364,2.0978568357762106,3.42213650225976,0.773577169292661,0
2025-12-04,1.6039748953974897,1.2477064220183485,0.4055766477697113,-2.0375158039284127,2.443092451698124,2.108372770403475,3.433443583287179,0.783301957519771,0
2025-12-05,1.6279916317991632,1.2779816513761468,0.6364674156269392,-1.2228793166324166,1.8593467322593558,2.1129451165683153,3.432551721879273,0.7933385112573577,0
2025-12-08,1.6422594142259415,1.31651376146789,0.7732824662421963,-0.23029942727587022,1.0035818935180665,2.0896635155415235,3.4376204917732807,0.7417065393097664,0
2025-12-09,1.621715481171548,1.3087155963302752,0.5150042862424487,-0.4119945817526232,0.9269988679950718,2.064064225451708,3.4412068168046654,0.6869216340987507,0
2025-12-10,1.5999163179916318,1.308256880733945,0.216626767654199,-0.405570404193013,0.622197171847212,2.040537478643012,3.467126385314533,0.6139485719714908,0
2025-12-11,1.6275732217573222,1.2977064220183485,0.5676184169234426,-0.6531801734149578,1.2207985903384004,2.0309483720711503,3.4718820794443284,0.590014664697972,0
2025-12-12,1.6393305439330546,1.3032110091743119,0.7456153228449183,-0.4863416286162451,1.2319569514611635,2.0270223965205614,3.4754647538688155,0.5785800391723073,0
2025-12-15,1.612970711297071,1.3096330275229358,0.289577573681705,-0.29599923245404397,0.5855768061357489,2.0053580919567233,3.500544504439195,0.5101716794742519,0
2025-12-16,1.5833054393305441,1.306422018348624,-0.30343152839281873,-0.3613716585812965,0.05794013018847777,1.9543012302940863,3.502737883689462,0.4058645768987108,-1
2025-12-17,1.6042677824267784,1.3288990825688072,0.063817568180107,0.2476151102588621,-0.1837975420787551,1.9001873087560341,3.516458340857771,0.2839162766542973,-1
2025-12-18,1.5564853556485356,1.3087155963302752,-0.892792632247014,-0.28496580766750657,-0.6078268245795074,1.8265082901143574,3.490438541093414,0.1625780391353011,-1
2025-12-19,1.5648535564853556,1.3155963302752294,-0.7418593715547211,-0.10719168009249115,-0.63466769146223,1.754299941731007,3.4633085699681505,0.04529131349386328,-1
2025-12-22,1.5558158995815898,1.3142201834862384,-0.9356529806061004,-0.15160664973623508,-0.7840463308698653,1.6813655405834413,3.4440158801112677,-0.081284798944385,-1
2025-12-23,1.582008368200837,1.3133027522935778,-0.4142646181066659,-0.17322006065582948,-0.24104455745083644,1.6255716535979212,3.4164133533907117,-0.16527004619486907,-1
2025-12-24,1.5715481171548118,1.318348623853211,-0.6479902380696761,-0.04210760481045981,-0.6058826332592163,1.562867253684087,3.3985776324788324,-0.272843125110658,-1
2025-12-25,1.5607112970711297,1.3284403669724771,-0.859270536908167,0.22470342716781985,-1.083973964075987,1.4911717202008923,3.3985831474420825,-0.4162397070402979,-1
2025-12-26,1.566652719665272,1.334862385321101,-0.7107177540760258,0.3894950869159079,-1.1002128409919336,1.4164681880111616,3.373098453530182,-0.540162077507859,-1
2025-12-29,1.5452301255230125,1.3275229357798166,-1.128194591838995,0.18707647452260073,-1.3152710663615959,1.345819676163483,3.385432305740038,-0.6937929534130718,-1
2025-12-30,1.5447698744769873,1.3224770642201833,-1.1015763007450916,0.08669868651031111,-1.1882749872554028,1.2970583033681866,3.4360573533856122,-0.8419407466492388,-1
2025-12-31,1.536652719665272,1.3169724770642202,-1.2355995560676187,-0.04242444801401626,-1.1931751080536024,1.2410942217135523,3.461897540243596,-0.9797090968164914,-1
2026-01-05,1.5794979079497908,1.345412844036697,-0.3077191955682339,0.7792871039063928,-1.0870062994746266,1.18239215598143,3.460275845225717,-1.095491533262857,0
2026-01-06,1.5648117154811716,1.3848623853211008,-0.618806052338558,1.8656259755773887,-2.484432027915947,1.112534769281481,3.5746090527209526,-1.3495395141579902,-1
2026-01-07,1.5523430962343097,1.353211009174312,-0.8852651946841243,0.9629994577441866,-1.8482646524283108,1.0493149916067912,3.616980349393692,-1.5183503661801097,-1
2026-01-08,1.5448117154811714,1.3091743119266055,-1.0988257501825471,-0.2603784204983169,-0.8384473296842303,1.0067087464460112,3.6137791982452674,-1.6003617053532453,0
2026-01-09,1.5448953974895399,1.3105504587155963,-1.0966869457499944,-0.20031244716723112,-0.8963744985827633,0.9698844792779867,3.6213892132996057,-1.6816202547436325,0
2026-01-12,1.513305439330544,1.3201834862385322,-1.772148726340023,0.09318643401733927,-1.8653351603573622,0.9167959110689072,3.6655563897364454,-1.8319645675986307,-1
2026-01-13,1.502092050209205,1.3096330275229358,-2.0288698744815905,-0.19860531450978844,-1.8302645599718022,0.8588857176169992,3.6904527706049537,-1.9726813353709556,0
2026-01-14,1.4810878661087867,1.294954128440367,-2.3898594747920554,-0.6000137274546361,-1.7898457473374192,0.8011759422448237,3.7054770176894403,-2.103125133199793,0
2026-01-15,1.4801255230125523,1.2972477064220183,-2.272431359512139,-0.5124681755961478,-1.759963183915991,0.7433417937737973,3.7115160220193997,-2.224832434471805,0
2026-01-16,1.474142259414226,1.2880733944954128,-2.2665963175623,-0.7531071044400733,-1.5134892131222264,0.6883383766852434,3.699858556734071,-2.3231818033635845,0
2026-01-19,1.4598326359832634,1.2802752293577981,-2.3860464959483205,-0.9469186321616425,-1.439127863786678,0.6397834185919719,3.6934127712472304,-2.413845934063287,0
2026-01-20,1.4627615062761508,1.286697247706422,-2.192094026927185,-0.734277882070646,-1.457816144856539,0.594538354403065,3.6911182016885125,-2.502041492882382,0
2026-01-21,1.4636401673640167,1.281651376146789,-2.057081834372498,-0.859319300871797,-1.197762533500701,0.5562773771202462,3.6841297174496965,-2.571574963209204,0
2026-01-22,1.4468619246861925,1.2807339449541284,-2.2074812315711307,-0.8642310623162001,-1.3432501692549308,0.5164103043602234,3.6795060594699915,-2.646685450749545,0
2026-01-23,1.4518828451882846,1.2738532110091743,-2.0312723080710993,-1.0713006408115966,-0.9599716672595027,0.48430595123132053,3.6678632696883637,-2.699251367225723,0
2026-01-26,1.431171548117155,1.2876146788990825,-2.2477972312725694,-0.5927728538925549,-1.6550243773800144,0.43137290976685194,3.6502343869959972,-2.787488567462293,0
2026-01-27,1.4200836820083682,1.2779816513761468,-2.2769721646265912,-0.8892109697481116,-1.3877611948784796,0.38144396550678156,3.6189472115043926,-2.8560592804908294,0
2026-01-28,1.4225523012552301,1.281651376146789,-2.113794841491082,-0.7367183877245007,-1.3770764537665814,0.32993143483592663,3.5795404674626785,-2.9196775977908254,0
2026-01-29,1.4305020920502092,1.310091743119266,-1.8972620169013124,0.26065518336742866,-2.157917200268741,0.26609070621879644,3.558626529913069,-3.026445117475476,0
2026-01-30,1.4644351464435146,1.2880733944954128,-1.358214990999451,-0.4837750595613793,-0.8744399314380717,0.22050960309283227,3.4989541525198553,-3.0579349463341905,0
2026-02-02,1.4601673640167365,1.2779816513761468,-1.371549394112001,-0.8096605327215775,-0.5618888613904235,0.18088825778349704,3.4383203043107846,-3.0765437887437903,0
2026-02-03,1.4556903765690377,1.2830275229357797,-1.3883147390272548,-0.6068423982252455,-0.7814723408020092,0.13463548090296976,3.36606744869054,-3.0967964868846005,0
2026-02-04,1.5273221757322175,1.301834862385321,-0.35035939440575853,0.09049135266911157,-0.4408507470748701,0.10347948486688893,3.320179385589066,-3.113220415855288,0
2026-02-05,1.5185774058577406,1.2977064220183485,-0.45508543827656894,-0.03893156259364305,-0.4161538756829259,0.06869273712348788,3.261488818417603,-3.124103344170627,0
2026-02-06,1.5443933054393306,1.2917431192660551,-0.06719934669467331,-0.24003597310610572,0.1728366264114324,0.04131990721089221,3.2011986341136183,-3.1185588196918337,0
2026-02-09,1.5431799163179916,1.2871559633027523,-0.04023010637036373,-0.3871213709496779,0.3468912645793142,0.009773704159052144,3.117743174764323,-3.098195766446219,0
2026-02-10,1.5270711297071131,1.288532110091743,-0.2595869698234985,-0.3201007942187927,0.06051382439529418,-0.028661648020780736,3.017162255110249,-3.07448555115181,0
2026-02-11,1.5397489539748954,1.2862385321100918,-0.028210752808644872,-0.39907357992901227,0.3708628271203674,-0.06140844466433301,2.922634989666941,-3.045451878995607,0
2026-02-12,1.5726778242677824,1.278440366972477,0.5331199624463565,-0.6808161414475422,1.2139361038938987,-0.0779975105268368,2.865487856832031,-3.0214828778857044,0
2026-02-13,1.5286192468619246,1.2669724770642201,-0.17789108197946393,-1.0816607773654032,0.9037696953859393,-0.09965429246158194,2.7942614242826127,-2.993570009205776,0
2026-02-24,1.5144351464435146,1.2674311926605504,-0.40156769236111656,-1.0358451640489381,0.6342774716878216,-0.11982290273071841,2.7355907595981246,-2.975236565059561,0
2026-02-25,1.515397489539749,1.2724770642201835,-0.3753023980203099,-0.8757600284499553,0.5004576304296453,-0.15297918941809394,2.6243007265017706,-2.9302591053379583,0
2026-02-26,1.4476987447698744,1.2559633027522934,-1.4801725975933728,-1.4938193666689012,0.01364676907552842,-0.19207089710324238,2.5062803930476436,-2.8904221872541287,0
2026-02-27,1.4310041841004184,1.2555045871559634,-1.6851244615318168,-1.5019259440872839,-0.18319851744453297,-0.23324946242609562,2.3854086284557705,-2.8519075533079614,0
2026-03-02,1.4235146443514646,1.241743119266055,-1.7276195092578954,-1.9541319841196283,0.22651247486173287,-0.2645253480239027,2.284526086870269,-2.8135767829180747,0
2026-03-03,1.439623430962343,1.2293577981651376,-1.4151765155735911,-2.2970190723737884,0.8818425568001973,-0.2827050130617494,2.216515631707125,-2.781925657830624,0
2026-03-04,1.417991631799163,1.1990825688073394,-1.6803344810202205,-3.06797842818108,1.3876439471608595,-0.29230922886975474,2.17603053520315,-2.7606489929426594,0
2026-03-05,1.465481171548117,1.2022935779816515,-0.9163741061047421,-2.745619409217631,1.8292453031128888,-0.29805000695844425,2.148465284500123,-2.7445652984170117,0
2026-03-06,1.4843933054393306,1.2123853211009175,-0.5993419070296752,-2.3267670163635157,1.7274251093338404,-0.30854496983196444,2.0966921765907736,-2.7137821162547024,0
2026-03-09,1.49581589958159,1.1871559633027522,-0.4026106689940914,-2.8609291913970005,2.458318522402909,-0.3067606395986887,2.1066479699876153,-2.720169249184993,1
2026-03-10,1.5744769874476987,1.1986238532110092,0.8438582988361171,-2.42089604766345,3.264754346499567,-0.2930662746853313,2.192072695716015,-2.778205245086678,1
2026-03-11,1.6602510460251048,1.1972477064220184,2.154018220482353,-2.309707053495802,4.463725273978155,-0.24965996565668466,2.4684636921572163,-2.9677836234705857,1
2026-03-12,1.6548117154811715,1.1894495412844037,2.0529572950468284,-2.344151028046415,4.397108323093244,-0.1931011918304317,2.761995536181926,-3.148197919842789,1
2026-03-13,1.6610878661087867,1.1811926605504586,2.100238869586724,-2.3738918020411264,4.474130671627851,-0.13398232843655208,3.0456619074285274,-3.313626564301632,1
2026-03-16,1.708786610878661,1.1697247706422018,2.65205142553491,-2.4531333049615762,5.105184730496486,-0.05926586912573084,3.3917633432179155,-3.510295081469377,1
2026-03-17,1.6945606694560669,1.188532110091743,2.3573957392096965,-1.9389057907596412,4.2963015299693375,-0.008007486798548562,3.6077902028394497,-3.623805176436547,1
2026-03-18,1.682092050209205,1.1912844036697248,2.133589297330295,-1.7932130979130256,3.92680239524332,0.03690660393115406,3.780063761521345,-3.7062505536590367,1
2026-03-19,1.6757322175732217,1.1747706422018347,1.986306754670485,-2.0192513694493717,4.005558124119856,0.09390629256422252,3.9727475859764563,-3.784935000848011,1
2026-03-20,1.7280334728033473,1.1605504587155964,2.5164317980872095,-2.1675491012128005,4.6839808993000105,0.17100697204941476,4.226809383337225,-3.884795439238396,1
2026-03-23,1.6819665271966528,1.1142201834862384,1.8717719283473662,-2.803519672114558,4.675291600461924,0.2519917910917594,4.469789401033582,-3.965805818850063,1
2026-03-24,1.6610460251046026,1.1174311926605505,1.5587675005552768,-2.544575667700224,4.103343168255501,0.3305112909723429,4.657200217001489,-3.996177635056804,0
2026-03-25,1.6644769874476988,1.1311926605504588,1.5492660489811014,-2.1768401113974183,3.72610616037852,0.40319085516968867,4.80969645853774,-4.003314748198363,0
2026-03-26,1.6841004184100419,1.106880733944954,1.7132116705142981,-2.4042605825686687,4.117472253082967,0.48488283156890255,4.982648687560836,-4.012883024423031,0
2026-03-27,1.7413389121338911,1.1128440366972479,2.247227634608027,-2.17724551496796,4.424473149575987,0.5626414600193497,5.169354380903596,-4.044071460864896,0
2026-03-30,1.7280334728033473,1.1055045871559632,2.0000558121715386,-2.1587841193642596,4.158839931535798,0.6420535027659331,5.330376007043773,-4.046269001511908,0
2026-03-31,1.6807531380753138,1.1027522935779817,1.445055299761132,-2.083780108392592,3.528835408153724,0.7189336589697617,5.443267578723107,-4.005400260783585,0
2026-04-01,1.697531380753138,1.1243119266055046,1.5655523336663237,-1.706139752630966,3.27169208629729,0.7917987410912488,5.536814712717398,-3.9532172305349,0
2026-04-02,1.6785355648535565,1.106880733944954,1.3260351632092588,-1.861723544023092,3.1877587072323506,0.8668492373178146,5.618739357522808,-3.8850408828871794,0
2026-04-03,1.6169874476987447,1.1,0.6855711303781734,-1.8665357261022628,2.552106856480436,0.9291889347134119,5.669532655220577,-3.8111547857937524,0
2026-04-07,1.609163179916318,1.0972477064220183,0.592435749353786,-1.818030003352413,2.410465752706199,0.9892496157260753,5.71149038617916,-3.732991154727009,0
2026-04-08,1.6372384937238493,1.1330275229357798,0.8611313898102809,-1.3047532934982662,2.165884683308547,1.043464465439128,5.743379757856477,-3.6564508269782205,0
2026-04-09,1.6317573221757322,1.1077981651376145,0.7907638050908733,-1.5996157941447269,2.3903795992356,1.124711325891654,5.744402554617613,-3.494979902834306,0
2026-04-10,1.7405857740585775,1.1880733944954127,1.793811286407036,-0.49777380719867503,2.291585093605711,1.1937088216588876,5.756083968229035,-3.36866632491126,0
2026-04-13,1.7871548117154812,1.1967889908256881,2.1194514388440386,-0.356278886104674,2.475730324948713,1.24894511590277,5.791445327523353,-3.293555095717813,0
2026-04-14,1.802468619246862,1.2013761467889907,2.1335452961706065,-0.2707566999588876,2.4043019961294942,1.303956390814641,5.820644275820925,-3.2127314941916434,0
2026-04-15,1.8033472803347281,1.1931192660550458,2.026157025197865,-0.3627182294245412,2.3888752546224064,1.3748598977309705,5.822200950333617,-3.072481154871676,0
2026-04-16,1.899497907949791,1.206880733944954,2.6344443554199164,-0.1440106486938182,2.7784550041137344,1.4516718904657293,5.832533019827114,-2.929189238895655,0
2026-04-17,1.8585774058577404,1.2045871559633028,2.168500818784715,-0.15712116415224295,2.325621982936958,1.5202630193036355,5.822845964884754,-2.782319926277484,0
2026-04-20,1.8096234309623431,1.2064220183486238,1.7070399631027273,-0.10945873388506161,1.816498696987789,1.5798707173186988,5.795820513001724,-2.6360790783643266,0
2026-04-21,1.872803347280335,1.2064220183486238,2.0736659352041666,-0.09023015652814023,2.163896091732307,1.6411604723996076,5.780404290672641,-2.498083345873426,0
2026-04-22,1.8257322175732218,1.2252293577981652,1.6525922326528788,0.2069667710497897,1.445625461603089,1.689239694489437,5.749198089287459,-2.3707187003085846,0
2026-04-23,1.8364016736401674,1.2146788990825688,1.6591416754939314,0.06645674314607469,1.5926849323478567,1.7400813791095104,5.715244837835188,-2.235082079616167,0
2026-04-24,1.8615062761506276,1.203211009174312,1.7598892016858598,-0.08968088189025669,1.8495700835761166,1.7908702560607905,5.6904980265906895,-2.108757514469109,0
2026-04-27,1.8195815899581589,1.2279816513761468,1.411510052465274,0.3092430486481033,1.1022670038171707,1.8316288756119923,5.6482425555928755,-1.9849848043688911,0
2026-04-28,1.7894142259414227,1.2522935779816513,1.1599616054385449,0.6972206061938955,0.4627409992446494,1.8553407533870614,5.618710591808806,-1.9080290850346826,0
2026-04-29,1.8619246861924685,1.2532110091743118,1.6093831558028204,0.7271484493536111,0.8822347064492093,1.8976284047842151,5.556103842334508,-1.7608470327660775,0
2026-04-30,1.8242677824267783,1.248623853211009,1.304554930420577,0.6670622662384169,0.6374926641821601,1.9313826357685593,5.502892534882848,-1.6401272633457302,0
2026-05-06,1.9246861924686192,1.2610091743119265,1.9265174742519895,0.8747389324897622,1.0517785417622272,1.971863552360706,5.444524849911973,-1.5007977451905612,0
2026-05-07,1.8897071129707113,1.2490825688073395,1.62512122441413,0.714155651883211,0.910965572530919,2.023011598574034,5.334923855781044,-1.2889006586329765,0
2026-05-08,1.8284518828451883,1.2362385321100917,1.1635833424866804,0.5255755180754761,0.6380078244112043,2.0482190611715216,5.292762187006042,-1.1963240646629987,0
2026-05-11,1.8665690376569037,1.253669724770642,1.381302760614609,0.8266615003075134,0.5546412603070957,2.066827896533147,5.262921596627049,-1.1292658035607555,0
2026-05-12,1.8043933054393306,1.248623853211009,0.9202586844121912,0.7597675804893752,0.16049110392281596,2.0825272872785607,5.230601628295796,-1.0655470537386744,0
2026-05-13,1.8161087866108787,1.2454128440366972,0.9696298873200755,0.735747628231059,0.2338822590890165,2.0937728373812923,5.209837846456958,-1.0222921716943731,0
2026-05-14,1.786610878661088,1.2229357798165137,0.7356062423353196,0.37946381637715415,0.3561424259581654,2.1066444424086437,5.186707599095255,-0.9734187142779676,0
2026-05-15,1.7723849372384939,1.2087155963302754,0.6112618606436945,0.15744103669607348,0.453820823947621,2.11132751236758,5.180264675613118,-0.9576096508779575,0
