date,cum_ret_high,cum_ret_low,z_high,z_low,spread,spread_mean,upper_band,lower_band,signal
2023-05-16,1.0,1.0,,,,,,,0
2023-05-17,0.9986555430960083,1.0164218741531625,,,,,,,0
2023-05-18,0.9927845522488831,1.0666630534930357,,,,,,,0
2023-05-19,0.9977748944689395,1.0584792152186875,,,,,,,0
2023-05-22,1.025075001908072,1.0224378082488754,,,,,,,0
2023-05-23,1.0124817265409882,0.9978320958213648,,,,,,,0
2023-05-24,1.0044678240346625,0.9863964012790635,,,,,,,0
2023-05-25,0.9986555430960083,1.0541434068614168,,,,,,,0
2023-05-26,0.9925262286516096,1.2140263400357705,,,,,,,0
2023-05-29,0.991610354079458,1.190179394070782,,,,,,,0
2023-05-30,0.9794515320350615,1.2725597528589239,,,,,,,0
2023-05-31,0.9563256990882352,1.37764890791827,,,,,,,0
2023-06-01,0.9604471346629171,1.2845374234458837,,,,,,,0
2023-06-02,0.9808077309207475,1.2394992141347352,,,,,,,0
2023-06-05,0.9775199760463573,1.2482792260582083,,,,,,,0
2023-06-06,0.9786883032249353,1.2099615197008293,,,,,,,0
2023-06-07,0.9692418789519108,1.1988510107853232,,,,,,,0
2023-06-08,0.979281273300495,1.1978212563004715,,,,,,,0
2023-06-09,0.9781070751310699,1.2290932740772857,,,,,,,0
2023-06-12,0.9957200476724457,1.193485447943201,,,,,,,0
2023-06-13,0.9974813449265832,1.262262208010406,,,,,,,0
2023-06-14,1.0138496674083686,1.2183621483930411,,,,,,,0
2023-06-15,1.0303588936704848,1.1435694542301231,,,,,,,0
2023-06-16,1.0554221535968626,1.207793615522194,,,,,,,0
2023-06-19,1.023900803738647,1.2958647227792532,,,,,,,0
2023-06-20,1.0235837702329023,1.4470760392390658,,,,,,,0
2023-06-21,1.0191042042165457,1.2518562679529566,,,,,,,0
2023-06-26,1.0033523357737086,1.097501490434123,,,,,,,0
2023-06-27,1.0045558888973691,1.0660126822394451,,,,,,,0
2023-06-28,1.0147303160354373,1.0999403826350875,,,,,,,0
2023-06-29,1.0061175724627045,1.0460137661915343,,,,,,,0
2023-06-30,0.9927845522488831,1.018914963958593,,,,,,,0
2023-07-03,1.0122175319528677,1.0435206763861038,,,,,,,0
2023-07-04,1.0160336760034991,1.0970137119939298,,,,,,,0
2023-07-05,1.0070980279341746,1.0882878976749228,,,,,,,0
2023-07-06,0.9998179992837392,1.120914855563384,,,,,,,0
2023-07-07,0.9922150661367118,1.059183784076744,,,,,,,0
2023-07-10,0.9985968331875371,1.067476017560024,,,,,,,0
2023-07-11,1.0039394348584212,1.1397756219175115,,,,,,,0
2023-07-12,1.0061704113803287,1.0638447780608098,,,,,,,0
2023-07-13,1.0206130488642569,1.084494065362311,,,,,,,0
2023-07-14,1.0291846955010597,1.1165248496016476,,,,,,,0
2023-07-17,1.0156638035801302,1.0850360414069697,,,,,,,0
2023-07-18,1.0114543031427414,1.0026556826188282,,,,,,,0
2023-07-19,1.011571722959684,0.9884017126443012,,,,,,,0
2023-07-20,1.0121588220443964,0.9538778385995339,,,,,,,0
2023-07-21,1.0399286087512989,0.9262370603219339,,,,,,,0
2023-07-24,1.0398405438885923,0.9059671562516937,,,,,,,0
2023-07-25,1.0735400313510912,0.9050999945802396,,,,,,,0
2023-07-26,1.0735400313510912,0.9182158148609831,,,,,,,0
2023-07-27,1.0791057306741658,0.8950192401495853,,,,,,,0
2023-07-28,1.1137269636996636,0.8714974798113925,,,,,,,0
2023-07-31,1.1040867967286838,0.8888949108449407,,,,,,,0
2023-08-01,1.1090301710219634,0.8930139287843478,,,,,,,0
2023-08-02,1.1037462792595507,0.9045580185355808,,,,,,,0
2023-08-03,1.1028480176599404,0.9116579047206115,,,,,,,0
2023-08-04,1.1116545039306285,0.9368597907972469,,,,,,,0
2023-08-07,1.108401975001321,0.9200043358083573,,,,,,,0
2023-08-08,1.109617270106676,0.9167524795404044,,,,,,,0
2023-08-09,1.1097816578503954,0.8949108449406536,2.00575561734687,-1.3469087086063352,3.3526643259532047,,,,0
2023-08-10,1.100810783835988,0.8888407132404749,1.7187556131465214,-1.359434204853142,3.0781898179996636,,,,0
2023-08-11,1.0767397213627745,0.8563221505609453,1.137599695415617,-1.543524683987449,2.681124379403066,,,,0
2023-08-14,1.0585396497366861,0.8639098151861688,0.7067655338505747,-1.4399699967047255,2.1467355305553,,,,0
2023-08-15,1.0643988986021171,0.8594114140155005,0.811254594921629,-1.4227521630224067,2.2340067579440355,,,,0
2023-08-16,1.068520334176799,0.8281393962386864,0.8811120112504252,-1.5793559594168938,2.460467970667319,,,,0
2023-08-17,1.0732464818087348,0.8505772044875617,0.9568290356295353,-1.392530745159647,2.3493597807891824,,,,0
2023-08-18,1.058298939111954,0.8205517316134627,0.6078406606691499,-1.5418318076307023,2.149672468299852,,,,0
2023-08-21,1.0514944607201357,0.8205517316134627,0.4399617983902627,-1.4876309287627192,1.927592727152982,,,,0
2023-08-22,1.049733163465998,0.8542084439867759,0.38206312118943725,-1.231965625668983,1.6140287468584202,,,,0
2023-08-23,1.0415137762800228,0.8137228334507615,0.18268059935682673,-1.4302517857202837,1.6129323850771105,,,,0
2023-08-24,1.0663480675633628,0.8145899951222157,0.7104536567061169,-1.378784897212236,2.089238553918353,,,,0
2023-08-25,1.0714440876186675,0.7615847379545825,0.7994045773097284,-1.6697480342568052,2.4691526115665337,,,,0
2023-08-28,1.0773092074749455,0.7864072407999566,0.9075838236448842,-1.467433507346579,2.3750173309914633,,,,0
2023-08-29,1.0869141485008424,0.7910682347840227,1.0977055568182703,-1.3909601217706737,2.4886656785889443,,,,0
2023-08-30,1.08965590122645,0.8664029049915994,1.1276117135718924,-0.8850776392572015,2.012689352829094,,,,0
2023-08-31,1.0843720094640372,0.860657958918216,0.9714568183083246,-0.89198229925781,1.8634391175661347,,,,0
2023-09-01,1.086749760757123,0.8066229472657309,1.001457147028652,-1.2018109285328744,2.2032680755615264,,,,0
2023-09-04,1.0955268920735752,0.8068939352880603,1.1830937664315668,-1.1622318304063735,2.3453255968379403,,,,0
2023-09-05,1.091241068755174,0.7831553845320037,1.0474557555598107,-1.2783773366164732,2.3258330921762838,,,,0
2023-09-06,1.0925913966500127,0.8289523603056744,1.047924016222659,-0.9472660522457907,1.9951900684684498,,,,0
2023-09-07,1.0790881177016245,0.7526963308221777,0.6779088900441905,-1.4176590233454451,2.095567913389636,,,,0
2023-09-08,1.0676396855497303,0.7613679475367189,0.36234249243459515,-1.3221734017486404,1.6845158941832357,,,,0
2023-09-11,1.0697943391906253,0.7646740014091378,0.40196639641882426,-1.257299370411299,1.6592657668301232,,,,0
2023-09-12,1.0684968502134105,0.7706899355048507,0.36211338559996314,-1.1845658221178008,1.546679207717764,,,,0
2023-09-13,1.068467495259175,0.7391469297057071,0.3435773590722929,-1.3891570593979918,1.7327344184702849,,,,0
2023-09-14,1.0677512343758258,0.72397160045526,0.3072194634611703,-1.5778339235413044,1.8850533870024746,,,,0
2023-09-15,1.046204697966876,0.7260853070294293,-0.27232445643448566,-1.5565804132476617,1.2842559568131762,,,,0
2023-09-18,1.0739216457561542,0.7002330496992033,0.43648944555411523,-1.7094422218065655,2.1459316673606805,,,,0
2023-09-19,1.072594801824704,0.6871714270229257,0.37658774888980356,-1.745701683115762,2.1222894320055654,,,,0
2023-09-20,1.0708687305156492,0.6682564630643326,0.30748997640477677,-1.8317515134991562,2.139241489903933,,,,0
2023-09-21,1.0558331229561615,0.6709663432876267,-0.13361577545942807,-1.7360563992869253,1.6024406238274973,,,,0
2023-09-22,1.0855462076334623,0.7072245406753023,0.6792108653397981,-1.3914160860829246,2.0706269514227227,,,,0
2023-09-25,1.0757886208455403,0.6835943851281774,0.371910750591088,-1.524554209369658,1.896464959960746,,,,0
2023-09-26,1.0661719378379488,0.706845157444041,0.06468399874241106,-1.3039690445924692,1.3686530433348802,,,,0
2023-09-27,1.064997739668524,0.6872256246273915,0.0005211067491892521,-1.423225408820678,1.4237465155698672,,,,0
2023-09-28,1.0559270588097154,0.671779307354615,-0.31846864598755964,-1.5184451162350918,1.1999764702475322,,,,0
2023-10-09,1.0432750735341605,0.6830524090835185,-0.7832036104409364,-1.3847345949835732,0.6015309845426368,,,,0
2023-10-10,1.0391653799411726,0.6699907864072409,-0.9795540370450307,-1.455936616374693,0.4763825793296622,,,,0
2023-10-11,1.0441557221612292,0.6883095767167091,-0.861283339069914,-1.2921828991822897,0.43089956011237573,,,,0
2023-10-12,1.0485589652965732,0.6715083193322856,-0.7578821271010239,-1.4116581708738931,0.6537760437728692,,,,0
2023-10-13,1.0280104973316346,0.6560078044550431,-1.5432477259169637,-1.531179403680836,-0.012068322236127749,,,,0
2023-10-16,1.0156227066442005,0.634382960273156,-1.9720800831051568,-1.7337135218270556,-0.23836656127810119,,,,0
2023-10-17,1.0133330202138215,0.6258197387675465,-2.0496373113768134,-1.8075798148890738,-0.24205749648773955,,,,0
2023-10-18,1.0145072183832466,0.651455205679909,-2.0160249633490985,-1.5124737648660065,-0.503551198483092,,,,0
2023-10-19,0.956971508081419,0.7817462468158908,-3.7391329595913585,-0.13937686189196138,-3.599756097699397,,,,0
2023-10-20,0.9657779943521069,0.7346485285350388,-3.1988525467874607,-0.615919766118652,-2.5829327806688087,,,,0
2023-10-23,0.9651791532857,0.587718822828031,-2.949202899333464,-2.110939499934575,-0.8382633993988886,,,,0
2023-10-24,0.9645744412284462,0.5889111701262805,-2.7467439266004052,-1.9989222028949372,-0.7478217237054681,,,,0
2023-10-25,0.984858714605264,0.6106986071215653,-2.069105198368819,-1.701701454494167,-0.367403743874652,,,,0
2023-10-26,0.981764702428829,0.60300254728741,-2.0351138316832635,-1.7151429797790934,-0.3199708519041702,,,,0
2023-10-27,0.984394906328341,0.5916210503495746,-1.8718684989805723,-1.7571450388337828,-0.11472346014678947,,,,0
2023-10-30,0.9869135614017578,0.5944393257818005,-1.7375615985426232,-1.6581783286645777,-0.07938326987804545,,,,0
2023-10-31,0.9890153761250285,0.5811609126876592,-1.6196211133818095,-1.7192966707459008,0.09967555736409128,,,,0
2023-11-01,1.0456175988821634,0.5853341282315322,-0.22714641732100294,-1.6163628237485133,1.3892164064275103,,,,0
2023-11-02,1.0447428212459418,0.5677199067801203,-0.2272165206020856,-1.723478384109166,1.4962618635070806,,,,0
2023-11-03,1.0633773461947174,0.5909164814915181,0.2552430373520882,-1.4523558639681542,1.7075989013202424,,,,0
2023-11-06,1.0638235414990989,0.6328654273481112,0.2917916644869913,-1.0163520587155725,1.308143723202564,,,,0
2023-11-07,1.0515942675645369,0.6656549780499702,0.002817687163501563,-0.662426497418303,0.6652441845818046,,,,0
2023-11-08,1.0558037680019257,0.7316134626849494,0.13876417229956847,0.051313019797615274,0.0874511525019532,1.2483653353024415,3.861396857328289,-1.3646661867234058,0
2023-11-09,1.0533203388735917,0.7182266543818764,0.09986874188778175,-0.06172920729849289,0.16159794918627463,1.1951808956896595,3.763505504578338,-1.3731437131990192,0
2023-11-10,1.0425940385958938,0.742452983578126,-0.16825971375132726,0.2374135123151894,-0.4056732260665167,1.1371165116218895,3.689749178285014,-1.4155161550412347,0
2023-11-13,1.0356427854328976,0.732697414774267,-0.3429995239353625,0.15364230407059812,-0.4966418280059606,1.084153741498406,3.6383383743584403,-1.4700308913616285,0
2023-11-14,1.0363884012704825,0.8293317435369357,-0.312007487516631,1.285853612411434,-1.597861099928065,1.0217437976570165,3.652170015388048,-1.6086824200740153,0
2023-11-15,1.0408855802593804,0.8210937076581215,-0.1765223378109087,1.210487340726848,-1.3870096785377566,0.9613935237156532,3.6443128579607875,-1.721525810529481,0
2023-11-16,1.033323744048283,0.8235325998590862,-0.37121694530168114,1.241510137807884,-1.6127270831095653,0.8935069394860384,3.627767731659552,-1.8407538526874754,0
2023-11-17,1.029431277116639,0.8330171806406157,-0.4606798537994298,1.3635850749999856,-1.8242649287994155,0.8239465276595618,3.61922272520428,-1.9713296698851566,0
2023-11-20,1.0347621368058288,0.8965909706790961,-0.30080968231051936,2.049593988691554,-2.3504036710020735,0.7489452586711965,3.63939219550746,-2.141501678165067,-1
2023-11-21,1.0509073616354232,0.8400628692211805,0.15079992207045506,1.3865330858474052,-1.2357331637769502,0.696223160489031,3.6144829502011246,-2.222036629223063,0
2023-11-22,1.045922890406214,0.8280310010297546,0.013232942068846922,1.262377285552503,-1.2491443434836562,0.6485036089833296,3.599171459258864,-2.302164241292205,0
2023-11-23,1.0485589652965732,0.8239661806948133,0.08365546723215339,1.2105647790811789,-1.1269093118490254,0.6028395807012273,3.5774993073248194,-2.3718201459223645,0
2023-11-24,1.0432750735341605,0.7700395642512602,-0.05348533732370094,0.6010951479891427,-0.6545804853128436,0.5571092633807074,3.52316702268603,-2.408948495924615,0
2023-11-27,1.035055686348185,0.7804997019131754,-0.26805058082329997,0.7174483704775971,-0.9854989513008972,0.4995317373329169,3.4486818575236535,-2.44961838285782,0
2023-11-28,1.0386017648198487,0.7809874803533684,-0.15112522831543188,0.7247400728395735,-0.8758653011550054,0.44535036013047574,3.3737161144324648,-2.4830153941715136,0
2023-11-29,1.0419306166301687,0.7739417917728038,-0.035925518248317245,0.6478602363428074,-0.6837857545911247,0.3924761695774746,3.2851100457710123,-2.500157706616063,0
2023-11-30,1.051788010262492,0.8119343125033874,0.2693984481221458,1.1178491889971498,-0.8484507408750039,0.344790501349073,3.223072732722626,-2.5334917300244797,0
2023-12-01,1.033458776837767,0.8400628692211805,-0.24339027555183312,1.4640174252175333,-1.7074077007693664,0.28527638771014796,3.1834255335915955,-2.6128727581712994,0
2023-12-04,1.027840238597068,0.8553465936805593,-0.3857432261815676,1.6149361056718128,-2.00067933185338,0.2152105975865662,3.1279710507586387,-2.697549855585506,0
2023-12-05,1.0033523357737086,0.8292233483280039,-1.0877158517805359,1.2969723733521923,-2.384688225132728,0.13637703388705502,3.0705793033404385,-2.7978252355663287,0
2023-12-06,0.9998297412654333,0.853666467942117,-1.1602462324727403,1.5439642095636954,-2.7042104420364357,0.05254297498350971,3.0195284227004895,-2.91444247273347,0
2023-12-07,0.9980684440112958,0.8546420248225028,-1.181099380927443,1.5394666426421144,-2.7205660235695577,-0.026052959883790406,2.9811689189632915,-3.033274838730872,0
2023-12-08,1.0009569715080815,0.9182158148609831,-1.0571198004053188,2.146046441608856,-3.2031662420141744,-0.11436519580718724,2.9500808507280123,-3.1788112423423867,-1
2023-12-11,0.9968942458418708,0.9213050783155385,-1.1446613514767345,2.0727641376811397,-3.217425489157874,-0.1960642188628724,2.93396813462775,-3.326096572353495,0
2023-12-12,1.003933563867574,0.8346431087745922,-0.8946398130273397,1.1331543145499825,-2.027794127577322,-0.2575152171029965,2.8691191239767315,-3.384149558182725,0
2023-12-13,0.9745844806227947,0.8036420790201073,-1.737214438458001,0.7998461580474925,-2.5370605965054933,-0.3255775471733841,2.8190378100203506,-3.4701929043671185,0
2023-12-14,0.9604353926812229,0.8067313424746626,-2.06266190299804,0.8157186053200935,-2.8783805083181337,-0.40242946261985774,2.7628773506917654,-3.567736275931481,0
2023-12-15,0.9657779943521069,0.7847813126659803,-1.8188712128188258,0.5758613704147023,-2.394732583233528,-0.47375922879045784,2.674704311855177,-3.622222769436093,0
2023-12-18,0.9757586787922198,0.7883041569562625,-1.4658607047179506,0.5997127512298687,-2.065573455947819,-0.5295897190031411,2.6108557514773194,-3.6700351894836016,0
2023-12-19,0.9833909668934826,0.8063519592434015,-1.205470051629542,0.7643361548243455,-1.9698062064538875,-0.5981853502333839,2.483789078130439,-3.680159778597207,0
2023-12-20,0.9685901989678798,0.7744295702129965,-1.5784962142789705,0.4217327556275982,-2.0002289699065687,-0.6668939902652528,2.3515279197908248,-3.6853159003213305,0
2023-12-21,0.98045547146992,0.7923689772912037,-1.1959619069699299,0.5852794516244668,-1.7812413585943967,-0.7322353710735583,2.2078043918456456,-3.672275133992762,0
2023-12-22,0.9808370858749832,0.7967047856484744,-1.1452878221138092,0.60867347324688,-1.7539612953606891,-0.7881754030600281,2.098403749909422,-3.6747545560294785,0
2023-12-25,0.9816296696393451,0.7381713728253211,-1.095298989652292,0.001246174565818418,-1.0965451642181103,-0.8409616049873753,1.9471142312808243,-3.629037441255575,0
2023-12-26,0.98045547146992,0.7181182591729446,-1.0993566237974395,-0.2116261431486304,-0.8877304806488091,-0.8873648623308679,1.806465486111195,-3.581195210772931,0
2023-12-27,0.9787294001608652,0.7127526963308222,-1.1168557344521728,-0.2680944893335456,-0.8487612451186272,-0.9243217671384263,1.7036448165830993,-3.5522883508599516,0
2023-12-28,1.012740050138262,0.7160045525987753,-0.05819847321444843,-0.23994422212679486,0.18174574891234643,-0.9450217799160516,1.6266732311827317,-3.5167167910148347,0
2023-12-29,1.0133330202138215,0.7314508698715517,-0.018076639757202893,-0.09084818606274633,0.07277154630554344,-0.9638085286484182,1.5601718345692444,-3.4877888918660807,0
2024-01-02,0.989267828731455,0.7311256842447564,-0.7482824156808813,-0.10284996965267605,-0.6454324460282053,-0.9845912524912654,1.5072897215135506,-3.4764722264960817,0
2024-01-03,0.9945458495030206,0.6935125467454338,-0.5602590253721248,-0.5000123186231881,-0.06024670674893673,-0.9935350739259087,1.4808059671639988,-3.467876115015816,0
2024-01-04,0.9798683723852075,0.6915614329846621,-0.9907910717827362,-0.5211155484445387,-0.4696755233381975,-1.008544658650085,1.441453756589824,-3.4585430738899943,0
2024-01-05,0.9765571335474288,0.6780120318681915,-1.0601154756027995,-0.6643248428928458,-0.39579063270995374,-1.0260374365914655,1.390439309547488,-3.4425141827304193,0
2024-01-08,0.9651850242765472,0.6616985529239608,-1.3687515618639086,-0.8366018263213488,-0.5321497355425597,-1.0347054601465726,1.3706817368708575,-3.4400926571640027,0
2024-01-09,0.9634295980132567,0.6450598883529348,-1.3740560836037004,-1.0146239028913733,-0.3594321807123271,-1.0367232204704764,1.3661484471128302,-3.439594888053783,0
2024-01-10,0.963723147555613,0.6419706248983795,-1.3196153570952411,-1.05326904510999,-0.26634631198525116,-1.0371280340621016,1.365207169354289,-3.4394632374784924,0
2024-01-11,0.9666997399151055,0.6524849601647608,-1.1908890552354705,-0.9430083997852504,-0.2478806554502201,-1.032866858344887,1.3742205660676192,-3.4399542827573932,0
2024-01-12,0.9646390221277645,0.6349249363178148,-1.2632043588060464,-1.092265383963585,-0.17093897484246146,-0.9757199062972715,1.344721072041615,-3.2961608846361576,0
2024-01-15,0.9628424989285442,0.6547070619478619,-1.3133379778554155,-0.866438943528714,-0.4468990343267015,-0.9401193438582364,1.3452958387490273,-3.2255345264654998,0
2024-01-16,0.962507852450258,0.6653297924231749,-1.319757678345963,-0.7823040157625839,-0.5374536625833791,-0.9351058482446445,1.3525369267504601,-3.222748623239749,0
2024-01-17,0.925855256591655,0.6716167145412173,-2.3182511102871493,-0.7434470539789425,-1.5748040563082069,-0.9488888871213567,1.3441226734246845,-3.2419004476673976,0
2024-01-18,0.9457403025908682,0.7126984987263564,-1.6856785218691164,-0.3267439789509745,-1.3589345429181419,-0.9654144004387483,1.3248402913466526,-3.2556690922241494,0
2024-01-19,0.9599070035049816,0.7136740556067422,-1.260881757911351,-0.3427707915103427,-0.9181109664010083,-0.9753834023470289,1.3086415766037436,-3.2594083812978014,0
2024-01-22,0.9640166970979692,0.6991490976098856,-1.1266868236638974,-0.5361004036975764,-0.590586419966321,-0.9833144516773544,1.2918412424531132,-3.258470145807822,0
2024-01-23,0.9505134181495811,0.7301501273643706,-1.4611651489550277,-0.21514382954785927,-1.2460213194071685,-1.0027584191695065,1.260884323417624,-3.2664011617566366,0
2024-01-24,0.9546231117425689,0.7132404747710152,-1.3148138183751759,-0.45227629477089754,-0.8625375236042783,-1.0187953038523128,1.2266373893592115,-3.264227997063837,0
2024-01-25,0.9616683007591191,0.7197983849113869,-1.0879201113663817,-0.41412699139953113,-0.6737931199668505,-1.0531787959588852,1.103695910089723,-3.2100535020074936,0
2024-01-26,0.9612690733815146,0.6855454988889491,-1.063074945967638,-0.9015400853996773,-0.16153486056796074,-1.0808087413601362,0.9837128183155519,-3.1453303010358242,0
2024-01-29,0.9687134897756695,0.6893935288060268,-0.8348841280040835,-0.902752219750694,0.06786809174661046,-1.108137588186363,0.8467364780843303,-3.0630116544570565,0
2024-01-30,0.9469908236413059,0.6335699962061677,-1.3969513376163043,-1.6526213539892602,0.25567001637295594,-1.1256788166335232,0.758613078341865,-3.0099707116089114,0
2024-01-31,0.9422411920459817,0.5961736491247087,-1.4805306020261215,-2.0844793537338786,0.6039487517077571,-1.1267004071814242,0.7537042356355179,-3.0071050499983665,0
2024-02-01,0.9452471393597097,0.6313478944230665,-1.357456384024422,-1.5693847064837938,0.21192832245937177,-1.124625787682134,0.7614938686206842,-3.010745443984952,0
2024-02-02,0.937010139201193,0.5879898108503604,-1.542116254705477,-2.0252547285886,0.48313847388312303,-1.1192667789371862,0.7834727235251919,-3.0220062813995643,0
2024-02-05,0.956977379072266,0.5583979188119885,-0.9454848953700369,-2.2488009313558566,1.3033160359858198,-1.0907836245696474,0.9043320067830678,-3.085899255922363,1
2024-02-06,0.9839780659781951,0.6026773616606147,-0.1489717690723173,-1.659327842180236,1.5103560731079186,-1.0573336595510827,1.042835234129029,-3.157502553231194,1
2024-02-07,1.0045206629522865,0.6009430383177063,0.4710158804959265,-1.6111693418520414,2.082185222347968,-0.9959995541798156,1.2498502518571692,-3.2418493602168006,1
2024-02-08,1.001591038519571,0.6254403555362854,0.4118227730446034,-1.2857687185882012,1.6975914916328045,-0.9445895346769728,1.4037329726942998,-3.292912042048245,1
2024-02-19,0.9953854011941596,0.7264104926562246,0.24792481633241073,-0.12889416131553905,0.3768189776479498,-0.9114304336643477,1.4546342450762566,-3.277495112404952,0
2024-02-20,0.98045547146992,0.7007750257438622,-0.18641388893589297,-0.39890942930732504,0.21249554037143206,-0.8774844258448335,1.4937437953634172,-3.2487126470530843,0
2024-02-21,1.008436613847319,0.6899355048506857,0.7061535889453734,-0.497602718677369,1.2037563076227424,-0.8182484262010866,1.5807161245182084,-3.2172129769203814,0
2024-02-22,1.008859325188312,0.7581160912687659,0.765897006627034,0.32756290565061336,0.4383341009764206,-0.7903473051218637,1.62773014654409,-3.2084247567878172,0
2024-02-23,1.0063406701148954,0.7686846241396131,0.7269691743551809,0.47043285044934086,0.2565363239058401,-0.7652526273320388,1.664679224015907,-3.195184478679985,0
2024-02-26,0.995121206606039,0.8197929651509404,0.39604532986522817,1.0896755297373397,-0.6936301998721115,-0.7580313087990902,1.6701031526238577,-3.186165770222038,0
2024-02-27,0.9919039036218142,0.9112785214893502,0.3256897656166346,2.0885896222548164,-1.7628998566381817,-0.7765032983211791,1.6652546272184532,-3.2182612238608117,0
2024-02-28,0.9872364658983497,0.8568641266056041,0.1913354094451483,1.4184668731059031,-1.2271314636607549,-0.7805305068605101,1.6634256429613168,-3.224486656682337,0
2024-02-29,0.9951329485877332,0.9140967969215761,0.5334316870397176,1.9843366909440299,-1.4509050039043123,-0.790114501906332,1.6598650425788342,-3.2400940463914982,0
2024-03-01,0.9892971836856906,0.9213592759200043,0.3579769128644695,1.9713992558616638,-1.6134223429971943,-0.805608445046433,1.6533774675563802,-3.264594357649246,0
2024-03-04,0.9841541957036088,0.9614655032247575,0.2100306138077904,2.2793329165741008,-2.06930230276631,-0.8259559710779548,1.6545820821032828,-3.3064940242591927,0
2024-03-05,0.9951916584962044,0.9484580781529457,0.7594857849320615,2.0657188250057024,-1.3062330400736408,-0.8192697267330261,1.6537548374263773,-3.2922942908924293,0
2024-03-06,0.9866493668136371,0.9227142160316515,0.414742011845262,1.767184026873947,-1.3524420150286849,-0.8084657714526144,1.6491799989332196,-3.2661115418384483,0
2024-03-07,0.9884576319945518,0.8929597311798818,0.5196607087365807,1.445822380679147,-0.9261616719425664,-0.7841569955661118,1.638675852794549,-3.206989843926773,0
2024-03-08,0.981295023161059,0.9277545932469786,0.18668846781612122,1.7426110781576913,-1.5559226103415702,-0.7650188650378641,1.6138613195768206,-3.1438990496525485,0
2024-03-11,0.9948335280545297,0.9739851498563764,0.8593349775926278,2.1017627662665688,-1.242427788673941,-0.7403832277896037,1.586156881352844,-3.066923336932051,0
2024-03-12,1.0244879028233596,0.9203837190396185,2.231347954853675,1.6027426931695261,0.6286052616841491,-0.6765203693946318,1.584464227889947,-2.9375049666792106,0
2024-03-13,1.0141843138866546,0.9294889165898867,1.6936010902070633,1.6824259712064338,0.011175119000629508,-0.6227103592586567,1.5439985036625177,-2.789419222179831,0
2024-03-14,1.0078319017900652,0.9349086770364751,1.3865043101009213,1.6840584378015437,-0.2975541277006224,-0.5938730259273783,1.5426110698070548,-2.7303571216618114,0
2024-03-15,1.008336807002918,0.9292179285675572,1.36184592454197,1.581489027931421,-0.21964310338945103,-0.5552494010421111,1.5212843198018087,-2.6317831218860306,0
2024-03-18,1.0029178824510212,1.0570158798981086,1.075499742706878,2.534735749574618,-1.45923600686774,-0.5315969926846044,1.4682093333656216,-2.5314033187348306,0
2024-03-19,1.0027769786706902,1.0102975448485176,1.034627784854592,2.034380099080881,-0.999752314226289,-0.5083473215344837,1.4349861091063465,-2.451680752175314,0
2024-03-20,1.003704595224536,1.0040648203349412,1.0460383110140294,1.894125636535019,-0.8480873255209895,-0.4880558860273699,1.414124871915414,-2.390236643970154,0
2024-03-21,1.0033523357737086,0.9766950300796706,1.00633265510302,1.620318721665913,-0.6139860665628929,-0.46545888369585336,1.39691500796051,-2.3278327753522166,0
2024-03-22,0.9988610277756577,0.9826567665709176,0.7804663497876608,1.6028242709712661,-0.8223579211836053,-0.44582769955047064,1.3751084213843061,-2.2667638204852474,0
2024-03-25,0.9916162250703051,0.9911657904720612,0.4477120552527088,1.605411439056527,-1.1576993838038183,-0.435435333303961,1.3614569903472797,-2.232327656955202,0
2024-03-26,1.003522594508275,0.9354506530811338,0.954306483914231,1.165296749133693,-0.21099026521946196,-0.40971914946827387,1.354276899290853,-2.173715198227401,0
2024-03-27,0.9986555430960083,0.9168608747493361,0.7231071056536036,1.0004622990510368,-0.2773551933974332,-0.39606598328792925,1.3589639037738734,-2.151095870349732,0
2024-03-28,0.9990312865102244,0.9682944013874587,0.7227831613557317,1.3228746516270118,-0.6000914902712801,-0.39127200011497043,1.359861861791194,-2.1424058620211346,0
2024-03-29,0.9997710313569622,0.9401116470651998,0.7365551331012837,1.0866465787301767,-0.35009144562889294,-0.38296083679014153,1.3640692724215933,-2.129990946001876,0
2024-04-01,1.010591267488214,0.9461817787653787,1.2129357999406272,1.0932829920950344,0.11965280784559273,-0.383995719141254,1.361746746881549,-2.129738185164057,0
2024-04-02,1.0062819602064241,0.9261286651130021,1.035980896983243,0.9247996940405852,0.11118120294265776,-0.38335555819730216,1.3630962721463074,-2.1298073885409115,0
2024-04-03,1.006939511181302,0.8785431683919571,1.042796071252522,0.5761897970092144,0.4666062742433076,-0.36482157952611033,1.393876451159516,-2.1235196102117366,0
2024-04-08,0.9784945605269803,0.8615793181941358,-0.18707116471616775,0.4401386191816348,-0.6272097838978026,-0.37427096414525807,1.3838626961631348,-2.132404624453651,0
2024-04-09,0.9758878405908565,0.8539374559644465,-0.29794135428049706,0.3694312904507924,-0.6673726447312895,-0.37756591616847623,1.3820354674944646,-2.1371672998314173,0
2024-04-10,0.9675275496245501,0.8134518454284321,-0.6545999073571279,0.07125493311964279,-0.7258548404767707,-0.3830669862979232,1.3788284397458217,-2.144962412341668,0
2024-04-11,0.9675392916062444,0.8464581865481546,-0.6566038718901729,0.28391983393385917,-0.9405237058240321,-0.3898732191359478,1.3775114492912588,-2.1572578875631545,0
2024-04-12,0.9593375173928104,0.8682456235434394,-1.008482375095344,0.4160683770975344,-1.4245507521928784,-0.4076251953272903,1.379798655508128,-2.195049046162709,0
2024-04-15,0.9822050267423633,0.8325294022004228,-0.0275968596536496,0.13941782888079432,-0.16701468853444393,-0.4059696682697769,1.3821703288905403,-2.1941096654300942,0
2024-04-16,0.98045547146992,0.7853232887106391,-0.11462972873222689,-0.22127013386427724,0.10664040513205035,-0.400060983926739,1.3925413432973346,-2.1926633111508127,0
2024-04-17,0.9786941742157824,0.813506043032898,-0.2033606119431541,-0.037049995837343294,-0.16631061610581083,-0.3999838446144615,1.3926589872719275,-2.1926266765008506,0
2024-04-18,0.9809134087559958,0.813506043032898,-0.11949210688685824,-0.05749131717638112,-0.06200078971047712,-0.39356887387085776,1.4011445522768582,-2.1882823000185736,0
2024-04-19,0.9667408368510354,0.766408324752046,-0.754869775509101,-0.42982717095536505,-0.3250426045537359,-0.39002868957036363,1.4043681677361621,-2.1844255468768896,0
2024-04-22,0.9834261928385654,0.7492818817408271,-0.057072493767476355,-0.5751885222513652,0.5181160284838888,-0.35514668815716205,1.4268910926487652,-2.1371844689630892,0
2024-04-23,0.9935360390773151,0.7546474445829495,0.3954310039241688,-0.5413870653933806,0.9368180693175494,-0.31688414461990055,1.4760342539534248,-2.1098025431932257,0
2024-04-24,0.9943110098691356,0.8302531028128557,0.4101850796145912,0.02719609162923352,0.3829889879853577,-0.29519914538012776,1.4996114724968355,-2.090009763257091,0
2024-04-25,0.9939822343816966,0.8129640669882392,0.37266486768670065,-0.1228246781723239,0.49548954585902455,-0.27709787928303875,1.5274747803331346,-2.0816705388992123,0
2024-04-26,1.003604788380135,0.8779469947428324,0.8263054150653837,0.3682476419537352,0.45805777311164847,-0.24869656107439175,1.5474643117256157,-2.044857433874399,0
2024-04-29,1.0004168403501459,0.9268332339710584,0.6383300362170041,0.7267211943052927,-0.08839115808828857,-0.23579412164912525,1.553539026794927,-2.0251272700931775,0
2024-04-30,1.0010039394348584,0.928892742940762,0.6431076216136324,0.7173918405227302,-0.07428421890909775,-0.22580230663149606,1.560274173726448,-2.01187878698944,0
2024-05-06,1.03341180891099,0.8927429407620183,2.2287479498996174,0.408857476194679,1.8198904737049384,-0.19277855106028105,1.6697660023437362,-2.055323104464298,1
2024-05-07,1.0391653799411726,0.8693295756327571,2.3664587529040997,0.20017209776366396,2.1662866551404356,-0.15780490833705063,1.8009681040349017,-2.1165779207090027,1
2024-05-08,1.0356251724603562,0.8682456235434394,2.123761696167971,0.1638651548979629,1.959896541270008,-0.12940113292209976,1.9018457786109595,-2.160648044455159,1
2024-05-09,1.0309459927551974,0.9653135331418352,1.8666524966577662,0.9485771177548274,0.9180753789029388,-0.12416568913551342,1.9163681331355733,-2.1646995114066003,0
2024-05-10,1.0209535663333902,0.9233103896807763,1.3489141910964504,0.563338923689911,0.7855752674065394,-0.11460490671972727,1.937676412373019,-2.1668862258124735,0
2024-05-13,1.001591038519571,0.9010351742452984,0.295117898445271,0.3373308622366988,-0.042212963791427804,-0.12336076401430311,1.923021046366723,-2.1697425743953294,0
2024-05-14,0.9992309001990266,0.9211424855021408,0.12404061492632588,0.5035926227591369,-0.37955200783281096,-0.15140856474461364,1.8612847921082118,-2.1641019215974393,0
2024-05-15,0.9980684440112958,0.9433093057286869,0.0398149215224803,0.711178977727494,-0.6713640562050137,-0.18777056689982918,1.7811548886973037,-2.1566960224969622,0
2024-05-16,1.0007103898925023,0.9845536827272234,0.20447334441288653,1.1587426508736518,-0.9542693064607652,-0.23837814237997476,1.6475554854023196,-2.124311770162269,0
2024-05-17,1.0068749302819837,1.034252886022438,0.5728888769421006,1.7380772741604356,-1.165188397218335,-0.2860911405274937,1.5446520692474506,-2.116834350302438,0
2024-05-20,1.0033523357737086,1.061893664300038,0.3506609075391912,2.0004225182878326,-1.6497616107486412,-0.3198674836674369,1.5357351581230232,-2.175470125457897,0
2024-05-21,1.0010039394348584,1.0134952035120048,0.1891677199941685,1.4010892155248005,-1.2119214955306319,-0.3436077675991379,1.5207162763608686,-2.207931811559144,0
2024-05-22,0.9967239871073041,1.0242805268007156,-0.061042817350549144,1.5284779152338157,-1.5895207325843648,-0.3901623849359231,1.4564021700018073,-2.2367269398736536,0
2024-05-23,0.9933775223244428,0.9956099940382634,-0.2516147691992236,1.1305877623776586,-1.3822025315768822,-0.4205046621451448,1.4305061962248122,-2.271515520515102,0
2024-05-24,0.9846121329896846,0.9316568207685221,-0.7676207869394763,0.25765203084746924,-1.0252728177869455,-0.44186814784002454,1.4069433582889537,-2.290679653969003,0
2024-05-27,0.9805259233600855,0.9538236409950681,-0.9954059625410627,0.5352124202482479,-1.5306183827893105,-0.4558179508886446,1.4132405613961518,-2.324876463173441,0
2024-05-28,0.9773086203758609,0.933553736924828,-1.16380490756097,0.25075275380852136,-1.4145576613694915,-0.4500122476341664,1.40463920680207,-2.304663702070403,0
2024-05-29,0.9828038678087702,0.9321987968131809,-0.8254261574069875,0.21593516824641434,-1.0413613256534018,-0.44691607866737715,1.4030724973430906,-2.296904654677845,0
2024-05-30,0.968126390690957,0.9350712698498727,-1.6411677163634137,0.25071798689405256,-1.8918857032574663,-0.4542657569899297,1.4153477066481808,-2.32387922062804,0
2024-05-31,0.9678034861943651,0.9473199284591621,-1.6045126073672866,0.41356308088584365,-2.01807568825313,-0.461009979410862,1.4284268905741875,-2.3504468493959116,0
2024-06-03,0.9624843684868696,0.9809224432280094,-1.8404272654876725,0.8702820357285384,-2.7107093012162107,-0.47170009605169366,1.4615025420420937,-2.404902734145481,-1
2024-06-04,0.9705922068467496,0.973226383393854,-1.3423560692441896,0.7560774736130521,-2.098433542857242,-0.48490343776475364,1.4820114702611207,-2.451818345790628,0
2024-06-05,0.9651908952673943,0.9760988564305458,-1.5875112808237153,0.7791963884865474,-2.3667076693102627,-0.5018078653361132,1.5123041048550552,-2.515919835527282,0
2024-06-06,0.9627309501024488,0.9396238686250068,-1.6580284950546982,0.27090586498655367,-1.9289343600412518,-0.5185207434710913,1.5263222670522043,-2.563363753994387,0
2024-06-07,0.9506190959848294,0.9809766408324753,-2.183245728738762,0.8187359267812072,-3.001981655519969,-0.542621727557398,1.5843945219421927,-2.6696379770569885,-1
2024-06-11,0.9211584639139547,1.0319765866348707,-3.2661833148624013,1.4762764439472729,-4.742459758809674,-0.600955593726327,1.7808492044084807,-2.982760391861135,-1
2024-06-12,0.9227318894609844,1.028670532762452,-2.9313665732264216,1.3844485282019376,-4.31581510142836,-0.6833625997782021,1.8619230963925135,-3.2286482959489176,-1
2024-06-13,0.9129449477188265,1.0597257601214027,-3.0355733226948645,1.7190388791381024,-4.754612201832967,-0.762792388458762,1.983813708413819,-3.509398485331343,-1
2024-06-14,0.9129390767279794,1.084006286922118,-2.7809868247018525,1.9332081876127973,-4.71419501231465,-0.8364030698689958,2.090314749554138,-3.7631208892921295,-1
2024-06-17,0.9050132390843603,1.1435152566256572,-2.814087032610023,2.483285819153975,-5.297372851763997,-0.9210318990085715,2.219019647958346,-4.061083445975489,-1
2024-06-18,0.8932712573901097,1.1332719093816053,-2.926249534535535,2.283212813001047,-5.209462347536582,-0.9835356713530523,2.3438080912711676,-4.310879433977272,-1
2024-06-19,0.881235726153503,1.177768142648095,-2.9968925396814883,2.609174202299727,-5.606066741981215,-1.060307578482301,2.4746446645476046,-4.595259821512206,-1
2024-06-20,0.8807073369772617,1.1638393583003632,-2.7609176232277144,2.3252052530328733,-5.086122876260587,-1.130941504327961,2.552987320088392,-4.8148703287443135,-1
2024-06-21,0.8636227536121271,1.1668202265459866,-2.93739014292574,2.2249344688827994,-5.16232461180854,-1.2067471467487219,2.6183896777802227,-5.031883971277667,-1
2024-06-24,0.8668811535322817,1.118150777735624,-2.6313245602385837,1.6817993837539567,-4.31312394399254,-1.264926580462204,2.6417464494866136,-5.171599610411022,0
2024-06-25,0.8728108542878782,1.0687767600672051,-2.325994654033686,1.1807037698527496,-3.5066984238864354,-1.304076564463581,2.645074547534942,-5.253227676462104,0
2024-06-26,0.8743196989355894,1.1000487778440193,-2.1584759136494713,1.4274491953239736,-3.585925108973445,-1.3603254785261474,2.621498715101448,-5.342149672153743,0
2024-06-27,0.8750653147731743,1.0764186222968946,-2.0269413766608566,1.1677627889617794,-3.1947041656226363,-1.4089479613965674,2.590292639703226,-5.408188562496361,0
2024-06-28,0.861503325916315,1.0767438079236897,-2.1824711205240197,1.1412543916542024,-3.323725512178222,-1.4543418617616832,2.5693076103063235,-5.47799133382969,0
2024-07-01,0.8456457796382296,1.1101837298791395,-2.3476243375243206,1.3979815472993775,-3.745605884823698,-1.5109337690815967,2.5449241041510384,-5.566791642314232,0
2024-07-02,0.8751886055809639,1.0676928079778873,-1.6878039354329581,0.9881787319502955,-2.675982667383254,-1.5575276936687439,2.486346244147918,-5.601401631485406,0
2024-07-03,0.8806486270687904,1.059563167308005,-1.5196993757100545,0.8900527562748615,-2.409752131984916,-1.5995432492508703,2.426147940712852,-5.6252344392145925,0
2024-07-04,0.8722765941207898,1.048506855996965,-1.611461183851821,0.7661541241005242,-2.377615307952345,-1.6469469422874643,2.3466317309338645,-5.640525615508793,0
2024-07-05,0.8530549700873017,1.0449298141022167,-1.8775612603729246,0.709075495381393,-2.5866367557543177,-1.6796040584850729,2.312099672516486,-5.671307789486631,0
2024-07-08,0.8336807002917883,1.0433038859682402,-2.106147276258593,0.6696127841746917,-2.7757600604332846,-1.714743848746773,2.2778332700133577,-5.707320967506903,0
2024-07-09,0.8442660967891551,1.12373313099561,-1.829300097687366,1.3442462796547263,-3.173546377342092,-1.7555387076945281,2.245946294974723,-5.75702371036378,0
2024-07-10,0.8440077731918816,1.1443282206926453,-1.7514783774200362,1.4727640536437316,-3.224242431063768,-1.7936006864485239,2.2197767843196163,-5.806978157216664,0
2024-07-11,0.8583917007673385,1.0928946940545228,-1.456672097801707,0.9824229881523151,-2.439095085954022,-1.8105097586778764,2.2050911003845792,-5.826110617740333,0
2024-07-12,0.868213868454579,1.0807002330496993,-1.2511720727446474,0.8451490550128623,-2.0963211277575096,-1.8426648659982605,2.1502361766550546,-5.835565908651576,0
2024-07-15,0.865912440042506,1.1283941249796758,-1.244072382800909,1.2406125240120158,-2.484684906812925,-1.8858536211973438,2.0772264080218066,-5.848933650416495,0
2024-07-16,0.8665582490356898,1.3540729499756112,-1.1922135524922937,3.02034885367281,-4.2125624061651035,-1.953291151031665,2.0284249029833528,-5.935007205046682,0
2024-07-17,0.881470565787388,1.3437754051270934,-0.925619130947956,2.728387818337577,-3.6540069492855327,-2.013157920357916,1.9608921294812518,-5.987207970197084,0
2024-07-18,0.8791867503478562,1.3766191534334182,-0.93300262012316,2.8064027248041588,-3.739405344927319,-2.0700639660308093,1.9034392699108773,-6.043567201972496,0
2024-07-19,0.8956901056191253,1.4546637038642891,-0.6513426524339141,3.155572796666383,-3.806915449100297,-2.1421478239905456,1.7971367185921712,-6.081432366573262,0
2024-07-22,0.8800615279840779,1.4374288656441387,-0.8673954551828131,2.8370647486883933,-3.7044602038712062,-2.219502461877025,1.6555959144324865,-6.094600838186537,0
2024-07-23,0.8542291682567267,1.3465936805593195,-1.229578512539588,2.083006890412643,-3.312585402952231,-2.281095368392651,1.542878622158835,-6.105069358944137,0
2024-07-24,0.845434423967733,1.4159124166711832,-1.31863444978058,2.431657182079793,-3.7502916318603727,-2.3518583880213075,1.4198887817664585,-6.123605557809073,0
2024-07-25,0.8398393696904227,1.3863747222372773,-1.3564291321371238,2.114521878427609,-3.470951010564733,-2.4173418677492475,1.2918687094356347,-6.12655244493413,0
2024-07-26,0.8349664472873087,1.3588965367730745,-1.381122094988988,1.8412934385126116,-3.2224155335015996,-2.4695756073394697,1.1942143744124625,-6.133365589091402,0
2024-07-29,0.820776262409807,1.3360793452929383,-1.538937915501027,1.6229616834052314,-3.1618995989062584,-2.5210358636727555,1.0922871141281862,-6.134358841473697,0
2024-07-30,0.81019086591244,1.324589453146171,-1.6458060303421864,1.4930872420153243,-3.1388932723575107,-2.603682259440463,0.828032231271651,-6.035396750152577,0
2024-07-31,0.8344321871202203,1.4311419435260961,-1.2450655432982343,2.072796084073074,-3.3178616273713084,-2.6950847308156587,0.5040887124043567,-5.894258174035674,0
2024-08-01,0.8138132672651164,1.3982981952197713,-1.52335181920528,1.793510600370849,-3.316862419576129,-2.783030713496428,0.17676394515872795,-5.742825372151584,0
2024-08-02,0.8133964269149705,1.3283832854587827,-1.4905328177809534,1.3106170849674403,-2.801149902748394,-2.84501780152395,-0.04929142286817001,-5.64074418017973,0
2024-08-05,0.8278155804355101,1.2448647769768577,-1.22998935066298,0.7679166890831327,-1.9979060397461126,-2.891409156643161,-0.25278430802056784,-5.530034005265755,0
2024-08-06,0.8246980842956866,1.2652972738604955,-1.2427139369796092,0.8656680811747388,-2.108382018154348,-2.9258453075492095,-0.3864126637408529,-5.4652779513575656,0
2024-08-07,0.8310387544105818,1.2438350224920058,-1.1071298425663894,0.7045038256809433,-1.8116336682473326,-2.9497133352227847,-0.48171792560756943,-5.417708744838,0
2024-08-08,0.8399567895073652,1.2440518129098694,-0.9323906811244873,0.6799116055201323,-1.6123022866446197,-2.965395639063445,-0.5447876948465273,-5.386003583280362,0
2024-08-09,0.8435439649149586,1.338464039889437,-0.8463707991536723,1.2395888847941605,-2.085959683947833,-2.984257145354896,-0.6102061888175903,-5.358308101892202,0
2024-08-12,0.8431329955556599,1.3064332556501004,-0.8292789014313549,1.002381926662668,-1.8316608280940228,-2.995365019202824,-0.6498709077539839,-5.340859130651664,0
2024-08-13,0.835447868536773,1.3045363394937943,-0.9398249858794472,0.959542335369177,-1.8993673212486242,-2.999525114377824,-0.6628705772247243,-5.336179651530923,0
2024-08-14,0.8297471364242143,1.309847704731451,-1.0191075762670128,0.9605475243492948,-1.9796551006163075,-3.0123206744625852,-0.7072913559409395,-5.317349992984231,0
2024-08-15,0.8377258129854577,1.3078965909706792,-0.849427613371344,0.9173934720631255,-1.7668210854344695,-3.01527568034342,-0.7172220016186812,-5.31332935906816,0
2024-08-16,0.8402562100405686,1.3256734052354886,-0.7793127857685691,0.9953879636204183,-1.7747007493889875,-3.0218173173069554,-0.7404999957196572,-5.303134638894253,0
2024-08-19,0.8368745193126245,1.3820389138800067,-0.8239067816675392,1.308254219956476,-2.132161001624015,-3.0402654537042397,-0.8072329022560849,-5.2732980051523946,0
2024-08-20,0.8352776098022063,1.343992195544957,-0.8348559506444153,1.0349259486596227,-1.869781899304038,-3.045918178979485,-0.8267568269632668,-5.265079530995703,0
2024-08-21,0.8322599205067839,1.4299495962278466,-0.8780788284723163,1.5312984031706187,-2.409377231642935,-3.062498505150709,-0.8783283353983946,-5.246668674903024,0
2024-08-22,0.8278390643988985,1.4128773508210937,-0.9605459491050914,1.3811376248580938,-2.341683573963185,-3.0841705426225388,-0.956503910169225,-5.2118371750758525,0
2024-08-23,0.8307393338773785,1.3713077881957618,-0.8752515796276471,1.0836995449654723,-1.9589511245931193,-3.0852882996448,-0.9601005504784466,-5.210476048811153,0
2024-08-26,0.828983907614088,1.33987317760555,-0.9012832289324485,0.8520137359083391,-1.7532969648407875,-3.0808753209212605,-0.9455973293976343,-5.216153312444886,0
2024-08-27,0.8243282118723176,1.3229635250121945,-1.0034703703029175,0.7134297794489666,-1.716900149751884,-3.064311835063522,-0.9021052889692132,-5.226518381157831,0
2024-08-28,0.8154806286656999,1.3018264592705002,-1.2375943740749846,0.5454503320568411,-1.7830447061318258,-3.0590553544514316,-0.885791938192598,-5.232318770710265,0
2024-08-29,0.8297471364242143,1.302314237710693,-0.8397601614976804,0.5233243375755764,-1.3630844990732567,-3.0423283016141487,-0.8322508607591672,-5.25240574246913,0
2024-08-30,0.8472955280662718,1.3911983090347406,-0.28700060213738904,1.1257785911711178,-1.4127791933085068,-3.033725715501936,-0.8021059829510917,-5.265345448052781,0
2024-09-02,0.8190032231739751,1.366538399002764,-1.2227201481511398,0.9215957769414933,-2.1443159250926334,-3.0194312866614803,-0.7760281506676696,-5.262834422655291,0
2024-09-03,0.827809709444663,1.3045363394937943,-0.8980010051162809,0.437495322817165,-1.335496327933446,-2.9626485628135435,-0.724186572405559,-5.201110553221528,0
2024-09-04,0.8219387185975378,1.2960815131971166,-1.104782543068295,0.3478758119910924,-1.4526583550593872,-2.914929283707394,-0.6717416881265312,-5.158116879288256,0
2024-09-05,0.8248037621309349,1.1213484363991113,-0.9800445765824196,-1.0199559558065832,0.039911379224163546,-2.8350205573564415,-0.5180395874701471,-5.152001527242736,1
2024-09-06,0.8207645204281127,1.1662240528968622,-1.134070256492998,-0.6879947029116847,-0.44607555358131334,-2.763885233044219,-0.419674049818481,-5.108096416269957,0
2024-09-09,0.8072612414797246,1.1419977237006125,-1.6801766397801547,-0.8787472061559048,-0.8014294336242499,-2.68895284274189,-0.3871209853740405,-4.99078470010974,0
2024-09-10,0.8090225387338621,1.1580944122269796,-1.5675583183064603,-0.7571970490294582,-0.8103612692770021,-2.615634491437564,-0.3606145649314709,-4.870654417943657,0
2024-09-11,0.8101967369032872,1.1688255379112245,-1.4694745142599537,-0.6706299528875619,-0.7988445613723918,-2.53551412176075,-0.3729931744179176,-4.698035069103582,0
2024-09-12,0.7838125040363062,1.1624844181887162,-2.4814161597251907,-0.7204742150161298,-1.7609419447090608,-2.4800944395682247,-0.4152407685185797,-4.54494811061787,0
2024-09-13,0.7656535293461478,1.1950571784727115,-2.9594049952971364,-0.4678128428869366,-2.4915921524102,-2.435582231911586,-0.4944957219996262,-4.376668741823546,0
2024-09-18,0.7437958304223005,1.1382038913880006,-3.3873204146992073,-0.9232026526134353,-2.464117762085772,-2.4047654622131396,-0.5272631658794074,-4.282267758546872,0
2024-09-19,0.7403319458224965,1.1354398135602406,-3.1645214565340445,-0.9645414354562463,-2.199980021077798,-2.3829868221663286,-0.5272912077332923,-4.238682436599365,0
2024-09-20,0.7420462751498571,1.13202536447889,-2.853672045897263,-1.0011369141277797,-1.8525351317694831,-2.354096989212929,-0.5207443545407313,-4.187449623885127,0
2024-09-23,0.7406489793282413,1.1522952685491303,-2.6844728335374675,-0.8580834912714054,-1.826389342266062,-2.3312917421569868,-0.5064521540706441,-4.15613133024333,0
2024-09-24,0.8058522036764144,1.2021028670532763,-0.7327676320093204,-0.4764993918554522,-0.2562682401538682,-2.280167454289914,-0.39747088241984163,-4.162864026159987,1
2024-09-25,0.8213516195128252,1.2032410167470597,-0.26229000962654575,-0.48543043982622847,0.22314043019968272,-2.214021682372858,-0.2631229948427416,-4.164920369902974,1
2024-09-26,0.8976745005254537,1.2140263400357705,1.9520262452903414,-0.4244149873565847,2.376441232646926,-2.1298146173723547,0.1486337983016588,-4.408263033046368,1
2024-09-27,0.956501828813649,1.3059996748143732,3.3243940987123928,0.33887641912749805,2.985517679584895,-2.039893453846191,0.5920509392710254,-4.671837846963408,1
2024-09-30,1.0262492000774972,1.5671779307354616,4.276553580635871,2.5041734188920173,1.7723801617438535,-1.970726862684588,0.8373428589643177,-4.778796584333493,1
2024-10-08,1.011571722959684,1.8806026773616606,3.468784278897878,4.330795070526597,-0.8620107916287192,-1.941983096615828,0.8757314914108123,-4.759697684642468,0
2024-10-09,0.9365111049791874,2.013441005907539,1.882613916777036,4.372214155412847,-2.489600238635811,-1.9372137662525368,0.8757247339445429,-4.750152266449616,0
2024-10-10,0.9628424989285442,1.881740827055444,2.247230196746162,3.194294271530686,-0.947064074784524,-1.9001057278765774,0.9052214929228757,-4.70543294867603,0
2024-10-11,0.9422881599727586,1.804780228713891,1.7874967876205208,2.560003341849626,-0.7725065542291052,-1.859243463262666,0.9390417918195626,-4.657528718344895,0
2024-10-14,0.9405268627186211,2.0275323830686687,1.689554875646836,3.3497627499710814,-1.6602078743242454,-1.8462620097355034,0.9483051361914616,-4.640829155662468,0
2024-10-15,0.912498752414445,1.9269958267844562,1.174999052463429,2.65135878902855,-1.476359736565121,-1.8359293198822968,0.9594612428490064,-4.6313198826135995,0
2024-10-16,0.8938583564748223,1.854587827218037,0.8407529500130253,2.183793201759696,-1.3430402517466709,-1.8169019089645257,0.9760663456748808,-4.609870163603932,0
2024-10-17,0.8774782920113428,1.9407620183187904,0.5552212720178187,2.4005356064592336,-1.845314334441415,-1.7774477744357975,0.9438197203445677,-4.498715269216163,0
2024-10-18,0.904719689542004,2.3289252615034415,1.0105888871499311,3.5393547459643906,-2.5287658588144595,-1.7586937562612799,0.925219768994821,-4.442607281517381,0
2024-10-21,0.8975570807085111,2.406373638285188,0.8796881456082196,3.37788510912757,-2.4981969635193506,-1.7380069499044803,0.9025887606413936,-4.378602660450355,0
2024-10-22,0.9058938877114291,2.281719148013658,1.0157810020361635,2.7155974052466667,-1.6998164032105032,-1.7028886324729837,0.8812228928833232,-4.287000157829291,0
2024-10-23,0.920277815286886,2.270879627120481,1.235376584545311,2.4917783372310125,-1.2564017526857014,-1.662087658286559,0.8702557482467628,-4.194431064819881,0
2024-10-24,0.9112951992907844,2.3044821418893284,1.0584426302894276,2.4152635920155574,-1.3568209617261298,-1.6294915842661237,0.8665194823030564,-4.125502650835304,0
2024-10-25,0.9151994082041226,2.2865427348111216,1.0926060796611303,2.2218687347119257,-1.1292626550507954,-1.5858077679859641,0.8502419719377245,-4.021857507909653,0
2024-10-28,0.9188100675751046,2.355969866131917,1.118310060186303,2.261712228179431,-1.143402167993128,-1.5470152872764371,0.840567799902207,-3.9345983744550814,0
2024-10-29,0.8992127001274005,2.3522302314237713,0.7782498159036925,2.1233111418309205,-1.3450613259272282,-1.5157260504835313,0.8314068584551062,-3.8628589594221685,0
2024-10-30,0.8994357977795913,2.413148338843423,0.7584333588922141,2.1442427011404606,-1.3858093422482465,-1.4861245462058976,0.8210147230838483,-3.7932638154956435,0
2024-10-31,0.8969641106329516,2.4584033385724355,0.6950526801832617,2.124421454918387,-1.4293687747351251,-1.4576324712455244,0.8083356508367865,-3.723600593327835,0
2024-11-01,0.9004632211778382,2.227575741152241,0.7310254695496984,1.5272890925868743,-0.7962636230371759,-1.4156058378399556,0.8030592370128444,-3.634270912692756,0
2024-11-04,0.9089468029519342,2.22719635792098,0.840056331348918,1.4685845131241344,-0.6285281817752164,-1.3708002672099404,0.7997384355008954,-3.5413389699207762,0
2024-11-05,0.9258493856008079,2.373096309143136,1.0749254511859276,1.7148899675912168,-0.6399645164052892,-1.3347805107708886,0.8107886686300061,-3.480349690171783,0
2024-11-06,0.9223326620833798,2.471410763644247,0.9873293517157142,1.8380032233964883,-0.850673871680774,-1.3156599746364663,0.8263148444836723,-3.457634793756605,0
2024-11-07,0.9682085845628168,2.579805972576012,1.6418097097878261,1.9627744460315166,-0.3209647362436905,-1.2858696866046222,0.8609701755574026,-3.4327095487666472,0
2024-11-08,0.9452119134146271,2.3359167524795406,1.2410302250465988,1.404695017911354,-0.16366479286475522,-1.2584035386815793,0.9031910274884503,-3.419998104851609,0
2024-11-11,0.9381902083614652,2.333261069860712,1.0978846673176863,1.3486125850330506,-0.2507279177153643,-1.2357106325327583,0.9393173004922231,-3.4107385655577396,0
2024-11-12,0.9259726764085975,2.292504471302369,0.8860461808234562,1.2227229339505499,-0.33667675312709366,-1.2065559170190794,0.9690071253953032,-3.3821189594334617,0
2024-11-13,0.9267359052187237,2.5689664516828357,0.8717683819159648,1.6988141694332095,-0.8270457875172447,-1.189812333009466,0.981640364635636,-3.361265030654568,0
2024-11-14,0.9239765395205749,2.5418676494498946,0.8053046548187663,1.578679253999935,-0.7733745991811687,-1.171045787641675,0.9949177577335686,-3.337009333016919,0
2024-11-15,0.9152874730668296,2.4588369194081623,0.6534037025854484,1.366654106900469,-0.7132504043150205,-1.1499390427033205,1.0086405214733383,-3.3085186068799795,0
2024-11-18,0.9152874730668296,2.4316297219662895,0.6332591073012787,1.2686741929116232,-0.6354150856103445,-1.1310822760395849,1.0253425174685356,-3.287507069547705,0
2024-11-19,0.9052598206999396,2.4985095658771885,0.46713805836611083,1.3448477102117529,-0.877709651845642,-1.1161324244138626,1.0345713538476864,-3.2668362026754116,0
2024-11-20,0.9069565370547588,2.574386212129424,0.4753899336392442,1.4309162517583445,-0.9555263181191003,-1.0965218463554474,1.0378922987602925,-3.2309359914711875,0
2024-11-21,0.9071444087618669,2.7874911928892745,0.4608477577906867,1.744091650883911,-1.2832438930932244,-1.0867462129186005,1.0386151791233391,-3.21210760496054,0
2024-11-22,0.8852397419112423,2.6665221397214243,0.11967735817610543,1.4662275815008623,-1.3465502233247568,-1.0690324294466307,1.0290287266101958,-3.167093585503457,0
2024-11-25,0.8798090753776515,2.6502628583816596,0.025055088083671316,1.3841819491510856,-1.3591268610674143,-1.0526564842317012,1.020184317841319,-3.1254972863047215,0
2024-11-26,0.8859325188312032,2.633461600997236,0.1041759684638787,1.3064845713804716,-1.2023086029165928,-1.0400457755370927,1.0195304783369712,-3.0996220294111563,0
2024-11-27,0.8918328646325641,2.8971329467237545,0.17870664878925416,1.6930115049931993,-1.5143048562039452,-1.0360625737264786,1.0188215470395305,-3.0909466944924877,0
2024-11-28,0.8912164105936159,2.959351796650588,0.1532230904561948,1.7230719138182768,-1.569848823362082,-1.0336117182866487,1.0183178673990148,-3.0855413039723123,0
2024-11-29,0.8957605575092908,3.0404856105360145,0.2041625437898805,1.7791395468833777,-1.5749770030934973,-1.0301439232360097,1.0173320201288303,-3.0776198666008496,0
2024-12-02,0.8953261041866036,3.0459053709826027,0.18151531124343445,1.7135034159121245,-1.53198810466869,-1.032958983329267,1.0168421533964642,-3.0827601200549983,0
2024-12-03,0.8963476565940034,3.089209256950843,0.18514852694833936,1.708359986080501,-1.5232114591321617,-1.0347995210929946,1.0165866191259911,-3.0861856613119802,0
2024-12-04,0.892390608763041,2.9949596227846733,0.10525661877588376,1.498233218007073,-1.3929765992311893,-1.022277198995304,1.010648151259195,-3.0552025492498025,0
2024-12-05,0.8871067170006283,3.0899138258088996,0.006547115443900882,1.5864791515534773,-1.5799320361095763,-1.026351127464906,1.0101041295969189,-3.0628063845267306,0
2024-12-06,0.8929835788386006,3.0003793832312615,0.08171214835768004,1.395496054309028,-1.313783905951348,-1.0240365533131053,1.010762750018238,-3.0588358566444485,0
2024-12-09,0.8916860898613859,2.9212508807110726,0.04348937257630984,1.2339284647642301,-1.1904390921879202,-1.0445423945033068,0.9713520110540932,-3.0604368000607067,0
2024-12-10,0.908001573425547,2.918161617256517,0.28626161116060855,1.1930095586682907,-0.9067479475076822,-1.0522202677354129,0.9579029938105819,-3.0623435292814074,0
2024-12-11,0.9015493544845563,2.9526854913012843,0.15791340564532094,1.2132282780656616,-1.0553148724203407,-1.0564516917153477,0.952592659140199,-3.0654960425708944,0
2024-12-12,0.9192797468428746,3.1271475800769606,0.42758514688961946,1.4515123829898349,-1.0239272361002154,-1.0600111244957346,0.9480161632035295,-3.0680384121949986,0
2024-12-13,0.8918035096783284,3.0784239336621324,-0.05839203891638575,1.3350971421494384,-1.393489181065824,-1.0699218681572917,0.9387317275319562,-3.0785754638465397,0
2024-12-16,0.8966177221729712,3.117717196899897,-0.008451877575624295,1.3635968865133798,-1.3720487640890042,-1.0634403151469576,0.9386419564578172,-3.065522586751732,0
2024-12-17,0.914700373982117,3.089263454555309,0.2804279155049078,1.2834975902686172,-1.0030696747637093,-1.0386316071861825,0.9280401335472885,-3.0053033479196536,0
2024-12-18,0.9226262116257361,3.3469730637905806,0.4016450804581687,1.6761691434510255,-1.2745240629928567,-1.018805045534634,0.9130872475490877,-2.9506973386183555,0
2024-12-19,0.9105965513799764,3.447076039239066,0.11501533542756523,1.8012312923463016,-1.6862159569187365,-1.010242311131983,0.9048348754291755,-2.9253194976931414,0
2024-12-20,0.893564806932466,3.663487073871335,-0.36051299600955644,2.110384972145025,-2.4708979681545817,-1.020548358405068,0.919460625948656,-2.960557342758792,0
2024-12-23,0.8961773978594367,3.5160695897241343,-0.4308343240725939,1.8155454134984672,-2.2463797375710612,-1.027548198326818,0.9272625938367294,-2.9823589904903653,0
2024-12-24,0.9034398135373307,3.57324806243564,-0.28689734170997516,1.8748954502590098,-2.1617927919689848,-1.05930694085707,0.9064176316356078,-3.025031513349748,0
2024-12-25,0.8982615996101663,3.5884233916860877,-0.5422218494806643,1.8677560869858996,-2.409977936466564,-1.103192246968174,0.8636371524236126,-3.0700216463599608,0
2024-12-26,0.8969641106329516,3.529564793236139,-0.5880520696927816,1.739133185763451,-2.3271852554562327,-1.1815860217698932,0.5859314083421261,-2.9491034518819124,0
2024-12-27,0.8976568875529123,3.534225787220205,-0.5380199359482356,1.7256240792319564,-2.263644015180192,-1.269072050015978,0.14340519335304314,-2.6815492933849994,0
2024-12-30,0.8953261041866036,3.7044062652430765,-0.6453982406558331,1.9924638234857701,-2.6378620641416033,-1.3425760871140688,-0.128908431129801,-2.556243743098337,-1
2024-12-31,0.8947390051018911,3.566202373855076,-0.7139774121660085,1.6640702043928464,-2.378047616558855,-1.3678433675295711,-0.1319523474196045,-2.6037343876395376,0
2025-01-02,0.8736034380522401,3.499105739526313,-1.7573114108368744,1.481100658298635,-3.238412069135509,-1.3803235647045662,-0.08467541146386037,-2.6759717179452718,-1
2025-01-03,0.8659711499509772,3.36567123733131,-2.1496154067308977,1.1895918997618695,-3.339207306492767,-1.4201926185663705,-0.034673679829512416,-2.8057115573032285,-1
2025-01-06,0.8454226819860388,3.520026014850144,-3.0198598992055494,1.452045017869769,-4.471904917075318,-1.4818492579471405,0.1015472951803933,-3.065245811074674,-1
2025-01-07,0.8455401018029813,3.8913880006503714,-2.8121643311359525,2.082790475332068,-4.894954806468021,-1.5357617068162035,0.2761287389768423,-3.3476521526092493,-1
2025-01-08,0.8468904296978201,3.9347460842230775,-2.542447212999388,2.0758860695083237,-4.618333282507711,-1.588127932581913,0.39070332144260433,-3.5669591866064305,-1
2025-01-09,0.847771078324889,3.860441168500352,-2.3478926819309267,1.8717861335831136,-4.21967881551404,-1.6360719086447026,0.4548240680382756,-3.7269678853276806,-1
2025-01-10,0.8430742856471887,3.9562625331960333,-2.421968174024486,1.9785462028813845,-4.40051437690587,-1.6786585760191104,0.5303257077346333,-3.8876428597728543,-1
2025-01-13,0.8477593363431947,3.8968077610969596,-2.098542396615329,1.7845299284771492,-3.8830723250924786,-1.7012303504570774,0.5698921090010489,-3.9723528099152037,0
2025-01-14,0.864503402239196,3.761367947536719,-1.3684361476438809,1.4739060401848811,-2.842342187828762,-1.7069661041955677,0.5740605096403604,-3.987992718031496,0
2025-01-15,0.8637812703649995,3.7719364804075663,-1.3486448775554862,1.4412917219188297,-2.789936599474316,-1.7251347741332979,0.5729622062153517,-4.023231754481947,0
2025-01-16,0.8491683741465048,3.219337705273427,-1.8379395048553657,0.4003723607508327,-2.2383118656061987,-1.7414999426819728,0.5570036898000332,-4.040003575163979,0
2025-01-17,0.8540823934855486,3.2084981843802507,-1.580039367994623,0.35692085691775305,-1.936960224912376,-1.7511689304017435,0.5456324111104522,-4.04797027191394,0
2025-01-20,0.8658537301340347,3.3506043032897947,-1.0952807372106805,0.6005550182611114,-1.695835755471792,-1.7606118154087602,0.5304402883315735,-4.051663919149094,0
2025-01-21,0.8619495212206965,3.3873502791176633,-1.2004129605838336,0.6453823544024305,-1.845795314986264,-1.7723183678586458,0.5130759655492934,-4.057712701266585,0
2025-01-22,0.8460097810707513,3.474716817516666,-1.7209698978821157,0.7872054296580462,-2.5081753275401617,-1.7917036012188612,0.49867482538746954,-4.082082027825192,0
2025-01-23,0.8471839792401764,3.36567123733131,-1.6096769300916496,0.5486545318824506,-2.1583314619741003,-1.8045789698809591,0.48520321283846335,-4.094361152600381,0
2025-01-24,0.8430742856471887,3.3222047585496726,-1.6825031324342747,0.4389872796957398,-2.1214904121300147,-1.8161143305042071,0.47295220046750797,-4.105180861475922,0
2025-01-27,0.8424813155716291,3.1001029754484852,-1.6321428233727189,-0.037774701864899486,-1.5943681215078194,-1.8294160721453845,0.44477049635701293,-4.103602640647782,0
2025-02-05,0.8241696951194453,3.1217820172348385,-2.128689516751917,-0.02451407928615534,-2.1041754374657615,-1.8540101930735602,0.3991676881407267,-4.107188074287847,0
2025-02-06,0.8294770708452465,3.0566906942713135,-1.86717869398668,-0.19170975903623755,-1.6754689349504424,-1.8712686000493126,0.3598374529943045,-4.10237465309293,0
2025-02-07,0.8430742856471887,3.2458403338572435,-1.377572352223104,0.195857269849731,-1.573429622072835,-1.8833145292225137,0.33313312391314254,-4.09976218235817,0
2025-02-10,0.8404382107568295,3.533467020757683,-1.4587943352179311,0.805969479141861,-2.2647638143597923,-1.9157111805244489,0.264368697302481,-4.095791058351379,0
2025-02-11,0.8325065021223632,3.6194786190450388,-1.684392029283451,0.97280567986668,-2.657197709150131,-1.9572700624625383,0.18162786894912508,-4.096167993874202,0
2025-02-12,0.8471839792401764,3.5553628529618995,-1.1565557359726955,0.8023213556287884,-1.958877091601484,-1.9857392153606406,0.10570633542348995,-4.0771847661447715,0
2025-02-13,0.8601353850489347,3.4578071649233104,-0.6797579542565714,0.5478585546474791,-1.2276165089040505,-2.0005882112902564,0.05558471437195012,-4.056761136952463,0
2025-02-14,0.8659711499509772,3.392499051541922,-0.4472665951655389,0.36183950107415763,-0.8091060962396965,-2.0002892164356307,0.05658297168757587,-4.057161404558837,0
2025-02-17,0.8639867550446488,3.5814860983144547,-0.49380233762323394,0.8106684086209758,-1.3044707462442098,-2.009140818886681,0.030754658462584405,-4.049036296235947,0
2025-02-18,0.8659711499509772,3.404151536502087,-0.39601308964849014,0.3269766709694865,-0.7229897606179767,-2.0093031414917304,0.030174375268452014,-4.048780658251912,0
2025-02-19,0.8753647353063777,3.390114356945423,-0.017164476603172465,0.25853703488705365,-0.2757015114902261,-2.003307915256395,0.05462935450300144,-4.061245185015792,0
2025-02-20,0.8653840508662647,3.352176033819305,-0.3787266313192276,0.11814528594346248,-0.4968719172626901,-1.9969606196800127,0.07738258972052225,-4.071303829080548,0
2025-02-21,0.8737267288600298,4.022600401062274,-0.03406148027508315,2.014381707215721,-2.048443187490804,-2.0151759008362076,0.041082484636734584,-4.07143428630915,0
2025-02-24,0.8683606432257572,4.229364262099615,-0.22266837771368575,2.4683699666757675,-2.691038344389453,-2.038639141691145,0.015772609470234844,-4.093050892852524,0
2025-02-25,0.8536420691720141,4.2836702617744296,-0.7855398246224929,2.4906479858511528,-3.2761878104736457,-2.0707997681436265,-0.00010932369348104487,-4.141490212593772,0
2025-02-26,0.8571705346711365,4.308709555037668,-0.6286099775784733,2.4420255332377523,-3.0706355108162255,-2.0993249123061064,-0.021372592718663874,-4.177277231893549,0
2025-02-27,0.8721709162855414,4.314129315484256,-0.025506044310575862,2.3577311297646806,-2.3832371740752563,-2.119007055158751,-0.05328124788572364,-4.184732862431779,0
2025-02-28,0.8811124353457133,3.985908622838871,0.3378357767759076,1.4227918885898354,-1.084956111813928,-2.1118512427522504,-0.03466172772523013,-4.189040757779271,0
2025-03-03,0.8730280809492218,3.7562733727169264,0.027883563701929088,0.7732839251463407,-0.7454003614444116,-2.0981104350536226,0.004416824696185984,-4.200637694803431,0
2025-03-04,0.863100235426733,3.715570971763048,-0.35012739411855015,0.6365835214722997,-0.9867109155908498,-2.088306000261912,0.029574786352833282,-4.206186786876657,0
2025-03-05,0.8609044848499081,3.8556175817028886,-0.41813271162308857,0.9904566501930944,-1.4085893618161829,-2.086249354547703,0.034067250500359414,-4.206565959595766,0
2025-03-06,0.8841594795953713,4.200314346105903,0.5368163726237117,1.8589049715280181,-1.3220885989043065,-2.082897306877239,0.04167176645574511,-4.2074663802102235,0
2025-03-07,0.8929777078477534,4.064820334941196,0.8961057044373204,1.4409657365757607,-0.5448600321384403,-2.068762030759027,0.08555625753567142,-4.223080319053725,0
2025-03-10,0.8940931961087073,4.2219933878922555,0.9332915019426112,1.7890031561034487,-0.8557116541608375,-2.056691691059881,0.11679776848907508,-4.230181150608837,0
2025-03-11,0.9092286105125963,4.292450273697903,1.5171519113777574,1.8958019114150029,-0.37865000003724547,-2.0411061259613126,0.1671859466999246,-4.24939819862255,0
2025-03-12,0.9056473060958498,4.1948945856593145,1.350274020916096,1.5884674856039984,-0.23819346468790248,-2.0252353655029793,0.22128233903309402,-4.271753070039052,0
2025-03-13,0.9028233594983825,4.0214080537640235,1.2474245477824264,1.0989188462611443,0.14850570152128206,-2.00764780468583,0.29042055569102354,-4.305716165062684,0
2025-03-14,0.955803180902841,4.108178418513902,3.079283371695099,1.2991097518335535,1.7801736198615454,-1.9603896631477982,0.5262273498977432,-4.44700667619334,1
2025-03-17,0.9615861068872593,4.0740339277003965,3.070003770808813,1.1681223699641616,1.9018814008446514,-1.9116261858653838,0.7577309994040029,-4.580983371134771,1
2025-03-18,0.9534489135731438,4.064820334941196,2.5963926197480047,1.1097138238927649,1.4866787958552399,-1.8636233862500327,0.9436601726904905,-4.670906945190556,1
2025-03-19,0.9603238438551275,3.814969378353477,2.627955146697693,0.38871582807129407,2.239239318626399,-1.8034352515381094,1.1950602416197644,-4.801930744695984,1
2025-03-20,0.9417069318788932,3.813506043032898,1.9935561868033533,0.35864128880471574,1.6349148979986377,-1.7594688419920703,1.3616192832978626,-4.880556967282003,1
2025-03-21,0.9239471845663393,3.712806893935288,1.4550737696104714,0.048520107406016935,1.4065536622044545,-1.7147842132387818,1.509606861704049,-4.9391752881816124,0
2025-03-24,0.9293778510999302,3.7080917023467563,1.5893057007283387,0.02203285091214002,1.5672728498161987,-1.6605593997931996,1.6733542184771921,-4.994473018063591,0
2025-03-25,0.9249746079645862,3.4813831228659695,1.4205445574978086,-0.6348849930741657,2.0554295505719744,-1.5851206078144238,1.8765966089609758,-5.046837824589823,1
2025-03-26,0.9252681575069425,3.484905967156252,1.394987998236757,-0.6224566605645275,2.0174446588012844,-1.5140568678748845,2.065495507957206,-5.093609243706975,0
2025-03-27,0.9329004456082053,3.4591621050349577,1.5748968778789791,-0.6903458363203172,2.2652427141992963,-1.4402729427720797,2.2652568582240225,-5.145802743768182,0
2025-03-28,0.9306753400771448,3.3981898000108397,1.4724272190885783,-0.8547201325714007,2.327147351659979,-1.3613208546366373,2.4602118113733997,-5.182853520646675,0
2025-03-31,0.9164616712362545,3.3765107582244864,1.057664328790829,-0.9056542454752802,1.963318574266109,-1.2898124574745986,2.6178000783627917,-5.197424993311989,0
2025-04-01,0.9135379177943862,3.4303831770635744,0.9636526356949741,-0.7424762765337006,1.7061289122286747,-1.2236495753511174,2.7507502167983584,-5.198049367500593,0
2025-04-02,0.9094282242013985,3.4109262370603224,0.8399778796547456,-0.7803909033530085,1.6203687830077542,-1.152679061231961,2.870769807733346,-5.176127930197268,0
2025-04-03,0.9210880120237893,3.4578071649233104,1.1377067209820457,-0.6390039087542534,1.7767106297362991,-1.0834330904603755,2.996839187048497,-5.163705367969248,0
2025-04-07,0.8806486270687904,3.0630318139938213,0.032443573265094276,-1.7078798583094608,1.740323431574555,-1.000454165448541,3.1039767498469772,-5.10488508074406,0
2025-04-08,0.9070680858808541,3.0673676223510924,0.7313730896737651,-1.6524015716089329,2.3837746612826978,-0.9050711326522832,3.244023699506224,-5.054165964810791,0
2025-04-09,0.9047431735053925,3.3368923093599268,0.6440235962888559,-0.8984596280822257,1.5424832243710815,-0.8048313302948433,3.2838998550891283,-4.8935625156788145,0
2025-04-10,0.9094164822197043,3.2675193756435967,0.7449715043898639,-1.0528834086954,1.797854913085264,-0.6932845016356219,3.305738377751755,-4.6923073810229985,0
2025-04-11,0.9211467219322605,3.333044279442849,1.0309721791318955,-0.8467107904236161,1.8776829695555115,-0.5850175641012348,3.3326544865301706,-4.50268961473264,0
2025-04-14,0.9111719084829947,3.4561812367893343,0.7320418593257978,-0.49494137606326777,1.2269832353890655,-0.49423986325284974,3.3321929570913325,-4.3206726835970315,0
2025-04-15,0.914700373982117,3.3596011056311315,0.8006482557475986,-0.7313918456825567,1.5320401014301552,-0.3953639552805826,3.325613391323037,-4.116341301884202,0
2025-04-16,0.9153872799112307,3.5011652484960165,0.7917377659060583,-0.3297775192818708,1.121515285187929,-0.3119541617759091,3.314156884264913,-3.9380652078167313,0
2025-04-17,0.9217455629986673,3.6691778223402527,0.9374071149056379,0.1330406477827918,0.8043664671228461,-0.2511756841933824,3.324303103018791,-3.8266544714055555,0
2025-04-18,0.9193619407147344,3.6287464094087043,0.8440738672671185,0.02915117681925257,0.8149226904478659,-0.19109469602801266,3.3316102688738884,-3.7137996609299138,0
2025-04-21,0.9105906803891293,3.7667335103788413,0.578774251140445,0.38518633100453653,0.19358792013590848,-0.15056303293231085,3.332059251162581,-3.6331853170272024,0
2025-04-22,0.9092990624027617,3.76662511516991,0.5206353119604173,0.3630024765377749,0.15763283542264245,-0.11565314859339389,3.335982208112125,-3.567288505298913,0
2025-04-23,0.9111777794738418,3.7136740556067425,0.5527984512106726,0.19941506799627118,0.35338338321440144,-0.08149949628195734,3.347008928280342,-3.5100079208442567,0
2025-04-24,0.9113245542450199,3.7502574386212135,0.5357188771558403,0.2861139602523111,0.2496049169035292,-0.04657615908379411,3.3513803033897185,-3.4445326215573067,0
2025-04-25,0.9100035813044167,3.7394179177280367,0.4747920511465192,0.24356190590993637,0.2312301452365828,-0.0009194012041817014,3.3355531935259974,-3.3373919959343605,0
2025-04-28,0.9100035813044167,3.852365725434936,0.45099237400314107,0.5408367334291506,-0.08984435942600955,0.033555383838286476,3.3217458448046204,-3.254635077128048,0
2025-04-29,0.9064809867961416,3.8209311148447243,0.32510133971964983,0.431164086056654,-0.10606274633700419,0.06714584493483665,3.3066003939360082,-3.1723087040663347,0
2025-04-30,0.9082422840502792,3.8133434502195005,0.3515823026028808,0.38404643459015825,-0.032464131987277434,0.09317757809351236,3.3032898270507007,-3.116934670863676,0
2025-05-06,0.9101210011213593,3.83296298303615,0.3800924535544436,0.41564016255584707,-0.03554770900140347,0.12765470690125164,3.285781100404039,-3.030471686601536,0
2025-05-07,0.9129390767279794,3.907809874803534,0.44143574167094535,0.613334054328975,-0.17189831265802968,0.15271421727279186,3.2763126699581187,-2.970884235412535,0
2025-05-08,0.9265539045024629,3.811338138854263,0.8567001597262779,0.2941701583110695,0.5625300014152084,0.18831354433092592,3.2804153502553923,-2.90378826159354,0
2025-05-09,0.9341803216128787,3.7938323126117828,1.084748117540761,0.22673031868758,0.858017798853181,0.24035990455114215,3.2689750282718966,-2.788255219169612,0
2025-05-12,0.9420004814212495,3.6605062056257114,1.3348060891850124,-0.19136671148527476,1.5261728006702873,0.3100827463814825,3.258915486679942,-2.6387499939169774,0
2025-05-13,0.9336636744183315,3.6761693133163513,1.0175214399564532,-0.14908708567702203,1.1666085256334753,0.3621741733353984,3.257909915793411,-2.533561569122614,0
2025-05-14,0.9599011325141344,3.707061947861905,1.890893352767064,-0.06585399232768528,1.9567473450947492,0.4152469042353784,3.3091819682292396,-2.478688159758483,0
2025-05-15,0.9581515772416911,3.6691778223402527,1.7585688017366514,-0.20142791106631017,1.9599967128029616,0.46139861771942275,3.364215486274078,-2.4414182508352327,0
2025-05-16,0.9476542456070312,3.6203999783209584,1.3441944240298374,-0.3587097069844186,1.702904131014256,0.5115215323403972,3.3940922197549717,-2.3710491550741772,0
2025-05-19,0.9270177127793858,3.6417538344805163,0.5797305910768659,-0.3060775876975885,0.8858081787744544,0.538334831330271,3.4040744584994522,-2.32740479583891,0
2025-05-20,0.9311391483540677,3.6474987805539,0.7036763806954478,-0.3044380875799513,1.008114468275399,0.5597317643263647,3.4199131770105056,-2.3004496483577763,0
2025-05-21,0.9281860399579638,3.61221614004661,0.5693040293310471,-0.4380666002666067,1.0073706295976539,0.5848024734407038,3.433657885112423,-2.2640529382310155,0
2025-05-22,0.9276165538457926,3.5860386970895886,0.5227287156515049,-0.5025225286753524,1.0252512443268573,0.6360307139709982,3.4015964054682883,-2.129534977526292,0
2025-05-23,0.9232720206189198,3.569454230123029,0.32921224731197785,-0.5317781774880013,0.8609904247999791,0.6952311934574886,3.3195522783164053,-1.9290898914014283,0
2025-05-26,0.910297130846773,3.528264050728958,-0.23163420314833333,-0.6454761346627088,0.4138419315143755,0.7567316891572892,3.1666578348867573,-1.6531944565721788,0
2025-05-27,0.9064222768876704,3.327732914205192,-0.4497996853982812,-1.3115879643392616,0.8617882789409804,0.8222720856532425,3.0126793537253787,-1.3681351824188934,0
2025-05-28,0.9023712932031539,3.3059996748143736,-0.6691048084723787,-1.3644259251016733,0.6953211166292945,0.8735813904983183,2.8963611065285213,-1.1491983255318847,0
2025-05-29,0.9041325904572916,3.321771177713945,-0.619229859178722,-1.2627825294168353,0.6435526702381134,0.9023898701991857,2.8598857732253666,-1.0551060328269952,0
2025-05-30,0.893564806932466,3.2716925911874695,-1.1514024358730028,-1.392087633824055,0.24068519795105225,0.9188246295224435,2.8361911135012474,-0.9985418544563606,0
2025-06-03,0.8859325188312032,3.2294184597040814,-1.591404202478181,-1.4851552809097643,-0.10624892156841659,0.9334989960894841,2.80445687274463,-0.9374588805656617,0
2025-06-04,0.8864961339525272,3.292504471302369,-1.6648218600249,-1.2212607241564997,-0.4435611358684004,0.9495827998552804,2.754050423215502,-0.8548848235049415,0
2025-06-05,0.8888680142547658,3.3594927104221997,-1.5570886034767595,-0.9644155888633636,-0.5926730146133958,0.9617397262601289,2.7129953495518193,-0.7895158970315616,0
2025-06-06,0.8844001902201035,3.3060538724188393,-1.7613439372840274,-1.1202759729035645,-0.6410679643804629,0.9601362607227618,2.7171698780313625,-0.7968973565858387,0
2025-06-09,0.8724938207821333,3.3238306866836487,-2.278626536321947,-1.0362324006790826,-1.2423941356428643,0.9536915526980613,2.740404463793078,-0.8330213583969556,-1
2025-06-10,0.8659770209418244,3.2620996151970085,-2.436356835996922,-1.257490793049815,-1.178866042947107,0.9403546186495636,2.778722632938987,-0.89801339563986,-1
2025-06-11,0.8689066453745399,3.2529402200422743,-2.1801667909768234,-1.277524701670708,-0.9026420893061153,0.9292804749059268,2.804169998099385,-0.9456090482875313,0
2025-06-12,0.8565775645955768,3.27787111809658,-2.556655216637304,-1.1475452742972532,-1.409109942340051,0.9033202141749046,2.863385632836618,-1.0567452044868084,-1
2025-06-13,0.8377610389305403,3.278413094141239,-3.0771452529938554,-1.1270560666572462,-1.9500891863366092,0.8411491674049353,2.921053688333137,-1.238755353523266,-1
2025-06-16,0.83502515719578,3.238577854858815,-2.953549343243829,-1.275941056928918,-1.677608286314911,0.7814910059522759,2.9414342256164576,-1.3784522137119057,-1
2025-06-17,0.8377903938847759,3.10714866402905,-2.657509129928438,-1.8166391093945753,-0.8408700205338626,0.7426985256791243,2.934493024493623,-1.4490959731353745,0
2025-06-18,0.836616195715351,3.1646523223673513,-2.549067251359878,-1.5055465938831039,-1.0435206574767744,0.687985859410738,2.8916775565800505,-1.5157058377585746,0
2025-06-19,0.8372032948000634,3.1547341607500954,-2.372816682916326,-1.4961876803270946,-0.8766290025892314,0.6461267944009402,2.8719537228367407,-1.57970013403486,0
2025-06-20,0.8387649783653988,3.110779903528264,-2.1822167721986476,-1.6218864204129941,-0.5603303517856535,0.6133453941677717,2.8515168476454353,-1.6248260593098922,0
2025-06-23,0.8336807002917883,3.0784239336621324,-2.2107093704485488,-1.688597033089614,-0.5221123373589347,0.5785223077148528,2.821331484362075,-1.6642868689323698,0
2025-06-24,0.8437788045488438,3.2911495311907215,-1.8023142888940733,-0.7590769698192057,-1.0432373190748676,0.5268778598874055,2.7740480899983493,-1.7202923702235382,0
2025-06-25,0.8429920917753289,3.312069806514552,-1.744591470397431,-0.6551180856147927,-1.0894733847826383,0.47509589249434014,2.7257317615281034,-1.7755399765394229,0
2025-06-26,0.8336807002917883,3.3087637526421334,-1.92782951926983,-0.6560740175060495,-1.2717555017637805,0.41614592222828883,2.6613282594942698,-1.8290364150376919,0
2025-06-27,0.8237528547692994,3.173269741477427,-2.10009313620396,-1.1996793917527437,-0.9004137444512161,0.36235323729310226,2.5757213846512443,-1.85101491006504,0
2025-06-30,0.8275279018840009,3.259985908622839,-1.893537600731314,-0.8246338783856804,-1.0689037223456337,0.3118161990162399,2.5149325686427715,-1.8913001706102919,0
2025-07-01,0.8249329239295715,3.051325131429191,-1.869643767906018,-1.62897194829957,-0.24067181960644812,0.2793695201523212,2.456140001385886,-1.8974009610812437,0
2025-07-02,0.8275748698107779,2.9543114194352613,-1.7186502726280064,-1.9282920768809833,0.20964180425297685,0.25585740383974154,2.403994590415086,-1.8922797827356033,0
2025-07-03,0.8310974643190531,2.966234892417755,-1.5602744707652032,-1.7969393326532144,0.23666486188801117,0.2301899743756034,2.3408830414479045,-1.8805030926966975,0
2025-07-04,0.8349840602598501,2.9671562516936754,-1.4158511366123199,-1.7697051756187834,0.3538540390064635,0.2070821511661352,2.280552565511308,-1.8663882631790376,0
2025-07-07,0.8282206788039618,2.934149910573953,-1.5253118320663428,-1.860450294231634,0.3351384621652913,0.17293821451417843,2.16653530636299,-1.8206588773346333,0
2025-07-08,0.8313968848522565,2.9416833775947104,-1.393392316994093,-1.7606510154039676,0.3672586984098747,0.1533511390814917,2.1150508661559795,-1.808348587992996,0
2025-07-09,0.8330231493169103,2.89957183892472,-1.3056589052596317,-1.8407723555686162,0.5351134503089845,0.13230544803522032,2.0488117214422426,-1.7842008253718018,0
2025-07-10,0.8374968443424197,2.8372445937889545,-1.1566960589699986,-1.9650347434276818,0.8083386844576832,0.11448304328358987,1.9842843618973995,-1.7553182753302197,0
2025-07-11,0.8377903938847759,3.002438892200965,-1.1118048477748235,-1.351903205702925,0.24009835792810152,0.09803496199257379,1.945253769119964,-1.7491838451348165,0
2025-07-14,0.8357942569967534,3.0624898379491623,-1.1210016160659784,-1.1206742932825984,-0.00032732278337999077,0.0724955049223482,1.8810322120059024,-1.7360412021612062,0
2025-07-15,0.8283968085293755,2.9976695030079674,-1.2518764132591327,-1.2912109840607444,0.039334570801611735,0.05445915968257626,1.841901468738543,-1.7329831493733905,0
2025-07-16,0.8284144215019169,3.1444908135060436,-1.2088177010088212,-0.7810111185967332,-0.427806582412088,0.03392294219032735,1.8146184399751928,-1.7467725555945381,0
2025-07-17,0.8315377886325875,3.1564684840930033,-1.097752305701513,-0.7165226714624823,-0.3812296342390308,0.013987070112212409,1.7858762742605718,-1.757902134036147,0
2025-07-18,0.8436613847319012,3.1576608313912526,-0.787396571333249,-0.6863539520761782,-0.10104261925707081,0.009076561122329423,1.7805740798261414,-1.7624209575814827,0
2025-07-21,0.8471839792401764,3.1543005799143677,-0.6812944926374099,-0.6714898705428022,-0.009804622094607751,0.006285936830375251,1.7773589869239101,-1.7647871132631598,0
2025-07-22,0.8600884171221578,3.2189583220421656,-0.3607560472911594,-0.4301964991492352,0.06944045185807579,0.0015535546411031573,1.7703698671350352,-1.7672627578528288,0
2025-07-23,0.8662646994933335,3.2277925315701044,-0.19889097774434247,-0.3761042365186275,0.17721325877428504,0.00034702700561575436,1.7685737348826636,-1.7678796808714319,0
2025-07-24,0.875658284848734,3.253102812855672,0.0372485175022578,-0.2645467095379801,0.30179522704023787,0.0015231117023433388,1.770468214311074,-1.7674219909063873,0
2025-07-25,0.8542291682567267,3.649124708687876,-0.4530286891770717,1.1652261306391234,-1.618254819816195,-0.02395039597082642,1.793695847019787,-1.84159663896144,0
2025-07-28,0.844635969212524,3.680017343233429,-0.6590350831577821,1.3018736774235682,-1.9609087605813502,-0.05486449620823219,1.8303020949331725,-1.9400310873496367,-1
2025-07-29,0.8448355829013263,3.852257330226004,-0.6308476452146663,1.9179871466919483,-2.5488347919066143,-0.0968040072068878,1.8952681373716895,-2.088876151785465,-1
2025-07-30,0.8509648973457251,3.7109099777789827,-0.46247345430127923,1.4306888840765275,-1.8931623383778067,-0.12776425102982786,1.9174670325443521,-2.172995534604008,0
2025-07-31,0.8346611557632583,3.845320036854371,-0.8279569576518385,1.9431747717509003,-2.7711317294027387,-0.17108480797557302,1.9850521310092368,-2.327221746960383,-1
2025-08-01,0.8319194030376507,3.7347569237439706,-0.865443334494133,1.5514996202175029,-2.4169429547116357,-0.22074269057768706,2.0028503656912533,-2.4443357468466274,0
2025-08-04,0.8330936012070758,3.734540133326107,-0.8098730258541439,1.5641549155838872,-2.374027941438031,-0.27461011958254056,1.9987165827904432,-2.547936821955524,0
2025-08-05,0.8382248472074633,3.7667335103788413,-0.6571530039458918,1.661754228312137,-2.3189072322580286,-0.33869478679801257,1.9448963747257124,-2.6222859483217373,0
2025-08-06,0.8359586447404729,3.7631564684840932,-0.6902268017576666,1.629880206903939,-2.320107008661606,-0.3968067123695972,1.9083175472834784,-2.701930972022673,0
2025-08-07,0.8350603831408626,3.8100915939515474,-0.697342663363928,1.7782031691182751,-2.475545832482203,-0.47067826532921314,1.8116055681071956,-2.752962098765622,0
2025-08-08,0.8342501864039594,3.754810037396347,-0.7065562414373204,1.5596699776991207,-2.266226219136441,-0.5411153141948698,1.6964411088083824,-2.7786717371981218,0
2025-08-11,0.8483581774096014,3.8339385399165358,-0.2539292356120462,1.799350275106147,-2.0532795107181934,-0.6037183748904106,1.5881631819674205,-2.7955999317482414,0
2025-08-12,0.8436848686952897,4.600726247899843,-0.3742010824409617,3.8847748758105505,-4.258975958251512,-0.6894647771741768,1.6620966531106691,-3.0410262074590224,-1
2025-08-13,0.8337100552460238,4.660993984065905,-0.6870997583735304,3.5757330971088406,-4.262832855482371,-0.7773138992368062,1.7063860901462995,-3.261013888619912,-1
2025-08-14,0.8377845228939288,5.1433526638122595,-0.5225422178128374,4.0921862394710455,-4.614728457283883,-0.8710155506848319,1.7587120862196612,-3.500743187589325,-1
2025-08-15,0.8349018663879902,5.006232724513577,-0.6138587878115449,3.3460834924784564,-3.9599422802900013,-0.9541021094284462,1.7459868132979395,-3.6541910321548317,-1
2025-08-18,0.8386710425118448,5.148772424258848,-0.44007693393085295,3.249695543821349,-3.689772477752202,-1.029948157804316,1.717978726536781,-3.777875042145413,0
2025-08-19,0.8442484838166138,5.061947861904504,-0.16259129823735338,2.8212379536211847,-2.983829251858538,-1.086576010860531,1.6802918330433172,-3.853443854764379,0
2025-08-20,0.851293672833164,5.490217332393908,0.21689975737051748,3.191078531400844,-2.9741787740303263,-1.1505087950767192,1.610492648147529,-3.9115102383009672,0
2025-08-21,0.8502662494349171,5.614871822665439,0.2237911238360271,3.0525277517540546,-2.8287366279180275,-1.209243090819175,1.54194808227716,-3.96043426391551,0
2025-08-22,0.8594837050649039,6.737846187198526,0.8103729663247485,3.951328645212679,-3.1409556788879307,-1.2723182299712756,1.4796115440401385,-4.02424800398269,0
2025-08-25,0.8749713789196203,7.505988835293481,1.7832801929013935,4.08179197301589,-2.2985117801144965,-1.3146381796057014,1.4206914784287497,-4.0499678376401524,0
2025-08-26,0.869851874900927,7.202861633515799,1.545059907995802,3.325356884711699,-1.7802969767158972,-1.342538980524826,1.376756095405422,-4.061834056455075,0
2025-08-27,0.850119474663739,7.4364533087637525,0.39355896298677073,3.1714223525915273,-2.7778633896047564,-1.3814440180870986,1.3522878088587609,-4.115175845032958,0
2025-08-28,0.8490039864027852,8.606091810741965,0.3937054948514421,3.623941707458376,-3.230236212606934,-1.4254034047203243,1.34135999008294,-4.192166799523589,0
2025-08-29,0.8689066453745399,8.088938268928514,1.8969888991747808,2.927509261749932,-1.0305203625751513,-1.4318942780235693,1.3292056375341543,-4.192994193581293,0
2025-09-01,0.866616958944161,7.849926833233972,1.760906599190767,2.552454210118557,-0.7915476109277901,-1.424380169278318,1.341267685185185,-4.190028023741821,0
2025-09-02,0.8755408650317914,8.021245460950626,2.3576600652712236,2.4777669660829305,-0.12010690081170683,-1.4067341835760614,1.3787254904281425,-4.192193857580265,0
2025-09-03,0.8692295498711318,7.614763427456507,1.8955492809310908,2.095034257407619,-0.19948497647652808,-1.3950148983622348,1.404951068058771,-4.194980864783241,0
2025-09-04,0.86459733809275,6.51455205679909,1.5292464518381725,1.3693747864375518,0.1598716654006207,-1.3688652048998904,1.4597253168524973,-4.197455726652278,0
2025-09-05,0.8706679426286774,6.945206221884993,1.870368344671039,1.5633022925363484,0.3070660521346906,-1.3312459509253685,1.5257958494820152,-4.188287751332752,0
2025-09-08,0.8813707589429869,6.572977074413311,2.4375157786188257,1.2950833533503137,1.142432425268512,-1.2842452723989781,1.641574558139191,-4.210065102937147,0
2025-09-09,0.8835841224923531,6.655845211641646,2.408202772177466,1.2959865740907524,1.1122161980867138,-1.2516938354219684,1.7369750479617339,-4.24036271880567,0
2025-09-10,0.8935706779233131,6.899355048506856,2.780585818963652,1.3842580729054803,1.3963277460581716,-1.2110296953630528,1.8545645913775828,-4.276623982103688,0
2025-09-11,0.8944454555595348,7.517207739417918,2.6139402202488426,1.6642553315893946,0.949684888659448,-1.1805911305089083,1.9343790785298554,-4.295561339547672,0
2025-09-12,0.8900422124241909,8.064603544523333,2.2252148384842028,1.8770590471377822,0.3481557913464206,-1.1654496947900403,1.9705460152782304,-4.3014454048583115,0
2025-09-15,0.8895138232479495,7.804455043087096,2.0769424805628622,1.6610827397151835,0.41585974084767874,-1.14981682681993,2.008496523873351,-4.3081301775132115,0
2025-09-16,0.8806368850870961,7.804997019131754,1.5563564261730476,1.5931573755736836,-0.03680094940063605,-1.1330428873253595,2.0382368710459042,-4.304322645696623,0
2025-09-17,0.8765389334758027,7.815294563980273,1.3035682901853043,1.5350672190575305,-0.23149892887222623,-1.118743313060186,2.061061502390794,-4.298548128511166,0
2025-09-18,0.861837972394601,7.701425396997453,0.5517418331665904,1.4204742777669908,-0.8687324446004003,-1.112026262107463,2.0681664180953923,-4.292218942310319,0
2025-09-19,0.8618438433854482,7.312557584954745,0.5274501300368659,1.1788869647745734,-0.6514368347377075,-1.1078766469455712,2.0740884796043177,-4.28984177349546,0
2025-09-22,0.853260454766951,7.576825104330389,0.07309326430711088,1.268445301625915,-1.195352037318804,-1.1099841188617907,2.072043505163082,-4.292011742886663,0
2025-09-23,0.8497789571946058,7.318736111863856,-0.1283008995981393,1.0995826042640422,-1.2278835038621816,-1.1264376469327195,2.047504192772733,-4.300379486638172,0
2025-09-24,0.8465968801554639,7.44675085361227,-0.31451667483606166,1.126412592622885,-1.4409292674589467,-1.153947164794585,2.0014465557530654,-4.309340885342236,0
2025-09-25,0.8448355829013263,7.515527613679476,-0.42349079447827315,1.1234372788197031,-1.5469280732979762,-1.1836737137143514,1.9519729253537172,-4.3193203527824195,0
2025-09-26,0.8424871865624761,7.257059237981681,-0.5579915215361364,0.959827901966415,-1.5178194235025515,-1.214868271422835,1.8956976856300827,-4.3254342284757525,0
2025-09-29,0.857669568893142,7.173052951059564,0.23141255971507665,0.8868436580609966,-0.65543109834592,-1.2313777640980217,1.8561531866000902,-4.318908714796134,0
2025-09-30,0.8477652073340418,7.181182591729446,-0.3249259873539027,0.8616291208997959,-1.1865551082536987,-1.2572746608757481,1.8016453912192563,-4.316194712970752,0
2025-10-09,0.8435322229332645,7.2234025256083685,-0.5718437410391106,0.8544976777816229,-1.4263414188207335,-1.2899655753612433,1.7327443658074213,-4.312675516529908,0
2025-10-10,0.8395516911389135,6.758874857731288,-0.7955390612705541,0.5860501503862623,-1.3815892116568165,-1.3264643736298183,1.6456434940996796,-4.298572241359317,0
2025-10-13,0.8332110210240182,6.840333857243509,-1.1381290825595283,0.6039117286598416,-1.7420408112193697,-1.3595000264489427,1.585718737134067,-4.304718790031952,0
2025-10-14,0.8518925138995709,6.48203349411956,-0.12197705734335519,0.3864563556897823,-0.5084334130331375,-1.367968461286439,1.5642463684949017,-4.300183291067779,0
2025-10-15,0.8583388618497144,6.73134247466262,0.213076586499497,0.49801834835338393,-0.2849417618538869,-1.3733730668306972,1.549470667892314,-4.296216801553708,0
2025-10-16,0.8717893018804784,6.904774808953444,0.9456163483566451,0.5694996778170888,0.37611667053955633,-1.35997434594817,1.5877662471412632,-4.307714939037603,0
2025-10-17,0.8542291682567267,6.762126713999242,-0.08470032131364104,0.46333775622134615,-0.5480380775349872,-1.362754486669769,1.5815437774389063,-4.307052750778444,0
2025-10-20,0.8559493685749344,6.943363503333153,0.003660697499520145,0.5428792308401634,-0.5392185333406433,-1.3700574185711618,1.5636653348968652,-4.303780172039189,0
2025-10-21,0.8584915076117396,7.419435260961466,0.1417540570606294,0.7980605055163905,-0.6563064484557611,-1.3808324490105146,1.5372751606134918,-4.298940058634521,0
2025-10-22,0.8564014348701631,7.747547558397919,0.02274951391238976,0.968174327377382,-0.9454248134649922,-1.3977468700992324,1.497843755270433,-4.293337495468897,0
2025-10-23,0.8618497143762953,7.581702888732319,0.3475845409084146,0.8407277662704087,-0.49314322536199406,-1.4089194781681702,1.4670579797803687,-4.284896936116709,0
2025-10-24,0.851293672833164,8.265134681047098,-0.25222505219828223,1.2399387616585233,-1.4921638138568056,-1.4388187955164542,1.4018976354947281,-4.279535226527637,0
2025-10-27,0.845663392610771,8.29591892038372,-0.57698870370665,1.2257526903724496,-1.8027413940790997,-1.4418935717541694,1.4000120347710558,-4.283799178279395,0
2025-10-28,0.8483581774096014,8.013549401116471,-0.42167142201497115,1.0146661411809395,-1.4363375631959105,-1.433150718464412,1.4054855395797266,-4.271786976508551,0
2025-10-29,0.8406671793998673,7.91827001246545,-0.8718654193742055,0.9245389631149936,-1.796404382489199,-1.4206102116407886,1.4045928204499034,-4.24581324373148,0
2025-10-30,0.8376377481227507,7.706899355048507,-1.0292643958887302,0.7578879092260438,-1.787152305114774,-1.4188433777530713,1.405289905659596,-4.242976661165739,0
2025-10-31,0.8395575621297606,7.452170614058859,-0.9261085533130442,0.5564190076839367,-1.482527560996981,-1.3973666416129755,1.4044450811417137,-4.199178364367665,0
2025-11-03,0.8424871865624761,7.298249417375752,-0.7723318584620449,0.4198759050052434,-1.1922077634672883,-1.3769543884255695,1.4124596368660618,-4.166368413717201,0
2025-11-04,0.838964592054201,7.260311094249634,-0.995438376122063,0.3636426473847983,-1.3590810235068613,-1.36003860646005,1.417062022595891,-4.137139235515991,0
2025-11-05,0.8337276682185653,7.305837082000976,-1.2988987096166382,0.37071016011706365,-1.669608869733702,-1.3492169670846446,1.4177262133602517,-4.116160147529541,0
2025-11-06,0.8425635094434889,8.021245460950626,-0.7820597522780798,0.9390848826536797,-1.7211446349317594,-1.3392342608558139,1.4177642085936417,-4.096232730305269,0
2025-11-07,0.8415067310910062,7.763806839737684,-0.8580638626827974,0.7046038854980393,-1.5626677481808366,-1.3240196261174577,1.4175026245011666,-4.0655418767360825,0
2025-11-10,0.8585149915751281,7.541596661427565,0.15074404745275674,0.4822937792251014,-0.3315497317723447,-1.291775017994723,1.4501782390209663,-4.033728275010413,0
2025-11-11,0.8565716936047297,7.2082813939623875,0.022826700052347496,0.11076977501717579,-0.0879430749648283,-1.2590194107321666,1.492867270334975,-4.010906091799308,0
2025-11-12,0.8601882239665589,7.402200422741315,0.22985129991396233,0.28742405166462,-0.05757275175065765,-1.1889960239571524,1.464425468058798,-3.8424175159731027,0
2025-11-13,0.8632587521796055,7.505826242480083,0.395806583642596,0.37931999814276085,0.01648658549983517,-1.1176740332741157,1.4274979156888479,-3.662845982237079,0
2025-11-14,0.8551685267922667,7.181236789333912,-0.1331863384277441,-0.06839166258916929,-0.06479467583857482,-1.0418418035833605,1.3457413635915056,-3.4294249707582267,0
2025-11-17,0.8636227536121271,7.062489837949163,0.3813004756355524,-0.29146094519462973,0.6727614208301822,-0.9646300752313574,1.3371749220743103,-3.266435072537025,0
2025-11-18,0.8665582490356898,7.190396184488646,0.547214391688573,-0.17202411872322018,0.7192385104117932,-0.8911465587619575,1.337101058416414,-3.119394175940329,0
2025-11-19,0.8636286246029743,7.219120914855564,0.3363152214645902,-0.20563265146938187,0.5419478729339721,-0.8323836066820824,1.3569943487027456,-3.0217615620669105,0
2025-11-20,0.8613389381725953,7.1665492385236576,0.17469252811321642,-0.38032471321997596,0.5550172413331924,-0.7735636730926904,1.3709176321981649,-2.9180449783835454,0
2025-11-21,0.861039517639392,6.769280797788738,0.1434328611088358,-1.290731471717817,1.434164332826653,-0.7025153237469457,1.44745126663019,-2.8524819141240814,0
2025-11-24,0.8524678710025891,6.839629288385454,-0.4154460797806316,-1.1519864695893902,0.7365403898087586,-0.6378903892686675,1.4460118021133792,-2.7217925806507144,0
2025-11-25,0.8481526927299521,6.828898162701209,-0.6751202702373831,-1.1385139366228811,0.46339366638549806,-0.591858631827001,1.464666178670107,-2.6483834423241093,0
2025-11-26,0.8507946386111584,7.125142268711723,-0.4798637313640523,-0.5177641046267872,0.03790037326273493,-0.5615553426606905,1.4772413149523238,-2.6003520002737046,0
2025-11-27,0.8497085053044402,7.1397756219175115,-0.5516988183371275,-0.4761458063854412,-0.07555301195168634,-0.5165168363664726,1.4408884523298195,-2.4739221250627645,0
2025-11-28,0.8515872223755203,7.213701154408976,-0.4299621145756911,-0.2912001550624758,-0.1387619595132153,-0.46499226548157735,1.3601209115412596,-2.290105442504414,0
2025-12-01,0.850119474663739,7.384098422849711,-0.5082428047707447,0.11321925107503099,-0.6214620558457756,-0.4581746270360877,1.361392914468961,-2.2777421685411365,0
2025-12-02,0.8430918986197301,7.20139829819522,-0.9478308421752153,-0.27808928263835136,-0.6697415595368639,-0.45614452617957224,1.3621813904946671,-2.2744704428538114,0
2025-12-03,0.8390233019626722,7.22074684298954,-1.1791565333342224,-0.20795947353709252,-0.9711970597971299,-0.4703293621626627,1.3506099569304937,-2.291268681255819,0
2025-12-04,0.8360173546489441,7.419652051379329,-1.3300063678238006,0.26502910134628777,-1.5950354691700883,-0.49358853704088873,1.3488029237689334,-2.335979997850711,0
2025-12-05,0.8395575621297606,7.343775405127094,-1.061106079660195,0.056516877211413886,-1.117622956871609,-0.5148801140787591,1.3263188632837493,-2.3560790914412673,0
2025-12-08,0.832635663921,7.684136361172836,-1.4582023777250126,0.8499407531321046,-2.3081431308571174,-0.5584669337952893,1.3268718576997922,-2.4438057252903707,0
2025-12-09,0.8225316886730973,7.782776001300743,-2.0276218844432883,1.0609300988514023,-3.088551983294691,-0.628983340604676,1.3132123014343398,-2.5711789826436915,-1
2025-12-10,0.8235825960347328,7.700829223348329,-1.895655499720327,0.8323391288488973,-2.727994628569224,-0.6929868543822749,1.268802596271147,-2.654776305035697,-1
2025-12-11,0.8289780366232409,7.490217332393908,-1.5419900213051168,0.28043976794882647,-1.8224297892539432,-0.7466328133041437,1.1579530134148999,-2.6512186400231874,0
2025-12-12,0.8340623146968514,7.284158040214622,-1.2072245240484367,-0.23471956622658607,-0.9725049578218506,-0.7786693107454986,1.07380114285957,-2.631139764350567,0
2025-12-15,0.8372032948000634,7.218578938810905,-0.9809435049479207,-0.3755880711183519,-0.6053554338295688,-0.7945611644984317,1.0348027122540526,-2.6239250412509163,0
2025-12-16,0.8348548984612133,6.904341228117718,-1.1699477387172281,-1.1584005758746097,-0.011547162842618475,-0.8016846128932701,1.0117658374311018,-2.6151350632176418,0
2025-12-17,0.8413716983015224,7.130236843531516,-0.621123430987712,-0.5434112671554814,-0.07771216383223067,-0.8023664664671298,1.0099445143609556,-2.6146774472952155,0
2025-12-18,0.840138790223626,6.975231694759092,-0.7081383884764613,-0.9220869998600624,0.2139486113836011,-0.7949423407961994,1.030483509293874,-2.620368190886273,0
2025-12-19,0.827809709444663,6.872256246273915,-1.7453062488078264,-1.1560011405126667,-0.5893051082951597,-0.7902852185244454,1.035800499734124,-2.616370936783015,0
2025-12-22,0.8267881570372632,6.9631456289632,-1.7610356953121238,-0.893266995871396,-0.8677686994407278,-0.793890749602829,1.0319340385953666,-2.619715537801025,0
2025-12-23,0.8265533174033781,7.240908351850848,-1.7031213415927824,-0.14748309612776683,-1.5556382454650155,-0.7998955197385994,1.0336535619326854,-2.6334446014098845,0
2025-12-24,0.8224671077737791,7.187686304265352,-1.9491204638560877,-0.28232481222766687,-1.6667956516284208,-0.8072107222013699,1.036756801275132,-2.6511782456778716,0
2025-12-25,0.8302579126279143,7.150886130833018,-1.261934339312127,-0.36667089354543037,-0.8952634457666966,-0.7981162918398325,1.0385051628479989,-2.6347377465276636,0
2025-12-26,0.8302344286645258,7.066771448701968,-1.2277131263924106,-0.5694972691522814,-0.6582158572401292,-0.7833044215722017,1.0430575356631855,-2.6096663788075887,0
2025-12-29,0.8231129167669627,7.362744566690153,-1.731513422090173,0.2087039678527858,-1.9402173899429587,-0.7903443876795417,1.050731792513548,-2.6314205678726315,0
2025-12-30,0.815903340006693,7.67329684027966,-2.1698211688815245,0.9998939605104646,-3.169715129391989,-0.8322491215303096,1.1081138581683438,-2.772612101228963,-1
2025-12-31,0.8085411174843979,7.346756273372717,-2.5297908867492884,0.13607220369527978,-2.665863090444568,-0.8569042545668241,1.1385823509064998,-2.8523908600401477,0
2026-01-05,0.8372032948000634,7.533467020757683,-0.4620561364112595,0.6108243227465413,-1.0728804591578007,-0.8510132385724418,1.1397163778474257,-2.8417428549923094,0
2026-01-06,0.8383833639603356,7.496070673676224,-0.37585200274005187,0.488319436599392,-0.8641714393394438,-0.842389609033819,1.1434674230433564,-2.8282466411109946,0
2026-01-07,0.8356533532164223,7.559915451737035,-0.5755895800180936,0.632635569072088,-1.2082251490901816,-0.8334926813316659,1.1407178114075713,-2.807703174070903,0
2026-01-08,0.8291600373395018,7.826134084873449,-1.0088405175292063,1.3276787940225565,-2.336519311551763,-0.8639607796403096,1.145946149642422,-2.8738677089230413,0
2026-01-09,0.8331523111155469,8.080862825863097,-0.6978632173870226,1.9544709097027806,-2.6523341270898033,-0.9034173190609083,1.152670188084193,-2.9595048262060093,0
2026-01-12,0.8355770303354098,8.183784076743809,-0.49822077352399047,2.1223056822397006,-2.620526455763691,-0.9533613711659624,1.121788705541626,-3.028511447873551,0
2026-01-13,0.8283968085293755,7.631510487236464,-0.9992314223028196,0.6191452647035685,-1.618376687006388,-0.9712003479904857,1.1081740739878478,-3.0505747699688195,0
2026-01-14,0.8207703914189598,7.799685653894097,-1.5070013407160643,1.0445676496455008,-2.551568990361565,-1.0047395222741677,1.1108921218337726,-3.120371166382108,0
2026-01-15,0.8154160477663817,7.6689610319223895,-1.8200947444776803,0.6715061290272412,-2.4916008735049213,-1.0353277626916537,1.1126345690428645,-3.183290094426172,0
2026-01-16,0.8113709350727122,7.718009863964013,-2.0089938396002673,0.8079710656096578,-2.8169649052099253,-1.0665200975540692,1.1299403493065137,-3.262980544414652,0
2026-01-19,0.8078483405644371,7.694217115603491,-2.1507842230973013,0.7354226875069007,-2.886206910604202,-1.106404492308106,1.1341692985936518,-3.3469782832098636,0
2026-01-20,0.8064099478068913,7.278955070185898,-2.1249396040487505,-0.3703471158639782,-1.7545924881847723,-1.1107783035469054,1.1338795439124214,-3.3554361510062325,0
2026-01-21,0.7932060893917067,7.337651075822448,-2.75684440632265,-0.1662582712143937,-2.590586135108256,-1.1239090492307247,1.1462866995178058,-3.394104797979255,0
2026-01-22,0.7867479994598688,7.332935884233917,-2.8790104313243945,-0.15081138435132152,-2.728199046973073,-1.145440073960344,1.1610239979889088,-3.451904145909597,0
2026-01-23,0.7849514762606485,7.235325998590863,-2.735619148088279,-0.4305908251899112,-2.305028322898368,-1.1539171396338304,1.1659788594471847,-3.4738131387148456,0
2026-01-26,0.7878869716842112,7.04568858056474,-2.40223709525691,-1.0041531263629793,-1.3980839688939306,-1.147432667363483,1.1674329267069812,-3.462298261433947,0
2026-01-27,0.7884799417597708,7.0505121673622035,-2.2273351489713473,-0.9602335501018654,-1.2671015988694818,-1.1438422346613577,1.1695769633945985,-3.457261432717314,0
2026-01-28,0.7771371874431249,6.95236030567449,-2.576400910705246,-1.238084166957322,-1.338316743747924,-1.1462773843327019,1.1676564442568973,-3.4602112129223013,0
2026-01-29,0.8440840960728943,6.785594276732969,0.5323937845634493,-1.6948854480256763,2.2272792325891255,-1.0865047133977688,1.3849870687751429,-3.5579964955706807,1
2026-01-30,0.8225258176822503,6.822882228605496,-0.4590932881713451,-1.5245194296300402,1.065426141458695,-1.0409207965445622,1.487066664152894,-3.5689082572420183,0
2026-02-02,0.8377903938847759,6.73134247466262,0.2524190306751869,-1.7547128320631247,2.0071318627383117,-0.9787828549167276,1.6619589770069862,-3.619524686840441,1
2026-02-03,0.8659241820242003,6.113489783751558,1.5110077741959855,-3.2610658277724984,4.772073601968484,-0.8732038324142389,2.1512389049599756,-3.8976465697884537,1
2026-02-04,0.8953261041866036,5.788304156956263,2.6747652880791106,-3.614486801594639,6.28925208967375,-0.7628571353901373,2.7805664381305286,-4.306280708910803,1
2026-02-05,0.9129390767279794,5.735895073437754,3.123237930538704,-3.3162198077518052,6.439457738290509,-0.6540671218358818,3.345140521661087,-4.653274765332851,1
2026-02-06,0.8894609843303254,5.6202373855075605,2.105891200125192,-3.1892235517199823,5.295114751845174,-0.5648556634426178,3.7172786813588328,-4.8469900082440684,1
2026-02-09,0.8953026202232152,5.890195653352122,2.2321806002202482,-2.458684507472929,4.6908651076931775,-0.48694935473939543,4.0032390298540745,-4.977137739332865,1
2026-02-10,0.8834667026754105,5.966614275649017,1.7355710546747294,-2.178194040587821,3.9137650952625505,-0.4206400252210434,4.210212189582714,-5.0514922400248015,0
2026-02-11,0.8831907661055957,5.847379545824075,1.6861100461072254,-2.254987714432756,3.9410977605399813,-0.36616775289254677,4.392139035784836,-5.124474541569929,0
2026-02-12,0.8727814993336425,6.029483496829441,1.303539557905754,-1.844524181965069,3.148063739870823,-0.3256873324015629,4.510863321893416,-5.1622379866965415,0
2026-02-13,0.8720182705235162,6.073817137282533,1.2641419074934812,-1.693404744201332,2.9575466516948135,-0.2854273527555489,4.620223905881378,-5.191078611392475,0
2026-02-24,0.8611569374563345,5.807544306541651,0.879123079984746,-2.0234584643006106,2.902581544285357,-0.24630128103967946,4.7236427089953175,-5.216245271074676,0
2026-02-25,0.875752220702288,5.867703647498781,1.3744283611199868,-1.8496248774813366,3.224053238601323,-0.21646979927676835,4.815604032196416,-5.2485436307499524,0
2026-02-26,0.8608105489963541,6.334616009972359,0.8418696010074489,-1.0981779170552404,1.9400475180626893,-0.19641134713920286,4.860647903821413,-5.2534705980998195,0
2026-02-27,0.854240910238421,6.384477806080971,0.60728798423804,-1.0019522516503256,1.6092402358883655,-0.17731390431415503,4.898500561135042,-5.253128369763352,0
2026-03-02,0.8454872628853571,6.4598124762885485,0.30494984991941826,-0.8640670117514637,1.169016861670882,-0.15846196284068592,4.92899272889849,-5.245916654579863,0
2026-03-03,0.8373148436261588,6.140859574006829,0.026363059008875787,-1.3050331239691653,1.331396182978041,-0.13501280959185713,4.966945547749041,-5.236971166932755,0
2026-03-04,0.8226314955174986,6.054305999674814,-0.47145721862134854,-1.3836107862129405,0.9121535675915919,-0.117497550806777,4.991619111300379,-5.226614212913933,0
2026-03-05,0.8213751034762137,6.330280201615089,-0.49867975031876666,-0.945606681395969,0.4469269310772024,-0.09969106769139403,5.009727939788902,-5.209110075171689,0
2026-03-06,0.8231129167669627,6.259172944555852,-0.4256754681297999,-1.0187650904857288,0.593089622355929,-0.07864388132651416,5.031626977789221,-5.18891474044225,0
2026-03-09,0.8201774213434001,6.102596065253916,-0.5163655849189434,-1.205952068391245,0.6895864834723017,-0.05096415560535697,5.05763187974971,-5.159560190960423,0
2026-03-10,0.8230424648767973,6.217007208281394,-0.40810608303270507,-1.0074813877915834,0.5993753047588783,-0.01439064270654086,5.080641110193692,-5.109422395606774,0
2026-03-11,0.8219387185975378,5.9563167308004985,-0.4357666117033822,-1.3316919947380013,0.895925383034619,0.019168496291896275,5.11116535466793,-5.072828362084138,0
2026-03-12,0.8172419259198375,5.9563167308004985,-0.5887491758966303,-1.2862393211371852,0.6974901452405549,0.06926238422685747,5.1271479816979495,-4.988623213244234,0
2026-03-13,0.8299467501130167,5.940599425505392,-0.15181103968659473,-1.2658339098021152,1.1140228701155204,0.13930529845036102,5.135323518962926,-4.856712922062204,0
2026-03-16,0.8572703415155376,5.907376293967807,0.7760223635129547,-1.2691710997608296,2.0451934632737845,0.21885843331441113,5.181049038482727,-4.743332171853905,0
2026-03-17,0.8718421407981025,5.853287084710856,1.2398313303791892,-1.29830467042469,2.5381360008038794,0.29153452981537487,5.259837326730846,-4.676768267100096,0
2026-03-18,0.8623311356257596,5.777464636063086,0.8923047957793074,-1.3534265085774373,2.245731304356745,0.3451718008516848,5.327431541740353,-4.637087940036983,0
2026-03-19,0.8529786472062889,5.620399978320958,0.5641950465647181,-1.5090616550312774,2.0732567015959953,0.38981533644211086,5.385414393089086,-4.6057837202048635,0
2026-03-20,0.8483581774096014,5.555254457752968,0.3995367871234221,-1.5357675490121176,1.9353043361355398,0.4222628614250802,5.432526364205499,-4.588000641355338,0
2026-03-23,0.8266766082111677,5.2642133217711775,-0.32530754053066563,-1.832626259457621,1.5073187189269555,0.4486800428043999,5.464931053995219,-4.56757096838642,0
2026-03-24,0.8262421548884805,5.574223619316027,-0.33189639525242526,-1.3781080681950268,1.0462116729426016,0.46255109383038323,5.480764162230771,-4.555661974570005,0
2026-03-25,0.8279682261975354,5.6311311040052034,-0.27369721382592566,-1.2619983388098917,0.9883011249839659,0.48884453105170206,5.5011673210743,-4.523478258970895,0
2026-03-26,0.8226314955174986,5.554712481708309,-0.45119084994069697,-1.3110352322889403,0.8598443823482433,0.5176380824148515,5.518094662580935,-4.482818497751231,0
2026-03-27,0.8313440459346324,5.5498346973063795,-0.15999789625566102,-1.2708782528679,1.110880356612239,0.5620800591161392,5.534903183611945,-4.410743065379666,0
2026-03-30,0.8336807002917883,5.470977182808521,-0.08756361246887172,-1.319251471931898,1.2316878594630263,0.6103881176343299,5.551346458199405,-4.330570222930745,0
2026-03-31,0.851293672833164,5.32762451899626,0.4954637307352016,-1.4378619114432938,1.9333256421784955,0.6575312691000831,5.594026979291309,-4.2789644410911425,0
2026-04-01,0.8568358881928504,5.698336133542898,0.6653439425145494,-0.9591259623455023,1.6244699048600517,0.6955760318017528,5.626004118991959,-4.234852055388455,0
2026-04-02,0.8570942117901239,5.414286488537207,0.6538042073747238,-1.2558076981211868,1.9096119054959106,0.7597398533924006,5.650679196424675,-4.131199489639873,0
2026-04-03,0.8571646636802893,5.559048290065579,0.6337917940630374,-1.049698537062228,1.6834903311252654,0.8406266110676881,5.626616981087526,-3.9453637589521495,0
2026-04-07,0.845434423967733,6.064711939732264,0.22047391196484956,-0.41768162597714287,0.6381555379419924,0.8956935882074641,5.592773197047164,-3.801386020632235,0
2026-04-08,0.8601119010855462,6.3086011598287355,0.702228631342372,-0.09746178642845547,0.7996904177708275,0.9269031028229413,5.595574051977623,-3.74176784633174,0
2026-04-09,0.8574523422317984,6.492873015012737,0.59983523265509,0.1537814630044042,0.44605376965068577,0.9487401896394434,5.595538693354061,-3.6980583140751735,0
2026-04-10,0.8536185852086257,6.561703972684408,0.4599428301503459,0.26632677878372996,0.19361605136661597,0.9721042096470568,5.588785982832329,-3.644577563538215,0
2026-04-13,0.8473659799564373,6.610048235867974,0.2397873323806883,0.3652874220882742,-0.1255000897075859,1.0089545300111264,5.552932404304336,-3.5350233442820826,0
2026-04-14,0.8494736656705553,6.731234079453689,0.3014228875445434,0.5809596949463157,-0.27953680740177234,1.0485011520059269,5.503286651818552,-3.4062843478066984,0
2026-04-15,0.8615679068156333,6.904774808953444,0.6907182958080721,0.8980795485339365,-0.20736125272586436,1.0887205720565576,5.451380310987149,-3.2739391668740336,0
2026-04-16,0.8588320250808729,7.083626903690857,0.5813097622621201,1.1983843237968335,-0.6170745615347134,1.1054089408144183,5.433468366880619,-3.2226504852517825,0
2026-04-17,0.8261893159708564,7.22996043574874,-0.514163916431534,1.4707210297471995,-1.9848849461787337,1.1148536748841325,5.412819515173158,-3.183112165404893,0
2026-04-20,0.8283322276300572,7.469513847487941,-0.45178800817166603,1.862684434931439,-2.314472443103105,1.1178058153908295,5.4059271153700355,-3.170315484588377,0
2026-04-21,0.8289897786049352,7.2082813939623875,-0.4428043705440416,1.5089408626956866,-1.9517452332397283,1.1322261432569996,5.372069556133873,-3.1076172696198743,0
2026-04-22,0.8275161599023068,7.246219717088505,-0.5087042525499333,1.619371038128035,-2.1280752906779683,1.1448616702557701,5.340276409322691,-3.05055306881115,0
2026-04-23,0.8330936012070758,7.170343070836269,-0.33708049943844554,1.5059097687738787,-1.8429902682123243,1.1433883739219772,5.343004908770784,-3.0562281609268287,0
2026-04-24,0.8562781440623735,7.3302260040106235,0.4407146968896192,1.768420570584396,-1.3277058736947769,1.1644363782788687,5.300098978636563,-2.9712262220788253,0
2026-04-27,0.8238174356686179,7.353097393095226,-0.7579328157572418,1.8035108346526842,-2.561443650409926,1.1672156348882545,5.29244810991667,-2.9580168401401608,0
2026-04-28,0.8248742140211004,7.449460733835565,-0.7721432606621887,1.9349077561056949,-2.707051016767884,1.160515256657096,5.309924274277956,-2.988893760963765,0
2026-04-29,0.8226256245266514,7.677795241450329,-0.9116323953635361,2.2197646266001874,-3.1313970219637235,1.1316267057725993,5.376532224609965,-3.113278813064767,-1
2026-04-30,0.8130089415190601,9.21337596878218,-1.3471607269586283,3.9603260694995055,-5.307486796458134,1.0642869524794552,5.5833219770760545,-3.4547480721171437,-1
2026-05-06,0.8072612414797246,9.891062815023577,-1.679969838597202,4.089884436565179,-5.769854275162381,0.9904279936225475,5.804428880615923,-3.8235728933708284,-1
2026-05-07,0.8049422000951101,10.124112514226871,-1.706718075633237,3.747269983193716,-5.453988058826953,0.8624068720989463,5.943730266922138,-4.218916522724246,-1
2026-05-08,0.8060811723194524,6.409029320904017,-1.623471186672644,0.010851289891907749,-1.6343224765645517,0.8174110617985587,5.939074675402824,-4.304252551805706,0
2026-05-11,0.7992355969917042,6.503712535905914,-1.8245415793740025,0.11032619680585568,-1.9348677761798583,0.7517110678165893,5.912280783351915,-4.408858647718737,0
2026-05-12,0.7952550651973533,6.925749281881741,-1.8869801073774972,0.5220582257272347,-2.409038333104732,0.6320258688987024,5.7461928053525835,-4.48214106755518,0
2026-05-13,0.7891140087712603,7.13717413690315,-2.052147412837287,0.7118627574675298,-2.764010170304817,0.48113816456572617,5.44845304303661,-4.486176713905158,0
2026-05-14,0.7879867785286123,6.8320416237602295,-2.077960325722403,0.3872240030023393,-2.4651843287247424,0.3327274634488054,5.104128154445749,-4.438673227548137,0
2026-05-15,0.7825737249675628,6.552490379925207,-2.2030719340993934,0.08962843277154896,-2.2927003668709425,0.20626387813687005,4.842966414512411,-4.430438658238671,0
