date,cum_ret_high,cum_ret_low,z_high,z_low,spread,spread_mean,upper_band,lower_band,signal
2023-05-16,1,1,NA,NA,NA,NA,NA,NA,NA
2023-05-17,1.035863556694081,0.9909873823352693,NA,NA,NA,NA,NA,NA,NA
2023-05-18,1.0965349871915868,0.9853795313438815,NA,NA,NA,NA,NA,NA,NA
2023-05-19,1.0907374949440476,0.9887842980172241,NA,NA,NA,NA,NA,NA,NA
2023-05-22,1.0517729540245382,1.0072100941317845,NA,NA,NA,NA,NA,NA,NA
2023-05-23,1.041795874342726,0.9801722411375926,NA,NA,NA,NA,NA,NA,NA
2023-05-24,1.035863556694081,0.9471259763669136,NA,NA,NA,NA,NA,NA,NA
2023-05-25,1.092085748955103,0.9487282195073102,NA,NA,NA,NA,NA,NA,NA
2023-05-26,1.1663745449642713,0.9469256959743642,NA,NA,NA,NA,NA,NA,NA
2023-05-29,1.1644869893487932,0.9435209293010214,NA,NA,NA,NA,NA,NA,NA
2023-05-30,1.225832546851827,0.9353094332064892,NA,NA,NA,NA,NA,NA,NA
2023-05-31,1.2502359444519349,0.9333066292809934,NA,NA,NA,NA,NA,NA,NA
2023-06-01,1.1770257516516112,0.9036651311836571,NA,NA,NA,NA,NA,NA,NA
2023-06-02,1.1217473371983282,0.9210895253354697,NA,NA,NA,NA,NA,NA,NA
2023-06-05,1.1257920992314951,0.9172841978770278,NA,NA,NA,NA,NA,NA,NA
2023-06-06,1.0703788593771066,0.9050670939315041,NA,NA,NA,NA,NA,NA,NA
2023-06-07,1.0769853040312793,0.9180853194472262,NA,NA,NA,NA,NA,NA,NA
2023-06-08,1.041526223540515,0.9339074704586422,NA,NA,NA,NA,NA,NA,NA
2023-06-09,1.0490764460024269,0.9407170038053274,NA,NA,NA,NA,NA,NA,NA
2023-06-12,1.0568963192665497,0.93951532145003,NA,NA,NA,NA,NA,NA,NA
2023-06-13,1.0891195901307806,0.93751251752453435,NA,NA,NA,NA,NA,NA,NA
2023-06-14,1.0985573682081704,0.9401161626276787,NA,NA,NA,NA,NA,NA,NA
2023-06-15,1.0217068895779964,0.9537352293210494,NA,NA,NA,NA,NA,NA,NA
2023-06-16,1.0392341917217203,0.9569397156018427,NA,NA,NA,NA,NA,NA,NA
2023-06-19,1.0787380342456518,0.9579411175645904,NA,NA,NA,NA,NA,NA,NA
2023-06-20,1.132128893083457,0.9457240136190667,NA,NA,NA,NA,NA,NA,NA
2023-06-21,1.0300660644465418,0.9471259763669136,NA,NA,NA,NA,NA,NA,NA
2023-06-26,0.9362275852770662,0.9160825155217305,NA,NA,NA,NA,NA,NA,NA
2023-06-27,0.9265201563974652,0.9293010214300019,NA,NA,NA,NA,NA,NA,NA
2023-06-28,0.943777807738978,0.9284998998598037,NA,NA,NA,NA,NA,NA,NA
2023-06-29,0.91694755291897,0.9096735429601442,NA,NA,NA,NA,NA,NA,NA
2023-06-30,0.9204530133477147,0.9096735429601442,NA,NA,NA,NA,NA,NA,NA
2023-07-03,0.9383847916947552,0.9421189665531744,NA,NA,NA,NA,NA,NA,NA
2023-07-04,0.9592827288661184,0.9481273783296617,NA,NA,NA,NA,NA,NA,NA
2023-07-05,0.9342052042604827,0.9397156018425796,NA,NA,NA,NA,NA,NA,NA
2023-07-06,0.9370365376836995,0.9268976567194072,NA,NA,NA,NA,NA,NA,NA
2023-07-07,0.9040043144128354,0.9313038253554977,NA,NA,NA,NA,NA,NA,NA
2023-07-10,0.9484966967776728,0.9429200881233727,NA,NA,NA,NA,NA,NA,NA
2023-07-11,1.0489416206013211,0.9479270979371119,NA,NA,NA,NA,NA,NA,NA
2023-07-12,1.0103815558851288,0.9413178449829762,NA,NA,NA,NA,NA,NA,NA
2023-07-13,1.0373466361062424,0.9397156018425796,NA,NA,NA,NA,NA,NA,NA
2023-07-14,1.0570311446676555,0.9188864410174244,NA,NA,NA,NA,NA,NA,NA
2023-07-17,1.0260213024133746,0.9216903665131184,NA,NA,NA,NA,NA,NA,NA
2023-07-18,0.9863826344883375,0.9136791508111356,NA,NA,NA,NA,NA,NA,NA
2023-07-19,0.9700687609545638,0.9010614860805127,NA,NA,NA,NA,NA,NA,NA
2023-07-20,0.9239584737764595,0.8878429801722411,NA,NA,NA,NA,NA,NA,NA
2023-07-21,0.8278279627881893,0.8922491488083316,NA,NA,NA,NA,NA,NA,NA
2023-07-24,0.825131454766078,0.8768275585820149,NA,NA,NA,NA,NA,NA,NA
2023-07-25,0.8143454226776324,0.8964550370518726,NA,NA,NA,NA,NA,NA,NA
2023-07-26,0.7974922475394364,0.8816342880032045,NA,NA,NA,NA,NA,NA,NA
2023-07-27,0.7722798975326951,0.8894452233126376,NA,NA,NA,NA,NA,NA,NA
2023-07-28,0.7666172306862613,0.9305027037852994,NA,NA,NA,NA,NA,NA,NA
2023-07-31,0.7697182149116893,0.9493290606849589,NA,NA,NA,NA,NA,NA,NA
2023-08-01,0.7946609141162194,0.9383136390947326,NA,NA,NA,NA,NA,NA,NA
2023-08-02,0.8186598355130106,0.9433206489084719,NA,NA,NA,NA,NA,NA,NA
2023-08-03,0.8533099635971416,0.9469256959743642,NA,NA,NA,NA,NA,NA,NA
2023-08-04,0.8564109478225698,0.9399158822351292,NA,NA,NA,NA,NA,NA,NA
2023-08-07,0.8682755831198599,0.9297015822151011,NA,NA,NA,NA,NA,NA,NA
2023-08-08,0.8674666307132264,0.9240937312237132,NA,NA,NA,NA,NA,NA,NA
2023-08-09,0.8224349467439666,0.925095133186461,-1.3650530289652798,-0.35458916300787635,-1.0104638659574035,NA,NA,NA,NA
2023-08-10,0.7937171363084805,0.9579411175645904,-1.5418619631211736,0.9150109939812465,-2.45687295710242,NA,NA,NA,NA
2023-08-11,0.745179991910476,0.9439214900861206,-1.8425805968517024,0.42490402412851824,-2.2674846209802206,NA,NA,NA,NA
2023-08-14,0.7253606579479573,0.9331063488884439,-1.9022873375616396,0.02882776030897935,-1.9311150978706189,NA,NA,NA,NA
2023-08-15,0.7091816098152892,0.9238934508311637,-1.9270886080662084,-0.32419582440554484,-1.6028927836606637,NA,NA,NA,NA
2023-08-16,0.6876095456383983,0.9198878429801722,-1.9799165160356649,-0.4823471632598645,-1.4975693527758005,NA,NA,NA,NA
2023-08-17,0.6832951328030201,0.923292609653515,-1.910692412661139,-0.2869151383828029,-1.623777274278336,NA,NA,NA,NA
2023-08-18,0.6758797357422138,0.9036651311836571,-1.8673535419573901,-1.241978772495042,-0.6253747694623482,NA,NA,NA,NA
2023-08-21,0.6787110691654308,0.8261566192669738,-1.76646277517337,-4.243183776860025,2.4767210016866557,NA,NA,NA,NA
2023-08-22,0.6983955777268437,0.8027238133386742,-1.5787798289199497,-4.277783397409648,2.6990035684896982,NA,NA,NA,NA
2023-08-23,0.6727787515167857,0.7820949329060685,-1.6886471376801937,-4.140254826653766,2.4516076889735725,NA,NA,NA,NA
2023-08-24,0.6834299582041257,0.7865011015421591,-1.5790082093484439,-3.5003854029597217,1.9213771936112778,NA,NA,NA,NA
2023-08-25,0.6695429418902521,0.7830963348688164,-1.643674563277491,-3.2019484630097126,1.5582738997322216,NA,NA,NA,NA
2023-08-28,0.6845085614129702,0.7750851191668336,-1.5000894983852893,-3.0633074836720047,1.5632179852867154,NA,NA,NA,NA
2023-08-29,0.7148442766617231,0.7967154015621871,-1.2498670639772609,-2.4103499443741105,1.1604828803968497,NA,NA,NA,NA
2023-08-30,0.762302817850883,0.7889044662527539,-0.8872064557260745,-2.400451556183385,1.5132451004573104,NA,NA,NA,NA
2023-08-31,0.7980315491438587,0.7856999799719607,-0.6053169918909577,-2.310519190053914,1.7052021981629566,NA,NA,NA,NA
2023-09-01,0.7996494539571255,0.7909072701782496,-0.568389976017136,-2.0891983871571083,1.5208084111399722,NA,NA,NA,NA
2023-09-04,0.8237832007550222,0.8017224113759264,-0.36777991700676416,-1.8035613501791645,1.4357814331724004,NA,NA,NA,NA
2023-09-05,0.7837400566266685,0.7941117564590426,-0.6411716453771491,-1.8456972098328723,1.2045255644557233,NA,NA,NA,NA
2023-09-06,0.8089524066334097,0.7897055878229521,-0.42631743228231284,-1.830616386204483,1.4042989539221702,NA,NA,NA,NA
2023-09-07,0.7830659296211406,0.7790907270178249,-0.5996719468567244,-1.9092206040129927,1.3095486571562682,NA,NA,NA,NA
2023-09-08,0.7717405959282729,0.7859002603645103,-0.6639416622742814,-1.7183437525061211,1.0544020902318398,NA,NA,NA,NA
2023-09-11,0.786032088445463,0.7881033446825556,-0.523895462767158,-1.6147389864784092,1.0908435237112513,NA,NA,NA,NA
2023-09-12,0.7652689766752055,0.7844982976166633,-0.6679929471986538,-1.6050057645536528,0.9370128173549991,NA,NA,NA,NA
2023-09-13,0.7459889443171093,0.7776887642699779,-0.804709509333978,-1.6421248339165018,0.8374153245825238,NA,NA,NA,NA
2023-09-14,0.7238775785357962,0.7678750250350491,-0.9827108593987846,-1.7154796833754562,0.7327688239766716,NA,NA,NA,NA
2023-09-15,0.7125522448429285,0.7644702583617065,-1.0559821686402862,-1.6921751198904098,0.6361929512501237,NA,NA,NA,NA
2023-09-18,0.7139004988539841,0.7702783897456439,-1.0093938053133207,-1.5416558041823816,0.5322619988690609,NA,NA,NA,NA
2023-09-19,0.7020358635566941,0.764670538754256,-1.0810726022321582,-1.5579193697225528,0.4768467674903947,NA,NA,NA,NA
2023-09-20,0.6928677362815154,0.7572601642299219,-1.126663176501829,-1.5957335921289437,0.4690704156271148,NA,NA,NA,NA
2023-09-21,0.6916543076715652,0.7538553975565793,-1.0999432149457113,-1.5764312044909294,0.4764879895452181,NA,NA,NA,NA
2023-09-22,0.7315626263988135,0.7642699779691567,-0.7106138648055358,-1.3799110680839834,0.6692972032784477,NA,NA,NA,NA
2023-09-25,0.7087771336119725,0.7578610054075706,-0.8887170192942603,-1.413921772057806,0.5252047527635456,NA,NA,NA,NA
2023-09-26,0.7207765943103681,0.7478469857800922,-0.7512897624218453,-1.4923018240756976,0.7410120616538522,NA,NA,NA,NA
2023-09-27,0.7280571659700688,0.7534548367714801,-0.6577871718206576,-1.3669799305329664,0.7091927587123088,NA,NA,NA,NA
2023-09-28,0.7277875151678576,0.7588624073703185,-0.6347656709904842,-1.2501994493148667,0.6154337783243825,NA,NA,NA,NA
2023-10-09,0.7153835782661454,0.7424394151812538,-0.7263523816695002,-1.4143138247153482,0.6879614430458479,NA,NA,NA,NA
2023-10-10,0.7272482135634353,0.7432405367514521,-0.5875370597599242,-1.3558346139305588,0.7682975541706346,NA,NA,NA,NA
2023-10-11,0.7418093568828368,0.7394352092930102,-0.4196746082616416,-1.3590422838242282,0.9393676755625866,NA,NA,NA,NA
2023-10-12,0.7415397060806256,0.7476467053875425,-0.3950052598161734,-1.2112694007198015,0.8162641409036281,NA,NA,NA,NA
2023-10-13,0.7214507213158958,0.7344281994792711,-0.5951395447355503,-1.3386235935270854,0.7434840487915351,NA,NA,NA,NA
2023-10-16,0.6996090063367938,0.7258161425996396,-0.8584135963517607,-1.3993269510325028,0.5409133546807421,NA,NA,NA,NA
2023-10-17,0.7083726574086557,0.7276186661325856,-0.7501031793650922,-1.3285500682014308,0.5784468888363387,NA,NA,NA,NA
2023-10-18,0.7484158015370095,0.7135990386541158,-0.14267697766336018,-1.4546569271573397,1.3119799494939794,NA,NA,NA,NA
2023-10-19,0.7962788189294864,0.704185860204286,0.7110246996231746,-1.514679778176835,2.2257044778000097,NA,NA,NA,NA
2023-10-20,0.7984360253471754,0.6993791307830963,0.8421650156007964,-1.5138643372691614,2.3560293528699576,NA,NA,NA,NA
2023-10-23,0.7974922475394364,0.692569597436411,0.8429879820406799,-1.5361091030179888,2.379097085058669,NA,NA,NA,NA
2023-10-24,0.7706619927194283,0.7059883837372322,0.3667249292691575,-1.3214306642149325,1.68815559348409,NA,NA,NA,NA
2023-10-25,0.8221652959417554,0.7146004406168636,1.3315583198273118,-1.175450988138261,2.507009307965573,NA,NA,NA,NA
2023-10-26,0.8103006606444654,0.7190066092529541,1.1000301018920207,-1.084666857195287,2.184696959087308,NA,NA,NA,NA
2023-10-27,0.8014021841714979,0.7340276386941719,0.9187322247558949,-0.8728056325437616,1.7915378572996565,NA,NA,NA,NA
2023-10-30,0.8467035189429688,0.7496495093130382,1.6947248864566553,-0.6572788763776855,2.352003762834341,NA,NA,NA,NA
2023-10-31,0.8355130106512066,0.7452433406769478,1.4459240073487594,-0.6865325539528754,2.132456561301635,NA,NA,NA,NA
2023-11-01,0.8736685991640825,0.742839975966353,2.0357910641609505,-0.691550196983672,2.7273412611446224,NA,NA,NA,NA
2023-11-02,0.8680059323176486,0.7354296014420189,1.88328405698494,-0.7631004512594145,2.6463845082443544,NA,NA,NA,NA
2023-11-03,0.8986112983686128,0.7464450230322452,2.3279708393864125,-0.5922597355911495,2.920230574977562,NA,NA,NA,NA
2023-11-06,0.888499393285695,0.7546565191267774,2.116870425576391,-0.45298391035880176,2.569854335935193,NA,NA,NA,NA
2023-11-07,0.9164082513145476,0.7494492289204887,2.485846239362044,-0.5018654974982479,2.987711736860292,NA,NA,NA,NA
2023-11-08,0.9275987596063098,0.7462447426396955,2.558346982683524,-0.5241916879212293,3.0825386706047535,1.0724909028813505,3.722912722202369,-1.5779309164396678,0
2023-11-09,0.8763651071861939,0.7452433406769478,1.731423108419849,-0.514790454204408,2.246213562624257,1.126768860024378,3.736749856967724,-1.4832121369189684,0
2023-11-10,0.876634757988405,0.742839975966353,1.6762893178066778,-0.534622300141756,2.210911617948434,1.204565269608559,3.653318004084878,-1.2441874648677602,0
2023-11-13,0.8817581232304167,0.7448427798918485,1.6766561374747746,-0.4789195160237732,2.155575653498548,1.278282940849872,3.562643689391,-1.0060778076912562,0
2023-11-14,0.9240932991775651,0.746044462247146,2.148567792808327,-0.43355718614665856,2.5821249789549854,1.3535036087969652,3.5011118770720957,-0.7941046594781653,0
2023-11-15,0.9089928542537414,0.7482475465651912,1.8491182492910774,-0.36200256590253155,2.211120815193609,1.4170705021112031,3.4302987291524945,-0.5961577249300882,0
2023-11-16,0.8928138061210732,0.741438013218506,1.5695273287631248,-0.501826463335589,2.071353792098714,1.4765525545257785,3.345182446966099,-0.3920773379145419,0
2023-11-17,0.8914655521100175,0.7408371720408572,1.4952690752300428,-0.5192371483472317,2.0145062235772744,1.5371906128233719,3.223837097256961,-0.14945587161021767,0
2023-11-20,0.9193744101388701,0.7504506308832365,1.786469643987373,-0.19388735965471848,1.9803570036420917,1.5806194757084457,3.1722713158923312,-0.011032364475439538,0
2023-11-21,0.9046784414183632,0.7536551171640297,1.5387360295367312,-0.03869267897164972,1.577428708508381,1.5656312708221414,3.1397983256684805,-0.008535784024197746,0
2023-11-22,0.9077794256437912,0.7424394151812538,1.5196187374043317,-0.43608496338347363,1.9557037007878053,1.5532429396937764,3.1026319665701685,0.0038539128173840087,0
2023-11-23,0.9075097748415801,0.7436410975365513,1.4669546604901087,-0.36802378445655504,1.8349784449466637,1.5429657856266612,3.076211423367387,0.009720147885935226,0
2023-11-24,0.8551975192126197,0.7352293210494693,0.76924284163031,-0.671556221967193,1.440799063597503,1.5349561501264317,3.0651785960826903,0.0047337041701729365,0
2023-11-27,0.9075097748415801,0.731624273983577,1.4052803844212955,-0.78646111094144,2.1917414953627357,1.54551394338694,3.085103390762977,0.0059244960109030576,0
2023-11-28,0.95375488742079,0.7336270779090728,1.9250579072386862,-0.6814924134165192,2.6065503206552054,1.5629028156430815,3.126683403411362,-8.777721251989057e-4,0
2023-11-29,0.951867331805312,0.7222110955337473,1.8173622858523597,-1.1107715537686618,2.9281338396210215,1.5923636649634847,3.1915081590132104,-0.0067808290862407805,0
2023-11-30,0.9676419037346635,0.718606048467855,1.9158693086937537,-1.2223320275545946,3.1382013362483483,1.619446268893335,3.2674337879160813,-0.028541250129411333,0
2023-12-01,0.969394633949036,0.7202082916082516,1.846046349268289,-1.1224067184199678,2.968453067688257,1.6405004500520903,3.324821885179584,-0.04382098507540344,0
2023-12-04,0.9803154914385869,0.7174043661125576,1.8807905480019753,-1.2084149202841292,3.0892054682861048,1.6666404010045257,3.391597153137825,-0.05831635112877365,0
2023-12-05,0.9822030470540649,0.6959743641097537,1.818059922902413,-2.0681093781804787,3.8861693010828917,1.707480198803034,3.523813016285156,-0.10885261867908835,1
2023-12-06,1.0191452069569906,0.6913679150811136,2.1063627758653394,-2.1885682738373595,4.294931049702699,1.7589869568904835,3.689016711747826,-0.17104279796685917,1
2023-12-07,0.9863826344883375,0.6807530542759864,1.6786041911941583,-2.512675905101465,4.191280096295623,1.8054366425967077,3.832453504621795,-0.2215802194283798,1
2023-12-08,1.0831872724821356,0.6909673542960144,2.503721956690434,-1.9969337139698855,4.500655670660319,1.858621759488442,3.997104388971822,-0.27986086999493787,1
2023-12-11,1.1085344478899823,0.6889645503705187,2.5523601581120468,-2.007882116308313,4.56024227442036,1.9170524292249171,4.155400456574511,-0.3212955981246768,1
2023-12-12,1.0876365107186194,0.6829561385940317,2.2129949974207053,-2.176441143923437,4.389436141344142,1.972028972852132,4.288501930965839,-0.3444439852615746,1
2023-12-13,1.0469192395847378,0.6625275385539755,1.7612276429028066,-2.8250859420998804,4.586313585002687,2.0328506523129266,4.4290405903618835,-0.36333928573603025,1
2023-12-14,1.0192800323580962,0.6557180052072903,1.459730933776465,-2.868758715505237,4.3284896492817015,2.0910352243912467,4.53814667065955,-0.35607622187705656,0
2023-12-15,0.9955507617635163,0.6587222110955337,1.210842091980353,-2.570669135492451,3.781511227472804,2.141847597782849,4.600814385275267,-0.3171191897095693,0
2023-12-18,1.0142914925171902,0.6431003404766673,1.3280091538602374,-2.874416928460509,4.202426082320747,2.2012848166340255,4.684491550303599,-0.2819219170355476,0
2023-12-19,1.0260213024133746,0.6451031444021631,1.3815627774539558,-2.616361209191033,3.997923986644989,2.2590458497636248,4.745555229865682,-0.22746353033843203,0
2023-12-20,1.0047188890386949,0.6352894051672341,1.1601550194032797,-2.714122401604285,3.874277421007565,2.315669693988911,4.791801383368989,-0.160461995391167,0
2023-12-21,1.0404476203316704,0.6431003404766673,1.426602624584856,-2.3221418436543906,3.748744468239247,2.3703309281991127,4.825351636368448,-0.08468977997022265,0
2023-12-22,1.0153700957260348,0.6467053875425596,1.1729606081794162,-2.095766104210639,3.2687267123900554,2.4168682402465267,4.83138154864969,0.002354931843363328,0
2023-12-25,0.9789672374275313,0.650710995393551,0.8219770096390812,-1.8929561430699313,2.7149331527090124,2.4509621727370363,4.822484511622841,0.07943983385123143,0
2023-12-26,0.9572603478495348,0.642299218906469,0.6021852537933344,-2.0227482418107305,2.624933495604065,2.485957651784378,4.8032323057607496,0.16868299780800644,0
2023-12-27,0.9502494269920453,0.6296815541758463,0.5129967511764778,-2.2278787121781414,2.740875463354619,2.519288708479391,4.791560435063504,0.24701698189527876,0
2023-12-28,0.9479573951732506,0.6579210895253355,0.466547492015112,-1.4287449538015282,1.8952924458166402,2.5390570365977965,4.76748589822712,0.3106281749684725,0
2023-12-29,0.9569906970473238,0.6565191267774885,0.5267969195395764,-1.4140890154055445,1.940885934945121,2.561147905874809,4.737681550388254,0.3846142613613641,0
2024-01-02,0.9755966023998921,0.6445023032245143,0.6818052620754221,-1.6538581672155162,2.335663429290938,2.5886096056455608,4.709880777731413,0.46733843355970883,0
2024-01-03,0.9797761898341648,0.6439014620468656,0.6980429578985685,-1.6010222438416575,2.299065201740226,2.6141223997717202,4.682498800190654,0.5457459993527869,0
2024-01-04,1.0098422542807066,0.6342880032044863,0.9756107130294392,-1.759832050066181,2.7354427630956204,2.6440569845639375,4.665288682484158,0.6228252866437165,0
2024-01-05,0.9671026021302414,0.6298818345683957,0.5076632968657255,-1.7856232814369024,2.293286578302628,2.6686740251872543,4.634572664456199,0.7027753859183101,0
2024-01-08,0.9223405689631926,0.6186661325856199,-0.0038017674440647474,-1.9518935107792639,1.9480917433351992,2.6887508200963155,4.598473849997626,0.7790277901950049,0
2024-01-09,0.9325872994472159,0.6294812737832967,0.07035710621812202,-1.626766115471355,1.6971232216894772,2.7080209845464607,4.551777456077321,0.8642645130156006,0
2024-01-10,0.9166779021167587,0.6298818345683957,-0.1656810396884283,-1.5522638795498835,1.3865828398614553,2.721489917063546,4.513031959515413,0.9299478746116798,0
2024-01-11,0.9275987596063098,0.6342880032044863,-0.07043891292437765,-1.4001464031410835,1.3297074902167059,2.7217853760755917,4.5123874405819135,0.9311833115692698,0
2024-01-12,0.8818929486315221,0.6358902463448829,-0.6985791910276093,-1.319326222674567,0.6207470316469577,2.695036085306374,4.562103154568898,0.8279690160438502,-1
2024-01-15,0.8898476472967507,0.654916883637092,-0.6289799127347232,-0.8811260227448726,0.2521461100101494,2.6599713645920438,4.62916840554642,0.6907743236376671,-1
2024-01-16,0.8928138061210732,0.6661325856198678,-0.6277170777588668,-0.6258240462293847,-0.0018930315294820588,2.6202881959822415,4.7050800526856325,0.5354963392788501,-1
2024-01-17,0.8867466630713225,0.649709593430803,-0.7735798972936936,-0.9539609404691645,0.18038104317547088,2.5951586201437644,4.760449582014173,0.4298676582733556,-1
2024-01-18,0.9422947283268167,0.6661325856198678,0.011940671837379015,-0.5829452484604077,0.5948859202977868,2.563289897015968,4.789292419554926,0.33728737447700974,0
2024-01-19,0.9414857759201833,0.66973763268576,-0.03432332272151757,-0.48822855481754435,0.4539052320960268,2.53444336823278,4.8243442670763725,0.2445424693891871,0
2024-01-22,0.9490359983820952,0.6589224914880832,0.04704284594121159,-0.6954906748408317,0.7425335207820433,2.516959962624153,4.845623979130872,0.1882959461174334,0
2024-01-23,0.985573682081704,0.656318846384939,0.6167289734704235,-0.7247579762184843,1.3414869496889077,2.5001180157383955,4.84817137012528,0.1520646613515111,0
2024-01-24,0.9828771740595929,0.6713398758261567,0.5465883214819802,-0.3758235611811872,0.9224118826631674,2.4799506044277546,4.861398076463665,0.09850313239184372,0
2024-01-25,0.9869219360927599,0.6849589425195274,0.5906808408961561,-0.05588018037156151,0.6465610212677176,2.4452709337631395,4.872231261368908,0.018310606157370568,0
2024-01-26,0.9522718080086288,0.6877628680152214,-0.034217856940966025,0.024466075584587788,-0.05868393252555382,2.4001864597503078,4.911002372561619,-0.11062945306100369,0
2024-01-29,0.943777807738978,0.7045864209893852,-0.19896710589154476,0.4244074034471915,-0.6233745093387363,2.3411263750117026,4.966286108893894,-0.28403335887048886,-1
2024-01-30,0.8810839962248886,0.6793510915281394,-1.3082696285312296,-0.1251462157433655,-1.183123412787864,2.2785767458663186,5.055996121671189,-0.4988426299385522,-1
2024-01-31,0.893487933126601,0.6629280993390747,-1.0749653052255166,-0.4828239700570852,-0.5921413351684314,2.2189125279991733,5.086698799624109,-0.6488737436257628,0
2024-02-01,0.9289470136173655,0.6677348287602645,-0.4502673652704361,-0.34408401558273216,-0.10618334968770393,2.165767160994299,5.086153447204249,-0.7546191252156511,0
2024-02-02,0.9211271403532424,0.6625275385539755,-0.609442081853586,-0.4449333665804265,-0.16450871527315947,2.1255884563626752,5.107165007055423,-0.8559880943300726,0
2024-02-05,0.939733045705811,0.6555177248147406,-0.3006305041518942,-0.5920919686931253,0.2914614645412311,2.093597620472555,5.112407220838076,-0.9252119798929663,0
2024-02-06,1.028717810435486,0.6863609052673744,1.2741041731637117,0.2104082995797686,1.063695873583943,2.075399624140645,5.105831203915286,-0.9550319556339959,0
2024-02-07,1.0213024133746798,0.693971560184258,1.101732369419833,0.4389380111337904,0.6627943582860427,2.043410780462829,5.092546700189011,-1.0057251392633524,0
2024-02-08,1.0343804772819198,0.70698978569998,1.2911464315095877,0.8200646565921879,0.4710817749173999,2.0144101297915595,5.090041744370295,-1.0612214847871764,0
2024-02-19,1.1594984495078873,0.7061886641297817,3.1835555273655056,0.831674582960773,2.3518809444047326,2.019085582329993,5.095921975973731,-1.0577508113137442,0
2024-02-20,1.110826479708777,0.7015822151011416,2.2458726216633305,0.7399535765644978,1.5059190450988327,2.010609129355352,5.090297758339625,-1.0690794996289212,0
2024-02-21,1.0753673992180126,0.7117965151211696,1.6089858073899224,1.0784720380802268,0.5305137693096955,1.9864450754498122,5.089760342109781,-1.116870191210156,0
2024-02-22,1.116758797357422,0.7099939915882236,2.137697498961161,1.0870534511493815,1.0506440478117796,1.977665331104869,5.088658931101096,-1.133328268891358,0
2024-02-23,1.0974787649993258,0.70698978569998,1.7633462981252896,1.0437712352809771,0.7195750628443125,1.9570631871391442,5.084974596253339,-1.1708482219750505,0
2024-02-26,1.1075906700822435,0.6979771680352493,1.8289845147662214,0.817066258384158,1.0119182563820632,1.9433455173297343,5.080639969681241,-1.193948935021772,0
2024-02-27,1.186463529729001,0.7009813739234929,2.7914511477065487,0.9592299247522272,1.8322212229543213,1.9498692199856813,5.0845395888372895,-1.1848011488659274,0
2024-02-28,1.1228259404071728,0.6981774484277989,1.8103914517941178,0.9094999868868601,0.9008914649072577,1.9283550528114233,5.073972567135243,-1.2172624615123964,0
2024-02-29,1.1476338142105973,0.7045864209893852,2.0377325033299214,1.1773234114224729,0.8604090919074485,1.8992526989989607,5.051649244905015,-1.2531438469070935,0
2024-03-01,1.179587434272617,0.6995794111756459,2.308177484396478,1.0346455459903476,1.2735319384061305,1.8716760006453788,5.016399430107093,-1.2730474288163354,0
2024-03-04,1.1632735607388431,0.7146004406168636,1.9889924009600704,1.5806200135948716,0.40837238736519876,1.8261788514973267,4.975350730366156,-1.322993027371502,0
2024-03-05,1.1635432115410542,0.7085920288403765,1.8937332814192231,1.387359868627223,0.5063734127920001,1.785144190582389,4.937931468225279,-1.3676430870605005,0
2024-03-06,1.1381960361332075,0.7073903464850791,1.527430781411877,1.3626795718785025,0.16475120953337452,1.7364032862698435,4.897593304830174,-1.4247867322904866,0
2024-03-07,1.0907374949440476,0.6993791307830963,0.9410205853845711,1.0646027362238624,-0.12358215083929125,1.6695740954044735,4.815393359029114,-1.4762451682201672,0
2024-03-08,1.109613051098827,0.6981774484277989,1.1314689652474574,1.012667968290104,0.11880099695735336,1.599971927858718,4.693873729054658,-1.4939298733372226,0
2024-03-11,1.1299716866657679,0.7025836170638894,1.3199006139688276,1.1481679400088232,0.17173267396000447,1.5329794708197908,4.572226458595211,-1.5062675169556297,0
2024-03-12,1.0786032088445463,0.7220108151411976,0.7359080333339795,1.7874884436174243,-1.051580410283445,1.4404422028040615,4.450089259322551,-1.569204853714428,0
2024-03-13,1.0745584468113794,0.721409973963549,0.7003326107121225,1.7084745378332133,-1.0081419271210907,1.3476357994450374,4.308977310213443,-1.6137057113233684,0
2024-03-14,1.088715113927464,0.7430402563589025,0.8623481151418319,2.3083095767213946,-1.4459614615795626,1.2503791727296423,4.188554237786236,-1.6877958923269514,0
2024-03-15,1.088040986921936,0.7442419387141999,0.8426263938653924,2.206471992336536,-1.3638455984711437,1.1512098530050783,4.032482077049302,-1.7300623710391454,0
2024-03-18,1.1216125117972224,0.7540556779491288,1.1914647816077355,2.3505267615394407,-1.1590619799317052,1.0597506591848551,3.8784638409868375,-1.7589625226171275,0
2024-03-19,1.0873668599164084,0.7434408171440016,0.7843712765016432,1.9287526390241096,-1.1443813625224664,0.9776524493516006,3.7606112994917424,-1.8053064007885415,0
2024-03-20,1.081164891465552,0.7384338073302623,0.6993430764611158,1.7070391148530835,-1.0076960383919675,0.890817080673055,3.588294938352393,-1.8066607770062828,0
2024-03-21,1.068086827558312,0.7312237131984778,0.544073255948147,1.4446381812847462,-0.9005649253365992,0.8091755988066953,3.4192177630810088,-1.800866565467618,0
2024-03-22,1.0802211136578133,0.7290206288804326,0.6628768985139181,1.3360098837138161,-0.6731329851998981,0.7333854253699045,3.2435608125694393,-1.7767899618296306,0
2024-03-25,1.0853444788998248,0.73022231123573,0.7086627289672545,1.3224982399156824,-0.6138355109484279,0.6606757590501097,3.0661056950127175,-1.744754176912498,0
2024-03-26,1.0285829850343806,0.7192068896455036,0.0785236395440093,0.9790702288708277,-0.9005465893268184,0.5911878706881619,2.9301090446598597,-1.7477333032835356,0
2024-03-27,1.0142914925171902,0.7011816543160424,-0.08618694593765877,0.4499348133336125,-0.5361217592712713,0.5370036221551571,2.8258864496103167,-1.7518792053000025,0
2024-03-28,1.0353242550896589,0.7141998798317644,0.13298923826038606,0.7911801157683149,-0.6581908775079288,0.48228488260329067,2.7246264723588878,-1.7600567071523063,0
2024-03-29,1.0416610489416207,0.7262167033847386,0.1875615055596054,1.1025478012297065,-0.9149862956701011,0.42135385328621183,2.612132571584366,-1.7694248650119424,0
2024-04-01,1.0581097478765,0.7340276386941719,0.3529235136537255,1.281970034565524,-0.9290465209117986,0.3742815371740712,2.5575915892958863,-1.8090285149477436,0
2024-04-02,1.0416610489416207,0.7358301622271181,0.15282919974445225,1.2870722504116356,-1.1342430506671835,0.3230293874138661,2.5011131538567826,-1.8550543790290506,0
2024-04-03,1.0044492382364838,0.7356298818345683,-0.273951575089102,1.2402282113249756,-1.5141797864140776,0.25886533381878246,2.4225461492258984,-1.9048154815883334,0
2024-04-08,0.997842793582311,0.7254155818145404,-0.35278560411966603,0.9180636230227786,-1.2708492271424445,0.19936676000407136,2.330930166766425,-1.9321966467582825,0
2024-04-09,1.0218417149791021,0.7210094131784498,-0.0826903751033314,0.765006234742422,-0.8476966098457535,0.1396477704550485,2.1810535084619715,-1.9017579675518748,0
2024-04-10,0.9916408251314547,0.7196074504306028,-0.43139705991404254,0.6993538650854257,-1.1307509249994683,0.08258047873334695,2.06980371211237,-1.9046427546456761,0
2024-04-11,0.997842793582311,0.7202082916082516,-0.3795528339091993,0.6978157977097933,-1.0773686316189925,0.032156139150777155,1.9799731956651185,-1.9156609173635641,0
2024-04-12,1.051503303222327,0.7099939915882236,0.2180822924605171,0.3450746622120114,-0.12699236975149428,0.0017542126267608529,1.9001768888053154,-1.8966684635517936,0
2024-04-15,1.0605366050964,0.7324253955537753,0.2998779135860581,1.0710817232945602,-0.7712038097085021,-0.03420889819940513,1.8390867702143738,-1.907504566613184,0
2024-04-16,1.049615747606849,0.7292209092729821,0.1487850582625968,0.9436878077249761,-0.7949027494623793,-0.06961906886072321,1.7789606913184692,-1.9181988290399157,0
2024-04-17,1.0791425104489687,0.737632685760064,0.47691347792601185,1.2311295251450336,-0.7542160472190218,-0.09253512017515618,1.7553212486892449,-1.940391489039557,0
2024-04-18,1.0691654307671565,0.7366312837973162,0.3265065601607755,1.1645053269787717,-0.8379987668179962,-0.11070420145562525,1.7447880229995745,-1.9661964259108249,0
2024-04-19,1.0179317783470405,0.7270178249549368,-0.3625530688247461,0.7729076862938629,-1.1354607551186089,-0.12959699684877743,1.7443805175680056,-2.0035745112655605,0
2024-04-22,0.9889443171093433,0.7366312837973162,-0.791240809576063,1.1231853864967776,-1.9144261960728406,-0.16451045083624927,1.7632584337204085,-2.092279335392907,0
2024-04-23,0.9656195227180802,0.7300220308431805,-1.1205873414805991,0.8336801117334481,-1.9542674532140474,-0.20699634039477988,1.764556675545461,-2.1785493563350204,0
2024-04-24,1.0151004449238237,0.7306228720208291,-0.46918252188780996,0.8307813295983433,-1.2999638514861531,-0.23622749178781613,1.747436018075446,-2.2198910016510784,0
2024-04-25,1.007145746258595,0.7408371720408572,-0.6012986094378511,1.2284835929843814,-1.8297822024222326,-0.2790994205078875,1.7295470912402924,-2.2877459322560676,0
2024-04-26,1.0672778751516785,0.7510514720608853,0.2276551042726891,1.6368030011806443,-1.4091478969079552,-0.3249433346178352,1.65864793757773,-2.3085346068134003,0
2024-04-29,1.0775246056357017,0.7536551171640297,0.35301689733343805,1.6975079134042599,-1.3444910160708219,-0.3627250495967349,1.61055049278085,-2.3360005919743196,0
2024-04-30,1.0684913037616286,0.7538553975565793,0.20617212377198949,1.641362734501293,-1.4351906107293035,-0.3974209101300187,1.5768729948589995,-2.371714815119037,0
2024-05-06,1.068356478360523,0.750250350490687,0.17972037286917794,1.4330328865635154,-1.2533125136943375,-0.4173313864828317,1.5671355712133508,-2.401798344179014,0
2024-05-07,1.032492921666442,0.7470458642098938,-0.3756953692283713,1.250500031761523,-1.6261954009898942,-0.434045068010351,1.574230133003455,-2.4423202690241568,0
2024-05-08,1.0295267628421194,0.7444422191067495,-0.4865412489767424,1.1075482459834696,-1.594089494960212,-0.44089450271322356,1.5805333655948002,-2.4623223710212474,0
2024-05-09,1.032223270864231,0.7448427798918485,-0.5114227028946872,1.111528896540381,-1.622951599435068,-0.4580746737843341,1.5859773110896538,-2.5021266586583217,0
2024-05-10,0.9828771740595929,0.7408371720408572,-1.4044119245484477,0.915138675229654,-2.3195505997781014,-0.49496412795250744,1.6024484157589487,-2.5923766716639634,0
2024-05-13,0.9710125387623028,0.7398357700781093,-1.6779948147587704,0.8610269667344405,-2.539021781493211,-0.5345393457228417,1.626162123436103,-2.695240814881786,0
2024-05-14,0.9666981259269246,0.7378329661526137,-1.7937362773796162,0.7672391999253009,-2.560975477304917,-0.5820799614202774,1.6296126080310076,-2.7937725308715624,0
2024-05-15,0.9596872050694352,0.7270178249549368,-1.8510785974405228,0.13477700847788512,-1.985855605918408,-0.6329058194119832,1.5650574321062916,-2.830869070930258,0
2024-05-16,0.9780234596197924,0.7160024033647105,-1.4889843457596232,-0.5351627532505417,-0.9538215925090815,-0.6598494185919019,1.5129947963788553,-2.832693633562659,0
2024-05-17,0.9959552379668329,0.728820348487883,-1.1513537254589956,0.20356435765365893,-1.3549180831126546,-0.6902827495590694,1.469237136948447,-2.8498026360665856,0
2024-05-20,0.9959552379668329,0.7370318445824153,-1.1200647543809112,0.6684079744383977,-1.788472728819309,-0.7592886441128036,1.265181373145158,-2.7837586613707654,0
2024-05-21,0.9710125387623028,0.7258161425996396,-1.500916868348409,-0.0315277778686129,-1.4693890904797962,-0.8088771130391141,1.1340038308711535,-2.751758056949382,0
2024-05-22,0.9776189834164757,0.7298217504506308,-1.3372167808417295,0.1970060907901124,-1.5342228716318418,-0.8432893903881398,1.0760891299057307,-2.7626679106820102,0
2024-05-23,0.9615747606849129,0.7168035249349088,-1.5509176419153052,-0.617305339027617,-0.9336123028876883,-0.8763603295664643,0.9775363129284159,-2.7302569720613445,0
2024-05-24,0.9124983146824862,0.7156018425796113,-2.2412122087179434,-0.7070467809655251,-1.5341654277524182,-0.9139226710764098,0.8993205180133496,-2.7271658601661692,0
2024-05-27,0.9526762842119455,0.7166032445423594,-1.5231920015464497,-0.680625665200141,-0.8425663363463087,-0.9448307476218825,0.7966805797163443,-2.686342074960109,0
2024-05-28,0.9489011729809895,0.7045864209893852,-1.557526457868399,-1.4655232451457711,-0.09200321272262779,-0.976901154883165,0.621578983811838,-2.575381293578168,0
2024-05-29,0.9375758392881219,0.705587822952133,-1.6774027875394453,-1.427967253404269,-0.24943553413517616,-0.9960732715338723,0.5370490222073614,-2.529195565275106,0
2024-05-30,0.9371713630848052,0.7037852994191869,-1.6330444246497775,-1.543112096977631,-0.08993232767214643,-1.011912295193532,0.46167103909794927,-2.4854956294850132,0
2024-05-31,0.9613051098827018,0.6959743641097537,-1.2210039526452523,-2.0346007052801807,0.8135967526349284,-1.019577881623052,0.40976493172763884,-2.4489206949737428,1
2024-06-03,0.958743427261696,0.6923693170438614,-1.244567339448632,-2.164803626792093,0.9202362873434609,-1.0110468166234146,0.45850928485082965,-2.4806029180976585,1
2024-06-04,0.9645409195092356,0.6907670739034649,-1.1276947409360483,-2.1776788729359042,1.049984131999856,-1.0019866379699502,0.5116661994451375,-2.515639475385038,1
2024-06-05,0.9555076176351625,0.6935709993991589,-1.2667981514359727,-1.950130146117741,0.6833319946817682,-0.9933436248841436,0.552979012167744,-2.5396662619360315,1
2024-06-06,0.9343400296615881,0.6829561385940317,-1.6007964357506637,-2.4801850103072214,0.8793885745565577,-0.9766274461275462,0.6285084227628392,-2.5817633150179313,1
2024-06-07,0.9187002831333423,0.6849589425195274,-1.8225450368017682,-2.294774190663777,0.4722291538620089,-0.970736976845802,0.6532347643771953,-2.5947087180687993,0
2024-06-11,0.9629230146959687,0.6863609052673744,-0.9833808536392479,-2.143900530752395,1.160519677113147,-0.9542571934599161,0.7356062092374595,-2.6441205961572916,1
2024-06-12,0.9564513954429014,0.6769477268175446,-1.0710975869186405,-2.475420111300086,1.4043225243814457,-0.913325477882168,0.8825939528191735,-2.7092449085835097,1
2024-06-13,0.9699339355534582,0.6647306228720208,-0.7855945526610382,-2.8380324851465675,2.052437932485529,-0.862315813555391,1.089722854252652,-2.8143544813634342,1
2024-06-14,0.9861129836861264,0.6685359503304628,-0.4494598872358728,-2.4733752148891734,2.0239153276533006,-0.8044845337348433,1.2784278863968268,-2.8873969538665136,1
2024-06-17,0.9917756505325603,0.6713398758261567,-0.31338113086959085,-2.2098732564558063,1.8964921255862155,-0.7501455716672206,1.4407207991370505,-2.9410119424714916,1
2024-06-18,1.006201968450856,0.6835569797716804,0.014076484613162651,-1.6119568412960847,1.6260333259092474,-0.7037273165698714,1.5684058887801475,-2.9758605219198904,1
2024-06-19,1.0155049211271403,0.6759463248547967,0.24012069090401664,-1.8557229873154866,2.095843678219503,-0.6497235658908386,1.7312266742444766,-3.0306738060261535,1
2024-06-20,1.0098422542807066,0.6615261365912277,0.14744582800632614,-2.3183499754865355,2.4657958034928615,-0.5918320351927581,1.9190778622631965,-3.102741932648713,1
2024-06-21,1.034650128084131,0.654916883637092,0.7153630084352575,-2.4132973263963744,3.1286603348316318,-0.5246782808566208,2.1620124621789274,-3.211369023892169,1
2024-06-24,0.9925846029391938,0.6475065091127579,-0.19562178040821904,-2.5072993570490056,2.3116775766407867,-0.4749314381592764,2.30933940992045,-3.2592022862390024,1
2024-06-25,0.9594175542672239,0.6412978169437212,-0.9307290949642699,-2.5358367399280337,1.6051076449637638,-0.4379490522274064,2.397296762325497,-3.27319486678031,0
2024-06-26,0.9795065390319537,0.6473062287202083,-0.44056490360299055,-2.188176675959867,1.7476117723568765,-0.39381307953267813,2.4940977637123014,-3.2817239227776573,0
2024-06-27,0.9579344748550627,0.640897256158622,-0.920941632141092,-2.2649700476751633,1.3440284155340714,-0.3624772432859223,2.5597502973852935,-3.284704783957138,0
2024-06-28,0.948092220574356,0.6459042659723613,-1.1129831630117588,-1.9959476815331822,0.8829645185214234,-0.33679132001876677,2.6019094902533864,-3.27549213029092,0
2024-07-01,0.9501146015909397,0.6525135189264971,-1.0309618020414817,-1.712239066420281,0.6812772643787992,-0.3101869273512851,2.6361136287492597,-3.2564874834518296,0
2024-07-02,0.9577996494539572,0.654916883637092,-0.8237282647692621,-1.5730050829156426,0.7492768181463805,-0.28221487170031545,2.672042760697864,-3.2364725040984945,0
2024-07-03,0.9599568558716463,0.6727418385740037,-0.7456229101960917,-1.0097596463527874,0.26413673615669564,-0.25890854191991725,2.6900656526126707,-3.2078827364525053,0
2024-07-04,0.9292166644195766,0.660925295413579,-1.423737953742968,-1.3111123070709871,-0.11262564667198083,-0.23554930625754913,2.6951250923833596,-3.1662237048984583,0
2024-07-05,0.9640016179048132,0.6593230522731824,-0.5941472782850041,-1.3098660338464312,0.7157187555614271,-0.2024398398791513,2.725541638116902,-3.1304213178752045,0
2024-07-08,0.9569906970473238,0.6501101542159022,-0.7328868495207329,-1.5148300077433337,0.7819431582226007,-0.17527917707801174,2.758582229882638,-3.109140584038661,0
2024-07-09,0.9857085074828097,0.6769477268175446,-0.05959189760084238,-0.7287146338654146,0.6691227362645722,-0.14528128272361118,2.785645007488945,-3.076207572936167,0
2024-07-10,0.9817985708507482,0.6803524934908872,-0.14473711355875887,-0.6125465706673944,0.46780945710863553,-0.11952831457815105,2.8052304274052338,-3.0442870565615356,0
2024-07-11,0.9840906026695428,0.692569597436411,-0.06617743810400856,-0.2578769724565456,0.19169953435253706,-0.1142167828430836,2.8116441378536434,-3.0400777035398105,0
2024-07-12,0.9517325064042066,0.6933707190066092,-0.8112886073628575,-0.2180563016891244,-0.5932323056737331,-0.11125059110917075,2.8122609078507854,-3.0347620900691266,0
2024-07-15,0.9707428879600917,0.6905667935109152,-0.32311044775589415,-0.2810464121966008,-0.042064035559293333,-0.09870327921078582,2.8193297569380262,-3.0167363153595983,0
2024-07-16,1.0494809222057435,0.6931704386140597,1.6895851838402884,-0.1869552172455484,1.8765404010858369,-0.05485733840570486,2.901911000729403,-3.011625677540813,0
2024-07-17,1.0330322232708642,0.7039855798117364,1.32175974348447,0.14323268537280087,1.1785270581116691,-0.021248574656877097,2.9451361912873377,-2.987633340601092,0
2024-07-18,1.0160442227315627,0.7019827758862407,0.8776325699736615,0.0974404474284878,0.7801921225451737,0.010678973304185659,2.9695082809452473,-2.948150334336876,0
2024-07-19,1.054604287447755,0.7133987582615662,1.8083665181197763,0.4484876840279588,1.3598788340918175,0.0652507238069298,3.000333908057131,-2.8698324604432717,0
2024-07-22,1.0605366050964,0.7148007210094132,1.864369373947339,0.5003679331284392,1.3640014408188998,0.12055520537414587,3.0257440847805546,-2.7846336740322633,0
2024-07-23,1.0152352703249292,0.704185860204286,0.7418862553618163,0.19841778391415693,0.5434684714476594,0.15127907742304297,3.03426422562421,-2.731706070778124,0
2024-07-24,1.017122825940407,0.6971760464650512,0.7823609414632415,0.009676551090400201,0.7726843903728413,0.19465352063629404,3.0343814839628473,-2.645074442690259,0
2024-07-25,1.0084940002696507,0.7063889445223314,0.6134492402287104,0.3208959340571182,0.2925533061715922,0.22301520735428665,3.031403998388994,-2.5853735836804206,0
2024-07-26,1.001887555615478,0.7025836170638894,0.5008787375462314,0.23516083324826254,0.2657179042979688,0.24985202269376644,3.027919720910193,-2.52821567552266,0
2024-07-29,0.9956855871646217,0.6799519327057881,0.38432951317890374,-0.46590944642907217,0.8502389596079759,0.2879425155327209,3.034521647162852,-2.4586366160974107,0
2024-07-30,1.011190508291762,0.6779491287802925,0.8870289752389516,-0.5065597743528845,1.393588749591836,0.33205753658749054,3.0629200449999288,-2.3988049718249473,0
2024-07-31,1.0718619387892678,0.692569597436411,2.550956029428397,0.022843708294728787,2.5281123211336682,0.4012959986228833,3.140837123869376,-2.3382451266236095,0
2024-08-01,1.074019145206957,0.6891648307630682,2.488418147293131,-0.06628159168784362,2.5546997389809745,0.47044248585523635,3.214542133928708,-2.2736571622182353,0
2024-08-02,1.051233652420116,0.6875625876226718,1.834984761551093,-0.0927808729489439,1.927765634500037,0.5296211064208214,3.243053954672055,-2.1838117418304126,0
2024-08-05,0.9951462855601996,0.695373522932105,0.3260475471976689,0.2350936135119458,0.09095393368572308,0.5697961819785518,3.1810871173408932,-2.04149475338379,0
2024-08-06,1.0094377780773898,0.6955738033246545,0.6893361968947037,0.28049365702150675,0.40884253987319696,0.6189272540013253,3.099963401135134,-1.862108893132483,0
2024-08-07,0.9658891735202912,0.6893651111556179,-0.47251184602661717,0.06717026130355995,-0.5396821073301771,0.6526154768342377,3.009814631390629,-1.7045836777221535,0
2024-08-08,0.9758662532021032,0.6871620268375727,-0.21413798356341296,0.0036703806929246387,-0.2178083642563376,0.6820829308619389,2.947530527716149,-1.583364665992271,0
2024-08-09,0.9708777133611973,0.6809533346685359,-0.34420609888119,-0.23716394918041148,-0.10704214970077855,0.6961959215754104,2.9305245956455783,-1.5381327524947572,0
2024-08-12,0.9936632061480383,0.6789505307430402,0.2663354006604673,-0.29561968264149335,0.5619550833019606,0.7281438076823208,2.897030503232267,-1.4407428878676254,0
2024-08-13,0.9911015235270325,0.677748848387743,0.2000781837858432,-0.31918338181428363,0.5192615656001268,0.7666060459226448,2.8333981639203394,-1.30018607207505,0
2024-08-14,0.9919104759336658,0.66973763268576,0.212536423596028,-0.6639079453675302,0.8764443689635582,0.8057032702467006,2.78743701043412,-1.1760304699407187,0
2024-08-15,1.0327625724686529,0.6859603444822752,1.2647182561101218,0.14621727267588588,1.1185009834342359,0.8499153344978019,2.735318996049086,-1.035488327053482,0
2024-08-16,1.0359983820951868,0.6813538954536351,1.3023082729306408,-0.05385257188269431,1.356160844813335,0.888078220292819,2.7185259213013913,-0.9423694807157532,0
2024-08-19,1.0359983820951868,0.672541558181454,1.2722330345703763,-0.4753740289106234,1.7476070634809997,0.9427744284800427,2.672131556525713,-0.7865826995656274,0
2024-08-20,1.019954159363624,0.6715401562187062,0.8170147599752245,-0.5017188527926179,1.3187336127678424,0.9787960942986118,2.6457942522176143,-0.6882020636203905,0
2024-08-21,1.0378859377106646,0.6709393150410575,1.2511626555357982,-0.5097586748848558,1.7609213304206541,1.0096781700176665,2.664591936749993,-0.6452355967146599,0
2024-08-22,1.0422003505460429,0.6565191267774885,1.3224211284752243,-1.2470304765794817,2.569451605054706,1.0566596223374978,2.726156637282155,-0.6128373926071595,0
2024-08-23,1.0280436834299582,0.6619266973763268,0.9158503384597768,-0.9237194729275157,1.8395698113872925,1.0888179913218219,2.7427342434892354,-0.5650982608455914,0
2024-08-26,1.0095726034784953,0.6621269777688765,0.39857592023838395,-0.8827426598263334,1.2813185800647173,1.0966133551123183,2.7496616636971973,-0.5564349534725606,0
2024-08-27,1.0152352703249292,0.6539154816743441,0.5295972195290245,-1.2837864946547402,1.8133837141837645,1.1114991455596568,2.7741444577211416,-0.5511461666018278,0
2024-08-28,1.0072805716597006,0.6503104346084518,0.2950285119757744,-1.4229803478279484,1.7180088598037226,1.1226328910230545,2.7925334558405375,-0.5472676737944284,0
2024-08-29,1.011190508291762,0.6539154816743441,0.38043789792872623,-1.188847529633944,1.5692854275626702,1.1373987815710696,2.8071659995099063,-0.5323684363677672,0
2024-08-30,1.0703788593771066,0.6635289405167235,1.942671741423738,-0.6600025937152624,2.6026743351390005,1.1661202109141102,2.8766216884133002,-0.5443812665850798,0
2024-09-02,1.0498853984090604,0.6459042659723613,1.3573998836900694,-1.529083594790409,2.8864834784804785,1.2063577829910848,2.963412270878103,-0.5506967048959337,0
2024-09-03,1.042470001348254,0.6485079110755058,1.1099850899005752,-1.3435914094376857,2.453576499338261,1.22790873002817,3.014153418375476,-0.5583359583191361,0
2024-09-04,1.0310098422542806,0.6475065091127579,0.758523820080252,-1.348285450895689,2.106809270975941,1.2396168424714116,3.039720480133692,-0.5604867951908687,0
2024-09-05,1.007145746258595,0.652112958141398,0.05938000708081846,-1.0959722956933011,1.1553523027741195,1.2246654153095549,3.0121646246704596,-0.5628337940513501,0
2024-09-06,1.0270999056222192,0.649709593430803,0.6142978886566713,-1.1866073220782647,1.800905210734936,1.220948580027582,3.002605321562746,-0.560708161507582,0
2024-09-09,1.0300660644465418,0.6358902463448829,0.6795725336441957,-1.7893454591231965,2.468917992767392,1.2304890111472682,3.0328705499299318,-0.5718925276353957,0
2024-09-10,1.063772414722934,0.6276787502503505,1.5847045077175912,-2.0637213429840973,3.6484258507016882,1.2641955532271423,3.1693774034153583,-0.6409862969610738,1
2024-09-11,1.0678171767561009,0.6234728620068095,1.6355385565540799,-2.1302254695253837,3.765764026079464,1.2920275590248083,3.2930115161596833,-0.7089563981100668,1
2024-09-12,1.0260213024133746,0.6202683757260165,0.4798325803896929,-2.154272292727011,2.6341048731167036,1.2948327101852057,3.3029692989015755,-0.7133038785311641,0
2024-09-13,1.0513684778212216,0.6166633286601242,1.158210148393245,-2.1931635890308203,3.3513737374240655,1.298544600228413,3.321240331203135,-0.7241511307463093,1
2024-09-18,1.007550222461912,0.6056479070698978,-0.04046704790189432,-2.491905708954802,2.4514386610529075,1.3008739516352816,3.3286312755878145,-0.726883372317251,0
2024-09-19,1.0235944451934744,0.6186661325856199,0.3729897025445109,-1.923654051333099,2.29664375387761,1.3123995534505124,3.354998023503983,-0.7301989166029583,0
2024-09-20,1.0235944451934744,0.6208692169036651,0.3544834977963902,-1.7823853334329929,2.136868831229383,1.3188871710983874,3.3695652744741595,-0.731790932277385,0
2024-09-23,1.0180666037481463,0.6212697776887642,0.17626414349941333,-1.7254388164132528,1.901702959912666,1.3281817468380306,3.3843712272792095,-0.7280077336031481,0
2024-09-24,1.0532560334366996,0.6465051071500101,1.1429767351700726,-0.7971648828322719,1.9401416180023445,1.3458013651627128,3.404588211231744,-0.7129854809063185,0
2024-09-25,1.0617500337063503,0.6509112757861005,1.352530346396881,-0.6335633002720802,1.9860936466689612,1.367548304867549,3.4253471042408687,-0.6902504945057706,0
2024-09-26,1.0919509235539975,0.6783496895653915,2.1354167253935126,0.362067225612963,1.7733494997805495,1.3846161828947847,3.4385391054949066,-0.6693067397053369,0
2024-09-27,1.1607118781178374,0.7150010014019628,3.6207406340732406,1.6465197011734203,1.9742209328998204,1.413117586173837,3.4511917936362346,-0.6249566212885604,0
2024-09-30,1.3924767426183093,0.7694772681754457,6.0426745875106125,3.212892143696584,2.8297824438140284,1.4621577210152705,3.4924789166927352,-0.5681634746621942,0
2024-10-08,1.6710260213024133,0.7796915681954737,6.181689082632525,3.1691721342410757,3.0125169483914496,1.5004376908957708,3.5599099379873715,-0.5590345561958301,0
2024-10-09,1.7662127544829445,0.7107951131584218,5.163396367145285,1.0850807873876904,4.078315579757595,1.5553772312546872,3.7105311074658545,-0.5997766449564803,1
2024-10-10,1.7666172306862613,0.7190066092529541,4.227850242424321,1.2881254342605892,2.9397248081637315,1.5932205991196735,3.7647497073125997,-0.5783085090732527,0
2024-10-11,1.6677902116758798,0.7063889445223314,3.2323098506866654,0.9020513327088063,2.330258517977859,1.624261416800827,3.783562277642069,-0.5350394440404154,0
2024-10-14,1.674531481731158,0.7029841778489886,2.9608631474947886,0.7959687369049137,2.164894410589875,1.6571479980714496,3.787608550107931,-0.4733125539650316,0
2024-10-15,1.5774571929351489,0.692569597436411,2.3121131873556116,0.49637682648229264,1.815736360873319,1.697297475847234,3.744410976367794,-0.3498160246733262,0
2024-10-16,1.531212080355939,0.6861606248748248,1.9792780930760228,0.31404920180358703,1.6652288912724358,1.7257523579610956,3.7213323203370496,-0.2698276044148584,0
2024-10-17,1.5664015100444924,0.6795513719206889,2.0294211086131075,0.1302517975151209,1.8991693110979866,1.7261295064612983,3.7218339412575245,-0.26957492833492824,0
2024-10-18,1.7930430093029528,0.6969757660725014,2.7933259788122804,0.638887781032086,2.1544381977801943,1.7423946921224402,3.7358507717542286,-0.25106138750934814,0
2024-10-21,1.7702575165161119,0.7005808131383937,2.502448955412316,0.7444227318154826,1.7580262235968336,1.7586919271399681,3.7360727474990956,-0.21868889321915908,0
2024-10-22,1.7272482135634355,0.7029841778489886,2.19164334800077,0.8232226886124211,1.3684206593883488,1.7588342908949102,3.7360995392016196,-0.21843095741179908,0
2024-10-23,1.6855871646218146,0.7129981974764671,1.9294420760340534,1.1170188679933128,0.8124232080407405,1.7496413203486076,3.7394629422437804,-0.2401803015465649,0
2024-10-24,1.6691384656869352,0.7027838974564391,1.782061564431294,0.8202543793989577,0.9618071850323363,1.7566136322416857,3.7321232927723687,-0.21889602828899712,0
2024-10-25,1.644869893487933,0.7073903464850791,1.6231003463964513,0.9458914601756057,0.6772088862208456,1.7550223738391524,3.733906884212213,-0.22386213653390796,0
2024-10-28,1.6525549413509504,0.7141998798317644,1.5825527671466364,1.135552408422385,0.4470003587242515,1.7575964913816966,3.7291307104108253,-0.21393772764743213,0
2024-10-29,1.7059458001887555,0.7063889445223314,1.691003071227363,0.9061292915101284,0.7848737797172345,1.766249089305351,3.715581292489702,-0.18308311387900011,0
2024-10-30,1.6878791964406092,0.7061886641297817,1.5635145524044916,0.8818830799874222,0.6816314724170693,1.7634389645188357,3.718620061945038,-0.19174213290736652,0
2024-10-31,1.7314278009977078,0.7001802523532946,1.6370019143888492,0.6958093552401274,0.9411925591487218,1.7558990280114508,3.7203492250613444,-0.2085511690384425,0
2024-11-01,1.6702170688957798,0.6993791307830963,1.383378663415702,0.6683883513159148,0.7149903120997871,1.7256803278608859,3.6975776315543856,-0.2462169758326136,0
2024-11-04,1.6779021167587973,0.7029841778489886,1.3571496642956313,0.7618147134995201,0.5953349507961112,1.693024248057805,3.673950451821555,-0.2879019557059448,0
2024-11-05,1.7430227854927869,0.7158021229721611,1.5034733443444928,1.1021973603345494,0.40127598400994335,1.6675827538829702,3.675274507129349,-0.34010899936340877,0
2024-11-06,1.7957395173250639,0.7154015621870619,1.6006369240808402,1.0732964662903088,0.5273404577905314,1.67485586261805,3.6623746507995065,-0.31266292556340614,0
2024-11-07,1.9111500606714305,0.7364310034047667,1.8636560660327517,1.6086916887843665,0.25496437724838517,1.6722912265743033,3.6668399622943557,-0.3222575091457489,0
2024-11-08,1.84697316974518,0.731624273983577,1.6030863901521282,1.433026528871707,0.17005986128042117,1.68412025938448,3.633205941712566,-0.26496542294360603,0
2024-11-11,1.8747472023729272,0.7328259563388745,1.6172217575564742,1.4202303945162205,0.19699136304025378,1.6910335881727563,3.615464270872301,-0.23339709452678847,0
2024-11-12,1.7447755157071592,0.7280192269176848,1.1951445699898962,1.2549454135461031,-0.05980084355620696,1.691820943275166,3.6132955019942177,-0.22965361544388552,0
2024-11-13,1.7730888499393285,0.7292209092729821,1.2340645062254434,1.2473763131487416,-0.013311806923298253,1.6822331617714117,3.632171298610787,-0.2677049750679634,0
2024-11-14,1.7082378320075502,0.7212096935709994,1.0115037269521652,1.013456009516338,-0.0019522825641729025,1.6735462643020067,3.6490361855026077,-0.30194365689859404,0
2024-11-15,1.6435216394768775,0.7268175445623873,0.7954991634961535,1.120813831188355,-0.32531466769220163,1.6535169470244107,3.6854446366685063,-0.378410742619685,0
2024-11-18,1.6598355130106512,0.7246144602443421,0.8148101896049607,1.0391609974954894,-0.22435080789052875,1.6311360838356646,3.715929461340184,-0.45365729366885454,0
2024-11-19,1.7149791020628287,0.7202082916082516,0.9441218097931959,0.9062326886124802,0.037889121180715746,1.6091648884417875,3.7331636921519187,-0.5148339152683437,0
2024-11-20,1.706080625589861,0.721409973963549,0.8876987628756994,0.90990149294702,-0.022202730071320675,1.5796680585492489,3.74460766056224,-0.5852715434637421,0
2024-11-21,1.7325064042065526,0.7176046465051071,0.9337035965858956,0.7933884524591882,0.14031514412670743,1.5600277507385634,3.755758845712596,-0.6357033442354691,0
2024-11-22,1.6704867196979911,0.6973763268576006,0.7243494341591232,0.2856214038636509,0.4387280302954723,1.5379911957364771,3.7519842156220586,-0.6760018241491044,0
2024-11-25,1.5944451934744506,0.6899659523332666,0.47594515804418636,0.09016033366390129,0.38578482438028505,1.5015967493919034,3.7184081824133424,-0.7152146836295357,0
2024-11-26,1.5922879870567614,0.6919687562587622,0.4463344883467866,0.12762792127824465,0.31870656706854195,1.4762490286532575,3.712039317585406,-0.7595412602788907,0
2024-11-27,1.6610489416206013,0.696775485679952,0.6290165343163323,0.23300186381211427,0.396014670504218,1.461493963493916,3.7141388023684776,-0.791150875380646,0
2024-11-28,1.6988000539301604,0.6973763268576006,0.717967760204539,0.23121013368568255,0.48675762651885646,1.4393835286995007,3.7039893290873547,-0.825222271688353,0
2024-11-29,1.6962383713091547,0.6991788503905467,0.6837952040000383,0.25772193273026306,0.4260732712697753,1.4178512688906018,3.6962067406184858,-0.8605042028372825,0
2024-12-02,1.710799514628556,0.7148007210094132,0.7031453708718295,0.6271637521045536,0.07598161876727594,1.392962872077345,3.697068931829481,-0.9111431876747911,0
2024-12-03,1.6903060536605097,0.7144001602243141,0.6124367056887667,0.5961224571052653,0.01631424858350139,1.3498568706347533,3.65867000475519,-0.9589562634856834,0
2024-12-04,1.7377645948496694,0.7025836170638894,0.7388076512639415,0.2767704022699122,0.46203724899402937,1.3094494334766458,3.593597511020959,-0.974698644067667,0
2024-12-05,1.7260347849534854,0.7009813739234929,0.6743899127042824,0.21575161970509862,0.4586382929991838,1.2762004633709947,3.550659634777692,-0.9982587080357028,0
2024-12-06,1.750168531751382,0.7113959543360706,0.7286289172459102,0.46137512582937656,0.2672537914165336,1.245541205378338,3.524045616652362,-1.0329632058956866,0
2024-12-09,1.7391128488607255,0.7115962347286201,0.665935808929118,0.44453444458860336,0.2214013643405146,1.2299753564044442,3.523696045316622,-1.0637453325077337,0
2024-12-10,1.756774976405555,0.7127979170839176,0.7022764572789213,0.45316251535607016,0.24911394192285113,1.2041121685909095,3.5066240508663755,-1.0983997136845565,0
2024-12-11,1.6769583389510583,0.7178049268976567,0.39096986357683206,0.5606233684176656,-0.16965350484083352,1.1601359769641058,3.465170824380672,-1.14489887045246,0
2024-12-12,1.7095860860186058,0.7240136190666934,0.4851046937864623,0.7039778384240828,-0.21887314463762048,1.0956809937084508,3.3329659899096167,-1.141604002492715,0
2024-12-13,1.669273291088041,0.7156018425796113,0.30452070071452103,0.44376035799124425,-0.13923965727672322,1.0305975989858476,3.1772834323894683,-1.1160882344177734,0
2024-12-16,1.6640151004449237,0.7071900660925295,0.25315561977805484,0.16697059139648454,0.0861850283815703,0.988132268240262,3.1064033454595084,-1.1301388089789846,0
2024-12-17,1.6423082108669274,0.7003805327458441,0.13010298931877787,-0.08655079972426138,0.21665378904303925,0.9358869357672449,2.9700162681200983,-1.0982423965856083,0
2024-12-18,1.6340838613994877,0.6981774484277989,0.053520522125763234,-0.22705396917173293,0.2805744912974962,0.8997058662713213,2.9011427188867893,-1.1017309863441467,0
2024-12-19,1.7362815154375084,0.6901662327258161,0.49530938798594293,-0.5995840461334686,1.0948934341194114,0.8796766942753514,2.848026212247967,-1.088672823697264,0
2024-12-20,1.767021706889578,0.6911676346885639,0.6320527732665137,-0.6678933240111291,1.2999460972776427,0.8657279820428223,2.8095459571441532,-1.0780899930585086,0
2024-12-23,1.8430632331131183,0.6943721209693572,1.0535635885723158,-0.6612793548276967,1.7148429434000125,0.8626136484342782,2.800268842318878,-1.075041545450322,0
2024-12-24,1.8976675205608737,0.7033847386340877,1.423732847974719,-0.2985779875081454,1.7223108354828645,0.8589831353922869,2.7892278679909737,-1.0712615972064001,0
2024-12-25,2.111365781313199,0.70698978569998,2.8838780660960963,-0.17435026161431152,3.058228327710408,0.8768520467429776,2.8684165142361624,-1.1147124207502075,1
2024-12-26,2.146150734798436,0.7001802523532946,3.2333498546865322,-0.5943157335898405,3.8276655882763726,0.9110906482179081,3.03179742406239,-1.2096161276265742,1
2024-12-27,2.0904678441418363,0.7057881033446826,2.949844965695233,-0.2606214108022221,3.210466376497455,0.9316947389445353,3.1174424123455586,-1.2540529344564884,1
2024-12-30,2.0763111770257514,0.6971760464650512,2.7358917371530733,-0.7683509229569405,3.504242660110014,0.9429357425494683,3.1748415849124796,-1.2889700998135427,1
2024-12-31,2.019549683160307,0.6839575405567795,2.1469566362905343,-1.838772729232473,3.9857293655230075,0.9591559495016609,3.265159100791471,-1.3468472017881492,1
2025-01-02,1.8751516785762439,0.6671339875826157,1.0066966065497374,-2.8700354881278938,3.876732094677631,0.9557962247503282,3.2438308616784397,-1.3322384121777835,1
2025-01-03,1.8283672643926117,0.6629280993390747,0.6376891088397364,-2.893711213972521,3.5314003228122575,0.9656574833278037,3.29323265355227,-1.3619176868966623,1
2025-01-06,1.8143454226776323,0.6629280993390747,0.5121335527780553,-2.6650616582107753,3.1771952109888306,0.9797730948779866,3.350877381129785,-1.391331191373812,0
2025-01-07,1.9900229203181878,0.6611255758061285,1.771617584336801,-2.5743427121713234,4.3459602965081245,1.016124192976624,3.5240630288166352,-1.4918146428633872,1
2025-01-08,2.020897937171363,0.6585219307029843,1.9129536062598156,-2.5507450610978006,4.463698667357616,1.0602568980846958,3.714367201456956,-1.5938534052875646,1
2025-01-09,1.9981124443845217,0.6543160424594433,1.6882620084373157,-2.612702630543347,4.300964638980663,1.1041858272131662,3.883331625279076,-1.6749599708527438,1
2025-01-10,1.9778886342186865,0.648307630682956,1.489209274351152,-2.7479808994254937,4.2371901737766455,1.143152841591144,4.031075905795347,-1.7447702226130586,1
2025-01-13,1.9333962518538492,0.6489084718606049,1.1333381335101034,-2.5274431679650298,3.660781301475133,1.1682585599860593,4.117483182358962,-1.7809660623868429,0
2025-01-14,1.9421599029257113,0.66513118365712,1.162351776578525,-1.684097005117443,2.846448781695968,1.1863989359543783,4.163636408291373,-1.7908385363826158,0
2025-01-15,1.984629904273965,0.6677348287602645,1.4127389253093134,-1.5056524947010685,2.9183914200103818,1.2122317819647452,4.22260688849427,-1.7981433245647798,0
2025-01-16,1.7906161520830524,0.6649309032645705,0.03284794789609882,-1.566856120249092,1.5997040681451908,1.225353129633153,4.235502541439064,-1.7847962821727574,0
2025-01-17,1.7767291357691788,0.6649309032645705,-0.07861173735415668,-1.508398943578444,1.4297872062242873,1.2331527966530185,4.242949558629967,-1.7766439653239294,0
2025-01-20,1.8053121208035594,0.6627278189465252,0.10682411694755779,-1.5413927748523863,1.6482168917999442,1.2493362634126708,4.257414870670292,-1.75874234384495,0
2025-01-21,1.793582310907375,0.6649309032645705,0.0057150452983116724,-1.3931129464792726,1.3988279917775843,1.265200057296893,4.266097376888149,-1.7356972622943627,0
2025-01-22,1.786032088445463,0.6675345483677148,-0.05886418327271186,-1.240010531333929,1.181146348061217,1.271804600102626,4.270144922418014,-1.7265357222127624,0
2025-01-23,1.7600107860320884,0.6659323052273183,-0.2579763961692514,-1.2628466443556283,1.004870248186377,1.277191913032114,4.27237864378762,-1.7179948177233921,0
2025-01-24,1.7662127544829445,0.6677348287602645,-0.2172315725985025,-1.152801253336084,0.9355696807375815,1.277098198391928,4.272328044983612,-1.718131648199756,0
2025-01-27,1.725765134151274,0.6641297816943721,-0.5224656960371299,-1.2587681533586055,0.7363024573214756,1.27745340081229,4.272417130966221,-1.717510329341641,0
2025-02-05,1.8766347579884048,0.6611255758061285,0.564461672366872,-1.3319914693149066,1.8964531416817785,1.299138703993718,4.2928532969449895,-1.6945758889575535,0
2025-02-06,1.898476472967507,0.6633286601241738,0.7045813715437637,-1.2019242213544183,1.906505592898182,1.324225864141855,4.312556834537968,-1.6641051062542587,0
2025-02-07,1.8835108534447889,0.6669337071900661,0.5819825613865585,-1.024891810007228,1.6068743713937863,1.3422180960352426,4.3240243957787925,-1.6395882037083072,0
2025-02-10,1.9185654577322369,0.6705387542559583,0.8376860130297095,-0.8563533594446269,1.6940393724743363,1.3662026792890087,4.3355589627004365,-1.6031536041224188,0
2025-02-11,1.887555615477956,0.6615261365912277,0.6039439130887883,-1.1830936155508744,1.7870375286396627,1.3931523070783294,4.347662209550505,-1.561357595393846,0
2025-02-12,1.9021167587973575,0.6617264169837773,0.7056766477644232,-1.1432552148608806,1.8489318626253037,1.4206846487380804,4.36060395438862,-1.5192346569124593,0
2025-02-13,1.8208170419307,0.6611255758061285,0.10304305789470425,-1.1343642029633259,1.23740726085803,1.4423047838116507,4.356906352287589,-1.4722967846642874,0
2025-02-14,1.8321423756235673,0.6607250150210295,0.17870566474228222,-1.1196916828682166,1.2983973476104989,1.4641666030538807,4.353926692928585,-1.4255934868208233,0
2025-02-17,1.9092625050559526,0.6589224914880832,0.7183572881093306,-1.159167104467294,1.8775243925766247,1.4954912143062273,4.361250598512088,-1.3702681698996328,0
2025-02-18,1.8534447889982473,0.6529140797115963,0.28800224992535134,-1.3751443761295996,1.663146626054951,1.52863223586868,4.354450049384747,-1.2971855776473873,0
2025-02-19,1.8520965349871916,0.6519126777488483,0.2570651358480099,-1.3782471180984621,1.635312253946472,1.5596266202326299,4.34777557318524,-1.2285223327199808,0
2025-02-20,1.8356478360523123,0.6519126777488483,0.11944655719692476,-1.3372744828215473,1.456721040018472,1.5832738188799258,4.342843034266171,-1.1762953965063194,0
2025-02-21,2.116219495753,0.6553174444221911,2.107543746507396,-1.1566951800736316,3.2642389265810277,1.6380478464907984,4.398453188281073,-1.1223574952994764,0
2025-02-24,2.077120129432385,0.657720809132786,1.7411046828595824,-1.0201132441721734,2.7612179270317556,1.6817295595392157,4.428640645830094,-1.0651815267516627,0
2025-02-25,2.10192800323581,0.6503104346084518,1.8326522664417026,-1.3031111777797912,3.135763444221494,1.726680149771316,4.47911335391397,-1.0257530543713378,0
2025-02-26,2.224619118241877,0.6513118365711997,2.53222190087004,-1.216653143400533,3.748875044270573,1.7827316534361541,4.560941315535491,-0.9954780086631829,0
2025-02-27,2.2918969933935553,0.6571199679551373,2.781174665616232,-0.9326566703872166,3.7138313360034485,1.839317066251736,4.634479760173098,-0.9558456276696257,0
2025-02-28,2.1572064176890926,0.650710995393551,1.829316612648167,-1.1706206854312626,2.9999372980794297,1.8827157767113227,4.667562110831306,-0.9021305574086604,0
2025-03-03,2.034919778886342,0.6485079110755058,1.0162066940342098,-1.222327193364989,2.238533887399199,1.9119120477259952,4.673862431184073,-0.8500383357320827,0
2025-03-04,2.0426048267493595,0.6489084718606049,1.0306302272426098,-1.1645601236261782,2.195190350868788,1.9413973323859788,4.676465554344446,-0.7936708895724889,0
2025-03-05,2.0756370500202235,0.6461045463649109,1.2002148210297088,-1.248669436033984,2.4488842570636926,1.980945709690919,4.674601103729892,-0.712709684348054,0
2025-03-06,2.19805851422408,0.6479070698978571,1.8924779711176154,-1.1390644281842812,3.0315423993018964,2.0311995122028925,4.6880128937356975,-0.6256138693299129,0
2025-03-07,2.1545099096669813,0.6447025836170639,1.5561904177161712,-1.2379273976367786,2.7941178153529496,2.070067521642208,4.701614422879743,-0.561479379595327,0
2025-03-10,2.197654038020763,0.6437011816543161,1.745233117685633,-1.2397773985640965,2.9850105162497296,2.11217372536305,4.719573458830746,-0.49522600810464645,0
2025-03-11,2.1303761628690845,0.6453034247947126,1.289423210218336,-1.1383158102758284,2.4277390204941645,2.148181812514344,4.711236454084412,-0.4148728290557244,0
2025-03-12,2.1898341647566397,0.6435009012617665,1.5841912358974148,-1.1880158845714803,2.772207120468895,2.1906952417831502,4.70795640276409,-0.32656591919778943,0
2025-03-13,2.0964001617904815,0.6412978169437212,0.9925940077738017,-1.258953256720746,2.2515472644945476,2.2240691304926785,4.689175328754368,-0.2410370677690108,0
2025-03-14,2.1151408925441553,0.6503104346084518,1.0716972702402685,-0.8232480603317256,1.894945330571994,2.2584791110828926,4.644020488054728,-0.12706226588894243,0
2025-03-17,2.0869623837130913,0.6547166032445423,0.8723898770676862,-0.5929594767892092,1.4653493538568956,2.286549486057801,4.591796512920266,-0.01869754080466368,0
2025-03-18,2.0682216529594175,0.6541157620668936,0.7322242294487382,-0.6038990060454015,1.3361232354941397,2.311138867603982,4.541385425196873,0.08089231001109098,0
2025-03-19,2.060671430497506,0.6523132385339475,0.6600501968383181,-0.6808912393802041,1.3409414362185221,2.3320514744012644,4.5000954874907375,0.16400746131179123,0
2025-03-20,2.0447620331670486,0.6505107150010013,0.5335184393583497,-0.7603981518231377,1.2939165911814876,2.350005854436905,4.463956193197665,0.2360555156761457,0
2025-03-21,1.9657543481191857,0.648307630682956,-0.02435398262434623,-0.8669654037378368,0.8426114211134906,2.3593731366005053,4.440751771387435,0.2779945018135752,0
2025-03-24,2.0088984764729676,0.6503104346084518,0.24630930367480594,-0.7198947347353817,0.9662040384101876,2.357228313338685,4.4441651857977655,0.2702914408796042,0
2025-03-25,1.914790346501281,0.6581213699178851,-0.43955047933881464,-0.20979208590098608,-0.22975839343782856,2.331733238493427,4.506728440096386,0.15673803689046828,-1
2025-03-26,1.901712282594041,0.6547166032445423,-0.5428691217905889,-0.3987859480821123,-0.14408317370847656,2.300751136541619,4.562712647782696,0.03878962530054153,-1
2025-03-27,1.9166779021167588,0.654916883637092,-0.438149006088446,-0.3571484540811485,-0.0810005520072975,2.270695946750116,4.610504424548575,-0.06911253104834225,-1
2025-03-28,1.9009033301874074,0.6509112757861005,-0.529340301765506,-0.6369361083438116,0.1075958065783057,2.221518738064581,4.6173565251879785,-0.17431904905881623,0
2025-03-31,1.9050829176216801,0.6475065091127579,-0.475524200592027,-0.9158226319993998,0.44029843140737285,2.165062618783431,4.566578684143874,-0.23645344657701228,0
2025-04-01,1.9133072670891196,0.6529140797115963,-0.3958678717673659,-0.44360270413207425,0.04773483236470838,2.1123504263812185,4.558944250310978,-0.3342433975485406,0
2025-04-02,1.9122286638802752,0.6487081914680553,-0.38534237561055257,-0.9279271104387816,0.5425847348282291,2.0629894609598556,4.514851082240657,-0.38887216032094596,0
2025-04-03,1.914790346501281,0.6485079110755058,-0.3536422589808132,-0.969311354860081,0.6156690958792679,2.0068217897991265,4.433788842542169,-0.42014526294391574,0
2025-04-07,1.839827423486585,0.6140596835569798,-0.9002388591574817,-4.457386437512852,3.5571475783553703,2.0014953811937555,4.413123105259715,-0.41013234287220435,0
2025-04-08,1.809761359040043,0.633486881634288,-1.1166810546796222,-2.2041772193564233,1.087496164676801,1.9607636452248314,4.349728077293067,-0.42820078684340457,0
2025-04-09,1.90750977484158,0.6641297816943721,-0.4134732573757303,1.0075668802116788,-1.421040137587409,1.8841263894152274,4.405694008279676,-0.6374412294492209,-1
2025-04-10,1.9046784414183633,0.6613258561986782,-0.4234040609976254,0.7133692012464058,-1.1367732622440312,1.7927474967693582,4.348554118342945,-0.7630591248042291,-1
2025-04-11,1.9808547930430092,0.6541157620668936,0.14568986317847885,-0.033954653012815646,0.17964451619129448,1.7213465942499195,4.212162418247999,-0.76946922974816,0
2025-04-14,2.024403397600108,0.6539154816743441,0.4647410006206167,-0.05425613715314134,0.518997137773758,1.6583138025631377,4.0738600355992,-0.7572324304729243,0
2025-04-15,2.027774032627747,0.6445023032245143,0.4826321519129044,-1.0288982940716036,1.511530445984508,1.6128861404332686,3.9317309700933194,-0.7059586892267822,0
2025-04-16,2.08305244708103,0.654916883637092,0.8674244631532196,0.04677154458230609,0.8206529185709135,1.5655506673848651,3.829650441961914,-0.6985491071921839,0
2025-04-17,2.0763111770257514,0.6599238934508312,0.79727062305616625,0.5839923322734734,0.2132782907826929,1.5216644925363103,3.786847700032991,-0.7435187149603704,0
2025-04-18,2.0175273021437237,0.6513118365711997,0.36335498192511784,-0.29974207712020984,0.6630970590453277,1.4840762531868927,3.7297437217510705,-0.761591215377285,0
2025-04-21,2.0725360657947958,0.6489084718606049,0.7378882923497783,-0.5335832834004541,1.2714715757502324,1.4786057116469769,3.7247265174214506,-0.7675150941274969,0
2025-04-22,2.0506943508156934,0.6471059483276588,0.5517589756339408,-0.7021952046347253,1.253954180268666,1.4756751612143832,3.7225137721804966,-0.7711634497517299,0
2025-04-23,2.0088984764729676,0.6424994992990186,0.21636572057022962,-1.1641622857758829,1.3805280063461125,1.4712136797901527,3.717721678293926,-0.7752943187136205,0
2025-04-24,1.9994606983955778,0.6426997796915682,0.12072574626463761,-1.1060192908080455,1.2267450370726831,1.4683456305450708,3.7156687832237143,-0.7789775221335729,0
2025-04-25,1.9847647296750708,0.6461045463649109,-0.01884580427055989,-0.7084478409695151,0.6896020366989551,1.4601532253557,3.7153053105314626,-0.7949988598200628,0
2025-04-28,2.0035054604287446,0.6445023032245143,0.09978765462346803,-0.8580944758178665,0.9578821304413345,1.459370090059949,3.71519784287105,-0.7964576627511519,0
2025-04-29,2.02372927059458,0.6424994992990186,0.235875500700846,-1.054744813269471,1.290620313970317,1.465287600613828,3.7173857055449737,-0.7868105043173177,0
2025-04-30,2.0035054604287446,0.6429000600841178,0.029507937786416184,-0.9775194217353625,1.0070273595217787,1.4697996823171666,3.717036225899953,-0.7774368612656202,0
2025-05-06,2.02251584198463,0.6459042659723613,0.17628670664838497,-0.6053839125598698,0.7816706192082548,1.4512199736092743,3.7025373178350245,-0.8000973706164756,0
2025-05-07,2.0331670486719697,0.6477067895053075,0.25226995526258,-0.3709209313483315,0.6231908866109115,1.4298313951711532,3.6879277618316713,-0.8282649714893648,0
2025-05-08,1.968450856141297,0.6473062287202083,-0.3391136641542051,-0.3916303064013811,0.052516642247176004,1.4039254330187099,3.689260001074742,-0.8814091350373223,0
2025-05-09,1.9398678711069164,0.6424994992990186,-0.6002555384052273,-0.9664478847878039,0.3661923463825766,1.3817946492505138,3.681373982381566,-0.9177846838805388,0
2025-05-12,1.9374410138870162,0.6459042659723613,-0.6336851708900495,-0.5051310655583451,-0.12855410533170442,1.3498681220176576,3.679554705198285,-0.9798184611629699,0
2025-05-13,1.9168127275178641,0.6459042659723613,-0.8243776799459183,-0.4799607894230478,-0.34441689052287044,1.3133123094651882,3.6796882296344178,-1.0530636107040412,0
2025-05-14,1.9444519347445057,0.652112958141398,-0.6055774772468334,0.3723535095655374,-0.9779309868123709,1.276390005337348,3.7155942387065024,-1.1628142280318063,0
2025-05-15,1.916003775111231,0.6529140797115963,-0.8976155657347469,0.5079582058474508,-1.4055737715821977,1.2313238200174699,3.7668867103839867,-1.3042390703490467,-1
2025-05-16,1.8671969799110153,0.6519126777488483,-1.3412228619705975,0.39138154538420633,-1.732604407354804,1.1711550066852792,3.8134318364253876,-1.4711218230548293,-1
2025-05-19,1.8862073614669004,0.6543160424594433,-1.176401864446817,0.723269753769668,-1.899671618216485,1.1117747026140887,3.866805295688641,-1.6432558904604635,-1
2025-05-20,1.873533773762977,0.6543160424594433,-1.305553971516963,0.7154229993546208,-2.020976970871584,1.050836548867121,3.918216964467695,-1.8165438667334532,-1
2025-05-21,1.8720506943508155,0.654916883637092,-1.3370934220580775,0.7888997168588894,-2.125993138916967,0.9911246458848638,3.9711276383548295,-1.9888783465851017,-1
2025-05-22,1.842523931508696,0.6567194071700381,-1.5559060602274706,1.032610828452282,-2.5885168886797523,0.8935787156305176,3.953012977507237,-2.1658555462462017,-1
2025-05-23,1.835378185250101,0.6487081914680553,-1.5576524377369063,-0.055615469724742406,-1.502036968012164,0.8225244673797856,3.9034665580405292,-2.258417623280958,0
2025-05-26,1.835378185250101,0.652112958141398,-1.4976793851349928,0.4163611993882484,-1.914040584523241,0.7383610669007065,3.8380900489201752,-2.361367915118762,0
2025-05-27,1.835378185250101,0.6523132385339475,-1.4664106703720885,0.4416426943326716,-1.9080533647047602,0.6440789267511177,3.715319874066439,-2.4271620205642037,0
2025-05-28,1.835378185250101,0.6531143601041458,-1.471876802314795,0.5674248359977612,-2.039301638312556,0.5481933771791845,3.5886571374533913,-2.492270383095022,0
2025-05-29,1.835378185250101,0.6515121169637492,-1.429811305147738,0.3397060526257553,-1.7695173577734933,0.46870246624830225,3.497790819294173,-2.560385886797569,0
2025-05-30,1.835378185250101,0.6481073502904066,-1.3773793586542842,-0.13859290165586247,-1.2387864569984217,0.41074712717500844,3.435150534710696,-2.613656280360679,0
2025-06-03,1.835378185250101,0.6509112757861005,-1.3278579296391173,0.25121115729466703,-1.5790690869337842,0.3478428032116324,3.3782670537451613,-2.6825814473218967,0
2025-06-04,1.835378185250101,0.65111155617865,-1.281750121080527,0.2678971818271063,-1.5496473029076334,0.28120061054544365,3.299515573052481,-2.7371143519615937,0
2025-06-05,1.835378185250101,0.6503104346084518,-1.2607921154522566,0.14947293394063474,-1.4102650493928912,0.20717048640053057,3.1684307593031344,-2.7540897865020733,0
2025-06-06,1.835378185250101,0.6485079110755058,-1.2311908825657651,-0.11366939923363577,-1.1175214833321294,0.1419764980891126,3.0431880208526336,-2.759235024674408,0
2025-06-09,1.835378185250101,0.652112958141398,-1.2186910955919616,0.37749958337058137,-1.596190678962543,0.06562314483557452,2.9029023387359087,-2.7716560490647595,0
2025-06-10,1.9142510448968584,0.6485079110755058,-0.36207082146064135,-0.14202182414785217,-0.22004899731278918,0.021493344538792,2.7908771818077733,-2.747890492730189,0
2025-06-11,1.8268841849804502,0.6565191267774885,-1.3054475329961437,0.9653738194896179,-2.2708213524857617,-0.06255713001045225,2.673137152631206,-2.7982514126521103,0
2025-06-12,1.8348388836456788,0.6509112757861005,-1.1832475377350025,0.14784768739734178,-1.3310952251323442,-0.12226783817090041,2.5639118565782772,-2.8084475329200784,0
2025-06-13,1.847916947552919,0.6424994992990186,-1.0094698732355711,-1.0334816000618972,0.02401172682632602,-0.15345006489999494,2.48040306172441,-2.7873031915244,0
2025-06-16,1.8653094242955373,0.6392950130182256,-0.7775528476249245,-1.4336529672146434,0.6561001195897189,-0.1669375521377813,2.441359301361242,-2.7752344056368043,0
2025-06-17,1.8295806930025615,0.6366913679150811,-1.1802319166820956,-1.7196096602287743,0.5393777435466787,-0.1802166436702389,2.404962673847421,-2.765395961187899,0
2025-06-18,1.8158285020897937,0.632084918886441,-1.3124029363123746,-2.210489658288219,0.8980867219758444,-0.1875975555742834,2.382399359316782,-2.7575944704653486,0
2025-06-19,1.8086827558311986,0.6274784698578009,-1.3589617327345445,-2.6013308925943672,1.2423691598598228,-0.1884566794296446,2.3795593384884883,-2.7564726973477773,0
2025-06-20,1.7999191047593366,0.6284798718205488,-1.4137891713976518,-2.3205802287157464,0.9067910573180946,-0.18738701882623449,2.382428841933819,-2.757202879586288,0
2025-06-23,1.8009977079681814,0.6266773482876026,-1.3520895291412762,-2.3651282872800916,1.0130387581388154,-0.1866064401640908,2.384662825566509,-2.7578757058946906,0
2025-06-24,1.8489955507617633,0.6344882835970358,-0.7443391009654314,-1.4356119641153122,0.6912728631498808,-0.17125591922096223,2.409943379156272,-2.7524552175981967,0
2025-06-25,1.8604557098557368,0.6368916483076307,-0.5937912141688458,-1.128598289593162,0.5348070754243163,-0.1599410817354156,2.427686650326841,-2.747568813797672,0
2025-06-26,1.9111500606714305,0.636290807129982,0.026399838088884176,-1.1549423503720722,1.1813421884609563,-0.13890203606094476,2.4717613070506412,-2.7495653791725307,0
2025-06-27,1.874073075367399,0.636290807129982,-0.4203368121952543,-1.1178667320710567,0.6975299198758024,-0.1290698008393197,2.489800604542838,-2.747940206221477,0
2025-06-30,1.9049480922205742,0.636290807129982,-0.04379017024115858,-1.086320567842702,1.0425303976015434,-0.11903260140275043,2.513296193828384,-2.751361396633885,0
2025-07-01,1.8403667250910072,0.6330863208491888,-0.8119021777065946,-1.3802900986937117,0.5683879209871171,-0.11035504992571007,2.52763663836067,-2.74834673821209,0
2025-07-02,1.8276931373870837,0.6318846384938914,-0.9412540250797887,-1.452688081839974,0.5114340567601854,-0.11087422789351098,2.52660694508884,-2.7483554008758624,0
2025-07-03,1.8249966293649724,0.6338874424193871,-0.9483500409504083,-1.2024003414553315,0.25405030050492317,-0.11690120781641673,2.515474178504229,-2.7492765941370627,0
2025-07-04,1.8276931373870837,0.6322851992789906,-0.9118520797203556,-1.518196315225924,0.6063442355055683,-0.16608126353057995,2.2915320390531377,-2.623694566114298,0
2025-07-07,1.8340299312390453,0.6304826757460444,-0.8452455496822903,-1.700362762770712,0.8551172130884218,-0.16995424605705295,2.280344543745717,-2.620253035859823,0
2025-07-08,1.84575974113523,0.6326857600640897,-0.6896325893916831,-1.424243887611719,0.7346112982200358,-0.13402672212692898,2.304840020081164,-2.5728934643350216,0
2025-07-09,1.8254011055682888,0.6346885639895854,-0.91008648156463,-1.166670960120159,0.256584478555529,-0.11080409311360288,2.315726751370082,-2.537334937597288,0
2025-07-10,1.8216259943373332,0.6354896855597837,-0.9234661442066558,-1.0387746638362823,0.1153085196296264,-0.11187635972296403,2.314189209238874,-2.537941928684802,0
2025-07-11,1.852905487393825,0.634888844382135,-0.5280266056133303,-1.0721916789104675,0.5441650732971373,-0.11145689413090767,2.315061041725282,-2.537974829987097,0
2025-07-14,1.8349737090467844,0.6374924894852794,-0.7176775868808226,-0.7529198426745771,0.03524225579375451,-0.13606169730075368,2.2531648426927964,-2.525288237294304,0
2025-07-15,1.8430632331131183,0.6354896855597837,-0.5961766425043032,-0.9523960810976099,0.3562194385933066,-0.1438022553003804,2.2358059436498103,-2.523410454250571,0
2025-07-16,1.8546582176081974,0.6366913679150811,-0.42081628617831035,-0.7882841549125097,0.36746786873419934,-0.1412324290011887,2.240276682287013,-2.5227415402893905,0
2025-07-17,1.8605905352568424,0.6374924894852794,-0.31389140769951146,-0.6680296421407339,0.35413823444122244,-0.14638174274459032,2.229382092154034,-2.5221455776432142,0
2025-07-18,1.8467035189429688,0.6437011816543161,-0.4828656161102218,0.08585764050057282,-0.5687232566107946,-0.1770516566172742,2.171613586291885,-2.525716899526434,0
2025-07-21,1.8426587569098016,0.6445023032245143,-0.5195674076002336,0.1877022587483364,-0.70726966634857,-0.20973872072756145,2.112352914217596,-2.5318303556727186,0
2025-07-22,1.8247269785627613,0.6487081914680553,-0.7764796739427797,0.6789796679749778,-1.4554593419177575,-0.2570051765319593,2.048808265847841,-2.562818618911759,0
2025-07-23,1.8224349467439664,0.6491087522531543,-0.7905621863828244,0.7111010835611514,-1.5016632699439758,-0.3024786483155702,1.99189219980028,-2.5968494964314206,0
2025-07-24,1.8430632331131183,0.6655317444422191,-0.4211280448744427,2.4913551465958537,-2.9124831914702964,-0.36251340211839106,2.0133208494042654,-2.738347653641047,-1
2025-07-25,1.907644600242686,0.6561185659923893,0.7460448884466842,1.3829142131041308,-0.6368693246574466,-0.38909259303670407,1.9622087901412182,-2.740393976214626,0
2025-07-28,1.886611837670217,0.6555177248147406,0.4407923521561846,1.2740384694220823,-0.8332461172658977,-0.424490366890641,1.8875675634268334,-2.7365482972081154,0
2025-07-29,1.9280032358096264,0.6519126777488483,1.3292096061242762,0.8572511690240259,0.4719584371002503,-0.4334081822643332,1.860243793466329,-2.7270601579949956,0
2025-07-30,1.8936227585277063,0.6543160424594433,0.7429882089340744,1.0926086853575085,-0.3496204764234342,-0.45226303385819466,1.8192503793667694,-2.723776447083159,0
2025-07-31,1.8767695833895104,0.6445023032245143,0.49188331771304467,0.0407037119426101,0.4511796057704346,-0.45512988853886915,1.811290702179872,-2.72155047925761,0
2025-08-01,1.8572199002292031,0.6437011816543161,0.037572120925265386,-0.03930228480654765,0.07687440573181303,-0.4547239258141253,1.8120752438889873,-2.721523095517238,0
2025-08-04,1.9223405689631927,0.6431003404766673,1.8936684861769644,-0.1053027486022471,1.9989712347792115,-0.42751094434084796,1.9172396462927668,-2.772261534974463,1
2025-08-05,1.920722664149926,0.6477067895053075,1.887642740974402,0.388739057001028,1.498903683973374,-0.40038664785243017,1.9955268311331311,-2.7963001268379912,0
2025-08-06,1.851692058783875,0.6455037051872621,-0.07486845151802615,0.15169590896027718,-0.22656436047830333,-0.39842243901835395,1.997870895207939,-2.794715773244647,0
2025-08-07,1.8418498045031686,0.6463048267574605,-0.33735583839672384,0.25010720261773595,-0.5874630410144598,-0.39191463992172204,2.0000937471198337,-2.783923026963278,0
2025-08-08,1.8352433598489957,0.639094732625676,-0.5211994487225197,-0.510823322196566,-0.010376126525953655,-0.3686613458374513,2.0103536858560314,-2.7476763775309343,0
2025-08-11,1.8324120264257786,0.6388944522331264,-0.5945309590769626,-0.5113490666523314,-0.08318189242463125,-0.3411709705886153,2.011707890411426,-2.6940498315886563,0
2025-08-12,1.871376567345288,0.637692769877829,0.6939695996478625,-0.6182670795633299,1.3122366792111926,-0.28763916563148734,2.0671535327722514,-2.642431864035226,0
2025-08-13,1.889173520291223,0.6374924894852794,1.2610849366504664,-0.6153784261574273,1.8764633628078937,-0.22268182673682937,2.152545977897827,-2.597909631371486,0
2025-08-14,2.055952541458811,0.6380933306629281,5.005448349560045,-0.5237128399001478,5.5291611894601935,-0.09509592126387659,2.656785954564305,-2.846977797092058,1
2025-08-15,2.074423621410274,0.6368916483076307,4.389111852849516,-0.6341486501643941,5.02326050301391,0.03176703526435111,3.0086766624448393,-2.9451425919161367,1
2025-08-18,2.0575704462720776,0.6382936110554777,3.527495090396628,-0.4535863842097959,3.981081474606424,0.12315234264132746,3.2417985020820157,-2.9954938167993608,1
2025-08-19,2.005258190643117,0.6382936110554777,2.410853319604747,-0.43115044601631763,2.842003765621065,0.20241974847706615,3.352053230409691,-2.947213733455559,0
2025-08-20,2.1004449238236482,0.6467053875425596,3.5197018392400783,0.5686528932625192,2.951048945977559,0.2834047869884382,3.4620429071152117,-2.895233333138335,0
2025-08-21,2.0904678441418363,0.6503104346084518,3.0365291122410043,1.006358441723948,2.030170670517056,0.35122932546893154,3.5018051161446904,-2.7993464652068276,0
2025-08-22,2.5085614129702036,0.6509112757861005,5.739705328529973,1.080407136622486,4.659298191907487,0.45837625129694787,3.7496945516941906,-2.8329420491002946,1
2025-08-25,2.8326816772279897,0.6567194071700381,5.696179300075755,1.71755710801342,3.9786221920623355,0.5453330621146272,3.9286573654479398,-2.8379912412186856,1
2025-08-26,2.659161386005123,0.6639295013018225,3.9112754618986467,2.4233602637586373,1.4879151981400094,0.5964494668658571,3.941672548983406,-2.7487736152516913,0
2025-08-27,2.587973574221383,0.6513118365711997,3.1628411149881313,1.0159214286506184,2.1469196863375126,0.6580589166866095,3.978571596802982,-2.6624537634297623,0
2025-08-28,2.76392072266415,0.6539154816743441,3.4974538143995755,1.2897416098061545,2.207712204593421,0.7183585375863812,4.0174176165393325,-2.5807005413665705,0
2025-08-29,2.6226237023055146,0.6473062287202083,2.665325078168951,0.5616625861398084,2.1036624920291427,0.772044937175736,4.054371439693325,-2.510281565341853,0
2025-09-01,2.817311581501955,0.6481073502904066,3.092848687242492,0.6621763394599011,2.4306723477825907,0.8391593209548215,4.089023325856301,-2.410704683946658,0
2025-09-02,2.721990022920318,0.6443020228319648,2.5414531418949604,0.24659941454266876,2.2948537273522915,0.8810743663659061,4.1402262621208665,-2.378077529389054,0
2025-09-03,2.6288256707563704,0.6398958541958742,2.095471140539622,-0.22050525898053208,2.315976399520154,0.9575209955660048,4.129959510357113,-2.214917519225104,0
2025-09-04,2.336254550357287,0.6354896855597837,1.0864356310104846,-0.6991471833323283,1.785582814342813,1.0094656295572573,4.131127810538224,-2.1121965514237093,0
2025-09-05,2.4187676958338953,0.6392950130182256,1.310619393970759,-0.25495596647389956,1.5655753604446587,1.0351583567842295,4.149193937325103,-2.0788772237566437,0
2025-09-08,2.4180935688283673,0.652112958141398,1.2633436055367342,1.1811222914488138,0.08222131408792044,1.0255937100258663,4.1478796442929475,-2.0966922242412154,0
2025-09-09,2.352838074693272,0.6485079110755058,1.0194469817912999,0.7473282574128329,0.27211872437846696,1.0211393930397294,4.147007436249908,-2.1047286501704487,0
2025-09-10,2.4811918565457733,0.6441017424394151,1.3777213532757178,0.22696590802911076,1.150755445246607,1.0253505384275754,4.151225026879757,-2.100523950024607,0
2025-09-11,2.97748415801537,0.6457039855798118,2.709896222828692,0.3848395951604042,2.325056627668288,1.0433953295577165,4.186816750650184,-2.1000260915347506,0
2025-09-12,2.9664284751247134,0.6424994992990186,2.4888738344050094,-0.019261111972724492,2.508134946377734,1.070084394375377,4.23590034615647,-2.095731557405716,0
2025-09-15,3.121208035593906,0.6424994992990186,2.69343776639449,-0.052663391485209626,2.7461011578796994,1.0989687677043918,4.294155630107828,-2.0962180946990445,0
2025-09-16,3.3167048671969797,0.6420989385139195,2.9189045779667406,-0.1193014959823819,3.0382060739491226,1.1380843212177125,4.3702175340020215,-2.0940488915665965,0
2025-09-17,3.272077659431037,0.6487081914680553,2.596316246125489,0.6855860982754746,1.9107301478500145,1.1610163724248077,4.395262054540843,-2.073229309691227,0
2025-09-18,3.2871781043548602,0.6396955738033246,2.4480794854871446,-0.4551987492635726,2.9032782347507173,1.1897153065296366,4.455103764021274,-2.0756731509620003,0
2025-09-19,3.1813401644869894,0.6469056679351091,2.091370102838092,0.4342753810093102,1.657094721828782,1.2057080532288533,4.4706900758274255,-2.0592739693697184,0
2025-09-22,3.521774302278549,0.6418986581213698,2.601760609759428,-0.21393601524161612,2.8156966250010442,1.2352608236855116,4.526230713137208,-2.0557090657661847,0
2025-09-23,3.433463664554402,0.6384938914480273,2.2747005276255354,-0.6679927072884794,2.9426932349140147,1.2748325789176267,4.590192538796997,-2.040527380961744,0
2025-09-24,3.503977349332614,0.639495293410775,2.263375969767409,-0.5648688181842665,2.828244787951675,1.3134460911041514,4.646558079497901,-2.019665897289598,0
2025-09-25,3.6122421464203858,0.6354896855597837,2.3093785254601715,-1.0997814976244566,3.4091600230846284,1.3660312531471466,4.730561184938822,-1.998498678644529,0
2025-09-26,3.4933261426452744,0.6340877228119367,1.9905893901688752,-1.2962555332799877,3.2868449234488626,1.410706264612868,4.805253825944757,-1.9838412967190202,0
2025-09-29,3.449373061884859,0.6386941718405769,1.8258922696000603,-0.7193202609110877,2.545212530511148,1.4388745199032467,4.842704637180661,-1.964955597374167,0
2025-09-30,3.4056896319266547,0.6386941718405769,1.6776859270889977,-0.7447273852764511,2.4224133123654488,1.467004553472337,4.875053461830681,-1.9410443548860066,0
2025-10-09,3.546582176081974,0.6398958541958742,1.8228718969548603,-0.5976310786318096,2.42050297558667,1.5030698617561893,4.904806817693659,-1.8986670941812809,0
2025-10-10,3.2558986112983686,0.6384938914480273,1.3051035802481565,-0.8063734965017263,2.1114770767498827,1.5363393377081935,4.921873143814539,-1.8491944683981514,0
2025-10-13,3.289739786975866,0.6312837973162427,1.3114957495633974,-1.78903110469062,3.100526854254017,1.578945367390808,4.978002902632715,-1.8201121678510988,0
2025-10-14,3.068626129162734,0.6326857600640897,0.9272563209523036,-1.5611236566977584,2.488379977650062,1.6198309960884134,5.0023307017954295,-1.7626687096186027,0
2025-10-15,3.249966293649724,0.6384938914480273,1.1761488439338772,-0.7776359263496793,1.9537847702835565,1.6464570849499178,5.01361161328031,-1.7206974433804743,0
2025-10-16,3.1415666711608465,0.6328860404566393,0.9706109992931615,-1.5250543340985003,2.4956653333916616,1.6819270426942088,5.039098632905599,-1.6752445475171818,0
2025-10-17,3.077389780234596,0.6272781894652514,0.8391697721752015,-2.186455660977431,3.0256254331526327,1.726451829339399,5.082851442604975,-1.6299477839261765,0
2025-10-20,3.083996224888769,0.6294812737832967,0.8210790315847205,-1.8119090607315316,2.632988092316252,1.7798136851548496,5.08925627152944,-1.5296289012197404,0
2025-10-21,3.1940137521909127,0.6288804326056479,0.9657760916105255,-1.8028715628324012,2.7686476544429266,1.8377456405013746,5.091311020037324,-1.4158197390345744,0
2025-10-22,3.2599433733315353,0.6262767875025035,1.0380458471368288,-2.013308540766445,3.051354387903274,1.9128592026650584,5.063624700894424,-1.2379062955643072,0
2025-10-23,3.183901847107995,0.6284798718205488,0.8847337820459474,-1.6732039216077523,2.5579377036536997,1.9805192188916863,5.004833204194166,-1.0437947664107936,0
2025-10-24,3.357287312929756,0.6282795914279993,1.1314240638566382,-1.6922643273007365,2.8236883911573747,2.0761220786021473,4.82099804089101,-0.6687538836867155,0
2025-10-27,3.3845220439530808,0.6282795914279993,1.138386047632866,-1.6396029617992374,2.7779890094321034,2.133036384170307,4.789266862950521,-0.5231940946099072,0
2025-10-28,3.313199406768235,0.6308832365311436,0.9886651891857955,-1.2832976651704873,2.271962854356283,2.1847898670306765,4.724365149330618,-0.3547854152692649,0
2025-10-29,3.3280302008898475,0.6328860404566393,0.9810121286159483,-1.0012649421481765,1.9822770707641248,2.2099618442584075,4.710110731790416,-0.2901870432736011,0
2025-10-30,3.2115410543346363,0.6342880032044863,0.7594350481630611,-0.7990984629072053,1.5585335110702663,2.241764410716636,4.656559118001605,-0.17303029656833235,0
2025-10-31,3.0919509235539975,0.6467053875425596,0.5322587616883631,0.7817516023911255,-0.24949284070276245,2.2300865366087494,4.686522982533775,-0.22634990931627597,-1
2025-11-03,3.049346096804638,0.6457039855798118,0.4337459350873429,0.6483589164981838,-0.2146129814108409,2.225228413489705,4.700071293091404,-0.24961446611199367,0
2025-11-04,3.0160442227315625,0.6424994992990186,0.3502339711672029,0.24210773118367626,0.10812623998352663,2.1937143302431106,4.727724863800121,-0.3402962033138994,0
2025-11-05,2.9931239045436158,0.6459042659723613,0.2834302383713733,0.6812766046606602,-0.3978463662892869,2.1621018294053993,4.777393269414315,-0.45318961060351626,0
2025-11-06,3.2314952136982606,0.6414980973362708,0.6945521598412041,0.1278134015940522,0.5667387582471519,2.1753235480508235,4.749185261181218,-0.3985381650795703,0
2025-11-07,3.136982607523257,0.6455037051872621,0.4915114765413888,0.6432623017336929,-0.1517508251923041,2.182585418314526,4.72702957607593,-0.36185873944687774,0
2025-11-10,3.0318187946609143,0.6661325856198678,0.2587391018920311,2.974706994503226,-2.7159678926111948,2.1374922222131056,4.924375938192321,-0.6493914937661094,-1
2025-11-11,2.985034380477282,0.6715401562187062,0.13173452502142935,3.2182049200915603,-3.086470395070131,2.0874374138356804,5.132491145315668,-0.9576163176443071,-1
2025-11-12,2.965889173520291,0.6801522130983377,0.05599200382329354,3.589849832781379,-3.5338578289580855,2.006669172032859,5.375255948606359,-1.3619176045406411,-1
2025-11-13,3.0032358096265335,0.6919687562587622,0.10167554265891152,3.955941986757159,-3.8542664440982475,1.9111570085844234,5.6041193232015925,-1.781805306032746,-1
2025-11-14,2.8611298368612648,0.685559783697176,-0.2638865427505586,3.0878785288526958,-3.3517650716032543,1.7631415709000327,5.5761785079177955,-2.0498953661177306,-1
2025-11-17,2.8789267898071995,0.6727418385740037,-0.26386390897345635,2.0232644654468794,-2.2871283744203357,1.6413017562761285,5.497527735377269,-2.2149242228250117,-1
2025-11-18,2.898746123769718,0.663729220909273,-0.2615288006412519,1.3291463372467922,-1.5906751378880442,1.5484391460678877,5.4436187831827425,-2.3467404910469667,0
2025-11-19,2.872185519751921,0.6537152012817945,-0.39037382601905174,0.6029909984696239,-0.9933648244886757,1.4845163362327252,5.41902727168245,-2.449994599216999,0
2025-11-20,2.8964540919509236,0.6525135189264971,-0.3809978554654043,0.5103032183794032,-0.8913010738448075,1.4204771692356852,5.382870556719265,-2.541916218247895,0
2025-11-21,2.7814480248078737,0.6410975365511716,-0.7980093590387562,-0.2825184714325753,-0.515490887606181,1.3780494766002984,5.368304722025814,-2.612205768825217,0
2025-11-24,2.807873803424565,0.6316843581013418,-0.7456148685196261,-0.9173714457866113,0.17175657726698523,1.3032571163562898,5.2106983895153,-2.60418415680272,0
2025-11-25,2.7868410408520963,0.6318846384938914,-0.8081908143741908,-0.8738717044789761,0.06568089010478528,1.238041427990331,5.0941241569795634,-2.618041300998902,0
2025-11-26,2.8805446946204665,0.6356899659523333,-0.5297708612185635,-0.5825080322248323,0.052737171006268735,1.2141217942047682,5.08168746344421,-2.6534438750346734,0
2025-11-27,2.911554536874747,0.6336871620268376,-0.4558110516553182,-0.7023698575693877,0.24655880591406953,1.182449112864378,5.050066289692968,-2.685168063964212,0
2025-11-28,2.929755966023999,0.6340877228119367,-0.40827390426736637,-0.6512407968476627,0.2429668925802963,1.1497033576641593,5.015278931329291,-2.7158722160009727,0
2025-12-01,2.912633140083592,0.6386941718405769,-0.48731678210077534,-0.31469464756423626,-0.17262213453653907,1.1117652805547307,4.983931038339019,-2.7604004772295583,0
2025-12-02,2.866118376702171,0.6374924894852794,-0.6453381661453347,-0.3871932120907288,-0.25814495405460586,1.0669516588574441,4.9392631087206915,-2.805359791005803,0
2025-12-03,2.833220978832412,0.6412978169437212,-0.7651790254267546,-0.11416841636383594,-0.6510106090629187,1.0178539199171908,4.901520334277846,-2.865812494443465,0
2025-12-04,2.912228663880275,0.6386941718405769,-0.5255546916137144,-0.29701219400329065,-0.22854249761042372,0.9754452716316809,4.857020423827263,-2.9061298805639013,0
2025-12-05,2.888769044087906,0.6370919287001803,-0.6704012259367319,-0.4126915426158128,-0.2577096833209191,0.9413903966706193,4.829900134746566,-2.947119341405328,0
2025-12-08,2.9780234596197923,0.6439014620468656,-0.40393022010141616,0.06436208759871742,-0.4682923077001336,0.9074926022015392,4.809305719034749,-2.9943205146316707,0
2025-12-09,2.9567210462451126,0.637692769877829,-0.5465747909466604,-0.3596215114582231,-0.18695327948843732,0.9030063589752666,4.809295760344821,-3.0032830423942887,0
2025-12-10,2.945935014156667,0.6487081914680553,-0.6785239234032995,0.4229161098658589,-1.1014400332691583,0.8801137130144728,4.817419174010314,-3.057191747981368,0
2025-12-11,2.8663880275043816,0.6410975365511716,-1.1051047071909952,-0.11432341842007045,-0.9907812887709248,0.8444214341141807,4.810468739819493,-3.1216258715911316,0
2025-12-12,2.831333423216934,0.6212697776887642,-1.2396736253786578,-1.4668709958552784,0.22719737047662059,0.8094571131609861,4.75936310133698,-3.140448875015008,0
2025-12-15,2.736955642443036,0.6158622070899259,-1.6129484680509911,-1.7638198896463582,0.15087142159536704,0.7701693877479466,4.698178652921844,-3.1578398774259506,0
2025-12-16,2.6661723068626126,0.6154616463048268,-1.8345677946945635,-1.7152342704320753,-0.11933352426248822,0.7224121430455768,4.622273952135932,-3.1774496660447786,0
2025-12-17,2.7922340568963193,0.6190666933707191,-1.2530210192832116,-1.4258710316624137,0.17285001237920206,0.6746562086860782,4.529073711043618,-3.1797612936714614,0
2025-12-18,2.732910880409869,0.6631283797316243,-1.4468494853270104,1.3990791154336641,-2.8459286007606748,0.5953785628759004,4.540969731028421,-3.3502126052766203,0
2025-12-19,2.751516785762438,0.6723412777889045,-1.3203098631444001,1.8926049313491005,-3.212914794493501,0.4934420123884964,4.511845914752031,-3.524961889975038,0
2025-12-22,2.9011729809896183,0.66973763268576,-0.6800156506033105,1.6676533640452589,-2.3476690146485693,0.42669595011387434,4.499151407204724,-3.645759506976975,0
2025-12-23,2.959687205069435,0.6649309032645705,-0.41184194862313167,1.3326063836765445,-1.7444483322996762,0.35069353415886184,4.411979459125711,-3.710592390807988,0
2025-12-24,2.964810570311447,0.673943520929301,-0.3645621690034102,1.7843561327260118,-2.148918301729422,0.2658333418814711,4.319579559647901,-3.7879128758849587,0
2025-12-25,2.972225967372253,0.6765471660324455,-0.3039868957926313,1.8437128986938334,-2.1476997944864644,0.1829009321741688,4.22699001967655,-3.861188155328212,0
2025-12-26,2.933800728057166,0.6685359503304628,-0.45191775044413574,1.343161214961036,-1.7950789654051715,0.09616361569933932,4.081589940488993,-3.889262709090314,0
2025-12-29,2.9557772684373735,0.6687362307230122,-0.31775326864020975,1.3062825566111964,-1.6240358252514062,0.014315603221001479,3.9343651721530137,-3.905733965711011,0
2025-12-30,3.033706350276392,0.6567194071700381,0.10977893464339367,0.6295624494804705,-0.5197835148370769,-0.03676766420146916,3.828623186176594,-3.9021585145795323,0
2025-12-31,3.025616826210058,0.6561185659923893,0.10447755314796338,0.5797746616931284,-0.47529710854516505,-0.08506283788331262,3.7273893411442782,-3.8975150169109036,0
2026-01-05,3.047054064985843,0.654916883637092,0.28658581696068935,0.4998396859187721,-0.21325386895808274,-0.12895878529239196,3.6263641081268694,-3.884281678711653,0
2026-01-06,3.044627207765943,0.6603244542359303,0.29862769670246697,0.7718314009446545,-0.47320370424218755,-0.17203679830892654,3.537764665601698,-3.8818382622195506,0
2026-01-07,3.0032358096265335,0.6571199679551373,0.08317767004393632,0.5760150585684611,-0.4928373885245248,-0.23192620235523562,3.3776353233393728,-3.8414877280498443,0
2026-01-08,3.2584602939193745,0.6575205287402363,1.590487130667849,0.5764732652857764,1.0140138653820725,-0.25649897089303536,3.2973755363662987,-3.8103734781523695,0
2026-01-09,3.324120264257786,0.6547166032445423,1.950535595858704,0.4088848865663596,1.5416507092923446,-0.2633678719095556,3.2746868588151417,-3.8014226026342524,0
2026-01-12,3.317378994202508,0.6517123973562988,1.8489110714693864,0.228874653078736,1.6200364183906504,-0.2779616871595725,3.2208049727355217,-3.776728347054667,0
2026-01-13,3.176081973843872,0.6515121169637492,1.0168413568632646,0.19778446567048114,0.8190568911927835,-0.31473782952556995,3.0878413805435643,-3.7173170395947044,0
2026-01-14,3.3908588378050424,0.6378930502703786,2.1336316830613278,-0.568439003535004,2.7020706865963318,-0.31358645295423515,3.0930945091025155,-3.7202674150109862,0
2026-01-15,3.370635027639207,0.6370919287001803,1.9572388128834575,-0.62487579937744675,2.582114612260904,-0.31669533699060226,3.078866038138648,-3.7122567121198524,0
2026-01-16,3.2941890252123502,0.6286801522130984,1.5361475325185336,-1.1023798715354238,2.6385274040539572,-0.3235757867214243,3.045796116578289,-3.6929476900211378,0
2026-01-19,3.4508561412970202,0.6352894051672341,2.262391889289514,-0.7411427894560488,3.003534678745563,-0.3161491704698931,3.0809091118815597,-3.713207452821346,0
2026-01-20,3.4273965215046513,0.648307630682956,2.110379671198837,-0.02294556515734262,2.1333252363561797,-0.32765522304991307,3.0305977021166366,-3.685908148216463,0
2026-01-21,3.884454631252528,0.6400961345884238,3.8978578412891216,-0.5095302818449665,4.407388123134088,-0.3004985711548801,3.1838960369680347,-3.7848931792777947,1
2026-01-22,3.889712821895645,0.6338874424193871,3.4978943710580825,-0.8740166601978318,4.371911031255914,-0.2654994348732195,3.363201529542555,-3.8942003992889935,1
2026-01-23,3.7211810705136847,0.6278790306429001,2.645176084004573,-1.2113058773481236,3.8564819613526966,-0.2342626866967434,3.5037679740977015,-3.972293347491188,1
2026-01-26,3.6807334501820144,0.621870618866413,2.3479586442778855,-1.5241192459915345,3.87207789026942,-0.19570361371009073,3.663325741821159,-4.054732969241341,1
2026-01-27,3.6503977349332613,0.6196675345483678,2.115443361692024,-1.588278489976542,3.7037218516685657,-0.12981670217056862,3.858307594070316,-4.117940998411453,0
2026-01-28,3.6175003370635026,0.6128580012016824,1.902754963324643,-1.877263252584795,3.780018215909438,-0.063239515548564,4.050519246973842,-4.17699827807097,0
2026-01-29,3.522852905487394,0.61986781494091725,1.5176994007662694,-1.4527024165350728,2.970401817301342,-0.015534922593267232,4.172029268686084,-4.203099113872619,0
2026-01-30,3.5653229068356476,0.6168636090526738,1.5935911921855832,-1.5529664720224576,3.146557664208041,0.0435384779150215,4.308450676156213,-4.221373720326171,0
2026-02-02,3.401644869893488,0.6110554776687362,1.0371114789605622,-1.7785287587831038,2.815640237743666,0.08102016923996329,4.403772657622854,-4.241732319142928,0
2026-02-03,3.3908588378050424,0.6116563188463849,0.9799991069441655,-1.67753507449016,2.6575341814343254,0.12784158601707427,4.500902386529228,-4.24521921449508,0
2026-02-04,3.289739786975866,0.624674544362107,0.6357385775726145,-1.0027016215619677,1.6384401991345823,0.20041505421283712,4.52576514374085,-4.1249350353151755,0
2026-02-05,3.21113657813132,0.6256759463248548,0.36914148397581653,-0.9226610592177713,1.2918025431935878,0.27338626985056586,4.520184947707518,-3.973412408006386,0
2026-02-06,3.2719428340299315,0.6196675345483678,0.5488071176230943,-1.1892132311042323,1.7380203487273267,0.3612509061453225,4.504511671468037,-3.782009859177392,0
2026-02-09,3.3721181070513686,0.626076507109954,0.8481685331650288,-0.8512675814193721,1.699436114584401,0.4538126154567,4.459855398676923,-3.552230167763523,0
2026-02-10,3.4919778886342185,0.6268776286801522,1.1914435356453241,-0.7897826432158291,1.9812261788611534,0.5426958029644402,4.44045825904749,-3.355066653118609,0
2026-02-11,3.4380477281919912,0.6258762267174044,0.9861721293833636,-0.8189501181308605,1.8051222475142241,0.6108999799966828,4.450010500980561,-3.2282105409871953,0
2026-02-12,3.5370095726034783,0.6212697776887642,1.2556654219242698,-1.0444274024584828,2.3000928243827525,0.6757461127011964,4.494974801333713,-3.1434825759313205,0
2026-02-13,3.4927868410408522,0.6158622070899259,1.0792751578704203,-1.30275128549383,2.38202644336425,0.7320026338320782,4.55065944953833,-3.086654181874173,0
2026-02-24,3.345557503033571,0.6154616463048268,0.5948339927378535,-1.278546262570199,1.8733802553080525,0.7780806559846258,4.58375705924119,-3.027595747271939,0
2026-02-25,3.323176486450047,0.6132585619867815,0.5009417098156185,-1.353601268233492,1.8545429780491105,0.8175812204122145,4.617836574812085,-2.982674133987656,0
2026-02-26,3.4070378859377106,0.610654916883637,0.740652028147502,-1.451338211731437,2.191990239878939,0.8512517814557468,4.664009264595389,-2.9615057016838957,0
2026-02-27,3.5202912228663883,0.6110554776687362,1.067820153182185,-1.3886271491413702,2.4564473023235553,0.8910978883260592,4.720394259264939,-2.9381984826128202,0
2026-03-02,3.4913037616286906,0.60004005607851,0.9427245381442537,-1.880200056499306,2.8229245946435597,0.9372676787200143,4.7921610209659615,-2.9176256635259326,0
2026-03-03,3.249292166644196,0.5992389345083117,0.14778198834091585,-1.8364114988339428,1.9841934871748588,0.9662282567410273,4.826118845583276,-2.8936623321012216,0
2026-03-04,3.1818794660914116,0.587422391347887,-0.084638839996854,-2.2770468601731806,2.1924080201763267,0.9987189422009612,4.866655041973801,-2.869217157571879,0
2026-03-05,3.276122421464204,0.5884237933106349,0.204357592345435,-2.1048549981349964,2.3092125904804313,1.0400828542845773,4.910145333101078,-2.8299796245319238,0
2026-03-06,3.261426452743697,0.5946324854796716,0.1359636683752675,-1.7415721780392948,1.8775358464145622,1.0756775342923968,4.9364434295797395,-2.7850883609949464,0
2026-03-09,3.214642038560065,0.5834167834968956,-0.04114212602806537,-2.1131787277330534,2.072036601704988,1.1210616544718621,4.963236334357255,-2.721113025413531,0
2026-03-10,3.337333153566132,0.588824354095734,0.35149808776576047,-1.7953399589714456,2.146838046737206,1.160651330210989,4.9952022202083795,-2.6738995597864017,0
2026-03-11,3.2924362949979775,0.587422391347887,0.17807876791287036,-1.7700910612048253,1.9481698291176957,1.197415988751633,5.018926044374185,-2.624094066870919,0
2026-03-12,3.2627747067547523,0.5882235129180854,0.06015329647043608,-1.6629274804904934,1.7230807769609295,1.233938873495984,5.032509575935772,-2.5646318289438037,0
2026-03-13,3.178374005662667,0.5862207089925896,-0.24701245597972266,-1.6680205955489975,1.4210081395692749,1.2607382304802788,5.04117649710045,-2.5197000361398922,0
2026-03-16,3.1528920048537143,0.5886240737031845,-0.35108936687728665,-1.513120521493557,1.1620311546162703,1.2984627502783694,5.027844418638337,-2.4309189180815984,0
2026-03-17,3.06175003370635,0.5906268776286802,-0.6919379956897614,-1.3842931170483221,0.6923551213585607,1.3265150237805279,5.010900352107882,-2.3578703045468257,0
2026-03-18,3.1198597815828504,0.587422391347887,-0.5109455751649488,-1.4566161150620236,0.9456705398970748,1.3384895766042022,5.012998142617301,-2.336018989408896,0
2026-03-19,3.0016179048132665,0.5824153815341477,-0.979220318395637,-1.587179438357748,0.607959119962111,1.3461077049103145,5.012486793730833,-2.3202713839102045,0
2026-03-20,2.9178913307267087,0.5736030442619667,-1.344264768765854,-1.8274002098706619,0.4831354411048079,1.3561488543331028,5.009478926504358,-2.297181217838152,0
2026-03-23,2.7914251044896856,0.5481674344081715,-1.8279217613695207,-2.5272287582108337,0.699306996841313,1.3649231374074713,5.009210330346908,-2.279364055531966,0
2026-03-24,2.875421329378455,0.5527738834368116,-1.541272375879347,-2.243070669153348,0.7017982932740012,1.4240519189747158,4.9017378758170995,-2.053634037867668,0
2026-03-25,2.9311042200350546,0.5603845383536952,-1.3636856785179727,-1.9189463084807834,0.5552606299628107,1.4868548427156543,4.7536119542597435,-1.779902268828435,0
2026-03-26,2.948631522178778,0.552573603044262,-1.303034695062507,-2.0691576019188624,0.7661229068563555,1.5387513747407364,4.653090994480049,-1.575588244998576,0
2026-03-27,2.9789672374275313,0.5547766873623072,-1.1852247238574032,-1.9150856162417835,0.7298608923843803,1.579989861818804,4.580947425568576,-1.4209677019309679,0
2026-03-30,2.9085883780504247,0.5553775285399559,-1.4551309768242593,-1.830965805355204,0.37583482853094474,1.6220690806564768,4.477616776990687,-1.2334786156777335,0
2026-03-31,2.834838883645679,0.5531744442219106,-1.7159141644589258,-1.838418299866441,0.12250413540751515,1.6599058128213764,4.368653626399241,-1.0488420007564885,0
2026-04-01,2.970338411756775,0.5631884638493891,-1.1906537539540538,-1.4861966778404707,0.2955429238864169,1.694749510976236,4.273372364570525,-0.8838733426180527,0
2026-04-02,2.8717810435486046,0.5583817344281995,-1.5604984925409326,-1.5870868446713258,0.026588352130393123,1.7222599139325996,4.18967645305427,-0.7451566251890704,0
2026-04-03,2.8821625994337334,0.5545764069697577,-1.4920051724251449,-1.6444468957577119,0.152441723332567,1.7334636679020936,4.1653168154734646,-0.6983894796692773,0
2026-04-07,2.9329917756505326,0.5507710795113159,-1.281467797121746,-1.698029619239121,0.416561822117375,1.748327983413136,4.135760019450327,-0.6391040526240555,0
2026-04-08,3.0807604152622354,0.5625876226717405,-0.718937486260498,-1.293989345321986,0.5750518590614879,1.7614664122134622,4.11339939826611,-0.5904665738391854,0
2026-04-09,3.0605366050964,0.5559783697176047,-0.7982224311225862,-1.4559758844202912,0.6577534532977051,1.7803156981724602,4.076872419225369,-0.5162410228804486,0
2026-04-10,3.125522448429284,0.5531744442219106,-0.5600509540869766,-1.4979299258712044,0.9378789717842279,1.8041609708442727,4.0334332130052815,-0.42511127131673576,0
2026-04-13,3.3065929621140624,0.5467654716603245,0.13645962045592527,-1.6474133844383132,1.7838730048942384,1.8169919565028092,4.036605732103559,-0.4026218190979405,0
2026-04-14,3.3541863287043276,0.5505707991187663,0.3182276611795667,-1.4844898718527755,1.8027175330323422,1.8213430702318087,4.039784474394881,-0.3970983339312635,0
2026-04-15,3.397600107860321,0.5487682755858201,0.4798727214850728,-1.4970644397536625,1.9769371612387354,1.8272914159459435,4.04545106806445,-0.39086823617256283,0
2026-04-16,3.411082647970878,0.5493691167634689,0.5161807308898706,-1.4378975035899018,1.9540782344797725,1.84620843833406,4.0486953592058015,-0.356278482537681,0
2026-04-17,3.5054604287447755,0.5457640696975766,0.8679806777795865,-1.501332334150052,2.3693130119296386,1.8406624770896152,4.036047237556979,-0.3547222833777488,0
2026-04-20,3.529459350141566,0.5505707991187663,0.9434849006512678,-1.3044844848695167,2.2479693855207845,1.8350933899772799,4.024514362897714,-0.3543275829431538,0
2026-04-21,3.4050155049211273,0.5489685559783697,0.46194471182282926,-1.3105765777313882,1.7725212895542175,1.8206599547356175,3.9999302650575226,-0.3586103555862874,0
2026-04-22,3.49467439665633,0.548367714800721,0.7981991480598366,-1.2889983589450047,2.0871975070048414,1.8053876685399386,3.9636800978071576,-0.3529047607272804,0
2026-04-23,3.5513010651206685,0.5451632285199279,0.998939918543461,-1.360674674215322,2.359614592758783,1.8091591578133155,3.9705712447066737,-0.3522529290800427,0
2026-04-24,3.8425239315086963,0.5415581814540357,2.1113943040115446,-1.4388418224971913,3.550236126508736,1.7948732912028929,3.8969451937901347,-0.307198611384349,0
2026-04-27,3.994472158554671,0.5435609853795313,2.6370096993580745,-1.3327121983493024,3.9697218977073767,1.788170138977084,3.8591490231611596,-0.2828087452069914,1
2026-04-28,3.8964540919509236,0.5437612657720808,2.213574679760179,-1.2856008275602064,3.499175507320386,1.782215031409879,3.830936211270058,-0.26650614845029974,0
2026-04-29,3.758527706619927,0.5485679951932706,1.6925353501963933,-1.0885560458407706,2.781091396037164,1.7640319231726747,3.755878901356471,-0.22781505501112154,0
2026-04-30,3.9942025077524606,0.545563789305027,2.4295933108580017,-1.152670571466057,3.5822638823240585,1.7620076236835995,3.7460674359080297,-0.22205218854083064,0
2026-05-06,4.6435216394768775,0.548367714800721,3.9899521468393417,-1.0229937785968433,5.012945925436185,1.7825564188423786,3.874253883033981,-0.3091410453492238,1
2026-05-07,4.605635701766213,0.5459643500901262,3.4253566553520236,-1.0709220602125011,4.496278715564525,1.8079877004800984,3.99343543668149,-0.37746003572129294,1
2026-05-08,4.358635566940811,0.5445623873422792,2.5737354468732754,-1.0841913754877115,3.657926822360987,1.8165105197826474,4.027037392526174,-0.3940163529608791,0
2026-05-11,4.707833355804233,0.5453635089124775,3.109439406990839,-1.0225264682380453,4.131965875228884,1.838449280407401,4.114470538532865,-0.43757197771806355,1
2026-05-12,4.707968181205339,0.540957340276387,2.838560774110963,-1.1377177286461588,3.976278502757122,1.8604283524294478,4.193382430194239,-0.47252572533534365,0
2026-05-13,4.694485641094782,0.5373522932104947,2.595090961397953,-1.2302769786974534,3.825367940095407,1.8968771481121283,4.283441947116234,-0.4896876508919772,0
2026-05-14,4.384522043953081,0.5311436010414581,1.8715217648715283,-1.4134398565994066,3.284961621470935,1.9300964660834172,4.337794600988785,-0.47760166882195,0
2026-05-15,4.085344478899825,0.5221309833767275,1.2411433423815994,-1.6814184224867395,2.922561764868339,1.9498388230191008,4.370521043010422,-0.47084339697222055,0
