date,cum_ret_high,cum_ret_low,z_high,z_low,spread,spread_mean,upper_band,lower_band,signal
2023-05-16,1.0,1.0,,,,,,,0
2023-05-17,1.035863556694081,0.9909873823352693,,,,,,,0
2023-05-18,1.0965349871915868,0.9853795313438815,,,,,,,0
2023-05-19,1.0907374949440476,0.9887842980172241,,,,,,,0
2023-05-22,1.0517729540245382,1.0072100941317845,,,,,,,0
2023-05-23,1.041795874342726,0.9801722411375926,,,,,,,0
2023-05-24,1.035863556694081,0.9471259763669136,,,,,,,0
2023-05-25,1.092085748955103,0.9487282195073102,,,,,,,0
2023-05-26,1.1663745449642713,0.9469256959743642,,,,,,,0
2023-05-29,1.1644869893487932,0.9435209293010214,,,,,,,0
2023-05-30,1.225832546851827,0.9353094332064892,,,,,,,0
2023-05-31,1.2502359444519349,0.9333066292809934,,,,,,,0
2023-06-01,1.1770257516516112,0.9036651311836571,,,,,,,0
2023-06-02,1.1217473371983282,0.9210895253354697,,,,,,,0
2023-06-05,1.1257920992314951,0.9172841978770278,,,,,,,0
2023-06-06,1.0703788593771066,0.9050670939315041,,,,,,,0
2023-06-07,1.0769853040312793,0.9180853194472262,,,,,,,0
2023-06-08,1.041526223540515,0.9339074704586422,,,,,,,0
2023-06-09,1.0490764460024269,0.9407170038053274,,,,,,,0
2023-06-12,1.0568963192665497,0.93951532145003,,,,,,,0
2023-06-13,1.0891195901307806,0.9375125175245344,,,,,,,0
2023-06-14,1.0985573682081704,0.9401161626276787,,,,,,,0
2023-06-15,1.0217068895779964,0.9537352293210494,,,,,,,0
2023-06-16,1.0392341917217203,0.9569397156018427,,,,,,,0
2023-06-19,1.0787380342456518,0.9579411175645904,,,,,,,0
2023-06-20,1.132128893083457,0.9457240136190667,,,,,,,0
2023-06-21,1.0300660644465418,0.9471259763669136,,,,,,,0
2023-06-26,0.9362275852770662,0.9160825155217305,,,,,,,0
2023-06-27,0.9265201563974652,0.9293010214300019,,,,,,,0
2023-06-28,0.943777807738978,0.9284998998598037,,,,,,,0
2023-06-29,0.91694755291897,0.9096735429601442,,,,,,,0
2023-06-30,0.9204530133477147,0.9096735429601442,,,,,,,0
2023-07-03,0.9383847916947552,0.9421189665531744,,,,,,,0
2023-07-04,0.9592827288661184,0.9481273783296617,,,,,,,0
2023-07-05,0.9342052042604827,0.9397156018425796,,,,,,,0
2023-07-06,0.9370365376836995,0.9268976567194072,,,,,,,0
2023-07-07,0.9040043144128354,0.9313038253554977,,,,,,,0
2023-07-10,0.9484966967776728,0.9429200881233727,,,,,,,0
2023-07-11,1.0489416206013211,0.9479270979371119,,,,,,,0
2023-07-12,1.0103815558851288,0.9413178449829762,,,,,,,0
2023-07-13,1.0373466361062424,0.9397156018425796,,,,,,,0
2023-07-14,1.0570311446676555,0.9188864410174244,,,,,,,0
2023-07-17,1.0260213024133746,0.9216903665131184,,,,,,,0
2023-07-18,0.9863826344883375,0.9136791508111356,,,,,,,0
2023-07-19,0.9700687609545638,0.9010614860805127,,,,,,,0
2023-07-20,0.9239584737764595,0.8878429801722411,,,,,,,0
2023-07-21,0.8278279627881893,0.8922491488083316,,,,,,,0
2023-07-24,0.825131454766078,0.8768275585820149,,,,,,,0
2023-07-25,0.8143454226776324,0.8964550370518726,,,,,,,0
2023-07-26,0.7974922475394364,0.8816342880032045,,,,,,,0
2023-07-27,0.7722798975326951,0.8894452233126376,,,,,,,0
2023-07-28,0.7666172306862613,0.9305027037852994,,,,,,,0
2023-07-31,0.7697182149116893,0.9493290606849589,,,,,,,0
2023-08-01,0.7946609141162194,0.9383136390947326,,,,,,,0
2023-08-02,0.8186598355130106,0.9433206489084719,,,,,,,0
2023-08-03,0.8533099635971416,0.9469256959743642,,,,,,,0
2023-08-04,0.8564109478225698,0.9399158822351292,,,,,,,0
2023-08-07,0.8682755831198599,0.9297015822151011,,,,,,,0
2023-08-08,0.8674666307132264,0.9240937312237132,,,,,,,0
2023-08-09,0.8224349467439666,0.925095133186461,-1.365053028965275,-0.35458916300787724,-1.0104638659573977,,,,0
2023-08-10,0.7937171363084805,0.9579411175645904,-1.5418619631211687,0.915010993981249,-2.4568729571024175,,,,0
2023-08-11,0.745179991910476,0.9439214900861206,-1.8425805968516977,0.4249040241285196,-2.267484620980217,,,,0
2023-08-14,0.7253606579479573,0.9331063488884439,-1.9022873375616334,0.02882776030897945,-1.9311150978706129,,,,0
2023-08-15,0.7091816098152892,0.9238934508311637,-1.927088608066203,-0.32419582440555117,-1.602892783660652,,,,0
2023-08-16,0.6876095456383983,0.9198878429801722,-1.9799165160356595,-0.4823471632598729,-1.4975693527757867,,,,0
2023-08-17,0.6832951328030201,0.923292609653515,-1.910692412661133,-0.28691513838281074,-1.6237772742783223,,,,0
2023-08-18,0.6758797357422138,0.9036651311836571,-1.8673535419573857,-1.2419787724950637,-0.625374769462322,,,,0
2023-08-21,0.6787110691654308,0.8261566192669738,-1.7664627751733653,-4.243183776860058,2.476721001686693,,,,0
2023-08-22,0.6983955777268437,0.8027238133386742,-1.5787798289199453,-4.277783397409681,2.6990035684897355,,,,0
2023-08-23,0.6727787515167857,0.7820949329060685,-1.688647137680189,-4.14025482665379,2.4516076889736014,,,,0
2023-08-24,0.6834299582041257,0.7865011015421591,-1.5790082093484397,-3.500385402959738,1.9213771936112984,,,,0
2023-08-25,0.6695429418902521,0.7830963348688164,-1.6436745632774858,-3.2019484630097264,1.5582738997322405,,,,0
2023-08-28,0.6845085614129702,0.7750851191668336,-1.5000894983852848,-3.063307483672017,1.5632179852867323,,,,0
2023-08-29,0.7148442766617231,0.7967154015621871,-1.2498670639772567,-2.4103499443741208,1.160482880396864,,,,0
2023-08-30,0.762302817850883,0.7889044662527539,-0.8872064557260705,-2.400451556183394,1.5132451004573233,,,,0
2023-08-31,0.7980315491438587,0.7856999799719607,-0.605316991890954,-2.3105191900539204,1.7052021981629664,,,,0
2023-09-01,0.7996494539571255,0.7909072701782496,-0.5683899760171323,-2.089198387157115,1.5208084111399827,,,,0
2023-09-04,0.8237832007550222,0.8017224113759264,-0.3677799170067604,-1.8035613501791696,1.4357814331724092,,,,0
2023-09-05,0.7837400566266685,0.7941117564590426,-0.6411716453771448,-1.8456972098328799,1.204525564455735,,,,0
2023-09-06,0.8089524066334097,0.7897055878229521,-0.426317432282308,-1.8306163862044904,1.4042989539221824,,,,0
2023-09-07,0.7830659296211406,0.7790907270178249,-0.5996719468567201,-1.9092206040130006,1.3095486571562804,,,,0
2023-09-08,0.7717405959282729,0.7859002603645103,-0.6639416622742768,-1.718343752506127,1.05440209023185,,,,0
2023-09-11,0.786032088445463,0.7881033446825556,-0.5238954627671534,-1.6147389864784167,1.0908435237112633,,,,0
2023-09-12,0.7652689766752055,0.7844982976166633,-0.6679929471986488,-1.6050057645536584,0.9370128173550096,,,,0
2023-09-13,0.7459889443171093,0.7776887642699779,-0.8047095093339726,-1.6421248339165082,0.8374153245825356,,,,0
2023-09-14,0.7238775785357962,0.7678750250350491,-0.9827108593987783,-1.7154796833754615,0.7327688239766832,,,,0
2023-09-15,0.7125522448429285,0.7644702583617065,-1.0559821686402784,-1.692175119890419,0.6361929512501405,,,,0
2023-09-18,0.7139004988539841,0.7702783897456439,-1.009393805313315,-1.5416558041823896,0.5322619988690747,,,,0
2023-09-19,0.7020358635566941,0.764670538754256,-1.0810726022321526,-1.5579193697225593,0.47684676749040666,,,,0
2023-09-20,0.6928677362815154,0.7572601642299219,-1.1266631765018222,-1.5957335921289522,0.4690704156271299,,,,0
2023-09-21,0.6916543076715652,0.7538553975565793,-1.0999432149457045,-1.5764312044909377,0.4764879895452332,,,,0
2023-09-22,0.7315626263988135,0.7642699779691567,-0.7106138648055298,-1.3799110680839888,0.669297203278459,,,,0
2023-09-25,0.7087771336119725,0.7578610054075706,-0.8887170192942535,-1.4139217720578119,0.5252047527635584,,,,0
2023-09-26,0.7207765943103681,0.7478469857800922,-0.751289762421839,-1.492301824075705,0.7410120616538661,,,,0
2023-09-27,0.7280571659700688,0.7534548367714801,-0.6577871718206513,-1.366979930532973,0.7091927587123218,,,,0
2023-09-28,0.7277875151678576,0.7588624073703185,-0.6347656709904779,-1.2501994493148718,0.6154337783243939,,,,0
2023-10-09,0.7153835782661454,0.7424394151812538,-0.7263523816694932,-1.414313824715356,0.6879614430458627,,,,0
2023-10-10,0.7272482135634353,0.7432405367514521,-0.5875370597599179,-1.355834613930568,0.76829755417065,,,,0
2023-10-11,0.7418093568828368,0.7394352092930102,-0.41967460826163516,-1.3590422838242364,0.9393676755626013,,,,0
2023-10-12,0.7415397060806256,0.7476467053875425,-0.39500525981616674,-1.211269400719809,0.8162641409036423,,,,0
2023-10-13,0.7214507213158958,0.7344281994792711,-0.5951395447355418,-1.3386235935270938,0.743484048791552,,,,0
2023-10-16,0.6996090063367938,0.7258161425996396,-0.8584135963517471,-1.3993269510325137,0.5409133546807666,,,,0
2023-10-17,0.7083726574086557,0.7276186661325856,-0.7501031793650791,-1.3285500682014428,0.5784468888363637,,,,0
2023-10-18,0.7484158015370095,0.7135990386541158,-0.14267697766334994,-1.4546569271573513,1.3119799494940014,,,,0
2023-10-19,0.7962788189294864,0.704185860204286,0.7110246996231742,-1.5146797781768457,2.22570447780002,,,,0
2023-10-20,0.7984360253471754,0.6993791307830963,0.8421650156007909,-1.5138643372691725,2.3560293528699634,,,,0
2023-10-23,0.7974922475394364,0.692569597436411,0.8429879820406742,-1.536109103018001,2.379097085058675,,,,0
2023-10-24,0.7706619927194283,0.7059883837372322,0.36672492926916167,-1.3214306642149414,1.688155593484103,,,,0
2023-10-25,0.8221652959417554,0.7146004406168636,1.3315583198272998,-1.1754509881382682,2.5070093079655678,,,,0
2023-10-26,0.8103006606444654,0.7190066092529541,1.1000301018920122,-1.084666857195295,2.184696959087307,,,,0
2023-10-27,0.8014021841714979,0.7340276386941719,0.9187322247558897,-0.872805632543768,1.7915378572996576,,,,0
2023-10-30,0.8467035189429688,0.7496495093130382,1.6947248864566387,-0.6572788763776907,2.3520037628343293,,,,0
2023-10-31,0.8355130106512066,0.7452433406769478,1.445924007348745,-0.686532553952881,2.132456561301626,,,,0
2023-11-01,0.8736685991640825,0.742839975966353,2.0357910641609283,-0.6915501969836783,2.7273412611446064,,,,0
2023-11-02,0.8680059323176486,0.7354296014420189,1.8832840569849232,-0.7631004512594236,2.646384508244347,,,,0
2023-11-03,0.8986112983686128,0.7464450230322452,2.327970839386389,-0.5922597355911576,2.9202305749775466,,,,0
2023-11-06,0.888499393285695,0.7546565191267774,2.116870425576373,-0.45298391035880725,2.56985433593518,,,,0
2023-11-07,0.9164082513145476,0.7494492289204887,2.485846239362021,-0.5018654974982544,2.987711736860275,,,,0
2023-11-08,0.9275987596063098,0.7462447426396955,2.558346982683504,-0.5241916879212383,3.0825386706047424,1.0724909028813603,3.7229127222023726,-1.5779309164396522,0
2023-11-09,0.8763651071861939,0.7452433406769478,1.7314231084198406,-0.5147904542044158,2.2462135626242565,1.126768860024388,3.736749856967728,-1.4832121369189522,0
2023-11-10,0.876634757988405,0.742839975966353,1.67628931780667,-0.5346223001417659,2.210911617948436,1.204565269608569,3.6533180040848796,-1.2441874648677418,0
2023-11-13,0.8817581232304167,0.7448427798918485,1.6766561374747682,-0.4789195160237857,2.1555756534985537,1.2782829408498817,3.562643689391,-1.0060778076912367,0
2023-11-14,0.9240932991775651,0.746044462247146,2.148567792808313,-0.43355718614667005,2.582124978954983,1.353503608796975,3.5011118770720944,-0.7941046594781445,0
2023-11-15,0.9089928542537414,0.7482475465651912,1.8491182492910672,-0.3620025659025433,2.2111208151936106,1.4170705021112129,3.4302987291524922,-0.5961577249300665,0
2023-11-16,0.8928138061210732,0.741438013218506,1.5695273287631177,-0.5018264633356098,2.0713537920987273,1.476552554525788,3.3451824469660965,-0.39207733791452015,0
2023-11-17,0.8914655521100175,0.7408371720408572,1.495269075230036,-0.519237148347262,2.014506223577298,1.5371906128233817,3.223837097256958,-0.1494558716101948,0
2023-11-20,0.9193744101388701,0.7504506308832365,1.786469643987364,-0.19388735965473533,1.9803570036420992,1.5806194757084553,3.1722713158923286,-0.011032364475417777,0
2023-11-21,0.9046784414183632,0.7536551171640297,1.5387360295367243,-0.03869267897165353,1.5774287085083778,1.56563127082215,3.1397983256684756,-0.008535784024175541,0
2023-11-22,0.9077794256437912,0.7424394151812538,1.5196187374043242,-0.4360849633835191,1.9557037007878433,1.5532429396937852,3.102631966570163,0.0038539128174075454,0
2023-11-23,0.9075097748415801,0.7436410975365513,1.4669546604901011,-0.3680237844565942,1.8349784449466955,1.54296578562667,3.076211423367381,0.009720147885958985,0
2023-11-24,0.8551975192126197,0.7352293210494693,0.7692428416303092,-0.6715562219672668,1.440799063597576,1.5349561501264413,3.0651785960826845,0.004733704170198028,0
2023-11-27,0.9075097748415801,0.731624273983577,1.4052803844212878,-0.7864611109415282,2.191741495362816,1.5455139433869511,3.085103390762974,0.0059244960109279265,0
2023-11-28,0.95375488742079,0.7336270779090728,1.9250579072386738,-0.6814924134166054,2.606550320655279,1.5629028156430933,3.126683403411363,-0.0008777721251762571,0
2023-11-29,0.951867331805312,0.7222110955337473,1.8173622858523477,-1.1107715537687937,2.9281338396211414,1.592363664963498,3.1915081590132193,-0.006780829086223461,0
2023-11-30,0.9676419037346635,0.718606048467855,1.915869308693743,-1.2223320275547442,3.1382013362484873,1.6194462688933509,3.267433787916101,-0.028541250129399343,0
2023-12-01,0.969394633949036,0.7202082916082516,1.8460463492682786,-1.1224067184201088,2.9684530676883876,1.6405004500521079,3.3248218851796114,-0.04382098507539567,0
2023-12-04,0.9803154914385869,0.7174043661125576,1.8807905480019642,-1.2084149202842873,3.0892054682862513,1.6666404010045457,3.3915971531378615,-0.058316351128770316,0
2023-12-05,0.9822030470540649,0.6959743641097537,1.8180599229024026,-2.0681093781807585,3.886169301083161,1.7074801988030581,3.5238130162852164,-0.10885261867910012,1
2023-12-06,1.0191452069569906,0.6913679150811136,2.106362775865328,-2.188568273837658,4.294931049702986,1.7589869568905125,3.6890167117479122,-0.17104279796688715,1
2023-12-07,0.9863826344883375,0.6807530542759864,1.6786041911941512,-2.512675905101797,4.191280096295948,1.8054366425967416,3.832453504621907,-0.22158021942842354,1
2023-12-08,1.0831872724821356,0.6909673542960144,2.5037219566904216,-1.996933713970145,4.500655670660567,1.85862175948848,3.997104388971951,-0.27986086999499094,1
2023-12-11,1.1085344478899823,0.6889645503705187,2.5523601581120356,-2.0078821163085787,4.560242274420615,1.9170524292249593,4.155400456574657,-0.3212955981247385,1
2023-12-12,1.0876365107186194,0.6829561385940317,2.212994997420697,-2.17644114392372,4.389436141344417,1.9720289728521787,4.288501930966001,-0.3444439852616443,1
2023-12-13,1.0469192395847378,0.6625275385539755,1.7612276429028009,-2.825085942100233,4.586313585003034,2.032850652312979,4.429040590362069,-0.3633392857361111,1
2023-12-14,1.0192800323580962,0.6557180052072903,1.4597309337764606,-2.86875871550556,4.32848964928202,2.0910352243913035,4.538146670659753,-0.3560762218771454,0
2023-12-15,0.9955507617635163,0.6587222110955337,1.2108420919803498,-2.570669135492722,3.7815112274730716,2.14184759778291,4.600814385275481,-0.31711918970966035,0
2023-12-18,1.0142914925171902,0.6431003404766673,1.3280091538602334,-2.874416928460777,4.2024260823210104,2.2012848166340913,4.684491550303825,-0.2819219170356426,0
2023-12-19,1.0260213024133746,0.6451031444021631,1.3815627774539516,-2.6163612091912536,3.997923986645205,2.2590458497636936,4.745555229865916,-0.2274635303385284,0
2023-12-20,1.0047188890386949,0.6352894051672341,1.1601550194032764,-2.7141224016044956,3.874277421007772,2.315669693988983,4.791801383369229,-0.16046199539126382,0
2023-12-21,1.0404476203316704,0.6431003404766673,1.4266026245848513,-2.3221418436545584,3.7487444682394098,2.370330928199188,4.825351636368694,-0.08468977997031812,0
2023-12-22,1.0153700957260348,0.6467053875425596,1.1729606081794124,-2.0957661042107825,3.268726712390195,2.4168682402466035,4.831381548649938,0.002354931843268293,0
2023-12-25,0.9789672374275313,0.650710995393551,0.821977009639079,-1.8929561430700546,2.7149331527091336,2.450962172737115,4.822484511623092,0.07943983385113818,0
2023-12-26,0.9572603478495348,0.642299218906469,0.6021852537933335,-2.0227482418108593,2.6249334956041928,2.485957651784459,4.803232305761003,0.16868299780791496,0
2023-12-27,0.9502494269920453,0.6296815541758463,0.5129967511764771,-2.227878712178275,2.7408754633547523,2.5192887084794737,4.791560435063759,0.24701698189518861,0
2023-12-28,0.9479573951732506,0.6579210895253355,0.4665474920151136,-1.428744953801613,1.8952924458167266,2.5390570365978804,4.767485898227377,0.31062817496838413,0
2023-12-29,0.9569906970473238,0.6565191267774885,0.5267969195395789,-1.4140890154056247,1.9408859349452037,2.561147905874894,4.737681550388511,0.38461426136127663,0
2024-01-02,0.9755966023998921,0.6445023032245143,0.6818052620754215,-1.6538581672156063,2.335663429291028,2.588609605645646,4.709880777731669,0.46733843355962223,0
2024-01-03,0.9797761898341648,0.6439014620468656,0.698042957898568,-1.6010222438417419,2.29906520174031,2.6141223997718077,4.682498800190913,0.5457459993527025,0
2024-01-04,1.0098422542807066,0.6342880032044863,0.975610713029438,-1.7598320500662694,2.7354427630957074,2.644056984564026,4.6652886824844195,0.6228252866436326,0
2024-01-05,0.9671026021302414,0.6298818345683957,0.507663296865726,-1.7856232814369881,2.2932865783027143,2.6686740251873435,4.63457266445646,0.7027753859182273,0
2024-01-08,0.9223405689631926,0.6186661325856199,-0.0038017674440585843,-1.9518935107793516,1.948091743335293,2.6887508200964065,4.598473849997889,0.7790277901949241,0
2024-01-09,0.9325872994472159,0.6294812737832967,0.07035710621812541,-1.6267661154714257,1.697123221689551,2.7080209845465526,4.551777456077586,0.8642645130155189,0
2024-01-10,0.9166779021167587,0.6298818345683957,-0.16568103968842288,-1.5522638795499482,1.3865828398615252,2.7214899170636384,4.513031959515679,0.9299478746115979,0
2024-01-11,0.9275987596063098,0.6342880032044863,-0.07043891292437272,-1.4001464031411404,1.3297074902167676,2.721785376075685,4.512387440582179,0.9311833115691905,0
2024-01-12,0.8818929486315221,0.6358902463448829,-0.6985791910275987,-1.319326222674619,0.6207470316470203,2.695036085306468,4.562103154569158,0.8279690160437785,-1
2024-01-15,0.8898476472967507,0.654916883637092,-0.6289799127347144,-0.8811260227449075,0.25214611001019305,2.659971364592139,4.629168405546676,0.6907743236376012,-1
2024-01-16,0.8928138061210732,0.6661325856198678,-0.6277170777588563,-0.6258240462294098,-0.0018930315294465316,2.620288195982336,4.705080052685884,0.5354963392787884,-1
2024-01-17,0.8867466630713225,0.649709593430803,-0.7735798972936794,-0.9539609404692039,0.1803810431755245,2.5951586201438603,4.76044958201442,0.42986765827330053,-1
2024-01-18,0.9422947283268167,0.6661325856198678,0.011940671837385574,-0.582945248460431,0.5948859202978166,2.5632898970160642,4.789292419555173,0.3372873744769551,0
2024-01-19,0.9414857759201833,0.66973763268576,-0.034323322721508544,-0.4882285548175619,0.4539052320960533,2.5344433682328766,4.8243442670766195,0.24454246938913382,0
2024-01-22,0.9490359983820952,0.6589224914880832,0.04704284594122008,-0.6954906748408567,0.7425335207820768,2.5169599626242505,4.845623979131119,0.18829594611738232,0
2024-01-23,0.985573682081704,0.656318846384939,0.6167289734704234,-0.7247579762185106,1.341486949688934,2.5001180157384937,4.848171370125527,0.15206466135146002,0
2024-01-24,0.9828771740595929,0.6713398758261567,0.546588321481979,-0.37582356118120125,0.9224118826631802,2.479950604427853,4.861398076463914,0.0985031323917922,0
2024-01-25,0.9869219360927599,0.6849589425195274,0.5906808408961582,-0.05588018037156612,0.6465610212677244,2.4452709337632386,4.87223126136916,0.01831060615731639,0
2024-01-26,0.9522718080086288,0.6877628680152214,-0.03421785694095579,0.024466075584588742,-0.05868393252554453,2.400186459750407,4.911002372561873,-0.1106294530610592,0
2024-01-29,0.943777807738978,0.7045864209893852,-0.19896710589153027,0.42440740344720845,-0.6233745093387387,2.341126375011802,4.966286108894151,-0.28403335887054615,-1
2024-01-30,0.8810839962248886,0.6793510915281394,-1.3082696285312028,-0.1251462157433707,-1.183123412787832,2.2785767458664186,5.055996121671445,-0.49884262993860773,-1
2024-01-31,0.893487933126601,0.6629280993390747,-1.0749653052254946,-0.4828239700571033,-0.5921413351683913,2.218912527999274,5.086698799624367,-0.6488737436258183,0
2024-02-01,0.9289470136173655,0.6677348287602645,-0.4502673652704224,-0.34408401558274476,-0.10618334968767762,2.1657671609944003,5.086153447204511,-0.7546191252157102,0
2024-02-02,0.9211271403532424,0.6625275385539755,-0.60944208185357,-0.4449333665804414,-0.16450871527312855,2.1255884563627774,5.107165007055686,-0.8559880943301312,0
2024-02-05,0.939733045705811,0.6555177248147406,-0.30063050415188,-0.5920919686931506,0.29146146454127064,2.093597620472658,5.112407220838341,-0.925211979893025,0
2024-02-06,1.028717810435486,0.6863609052673744,1.2741041731637046,0.21040829957978477,1.06369587358392,2.0753996241407475,5.105831203915551,-0.9550319556340567,0
2024-02-07,1.0213024133746798,0.693971560184258,1.1017323694198287,0.43893801113381614,0.6627943582860125,2.043410780462931,5.092546700189281,-1.005725139263419,0
2024-02-08,1.0343804772819198,0.70698978569998,1.2911464315095813,0.8200646565922356,0.4710817749173457,2.0144101297916603,5.090041744370568,-1.0612214847872479,0
2024-02-19,1.1594984495078873,0.7061886641297817,3.1835555273654803,0.8316745829608236,2.3518809444046567,2.0190855823300926,5.095921975974001,-1.057750811313816,0
2024-02-20,1.110826479708777,0.7015822151011416,2.2458726216633154,0.7399535765645447,1.5059190450987705,2.01060912935545,5.090297758339895,-1.0690794996289958,0
2024-02-21,1.0753673992180126,0.7117965151211696,1.6089858073899157,1.078472038080298,0.5305137693096178,1.9864450754499088,5.089760342110054,-1.1168701912102361,0
2024-02-22,1.116758797357422,0.7099939915882236,2.137697498961151,1.0870534511494587,1.050644047811692,1.9776653311049641,5.088658931101371,-1.1333282688914423,0
2024-02-23,1.0974787649993258,0.70698978569998,1.7633462981252839,1.0437712352810558,0.7195750628442281,1.957063187139237,5.084974596253615,-1.1708482219751415,0
2024-02-26,1.1075906700822435,0.6979771680352493,1.828984514766216,0.8170662583842245,1.0119182563819915,1.9433455173298255,5.080639969681518,-1.1939489350218668,0
2024-02-27,1.186463529729001,0.7009813739234929,2.7914511477065367,0.9592299247523092,1.8322212229542276,1.9498692199857695,5.084539588837565,-1.1848011488660262,0
2024-02-28,1.1228259404071728,0.6981774484277989,1.8103914517941146,0.909499986886942,0.9008914649071726,1.9283550528115088,5.0739725671355185,-1.217262461512501,0
2024-02-29,1.1476338142105973,0.7045864209893852,2.0377325033299165,1.1773234114225837,0.8604090919073328,1.899252698999043,5.051649244905291,-1.2531438469072052,0
2024-03-01,1.179587434272617,0.6995794111756459,2.308177484396473,1.034645545990449,1.273531938406024,1.8716760006454578,5.016399430107367,-1.2730474288164517,0
2024-03-04,1.1632735607388431,0.7146004406168636,1.988992400960067,1.5806200135950257,0.40837238736504133,1.8261788514974004,4.97535073036643,-1.3229930273716295,0
2024-03-05,1.1635432115410542,0.7085920288403765,1.893733281419221,1.387359868627362,0.5063734127918589,1.7851441905824583,4.937931468225553,-1.3676430870606364,0
2024-03-06,1.1381960361332075,0.7073903464850791,1.5274307814118762,1.362679571878646,0.1647512095332302,1.736403286269908,4.8975933048304485,-1.4247867322906327,0
2024-03-07,1.0907374949440476,0.6993791307830963,0.9410205853845728,1.0646027362239714,-0.12358215083939861,1.6695740954045317,4.815393359029382,-1.4762451682203181,0
2024-03-08,1.109613051098827,0.6981774484277989,1.1314689652474559,1.0126679682902069,0.118800996957249,1.5999719278587696,4.693873729054914,-1.4939298733373751,0
2024-03-11,1.1299716866657679,0.7025836170638894,1.3199006139688256,1.1481679400089375,0.17173267395988812,1.5329794708198354,4.572226458595452,-1.5062675169557813,0
2024-03-12,1.0786032088445463,0.7220108151411976,0.7359080333339795,1.787488443617592,-1.0515804102836124,1.440442202804099,4.450089259322786,-1.5692048537145877,0
2024-03-13,1.0745584468113794,0.721409973963549,0.7003326107121226,1.7084745378333666,-1.008141927121244,1.347635799445068,4.308977310213669,-1.6137057113235322,0
2024-03-14,1.088715113927464,0.7430402563589025,0.862348115141834,2.3083095767215824,-1.4459614615797485,1.2503791727296651,4.188554237786451,-1.6877958923271208,0
2024-03-15,1.088040986921936,0.7442419387141999,0.8426263938653945,2.2064719923367044,-1.3638455984713098,1.1512098530050927,4.032482077049497,-1.7300623710393122,0
2024-03-18,1.1216125117972224,0.7540556779491288,1.1914647816077388,2.350526761539604,-1.1590619799318653,1.0597506591848616,3.8784638409870147,-1.7589625226172916,0
2024-03-19,1.0873668599164084,0.7434408171440016,0.7843712765016456,1.9287526390242373,-1.1443813625225916,0.9776524493516003,3.7606112994919036,-1.805306400788703,0
2024-03-20,1.081164891465552,0.7384338073302623,0.6993430764611211,1.7070391148531905,-1.0076960383920692,0.890817080673049,3.5882949383525364,-1.8066607770064387,0
2024-03-21,1.068086827558312,0.7312237131984778,0.5440732559481504,1.444638181284839,-0.9005649253366886,0.8091755988066841,3.419217763081137,-1.8008665654677691,0
2024-03-22,1.0802211136578133,0.7290206288804326,0.662876898513921,1.3360098837139027,-0.6731329851999818,0.7333854253698883,3.243560812569554,-1.776789961829777,0
2024-03-25,1.0853444788998248,0.73022231123573,0.7086627289672572,1.322498239915771,-0.6138355109485137,0.6606757590500896,3.06610569501282,-1.7447541769126411,0
2024-03-26,1.0285829850343806,0.7192068896455036,0.07852363954401397,0.9790702288708957,-0.9005465893268817,0.5911878706881383,2.930109044659952,-1.7477333032836757,0
2024-03-27,1.0142914925171902,0.7011816543160424,-0.08618694593765357,0.4499348133336495,-0.536121759271303,0.537003622155131,2.8258864496104006,-1.7518792053001389,0
2024-03-28,1.0353242550896589,0.7141998798317644,0.13298923826039058,0.7911801157683737,-0.6581908775079831,0.4822848826032614,2.7246264723589615,-1.7600567071524384,0
2024-03-29,1.0416610489416207,0.7262167033847386,0.18756150555960982,1.102547801229787,-0.9149862956701771,0.4213538532861792,2.6121325715844295,-1.769424865012071,0
2024-04-01,1.0581097478765,0.7340276386941719,0.3529235136537295,1.2819700345656118,-0.9290465209118823,0.3742815371740357,2.5575915892959435,-1.809028514947872,0
2024-04-02,1.0416610489416207,0.7358301622271181,0.15282919974445686,1.287072250411723,-1.134243050667266,0.3230293874138279,2.501113153856834,-1.855054379029178,0
2024-04-03,1.0044492382364838,0.7356298818345683,-0.2739515750890962,1.2402282113250604,-1.5141797864141566,0.2588653338187415,2.4225461492259415,-1.9048154815884584,0
2024-04-08,0.997842793582311,0.7254155818145404,-0.35278560411965754,0.9180636230228442,-1.2708492271425018,0.19936676000402795,2.3309301667664597,-1.9321966467584037,0
2024-04-09,1.0218417149791021,0.7210094131784498,-0.08269037510332614,0.7650062347424772,-0.8476966098458033,0.1396477704550028,2.1810535084619964,-1.9017579675519907,0
2024-04-10,0.9916408251314547,0.7196074504306028,-0.43139705991403393,0.6993538650854827,-1.1307509249995167,0.08258047873329893,2.0698037121123853,-1.9046427546457874,0
2024-04-11,0.997842793582311,0.7202082916082516,-0.37955283390919076,0.6978157977098552,-1.077368631619046,0.03215613915072661,1.979973195665123,-1.9156609173636698,0
2024-04-12,1.051503303222327,0.7099939915882236,0.2180822924605244,0.34507466221205213,-0.12699236975152772,0.0017542126267086344,1.900176888805312,-1.8966684635518947,0
2024-04-15,1.0605366050964,0.7324253955537753,0.2998779135860679,1.0710817232946754,-0.7712038097086076,-0.03420889819946025,1.8390867702143636,-1.907504566613284,0
2024-04-16,1.049615747606849,0.7292209092729821,0.14878505826260452,0.9436878077250836,-0.7949027494624792,-0.06961906886078102,1.7789606913184524,-1.9181988290400143,0
2024-04-17,1.0791425104489687,0.737632685760064,0.47691347792601946,1.231129525145177,-0.7542160472191576,-0.09253512017521733,1.7553212486892233,-1.940391489039658,0
2024-04-18,1.0691654307671565,0.7366312837973162,0.3265065601607835,1.1645053269789132,-0.8379987668181297,-0.11070420145568938,1.7447880229995505,-1.9661964259109292,0
2024-04-19,1.0179317783470405,0.7270178249549368,-0.3625530688247397,0.7729076862939668,-1.1354607551187064,-0.1295969968488437,1.74438051756798,-2.0035745112656675,0
2024-04-22,0.9889443171093433,0.7366312837973162,-0.7912408095760561,1.1231853864969366,-1.9144261960729927,-0.16451045083631896,1.7632584337203816,-2.0922793353930196,0
2024-04-23,0.9656195227180802,0.7300220308431805,-1.120587341480589,0.8336801117335708,-1.9542674532141597,-0.20699634039485193,1.764556675545431,-2.1785493563351346,0
2024-04-24,1.0151004449238237,0.7306228720208291,-0.4691825218878033,0.83078132959847,-1.2999638514862732,-0.2362274917878907,1.7474360180754132,-2.219891001651195,0
2024-04-25,1.007145746258595,0.7408371720408572,-0.6012986094378412,1.2284835929845723,-1.8297822024224135,-0.27909942050796555,1.7295470912402575,-2.287745932256189,0
2024-04-26,1.0672778751516785,0.7510514720608853,0.22765510427269525,1.636803001180907,-1.4091478969082116,-0.32494333461791797,1.6586479375776917,-2.3085346068135277,0
2024-04-29,1.0775246056357017,0.7536551171640297,0.3530168973334442,1.697507913404535,-1.3444910160710908,-0.3627250495968225,1.6105504927808099,-2.336000591974455,0
2024-04-30,1.0684913037616286,0.7538553975565793,0.20617212377199592,1.6413627345015551,-1.4351906107295591,-0.3974209101301105,1.5768729948589575,-2.3717148151191783,0
2024-05-06,1.068356478360523,0.750250350490687,0.17972037286918452,1.4330328865637485,-1.253312513694564,-0.4173313864829275,1.567135571213307,-2.401798344179162,0
2024-05-07,1.032492921666442,0.7470458642098938,-0.37569536922836505,1.25050003176172,-1.6261954009900852,-0.43404506801044995,1.5742301330034119,-2.4423202690243118,0
2024-05-08,1.0295267628421194,0.7444422191067495,-0.4865412489767362,1.107548245983655,-1.5940894949603912,-0.440894502713326,1.58053336559476,-2.462322371021412,0
2024-05-09,1.032223270864231,0.7448427798918485,-0.5114227028946811,1.1115288965405727,-1.622951599435254,-0.45807467378444033,1.5859773110896127,-2.5021266586584936,0
2024-05-10,0.9828771740595929,0.7408371720408572,-1.4044119245484445,0.9151386752298383,-2.3195505997782826,-0.4949641279526171,1.6024484157589052,-2.592376671664139,0
2024-05-13,0.9710125387623028,0.7398357700781093,-1.6779948147587689,0.8610269667346381,-2.539021781493407,-0.534539345722955,1.626162123436058,-2.695240814881968,0
2024-05-14,0.9666981259269246,0.7378329661526137,-1.7937362773796115,0.7672391999255121,-2.5609754773051234,-0.5820799614203949,1.629612608030958,-2.793772530871748,0
2024-05-15,0.9596872050694352,0.7270178249549368,-1.8510785974405213,0.134777008477941,-1.9858556059184622,-0.6329058194121013,1.5650574321062347,-2.8308690709304374,0
2024-05-16,0.9780234596197924,0.7160024033647105,-1.488984345759616,-0.5351627532506752,-0.9538215925089407,-0.6598494185920172,1.5129947963787964,-2.8326936335628305,0
2024-05-17,0.9959552379668329,0.728820348487883,-1.151353725458991,0.2035643576537449,-1.3549180831127359,-0.6902827495591851,1.4692371369483848,-2.849802636066755,0
2024-05-20,0.9959552379668329,0.7370318445824153,-1.120064754380906,0.6684079744386231,-1.788472728819529,-0.7592886441129216,1.265181373145097,-2.78375866137094,0
2024-05-21,0.9710125387623028,0.7258161425996396,-1.5009168683484038,-0.03152777786858859,-1.4693890904798153,-0.8088771130392314,1.1340038308710891,-2.751758056949552,0
2024-05-22,0.9776189834164757,0.7298217504506308,-1.3372167808417235,0.19700609079020837,-1.5342228716319317,-0.8432893903882572,1.076089129905664,-2.7626679106821785,0
2024-05-23,0.9615747606849129,0.7168035249349088,-1.5509176419152986,-0.617305339027785,-0.9336123028875136,-0.8763603295665774,0.9775363129283527,-2.7302569720615075,0
2024-05-24,0.9124983146824862,0.7156018425796113,-2.2412122087179354,-0.7070467809657184,-1.534165427752217,-0.9139226710765181,0.8993205180132834,-2.72716586016632,0
2024-05-27,0.9526762842119455,0.7166032445423594,-1.523192001546441,-0.6806256652003363,-0.8425663363461048,-0.9448307476219864,0.796680579716283,-2.6863420749602556,0
2024-05-28,0.9489011729809895,0.7045864209893852,-1.557526457868393,-1.4655232451462463,-0.09200321272214662,-0.9769011548832592,0.621578983811811,-2.5753812935783293,0
2024-05-29,0.9375758392881219,0.705587822952133,-1.6774027875394373,-1.4279672534047374,-0.24943553413469988,-0.9960732715339572,0.5370490222073644,-2.5291955652752787,0
2024-05-30,0.9371713630848052,0.7037852994191869,-1.6330444246497722,-1.5431120969781453,-0.08993232767162684,-1.0119122951936064,0.461671039097995,-2.4854956294852077,0
2024-05-31,0.9613051098827018,0.6959743641097537,-1.2210039526452434,-2.034600705280858,0.8135967526356145,-1.0195778816231134,0.4097649317277712,-2.4489206949739977,1
2024-06-03,0.958743427261696,0.6923693170438614,-1.2445673394486219,-2.1648036267927635,0.9202362873441416,-1.0110468166234616,0.45850928485104325,-2.4806029180979667,1
2024-06-04,0.9645409195092356,0.6907670739034649,-1.127694740936041,-2.177678872936536,1.0499841320004952,-1.0019866379699844,0.5116661994454255,-2.5156394753853943,1
2024-06-05,0.9555076176351625,0.6935709993991589,-1.2667981514359592,-1.9501301461182794,0.6833319946823202,-0.9933436248841663,0.5529790121680855,-2.539666261936418,1
2024-06-06,0.9343400296615881,0.6829561385940317,-1.6007964357506512,-2.4801850103078613,0.8793885745572101,-0.976627446127556,0.6285084227632362,-2.5817633150183483,1
2024-06-07,0.9187002831333423,0.6849589425195274,-1.8225450368017526,-2.2947741906643375,0.4722291538625849,-0.9707369768458005,0.6532347643776386,-2.5947087180692394,0
2024-06-11,0.9629230146959687,0.6863609052673744,-0.9833808536392423,-2.143900530752895,1.1605196771136526,-0.9542571934599043,0.735606209237944,-2.6441205961577525,1
2024-06-12,0.9564513954429014,0.6769477268175446,-1.0710975869186297,-2.475420111300599,1.4043225243819695,-0.9133254778821447,0.8825939528196851,-2.7092449085839743,1
2024-06-13,0.9699339355534582,0.6647306228720208,-0.78559455266103,-2.838032485147081,2.052437932486051,-0.8623158135553565,1.0897228542531852,-2.814354481363898,1
2024-06-14,0.9861129836861264,0.6685359503304628,-0.44945988723586766,-2.473375214889571,2.0239153276537034,-0.8044845337347989,1.2784278863973673,-2.8873969538669653,1
2024-06-17,0.9917756505325603,0.6713398758261567,-0.3133811308695871,-2.2098732564561283,1.8964921255865412,-0.7501455716671681,1.4407207991375937,-2.94101194247193,1
2024-06-18,1.006201968450856,0.6835569797716804,0.01407648461315781,-1.6119568412963043,1.6260333259094621,-0.7037273165698126,1.5684058887806878,-2.975860521920313,1
2024-06-19,1.0155049211271403,0.6759463248547967,0.24012069090401314,-1.8557229873157424,2.0958436782197554,-0.6497235658907735,1.731226674245013,-3.0306738060265603,1
2024-06-20,1.0098422542807066,0.6615261365912277,0.14744582800632386,-2.3183499754868286,2.4657958034931524,-0.5918320351926865,1.9190778622637323,-3.1027419326491055,1
2024-06-21,1.034650128084131,0.654916883637092,0.7153630084352459,-2.4132973263966537,3.1286603348318995,-0.5246782808565433,2.1620124621794554,-3.2113690238925416,1
2024-06-24,0.9925846029391938,0.6475065091127579,-0.19562178040821562,-2.507299357049265,2.3116775766410496,-0.4749314381591928,2.3093394099209794,-3.259202286239365,1
2024-06-25,0.9594175542672239,0.6412978169437212,-0.930729094964252,-2.5358367399282624,1.6051076449640105,-0.43794905222731734,2.3972967623260315,-3.273194866780666,0
2024-06-26,0.9795065390319537,0.6473062287202083,-0.4405649036029818,-2.1881766759600443,1.7476117723570626,-0.393813079532585,2.494097763712834,-3.281723922778004,0
2024-06-27,0.9579344748550627,0.640897256158622,-0.9209416321410708,-2.264970047675334,1.344028415534263,-0.36247724328582553,2.5597502973858286,-3.2847047839574794,0
2024-06-28,0.948092220574356,0.6459042659723613,-1.112983163011736,-1.995947681533316,0.88296451852158,-0.3367913200186662,2.6019094902539237,-3.275492130291256,0
2024-07-01,0.9501146015909397,0.6525135189264971,-1.0309618020414597,-1.7122390664203904,0.6812772643789307,-0.3101869273511811,2.6361136287497975,-3.2564874834521595,0
2024-07-02,0.9577996494539572,0.654916883637092,-0.8237282647692409,-1.5730050829157343,0.7492768181464934,-0.28221487170020804,2.6720427606984005,-3.236472504098817,0
2024-07-03,0.9599568558716463,0.6727418385740037,-0.7456229101960744,-1.0097596463528418,0.26413673615676736,-0.25890854191980756,2.690065652613206,-3.207882736452821,0
2024-07-04,0.9292166644195766,0.660925295413579,-1.4237379537429296,-1.3111123070710613,-0.11262564667186825,-0.23554930625743606,2.6951250923838956,-3.166223704898768,0
2024-07-05,0.9640016179048132,0.6593230522731824,-0.5941472782849825,-1.3098660338465027,0.7157187555615202,-0.2024398398790357,2.7255416381174364,-3.130421317875508,0
2024-07-08,0.9569906970473238,0.6501101542159022,-0.7328868495207104,-1.5148300077434158,0.7819431582227054,-0.17527917707789387,2.7585822298831704,-3.109140584038958,0
2024-07-09,0.9857085074828097,0.6769477268175446,-0.05959189760083576,-0.7287146338654423,0.6691227362646066,-0.14528128272349183,2.7856450074894736,-3.0762075729364575,0
2024-07-10,0.9817985708507482,0.6803524934908872,-0.14473711355875282,-0.6125465706674177,0.46780945710866484,-0.11952831457802998,2.8052304274057596,-3.04428705656182,0
2024-07-11,0.9840906026695428,0.692569597436411,-0.06617743810400424,-0.2578769724565463,0.19169953435254206,-0.11421678284296216,2.8116441378541692,-3.040077703540094,0
2024-07-12,0.9517325064042066,0.6933707190066092,-0.8112886073628351,-0.21805630168912268,-0.5932323056737124,-0.11125059110904725,2.8122609078513108,-3.034762090069405,0
2024-07-15,0.9707428879600917,0.6905667935109152,-0.32311044775588194,-0.2810464121966032,-0.042064035559278734,-0.09870327921066056,2.819329756938551,-3.016736315359872,0
2024-07-16,1.0494809222057435,0.6931704386140597,1.6895851838402396,-0.18695521724554146,1.8765404010857811,-0.05485733840557825,2.901911000729912,-3.0116256775410686,0
2024-07-17,1.0330322232708642,0.7039855798117364,1.3217597434844295,0.1432326853728332,1.1785270581115963,-0.021248574656749487,2.945136191287835,-2.9876333406013345,0
2024-07-18,1.0160442227315627,0.7019827758862407,0.8776325699736356,0.09744044742851403,0.7801921225451216,0.010678973304314313,2.9695082809457376,-2.9481503343371087,0
2024-07-19,1.054604287447755,0.7133987582615662,1.8083665181197242,0.4484876840280063,1.3598788340917178,0.06525072380705949,3.0003339080576064,-2.8698324604434875,0
2024-07-22,1.0605366050964,0.7148007210094132,1.8643693739472897,0.5003679331284908,1.3640014408187988,0.12055520537427547,3.025744084781014,-2.7846336740324635,0
2024-07-23,1.0152352703249292,0.704185860204286,0.7418862553617983,0.19841778391419104,0.5434684714476072,0.15127907742317348,3.034264225624662,-2.731706070778315,0
2024-07-24,1.017122825940407,0.6971760464650512,0.7823609414632225,0.009676551090421233,0.7726843903728013,0.19465352063642705,3.0343814839632897,-2.6450744426904356,0
2024-07-25,1.0084940002696507,0.7063889445223314,0.6134492402286976,0.32089593405716,0.29255330617153763,0.22301520735442285,3.031403998389427,-2.585373583680582,0
2024-07-26,1.001887555615478,0.7025836170638894,0.5008787375462175,0.23516083324829565,0.26571790429792186,0.2498520226939064,3.0279197209106177,-2.5282156755228047,0
2024-07-29,0.9956855871646217,0.6799519327057881,0.38432951317889247,-0.4659094464290933,0.8502389596079858,0.2879425155328655,3.0345216471632654,-2.4586366160975346,0
2024-07-30,1.011190508291762,0.6779491287802925,0.8870289752389212,-0.5065597743529145,1.3935887495918358,0.3320575365876388,3.0629200450003298,-2.3988049718250517,0
2024-07-31,1.0718619387892678,0.692569597436411,2.550956029428302,0.022843708294746527,2.5281123211335554,0.4012959986230328,3.140837123869746,-2.33824512662368,0
2024-08-01,1.074019145206957,0.6891648307630682,2.488418147293043,-0.06628159168783414,2.554699738980877,0.47044248585538734,3.214542133929049,-2.2736571622182744,0
2024-08-02,1.051233652420116,0.6875625876226718,1.8349847615510333,-0.09278087294893711,1.9277656344999703,0.5296211064209744,3.2430539546723747,-2.183811741830426,0
2024-08-05,0.9951462855601996,0.695373522932105,0.3260475471976607,0.23509361351198504,0.09095393368567567,0.5697961819787071,3.1810871173411988,-2.041494753383785,0
2024-08-06,1.0094377780773898,0.6955738033246545,0.6893361968946835,0.2804936570215536,0.4088425398731299,0.6189272540014825,3.0999634011354207,-1.8621088931324554,0
2024-08-07,0.9658891735202912,0.6893651111556179,-0.4725118460266013,0.06717026130359148,-0.5396821073301927,0.6526154768343981,3.0098146313908978,-1.7045836777221015,0
2024-08-08,0.9758662532021032,0.6871620268375727,-0.21413798356340283,0.0036703806929439093,-0.21780836425634673,0.6820829308621,2.9475305277164106,-1.5833646659922103,0
2024-08-09,0.9708777133611973,0.6809533346685359,-0.34420609888117254,-0.23716394918042474,-0.1070421497007478,0.6961959215755701,2.9305245956458412,-1.5381327524947013,0
2024-08-12,0.9936632061480383,0.6789505307430402,0.2663354006604613,-0.2956196826415114,0.5619550833019726,0.7281438076824818,2.8970305032325196,-1.4407428878675563,0
2024-08-13,0.9911015235270325,0.677748848387743,0.20007818378583947,-0.3191833818143131,0.5192615656001526,0.7666060459228098,2.83339816392057,-1.30018607207495,0
2024-08-14,0.9919104759336658,0.66973763268576,0.21253642359602978,-0.6639079453676137,0.8764443689636434,0.8057032702468675,2.78743701043434,-1.1760304699406046,0
2024-08-15,1.0327625724686529,0.6859603444822752,1.2647182561100838,0.14621727267593407,1.1185009834341497,0.8499153344979687,2.7353189960492843,-1.0354883270533466,0
2024-08-16,1.0359983820951868,0.6813538954536351,1.3023082729306057,-0.053852571882681895,1.3561608448132876,0.8880782202929821,2.718525921301584,-0.9423694807156197,0
2024-08-19,1.0359983820951868,0.672541558181454,1.272233034570338,-0.4753740289106937,1.747607063481032,0.942774428480203,2.6721315565259034,-0.7865826995654975,0
2024-08-20,1.019954159363624,0.6715401562187062,0.8170147599752045,-0.5017188527927035,1.318733612767908,0.9787960942987699,2.6457942522178053,-0.6882020636202657,0
2024-08-21,1.0378859377106646,0.6709393150410575,1.251162655535765,-0.5097586748849391,1.7609213304207039,1.0096781700178172,2.6645919367501882,-0.645235596714554,0
2024-08-22,1.0422003505460429,0.6565191267774885,1.3224211284751888,-1.24703047657972,2.5694516050549088,1.056659622337644,2.726156637282366,-0.6128373926070776,0
2024-08-23,1.0280436834299582,0.6619266973763268,0.9158503384597567,-0.9237194729276875,1.8395698113874444,1.0888179913219618,2.742734243489459,-0.5650982608455353,0
2024-08-26,1.0095726034784953,0.6621269777688765,0.3985759202383804,-0.8827426598264905,1.281318580064871,1.0966133551124495,2.7496616636974185,-0.5564349534725197,0
2024-08-27,1.0152352703249292,0.6539154816743441,0.5295972195290166,-1.28378649465497,1.8133837141839866,1.1114991455597802,2.774144457721361,-0.5511461666018005,0
2024-08-28,1.0072805716597006,0.6503104346084518,0.29502851197577706,-1.4229803478282044,1.7180088598039815,1.122632891023172,2.792533455840756,-0.5472676737944118,0
2024-08-29,1.011190508291762,0.6539154816743441,0.38043789792872,-1.1888475296341556,1.5692854275628756,1.1373987815711812,2.8071659995101284,-0.5323684363677661,0
2024-08-30,1.0703788593771066,0.6635289405167235,1.9426717414236891,-0.6600025937153741,2.602674335139063,1.166120210914212,2.876621688413513,-0.5443812665850891,0
2024-09-02,1.0498853984090604,0.6459042659723613,1.3573998836900374,-1.5290835947906734,2.8864834784807107,1.2063577829911807,2.963412270878329,-0.5506967048959677,0
2024-09-03,1.042470001348254,0.6485079110755058,1.109985089900546,-1.343591409437902,2.453576499338448,1.2279087300282607,3.0141534183756997,-0.5583359583191783,0
2024-09-04,1.0310098422542806,0.6475065091127579,0.7585238200802399,-1.348285450895898,2.1068092709761377,1.2396168424714966,3.0397204801339095,-0.5604867951909165,0
2024-09-05,1.007145746258595,0.652112958141398,0.05938000708082289,-1.095972295693462,1.155352302774285,1.224665415309634,3.0121646246706586,-0.562833794051391,0
2024-09-06,1.0270999056222192,0.649709593430803,0.6142978886566574,-1.1866073220784366,1.800905210735094,1.2209485800276572,3.002605321562933,-0.5607081615076188,0
2024-09-09,1.0300660644465418,0.6358902463448829,0.6795725336441798,-1.7893454591234523,2.468917992767632,1.2304890111473419,3.032870549930118,-0.5718925276354341,0
2024-09-10,1.063772414722934,0.6276787502503505,1.5847045077175546,-2.063721342984378,3.6484258507019325,1.2641955532272167,3.1693774034155515,-0.640986296961118,1
2024-09-11,1.0678171767561009,0.6234728620068095,1.6355385565540441,-2.130225469525638,3.7657640260796823,1.292027559024882,3.293011516159877,-0.708956398110113,1
2024-09-12,1.0260213024133746,0.6202683757260165,0.4798325803896971,-2.154272292727246,2.6341048731169434,1.2948327101852786,3.302969298901767,-0.7133038785312098,0
2024-09-13,1.0513684778212216,0.6166633286601242,1.158210148393224,-2.193163589031045,3.351373737424269,1.2985446002284846,3.321240331203321,-0.7241511307463522,1
2024-09-18,1.007550222461912,0.6056479070698978,-0.04046704790187501,-2.4919057089550334,2.4514386610531584,1.3008739516353531,3.328631275588,-0.726883372317294,0
2024-09-19,1.0235944451934744,0.6186661325856199,0.3729897025445184,-1.9236540513332645,2.296643753877783,1.3123995534505828,3.354998023504169,-0.7301989166030034,0
2024-09-20,1.0235944451934744,0.6208692169036651,0.3544834977963922,-1.7823853334331368,2.136868831229529,1.318887171098457,3.369565274474345,-0.7317909322774308,0
2024-09-23,1.0180666037481463,0.6212697776887642,0.1762641434994206,-1.7254388164133823,1.9017029599128028,1.3281817468380994,3.384371227279395,-0.728007733603196,0
2024-09-24,1.0532560334366996,0.6465051071500101,1.1429767351700504,-0.7971648828323182,1.9401416180023685,1.3458013651627792,3.4045882112319266,-0.7129854809063685,0
2024-09-25,1.0617500337063503,0.6509112757861005,1.3525303463968532,-0.6335633002721122,1.9860936466689654,1.3675483048676134,3.42534710424105,-0.6902504945058234,0
2024-09-26,1.0919509235539975,0.6783496895653915,2.135416725393464,0.3620672256130199,1.7733494997804442,1.3846161828948456,3.4385391054950833,-0.669306739705392,0
2024-09-27,1.1607118781178374,0.7150010014019628,3.6207406340731785,1.6465197011735895,1.974220932899589,1.4131175861738927,3.451191793636402,-0.6249566212886166,0
2024-09-30,1.3924767426183093,0.7694772681754457,6.042674587510572,3.2128921436968323,2.8297824438137393,1.4621577210153194,3.4924789166928836,-0.5681634746622448,0
2024-10-08,1.6710260213024133,0.7796915681954737,6.181689082632516,3.169172134241289,3.0125169483912275,1.5004376908958148,3.559909937987501,-0.5590345561958718,0
2024-10-09,1.7662127544829445,0.7107951131584218,5.163396367145284,1.085080787387775,4.078315579757509,1.5553772312547278,3.7105311074659686,-0.599776644956513,1
2024-10-10,1.7666172306862613,0.7190066092529541,4.2278502424243225,1.2881254342606905,2.939724808163632,1.5932205991197117,3.764749707312704,-0.5783085090732807,0
2024-10-11,1.6677902116758798,0.7063889445223314,3.2323098506866668,0.902051332708884,2.3302585179777826,1.6242614168008636,3.7835622776421696,-0.5350394440404427,0
2024-10-14,1.674531481731158,0.7029841778489886,2.9608631474947904,0.7959687369049848,2.1648944105898056,1.6571479980714847,3.7876085501080268,-0.47331255396505734,0
2024-10-15,1.5774571929351489,0.692569597436411,2.3121131873556138,0.4963768264823435,1.8157363608732702,1.6972974758472679,3.74441097636789,-0.34981602467335393,0
2024-10-16,1.531212080355939,0.6861606248748248,1.979278093076025,0.3140492018036307,1.6652288912723943,1.725752357961129,3.7213323203371456,-0.26982760441488796,0
2024-10-17,1.5664015100444924,0.6795513719206889,2.0294211086131098,0.13025179751515087,1.8991693110979588,1.7261295064613322,3.7218339412576213,-0.2695749283349569,0
2024-10-18,1.7930430093029528,0.6969757660725014,2.7933259788122826,0.6388877810321425,2.15443819778014,1.7423946921224744,3.7358507717543223,-0.25106138750937346,0
2024-10-21,1.7702575165161119,0.7005808131383937,2.502448955412319,0.744422731815545,1.7580262235967739,1.758691927140002,3.7360727474991866,-0.2186888932191824,0
2024-10-22,1.7272482135634355,0.7029841778489886,2.191643348000772,0.8232226886124919,1.3684206593882804,1.7588342908949448,3.7360995392017102,-0.2184309574118204,0
2024-10-23,1.6855871646218146,0.7129981974764671,1.9294420760340563,1.1170188679933977,0.8124232080406586,1.749641320348642,3.7394629422438728,-0.24018030154658887,0
2024-10-24,1.6691384656869352,0.7027838974564391,1.7820615644312967,0.8202543793990221,0.9618071850322746,1.75661363224172,3.732123292772461,-0.21889602828902066,0
2024-10-25,1.644869893487933,0.7073903464850791,1.6231003463964535,0.9458914601756802,0.6772088862207734,1.7550223738391864,3.7339068842123058,-0.22386213653393305,0
2024-10-28,1.6525549413509504,0.7141998798317644,1.5825527671466388,1.1355524084224733,0.44700035872416555,1.7575964913817301,3.729130710410919,-0.21393772764745878,0
2024-10-29,1.7059458001887555,0.7063889445223314,1.6910030712273652,0.9061292915102035,0.7848737797171617,1.7662490893053842,3.7155812924897957,-0.18308311387902743,0
2024-10-30,1.6878791964406092,0.7061886641297817,1.5635145524044936,0.8818830799874952,0.6816314724169984,1.7634389645188677,3.718620061945133,-0.1917421329073976,0
2024-10-31,1.7314278009977078,0.7001802523532946,1.6370019143888517,0.6958093552401861,0.9411925591486656,1.7558990280114812,3.72034922506144,-0.20855116903847737,0
2024-11-01,1.6702170688957798,0.6993791307830963,1.383378663415705,0.6683883513159719,0.7149903120997332,1.7256803278609179,3.697577631554489,-0.24621697583265334,0
2024-11-04,1.6779021167587973,0.7029841778489886,1.357149664295634,0.7618147134995852,0.5953349507960488,1.6930242480578375,3.673950451821667,-0.28790195570599164,0
2024-11-05,1.7430227854927869,0.7158021229721611,1.503473344344495,1.1021973603346324,0.40127598400986253,1.6675827538830021,3.675274507129465,-0.34010899936346073,0
2024-11-06,1.7957395173250639,0.7154015621870619,1.600636924080843,1.0732964662903894,0.5273404577904535,1.6748558626180818,3.6623746507996224,-0.31266292556345876,0
2024-11-07,1.9111500606714305,0.7364310034047667,1.8636560660327557,1.6086916887844727,0.254964377248283,1.6722912265743344,3.6668399622944734,-0.32225750914580464,0
2024-11-08,1.84697316974518,0.731624273983577,1.6030863901521322,1.4330265288718012,0.17005986128033102,1.68412025938451,3.6332059417126876,-0.26496542294366776,0
2024-11-11,1.8747472023729272,0.7328259563388745,1.6172217575564773,1.4202303945163142,0.19699136304016318,1.691033588172785,3.615464270872426,-0.2333970945268562,0
2024-11-12,1.7447755157071592,0.7280192269176848,1.1951445699898988,1.2549454135461875,-0.059800843556288674,1.6918209432751925,3.613295501994348,-0.2296536154439628,0
2024-11-13,1.7730888499393285,0.7292209092729821,1.2340645062254456,1.2473763131488216,-0.013311806923375968,1.6822331617714368,3.6321712986109196,-0.2677049750680458,0
2024-11-14,1.7082378320075502,0.7212096935709994,1.0115037269521674,1.0134560095164058,-0.0019522825642384056,1.67354626430203,3.6490361855027427,-0.30194365689868263,0
2024-11-15,1.6435216394768775,0.7268175445623873,0.7954991634961562,1.1208138311884295,-0.32531466769227324,1.6535169470244317,3.6854446366686435,-0.3784107426197798,0
2024-11-18,1.6598355130106512,0.7246144602443421,0.8148101896049627,1.039160997495559,-0.22435080789059625,1.6311360838356856,3.7159294613403215,-0.45365729366895025,0
2024-11-19,1.7149791020628287,0.7202082916082516,0.9441218097931984,0.9062326886125432,0.03788912118065513,1.6091648884418084,3.733163692152058,-0.5148339152684414,0
2024-11-20,1.706080625589861,0.721409973963549,0.8876987628757015,0.909901492947083,-0.022202730071381516,1.5796680585492686,3.74460766056238,-0.5852715434638431,0
2024-11-21,1.7325064042065526,0.7176046465051071,0.9337035965858972,0.7933884524592427,0.14031514412665447,1.560027750738581,3.755758845712736,-0.6357033442355742,0
2024-11-22,1.6704867196979911,0.6973763268576006,0.7243494341591249,0.28562140386368284,0.43872803029544205,1.5379911957364931,3.7519842156221976,-0.6760018241492114,0
2024-11-25,1.5944451934744506,0.6899659523332666,0.47594515804418774,0.0901603336639273,0.38578482438026046,1.5015967493919156,3.718408182413473,-0.715214683629642,0
2024-11-26,1.5922879870567614,0.6919687562587622,0.4463344883467878,0.12762792127826972,0.3187065670685181,1.476249028653267,3.712039317585532,-0.7595412602789979,0
2024-11-27,1.6610489416206013,0.696775485679952,0.6290165343163339,0.23300186381214433,0.39601467050418954,1.4614939634939221,3.714138802368603,-0.7911508753807583,0
2024-11-28,1.6988000539301604,0.6973763268576006,0.7179677602045409,0.23121013368571278,0.48675762651882815,1.439383528699503,3.703989329087473,-0.8252222716884672,0
2024-11-29,1.6962383713091547,0.6991788503905467,0.6837952040000407,0.25772193273029204,0.42607327126974864,1.4178512688905989,3.696206740618598,-0.8605042028374004,0
2024-12-02,1.710799514628556,0.7148007210094132,0.7031453708718318,0.6271637521046005,0.07598161876723131,1.3929628720773382,3.6970689318295884,-0.9111431876749121,0
2024-12-03,1.6903060536605097,0.7144001602243141,0.612436705688769,0.5961224571053166,0.016314248583452318,1.349856870634745,3.658670004755294,-0.9589562634858042,0
2024-12-04,1.7377645948496694,0.7025836170638894,0.738807651263944,0.2767704022699401,0.4620372489940039,1.3094494334766331,3.5935975110210494,-0.9746986440677832,0
2024-12-05,1.7260347849534854,0.7009813739234929,0.6743899127042842,0.21575161970512965,0.4586382929991545,1.276200463370978,3.550659634777773,-0.9982587080358167,0
2024-12-06,1.750168531751382,0.7113959543360706,0.7286289172459136,0.4613751258294152,0.2672537914164984,1.2455412053783175,3.524045616652435,-1.0329632058957998,0
2024-12-09,1.7391128488607255,0.7115962347286201,0.6659358089291204,0.4445344445886417,0.2214013643404787,1.2299753564044207,3.523696045316691,-1.0637453325078496,0
2024-12-10,1.756774976405555,0.7127979170839176,0.7022764572789238,0.4531625153561099,0.24911394192281394,1.2041121685908827,3.5066240508664386,-1.098399713684673,0
2024-12-11,1.6769583389510583,0.7178049268976567,0.3909698635768345,0.5606233684177129,-0.16965350484087838,1.1601359769640742,3.4651708243807207,-1.144898870452572,0
2024-12-12,1.7095860860186058,0.7240136190666934,0.4851046937864648,0.7039778384241415,-0.2188731446376767,1.0956809937084142,3.332965989909643,-1.1416040024928142,0
2024-12-13,1.669273291088041,0.7156018425796113,0.3045207007145225,0.4437603579912899,-0.1392396572767674,1.0305975989858065,3.177283432389471,-1.116088234417858,0
2024-12-16,1.6640151004449237,0.7071900660925295,0.2531556197780572,0.16697059139651027,0.0861850283815469,0.9881322682402166,3.1064033454594924,-1.1301388089790594,0
2024-12-17,1.6423082108669274,0.7003805327458441,0.13010298931877912,-0.08655079972424719,0.2166537890430263,0.9358869357671958,2.9700162681200584,-1.098242396585667,0
2024-12-18,1.6340838613994877,0.6981774484277989,0.05352052212576438,-0.2270539691717324,0.2805744912974968,0.8997058662712683,2.90114271888673,-1.101730986344193,0
2024-12-19,1.7362815154375084,0.6901662327258161,0.49530938798594537,-0.5995840461335151,1.0948934341194605,0.8796766942752962,2.8480262122478956,-1.0886728236973031,0
2024-12-20,1.767021706889578,0.6911676346885639,0.6320527732665159,-0.6678933240112032,1.299946097277719,0.8657279820427661,2.8095459571440733,-1.0780899930585408,0
2024-12-23,1.8430632331131183,0.6943721209693572,1.053563588572321,-0.6612793548277944,1.7148429434001153,0.8626136484342213,2.8002688423187947,-1.0750415454503521,0
2024-12-24,1.8976675205608737,0.7033847386340877,1.423732847974726,-0.298577987508177,1.722310835482903,0.85898313539223,2.78922786799089,-1.0712615972064299,0
2024-12-25,2.111365781313199,0.70698978569998,2.8838780660961096,-0.17435026161431344,3.058228327710423,0.8768520467429212,2.8684165142360833,-1.1147124207502412,1
2024-12-26,2.146150734798436,0.7001802523532946,3.2333498546865487,-0.59431573358996,3.827665588276509,0.9110906482178556,3.0317974240623355,-1.2096161276266244,1
2024-12-27,2.0904678441418363,0.7057881033446826,2.949844965695249,-0.2606214108022556,3.2104663764975045,0.9316947389444874,3.1174424123455218,-1.2540529344565468,1
2024-12-30,2.0763111770257514,0.6971760464650512,2.7358917371530893,-0.7683509229571613,3.5042426601102505,0.9429357425494291,3.174841584912487,-1.2889700998136286,1
2024-12-31,2.019549683160307,0.6839575405567795,2.1469566362905463,-1.8387727292333462,3.9857293655238926,0.9591559495016404,3.2651591007915886,-1.3468472017883077,1
2025-01-02,1.8751516785762439,0.6671339875826157,1.0066966065497462,-2.8700354881290853,3.8767320946788315,0.9557962247503291,3.243830861678692,-1.3322384121780335,1
2025-01-03,1.8283672643926117,0.6629280993390747,0.6376891088397421,-2.8937112139735683,3.5314003228133104,0.9656574833278238,3.293232653552621,-1.3619176868969736,1
2025-01-06,1.8143454226776323,0.6629280993390747,0.5121335527780623,-2.6650616582116107,3.177195210989673,0.9797730948780219,3.3508773811302017,-1.3913311913741577,0
2025-01-07,1.9900229203181878,0.6611255758061285,1.771617584336808,-2.574342712172029,4.345960296508837,1.0161241929766724,3.5240630288171073,-1.4918146428637624,1
2025-01-08,2.020897937171363,0.6585219307029843,1.9129536062598236,-2.5507450610984375,4.463698667358261,1.0602568980847555,3.7143672014574696,-1.5938534052879587,1
2025-01-09,1.9981124443845217,0.6543160424594433,1.6882620084373228,-2.6127026305439265,4.300964638981249,1.1041858272132363,3.8833316252796224,-1.6749599708531497,1
2025-01-10,1.9778886342186865,0.648307630682956,1.4892092743511596,-2.747980899426034,4.2371901737771935,1.1431528415912238,4.0310759057959205,-1.7447702226134731,1
2025-01-13,1.9333962518538492,0.6489084718606049,1.13333813351011,-2.527443167965474,3.660781301475584,1.1682585599861477,4.117483182359558,-1.7809660623872625,0
2025-01-14,1.9421599029257113,0.66513118365712,1.1623517765785327,-1.6840970051177095,2.8464487816962425,1.1863989359544722,4.163636408291978,-1.7908385363830335,0
2025-01-15,1.984629904273965,0.6677348287602645,1.4127389253093197,-1.5056524947012933,2.9183914200106127,1.2122317819648445,4.222606888494882,-1.7981433245651925,0
2025-01-16,1.7906161520830524,0.6649309032645705,0.03284794789610357,-1.5668561202493188,1.5997040681454222,1.2253531296332574,4.23550254143968,-1.7847962821731655,0
2025-01-17,1.7767291357691788,0.6649309032645705,-0.07861173735415043,-1.5083989435786525,1.429787206224502,1.2331527966531277,4.2429495586305865,-1.7766439653243313,0
2025-01-20,1.8053121208035594,0.6627278189465252,0.10682411694756427,-1.5413927748525864,1.6482168918001507,1.2493362634127838,4.257414870670915,-1.758742343845347,0
2025-01-21,1.793582310907375,0.6649309032645705,0.005715045298316505,-1.3931129464794405,1.398827991777757,1.2652000572970106,4.266097376888775,-1.7356972622947533,0
2025-01-22,1.786032088445463,0.6675345483677148,-0.05886418327270708,-1.240010531334079,1.181146348061372,1.2718046001027472,4.270144922418642,-1.7265357222131474,0
2025-01-23,1.7600107860320884,0.6659323052273183,-0.2579763961692468,-1.2628466443557778,1.004870248186531,1.2771919130322396,4.27237864378825,-1.7179948177237707,0
2025-01-24,1.7662127544829445,0.6677348287602645,-0.21723157259849787,-1.15280125333621,0.9355696807377121,1.277098198392057,4.272328044984244,-1.7181316482001296,0
2025-01-27,1.725765134151274,0.6641297816943721,-0.522465696037124,-1.258768153358746,0.736302457321622,1.2774534008124219,4.272417130966852,-1.717510329342009,0
2025-02-05,1.8766347579884048,0.6611255758061285,0.564461672366879,-1.3319914693150527,1.8964531416819317,1.2991387039938533,4.292853296945623,-1.6945758889579159,0
2025-02-06,1.898476472967507,0.6633286601241738,0.7045813715437708,-1.201924221354537,1.9065055928983077,1.324225864141994,4.312556834538602,-1.6641051062546135,0
2025-02-07,1.8835108534447889,0.6669337071900661,0.581982561386567,-1.0248918100073223,1.6068743713938893,1.3422180960353844,4.324024395779425,-1.6395882037086564,0
2025-02-10,1.9185654577322369,0.6705387542559583,0.8376860130297167,-0.8563533594447029,1.6940393724744196,1.3662026792891533,4.335558962701067,-1.6031536041227605,0
2025-02-11,1.887555615477956,0.6615261365912277,0.6039439130887968,-1.1830936155510021,1.7870375286397988,1.393152307078478,4.347662209551135,-1.5613575953941798,0
2025-02-12,1.9021167587973575,0.6617264169837773,0.7056766477644321,-1.143255214861007,1.848931862625439,1.4206846487382327,4.360603954389249,-1.5192346569127835,0
2025-02-13,1.8208170419307,0.6611255758061285,0.10304305789471406,-1.1343642029634449,1.237407260858159,1.4423047838118066,4.356906352288218,-1.4722967846646045,0
2025-02-14,1.8321423756235673,0.6607250150210295,0.17870566474228883,-1.1196916828683416,1.2983973476106305,1.46416660305404,4.353926692929213,-1.4255934868211335,0
2025-02-17,1.9092625050559526,0.6589224914880832,0.7183572881093389,-1.1591671044674225,1.8775243925767615,1.49549121430639,4.361250598512715,-1.370268169899935,0
2025-02-18,1.8534447889982473,0.6529140797115963,0.2880022499253613,-1.3751443761297693,1.6631466260551306,1.528632235868847,4.354450049385375,-1.2971855776476808,0
2025-02-19,1.8520965349871916,0.6519126777488483,0.2570651358480182,-1.3782471180986355,1.6353122539466538,1.559626620232801,4.347775573185869,-1.228522332720267,0
2025-02-20,1.8356478360523123,0.6519126777488483,0.11944655719693478,-1.3372744828217165,1.4567210400186512,1.583273818880101,4.342843034266799,-1.1762953965065972,0
2025-02-21,2.116219495753,0.6553174444221911,2.1075437465074045,-1.1566951800737812,3.2642389265811858,1.6380478464909771,4.398453188281694,-1.1223574952997395,0
2025-02-24,2.077120129432385,0.657720809132786,1.7411046828595904,-1.020113244172295,2.7612179270318853,1.6817295595393977,4.4286406458307095,-1.0651815267519145,0
2025-02-25,2.10192800323581,0.6503104346084518,1.8326522664417086,-1.3031111777799613,3.13576344422167,1.7266801497715014,4.479113353914581,-1.0257530543715783,0
2025-02-26,2.224619118241877,0.6513118365711997,2.532221900870043,-1.2166531434006898,3.748875044270733,1.7827316534363427,4.560941315536093,-0.9954780086634079,0
2025-02-27,2.2918969933935553,0.6571199679551373,2.7811746656162346,-0.9326566703873215,3.713831336003556,1.8393170662519265,4.6344797601736865,-0.9558456276698339,0
2025-02-28,2.1572064176890926,0.650710995393551,1.829316612648171,-1.1706206854314036,2.9999372980795744,1.8827157767115164,4.667562110831891,-0.902130557408859,0
2025-03-03,2.034919778886342,0.6485079110755058,1.0162066940342143,-1.2223271933651305,2.2385338873993446,1.9119120477261915,4.673862431184656,-0.8500383357322732,0
2025-03-04,2.0426048267493595,0.6489084718606049,1.0306302272426124,-1.1645601236263194,2.195190350868932,1.941397332386178,4.676465554345027,-0.7936708895726712,0
2025-03-05,2.0756370500202235,0.6461045463649109,1.2002148210297128,-1.2486694360341322,2.448884257063845,1.9809457096911214,4.67460110373047,-0.7127096843482275,0
2025-03-06,2.19805851422408,0.6479070698978571,1.8924779711176154,-1.139064428184421,3.0315423993020367,2.0311995122030977,4.6880128937362695,-0.6256138693300741,0
2025-03-07,2.1545099096669813,0.6447025836170639,1.5561904177161696,-1.2379273976369347,2.794117815353104,2.0700675216424163,4.7016144228803105,-0.561479379595478,0
2025-03-10,2.197654038020763,0.6437011816543161,1.7452331176856313,-1.239777398564253,2.9850105162498846,2.1121737253632618,4.7195734588313085,-0.495226008104785,0
2025-03-11,2.1303761628690845,0.6453034247947126,1.2894232102183347,-1.1383158102759778,2.427739020494313,2.1481818125145584,4.71123645408497,-0.41487282905585365,0
2025-03-12,2.1898341647566397,0.6435009012617665,1.584191235897412,-1.1880158845716342,2.772207120469046,2.1906952417833683,4.707956402764642,-0.32656591919790623,0
2025-03-13,2.0964001617904815,0.6412978169437212,0.9925940077738039,-1.2589532567209196,2.2515472644947234,2.2240691304929,4.689175328754917,-0.24103706776911737,0
2025-03-14,2.1151408925441553,0.6503104346084518,1.0716972702402685,-0.8232480603318372,1.8949453305721056,2.258479111083117,4.644020488055274,-0.12706226588904057,0
2025-03-17,2.0869623837130913,0.6547166032445423,0.8723898770676884,-0.5929594767892891,1.4653493538569775,2.286549486058027,4.5917965129208085,-0.01869754080475383,0
2025-03-18,2.0682216529594175,0.6541157620668936,0.7322242294487409,-0.6038990060454963,1.3361232354942372,2.3111388676042113,4.541385425197412,0.08089231001101016,0
2025-03-19,2.060671430497506,0.6523132385339475,0.6600501968383182,-0.6808912393803245,1.3409414362186427,2.3320514744014957,4.500095487491273,0.1640074613117184,0
2025-03-20,2.0447620331670486,0.6505107150010013,0.5335184393583504,-0.7603981518232908,1.2939165911816413,2.3500058544371387,4.463956193198197,0.23605551567608085,0
2025-03-21,1.9657543481191857,0.648307630682956,-0.024353982624341453,-0.8669654037380347,0.8426114211136932,2.359373136600743,4.440751771387962,0.2779945018135237,0
2025-03-24,2.0088984764729676,0.6503104346084518,0.2463093036748085,-0.7198947347355494,0.966204038410358,2.357228313338924,4.444165185798287,0.27029144087956025,0
2025-03-25,1.914790346501281,0.6581213699178851,-0.43955047933880587,-0.20979208590098636,-0.2297583934378195,2.3317332384936647,4.506728440096909,0.15673803689041987,-1
2025-03-26,1.901712282594041,0.6547166032445423,-0.5428691217905806,-0.3987859480821914,-0.14408317370838913,2.300751136541857,4.562712647783217,0.03878962530049712,-1
2025-03-27,1.9166779021167588,0.654916883637092,-0.4381490060884387,-0.35714845408122,-0.08100055200721873,2.270695946750355,4.610504424549095,-0.06911253104838488,-1
2025-03-28,1.9009033301874074,0.6509112757861005,-0.5293403017654977,-0.6369361083440628,0.10759580657856505,2.2215187380648236,4.6173565251885,-0.17431904905885265,0
2025-03-31,1.9050829176216801,0.6475065091127579,-0.4755242005920194,-0.9158226319998845,0.44029843140786507,2.1650626187836792,4.566578684144393,-0.23645344657703493,0
2025-04-01,1.9133072670891196,0.6529140797115963,-0.39586787176735727,-0.4436027041323498,0.04773483236499254,2.112350426381471,4.5589442503115,-0.3342433975485579,0
2025-04-02,1.9122286638802752,0.6487081914680553,-0.3853423756105458,-0.9279271104397852,0.5425847348292394,2.0629894609601207,4.51485108224116,-0.38887216032091887,0
2025-04-03,1.914790346501281,0.6485079110755058,-0.35364225898080515,-0.9693113548613719,0.6156690958805667,2.0068217897993987,4.433788842542607,-0.4201452629438096,0
2025-04-07,1.839827423486585,0.6140596835569798,-0.9002388591574687,-4.457386437517212,3.5571475783597437,2.0014953811940805,4.413123105260338,-0.4101323428721768,0
2025-04-08,1.809761359040043,0.633486881634288,-1.1166810546796084,-2.2041772193583657,1.0874961646787573,1.9607636452251715,4.349728077293635,-0.42820078684329266,0
2025-04-09,1.90750977484158,0.6641297816943721,-0.41347325737572327,1.007566880212721,-1.4210401375884443,1.8841263894155362,4.405694008280305,-0.6374412294492322,-1
2025-04-10,1.9046784414183633,0.6613258561986782,-0.42340406099761835,0.7133692012471851,-1.1367732622448035,1.7927474967696422,4.348554118343602,-0.7630591248043177,-1
2025-04-11,1.9808547930430092,0.6541157620668936,0.14568986317848084,-0.033954653012730894,0.17964451619121174,1.7213465942501913,4.212162418248642,-0.7694692297482595,0
2025-04-14,2.024403397600108,0.6539154816743441,0.4647410006206156,-0.05425613715306387,0.5189971377736794,1.6583138025633986,4.073860035599831,-0.7572324304730342,0
2025-04-15,2.027774032627747,0.6445023032245143,0.4826321519129031,-1.028898294072437,1.51153044598534,1.6128861404335344,3.9317309700939482,-0.7059586892268792,0
2025-04-16,2.08305244708103,0.654916883637092,0.8674244631532165,0.04677154458246556,0.820652918570751,1.5655506673851203,3.8296504419625386,-0.6985491071922982,0
2025-04-17,2.0763111770257514,0.6599238934508312,0.7972706230561623,0.5839923322741523,0.21327829078201,1.52166449253655,3.7868477000336354,-0.7435187149605353,0
2025-04-18,2.0175273021437237,0.6513118365711997,0.36335498192511934,-0.29974207712039475,0.6630970590455141,1.4840762531871314,3.729743721751719,-0.7615912153774562,0
2025-04-21,2.0725360657947958,0.6489084718606049,0.737888292349774,-0.5335832834008637,1.2714715757506379,1.4786057116472184,3.7247265174221007,-0.7675150941276638,0
2025-04-22,2.0506943508156934,0.6471059483276588,0.5517589756339398,-0.7021952046353133,1.253954180269253,1.475675161214631,3.7225137721811503,-0.7711634497518884,0
2025-04-23,2.0088984764729676,0.6424994992990186,0.21636572057023043,-1.164162285776931,1.3805280063471614,1.4712136797904145,3.717721678294592,-0.7752943187137633,0
2025-04-24,1.9994606983955778,0.6426997796915682,0.12072574626463954,-1.1060192908090558,1.2267450370736954,1.4683456305453468,3.7156687832243893,-0.7789775221336956,0
2025-04-25,1.9847647296750708,0.6461045463649109,-0.018845804270554392,-0.7084478409701357,0.6896020366995813,1.4601532253559837,3.715305310532135,-0.7949988598201676,0
2025-04-28,2.0035054604287446,0.6445023032245143,0.09978765462347017,-0.8580944758186676,0.9578821304421378,1.4593700900602438,3.7151978428717234,-0.7964576627512361,0
2025-04-29,2.02372927059458,0.6424994992990186,0.2358755007008478,-1.0547448132705108,1.2906203139713586,1.4652876006141378,3.717385705545656,-0.7868105043173805,0
2025-04-30,2.0035054604287446,0.6429000600841178,0.029507937786423414,-0.9775194217363494,1.0070273595227728,1.4697996823174904,3.717036225900637,-0.7774368612656566,0
2025-05-06,2.02251584198463,0.6459042659723613,0.17628670664838564,-0.6053839125604294,0.7816706192088151,1.4512199736096052,3.702537317835713,-0.8000973706165022,0
2025-05-07,2.0331670486719697,0.6477067895053075,0.2522699552625831,-0.3709209313486315,0.6231908866112146,1.429831395171487,3.6879277618323654,-0.8282649714893913,0
2025-05-08,1.968450856141297,0.6473062287202083,-0.3391136641541904,-0.3916303064017317,0.05251664224754127,1.4039254330190478,3.6892600010754357,-0.8814091350373401,0
2025-05-09,1.9398678711069164,0.6424994992990186,-0.6002555384052073,-0.9664478847890023,0.36619234638379505,1.3817946492508708,3.6813739823822536,-0.9177846838805117,0
2025-05-12,1.9374410138870162,0.6459042659723613,-0.6336851708900286,-0.5051310655589186,-0.12855410533111,1.3498681220180222,3.6795547051989677,-0.9798184611629233,0
2025-05-13,1.9168127275178641,0.6459042659723613,-0.8243776799458933,-0.4799607894235947,-0.34441689052229857,1.3133123094655599,3.6796882296350963,-1.0530636107039764,0
2025-05-14,1.9444519347445057,0.652112958141398,-0.6055774772468162,0.3723535095662723,-0.9779309868130885,1.2763900053377057,3.715594238707226,-1.1628142280318146,0
2025-05-15,1.916003775111231,0.6529140797115963,-0.8976155657347182,0.5079582058484469,-1.405573771583165,1.2313238200178092,3.766886710384771,-1.3042390703491524,-1
2025-05-16,1.8671969799110153,0.6519126777488483,-1.3412228619705602,0.39138154538501796,-1.7326044073555782,1.1711550066856036,3.8134318364262265,-1.4711218230550192,-1
2025-05-19,1.8862073614669004,0.6543160424594433,-1.1764018644467826,0.7232697537710461,-1.8996716182178286,1.1117747026143874,3.8668052956895576,-1.643255890460783,-1
2025-05-20,1.873533773762977,0.6543160424594433,-1.305553971516921,0.7154229993559624,-2.0209769708728835,1.0508365488673952,3.918216964468682,-1.8165438667338913,-1
2025-05-21,1.8720506943508155,0.654916883637092,-1.3370934220580342,0.7888997168603568,-2.125993138918391,0.9911246458851113,3.9711276383558842,-1.9888783465856616,-1
2025-05-22,1.842523931508696,0.6567194071700381,-1.5559060602274284,1.0326108284541544,-2.588516888681583,0.8935787156307318,3.9530129775084024,-2.165855546246939,-1
2025-05-23,1.835378185250101,0.6487081914680553,-1.5576524377368668,-0.05561546972466458,-1.5020369680122023,0.822524467379997,3.9034665580417025,-2.2584176232817086,0
2025-05-26,1.835378185250101,0.652112958141398,-1.4976793851349561,0.4163611993891148,-1.9140405845240709,0.7383610669009013,3.838090048921388,-2.361367915119585,0
2025-05-27,1.835378185250101,0.6523132385339475,-1.46641067037205,0.4416426943335787,-1.9080533647056288,0.6440789267512953,3.7153198740677054,-2.427162020565115,0
2025-05-28,1.835378185250101,0.6531143601041458,-1.4718768023147588,0.5674248359989104,-2.039301638313669,0.5481933771793415,3.588657137454728,-2.492270383096045,0
2025-05-29,1.835378185250101,0.6515121169637492,-1.4298113051477015,0.3397060526265023,-1.7695173577742038,0.4687024662484452,3.497790819295544,-2.5603858867986538,0
2025-05-30,1.835378185250101,0.6481073502904066,-1.37737935865425,-0.1385929016559251,-1.238786456998325,0.4107471271751507,3.4351505347120708,-2.6136562803617696,0
2025-06-03,1.835378185250101,0.6509112757861005,-1.3278579296390876,0.2512111572952635,-1.579069086934351,0.34784280321176264,3.3782670537465513,-2.6825814473230265,0
2025-06-04,1.835378185250101,0.65111155617865,-1.2817501210804993,0.2678971818277164,-1.5496473029082156,0.2812006105455616,3.2995155730538914,-2.737114351962768,0
2025-06-05,1.835378185250101,0.6503104346084518,-1.2607921154522286,0.14947293394105993,-1.4102650493932885,0.2071704864006395,3.1684307593045795,-2.7540897865033007,0
2025-06-06,1.835378185250101,0.6485079110755058,-1.2311908825657336,-0.11366939923364139,-1.1175214833320921,0.1419764980892196,3.0431880208541036,-2.759235024675664,0
2025-06-09,1.835378185250101,0.652112958141398,-1.2186910955919317,0.3774995833713882,-1.5961906789633198,0.0656231448356662,2.902902338737427,-2.771656049066095,0
2025-06-10,1.9142510448968584,0.6485079110755058,-0.36207082146062547,-0.14202182414793976,-0.2200489973126857,0.02149334453888289,2.7908771818093214,-2.747890492731556,0
2025-06-11,1.8268841849804502,0.6565191267774885,-1.305447532996108,0.9653738194914387,-2.2708213524875465,-0.06255713001039366,2.673137152632838,-2.798251412653625,0
2025-06-12,1.8348388836456788,0.6509112757861005,-1.1832475377349734,0.14784768739777834,-1.3310952251327517,-0.12226783817085157,2.5639118565799355,-2.808447532921639,0
2025-06-13,1.847916947552919,0.6424994992990186,-1.0094698732355423,-1.0334816000635139,0.02401172682797159,-0.15345006489992047,2.480403061726131,-2.7873031915259716,0
2025-06-16,1.8653094242955373,0.6392950130182256,-0.7775528476248997,-1.4336529672169058,0.6561001195920061,-0.16693755213767,2.4413593013630623,-2.7752344056384026,0
2025-06-17,1.8295806930025615,0.6366913679150811,-1.180231916682064,-1.7196096602313797,0.5393777435493157,-0.18021664367008536,2.4049626738493473,-2.765395961189518,0
2025-06-18,1.8158285020897937,0.632084918886441,-1.3124029363123384,-2.2104896582913356,0.8980867219789972,-0.18759755557407945,2.382399359318857,-2.7575944704670157,0
2025-06-19,1.8086827558311986,0.6274784698578009,-1.3589617327345052,-2.601330892597626,1.2423691598631208,-0.18845667942938812,2.379559338490735,-2.7564726973495115,0
2025-06-20,1.7999191047593366,0.6284798718205488,-1.4137891713976138,-2.320580228718363,0.9067910573207492,-0.1873870188259372,2.3824288419361768,-2.7572028795880508,0
2025-06-23,1.8009977079681814,0.6266773482876026,-1.3520895291412431,-2.365128287282488,1.0130387581412448,-0.18660644016375574,2.384662825568974,-2.757875705896486,0
2025-06-24,1.8489955507617633,0.6344882835970358,-0.7443391009654101,-1.4356119641167147,0.6912728631513045,-0.17125591922060365,2.4099433791587774,-2.7524552175999846,0
2025-06-25,1.8604557098557368,0.6368916483076307,-0.593791214168824,-1.1285982895942268,0.5348070754254028,-0.15994108173504049,2.4276866503293704,-2.747568813799451,0
2025-06-26,1.9111500606714305,0.636290807129982,0.026399838088900073,-1.1549423503731413,1.1813421884620414,-0.1389020360605528,2.471761307053194,-2.749565379174299,0
2025-06-27,1.874073075367399,0.636290807129982,-0.420336812195235,-1.1178667320720677,0.6975299198768327,-0.129069800838915,2.4898006045454104,-2.7479402062232405,0
2025-06-30,1.9049480922205742,0.636290807129982,-0.04379017024114444,-1.0863205678436711,1.0425303976025266,-0.11903260140233732,2.513296193830969,-2.751361396635644,0
2025-07-01,1.8403667250910072,0.6330863208491888,-0.81190217770657,-1.3802900986949438,0.5683879209883738,-0.11035504992528096,2.5276366383632816,-2.7483467382138436,0
2025-07-02,1.8276931373870837,0.6318846384938914,-0.9412540250797636,-1.4526880818412178,0.5114340567614541,-0.1108742278930774,2.5266069450914617,-2.748355400877616,0
2025-07-03,1.8249966293649724,0.6338874424193871,-0.948350040950381,-1.202400341456314,0.254050300505933,-0.11690120781598794,2.515474178506839,-2.7492765941388146,0
2025-07-04,1.8276931373870837,0.6322851992789906,-0.9118520797203308,-1.5181963152274325,0.6063442355071017,-0.16608126353019864,2.2915320390554736,-2.623694566115871,0
2025-07-07,1.8340299312390453,0.6304826757460444,-0.8452455496822667,-1.7003627627724123,0.8551172130901455,-0.16995424605667553,2.280344543748037,-2.6202530358613885,0
2025-07-08,1.84575974113523,0.6326857600640897,-0.6896325893916565,-1.4242438876131847,0.7346112982215282,-0.13402672212650932,2.304840020083512,-2.5728934643365307,0
2025-07-09,1.8254011055682888,0.6346885639895854,-0.9100864815646033,-1.166670960121385,0.2565844785567817,-0.11080409311314955,2.315726751372448,-2.537334937598747,0
2025-07-10,1.8216259943373332,0.6354896855597837,-0.9234661442066273,-1.038774663837376,0.11530851963074873,-0.1118763597224906,2.31418920924127,-2.537941928686251,0
2025-07-11,1.852905487393825,0.634888844382135,-0.5280266056133083,-1.0721916789115757,0.5441650732982675,-0.11145689413041414,2.3150610417277178,-2.537974829988546,0
2025-07-14,1.8349737090467844,0.6374924894852794,-0.7176775868807957,-0.7529198426753346,0.03524225579453888,-0.13606169730026083,2.2531648426952477,-2.5252882372957695,0
2025-07-15,1.8430632331131183,0.6354896855597837,-0.5961766425042796,-0.952396081098608,0.35621943859432836,-0.14380225529986787,2.235805943652315,-2.523410454252051,0
2025-07-16,1.8546582176081974,0.6366913679150811,-0.4208162861782904,-0.7882841549133508,0.3674678687350604,-0.14123242900065033,2.24027668228956,-2.5227415402908604,0
2025-07-17,1.8605905352568424,0.6374924894852794,-0.31389140769949553,-0.6680296421414345,0.3541382344419389,-0.14638174274404328,2.229382092156604,-2.522145577644691,0
2025-07-18,1.8467035189429688,0.6437011816543161,-0.4828656161102028,0.08585764050079928,-0.5687232566110021,-0.17705165661673725,2.171613586294484,-2.525716899527958,0
2025-07-21,1.8426587569098016,0.6445023032245143,-0.51956740760021,0.18770225874870333,-0.7072696663489133,-0.20973872072704006,2.1123529142202124,-2.5318303556742925,0
2025-07-22,1.8247269785627613,0.6487081914680553,-0.7764796739427486,0.6789796679759483,-1.455459341918697,-0.25700517653147104,2.0488082658504645,-2.562818618913407,0
2025-07-23,1.8224349467439664,0.6491087522531543,-0.7905621863827929,0.71110108356214,-1.5016632699449328,-0.3024786483151149,1.9918921998029104,-2.59684949643314,0
2025-07-24,1.8430632331131183,0.6655317444422191,-0.4211280448744187,2.4913551465987047,-2.9124831914731235,-0.3625134021179932,2.0133208494069974,-2.7383476536429834,-1
2025-07-25,1.907644600242686,0.6561185659923893,0.7460448884466984,1.382914213105718,-0.6368693246590196,-0.3890925930363459,1.9622087901439325,-2.7403939762166245,0
2025-07-28,1.886611837670217,0.6555177248147406,0.4407923521561999,1.2740384694235154,-0.8332461172673156,-0.42449036689032377,1.8875675634295346,-2.7365482972101822,0
2025-07-29,1.9280032358096264,0.6519126777488483,1.3292096061242795,0.857251169025018,0.47195843709926155,-0.433408182264049,1.8602437934689522,-2.72706015799705,0
2025-07-30,1.8936227585277063,0.6543160424594433,0.742988208934092,1.092608685358705,-0.3496204764246129,-0.45226303385793937,1.8192503793693717,-2.7237764470852506,0
2025-07-31,1.8767695833895104,0.6445023032245143,0.49188331771305777,0.04070371194277056,0.4511796057702872,-0.4551298885386216,1.8112907021824594,-2.7215504792597027,0
2025-08-01,1.8572199002292031,0.6437011816543161,0.03757212092529553,-0.039302284806455055,0.07687440573175058,-0.4547239258138847,1.8120752438915608,-2.72152309551933,0
2025-08-04,1.9223405689631927,0.6431003404766673,1.8936684861769608,-0.10530274860223258,1.9989712347791935,-0.4275109443406281,1.9172396462952008,-2.772261534976457,1
2025-08-05,1.920722664149926,0.6477067895053075,1.8876427409743985,0.3887390570015482,1.4989036839728502,-0.4003866478522287,1.995526831135457,-2.7963001268399146,0
2025-08-06,1.851692058783875,0.6455037051872621,-0.07486845151797836,0.15169590896056062,-0.22656436047853898,-0.3984224390181661,1.9978708952102473,-2.7947157732465797,0
2025-08-07,1.8418498045031686,0.6463048267574605,-0.3373558383966669,0.2501072026181215,-0.5874630410147884,-0.39191463992152775,2.0000937471221407,-2.783923026965196,0
2025-08-08,1.8352433598489957,0.639094732625676,-0.5211994487224642,-0.5108233221969675,-0.010376126525496687,-0.36866134583723326,2.0103536858583424,-2.7476763775328092,0
2025-08-11,1.8324120264257786,0.6388944522331264,-0.594530959076906,-0.5113490666527256,-0.08318189242418039,-0.34117097058837664,2.0117078904137418,-2.6940498315904953,0
2025-08-12,1.871376567345288,0.637692769877829,0.6939695996478914,-0.6182670795638325,1.312236679211724,-0.28763916563121744,2.0671535327745367,-2.642431864036972,0
2025-08-13,1.889173520291223,0.6374924894852794,1.26108493665049,-0.6153784261579635,1.8764633628084533,-0.2226818267365285,2.152545977900063,-2.5979096313731205,0
2025-08-14,2.055952541458811,0.6380933306629281,5.00544834956,-0.5237128399005865,5.529161189460586,-0.09509592126354556,2.656785954566233,-2.846977797093324,1
2025-08-15,2.074423621410274,0.6368916483076307,4.389111852849504,-0.6341486501649789,5.023260503014482,0.03176703526472221,3.008676662446585,-2.945142591917141,1
2025-08-18,2.0575704462720776,0.6382936110554777,3.527495090396621,-0.45358638421018965,3.9810814746068104,0.12315234264170576,3.241798502083693,-2.9954938168002814,1
2025-08-19,2.005258190643117,0.6382936110554777,2.41085331960475,-0.431150446016681,2.842003765621431,0.2024197484774641,3.3520532304113195,-2.9472137334563917,0
2025-08-20,2.1004449238236482,0.6467053875425596,3.5197018392400716,0.5686528932633447,2.951048945976727,0.2834047869888367,3.4620429071166994,-2.895233333139026,0
2025-08-21,2.0904678441418363,0.6503104346084518,3.036529112240999,1.0063584417253144,2.030170670515685,0.35122932546932595,3.501805116146043,-2.7993464652073907,0
2025-08-22,2.5085614129702036,0.6509112757861005,5.739705328529958,1.080407136623933,4.659298191906025,0.4583762512973298,3.749694551695278,-2.8329420491006183,1
2025-08-25,2.8326816772279897,0.6567194071700381,5.696179300075749,1.717557108015578,3.978622192060171,0.5453330621149715,3.928657365448786,-2.837991241218843,1
2025-08-26,2.659161386005123,0.6639295013018225,3.911275461898644,2.423360263761374,1.4879151981372702,0.5964494668661651,3.9416725489841244,-2.7487736152517943,0
2025-08-27,2.587973574221383,0.6513118365711997,3.1628411149881313,1.015921428651826,2.146919686336305,0.658058916686907,3.978571596803606,-2.6624537634297925,0
2025-08-28,2.76392072266415,0.6539154816743441,3.4974538143995733,1.289741609807621,2.207712204591952,0.7183585375866611,4.017417616539857,-2.580700541366535,0
2025-08-29,2.6226237023055146,0.6473062287202083,2.6653250781689493,0.5616625861405358,2.1036624920284135,0.7720449371760029,4.054371439693801,-2.510281565341795,0
2025-09-01,2.817311581501955,0.6481073502904066,3.0928486872424914,0.6621763394607323,2.4306723477817593,0.8391593209550875,4.089023325856688,-2.4107046839465136,0
2025-09-02,2.721990022920318,0.6443020228319648,2.541453141894959,0.24659941454307097,2.2948537273518883,0.8810743663661638,4.140226262121222,-2.378077529388894,0
2025-09-03,2.6288256707563704,0.6398958541958742,2.0954711405396207,-0.22050525898064063,2.3159763995202614,0.9575209955662938,4.129959510357358,-2.2149175192247696,0
2025-09-04,2.336254550357287,0.6354896855597837,1.0864356310104852,-0.6991471833329707,1.785582814343456,1.0094656295575641,4.131127810538456,-2.1121965514233274,0
2025-09-05,2.4187676958338953,0.6392950130182256,1.3106193939707593,-0.25495596647403634,1.5655753604447957,1.035158356784511,4.149193937325338,-2.078877223756315,0
2025-09-08,2.4180935688283673,0.652112958141398,1.2633436055367357,1.1811222914502653,0.08222131408647049,1.0255937100260855,4.147879644293171,-2.096692224241,0
2025-09-09,2.352838074693272,0.6485079110755058,1.0194469817913034,0.747328257413799,0.2721187243775044,1.0211393930398887,4.147007436250115,-2.1047286501703377,0
2025-09-10,2.4811918565457733,0.6441017424394151,1.3777213532757189,0.2269659080295202,1.1507554452461988,1.0253505384276753,4.151225026879913,-2.100523950024562,0
2025-09-11,2.97748415801537,0.6457039855798118,2.7098962228286894,0.384839595161004,2.3250566276676854,1.0433953295577514,4.18681675065024,-2.100026091534737,0
2025-09-12,2.9664284751247134,0.6424994992990186,2.4888738344050076,-0.01926111197260165,2.5081349463776093,1.0700843943753655,4.235900346156484,-2.0957315574057533,0
2025-09-15,3.121208035593906,0.6424994992990186,2.693437766394488,-0.05266339148512793,2.746101157879616,1.0989687677043385,4.2941556301078005,-2.096218094699124,0
2025-09-16,3.3167048671969797,0.6420989385139195,2.9189045779667384,-0.11930149598241827,3.0382060739491568,1.1380843212176361,4.370217534001989,-2.0940488915667164,0
2025-09-17,3.272077659431037,0.6487081914680553,2.596316246125488,0.685586098276531,1.9107301478489567,1.1610163724246954,4.395262054540774,-2.073229309691384,0
2025-09-18,3.2871781043548602,0.6396955738033246,2.4480794854871437,-0.45519874926405696,2.9032782347512005,1.1897153065295147,4.455103764021217,-2.0756731509621877,0
2025-09-19,3.1813401644869894,0.6469056679351091,2.091370102838091,0.43427538101005286,1.657094721828038,1.2057080532287012,4.470690075827346,-2.0592739693699427,0
2025-09-22,3.521774302278549,0.6418986581213698,2.601760609759427,-0.2139360152417749,2.815696625001202,1.2352608236853462,4.526230713137128,-2.055709065766435,0
2025-09-23,3.433463664554402,0.6384938914480273,2.2747005276255354,-0.6679927072892967,2.9426932349148323,1.2748325789174537,4.590192538796964,-2.0405273809620574,0
2025-09-24,3.503977349332614,0.639495293410775,2.2633759697674085,-0.5648688181849622,2.8282447879523707,1.313446091103969,4.646558079497908,-2.01966589728997,0
2025-09-25,3.6122421464203858,0.6354896855597837,2.309378525460171,-1.099781497625963,3.409160023086134,1.366031253146972,4.730561184938931,-1.9984986786449868,0
2025-09-26,3.4933261426452744,0.6340877228119367,1.9905893901688756,-1.2962555332818257,3.286844923450701,1.4107062646126989,4.805253825944971,-1.983841296719573,0
2025-09-29,3.449373061884859,0.6386941718405769,1.8258922696000617,-0.7193202609120983,2.54521253051216,1.438874519903066,4.84270463718091,-1.9649555973747785,0
2025-09-30,3.4056896319266547,0.6386941718405769,1.6776859270889999,-0.7447273852775541,2.422413312366554,1.4670045534721496,4.875053461830973,-1.9410443548866732,0
2025-10-09,3.546582176081974,0.6398958541958742,1.822871896954862,-0.597631078632692,2.4205029755875542,1.5030698617559959,4.904806817694001,-1.8986670941820094,0
2025-10-10,3.2558986112983686,0.6384938914480273,1.3051035802481594,-0.8063734965029791,2.1114770767511386,1.5363393377080024,4.921873143814938,-1.8491944683989336,0
2025-10-13,3.289739786975866,0.6312837973162427,1.3114957495633996,-1.7890311046934744,3.100526854256874,1.5789453673906457,4.978002902633262,-1.8201121678519707,0
2025-10-14,3.068626129162734,0.6326857600640897,0.9272563209523061,-1.5611236567001325,2.4883799776524387,1.6198309960882775,5.00233070179608,-1.762668709619525,0
2025-10-15,3.249966293649724,0.6384938914480273,1.1761488439338792,-0.7776359263508018,1.9537847702846811,1.6464570849497833,5.013611613281004,-1.7206974433814375,0
2025-10-16,3.1415666711608465,0.6328860404566393,0.970610999293164,-1.525054334100795,2.495665333393959,1.6819270426940984,5.039098632906386,-1.6752445475181892,0
2025-10-17,3.077389780234596,0.6272781894652514,0.839169772175204,-2.1864556609805623,3.025625433155766,1.7264518293393285,5.082851442605909,-1.6299477839272523,0
2025-10-20,3.083996224888769,0.6294812737832967,0.8210790315847236,-1.8119090607339539,2.6329880923186773,1.7798136851548234,5.089256271530471,-1.529628901220824,0
2025-10-21,3.1940137521909127,0.6288804326056479,0.9657760916105277,-1.8028715628346719,2.7686476544451994,1.8377456405013919,5.091311020038445,-1.4158197390356606,0
2025-10-22,3.2599433733315353,0.6262767875025035,1.0380458471368308,-2.013308540768816,3.0513543879056466,1.912859202665131,5.063624700895623,-1.2379062955653617,0
2025-10-23,3.183901847107995,0.6284798718205488,0.8847337820459499,-1.6732039216096202,2.55793770365557,1.9805192188918062,5.004833204195402,-1.0437947664117897,0
2025-10-24,3.357287312929756,0.6282795914279993,1.1314240638566417,-1.6922643273027926,2.8236883911594344,2.0761220786023484,4.820998040892114,-0.6687538836874176,0
2025-10-27,3.3845220439530808,0.6282795914279993,1.1383860476328698,-1.6396029618012338,2.7779890094341035,2.1330363841705675,4.789266862951619,-0.5231940946104836,0
2025-10-28,3.313199406768235,0.6308832365311436,0.9886651891857985,-1.2832976651720562,2.271962854357855,2.184789867030987,4.724365149331672,-0.3547854152696983,0
2025-10-29,3.3280302008898475,0.6328860404566393,0.9810121286159519,-1.001264942149373,1.9822770707653248,2.2099618442587547,4.710110731791452,-0.2901870432739422,0
2025-10-30,3.2115410543346363,0.6342880032044863,0.7594350481630652,-0.7990984629081828,1.558533511071248,2.2417644107170185,4.656559118002578,-0.17303029656854063,0
2025-10-31,3.0919509235539975,0.6467053875425596,0.5322587616883666,0.7817516023923556,-0.24949284070398903,2.2300865366091145,4.686522982534804,-0.22634990931657484,-1
2025-11-03,3.049346096804638,0.6457039855798118,0.43374593508734605,0.6483589164992236,-0.21461298141187757,2.2252284134900537,4.7000712930924795,-0.24961446611237204,0
2025-11-04,3.0160442227315625,0.6424994992990186,0.3502339711672063,0.24210773118415344,0.10812623998305285,2.1937143302434516,4.727724863801216,-0.3402962033143129,0
2025-11-05,2.9931239045436158,0.6459042659723613,0.28343023837137765,0.6812766046617527,-0.397846366290375,2.1621018294057306,4.777393269415457,-0.4531896106039959,0
2025-11-06,3.2314952136982606,0.6414980973362708,0.6945521598412078,0.1278134015943597,0.566738758246848,2.1753235480511544,4.7491852611823635,-0.39853816508005435,0
2025-11-07,3.136982607523257,0.6455037051872621,0.49151147654139304,0.6432623017347411,-0.15175082519334804,2.182585418314845,4.7270295760771095,-0.36185873944742,0
2025-11-10,3.0318187946609143,0.6661325856198678,0.2587391018920359,2.9747069945068985,-2.7159678926148625,2.1374922222133557,4.924375938193835,-0.6493914937671241,-1
2025-11-11,2.985034380477282,0.6715401562187062,0.1317345250214355,3.2182049200948204,-3.086470395073385,2.0874374138358687,5.1324911453174265,-0.9576163176456891,-1
2025-11-12,2.965889173520291,0.6801522130983377,0.05599200382330018,3.5898498327842194,-3.5338578289609193,2.0066691720329914,5.3752559486082525,-1.36191760454227,-1
2025-11-13,3.0032358096265335,0.6919687562587622,0.10167554265891934,3.9559419867594765,-3.854266444100557,1.9111570085845078,5.604119323203543,-1.7818053060345271,-1
2025-11-14,2.8611298368612648,0.685559783697176,-0.2638865427505504,3.087878528854228,-3.3517650716047784,1.7631415709000853,5.576178507919781,-2.0498953661196113,-1
2025-11-17,2.8789267898071995,0.6727418385740037,-0.26386390897344664,2.023264465447843,-2.2871283744212896,1.6413017562761558,5.497527735379245,-2.2149242228269337,-1
2025-11-18,2.898746123769718,0.663729220909273,-0.26152880064124284,1.3291463372474253,-1.590675137888668,1.5484391460678977,5.443618783184703,-2.346740491048908,0
2025-11-19,2.872185519751921,0.6537152012817945,-0.3903738260190416,0.6029909984699523,-0.9933648244889939,1.4845163362327236,5.419027271684385,-2.4499945992189374,0
2025-11-20,2.8964540919509236,0.6525135189264971,-0.3809978554653921,0.5103032183796908,-0.891301073845083,1.4204771692356934,5.38287055672123,-2.5419162182498423,0
2025-11-21,2.7814480248078737,0.6410975365511716,-0.7980093590387438,-0.28251847143262543,-0.5154908876061184,1.3780494766003304,5.368304722027802,-2.612205768827141,0
2025-11-24,2.807873803424565,0.6316843581013418,-0.7456148685196134,-0.917371445786936,0.17175657726732252,1.303257116356352,5.2106983895174395,-2.604184156804736,0
2025-11-25,2.7868410408520963,0.6318846384938914,-0.8081908143741751,-0.8738717044792746,0.06568089010509959,1.2380414279904342,5.0941241569818745,-2.618041301001006,0
2025-11-26,2.8805446946204665,0.6356899659523333,-0.5297708612185505,-0.5825080322250139,0.05273717100646336,1.2141217942049207,5.081687463446576,-2.653443875036734,0
2025-11-27,2.911554536874747,0.6336871620268376,-0.4558110516553055,-0.7023698575696204,0.24655880591431495,1.182449112864554,5.050066289695378,-2.6851680639662705,0
2025-11-28,2.929755966023999,0.6340877228119367,-0.40827390426735244,-0.651240796847866,0.24296689258051352,1.1497033576643634,5.0152789313317605,-2.715872216003034,0
2025-12-01,2.912633140083592,0.6386941718405769,-0.48731678210076346,-0.3146946475643096,-0.17262213453645386,1.111765280554949,4.9839310383415185,-2.76040047723162,0
2025-12-02,2.866118376702171,0.6374924894852794,-0.6453381661453206,-0.3871932120908337,-0.2581449540544869,1.0669516588576782,4.939263108723233,-2.8053597910078762,0
2025-12-03,2.833220978832412,0.6412978169437212,-0.7651790254267381,-0.1141684163638225,-0.6510106090629156,1.0178539199174315,4.901520334280408,-2.865812494445545,0
2025-12-04,2.912228663880275,0.6386941718405769,-0.525554691613699,-0.29701219400335627,-0.2285424976103428,0.9754452716319214,4.857020423829833,-2.90612988056599,0
2025-12-05,2.888769044087906,0.6370919287001803,-0.6704012259367145,-0.41269154261592883,-0.25770968332078564,0.9413903966708508,4.829900134749119,-2.9471193414074177,0
2025-12-08,2.9780234596197923,0.6439014620468656,-0.40393022010139984,0.06436208759881619,-0.468292307700216,0.9074926022017672,4.8093057190373,-2.9943205146337655,0
2025-12-09,2.9567210462451126,0.637692769877829,-0.5465747909466415,-0.35962151145830906,-0.18695327948833246,0.9030063589755205,4.809295760347374,-3.0032830423963333,0
2025-12-10,2.945935014156667,0.6487081914680553,-0.6785239234032756,0.42291610986611444,-1.10144003326939,0.880113713014739,4.817419174012864,-3.057191747983386,0
2025-12-11,2.8663880275043816,0.6410975365511716,-1.1051047071909668,-0.11432341842005725,-0.9907812887709095,0.8444214341144537,4.810468739822044,-3.1216258715931366,0
2025-12-12,2.831333423216934,0.6212697776887642,-1.2396736253786282,-1.4668709958558341,0.2271973704772059,0.8094571131612791,4.759363101339582,-3.1404488750170234,0
2025-12-15,2.736955642443036,0.6158622070899259,-1.612948468050959,-1.7638198896470014,0.1508714215960425,0.7701693877482529,4.698178652924479,-3.157839877427974,0
2025-12-16,2.6661723068626126,0.6154616463048268,-1.8345677946945311,-1.7152342704326746,-0.1193335242618565,0.7224121430458951,4.622273952138605,-3.177449666046815,0
2025-12-17,2.7922340568963193,0.6190666933707191,-1.253021019283183,-1.425871031662878,0.172850012379695,0.6746562086864041,4.529073711046337,-3.179761293673529,0
2025-12-18,2.732910880409869,0.6631283797316243,-1.4468494853269804,1.399079115434225,-2.8459286007612055,0.5953785628762347,4.540969731031174,-3.350212605278705,0
2025-12-19,2.751516785762438,0.6723412777889045,-1.3203098631443757,1.8926049313497857,-3.2129147944941616,0.493442012388812,4.511845914754777,-3.524961889977153,0
2025-12-22,2.9011729809896183,0.66973763268576,-0.6800156506032898,1.667653364045841,-2.347669014649131,0.42669595011419253,4.499151407207504,-3.6457595069791187,0
2025-12-23,2.959687205069435,0.6649309032645705,-0.4118419486231108,1.332606383677,-1.7444483323001108,0.35069353415917065,4.4119794591285215,-3.71059239081018,0
2025-12-24,2.964810570311447,0.673943520929301,-0.3645621690033932,1.7843561327265751,-2.1489183017299682,0.2658333418817573,4.319579559650706,-3.7879128758871916,0
2025-12-25,2.972225967372253,0.6765471660324455,-0.3039868957926122,1.8437128986943814,-2.1476997944869938,0.18290093217443457,4.226990019679353,-3.861188155330484,0
2025-12-26,2.933800728057166,0.6685359503304628,-0.45191775044411353,1.343161214961436,-1.7950789654055495,0.09616361569957317,4.081589940491752,-3.889262709092606,0
2025-12-29,2.9557772684373735,0.6687362307230122,-0.3177532686401881,1.306282556611578,-1.6240358252517662,0.01431560322119873,3.934365172155704,-3.9057339657133068,0
2025-12-30,3.033706350276392,0.6567194071700381,0.10977893464341061,0.6295624494806756,-0.519783514837265,-0.03676766420129169,3.8286231861792674,-3.9021585145818505,0
2025-12-31,3.025616826210058,0.6561185659923893,0.10447755314797622,0.5797746616933263,-0.47529710854535,-0.08506283788315676,3.7273893411469254,-3.897515016913239,0
2026-01-05,3.047054064985843,0.654916883637092,0.2865858169607025,0.49983968591893674,-0.21325386895823423,-0.12895878529225321,3.6263641081295033,-3.88428167871401,0
2026-01-06,3.044627207765943,0.6603244542359303,0.29862769670247724,0.7718314009448873,-0.4732037042424101,-0.17203679830881236,3.537764665604295,-3.8818382622219194,0
2026-01-07,3.0032358096265335,0.6571199679551373,0.08317767004395099,0.5760150585686512,-0.4928373885247002,-0.23192620235517192,3.3776353233418166,-3.84148772805216,0
2026-01-08,3.2584602939193745,0.6575205287402363,1.5904871306678383,0.576473265285955,1.0140138653818833,-0.25649897089301454,3.2973755363686097,-3.810373478154639,0
2026-01-09,3.324120264257786,0.6547166032445423,1.950535595858685,0.4088848865665015,1.5416507092921834,-0.2633678719095562,3.274686858817389,-3.8014226026365017,0
2026-01-12,3.317378994202508,0.6517123973562988,1.84891107146937,0.22887465307883217,1.6200364183905378,-0.27796168715961317,3.2208049727376262,-3.7767283470568525,0
2026-01-13,3.176081973843872,0.6515121169637492,1.0168413568632653,0.1977844656705769,0.8190568911926883,-0.3147378295256645,3.0878413805454636,-3.717317039596793,0
2026-01-14,3.3908588378050424,0.6378930502703786,2.1336316830613065,-0.5684390035351202,2.702070686596427,-0.31358645295436866,3.0930945091042368,-3.720267415012974,0
2026-01-15,3.370635027639207,0.6370919287001803,1.957238812883443,-0.6248757993775741,2.5821146122610172,-0.3166953369907717,3.0788660381402053,-3.712256712121749,0
2026-01-16,3.2941890252123502,0.6286801522130984,1.5361475325185256,-1.1023798715356892,2.638527404054215,-0.3235757867216289,3.0457961165796776,-3.692947690022935,0
2026-01-19,3.4508561412970202,0.6352894051672341,2.262391889289496,-0.7411427894562237,3.0035346787457193,-0.3161491704701264,3.080909111882811,-3.7132074528230636,0
2026-01-20,3.4273965215046513,0.648307630682956,2.1103796711988205,-0.022945565157304643,2.133325236356125,-0.3276552230501816,3.030597702117733,-3.685908148218096,0
2026-01-21,3.884454631252528,0.6400961345884238,3.897857841289096,-0.509530281845076,4.407388123134172,-0.3004985711551804,3.183896036968946,-3.7848931792793072,1
2026-01-22,3.889712821895645,0.6338874424193871,3.4978943710580648,-0.8740166601980549,4.371911031256119,-0.26549943487354266,3.36320152954335,-3.8942003992904355,1
2026-01-23,3.7211810705136847,0.6278790306429001,2.645176084004564,-1.2113058773484289,3.856481961352993,-0.23426268669708156,3.5037679740984338,-3.972293347492597,1
2026-01-26,3.6807334501820144,0.621870618866413,2.347958644277878,-1.5241192459919184,3.8720778902697965,-0.19570361371043904,3.663325741821858,-4.054732969242736,1
2026-01-27,3.6503977349332613,0.6196675345483678,2.115443361692022,-1.5882784899769256,3.7037218516689476,-0.12981670217089014,3.8583075940710536,-4.117940998412834,0
2026-01-28,3.6175003370635026,0.6128580012016824,1.9027549633246448,-1.8772632525852322,3.7800182159098767,-0.06323951554886087,4.050519246974619,-4.1769982780723405,0
2026-01-29,3.522852905487394,0.6198678149409172,1.517699400766272,-1.4527024165353846,2.9704018173016564,-0.01553492259355082,4.172029268686885,-4.203099113873987,0
2026-01-30,3.5653229068356476,0.6168636090526738,1.5935911921855859,-1.552966472022784,3.1465576642083697,0.0435384779147616,4.308450676157044,-4.22137372032752,0
2026-02-02,3.401644869893488,0.6110554776687362,1.037111478960568,-1.778528758783456,2.8156402377440237,0.08102016923971453,4.403772657623707,-4.241732319144278,0
2026-02-03,3.3908588378050424,0.6116563188463849,0.9799991069441696,-1.6775350744904667,2.6575341814346363,0.1278415860168476,4.500902386530108,-4.245219214496413,0
2026-02-04,3.289739786975866,0.624674544362107,0.6357385775726202,-1.0027016215621334,1.6384401991347537,0.20041505421267453,4.525765143741658,-4.124935035316309,0
2026-02-05,3.21113657813132,0.6256759463248548,0.3691414839758235,-0.9226610592179225,1.291802543193746,0.27338626985046005,4.52018494770824,-3.9734124080073205,0
2026-02-06,3.2719428340299315,0.6196675345483678,0.5488071176231005,-1.189213231104447,1.7380203487275474,0.36125090614526784,4.504511671468665,-3.7820098591781286,0
2026-02-09,3.3721181070513686,0.626076507109954,0.8481685331650339,-0.8512675814195299,1.6994361145845638,0.4538126154566865,4.459855398677455,-3.5522301677640815,0
2026-02-10,3.4919778886342185,0.6268776286801522,1.191443535645328,-0.7897826432159922,1.9812261788613201,0.5426958029644547,4.4404582590479675,-3.3550666531190583,0
2026-02-11,3.4380477281919912,0.6258762267174044,0.9861721293833667,-0.8189501181310392,1.805122247514406,0.6108999799967164,4.450010500981019,-3.228210540987586,0
2026-02-12,3.5370095726034783,0.6212697776887642,1.255665421924272,-1.0444274024587252,2.3000928243829972,0.6757461127012442,4.494974801334167,-3.1434825759316785,0
2026-02-13,3.4927868410408522,0.6158622070899259,1.0792751578704236,-1.3027512854941243,2.382026443364548,0.7320026338321365,4.55065944953879,-3.086654181874517,0
2026-02-24,3.345557503033571,0.6154616463048268,0.5948339927378584,-1.2785462625704813,1.8733802553083398,0.7780806559846936,4.583757059241656,-3.0275957472722697,0
2026-02-25,3.323176486450047,0.6132585619867815,0.5009417098156254,-1.3536012682337892,1.8545429780494147,0.8175812204122859,4.617836574812559,-2.9826741339879876,0
2026-02-26,3.4070378859377106,0.610654916883637,0.7406520281475082,-1.451338211731741,2.1919902398792495,0.851251781455818,4.664009264595871,-2.961505701684234,0
2026-02-27,3.5202912228663883,0.6110554776687362,1.0678201531821891,-1.3886271491416544,2.4564473023238436,0.8910978883261303,4.720394259265428,-2.9381984826131675,0
2026-03-02,3.4913037616286906,0.60004005607851,0.942724538144261,-1.8802000564996806,2.8229245946439416,0.9372676787200883,4.792161020966463,-2.9176256635262865,0
2026-03-03,3.249292166644196,0.5992389345083117,0.14778198834092265,-1.8364114988342854,1.984193487175208,0.9662282567411032,4.826118845583786,-2.8936623321015795,0
2026-03-04,3.1818794660914116,0.587422391347887,-0.0846388399968465,-2.27704686017358,2.1924080201767335,0.9987189422010402,4.866655041974322,-2.869217157572242,0
2026-03-05,3.276122421464204,0.5884237933106349,0.20435759234544318,-2.104854998135332,2.3092125904807754,1.0400828542846605,4.910145333101609,-2.829979624532289,0
2026-03-06,3.261426452743697,0.5946324854796716,0.135963668375276,-1.7415721780395506,1.8775358464148266,1.0756775342924825,4.936443429580278,-2.785088360995313,0
2026-03-09,3.214642038560065,0.5834167834968956,-0.04114212602805928,-2.113178727733345,2.072036601705286,1.1210616544719525,4.963236334357802,-2.7211130254138975,0
2026-03-10,3.337333153566132,0.588824354095734,0.3514980877657672,-1.7953399589716696,2.146838046737437,1.1606513302110821,4.995202220208931,-2.673899559786767,0
2026-03-11,3.2924362949979775,0.587422391347887,0.17807876791287608,-1.770091061205032,1.9481698291179081,1.1974159887517268,5.0189260443747425,-2.6240940668712884,0
2026-03-12,3.2627747067547523,0.5882235129180854,0.06015329647044212,-1.662927480490676,1.723080776961118,1.2339388734960828,5.0325095759363325,-2.5646318289441665,0
2026-03-13,3.178374005662667,0.5862207089925896,-0.2470124559797143,-1.668020595549175,1.4210081395694607,1.2607382304803794,5.041176497101014,-2.5197000361402555,0
2026-03-16,3.1528920048537143,0.5886240737031845,-0.3510893668772796,-1.51312052149371,1.1620311546164304,1.2984627502784762,5.0278444186388995,-2.4309189180819466,0
2026-03-17,3.06175003370635,0.5906268776286802,-0.6919379956897523,-1.3842931170484507,0.6923551213586984,1.3265150237806362,5.010900352108447,-2.3578703045471743,0
2026-03-18,3.1198597815828504,0.587422391347887,-0.5109455751649395,-1.4566161150621546,0.9456705398972151,1.3384895766043032,5.01299814261787,-2.336018989409263,0
2026-03-19,3.0016179048132665,0.5824153815341477,-0.9792203183956264,-1.587179438357887,0.6079591199622606,1.3461077049104067,5.012486793731405,-2.320271383910592,0
2026-03-20,2.9178913307267087,0.5736030442619667,-1.3442647687658407,-1.82740020987082,0.4831354411049793,1.3561488543331874,5.009478926504939,-2.297181217838564,0
2026-03-23,2.7914251044896856,0.5481674344081715,-1.8279217613695082,-2.527228758211032,0.699306996841524,1.3649231374075512,5.009210330347493,-2.2793640555323904,0
2026-03-24,2.875421329378455,0.5527738834368116,-1.5412723758793345,-2.243070669153509,0.7017982932741744,1.4240519189748075,4.901737875817667,-2.0536340378680524,0
2026-03-25,2.9311042200350546,0.5603845383536952,-1.3636856785179627,-1.9189463084809089,0.5552606299629461,1.4868548427157593,4.753611954260282,-1.7799022688287633,0
2026-03-26,2.948631522178778,0.552573603044262,-1.303034695062495,-2.069157601919002,0.766122906856507,1.5387513747408534,4.6530909944805625,-1.5755882449988556,0
2026-03-27,2.9789672374275313,0.5547766873623072,-1.1852247238573916,-1.915085616241903,0.7298608923845114,1.5799898618189305,4.5809474255690725,-1.4209677019312112,0
2026-03-30,2.9085883780504247,0.5553775285399559,-1.4551309768242493,-1.8309658053553155,0.3758348285310662,1.6220690806566143,4.477616776991153,-1.2334786156779243,0
2026-03-31,2.834838883645679,0.5531744442219106,-1.715914164458912,-1.8384182998665486,0.1225041354076366,1.6599058128215247,4.368653626399673,-1.0488420007566235,0
2026-04-01,2.970338411756775,0.5631884638493891,-1.1906537539540443,-1.4861966778405524,0.29554292388650816,1.6947495109763926,4.273372364570934,-0.883873342618148,0
2026-04-02,2.8717810435486046,0.5583817344281995,-1.560498492540922,-1.5870868446714121,0.026588352130490156,1.7222599139327635,4.189676453054652,-0.7451566251891246,0
2026-04-03,2.8821625994337334,0.5545764069697577,-1.492005172425135,-1.6444468957578044,0.15244172333266937,1.7334636679022624,4.165316815473835,-0.6983894796693102,0
2026-04-07,2.9329917756505326,0.5507710795113159,-1.2814677971217348,-1.6980296192392155,0.4165618221174807,1.7483279834133092,4.135760019450686,-0.6391040526240674,0
2026-04-08,3.0807604152622354,0.5625876226717405,-0.7189374862604865,-1.293989345322051,0.5750518590615645,1.7614664122136394,4.11339939826646,-0.590466573839181,0
2026-04-09,3.0605366050964,0.5559783697176047,-0.7982224311225776,-1.4559758844203652,0.6577534532977876,1.780315698172643,4.0768724192257055,-0.51624102288042,0
2026-04-10,3.125522448429284,0.5531744442219106,-0.5600509540869651,-1.4979299258712784,0.9378789717843132,1.8041609708444597,4.033433213005604,-0.42511127131668425,0
2026-04-13,3.3065929621140624,0.5467654716603245,0.13645962045593354,-1.647413384438402,1.7838730048943356,1.8169919565030004,4.036605732103877,-0.40262181909787587,0
2026-04-14,3.3541863287043276,0.5505707991187663,0.31822766117957635,-1.4844898718528527,1.8027175330324292,1.8213430702320044,4.0397844743952005,-0.39709833393119176,0
2026-04-15,3.397600107860321,0.5487682755858201,0.4798727214850804,-1.4970644397537405,1.976937161238821,1.8272914159461424,4.045451068064771,-0.39086823617248556,0
2026-04-16,3.411082647970878,0.5493691167634689,0.5161807308898781,-1.4378975035899728,1.954078234479851,1.8462084383342618,4.048695359206117,-0.3562784825375933,0
2026-04-17,3.5054604287447755,0.5457640696975766,0.8679806777795936,-1.5013323341501301,2.369313011929724,1.8406624770898172,4.0360472375572956,-0.3547222833776609,0
2026-04-20,3.529459350141566,0.5505707991187663,0.9434849006512763,-1.3044844848695798,2.247969385520856,1.8350933899774808,4.02451436289803,-0.3543275829430679,0
2026-04-21,3.4050155049211273,0.5489685559783697,0.4619447118228386,-1.3105765777314546,1.7725212895542932,1.8206599547358155,3.999930265057835,-0.35861035558620435,0
2026-04-22,3.49467439665633,0.548367714800721,0.7981991480598473,-1.2889983589450658,2.087197507004913,1.8053876685401353,3.9636800978074707,-0.3529047607272,0
2026-04-23,3.5513010651206685,0.5451632285199279,0.9989399185434713,-1.3606746742153868,2.359614592758858,1.8091591578135144,3.9705712447069894,-0.35225292907996053,0
2026-04-24,3.8425239315086963,0.5415581814540357,2.1113943040115495,-1.4388418224972699,3.5502361265088194,1.7948732912030918,3.8969451937904562,-0.3071986113842726,0
2026-04-27,3.994472158554671,0.5435609853795313,2.6370096993580767,-1.3327121983493728,3.9697218977074495,1.7881701389772806,3.8591490231614713,-0.2828087452069099,1
2026-04-28,3.8964540919509236,0.5437612657720808,2.2135746797601836,-1.285600827560273,3.499175507320457,1.7822150314100718,3.830936211270353,-0.2665061484502096,0
2026-04-29,3.758527706619927,0.5485679951932706,1.6925353501964022,-1.0885560458408183,2.7810913960372208,1.764031923172862,3.7558789013567457,-0.22781505501102162,0
2026-04-30,3.9942025077524606,0.545563789305027,2.429593310858009,-1.152670571466113,3.5822638823241215,1.7620076236837816,3.7460674359082793,-0.22205218854071607,0
2026-05-06,4.6435216394768775,0.548367714800721,3.9899521468393457,-1.0229937785968888,5.0129459254362345,1.7825564188425542,3.8742538830341893,-0.30914104534908105,1
2026-05-07,4.605635701766213,0.5459643500901262,3.4253566553520294,-1.0709220602125464,4.496278715564576,1.8079877004802696,3.993435436681677,-0.37746003572113773,1
2026-05-08,4.358635566940811,0.5445623873422792,2.5737354468732807,-1.0841913754877666,3.6579268223610475,1.8165105197828142,4.027037392526344,-0.3940163529607159,0
2026-05-11,4.707833355804233,0.5453635089124775,3.1094394069908438,-1.0225264682380988,4.131965875228943,1.838449280407563,4.114470538533018,-0.43757197771789236,1
2026-05-12,4.707968181205339,0.540957340276387,2.838560774110969,-1.137717728646222,3.9762785027571907,1.8604283524296055,4.1933824301943785,-0.4725257253351678,0
2026-05-13,4.694485641094782,0.5373522932104947,2.5950909613979585,-1.2302769786975214,3.8253679400954796,1.8968771481122844,4.283441947116367,-0.4896876508917989,0
2026-05-14,4.384522043953081,0.5311436010414581,1.8715217648715334,-1.4134398565994906,3.284961621471024,1.9300964660835722,4.337794600988914,-0.4776016688217697,0
2026-05-15,4.085344478899825,0.5221309833767275,1.241143342381604,-1.6814184224868443,2.9225617648684485,1.9498388230192538,4.37052104301055,-0.4708433969720418,0
