date,cum_ret_high,cum_ret_low,z_high,z_low,spread,spread_mean,upper_band,lower_band,signal
2023-05-16,1,1,NA,NA,NA,NA,NA,NA,NA
2023-05-17,0.9986555430960083,1.0164218741531625,NA,NA,NA,NA,NA,NA,NA
2023-05-18,0.9927845522488831,1.0666630534930357,NA,NA,NA,NA,NA,NA,NA
2023-05-19,0.9977748944689395,1.0584792152186875,NA,NA,NA,NA,NA,NA,NA
2023-05-22,1.025075001908072,1.0224378082488754,NA,NA,NA,NA,NA,NA,NA
2023-05-23,1.0124817265409882,0.9978320958213648,NA,NA,NA,NA,NA,NA,NA
2023-05-24,1.0044678240346625,0.9863964012790635,NA,NA,NA,NA,NA,NA,NA
2023-05-25,0.9986555430960083,1.0541434068614168,NA,NA,NA,NA,NA,NA,NA
2023-05-26,0.9925262286516096,1.2140263400357705,NA,NA,NA,NA,NA,NA,NA
2023-05-29,0.991610354079458,1.190179394070782,NA,NA,NA,NA,NA,NA,NA
2023-05-30,0.9794515320350615,1.2725597528589239,NA,NA,NA,NA,NA,NA,NA
2023-05-31,0.9563256990882352,1.37764890791827,NA,NA,NA,NA,NA,NA,NA
2023-06-01,0.9604471346629171,1.2845374234458837,NA,NA,NA,NA,NA,NA,NA
2023-06-02,0.9808077309207475,1.2394992141347352,NA,NA,NA,NA,NA,NA,NA
2023-06-05,0.9775199760463573,1.2482792260582083,NA,NA,NA,NA,NA,NA,NA
2023-06-06,0.9786883032249353,1.2099615197008293,NA,NA,NA,NA,NA,NA,NA
2023-06-07,0.9692418789519108,1.1988510107853232,NA,NA,NA,NA,NA,NA,NA
2023-06-08,0.979281273300495,1.1978212563004715,NA,NA,NA,NA,NA,NA,NA
2023-06-09,0.9781070751310699,1.2290932740772857,NA,NA,NA,NA,NA,NA,NA
2023-06-12,0.9957200476724457,1.193485447943201,NA,NA,NA,NA,NA,NA,NA
2023-06-13,0.9974813449265832,1.262262208010406,NA,NA,NA,NA,NA,NA,NA
2023-06-14,1.0138496674083686,1.2183621483930411,NA,NA,NA,NA,NA,NA,NA
2023-06-15,1.0303588936704848,1.1435694542301231,NA,NA,NA,NA,NA,NA,NA
2023-06-16,1.0554221535968626,1.207793615522194,NA,NA,NA,NA,NA,NA,NA
2023-06-19,1.023900803738647,1.2958647227792532,NA,NA,NA,NA,NA,NA,NA
2023-06-20,1.0235837702329023,1.4470760392390658,NA,NA,NA,NA,NA,NA,NA
2023-06-21,1.0191042042165457,1.2518562679529566,NA,NA,NA,NA,NA,NA,NA
2023-06-26,1.0033523357737086,1.097501490434123,NA,NA,NA,NA,NA,NA,NA
2023-06-27,1.0045558888973691,1.0660126822394451,NA,NA,NA,NA,NA,NA,NA
2023-06-28,1.0147303160354373,1.0999403826350875,NA,NA,NA,NA,NA,NA,NA
2023-06-29,1.0061175724627045,1.0460137661915343,NA,NA,NA,NA,NA,NA,NA
2023-06-30,0.9927845522488831,1.018914963958593,NA,NA,NA,NA,NA,NA,NA
2023-07-03,1.0122175319528677,1.0435206763861038,NA,NA,NA,NA,NA,NA,NA
2023-07-04,1.0160336760034991,1.0970137119939298,NA,NA,NA,NA,NA,NA,NA
2023-07-05,1.0070980279341746,1.0882878976749228,NA,NA,NA,NA,NA,NA,NA
2023-07-06,0.9998179992837392,1.120914855563384,NA,NA,NA,NA,NA,NA,NA
2023-07-07,0.9922150661367118,1.059183784076744,NA,NA,NA,NA,NA,NA,NA
2023-07-10,0.9985968331875371,1.067476017560024,NA,NA,NA,NA,NA,NA,NA
2023-07-11,1.0039394348584212,1.1397756219175115,NA,NA,NA,NA,NA,NA,NA
2023-07-12,1.0061704113803287,1.0638447780608098,NA,NA,NA,NA,NA,NA,NA
2023-07-13,1.0206130488642569,1.084494065362311,NA,NA,NA,NA,NA,NA,NA
2023-07-14,1.0291846955010597,1.1165248496016476,NA,NA,NA,NA,NA,NA,NA
2023-07-17,1.0156638035801302,1.0850360414069697,NA,NA,NA,NA,NA,NA,NA
2023-07-18,1.0114543031427414,1.0026556826188282,NA,NA,NA,NA,NA,NA,NA
2023-07-19,1.011571722959684,0.9884017126443012,NA,NA,NA,NA,NA,NA,NA
2023-07-20,1.0121588220443964,0.9538778385995339,NA,NA,NA,NA,NA,NA,NA
2023-07-21,1.0399286087512989,0.9262370603219339,NA,NA,NA,NA,NA,NA,NA
2023-07-24,1.0398405438885923,0.9059671562516937,NA,NA,NA,NA,NA,NA,NA
2023-07-25,1.0735400313510912,0.9050999945802396,NA,NA,NA,NA,NA,NA,NA
2023-07-26,1.0735400313510912,0.9182158148609831,NA,NA,NA,NA,NA,NA,NA
2023-07-27,1.0791057306741658,0.8950192401495853,NA,NA,NA,NA,NA,NA,NA
2023-07-28,1.1137269636996636,0.8714974798113925,NA,NA,NA,NA,NA,NA,NA
2023-07-31,1.1040867967286838,0.8888949108449407,NA,NA,NA,NA,NA,NA,NA
2023-08-01,1.1090301710219634,0.8930139287843478,NA,NA,NA,NA,NA,NA,NA
2023-08-02,1.1037462792595507,0.9045580185355808,NA,NA,NA,NA,NA,NA,NA
2023-08-03,1.1028480176599404,0.9116579047206115,NA,NA,NA,NA,NA,NA,NA
2023-08-04,1.1116545039306285,0.9368597907972469,NA,NA,NA,NA,NA,NA,NA
2023-08-07,1.108401975001321,0.9200043358083573,NA,NA,NA,NA,NA,NA,NA
2023-08-08,1.109617270106676,0.9167524795404044,NA,NA,NA,NA,NA,NA,NA
2023-08-09,1.1097816578503954,0.8949108449406536,2.005755617346862,-1.346908708606336,3.3526643259531976,NA,NA,NA,NA
2023-08-10,1.100810783835988,0.8888407132404749,1.718755613146513,-1.3594342048531427,3.0781898179996556,NA,NA,NA,NA
2023-08-11,1.0767397213627745,0.8563221505609453,1.137599695415608,-1.5435246839874497,2.681124379403058,NA,NA,NA,NA
2023-08-14,1.0585396497366861,0.8639098151861688,0.7067655338505655,-1.4399699967047261,2.1467355305552918,NA,NA,NA,NA
2023-08-15,1.0643988986021171,0.8594114140155005,0.8112545949216248,-1.4227521630224076,2.2340067579440324,NA,NA,NA,NA
2023-08-16,1.068520334176799,0.8281393962386864,0.881112011250416,-1.5793559594168947,2.4604679706673105,NA,NA,NA,NA
2023-08-17,1.0732464818087348,0.8505772044875617,0.9568290356295313,-1.3925307451596476,2.349359780789179,NA,NA,NA,NA
2023-08-18,1.058298939111954,0.8205517316134627,0.6078406606691407,-1.541831807630703,2.1496724682998436,NA,NA,NA,NA
2023-08-21,1.0514944607201357,0.8205517316134627,0.4399617983902582,-1.4876309287627196,1.9275927271529778,NA,NA,NA,NA
2023-08-22,1.049733163465998,0.8542084439867759,0.3820631211894275,-1.2319656256689837,1.6140287468584111,NA,NA,NA,NA
2023-08-23,1.0415137762800228,0.8137228334507615,0.18268059935681685,-1.4302517857202837,1.6129323850771005,NA,NA,NA,NA
2023-08-24,1.0663480675633628,0.8145899951222157,0.7104536567061069,-1.3787848972122358,2.0892385539183427,NA,NA,NA,NA
2023-08-25,1.0714440876186675,0.7615847379545825,0.7994045773097228,-1.6697480342568043,2.469152611566527,NA,NA,NA,NA
2023-08-28,1.0773092074749455,0.7864072407999566,0.9075838236448726,-1.467433507346578,2.375017330991451,NA,NA,NA,NA
2023-08-29,1.0869141485008424,0.7910682347840227,1.0977055568182577,-1.3909601217706729,2.4886656785889305,NA,NA,NA,NA
2023-08-30,1.08965590122645,0.8664029049915994,1.1276117135718846,-0.8850776392572027,2.0126893528290872,NA,NA,NA,NA
2023-08-31,1.0843720094640372,0.860657958918216,0.9714568183083112,-0.8919822992578099,1.8634391175661211,NA,NA,NA,NA
2023-09-01,1.086749760757123,0.8066229472657309,1.001457147028643,-1.201810928532874,2.203268075561517,NA,NA,NA,NA
2023-09-04,1.0955268920735752,0.8068939352880603,1.1830937664315562,-1.1622318304063723,2.3453255968379283,NA,NA,NA,NA
2023-09-05,1.091241068755174,0.7831553845320037,1.0474557555597994,-1.278377336616472,2.3258330921762713,NA,NA,NA,NA
2023-09-06,1.0925913966500127,0.8289523603056744,1.0479240162226475,-0.9472660522457904,1.995190068468438,NA,NA,NA,NA
2023-09-07,1.0790881177016245,0.7526963308221777,0.6779088900441808,-1.4176590233454422,2.095567913389623,NA,NA,NA,NA
2023-09-08,1.0676396855497303,0.7613679475367189,0.36234249243458716,-1.3221734017486382,1.6845158941832254,NA,NA,NA,NA
2023-09-11,1.0697943391906253,0.7646740014091378,0.401966396418816,-1.2572993704112971,1.6592657668301132,NA,NA,NA,NA
2023-09-12,1.0684968502134105,0.7706899355048507,0.36211338559995515,-1.1845658221177984,1.5466792077177536,NA,NA,NA,NA
2023-09-13,1.068467495259175,0.7391469297057071,0.3435773590722848,-1.3891570593979883,1.732734418470273,NA,NA,NA,NA
2023-09-14,1.0677512343758258,0.72397160045526,0.30721946346116247,-1.5778339235412995,1.885053387002462,NA,NA,NA,NA
2023-09-15,1.046204697966876,0.7260853070294293,-0.27232445643449554,-1.556580413247655,1.2842559568131595,NA,NA,NA,NA
2023-09-18,1.0739216457561542,0.7002330496992033,0.4364894455541062,-1.709442221806558,2.145931667360664,NA,NA,NA,NA
2023-09-19,1.072594801824704,0.6871714270229257,0.3765877488897885,-1.7457016831157546,2.122289432005543,NA,NA,NA,NA
2023-09-20,1.0708687305156492,0.6682564630643326,0.307489976404768,-1.8317515134991484,2.1392414899039163,NA,NA,NA,NA
2023-09-21,1.0558331229561615,0.6709663432876267,-0.13361577545943318,-1.7360563992869174,1.6024406238274842,NA,NA,NA,NA
2023-09-22,1.0855462076334623,0.7072245406753023,0.6792108653397851,-1.39141608608292,2.070626951422705,NA,NA,NA,NA
2023-09-25,1.0757886208455403,0.6835943851281774,0.3719107505910776,-1.524554209369653,1.8964649599607304,NA,NA,NA,NA
2023-09-26,1.0661719378379488,0.706845157444041,0.06468399874240371,-1.3039690445924652,1.368653043334869,NA,NA,NA,NA
2023-09-27,1.064997739668524,0.6872256246273915,5.211067491824105e-4,-1.4232254088206724,1.4237465155698548,NA,NA,NA,NA
2023-09-28,1.0559270588097154,0.671779307354615,-0.31846864598756264,-1.518445116235086,1.1999764702475235,NA,NA,NA,NA
2023-10-09,1.0432750735341605,0.6830524090835185,-0.7832036104409327,-1.3847345949835657,0.601530984542633,NA,NA,NA,NA
2023-10-10,1.0391653799411726,0.6699907864072409,-0.9795540370450232,-1.455936616374685,0.47638257932966177,NA,NA,NA,NA
2023-10-11,1.0441557221612292,0.6883095767167091,-0.8612833390699072,-1.292182899182282,0.43089956011237474,NA,NA,NA,NA
2023-10-12,1.0485589652965732,0.6715083193322856,-0.7578821271010182,-1.4116581708738842,0.653776043772866,NA,NA,NA,NA
2023-10-13,1.0280104973316346,0.6560078044550431,-1.5432477259169426,-1.5311794036808235,-0.012068322236119089,NA,NA,NA,NA
2023-10-16,1.0156227066442005,0.634382960273156,-1.9720800831051204,-1.7337135218270414,-0.23836656127807898,NA,NA,NA,NA
2023-10-17,1.0133330202138215,0.6258197387675465,-2.0496373113767836,-1.807579814889056,-0.24205749648772756,NA,NA,NA,NA
2023-10-18,1.0145072183832466,0.651455205679909,-2.0160249633490697,-1.5124737648659927,-0.503551198483077,NA,NA,NA,NA
2023-10-19,0.956971508081419,0.7817462468158908,-3.7391329595913025,-0.13937686189196216,-3.5997560976993404,NA,NA,NA,NA
2023-10-20,0.9657779943521069,0.7346485285350388,-3.198852546787427,-0.615919766118647,-2.58293278066878,NA,NA,NA,NA
2023-10-23,0.9651791532857,0.587718822828031,-2.9492028993334385,-2.1109394999345525,-0.83826339939888594,NA,NA,NA,NA
2023-10-24,0.9645744412284462,0.5889111701262805,-2.7467439266003857,-1.9989222028949194,-0.7478217237054663,NA,NA,NA,NA
2023-10-25,0.984858714605264,0.6106986071215653,-2.069105198368808,-1.7017014544941507,-0.36740374387465735,NA,NA,NA,NA
2023-10-26,0.981764702428829,0.60300254728741,-2.035113831683254,-1.7151429797790758,-0.3199708519041784,NA,NA,NA,NA
2023-10-27,0.984394906328341,0.5916210503495746,-1.8718684989805645,-1.7571450388337655,-0.11472346014679902,NA,NA,NA,NA
2023-10-30,0.9869135614017578,0.5944393257818005,-1.7375615985426174,-1.6581783286645622,-0.07938326987805522,NA,NA,NA,NA
2023-10-31,0.9890153761250285,0.5811609126876592,-1.619621113381805,-1.719296670745885,0.09967555736407996,NA,NA,NA,NA
2023-11-01,1.0456175988821634,0.5853341282315322,-0.22714641732100158,-1.6163628237484984,1.3892164064274968,NA,NA,NA,NA
2023-11-02,1.0447428212459418,0.5677199067801203,-0.22721652060208974,-1.7234783841091486,1.4962618635070588,NA,NA,NA,NA
2023-11-03,1.0633773461947174,0.5909164814915181,0.25524303735208115,-1.4523558639681398,1.7075989013202209,NA,NA,NA,NA
2023-11-06,1.0638235414990989,0.6328654273481112,0.2917916644869838,-1.0163520587155623,1.3081437232025461,NA,NA,NA,NA
2023-11-07,1.0515942675645369,0.6656549780499702,0.0028176871634957553,-0.6624264974182964,0.6652441845817921,NA,NA,NA,NA
2023-11-08,1.0558037680019257,0.7316134626849494,0.1387641722995677,0.051313019797612255,0.08745115250195544,1.2483653353024349,3.8613968573282627,-1.364666186723393,0
2023-11-09,1.0533203388735917,0.7182266543818764,0.09986874188778118,-0.06172920729849448,0.16159794918627565,1.1951808956896528,3.7635055045783115,-1.3731437131990059,0
2023-11-10,1.0425940385958938,0.742452983578126,-0.16825971375132637,0.23741351231518476,-0.40567322606651113,1.1371165116218833,3.6897491782849867,-1.41551615504122,0
2023-11-13,1.0356427854328976,0.732697414774267,-0.3429995239353669,0.15364230407059326,-0.4966418280059602,1.0841537414983997,3.6383383743584137,-1.4700308913616142,0
2023-11-14,1.0363884012704825,0.8293317435369357,-0.31200748751663565,1.2858536124114117,-1.5978610999280474,1.0217437976570107,3.6521700153880206,-1.6086824200739989,0
2023-11-15,1.0408855802593804,0.8210937076581215,-0.17652233781091406,1.2104873407268264,-1.3870096785377404,0.9613935237156478,3.6443128579607595,-1.7215258105294637,0
2023-11-16,1.033323744048283,0.8235325998590862,-0.37121694530167954,1.2415101378078595,-1.612727083109539,0.8935069394860335,3.6277677316595236,-1.8407538526874563,0
2023-11-17,1.029431277116639,0.8330171806406157,-0.4606798537994403,1.3635850749999598,-1.8242649287994002,0.8239465276595574,3.619222725204251,-1.971329669885136,0
2023-11-20,1.0347621368058288,0.8965909706790961,-0.3008096823105244,2.049593988691521,-2.350403671002045,0.7489452586711924,3.6393921955074293,-2.1415016781650444,-1
2023-11-21,1.0509073616354232,0.8400628692211805,0.15079992207044826,1.3865330858473819,-1.2357331637769335,0.6962231604890272,3.614482950201094,-2.2220366292230396,0
2023-11-22,1.045922890406214,0.8280310010297546,0.013232942068840663,1.262377285552481,-1.2491443434836405,0.6485036089833265,3.5991714592588337,-2.3021642412921803,0
2023-11-23,1.0485589652965732,0.8239661806948133,0.08365546723214685,1.210564779081158,-1.1269093118490112,0.6028395807012242,3.5774993073247887,-2.37182014592234,0
2023-11-24,1.0432750735341605,0.7700395642512602,-0.05348533732370697,0.6010951479891296,-0.6545804853128365,0.5571092633807052,3.523167022686,-2.4089484959245895,0
2023-11-27,1.035055686348185,0.7804997019131754,-0.2680505808233052,0.7174483704775837,-0.9854989513008889,0.4995317373329149,3.4486818575236233,-2.4496183828577935,0
2023-11-28,1.0386017648198487,0.7809874803533684,-0.15112522831543762,0.7247400728395573,-0.875865301154995,0.4453503601304741,3.373716114432435,-2.4830153941714865,0
2023-11-29,1.0419306166301687,0.7739417917728038,-0.0359255182483235,0.647860236342795,-0.6837857545911185,0.39247616957747317,3.285110045770982,-2.5001577066160356,0
2023-11-30,1.051788010262492,0.8119343125033874,0.26939844812213853,1.1178491889971307,-0.8484507408749922,0.34479050134907174,3.2230727327225956,-2.533491730024452,0
2023-12-01,1.033458776837767,0.8400628692211805,-0.24339027555183892,1.4640174252175069,-1.7074077007693458,0.28527638771014757,3.183425533591566,-2.612872758171271,0
2023-12-04,1.027840238597068,0.8553465936805593,-0.38574322618157303,1.6149361056717846,-2.0006793318533576,0.21521059758656633,3.1279710507586094,-2.6975498555854767,0
2023-12-05,1.0033523357737086,0.8292233483280039,-1.0877158517805399,1.2969723733521696,-2.3846882251327095,0.13637703388705555,3.070579303340409,-2.7978252355662985,0
2023-12-06,0.9998297412654333,0.853666467942117,-1.160246232472745,1.54396420956367,-2.7042104420364153,0.05254297498351085,3.0195284227004606,-2.9144424727334393,0
2023-12-07,0.9980684440112958,0.8546420248225028,-1.1810993809274477,1.5394666426420904,-2.720566023569538,-0.026052959883788907,2.981168918963263,-3.033274838730841,0
2023-12-08,1.0009569715080815,0.9182158148609831,-1.0571198004053244,2.146046441608825,-3.2031662420141496,-0.11436519580718509,2.9500808507279834,-3.1788112423423533,-1
2023-12-11,0.9968942458418708,0.9213050783155385,-1.1446613514767403,2.072764137681112,-3.2174254891578524,-0.19606421886286973,2.933968134627722,-3.3260965723534617,0
2023-12-12,1.003933563867574,0.8346431087745922,-0.8946398130273462,1.1331543145499685,-2.0277941275773146,-0.2575152171029936,2.869119123976704,-3.384149558182691,0
2023-12-13,0.9745844806227947,0.8036420790201073,-1.737214438458007,0.7998461580474803,-2.537060596505487,-0.3255775471733808,2.8190378100203244,-3.470192904367086,0
2023-12-14,0.9604353926812229,0.8067313424746626,-2.0626619029980464,0.8157186053200812,-2.8783805083181275,-0.402429462619854,2.76287735069174,-3.5677362759314484,0
2023-12-15,0.9657779943521069,0.7847813126659803,-1.8188712128188385,0.5758613704146942,-2.394732583233533,-0.473759228790454,2.6747043118551534,-3.6222227694360614,0
2023-12-18,0.9757586787922198,0.7883041569562625,-1.4658607047179568,0.5997127512298603,-2.065573455947817,-0.5295897190031372,2.6108557514772968,-3.670035189483571,0
2023-12-19,0.9833909668934826,0.8063519592434015,-1.2054700516295551,0.764336154824334,-1.9698062064538893,-0.5981853502333798,2.4837890781304166,-3.6801597785971767,0
2023-12-20,0.9685901989678798,0.7744295702129965,-1.5784962142789782,0.4217327556275897,-2.000228969906568,-0.6668939902652482,2.3515279197908052,-3.685315900321301,0
2023-12-21,0.98045547146992,0.7923689772912037,-1.1959619069699376,0.5852794516244576,-1.7812413585943951,-0.7322353710735532,2.2078043918456274,-3.6722751339927333,0
2023-12-22,0.9808370858749832,0.7967047856484744,-1.1452878221138174,0.6086734732468683,-1.7539612953606856,-0.7881754030600227,2.0984037499094046,-3.6747545560294497,0
2023-12-25,0.9816296696393451,0.7381713728253211,-1.095298989652308,0.0012461745658149742,-1.096545164218123,-0.8409616049873699,1.9471142312808065,-3.6290374412555466,0
2023-12-26,0.98045547146992,0.7181182591729446,-1.0993566237974501,-0.2116261431486324,-0.8877304806488178,-0.8873648623308623,1.8064654861111789,-3.5811952107729033,0
2023-12-27,0.9787294001608652,0.7127526963308222,-1.1168557344521917,-0.26809448933354463,-0.848761245118647,-0.9243217671384211,1.703644816583083,-3.5522883508599254,0
2023-12-28,1.012740050138262,0.7160045525987753,-0.05819847321445564,-0.23994422212679428,0.18174574891233863,-0.9450217799160463,1.6266732311827157,-3.516716791014808,0
2023-12-29,1.0133330202138215,0.7314508698715517,-0.018076639757209977,-0.09084818606274753,0.07277154630553755,-0.9638085286484126,1.5601718345692295,-3.487788891866055,0
2024-01-02,0.989267828731455,0.7311256842447564,-0.7482824156808929,-0.10284996965267824,-0.6454324460282147,-0.9845912524912601,1.507289721513535,-3.476472226496055,0
2024-01-03,0.9945458495030206,0.6935125467454338,-0.5602590253721358,-0.5000123186231853,-0.060246706748950496,-0.9935350739259037,1.480805967163982,-3.4678761150157893,0
2024-01-04,0.9798683723852075,0.6915614329846621,-0.9907910717827504,-0.5211155484445347,-0.4696755233382157,-1.0085446586500801,1.441453756589808,-3.4585430738899685,0
2024-01-05,0.9765571335474288,0.6780120318681915,-1.0601154756028146,-0.66432484289284,-0.3957906327099746,-1.0260374365914608,1.39043930954747,-3.442514182730392,0
2024-01-08,0.9651850242765472,0.6616985529239608,-1.368751561863926,-0.8366018263213395,-0.5321497355425866,-1.0347054601465686,1.3706817368708397,-3.440092657163977,0
2024-01-09,0.9634295980132567,0.6450598883529348,-1.3740560836037174,-1.014623902891363,-0.3594321807123544,-1.0367232204704733,1.3661484471128094,-3.439594888053756,0
2024-01-10,0.963723147555613,0.6419706248983795,-1.3196153570952578,-1.0532690451099802,-0.2663463119852776,-1.037128034062099,1.3652071693542678,-3.4394632374784657,0
2024-01-11,0.9666997399151055,0.6524849601647608,-1.190889055235486,-0.9430083997852408,-0.2478806554502453,-1.0328668583448852,1.3742205660675961,-3.4399542827573666,0
2024-01-12,0.9646390221277645,0.6349249363178148,-1.2632043588060626,-1.0922653839635728,-0.17093897484248988,-0.9757199062972709,1.3447210720415925,-3.296160884636134,0
2024-01-15,0.9628424989285442,0.6547070619478619,-1.3133379778554322,-0.8664389435287044,-0.44689903432672773,-0.9401193438582369,1.3452958387490044,-3.225534526465478,0
2024-01-16,0.962507852450258,0.6653297924231749,-1.319757678345973,-0.7823040157625764,-0.5374536625833967,-0.9351058482446454,1.3525369267504361,-3.2227486232397267,0
2024-01-17,0.925855256591655,0.6716167145412173,-2.318251110287172,-0.7434470539789327,-1.5748040563082393,-0.9488888871213582,1.3441226734246614,-3.241900447667378,0
2024-01-18,0.9457403025908682,0.7126984987263564,-1.685678521869128,-0.3267439789509713,-1.3589345429181567,-0.9654144004387498,1.3248402913466304,-3.25566909222413,0
2024-01-19,0.9599070035049816,0.7136740556067422,-1.2608817579113658,-0.342770791510339,-0.9181109664010267,-0.9753834023470307,1.3086415766037205,-3.259408381297782,0
2024-01-22,0.9640166970979692,0.6991490976098856,-1.1266868236639112,-0.5361004036975697,-0.5905864199663414,-0.9833144516773564,1.291841242453089,-3.258470145807802,0
2024-01-23,0.9505134181495811,0.7301501273643706,-1.461165148955043,-0.21514382954785718,-1.2460213194071859,-1.0027584191695087,1.2608843234176008,-3.266401161756618,0
2024-01-24,0.9546231117425689,0.7132404747710152,-1.3148138183751896,-0.45227629477089,-0.8625375236042996,-1.018795303852315,1.226637389359188,-3.264227997063818,0
2024-01-25,0.9616683007591191,0.7197983849113869,-1.0879201113663945,-0.4141269913995236,-0.673793119966871,-1.0531787959588876,1.1036959100896993,-3.2100535020074745,0
2024-01-26,0.9612690733815146,0.6855454988889491,-1.063074945967651,-0.9015400853996609,-0.16153486056799005,-1.0808087413601384,0.9837128183155275,-3.1453303010358042,0
2024-01-29,0.9687134897756695,0.6893935288060268,-0.8348841280040952,-0.9027522197506747,0.06786809174657948,-1.1081375881863658,0.8467364780843054,-3.063011654457037,0
2024-01-30,0.9469908236413059,0.6335699962061677,-1.396951337616321,-1.6526213539892267,0.25567001637290576,-1.1256788166335265,0.7586130783418379,-3.009970711608891,0
2024-01-31,0.9422411920459817,0.5961736491247087,-1.4805306020261453,-2.084479353733838,0.6039487517076929,-1.1267004071814282,0.7537042356354868,-3.0071050499983434,0
2024-02-01,0.9452471393597097,0.6313478944230665,-1.3574563840244391,-1.5693847064837634,0.21192832245932425,-1.1246257876821386,0.76149386862065,-3.010745443984927,0
2024-02-02,0.937010139201193,0.5879898108503604,-1.5421162547054998,-2.025254728588565,0.4831384738830651,-1.1192667789371922,0.7834727235251535,-3.0220062813995376,0
2024-02-05,0.956977379072266,0.5583979188119885,-0.9454848953700551,-2.2488009313558224,1.3033160359857674,-1.0907836245696543,0.904332006783026,-3.0858992559223344,1
2024-02-06,0.9839780659781951,0.6026773616606147,-0.14897176907232842,-1.659327842180212,1.5103560731078836,-1.0573336595510903,1.0428352341289864,-3.1575025532311667,1
2024-02-07,1.0045206629522865,0.6009430383177063,0.4710158804959214,-1.6111693418520188,2.08218522234794,-0.9959995541798237,1.2498502518571266,-3.241849360216774,1
2024-02-08,1.001591038519571,0.6254403555362854,0.41182277304459786,-1.2857687185881832,1.697591491632781,-0.9445895346769816,1.4037329726942573,-3.2929120420482203,1
2024-02-19,0.9953854011941596,0.7264104926562246,0.24792481633240337,-0.12889416131553716,0.37681897764794053,-0.911430433664357,1.454634245076214,-3.277495112404928,0
2024-02-20,0.98045547146992,0.7007750257438622,-0.18641388893590546,-0.39890942930731926,0.2124955403714138,-0.8774844258448435,1.4937437953633743,-3.248712647053061,0
2024-02-21,1.008436613847319,0.6899355048506857,0.7061535889453681,-0.4976027186773628,1.203756307622731,-0.8182484262010973,1.5807161245181671,-3.2172129769203615,0
2024-02-22,1.008859325188312,0.7581160912687659,0.7658970066270366,0.32756290565060836,0.4383341009764283,-0.7903473051218747,1.62773014654405,-3.208424756787799,0
2024-02-23,1.0063406701148954,0.7686846241396131,0.72696917435518,0.4704328504493334,0.25653632390584663,-0.7652526273320497,1.6646792240158672,-3.1951844786799666,0
2024-02-26,0.995121206606039,0.8197929651509404,0.39604532986522273,1.0896755297373226,-0.6936301998721,-0.7580313087991011,1.670103152623818,-3.1861657702220203,0
2024-02-27,0.9919039036218142,0.9112785214893502,0.32568976561662816,2.0885896222547857,-1.7628998566381575,-0.7765032983211899,1.6652546272184128,-3.2182612238607926,0
2024-02-28,0.9872364658983497,0.8568641266056041,0.19133540944513938,1.4184668731058827,-1.2271314636607433,-0.780530506860521,1.6634256429612768,-3.2244866566823185,0
2024-02-29,0.9951329485877332,0.9140967969215761,0.5334316870397156,1.9843366909440034,-1.450905003904288,-0.7901145019063422,1.6598650425787942,-3.2400940463914787,0
2024-03-01,0.9892971836856906,0.9213592759200043,0.35797691286445954,1.9713992558616384,-1.613422342997179,-0.8056084450464434,1.6533774675563395,-3.2645943576492265,0
2024-03-04,0.9841541957036088,0.9614655032247575,0.21003061380777657,2.279332916574074,-2.0693023027662973,-0.825955971077965,1.6545820821032424,-3.3064940242591727,0
2024-03-05,0.9951916584962044,0.9484580781529457,0.7594857849320695,2.0657188250056793,-1.3062330400736097,-0.8192697267330361,1.6537548374263356,-3.292294290892408,0
2024-03-06,0.9866493668136371,0.9227142160316515,0.4147420118452547,1.7671840268739278,-1.3524420150286731,-0.8084657714526247,1.6491799989331797,-3.2661115418384288,0
2024-03-07,0.9884576319945518,0.8929597311798818,0.5196607087365773,1.4458223806791317,-0.9261616719425544,-0.784156995566122,1.6386758527945098,-3.2069898439267535,0
2024-03-08,0.981295023161059,0.9277545932469786,0.18668846781610057,1.7426110781576734,-1.5559226103415729,-0.7650188650378748,1.613861319576781,-3.1438990496525303,0
2024-03-11,0.9948335280545297,0.9739851498563764,0.8593349775926317,2.1017627662665506,-1.2424277886739188,-0.7403832277896145,1.586156881352805,-3.0669233369320343,0
2024-03-12,1.0244879028233596,0.9203837190396185,2.231347954853729,1.6027426931695103,0.6286052616842186,-0.6765203693946417,1.5844642278899146,-2.9375049666791977,0
2024-03-13,1.0141843138866546,0.9294889165898867,1.6936010902070922,1.6824259712064171,0.011175119000675027,-0.6227103592586661,1.5439985036624888,-2.789419222179821,0
2024-03-14,1.0078319017900652,0.9349086770364751,1.386504310100945,1.6840584378015275,-0.2975541277005824,-0.5938730259273873,1.5426110698070263,-2.730357121661801,0
2024-03-15,1.008336807002918,0.9292179285675572,1.3618459245419912,1.5814890279314076,-0.2196431033894164,-0.5552494010421195,1.521284319801782,-2.631783121886021,0
2024-03-18,1.0029178824510212,1.0570158798981086,1.0754997427068844,2.5347357495745966,-1.4592360068677122,-0.5315969926846126,1.4682093333655946,-2.53140331873482,0
2024-03-19,1.0027769786706902,1.0102975448485176,1.0346277848546015,2.034380099080865,-0.9997523142262634,-0.5083473215344914,1.4349861091063192,-2.451680752175302,0
2024-03-20,1.003704595224536,1.0040648203349412,1.0460383110140283,1.8941256365350032,-0.8480873255209749,-0.4880558860273774,1.4141248719153865,-2.390236643970141,0
2024-03-21,1.0033523357737086,0.9766950300796706,1.0063326551030274,1.6203187216659007,-0.6139860665628734,-0.46545888369586047,1.3969150079604824,-2.3278327753522032,0
2024-03-22,0.9988610277756577,0.9826567665709176,0.7804663497876568,1.6028242709712546,-0.8223579211835977,-0.4458276995504776,1.3751084213842788,-2.266763820485234,0
2024-03-25,0.9916162250703051,0.9911657904720612,0.4477120552527009,1.605411439056516,-1.157699383803815,-0.43543533330396794,1.3614569903472524,-2.232327656955188,0
2024-03-26,1.003522594508275,0.9354506530811338,0.9543064839142261,1.165296749133685,-0.21099026521945885,-0.4097191494682809,1.3542768992908263,-2.173715198227388,0
2024-03-27,0.9986555430960083,0.9168608747493361,0.7231071056536024,1.00046229905103,-0.27735519339742754,-0.3960659832879359,1.3589639037738463,-2.1510958703497183,0
2024-03-28,0.9990312865102244,0.9682944013874587,0.7227831613557204,1.322874651627003,-0.6000914902712825,-0.39127200011497704,1.3598618617911669,-2.142405862021121,0
2024-03-29,0.9997710313569622,0.9401116470651998,0.7365551331012774,1.0866465787301696,-0.35009144562889216,-0.3829608367901478,1.3640692724215662,-2.129990946001862,0
2024-04-01,1.010591267488214,0.9461817787653787,1.2129357999406276,1.093282992095027,0.1196528078456005,-0.3839957191412601,1.361746746881522,-2.1297381851640425,0
2024-04-02,1.0062819602064241,0.9261286651130021,1.0359808969832347,0.9247996940405787,0.11118120294265599,-0.3833555581973081,1.3630962721462807,-2.129807388540897,0
2024-04-03,1.006939511181302,0.8785431683919571,1.0427960712525277,0.5761897970092112,0.46660627424331647,-0.364821579526116,1.3938764511594908,-2.123519610211723,0
2024-04-08,0.9784945605269803,0.8615793181941358,-0.18707116471620142,0.44013861918163183,-0.6272097838978332,-0.3742709641452639,1.383862696163109,-2.132404624453637,0
2024-04-09,0.9758878405908565,0.8539374559644465,-0.2979413542805335,0.36943129045079054,-0.667372644731324,-0.3775659161684824,1.382035467494439,-2.137167299831404,0
2024-04-10,0.9675275496245501,0.8134518454284321,-0.6545999073571778,0.07125493311964304,-0.7258548404768208,-0.38306698629792985,1.378828439745796,-2.1449624123416555,0
2024-04-11,0.9675392916062444,0.8464581865481546,-0.656603871890223,0.2839198339338571,-0.9405237058240801,-0.38987321913595474,1.3775114492912341,-2.157257887563144,0
2024-04-12,0.9593375173928104,0.8682456235434394,-1.0084823750953977,0.4160683770975313,-1.424550752192929,-0.40762519532729774,1.3797986555081045,-2.1950490461627,0
2024-04-15,0.9822050267423633,0.8325294022004228,-0.027596859653679418,0.13941782888079324,-0.16701468853447266,-0.40596966826978426,1.3821703288905167,-2.1941096654300853,0
2024-04-16,0.98045547146992,0.7853232887106391,-0.11462972873226386,-0.22127013386427552,0.10664040513201166,-0.40006098392674666,1.3925413432973106,-2.192663311150804,0
2024-04-17,0.9786941742157824,0.813506043032898,-0.20336061194318858,-0.0370499958373438,-0.16631061610584477,-0.3999838446144692,1.3926589872719033,-2.1926266765008418,0
2024-04-18,0.9809134087559958,0.813506043032898,-0.1194921068868958,-0.05749131717638061,-0.06200078971051518,-0.39356887387086564,1.401144552276834,-2.188282300018565,0
2024-04-19,0.9667408368510354,0.766408324752046,-0.7548697755091545,-0.42982717095536127,-0.3250426045537932,-0.3900286895703724,1.4043681677361362,-2.1844255468768807,0
2024-04-22,0.9834261928385654,0.7492818817408271,-0.057072493767514755,-0.575188522251361,0.5181160284838462,-0.3551466881571709,1.4268910926487366,-2.137184468963078,0
2024-04-23,0.9935360390773151,0.7546474445829495,0.39543100392414243,-0.5413870653933766,0.936818069317519,-0.3168841446199097,1.4760342539533946,-2.109802543193214,0
2024-04-24,0.9943110098691356,0.8302531028128557,0.41018507961455936,0.02719609162923155,0.3829889879853278,-0.29519914538013703,1.499611472496805,-2.090009763257079,0
2024-04-25,0.9939822343816966,0.8129640669882392,0.3726648676866675,-0.1228246781723245,0.495489545858992,-0.27709787928304813,1.5274747803331032,-2.0816705388991994,0
2024-04-26,1.003604788380135,0.8779469947428324,0.8263054150653693,0.3682476419537299,0.45805777311163937,-0.248696561074401,1.5474643117255837,-2.0448574338743857,0
2024-04-29,1.0004168403501459,0.9268332339710584,0.638330036216972,0.7267211943052846,-0.08839115808831255,-0.23579412164913463,1.5535390267948948,-2.025127270093164,0
2024-04-30,1.0010039394348584,0.928892742940762,0.6431076216136058,0.7173918405227222,-0.0742842189091164,-0.2258023066315053,1.5602741737264156,-2.0118787869894263,0
2024-05-06,1.03341180891099,0.8927429407620183,2.228747949899643,0.4088574761946739,1.8198904737049693,-0.19277855106028935,1.6697660023437086,-2.0553231044642875,1
2024-05-07,1.0391653799411726,0.8693295756327571,2.3664587529041192,0.20017209776366002,2.166286655140459,-0.15780490833705807,1.8009681040348788,-2.1165779207089948,1
2024-05-08,1.0356251724603562,0.8682456235434394,2.123761696167987,0.16386515489796014,1.9598965412700267,-0.12940113292210598,1.9018457786109413,-2.160648044455153,1
2024-05-09,1.0309459927551974,0.9653135331418352,1.8666524966577764,0.9485771177548147,0.9180753789029618,-0.12416568913551819,1.9163681331355582,-2.1646995114065946,0
2024-05-10,1.0209535663333902,0.9233103896807763,1.348914191096436,0.5633389236899027,0.7855752674065333,-0.11460490671973135,1.937676412373005,-2.1668862258124677,0
2024-05-13,1.001591038519571,0.9010351742452984,0.29511789844522324,0.33733086223669284,-0.042212963791469604,-0.12336076401430698,1.9230210463667101,-2.169742574395324,0
2024-05-14,0.9992309001990266,0.9211424855021408,0.12404061492627673,0.503592622759127,-0.37955200783285026,-0.15140856474461722,1.861284792108202,-2.1641019215974366,0
2024-05-15,0.9980684440112958,0.9433093057286869,0.0398149215224278,0.711178977727479,-0.6713640562050511,-0.18777056689983282,1.7811548886972965,-2.1566960224969622,0
2024-05-16,1.0007103898925023,0.9845536827272234,0.20447334441284684,1.158742650873624,-0.9542693064607772,-0.23837814237997823,1.6475554854023144,-2.124311770162271,0
2024-05-17,1.0068749302819837,1.034252886022438,0.5728888769420744,1.7380772741603894,-1.165188397218315,-0.2860911405274964,1.544652069247447,-2.11683435030244,0
2024-05-20,1.0033523357737086,1.061893664300038,0.3506609075391502,2.000422518287779,-1.6497616107486286,-0.31986748366743917,1.5357351581230194,-2.1754701254578976,0
2024-05-21,1.0010039394348584,1.0134952035120048,0.18916771999412113,1.40108921552476,-1.211921495530639,-0.34360776759914,1.5207162763608653,-2.2079318115591455,0
2024-05-22,0.9967239871073041,1.0242805268007156,-0.06104281735059917,1.5284779152337662,-1.5895207325843654,-0.3901623849359249,1.4564021700018048,-2.2367269398736545,0
2024-05-23,0.9933775223244428,0.9956099940382634,-0.25161476919928794,1.1305877623776208,-1.3822025315769086,-0.42050466214514726,1.43050619622481,-2.2715155205151043,0
2024-05-24,0.9846121329896846,0.9316568207685221,-0.7676207869395603,0.25765203084745736,-1.0252728177870176,-0.44186814784002837,1.4069433582889508,-2.2906796539690077,0
2024-05-27,0.9805259233600855,0.9538236409950681,-0.9954059625411545,0.5352124202482259,-1.5306183827893804,-0.4558179508886497,1.4132405613961505,-2.32487646317345,0
2024-05-28,0.9773086203758609,0.933553736924828,-1.16380490756106,0.2507527538085079,-1.4145576613695678,-0.4500122476341732,1.4046392068020706,-2.304663702070417,0
2024-05-29,0.9828038678087702,0.9321987968131809,-0.8254261574070716,0.2159351682464051,-1.0413613256534766,-0.4469160786673854,1.4030724973430924,-2.296904654677863,0
2024-05-30,0.968126390690957,0.9350712698498727,-1.6411677163635248,0.250717986894042,-1.8918857032575667,-0.45426575698994015,1.4153477066481863,-2.3238792206280667,0
2024-05-31,0.9678034861943651,0.9473199284591621,-1.6045126073673937,0.4135630808858288,-2.0180756882532225,-0.46100997941087407,1.428426890574197,-2.350446849395945,0
2024-06-03,0.9624843684868696,0.9809224432280094,-1.8404272654877902,0.8702820357285074,-2.7107093012162977,-0.4717000960517075,1.461502542042108,-2.404902734145523,-1
2024-06-04,0.9705922068467496,0.973226383393854,-1.3423560692442826,0.7560774736130237,-2.098433542857306,-0.4849034377647691,1.482011470261137,-2.4518183457906755,0
2024-06-05,0.9651908952673943,0.9760988564305458,-1.5875112808238137,0.7791963884865187,-2.3667076693103324,-0.5018078653361301,1.5123041048550738,-2.5159198355273342,0
2024-06-06,0.9627309501024488,0.9396238686250068,-1.6580284950547965,0.2709058649865411,-1.9289343600413376,-0.5185207434711099,1.526322267052224,-2.5633637539944436,0
2024-06-07,0.9506190959848294,0.9809766408324753,-2.183245728738871,0.818735926781177,-3.001981655520048,-0.5426217275574177,1.584394521942215,-2.66963797705705,-1
2024-06-11,0.9211584639139547,1.0319765866348707,-3.266183314862522,1.47627644394722,-4.742459758809742,-0.6009555937263481,1.7808492044085042,-2.9827603918612002,-1
2024-06-12,0.9227318894609844,1.028670532762452,-2.931366573226525,1.3844485282018892,-4.315815101428415,-0.6833625997782254,1.8619230963925308,-3.228648295948982,-1
2024-06-13,0.9129449477188265,1.0597257601214027,-3.035573322694955,1.7190388791380455,-4.754612201833001,-0.7627923884587867,1.9838137084138325,-3.5093984853314057,-1
2024-06-14,0.9129390767279794,1.084006286922118,-2.780986824701935,1.9332081876127374,-4.714195012314672,-0.8364030698690215,2.090314749554147,-3.76312088929219,-1
2024-06-17,0.9050132390843603,1.1435152566256572,-2.814087032610099,2.483285819153906,-5.297372851764004,-0.9210318990085978,2.2190196479583495,-4.061083445975545,-1
2024-06-18,0.8932712573901097,1.1332719093816053,-2.9262495345356085,2.2832128130009877,-5.209462347536596,-0.9835356713530791,2.3438080912711676,-4.310879433977326,-1
2024-06-19,0.881235726153503,1.177768142648095,-2.9968925396815496,2.609174202299665,-5.6060667419812145,-1.0603075784823284,2.4746446645476006,-4.595259821512257,-1
2024-06-20,0.8807073369772617,1.1638393583003632,-2.760917623227768,2.325205253032823,-5.086122876260591,-1.130941504327989,2.552987320088384,-4.814870328744362,-1
2024-06-21,0.8636227536121271,1.1668202265459866,-2.9373901429257967,2.2249344688827537,-5.16232461180855,-1.2067471467487503,2.618389677780212,-5.031883971277713,-1
2024-06-24,0.8668811535322817,1.118150777735624,-2.6313245602386286,1.681799383753921,-4.313123943992549,-1.2649265804622327,2.6417464494866003,-5.171599610411066,0
2024-06-25,0.8728108542878782,1.0687767600672051,-2.3259946540337304,1.180703769852726,-3.5066984238864567,-1.30407656446361,2.6450745475349278,-5.2532276764621475,0
2024-06-26,0.8743196989355894,1.1000487778440193,-2.158475913649511,1.4274491953239463,-3.5859251089734574,-1.3603254785261762,2.621498715101432,-5.342149672153785,0
2024-06-27,0.8750653147731743,1.0764186222968946,-2.0269413766608912,1.167762788961757,-3.1947041656226483,-1.4089479613965965,2.5902926397032093,-5.408188562496402,0
2024-06-28,0.861503325916315,1.0767438079236897,-2.1824711205240566,1.141254391654182,-3.3237255121782385,-1.4543418617617128,2.5693076103063053,-5.477991333829731,0
2024-07-01,0.8456457796382296,1.1101837298791395,-2.3476243375243597,1.3979815472993529,-3.7456058848237124,-1.510933769081627,2.544924104151019,-5.566791642314273,0
2024-07-02,0.8751886055809639,1.0676928079778873,-1.6878039354329892,0.98817873195027806,-2.675982667383267,-1.5575276936687745,2.4863462441478967,-5.601401631485445,0
2024-07-03,0.8806486270687904,1.059563167308005,-1.5196993757100812,0.8900527562748457,-2.409752131984927,-1.5995432492509005,2.4261479407128297,-5.625234439214631,0
2024-07-04,0.8722765941207898,1.048506855996965,-1.6114611838518507,0.7661541241005106,-2.3776153079523614,-1.6469469422874954,2.3466317309338396,-5.64052561550883,0
2024-07-05,0.8530549700873017,1.0449298141022167,-1.8775612603729555,0.7090754953813811,-2.586636755754337,-1.6796040584851035,2.312099672516461,-5.671307789486669,0
2024-07-08,0.8336807002917883,1.0433038859682402,-2.1061472762586217,0.6696127841746803,-2.775760060433302,-1.7147438487468032,2.277833270013333,-5.70732096750694,0
2024-07-09,0.8442660967891551,1.12373313099561,-1.8293000976873939,1.344246279654703,-3.173546377342097,-1.755538707694558,2.2459462949746976,-5.757023710363814,0
2024-07-10,0.8440077731918816,1.1443282206926453,-1.7514783774200642,1.472764053643706,-3.2242424310637703,-1.793600686448553,2.219776784319593,-5.806978157216698,0
2024-07-11,0.8583917007673385,1.0928946940545228,-1.4566720978017327,0.9824229881522979,-2.4390950859540306,-1.8105097586779044,2.205091100384557,-5.826110617740365,0
2024-07-12,0.868213868454579,1.0807002330496993,-1.2511720727446713,0.8451490550128471,-2.0963211277575184,-1.8426648659982885,2.1502361766550315,-5.835565908651608,0
2024-07-15,0.865912440042506,1.1283941249796758,-1.2440723828009344,1.2406125240119927,-2.484684906812927,-1.8858536211973709,2.0772264080217844,-5.848933650416527,0
2024-07-16,0.8665582490356898,1.3540729499756112,-1.1922135524923185,3.0203488536727585,-4.212562406165077,-1.953291151031691,2.0284249029833292,-5.935007205046711,0
2024-07-17,0.881470565787388,1.3437754051270934,-0.9256191309479772,2.728387818337533,-3.65400694928551,-2.0131579203579415,1.9608921294812283,-5.987207970197112,0
2024-07-18,0.8791867503478562,1.3766191534334182,-0.933002620123183,2.8064027248041157,-3.739405344927299,-2.0700639660308333,1.903439269910855,-6.043567201972522,0
2024-07-19,0.8956901056191253,1.4546637038642891,-0.6513426524339353,3.155572796666337,-3.8069154491002726,-2.1421478239905682,1.7971367185921494,-6.081432366573286,0
2024-07-22,0.8800615279840779,1.4374288656441387,-0.8673954551828338,2.8370647486883542,-3.704460203871188,-2.2195024618770467,1.6555959144324652,-6.094600838186558,0
2024-07-23,0.8542291682567267,1.3465936805593195,-1.2295785125396124,2.083006890412615,-3.3125854029522275,-2.281095368392673,1.5428786221588133,-6.105069358944159,0
2024-07-24,0.845434423967733,1.4159124166711832,-1.3186344497806046,2.4316571820797583,-3.750291631860363,-2.351858388021329,1.419888781766438,-6.123605557809096,0
2024-07-25,0.8398393696904227,1.3863747222372773,-1.3564291321371467,2.114521878427581,-3.470951010564728,-2.417341867749268,1.2918687094356125,-6.126552444934148,0
2024-07-26,0.8349664472873087,1.3588965367730745,-1.3811220949890124,1.841293438512587,-3.222415533501599,-2.469575607339489,1.1942143744124425,-6.1333655890914205,0
2024-07-29,0.820776262409807,1.3360793452929383,-1.5389379155010519,1.6229616834052107,-3.1618995989062624,-2.521035863672775,1.0922871141281663,-6.134358841473716,0
2024-07-30,0.81019086591244,1.324589453146171,-1.64580603034221,1.4930872420153052,-3.138893272357515,-2.6036822594404834,0.8280322312716253,-6.035396750152592,0
2024-07-31,0.8344321871202203,1.4311419435260961,-1.245065543298256,2.0727960840730466,-3.3178616273713026,-2.6950847308156796,0.5040887124043252,-5.894258174035684,0
2024-08-01,0.8138132672651164,1.3982981952197713,-1.5233518192053053,1.793510600370826,-3.3168624195761316,-2.7830307134964487,0.17676394515869065,-5.742825372151588,0
2024-08-02,0.8133964269149705,1.3283832854587827,-1.4905328177809753,1.3106170849674232,-2.8011499027483984,-2.8450178015239715,-0.04929142286821264,-5.6407441801797304,0
2024-08-05,0.8278155804355101,1.2448647769768577,-1.2299893506630029,0.7679166890831227,-1.9979060397461255,-2.8914091566431823,-0.2527843080206118,-5.530034005265753,0
2024-08-06,0.8246980842956866,1.2652972738604955,-1.2427139369796305,0.8656680811747266,-2.108382018154357,-2.9258453075492308,-0.38641266374089644,-5.4652779513575656,0
2024-08-07,0.8310387544105818,1.2438350224920058,-1.1071298425664118,0.7045038256809332,-1.811633668247345,-2.9497133352228055,-0.48171792560761206,-5.417708744837999,0
2024-08-08,0.8399567895073652,1.2440518129098694,-0.9323906811245074,0.6799116055201208,-1.6123022866446282,-2.965395639063465,-0.5447876948465673,-5.386003583280362,0
2024-08-09,0.8435439649149586,1.338464039889437,-0.8463707991536926,1.2395888847941394,-2.085959683947832,-2.984257145354916,-0.6102061888176311,-5.3583081018922005,0
2024-08-12,0.8431329955556599,1.3064332556501004,-0.8292789014313755,1.0023819266626512,-1.8316608280940267,-2.9953650192028443,-0.6498709077540266,-5.340859130651662,0
2024-08-13,0.835447868536773,1.3045363394937943,-0.9398249858794672,0.9595423353691613,-1.8993673212486284,-2.9995251143778443,-0.6628705772247678,-5.336179651530921,0
2024-08-14,0.8297471364242143,1.309847704731451,-1.0191075762670343,0.9605475243492789,-1.9796551006163132,-3.0123206744626057,-0.7072913559409844,-5.3173499929842265,0
2024-08-15,0.8377258129854577,1.3078965909706792,-0.8494276133713651,0.9173934720631117,-1.7668210854344768,-3.015275680343441,-0.7172220016187265,-5.313329359068156,0
2024-08-16,0.8402562100405686,1.3256734052354886,-0.7793127857685951,0.9953879636204032,-1.7747007493889981,-3.021817317306976,-0.7404999957197016,-5.3031346388942495,0
2024-08-19,0.8368745193126245,1.3820389138800067,-0.823906781667562,1.3082542199564537,-2.1321610016240156,-3.040265453704259,-0.8072329022561253,-5.273298005152393,0
2024-08-20,0.8352776098022063,1.343992195544957,-0.8348559506444395,1.0349259486596047,-1.8697818993040443,-3.045918178979503,-0.8267568269633037,-5.265079530995703,0
2024-08-21,0.8322599205067839,1.4299495962278466,-0.8780788284723444,1.5312984031705923,-2.409377231642937,-3.0624985051507263,-0.878328335398427,-5.246668674903026,0
2024-08-22,0.8278390643988985,1.4128773508210937,-0.9605459491051221,1.3811376248580691,-2.3416835739631914,-3.0841705426225547,-0.9565039101692521,-5.211837175075857,0
2024-08-23,0.8307393338773785,1.3713077881957618,-0.8752515796276761,1.0836995449654516,-1.9589511245931277,-3.085288299644814,-0.9601005504784692,-5.2104760488111594,0
2024-08-26,0.828983907614088,1.33987317760555,-0.9012832289324824,0.8520137359083217,-1.753296964840804,-3.080875320921274,-0.9455973293976534,-5.216153312444894,0
2024-08-27,0.8243282118723176,1.3229635250121945,-1.0034703703029548,0.7134297794489514,-1.7169001497519063,-3.064311835063534,-0.9021052889692296,-5.226518381157838,0
2024-08-28,0.8154806286656999,1.3018264592705002,-1.2375943740750288,0.545450332056827,-1.783044706131856,-3.059055354451443,-0.885791938192614,-5.232318770710272,0
2024-08-29,0.8297471364242143,1.302314237710693,-0.8397601614977221,0.523324337575562,-1.3630844990732842,-3.042328301614159,-0.832250860759181,-5.252405742469136,0
2024-08-30,0.8472955280662718,1.3911983090347406,-0.28700060213742407,1.1257785911710902,-1.4127791933085143,-3.0337257155019457,-0.8021059829511024,-5.2653454480527895,0
2024-09-02,0.8190032231739751,1.366538399002764,-1.2227201481512013,0.9215957769414693,-2.1443159250926707,-3.019431286661489,-0.7760281506676807,-5.262834422655297,0
2024-09-03,0.827809709444663,1.3045363394937943,-0.8980010051163414,0.43749532281715225,-1.3354963279334937,-2.9626485628135515,-0.7241865724055736,-5.201110553221529,0
2024-09-04,0.8219387185975378,1.2960815131971166,-1.104782543068361,0.34787581199108136,-1.4526583550594425,-2.914929283707402,-0.6717416881265499,-5.158116879288254,0
2024-09-05,0.8248037621309349,1.1213484363991113,-0.9800445765824904,-1.019955955806557,0.03991137922406651,-2.835020557356451,-0.518039587470176,-5.152001527242726,1
2024-09-06,0.8207645204281127,1.1662240528968622,-1.1340702564930794,-0.6879947029116692,-0.44607555358141016,-2.76388523304423,-0.41967404981851697,-5.108096416269943,0
2024-09-09,0.8072612414797246,1.1419977237006125,-1.6801766397802536,-0.8787472061558804,-0.8014294336243731,-2.6889528427419025,-0.3871209853740849,-4.99078470010972,0
2024-09-10,0.8090225387338621,1.1580944122269796,-1.567558318306557,-0.7571970490294372,-0.8103612692771197,-2.615634491437578,-0.36061456493152333,-4.8706544179436335,0
2024-09-11,0.8101967369032872,1.1688255379112245,-1.469474514260041,-0.670629952887543,-0.7988445613724979,-2.535514121760766,-0.3729931744179771,-4.698035069103555,0
2024-09-12,0.7838125040363062,1.1624844181887162,-2.4814161597253066,-0.7204742150161096,-1.760941944709197,-2.480094439568243,-0.41524076851864455,-4.544948110617842,0
2024-09-13,0.7656535293461478,1.1950571784727115,-2.959404995297254,-0.46781284288692354,-2.4915921524103304,-2.435582231911606,-0.4944957219996955,-4.376668741823517,0
2024-09-18,0.7437958304223005,1.1382038913880006,-3.387320414699315,-0.9232026526134092,-2.4641177620859063,-2.4047654622131622,-0.5272631658794795,-4.282267758546845,0
2024-09-19,0.7403319458224965,1.1354398135602406,-3.164521456534129,-0.9645414354562182,-2.1999800210779106,-2.3829868221663526,-0.5272912077333669,-4.238682436599339,0
2024-09-20,0.7420462751498571,1.13202536447889,-2.8536720458973384,-1.0011369141277506,-1.8525351317695877,-2.3540969892129553,-0.5207443545408095,-4.187449623885101,0
2024-09-23,0.7406489793282413,1.1522952685491303,-2.684472833537534,-0.8580834912713798,-1.8263893422661543,-2.3312917421570134,-0.5064521540707241,-4.156131330243303,0
2024-09-24,0.8058522036764144,1.2021028670532763,-0.7327676320093569,-0.47649939185543744,-0.25626824015391947,-2.2801674542899413,-0.397470882419922,-4.16286402615996,1
2024-09-25,0.8213516195128252,1.2032410167470597,-0.2622900096265756,-0.4854304398262131,0.22314043019963747,-2.2140216823728855,-0.2631229948428213,-4.16492036990295,1
2024-09-26,0.8976745005254537,1.2140263400357705,1.9520262452903447,-0.42441498735657063,2.3764412326469153,-2.1298146173723826,0.14863379830158907,-4.408263033046355,1
2024-09-27,0.956501828813649,1.3059996748143732,3.32439409871241,0.33887641912748606,2.985517679584924,-2.0398934538462186,0.5920509392709699,-4.671837846963407,1
2024-09-30,1.0262492000774972,1.5671779307354616,4.276553580635888,2.504173418891931,1.7723801617439565,-1.9707268626846128,0.8373428589642782,-4.778796584333504,1
2024-10-08,1.011571722959684,1.8806026773616606,3.468784278897886,4.330795070526486,-0.8620107916286002,-1.941983096615851,0.8757314914107788,-4.7596976846424806,0
2024-10-09,0.9365111049791874,2.013441005907539,1.882613916777031,4.3722141554127685,-2.489600238635737,-1.937213766252558,0.8757247339445098,-4.750152266449626,0
2024-10-10,0.9628424989285442,1.881740827055444,2.2472301967461616,3.1942942715306373,-0.9470640747844756,-1.9001057278765976,0.9052214929228457,-4.705432948676041,0
2024-10-11,0.9422881599727586,1.804780228713891,1.787496787620515,2.560003341849589,-0.7725065542290741,-1.8592434632626862,0.9390417918195344,-4.657528718344906,0
2024-10-14,0.9405268627186211,2.0275323830686687,1.68955487564683,3.349762749971041,-1.660207874324211,-1.8462620097355225,0.948305136191435,-4.64082915566248,0
2024-10-15,0.912498752414445,1.9269958267844562,1.1749990524634202,2.6513587890285217,-1.4763597365651016,-1.8359293198823152,0.9594612428489808,-4.631319882613611,0
2024-10-16,0.8938583564748223,1.854587827218037,0.8407529500130165,2.1837932017596726,-1.3430402517466562,-1.8169019089645442,0.9760663456748557,-4.609870163603944,0
2024-10-17,0.8774782920113428,1.9407620183187904,0.5552212720178046,2.4005356064592105,-1.8453143344414058,-1.7774477744358164,0.9438197203445449,-4.498715269216177,0
2024-10-18,0.904719689542004,2.3289252615034415,1.0105888871499216,3.5393547459643635,-2.5287658588144417,-1.7586937562612985,0.9252197689947996,-4.442607281517397,0
2024-10-21,0.8975570807085111,2.406373638285188,0.8796881456082074,3.3778851091275497,-2.498196963519342,-1.738006949904499,0.902588760641374,-4.3786026604503725,0
2024-10-22,0.9058938877114291,2.281719148013658,1.0157810020361522,2.715597405246653,-1.6998164032105008,-1.7028886324730033,0.8812228928833046,-4.287000157829311,0
2024-10-23,0.920277815286886,2.270879627120481,1.2353765845453009,2.4917783372310005,-1.2564017526856996,-1.6620876582865782,0.8702557482467466,-4.194431064819903,0
2024-10-24,0.9112951992907844,2.3044821418893284,1.0584426302894185,2.4152635920155463,-1.3568209617261278,-1.6294915842661435,0.866519482303042,-4.125502650835329,0
2024-10-25,0.9151994082041226,2.2865427348111216,1.0926060796611232,2.2218687347119164,-1.1292626550507932,-1.5858077679859839,0.8502419719377123,-4.02185750790968,0
2024-10-28,0.9188100675751046,2.355969866131917,1.1183100601862925,2.2617122281794226,-1.14340216799313,-1.5470152872764573,0.8405677999021957,-3.9345983744551103,0
2024-10-29,0.8992127001274005,2.3522302314237713,0.7782498159036786,2.1233111418309125,-1.345061325927234,-1.515726050483551,0.8314068584550967,-3.8628589594221987,0
2024-10-30,0.8994357977795913,2.413148338843423,0.7584333588922036,2.1442427011404535,-1.3858093422482498,-1.4861245462059176,0.8210147230838394,-3.7932638154956746,0
2024-10-31,0.8969641106329516,2.4584033385724355,0.6950526801832508,2.1244214549183797,-1.429368774735129,-1.4576324712455444,0.808335650836778,-3.723600593327867,0
2024-11-01,0.9004632211778382,2.227575741152241,0.7310254695496878,1.5272890925868692,-0.7962636230371813,-1.4156058378399758,0.8030592370128389,-3.6342709126927906,0
2024-11-04,0.9089468029519342,2.22719635792098,0.8400563313489043,1.4685845131241295,-0.6285281817752252,-1.3708002672099606,0.7997384355008912,-3.5413389699208127,0
2024-11-05,0.9258493856008079,2.373096309143136,1.074925451185919,1.7148899675912106,-0.6399645164052916,-1.334780510770909,0.8107886686300034,-3.4803496901718214,0
2024-11-06,0.9223326620833798,2.471410763644247,0.9873293517157016,1.8380032233964823,-0.8506738716807807,-1.3156599746364863,0.8263148444836705,-3.457634793756643,0
2024-11-07,0.9682085845628168,2.579805972576012,1.641809709787817,1.9627744460315113,-0.32096473624369426,-1.2858696866046422,0.8609701755574013,-3.4327095487666854,0
2024-11-08,0.9452119134146271,2.3359167524795406,1.2410302250465861,1.40469501791135,-0.16366479286476388,-1.258403538681599,0.9031910274884496,-3.419998104851648,0
2024-11-11,0.9381902083614652,2.333261069860712,1.0978846673176765,1.348612585033047,-0.2507279177153705,-1.2357106325327782,0.9393173004922231,-3.4107385655577795,0
2024-11-12,0.9259726764085975,2.292504471302369,0.8860461808234439,1.222722933950546,-0.3366767531271022,-1.2065559170190994,0.9690071253953036,-3.3821189594335026,0
2024-11-13,0.9267359052187237,2.5689664516828357,0.8717683819159509,1.698814169433205,-0.8270457875172542,-1.1898123330094865,0.9816403646356364,-3.3612650306546095,0
2024-11-14,0.9239765395205749,2.5418676494498946,0.805304654818752,1.5786792539999308,-0.7733745991811788,-1.1710457876416955,0.9949177577335704,-3.3370093330169617,0
2024-11-15,0.9152874730668296,2.4588369194081623,0.653403702585435,1.366654106900465,-0.71325040431503,-1.149939042703341,1.0086405214733396,-3.308518606880021,0
2024-11-18,0.9152874730668296,2.4316297219662895,0.6332591073012634,1.2686741929116194,-0.635415085610356,-1.1310822760396055,1.025342517468538,-3.287507069547749,0
2024-11-19,0.9052598206999396,2.4985095658771885,0.46713805836609645,1.3448477102117482,-0.8777096518456518,-1.116132424413883,1.0345713538476895,-3.2668362026754556,0
2024-11-20,0.9069565370547588,2.574386212129424,0.47538993363922827,1.4309162517583405,-0.9555263181191123,-1.096521846355468,1.0378922987602954,-3.2309359914712314,0
2024-11-21,0.9071444087618669,2.7874911928892745,0.4608477577906708,1.7440916508839066,-1.283243893093236,-1.0867462129186212,1.038615179123343,-3.2121076049605852,0
2024-11-22,0.8852397419112423,2.6665221397214243,0.11967735817608768,1.466227581500858,-1.3465502233247704,-1.0690324294466518,1.0290287266102005,-3.167093585503504,0
2024-11-25,0.8798090753776515,2.6502628583816596,0.025055088083654656,1.384181949151082,-1.3591268610674274,-1.0526564842317223,1.0201843178413246,-3.1254972863047694,0
2024-11-26,0.8859325188312032,2.633461600997236,0.1041759684638607,1.3064845713804685,-1.2023086029166077,-1.0400457755371137,1.0195304783369776,-3.099622029411205,0
2024-11-27,0.8918328646325641,2.8971329467237545,0.17870664878923986,1.693011504993195,-1.5143048562039552,-1.0360625737264995,1.0188215470395372,-3.090946694492536,0
2024-11-28,0.8912164105936159,2.959351796650588,0.1532230904561786,1.7230719138182726,-1.569848823362094,-1.0336117182866693,1.0183178673990207,-3.0855413039723594,0
2024-11-29,0.8957605575092908,3.0404856105360145,0.2041625437898645,1.779139546883373,-1.5749770030935086,-1.0301439232360303,1.0173320201288358,-3.0776198666008963,0
2024-12-02,0.8953261041866036,3.0459053709826027,0.18151531124341652,1.71350341591212,-1.5319881046687036,-1.0329589833292872,1.0168421533964702,-3.0827601200550445,0
2024-12-03,0.8963476565940034,3.089209256950843,0.1851485269483231,1.708359986080496,-1.523211459132173,-1.0347995210930148,1.0165866191259971,-3.086185661312027,0
2024-12-04,0.892390608763041,2.9949596227846733,0.10525661877586866,1.4982332180070692,-1.3929765992312007,-1.0222771989953237,1.010648151259201,-3.0552025492498482,0
2024-12-05,0.8871067170006283,3.0899138258088996,0.0065471154438850755,1.5864791515534735,-1.5799320361095885,-1.0263511274649253,1.0101041295969249,-3.0628063845267754,0
2024-12-06,0.8929835788386006,3.0003793832312615,0.08171214835766455,1.3954960543090247,-1.31378390595136,-1.024036553313124,1.0107627500182437,-3.0588358566444915,0
2024-12-09,0.8916860898613859,2.9212508807110726,0.04348937257629398,1.2339284647642272,-1.1904390921879333,-1.0445423945033239,0.9713520110541041,-3.060436800060752,0
2024-12-10,0.908001573425547,2.918161617256517,0.28626161116059246,1.1930095586682878,-0.9067479475076954,-1.0522202677354286,0.9579029938105954,-3.0623435292814527,0
2024-12-11,0.9015493544845563,2.9526854913012843,0.15791340564530368,1.2132282780656585,-1.0553148724203547,-1.0564516917153617,0.9525926591402152,-3.0654960425709383,0
2024-12-12,0.9192797468428746,3.1271475800769606,0.42758514688960403,1.4515123829898309,-1.023927236100227,-1.0600111244957469,0.9480161632035489,-3.0680384121950426,0
2024-12-13,0.8918035096783284,3.0784239336621324,-0.05839203891640521,1.3350971421494346,-1.3934891810658399,-1.0699218681573024,0.9387317275319775,-3.0785754638465823,0
2024-12-16,0.8966177221729712,3.117717196899897,-0.00845187757564203,1.363596886513375,-1.3720487640890169,-1.0634403151469662,0.9386419564578379,-3.0655225867517704,0
2024-12-17,0.914700373982117,3.089263454555309,0.280427915504892,1.2834975902686134,-1.0030696747637213,-1.0386316071861894,0.9280401335473059,-3.0053033479196847,0
2024-12-18,0.9226262116257361,3.3469730637905806,0.4016450804581533,1.67616914345102,-1.2745240629928667,-1.0188050455346387,0.9130872475491014,-2.9506973386183786,0
2024-12-19,0.9105965513799764,3.447076039239066,0.11501533542754724,1.8012312923462948,-1.6862159569187476,-1.010242311131986,0.904834875429186,-2.925319497693158,0
2024-12-20,0.893564806932466,3.663487073871335,-0.36051299600958286,2.110384972145017,-2.4708979681546,-1.0205483584050696,0.9194606259486657,-2.960557342758805,0
2024-12-23,0.8961773978594367,3.5160695897241343,-0.43083432407263283,1.8155454134984612,-2.246379737571094,-1.0275481983268184,0.9272625938367389,-2.9823589904903756,0
2024-12-24,0.9034398135373307,3.57324806243564,-0.28689734171001446,1.8748954502590027,-2.161792791969017,-1.0593069408570701,0.9064176316356201,-3.0250315133497603,0
2024-12-25,0.8982615996101663,3.5884233916860877,-0.5422218494807146,1.8677560869858925,-2.409977936466607,-1.103192246968174,0.8636371524236293,-3.0700216463599777,0
2024-12-26,0.8969641106329516,3.529564793236139,-0.588052069692834,1.7391331857634442,-2.3271852554562784,-1.1815860217698941,0.5859314083421463,-2.9491034518819346,0
2024-12-27,0.8976568875529123,3.534225787220205,-0.5380199359482912,1.7256240792319495,-2.263644015180241,-1.2690720500159802,0.14340519335306268,-2.6815492933850233,0
2024-12-30,0.8953261041866036,3.7044062652430765,-0.6453982406559049,1.9924638234857615,-2.6378620641416664,-1.342576087114074,-0.12890843112979522,-2.556243743098353,-1
2024-12-31,0.8947390051018911,3.566202373855076,-0.7139774121661165,1.664070204392838,-2.3780476165589546,-1.3678433675295798,-0.1319523474196007,-2.603734387639559,0
2025-01-02,0.87360343805224006,3.499105739526313,-1.7573114108370678,1.4811006582986286,-3.2384120691356966,-1.380323564704579,-0.0846754114638395,-2.675971717945319,-1
2025-01-03,0.8659711499509772,3.36567123733131,-2.149615406731143,1.1895918997618644,-3.339207306493007,-1.420192618566388,-0.03467367982947889,-2.8057115573032974,-1
2025-01-06,0.8454226819860388,3.520026014850144,-3.0198598992058394,1.452045017869763,-4.4719049170756024,-1.4818492579471636,0.10154729518044725,-3.0652458110747745,-1
2025-01-07,0.8455401018029813,3.8913880006503714,-2.8121643311361977,2.0827904753320605,-4.894954806468258,-1.535761706816231,0.27612873897690915,-3.3476521526093714,-1
2025-01-08,0.8468904296978201,3.9347460842230775,-2.5424472129996,2.0758860695083157,-4.6183332825079155,-1.5881279325819446,0.3907033214426774,-3.5669591866065664,-1
2025-01-09,0.847771078324889,3.860441168500352,-2.3478926819311035,1.8717861335831065,-4.21967881551421,-1.636071908644737,0.4548240680383513,-3.7269678853278254,-1
2025-01-10,0.8430742856471887,3.9562625331960333,-2.421968174024653,1.9785462028813776,-4.400514376906031,-1.6786585760191475,0.5303257077347103,-3.8876428597730053,-1
2025-01-13,0.8477593363431947,3.8968077610969596,-2.0985423966154686,1.7845299284771436,-3.8830723250926122,-1.7012303504571171,0.5698921090011282,-3.972352809915362,0
2025-01-14,0.864503402239196,3.761367947536719,-1.368436147643983,1.473906040184878,-2.8423421878288613,-1.7069661041956088,0.5740605096404405,-3.9879927180316583,0
2025-01-15,0.8637812703649995,3.7719364804075663,-1.348644877555576,1.441291721918826,-2.7899365994744016,-1.7251347741333405,0.5729622062154307,-4.0232317544821115,0
2025-01-16,0.8491683741465048,3.219337705273427,-1.8379395048554803,0.4003723607508324,-2.238311865606313,-1.7414999426820172,0.5570036898001114,-4.040003575164146,0
2025-01-17,0.8540823934855486,3.2084981843802507,-1.5800393679947236,0.356920856917752,-1.9369602249124755,-1.7511689304017901,0.5456324111105282,-4.047970271914108,0
2025-01-20,0.8658537301340347,3.3506043032897947,-1.0952807372107605,0.6005550182611095,-1.69583575547187,-1.760611815408808,0.530440288331647,-4.051663919149263,0
2025-01-21,0.8619495212206965,3.3873502791176633,-1.200412960583908,0.6453823544024286,-1.8457953149863366,-1.7723183678586947,0.5130759655493649,-4.057712701266754,0
2025-01-22,0.8460097810707513,3.474716817516666,-1.7209698978822052,0.7872054296580439,-2.508175327540249,-1.7917036012189116,0.49867482538753993,-4.082082027825363,0
2025-01-23,0.8471839792401764,3.36567123733131,-1.6096769300917353,0.548654531882449,-2.1583314619741842,-1.8045789698810106,0.4852032128385322,-4.094361152600554,0
2025-01-24,0.8430742856471887,3.3222047585496726,-1.682503132434355,0.4389872796957384,-2.1214904121300933,-1.8161143305042597,0.47295220046757525,-4.105180861476095,0
2025-01-27,0.8424813155716291,3.1001029754484852,-1.6321428233727975,-0.0377747018649003,-1.594368121507897,-1.8294160721454387,0.44477049635707777,-4.103602640647955,0
2025-02-05,0.8241696951194453,3.1217820172348385,-2.128689516752,-0.02451407928615621,-2.1041754374658437,-1.8540101930736155,0.3991676881407904,-4.107188074288022,0
2025-02-06,0.8294770708452465,3.0566906942713135,-1.867178693986756,-0.19170975903623794,-1.675468934950518,-1.8712686000493692,0.35983745299436554,-4.102374653093104,0
2025-02-07,0.8430742856471887,3.2458403338572435,-1.3775723522231662,0.19585726984973043,-1.5734296220728967,-1.883314529222571,0.3331331239132016,-4.099762182358344,0
2025-02-10,0.8404382107568295,3.533467020757683,-1.458794335217995,0.8059694791418588,-2.2647638143598536,-1.915711180524507,0.26436869730253876,-4.095791058351553,0
2025-02-11,0.8325065021223632,3.6194786190450388,-1.684392029283521,0.9728056798666774,-2.6571977091501986,-1.9572700624625976,0.18162786894918126,-4.096167993874376,0
2025-02-12,0.8471839792401764,3.5553628529618995,-1.1565557359727527,0.8023213556287861,-1.958877091601539,-1.9857392153607005,0.10570633542354546,-4.0771847661449465,0
2025-02-13,0.8601353850489347,3.4578071649233104,-0.6797579542566169,0.5478585546474789,-1.2276165089040958,-2.0005882112903173,0.05558471437200341,-4.0567611369526375,0
2025-02-14,0.8659711499509772,3.392499051541922,-0.4472665951655754,0.3618395010741567,-0.8091060962397321,-2.000289216435692,0.05658297168762827,-4.057161404559013,0
2025-02-17,0.8639867550446488,3.5814860983144547,-0.4938023376232726,0.8106684086209749,-1.3044707462442475,-2.0091408188867432,0.03075465846263503,-4.049036296236121,0
2025-02-18,0.8659711499509772,3.404151536502087,-0.3960130896485349,0.32697667096948707,-0.722989760618022,-2.009303141491793,0.03017437526850042,-4.048780658252086,0
2025-02-19,0.8753647353063777,3.390114356945423,-0.017164476603207083,0.25853703488705426,-0.27570151149026134,-2.003307915256458,0.05462935450304762,-4.061245185015964,0
2025-02-20,0.8653840508662647,3.352176033819305,-0.3787266313192689,0.11814528594346482,-0.4968719172627337,-1.9969606196800758,0.07738258972056622,-4.071303829080717,0
2025-02-21,0.8737267288600298,4.022600401062274,-0.034061480275119085,2.0143817072157217,-2.048443187490841,-2.0151759008362715,0.04108248463677722,-4.07143428630932,0
2025-02-24,0.8683606432257572,4.229364262099615,-0.22266837771372788,2.4683699666757675,-2.6910383443894954,-2.0386391416912093,0.015772609470275256,-4.093050892852694,0
2025-02-25,0.8536420691720141,4.2836702617744296,-0.785539824622543,2.4906479858511545,-3.2761878104736977,-2.070799768143691,-1.093236934428532e-4,-4.141490212593939,0
2025-02-26,0.8571705346711365,4.308709555037668,-0.6286099775785223,2.442025533237756,-3.0706355108162784,-2.099324912306172,-0.021372592718629235,-4.177277231893715,0
2025-02-27,0.8721709162855414,4.314129315484256,-0.025506044310607455,2.3577311297646855,-2.383237174075293,-2.119007055158817,-0.05328124788569033,-4.184732862431943,0
2025-02-28,0.8811124353457133,3.985908622838871,0.3378357767758867,1.42279188858984,-1.0849561118139532,-2.1118512427523166,-0.03466172772519727,-4.189040757779436,0
2025-03-03,0.8730280809492218,3.7562733727169264,0.027883563701898796,0.7732839251463451,-0.7454003614444463,-2.098110435053689,0.00441682469621707,-4.2006376948035955,0
2025-03-04,0.863100235426733,3.715570971763048,-0.3501273941185964,0.6365835214723042,-0.9867109155909006,-2.088306000261979,0.02957478635286348,-4.206186786876822,0
2025-03-05,0.8609044848499081,3.8556175817028886,-0.41813271162313265,0.9904566501931021,-1.4085893618162348,-2.086249354547771,0.03406725050038739,-4.206565959595929,0
2025-03-06,0.8841594795953713,4.200314346105903,0.5368163726237009,1.858904971528027,-1.322088598904326,-2.082897306877307,0.04167176645577397,-4.207466380210388,0
2025-03-07,0.8929777078477534,4.064820334941196,0.8961057044373155,1.440965736575769,-0.5448600321384536,-2.068762030759095,0.08555625753570029,-4.22308031905389,0
2025-03-10,0.8940931961087073,4.2219933878922555,0.9332915019426125,1.7890031561034587,-0.8557116541608463,-2.056691691059949,0.11679776848910439,-4.230181150609003,0
2025-03-11,0.9092286105125963,4.292450273697903,1.5171519113777754,1.8958019114150138,-0.37865000003723837,-2.0411061259613805,0.1671859466999548,-4.249398198622716,0
2025-03-12,0.9056473060958498,4.1948945856593145,1.3502740209161128,1.5884674856040095,-0.2381934646878967,-2.0252353655030464,0.221282339033126,-4.271753070039219,0
2025-03-13,0.9028233594983825,4.0214080537640235,1.2474245477824362,1.0989188462611554,0.14850570152128073,-2.007647804685897,0.2904205556910555,-4.305716165062849,0
2025-03-14,0.955803180902841,4.108178418513902,3.079283371695153,1.2991097518335675,1.7801736198615856,-1.9603896631478646,0.526227349897779,-4.447006676193508,1
2025-03-17,0.9615861068872593,4.0740339277003965,3.070003770808856,1.1681223699641743,1.9018814008446818,-1.9116261858654493,0.7577309994040404,-4.5809833711349395,1
2025-03-18,0.9534489135731438,4.064820334941196,2.5963926197480363,1.109713823892779,1.4866787958552572,-1.8636233862500977,0.9436601726905289,-4.670906945190724,1
2025-03-19,0.9603238438551275,3.814969378353477,2.627955146697721,0.38871582807130306,2.239239318626418,-1.8034352515381737,1.1950602416198057,-4.801930744696153,1
2025-03-20,0.9417069318788932,3.813506043032898,1.9935561868033693,0.3586412888047261,1.6349148979986432,-1.7594688419921345,1.3616192832979037,-4.880556967282173,1
2025-03-21,0.9239471845663393,3.712806893935288,1.4550737696104772,0.04852010740602513,1.406553662204452,-1.7147842132388458,1.5096068617040908,-4.939175288181782,0
2025-03-24,0.9293778510999302,3.7080917023467563,1.5893057007283435,0.022032850912148044,1.5672728498161954,-1.6605593997932635,1.6733542184772352,-4.994473018063762,0
2025-03-25,0.9249746079645862,3.4813831228659695,1.42054455749781,-0.6348849930741627,2.0554295505719726,-1.5851206078144873,1.8765966089610202,-5.0468378245899945,1
2025-03-26,0.9252681575069425,3.484905967156252,1.3949879982367641,-0.6224566605645273,2.0174446588012915,-1.5140568678749473,2.0654955079572535,-5.093609243707148,0
2025-03-27,0.9329004456082053,3.4591621050349577,1.574896877878992,-0.6903458363203148,2.2652427141993066,-1.440272942772142,2.2652568582240713,-5.145802743768355,0
2025-03-28,0.9306753400771448,3.3981898000108397,1.4724272190885832,-0.8547201325714006,2.327147351659984,-1.361320854636699,2.460211811373452,-5.18285352064685,0
2025-03-31,0.9164616712362545,3.3765107582244864,1.0576643287908298,-0.9056542454752803,1.9633185742661101,-1.2898124574746588,2.617800078362846,-5.197424993312164,0
2025-04-01,0.9135379177943862,3.4303831770635744,0.9636526356949735,-0.7424762765336997,1.7061289122286731,-1.223649575351177,2.7507502167984152,-5.198049367500769,0
2025-04-02,0.9094282242013985,3.4109262370603224,0.8399778796547431,-0.7803909033530079,1.6203687830077511,-1.1526790612320201,2.870769807733404,-5.1761279301974445,0
2025-04-03,0.9210880120237893,3.4578071649233104,1.1377067209820448,-0.6390039087542516,1.7767106297362965,-1.0834330904604328,2.996839187048558,-5.163705367969424,0
2025-04-07,0.8806486270687904,3.0630318139938213,0.0324435732650766,-1.7078798583094674,1.740323431574544,-1.0004541654485954,3.1039767498470363,-5.104885080744228,0
2025-04-08,0.9070680858808541,3.0673676223510924,0.7313730896737611,-1.6524015716089369,2.3837746612826978,-0.9050711326523331,3.2440236995062826,-5.054165964810949,0
2025-04-09,0.9047431735053925,3.3368923093599268,0.6440235962888445,-0.8984596280822251,1.5424832243710696,-0.8048313302948891,3.283899855089179,-4.8935625156789575,0
2025-04-10,0.9094164822197043,3.2675193756435967,0.7449715043898574,-1.052883408695401,1.7978549130852586,-0.6932845016356639,3.305738377751801,-4.692307381023129,0
2025-04-11,0.9211467219322605,3.333044279442849,1.0309721791318962,-0.8467107904236156,1.877682969555512,-0.5850175641012731,3.3326544865302132,-4.502689614732759,0
2025-04-14,0.9111719084829947,3.4561812367893343,0.7320418593257912,-0.4949413760632656,1.2269832353890568,-0.4942398632528856,3.3321929570913724,-4.320672683597143,0
2025-04-15,0.914700373982117,3.3596011056311315,0.8006482557475932,-0.7313918456825556,1.5320401014301488,-0.395363955280616,3.3256133913230737,-4.116341301884305,0
2025-04-16,0.9153872799112307,3.5011652484960165,0.7917377659060498,-0.3297775192818689,1.1215152851879187,-0.3119541617759404,3.314156884264948,-3.9380652078168286,0
2025-04-17,0.9217455629986673,3.6691778223402527,0.9374071149056351,0.1330406477827961,0.804366467122839,-0.2511756841934121,3.3243031030188246,-3.8266544714056487,0
2025-04-18,0.9193619407147344,3.6287464094087043,0.8440738672671142,0.02915117681925515,0.814922690447859,-0.19109469602804083,3.3316102688739235,-3.713799660930005,0
2025-04-21,0.9105906803891293,3.7667335103788413,0.5787742511404395,0.385186331004541,0.19358792013589843,-0.15056303293233764,3.3320592511626135,-3.633185317027289,0
2025-04-22,0.9092990624027617,3.76662511516991,0.5206353119604109,0.36300247653778067,0.15763283542263024,-0.1156531485934192,3.3359822081121573,-3.567288505298996,0
2025-04-23,0.9111777794738418,3.7136740556067425,0.552798451210667,0.19941506799627484,0.3533833832143921,-0.08149949628198122,3.347008928280375,-3.5100079208443375,0
2025-04-24,0.9113245542450199,3.7502574386212135,0.5357188771558283,0.2861139602523166,0.24960491690351172,-0.04657615908381719,3.351380303389752,-3.444532621557386,0
2025-04-25,0.9100035813044167,3.7394179177280367,0.47479205114650924,0.24356190590994042,0.23123014523656882,-9.194012042035306e-4,3.3355531935260294,-3.337391995934437,0
2025-04-28,0.9100035813044167,3.852365725434936,0.4509923740031339,0.5408367334291555,-0.08984435942602159,0.03355538383826582,3.321745844804652,-3.2546350771281203,0
2025-04-29,0.9064809867961416,3.8209311148447243,0.3251013397196337,0.4311640860566583,-0.10606274633702462,0.06714584493481707,3.3066003939360393,-3.172308704066405,0
2025-04-30,0.9082422840502792,3.8133434502195005,0.3515823026028651,0.38404643459016236,-0.03246413198729725,0.09317757809349364,3.30328982705073,-3.1169346708637424,0
2025-05-06,0.9101210011213593,3.83296298303615,0.38009245355442833,0.41564016255585057,-0.035547709001422234,0.12765470690123415,3.285781100404068,-3.0304716866015995,0
2025-05-07,0.9129390767279794,3.907809874803534,0.4414357416709351,0.613334054328982,-0.17189831265804695,0.15271421727277532,3.2763126699581466,-2.970884235412596,0
2025-05-08,0.9265539045024629,3.811338138854263,0.8567001597262828,0.2941701583110738,0.562530001415209,0.1883135443309102,3.28041535025542,-2.9037882615935997,0
2025-05-09,0.9341803216128787,3.7938323126117828,1.0847481175407732,0.22673031868758364,0.8580177988531895,0.24035990455112777,3.2689750282719245,-2.7882552191696686,0
2025-05-12,0.9420004814212495,3.6605062056257114,1.3348060891850309,-0.19136671148527534,1.5261728006703061,0.3100827463814695,3.2589154866799706,-2.6387499939170316,0
2025-05-13,0.9336636744183315,3.6761693133163513,1.0175214399564632,-0.14908708567702217,1.1666085256334853,0.3621741733353865,3.2579099157934395,-2.5335615691226665,0
2025-05-14,0.9599011325141344,3.707061947861905,1.890893352767107,-0.06585399232768599,1.956747345094793,0.4152469042353679,3.3091819682292707,-2.4786881597585344,0
2025-05-15,0.9581515772416911,3.6691778223402527,1.7585688017366827,-0.20142791106631094,1.9599967128029936,0.46139861771941343,3.364215486274111,-2.441418250835284,0
2025-05-16,0.9476542456070312,3.6203999783209584,1.34419442402986,-0.3587097069844211,1.7029041310142812,0.5115215323403889,3.3940922197550054,-2.371049155074228,0
2025-05-19,0.9270177127793858,3.6417538344805163,0.5797305910768628,-0.306077587697592,0.8858081787744547,0.5383348313302635,3.404074458499487,-2.3274047958389597,0
2025-05-20,0.9311391483540677,3.6474987805539,0.7036763806954494,-0.3044380875799534,1.0081144682754029,0.5597317643263579,3.41991317701054,-2.3004496483578243,0
2025-05-21,0.9281860399579638,3.61221614004661,0.5693040293310446,-0.43806660026661204,1.0073706295976566,0.5848024734406978,3.433657885112459,-2.264052938231063,0
2025-05-22,0.9276165538457926,3.5860386970895886,0.5227287156515054,-0.5025225286753585,1.025251244326864,0.6360307139709928,3.4015964054683234,-2.1295349775263377,0
2025-05-23,0.9232720206189198,3.569454230123029,0.3292122473119705,-0.5317781774880078,0.8609904247999783,0.6952311934574841,3.31955227831644,-1.929089891401472,0
2025-05-26,0.910297130846773,3.528264050728958,-0.23163420314837269,-0.6454761346627169,0.41384193151434423,0.7567316891572848,3.1666578348867906,-1.653194456572221,0
2025-05-27,0.9064222768876704,3.327732914205192,-0.4497996853983309,-1.3115879643392772,0.8617882789409463,0.8222720856532384,3.012679353725411,-1.368135182418934,0
2025-05-28,0.9023712932031539,3.3059996748143736,-0.6691048084724442,-1.3644259251016895,0.6953211166292452,0.8735813904983141,2.896361106528553,-1.149198325531925,0
2025-05-29,0.9041325904572916,3.321771177713945,-0.6192298591787917,-1.2627825294168498,0.6435526702380581,0.9023898701991809,2.859885773225398,-1.055106032827036,0
2025-05-30,0.893564806932466,3.2716925911874695,-1.1514024358731108,-1.39208763382407,0.24068519795095922,0.9188246295224377,2.836191113501279,-0.9985418544564036,0
2025-06-03,0.8859325188312032,3.2294184597040814,-1.5914042024783237,-1.485155280909779,-0.10624892156854471,0.9334989960894771,2.8044568727446624,-0.9374588805657085,0
2025-06-04,0.8864961339525272,3.292504471302369,-1.6648218600250624,-1.2212607241565112,-0.44356113586855117,0.9495827998552717,2.7540504232155385,-0.8548848235049951,0
2025-06-05,0.8888680142547658,3.3594927104221997,-1.5570886034769154,-0.9644155888633725,-0.5926730146135428,0.9617397262601182,2.7129953495518624,-0.7895158970316258,0
2025-06-06,0.8844001902201035,3.3060538724188393,-1.76134393728419,-1.1202759729035743,-0.6410679643806156,0.9601362607227487,2.7171698780314113,-0.796897356585914,0
2025-06-09,0.8724938207821333,3.3238306866836487,-2.2786265363221383,-1.036232400679093,-1.2423941356430452,0.9536915526980454,2.7404044637931375,-0.8330213583970467,-1
2025-06-10,0.8659770209418244,3.2620996151970085,-2.4363568359971097,-1.2574907930498254,-1.1788660429472844,0.9403546186495448,2.7787226329390555,-0.8980133956399659,-1
2025-06-11,0.8689066453745399,3.2529402200422743,-2.180166790976987,-1.2775247016707163,-0.9026420893062705,0.929280474905905,2.8041699980994585,-0.9456090482876484,0
2025-06-12,0.8565775645955768,3.27787111809658,-2.5566552166374614,-1.1475452742972616,-1.4091099423401998,0.9033202141748805,2.8633856328366956,-1.0567452044869343,-1
2025-06-13,0.8377610389305403,3.278413094141239,-3.0771452529940215,-1.1270560666572538,-1.9500891863367678,0.841149167404908,2.921053688333215,-1.2387553535233993,-1
2025-06-16,0.83502515719578,3.238577854858815,-2.9535493432439703,-1.2759410569289262,-1.677608286315044,0.7814910059522457,2.9414342256165353,-1.3784522137120439,-1
2025-06-17,0.8377903938847759,3.10714866402905,-2.6575091299285543,-1.8166391093945853,-0.840870020533969,0.742698525679092,2.9344930244936998,-1.4490959731355155,0
2025-06-18,0.836616195715351,3.1646523223673513,-2.549067251359983,-1.5055465938831107,-1.0435206574768723,0.6879858594107038,2.8916775565801256,-1.515705837758718,0
2025-06-19,0.8372032948000634,3.1547341607500954,-2.372816682916416,-1.4961876803271001,-0.876629002589316,0.6461267944009045,2.8719537228368144,-1.5797001340350056,0
2025-06-20,0.8387649783653988,3.110779903528264,-2.182216772198724,-1.6218864204130004,-0.5603303517857237,0.6133453941677349,2.8515168476455077,-1.624826059310038,0
2025-06-23,0.8336807002917883,3.0784239336621324,-2.2107093704486203,-1.6885970330896194,-0.5221123373590009,0.5785223077148149,2.8213314843621466,-1.6642868689325168,0
2025-06-24,0.8437788045488438,3.2911495311907215,-1.8023142888941268,-0.7590769698192089,-1.043237319074918,0.5268778598873667,2.7740480899984172,-1.7202923702236836,0
2025-06-25,0.8429920917753289,3.312069806514552,-1.7445914703974836,-0.6551180856147937,-1.08947338478269,0.4750958924943004,2.7257317615281687,-1.775539976539568,0
2025-06-26,0.8336807002917883,3.3087637526421334,-1.927829519269883,-0.6560740175060523,-1.2717555017638307,0.41614592222824814,2.661328259494332,-1.8290364150378355,0
2025-06-27,0.8237528547692994,3.173269741477427,-2.100093136204009,-1.1996793917527488,-0.9004137444512603,0.36235323729306074,2.5757213846513047,-1.8510149100651831,0
2025-06-30,0.8275279018840009,3.259985908622839,-1.8935376007313625,-0.82463387838568325,-1.0689037223456792,0.31181619901619756,2.514932568642829,-1.891300170610434,0
2025-07-01,0.8249329239295715,3.051325131429191,-1.8696437679060598,-1.6289719482995728,-0.24067181960648698,0.2793695201522782,2.456140001385942,-1.8974009610813858,0
2025-07-02,0.8275748698107779,2.9543114194352613,-1.71865027262805,-1.9282920768809855,0.20964180425293555,0.2558574038396981,2.4039945904151416,-1.8922797827357452,0
2025-07-03,0.8310974643190531,2.966234892417755,-1.5602744707652394,-1.796939332653217,0.23666486188797764,0.2301899743755592,2.340883041447959,-1.880503092696841,0
2025-07-04,0.8349840602598501,2.9671562516936754,-1.41585113661235,-1.7697051756187843,0.3538540390064342,0.20708215116609097,2.280552565511363,-1.8663882631791813,0
2025-07-07,0.8282206788039618,2.934149910573953,-1.525311832066376,-1.8604502942316348,0.33513846216525867,0.17293821451413346,2.1665353063630444,-1.8206588773347776,0
2025-07-08,0.8313968848522565,2.9416833775947104,-1.3933923169941236,-1.7606510154039698,0.36725869840984626,0.1533511390814465,2.1150508661560337,-1.8083485879931405,0
2025-07-09,0.8330231493169103,2.89957183892472,-1.3056589052596577,-1.8407723555686175,0.5351134503089598,0.13230544803517466,2.0488117214422967,-1.7842008253719475,0
2025-07-10,0.8374968443424197,2.8372445937889545,-1.156696058970025,-1.9650347434276803,0.8083386844576552,0.11448304328354386,1.984284361897453,-1.7553182753303656,0
2025-07-11,0.8377903938847759,3.002438892200965,-1.1118048477748463,-1.3519032057029257,0.24009835792807932,0.09803496199252745,1.945253769120017,-1.7491838451349622,0
2025-07-14,0.8357942569967534,3.0624898379491623,-1.1210016160660006,-1.1206742932825977,-3.2732278340286136e-4,0.07249550492230174,1.881032212005955,-1.7360412021613516,0
2025-07-15,0.8283968085293755,2.9976695030079674,-1.2518764132591562,-1.291210984060743,0.039334570801586866,0.05445915968252964,1.8419014687385946,-1.7329831493735353,0
2025-07-16,0.8284144215019169,3.1444908135060436,-1.2088177010088488,-0.7810111185967328,-0.427806582412116,0.03392294219028024,1.8146184399752434,-1.746772555594683,0
2025-07-17,0.8315377886325875,3.1564684840930033,-1.0977523057015341,-0.7165226714624834,-0.38122963423905076,0.013987070112165101,1.7858762742606207,-1.7579021340362904,0
2025-07-18,0.8436613847319012,3.1576608313912526,-0.7873965713332696,-0.686353952076179,-0.10104261925709057,0.009076561122281977,1.78057407982619,-1.7624209575816259,0
2025-07-21,0.8471839792401764,3.1543005799143677,-0.681294492637432,-0.6714898705428026,-0.0098046220946294,0.006285936830327699,1.7773589869239579,-1.7647871132633026,0
2025-07-22,0.8600884171221578,3.2189583220421656,-0.3607560472911732,-0.4301964991492365,0.0694404518580633,0.0015535546410555701,1.7703698671350825,-1.7672627578529712,0
2025-07-23,0.8662646994933335,3.2277925315701044,-0.1988909777443575,-0.376104236518629,0.17721325877427152,3.4702700556817713e-4,1.768573734882711,-1.7678796808715749,0
2025-07-24,0.875658284848734,3.253102812855672,0.03724851750224758,-0.2645467095379803,0.3017952270402279,0.001523111702295794,1.7704682143111217,-1.76742199090653,0
2025-07-25,0.8542291682567267,3.649124708687876,-0.45302868917708927,1.1652261306391156,-1.618254819816205,-0.02395039597087389,1.7936958470198305,-1.841596638961578,0
2025-07-28,0.844635969212524,3.680017343233429,-0.6590350831578016,1.3018736774235562,-1.9609087605813578,-0.05486449620827955,1.8303020949332096,-1.9400310873497688,-1
2025-07-29,0.8448355829013263,3.852257330226004,-0.6308476452146828,1.9179871466919354,-2.5488347919066183,-0.09680400720693477,1.8952681373717188,-2.0888761517855885,-1
2025-07-30,0.8509648973457251,3.7109099777789827,-0.46247345430129405,1.4306888840765162,-1.8931623383778102,-0.12776425102987468,1.9174670325443768,-2.172995534604126,0
2025-07-31,0.8346611557632583,3.845320036854371,-0.8279569576518594,1.9431747717508838,-2.771131729402743,-0.17108480797561945,1.9850521310092548,-2.3272217469604937,-1
2025-08-01,0.8319194030376507,3.7347569237439706,-0.8654433344941516,1.5514996202174884,-2.41694295471164,-0.22074269057773363,2.002850365691265,-2.444335746846732,0
2025-08-04,0.8330936012070758,3.734540133326107,-0.8098730258541623,1.564154915583872,-2.3740279414380345,-0.2746101195825875,1.9987165827904483,-2.547936821955623,0
2025-08-05,0.8382248472074633,3.7667335103788413,-0.6571530039459125,1.66175422831212,-2.3189072322580326,-0.33869478679805975,1.9448963747257109,-2.6222859483218306,0
2025-08-06,0.8359586447404729,3.7631564684840932,-0.690226801757685,1.6298802069039227,-2.3201070086616076,-0.39680671236964465,1.9083175472834706,-2.70193097202276,0
2025-08-07,0.8350603831408626,3.8100915939515474,-0.6973426633639477,1.7782031691182598,-2.4755458324822075,-0.4706782653292614,1.811605568107178,-2.7529620987657006,0
2025-08-08,0.8342501864039594,3.754810037396347,-0.7065562414373417,1.5596699776991039,-2.2662262191364455,-0.5411153141949185,1.6964411088083566,-2.7786717371981937,0
2025-08-11,0.8483581774096014,3.8339385399165358,-0.25392923561206715,1.7993502751061308,-2.053279510718198,-0.60371837489046,1.5881631819673865,-2.7955999317483062,0
2025-08-12,0.8436848686952897,4.600726247899843,-0.3742010824409854,3.884774875810531,-4.258975958251517,-0.6894647771742262,1.6620966531106267,-3.041026207459079,-1
2025-08-13,0.8337100552460238,4.660993984065905,-0.687099758373553,3.575733097108826,-4.262832855482379,-0.7773138992368559,1.7063860901462502,-3.261013888619962,-1
2025-08-14,0.8377845228939288,5.1433526638122595,-0.5225422178128553,4.0921862394710375,-4.614728457283893,-0.8710155506848816,1.7587120862196053,-3.5007431875893684,-1
2025-08-15,0.8349018663879902,5.006232724513577,-0.613858787811571,3.34608349247845,-3.9599422802900213,-0.9541021094284964,1.7459868132978782,-3.6541910321548707,-1
2025-08-18,0.8386710425118448,5.148772424258848,-0.4400769339308735,3.2496955438213444,-3.689772477752218,-1.0299481578043663,1.7179787265367146,-3.777875042145447,0
2025-08-19,0.8442484838166138,5.061947861904504,-0.16259129823736831,2.8212379536211816,-2.98382925185855,-1.0865760108605813,1.6802918330432486,-3.853443854764411,0
2025-08-20,0.851293672833164,5.490217332393908,0.21689975737050843,3.191078531400841,-2.974178774030333,-1.1505087950767692,1.6104926481474577,-3.911510238300996,0
2025-08-21,0.8502662494349171,5.614871822665439,0.22379112383601255,3.052527751754054,-2.8287366279180417,-1.209243090819224,1.541948082277088,-3.960434263915536,0
2025-08-22,0.8594837050649039,6.737846187198526,0.8103729663247736,3.951328645212679,-3.1409556788879054,-1.2723182299713234,1.4796115440400641,-4.024248003982711,0
2025-08-25,0.8749713789196203,7.505988835293481,1.7832801929014717,4.081791973015891,-2.2985117801144193,-1.3146381796057462,1.4206914784286764,-4.049967837640169,0
2025-08-26,0.869851874900927,7.202861633515799,1.54505990799586,3.3253568847117,-1.78029697671584,-1.342538980524868,1.3767560954053535,-4.06183405645509,0
2025-08-27,0.850119474663739,7.4364533087637525,0.39355896298678095,3.171422352591528,-2.777863389604747,-1.381444018087138,1.3522878088586954,-4.115175845032971,0
2025-08-28,0.8490039864027852,8.606091810741965,0.3937054948514557,3.623941707458378,-3.2302362126069224,-1.425403404720361,1.3413599900828772,-4.1921667995236,0
2025-08-29,0.8689066453745399,8.088938268928514,1.8969888991749115,2.927509261749933,-1.0305203625750214,-1.4318942780236008,1.3292056375341006,-4.192994193581303,0
2025-09-01,0.866616958944161,7.849926833233972,1.7609065991908823,2.5524542101185586,-0.7915476109276762,-1.4243801692783449,1.3412676851851395,-4.19002802374183,0
2025-09-02,0.8755408650317914,8.021245460950626,2.357660065271396,2.4777669660829313,-0.12010690081153541,-1.4067341835760825,1.3787254904281094,-4.192193857580275,0
2025-09-03,0.8692295498711318,7.614763427456507,1.895549280931218,2.0950342574076197,-0.19948497647640173,-1.3950148983622512,1.4049510680587487,-4.194980864783251,0
2025-09-04,0.86459733809275,6.51455205679909,1.5292464518382671,1.369374786437552,0.15987166540071507,-1.3688652048999026,1.4597253168524829,-4.197455726652288,0
2025-09-05,0.8706679426286774,6.945206221884993,1.870368344671159,1.563302292536349,0.3070660521348101,-1.3312459509253765,1.5257958494820085,-4.188287751332761,0
2025-09-08,0.8813707589429869,6.572977074413311,2.4375157786189674,1.295083353350314,1.1424324252686533,-1.2842452723989815,1.6415745581391965,-4.210065102937159,0
2025-09-09,0.8835841224923531,6.655845211641646,2.408202772177582,1.2959865740907526,1.1122161980868295,-1.251693835421968,1.7369750479617507,-4.240362718805686,0
2025-09-10,0.8935706779233131,6.899355048506856,2.7805858189637602,1.3842580729054805,1.3963277460582797,-1.2110296953630488,1.8545645913776094,-4.2766239821037075,0
2025-09-11,0.8944454555595348,7.517207739417918,2.613940220248926,1.664255331589395,0.949684888659531,-1.1805911305089016,1.93437907852989,-4.295561339547693,0
2025-09-12,0.8900422124241909,8.064603544523333,2.225214838484267,1.8770590471377815,0.34815579134648567,-1.1654496947900312,1.9705460152782692,-4.301445404858332,0
2025-09-15,0.8895138232479495,7.804455043087096,2.0769424805629195,1.6610827397151835,0.415859740847736,-1.1498168268199191,2.008496523873395,-4.308130177513233,0
2025-09-16,0.8806368850870961,7.804997019131754,1.5563564261730791,1.5931573755736836,-0.03680094940060452,-1.133042887325347,2.038236871045949,-4.304322645696644,0
2025-09-17,0.8765389334758027,7.815294563980273,1.3035682901853314,1.5350672190575305,-0.23149892887219914,-1.1187433130601723,2.061061502390841,-4.298548128511186,0
2025-09-18,0.861837972394601,7.701425396997453,0.5517418331665953,1.420474277766991,-0.8687324446003957,-1.1120262621074484,2.06816641809544,-4.2922189423103365,0
2025-09-19,0.8618438433854482,7.312557584954745,0.52745013003687,1.178886964774573,-0.651436834737703,-1.1078766469455557,2.0740884796043657,-4.289841773495477,0
2025-09-22,0.853260454766951,7.576825104330389,0.07309326430710732,1.2684453016259154,-1.195352037318808,-1.1099841188617745,2.0720435051631307,-4.29201174288668,0
2025-09-23,0.8497789571946058,7.318736111863856,-0.12830089959815458,1.0995826042640426,-1.2278835038621971,-1.1264376469327029,2.0475041927727835,-4.300379486638189,0
2025-09-24,0.8465968801554639,7.44675085361227,-0.31451667483607676,1.1264125926228854,-1.4409292674589622,-1.1539471647945678,2.0014465557531183,-4.3093408853422535,0
2025-09-25,0.8448355829013263,7.515527613679476,-0.42349079447829735,1.1234372788197033,-1.5469280732980006,-1.1836737137143343,1.9519729253537725,-4.319320352782441,0
2025-09-26,0.8424871865624761,7.257059237981681,-0.5579915215361646,0.9598279019664149,-1.5178194235025795,-1.2148682714228176,1.89569768563014,-4.325434228475775,0
2025-09-29,0.857669568893142,7.173052951059564,0.2314125597150775,0.8868436580609965,-0.6554310983459191,-1.2313777640980041,1.8561531866001504,-4.318908714796159,0
2025-09-30,0.8477652073340418,7.181182591729446,-0.3249259873539308,0.8616291208997958,-1.1865551082537267,-1.2572746608757306,1.8016453912193178,-4.316194712970779,0
2025-10-09,0.8435322229332645,7.2234025256083685,-0.5718437410391402,0.8544976777816229,-1.426341418820763,-1.2899655753612258,1.7327443658074846,-4.312675516529936,0
2025-10-10,0.8395516911389135,6.758874857731288,-0.7955390612705903,0.5860501503862615,-1.3815892116568518,-1.326464373629801,1.645643494099747,-4.298572241359349,0
2025-10-13,0.8332110210240182,6.840333857243509,-1.1381290825595811,0.6039117286598408,-1.742040811219422,-1.3595000264489259,1.585718737134136,-4.304718790031988,0
2025-10-14,0.8518925138995709,6.48203349411956,-0.12197705734336503,0.3864563556897814,-0.5084334130331464,-1.3679684612864216,1.5642463684949715,-4.300183291067815,0
2025-10-15,0.8583388618497144,6.73134247466262,0.21307658649949707,0.4980183483533832,-0.28494176185388614,-1.3733730668306794,1.5494706678923864,-4.296216801553745,0
2025-10-16,0.8717893018804784,6.904774808953444,0.9456163483566596,0.569499677817088,0.37611667053957165,-1.3599743459481513,1.587766247141336,-4.307714939037639,0
2025-10-17,0.8542291682567267,6.762126713999242,-0.08470032131366291,0.4633377562213459,-0.5480380775350088,-1.3627544866697507,1.5815437774389791,-4.307052750778481,0
2025-10-20,0.8559493685749344,6.943363503333153,0.003660697499507249,0.5428792308401629,-0.5392185333406556,-1.3700574185711434,1.5636653348969396,-4.303780172039226,0
2025-10-21,0.8584915076117396,7.419435260961466,0.14175405706062683,0.798060505516391,-0.6563064484557641,-1.3808324490104957,1.5372751606135666,-4.2989400586345585,0
2025-10-22,0.8564014348701631,7.747547558397919,0.022749513912377364,0.9681743273773825,-0.9454248134650052,-1.3977468700992135,1.497843755270509,-4.293337495468936,0
2025-10-23,0.8618497143762953,7.581702888732319,0.3475845409084114,0.8407277662704087,-0.4931432253619973,-1.408919478168151,1.4670579797804464,-4.284896936116748,0
2025-10-24,0.851293672833164,8.265134681047098,-0.25222505219830976,1.2399387616585242,-1.492163813856834,-1.4388187955164355,1.4018976354948072,-4.2795352265276785,0
2025-10-27,0.845663392610771,8.29591892038372,-0.5769887037066805,1.2257526903724516,-1.8027413940791321,-1.441893571754151,1.4000120347711347,-4.283799178279437,0
2025-10-28,0.8483581774096014,8.013549401116471,-0.4216714220149972,1.0146661411809414,-1.4363375631959387,-1.4331507184643941,1.4054855395798058,-4.271786976508594,0
2025-10-29,0.8406671793998673,7.91827001246545,-0.8718654193742451,0.9245389631149953,-1.7964043824892404,-1.4206102116407713,1.4045928204499816,-4.245813243731524,0
2025-10-30,0.8376377481227507,7.706899355048507,-1.0292643958887748,0.7578879092260439,-1.7871523051148186,-1.4188433777530547,1.4052899056596744,-4.242976661165784,0
2025-10-31,0.8395575621297606,7.452170614058859,-0.9261085533130924,0.5564190076839369,-1.4825275609970294,-1.3973666416129595,1.404445081141791,-4.19917836436771,0
2025-11-03,0.8424871865624761,7.298249417375752,-0.7723318584620956,0.4198759050052434,-1.192207763467339,-1.3769543884255544,1.4124596368661377,-4.1663684137172465,0
2025-11-04,0.838964592054201,7.260311094249634,-0.9954383761221139,0.36364264738479884,-1.3590810235069128,-1.3600386064600356,1.4170620225959658,-4.137139235516037,0
2025-11-05,0.8337276682185653,7.305837082000976,-1.2988987096166984,0.37071016011706365,-1.669608869733762,-1.3492169670846312,1.4177262133603268,-4.116160147529589,0
2025-11-06,0.8425635094434889,8.021245460950626,-0.7820597522781311,0.9390848826536822,-1.7211446349318131,-1.3392342608558012,1.4177642085937165,-4.096232730305319,0
2025-11-07,0.8415067310910062,7.763806839737684,-0.8580638626828444,0.7046038854980414,-1.562667748180886,-1.324019626117446,1.4175026245012405,-4.065541876736132,0
2025-11-10,0.8585149915751281,7.541596661427565,0.1507440474527409,0.48229377922510164,-0.33154973177236075,-1.2917750179947112,1.4501782390210398,-4.033728275010462,0
2025-11-11,0.8565716936047297,7.2082813939623875,0.02282670005232766,0.1107697750171747,-0.08794307496484703,-1.2590194107321553,1.4928672703350454,-4.010906091799356,0
2025-11-12,0.8601882239665589,7.402200422741315,0.22985129991394854,0.2874240516646205,-0.05757275175067195,-1.188996023957141,1.4644254680588698,-3.842417515973152,0
2025-11-13,0.8632587521796055,7.505826242480083,0.39580658364258653,0.3793199981427615,0.016486585499825013,-1.1176740332741046,1.4274979156889203,-3.6628459822371298,0
2025-11-14,0.8551685267922667,7.181236789333912,-0.13318633842776917,-0.06839166258917126,-0.06479467583859791,-1.0418418035833497,1.3457413635915787,-3.4294249707582782,0
2025-11-17,0.8636227536121271,7.062489837949163,0.3813004756355344,-0.2914609451946363,0.6727614208301707,-0.9646300752313464,1.337174922074383,-3.2664350725370754,0
2025-11-18,0.8665582490356898,7.190396184488646,0.5472143916885658,-0.17202411872322718,0.719238510411793,-0.8911465587619463,1.3371010584164857,-3.1193941759403785,0
2025-11-19,0.8636286246029743,7.219120914855564,0.336315221464577,-0.20563265146938928,0.5419478729339663,-0.8323836066820709,1.3569943487028175,-3.0217615620669593,0
2025-11-20,0.8613389381725953,7.1665492385236576,0.17469252811320615,-0.3803247132199891,0.5550172413331953,-0.7735636730926787,1.3709176321982364,-2.918044978383594,0
2025-11-21,0.861039517639392,6.769280797788738,0.1434328611088173,-1.2907314717178644,1.4341643328266818,-0.7025153237469334,1.447451266630262,-2.8524819141241284,0
2025-11-24,0.8524678710025891,6.839629288385454,-0.41544607978066406,-1.15198646958943,0.7365403898087659,-0.6378903892686556,1.4460118021134534,-2.7217925806507646,0
2025-11-25,0.8481526927299521,6.828898162701209,-0.6751202702374163,-1.1385139366229196,0.4633936663855033,-0.5918586318269902,1.4646661786701851,-2.6483834423241652,0
2025-11-26,0.8507946386111584,7.125142268711723,-0.479863731364081,-0.5177641046268067,0.03790037326272566,-0.5615553426606809,1.4772413149524026,-2.6003520002737646,0
2025-11-27,0.8497085053044402,7.1397756219175115,-0.5516988183371583,-0.4761458063854594,-0.07555301195169889,-0.5165168363664633,1.4408884523299008,-2.4739221250628276,0
2025-11-28,0.8515872223755203,7.213701154408976,-0.4299621145757184,-0.2912001550624917,-0.13876195951322673,-0.4649922654815683,1.360120911541346,-2.2901054425044824,0
2025-12-01,0.850119474663739,7.384098422849711,-0.5082428047707751,0.11321925107502703,-0.6214620558458022,-0.4581746270360813,1.361392914469048,-2.2777421685412107,0
2025-12-02,0.8430918986197301,7.20139829819522,-0.9478308421752605,-0.2780892826383675,-0.669741559536893,-0.4561445261795683,1.3621813904947537,-2.2744704428538904,0
2025-12-03,0.8390233019626722,7.22074684298954,-1.1791565333342786,-0.20795947353710875,-0.9711970597971699,-0.47032936216266225,1.3506099569305747,-2.2912686812558993,0
2025-12-04,0.8360173546489441,7.419652051379329,-1.3300063678238647,0.26502910134628965,-1.5950354691701545,-0.49358853704089145,1.3488029237690116,-2.3359799978507945,0
2025-12-05,0.8395575621297606,7.343775405127094,-1.06110607966025,0.05651687721140976,-1.1176229568716598,-0.5148801140787643,1.3263188632838236,-2.356079091441352,0
2025-12-08,0.832635663921,7.684136361172836,-1.4582023777250854,0.8499407531321331,-2.3081431308572187,-0.5584669337952981,1.326871857699863,-2.443805725290459,0
2025-12-09,0.8225316886730973,7.782776001300743,-2.0276218844433975,1.060930098851439,-3.0885519832948365,-0.6289833406046896,1.313212301434405,-2.5711789826437843,-1
2025-12-10,0.8235825960347328,7.700829223348329,-1.8956554997204307,0.8323391288489231,-2.7279946285693537,-0.6929868543822927,1.2688025962712075,-2.654776305035793,-1
2025-12-11,0.8289780366232409,7.490217332393908,-1.541990021305218,0.2804397679488302,-1.8224297892540482,-0.7466328133041648,1.1579530134149527,-2.651218640023282,0
2025-12-12,0.8340623146968514,7.284158040214622,-1.2072245240485349,-0.23471956622660584,-0.972504957821929,-0.7786693107455225,1.073801142859616,-2.631139764350661,0
2025-12-15,0.8372032948000634,7.218578938810905,-0.980943504948018,-0.37558807111837933,-0.6053554338296386,-0.7945611644984579,1.0348027122540935,-2.623925041251009,0
2025-12-16,0.8348548984612133,6.904341228117718,-1.169947738717363,-1.1584005758746747,-0.011547162842688197,-0.8016846128932984,1.0117658374311356,-2.6151350632177324,0
2025-12-17,0.8413716983015224,7.130236843531516,-0.6211234309878035,-0.5434112671555198,-0.07771216383228374,-0.8023664664671596,1.0099445143609858,-2.6146774472953047,0
2025-12-18,0.840138790223626,6.975231694759092,-0.7081383884765855,-0.922086999860118,0.2139486113835325,-0.7949423407962308,1.030483509293899,-2.620368190886361,0
2025-12-19,0.827809709444663,6.872256246273915,-1.7453062488080795,-1.156001140512734,-0.5893051082953455,-0.7902852185244799,1.0358004997341452,-2.6163709367831047,0
2025-12-22,0.8267881570372632,6.9631456289632,-1.7610356953123907,-0.8932669958714491,-0.8677686994409416,-0.7938907496028672,1.031934038595384,-2.6197155378011185,0
2025-12-23,0.8265533174033781,7.240908351850848,-1.7031213415930362,-0.14748309612778587,-1.5556382454652504,-0.7998955197386414,1.033653561932705,-2.6334446014099875,0
2025-12-24,0.8224671077737791,7.187686304265352,-1.949120463856354,-0.2823248122276902,-1.6667956516286637,-0.8072107222014158,1.0367568012751538,-2.6511782456779853,0
2025-12-25,0.8302579126279143,7.150886130833018,-1.2619343393123035,-0.3666708935454557,-0.8952634457668478,-0.7981162918398805,1.03850516284802,-2.6347377465277813,0
2025-12-26,0.8302344286645258,7.066771448701968,-1.2277131263925893,-0.5694972691523167,-0.6582158572402727,-0.7833044215722517,1.043057535663205,-2.609666378807708,0
2025-12-29,0.8231129167669627,7.362744566690153,-1.731513422090406,0.20870396785278436,-1.9402173899431905,-0.7903443876795951,1.0507317925135724,-2.6314205678727625,0
2025-12-30,0.815903340006693,7.67329684027966,-2.1698211688817923,0.9998939605105016,-3.169715129392294,-0.8322491215303681,1.108113858168379,-2.772612101229115,-1
2025-12-31,0.8085411174843979,7.346756273372717,-2.5297908867495655,0.13607220369527712,-2.6658630904448426,-0.8569042545668867,1.1385823509065411,-2.8523908600403147,0
2026-01-05,0.8372032948000634,7.533467020757683,-0.46205613641131665,0.6108243227465594,-1.072880459157876,-0.8510132385725052,1.139716377847467,-2.8417428549924777,0
2026-01-06,0.8383833639603356,7.496070673676224,-0.3758520027401078,0.4883194365994094,-0.8641714393395172,-0.8423896090338829,1.1434674230433988,-2.8282466411111646,0
2026-01-07,0.8356533532164223,7.559915451737035,-0.575589580018179,0.6326355690721108,-1.2082251490902898,-0.8334926813317308,1.1407178114076144,-2.807703174071076,0
2026-01-08,0.8291600373395018,7.826134084873449,-1.008840517529331,1.327678794022619,-2.3365193115519496,-0.8639607796403775,1.145946149642465,-2.8738677089232203,0
2026-01-09,0.8331523111155469,8.080862825863097,-0.6978632173871083,1.9544709097028778,-2.6523341270899863,-0.9034173190609792,1.1526701880842358,-2.959504826206194,0
2026-01-12,0.8355770303354098,8.183784076743809,-0.4982207735240688,2.1223056822398005,-2.6205264557638692,-0.9533613711660366,1.1217887055416664,-3.02851144787374,0
2026-01-13,0.8283968085293755,7.631510487236464,-0.9992314223029535,0.619145264703589,-1.6183766870065424,-0.9712003479905621,1.108174073987887,-3.0505747699690113,0
2026-01-14,0.8207703914189598,7.799685653894097,-1.5070013407162717,1.044567649645544,-2.5515689903618157,-1.0047395222742481,1.110892121833813,-3.1203711663823093,0
2026-01-15,0.8154160477663817,7.6689610319223895,-1.8200947444779363,0.6715061290272668,-2.4916008735052033,-1.0353277626917388,1.112634569042907,-3.1832900944263844,0
2026-01-16,0.8113709350727122,7.718009863964013,-2.008993839600544,0.8079710656096883,-2.8169649052102326,-1.0665200975541593,1.129940349306559,-3.2629805444148774,0
2026-01-19,0.8078483405644371,7.694217115603491,-2.1507842230975958,0.7354226875069297,-2.8862069106045256,-1.1064044923082015,1.1341692985937006,-3.3469782832101034,0
2026-01-20,0.8064099478068913,7.278955070185898,-2.1249396040490325,-0.3703471158640098,-1.7545924881850228,-1.1107783035470045,1.1338795439124698,-3.3554361510064785,0
2026-01-21,0.7932060893917067,7.337651075822448,-2.756844406322976,-0.16625827121442066,-2.590586135108555,-1.1239090492308281,1.146286699517859,-3.3941047979795154,0
2026-01-22,0.7867479994598688,7.332935884233917,-2.879010431324701,-0.1508113843513459,-2.728199046973355,-1.145440073960452,1.1610239979889634,-3.451904145909867,0
2026-01-23,0.7849514762606485,7.235325998590863,-2.735619148088545,-0.4305908251899541,-2.3050283228985906,-1.153917139633941,1.1659788594472407,-3.4738131387151228,0
2026-01-26,0.7878869716842112,7.04568858056474,-2.4022370952571293,-1.0041531263630676,-1.3980839688940616,-1.1474326673635948,1.1674329267070376,-3.4622982614342273,0
2026-01-27,0.7884799417597708,7.0505121673622035,-2.227335148971541,-0.9602335501019521,-1.2671015988695888,-1.1438422346614712,1.1695769633946542,-3.457261432717597,0
2026-01-28,0.7771371874431249,6.95236030567449,-2.576400910705457,-1.238084166957421,-1.3383167437480359,-1.1462773843328158,1.1676564442569521,-3.4602112129225837,0
2026-01-29,0.8440840960728943,6.785594276732969,0.5323937845634679,-1.6948854480258078,2.2272792325892756,-1.0865047133978796,1.3849870687752155,-3.5579964955709746,1
2026-01-30,0.8225258176822503,6.822882228605496,-0.45909328817140466,-1.524519429630153,1.0654261414587483,-1.040920796544671,1.4870666641529744,-3.5689082572423163,0
2026-02-02,0.8377903938847759,6.73134247466262,0.25241903067519017,-1.7547128320632561,2.0071318627384462,-0.9787828549168333,1.6619589770070813,-3.6195246868407476,1
2026-02-03,0.8659241820242003,6.113489783751558,1.5110077741960661,-3.261065827772698,4.7720736019687635,-0.8732038324143392,2.151238904960101,-3.8976465697887797,1
2026-02-04,0.8953261041866036,5.788304156956263,2.674765288079261,-3.6144868015948153,6.2892520896740765,-0.7628571353902318,2.780566438130683,-4.306280708911147,1
2026-02-05,0.9129390767279794,5.735895073437754,3.1232379305388474,-3.3162198077519394,6.439457738290787,-0.6540671218359713,3.3451405216612633,-4.653274765333205,1
2026-02-06,0.8894609843303254,5.6202373855075605,2.105891200125272,-3.1892235517200898,5.295114751845362,-0.5648556634427042,3.71727868135902,-4.846990008244428,1
2026-02-09,0.8953026202232152,5.890195653352122,2.2321806002203295,-2.4586845074730084,4.690865107693337,-0.48694935473947887,4.003239029854272,-4.977137739333229,1
2026-02-10,0.8834667026754105,5.966614275649017,1.7355710546747818,-2.1781940405878863,3.913765095262668,-0.42064002522112454,4.210212189582918,-5.0514922400251665,0
2026-02-11,0.8831907661055957,5.847379545824075,1.686110046107277,-2.2549877144328176,3.941097760540095,-0.3661677528926257,4.392139035785044,-5.124474541570295,0
2026-02-12,0.8727814993336425,6.029483496829441,1.3035395579057907,-1.8445241819651188,3.1480637398709095,-0.3256873324016407,4.510863321893628,-5.162237986696909,0
2026-02-13,0.8720182705235162,6.073817137282533,1.2641419074935154,-1.6934047442013767,2.957546651694892,-0.28542735275562514,4.620223905881594,-5.191078611392844,0
2026-02-24,0.8611569374563345,5.807544306541651,0.8791230799847625,-2.0234584643006603,2.9025815442854226,-0.24630128103975468,4.723642708995535,-5.216245271075045,0
2026-02-25,0.875752220702288,5.867703647498781,1.3744283611200196,-1.8496248774813808,3.2240532386014005,-0.21646979927684273,4.815604032196634,-5.24854363075032,0
2026-02-26,0.8608105489963541,6.334616009972359,0.8418696010074627,-1.09817791705527,1.9400475180627326,-0.1964113471392763,4.8606479038216355,-5.253470598100187,0
2026-02-27,0.854240910238421,6.384477806080971,0.6072879842380416,-1.0019522516503516,1.6092402358883933,-0.17731390431422814,4.898500561135265,-5.25312836976372,0
2026-03-02,0.8454872628853571,6.4598124762885485,0.30494984991940943,-0.8640670117514881,1.1690168616708976,-0.1584619628407589,4.928992728898714,-5.245916654580232,0
2026-03-03,0.8373148436261588,6.140859574006829,0.026363059008861156,-1.3050331239691986,1.3313961829780596,-0.13501280959192924,4.966945547749266,-5.236971166933125,0
2026-03-04,0.8226314955174986,6.054305999674814,-0.4714572186213851,-1.3836107862129734,0.9121535675915883,-0.11749755080684905,4.991619111300605,-5.226614212914304,0
2026-03-05,0.8213751034762137,6.330280201615089,-0.4986797503187968,-0.9456066813959938,0.446926931077197,-0.09969106769146607,5.009727939789128,-5.20911007517206,0
2026-03-06,0.8231129167669627,6.259172944555852,-0.42567546812983537,-1.0187650904857561,0.5930896223559208,-0.07864388132658542,5.03162697778945,-5.188914740442621,0
2026-03-09,0.8201774213434001,6.102596065253916,-0.5163655849189823,-1.2059520683912752,0.6895864834722929,-0.05096415560542827,5.057631879749939,-5.159560190960796,0
2026-03-10,0.8230424648767973,6.217007208281394,-0.4081060830327322,-1.0074813877916087,0.5993753047588765,-0.014390642706610494,5.080641110193926,-5.1094223956071465,0
2026-03-11,0.8219387185975378,5.9563167308004985,-0.43576661170341446,-1.3316919947380321,0.8959253830346177,0.019168496291826886,5.111165354668164,-5.07282836208451,0
2026-03-12,0.8172419259198375,5.9563167308004985,-0.5887491758966645,-1.2862393211372174,0.6974901452405529,0.0692623842267898,5.1271479816981875,-4.988623213244607,0
2026-03-13,0.8299467501130167,5.940599425505392,-0.15181103968661602,-1.2658339098021476,1.1140228701155315,0.13930529845029588,5.135323518963167,-4.8567129220625755,0
2026-03-16,0.8572703415155376,5.907376293967807,0.7760223635129722,-1.269171099760861,2.045193463273833,0.21885843331434943,5.181049038482975,-4.743332171854275,0
2026-03-17,0.8718421407981025,5.853287084710856,1.2398313303792219,-1.2983046704247219,2.5381360008039437,0.29153452981531564,5.259837326731097,-4.676768267100466,0
2026-03-18,0.8623311356257596,5.777464636063086,0.8923047957793264,-1.353426508577471,2.2457313043567977,0.3451718008516281,5.3274315417406095,-4.637087940037353,0
2026-03-19,0.8529786472062889,5.620399978320958,0.5641950465647293,-1.509061655031313,2.0732567015960424,0.3898153364420558,5.385414393089345,-4.605783720205233,0
2026-03-20,0.8483581774096014,5.555254457752968,0.39953678712342405,-1.5357675490121514,1.9353043361355755,0.4222628614250269,5.432526364205759,-4.588000641355705,0
2026-03-23,0.8266766082111677,5.2642133217711775,-0.3253075405306878,-1.83262625945766,1.5073187189269721,0.4486800428043475,5.464931053995483,-4.5675709683867884,0
2026-03-24,0.8262421548884805,5.574223619316027,-0.3318963952524552,-1.3781080681950564,1.0462116729426012,0.46255109383033277,5.480764162231036,-4.55566197457037,0
2026-03-25,0.8279682261975354,5.6311311040052034,-0.27369721382594614,-1.2619983388099192,0.988301124983973,0.4888445310516542,5.501167321074567,-4.523478258971258,0
2026-03-26,0.8226314955174986,5.554712481708309,-0.45119084994071973,-1.3110352322889682,0.8598443823482484,0.5176380824148074,5.518094662581204,-4.482818497751589,0
2026-03-27,0.8313440459346324,5.5498346973063795,-0.15999789625567762,-1.2708782528679279,1.1108803566122503,0.562080059116099,5.534903183612213,-4.410743065380016,0
2026-03-30,0.8336807002917883,5.470977182808521,-0.0875636124688859,-1.3192514719319268,1.231687859463041,0.6103881176342943,5.551346458199675,-4.330570222931086,0
2026-03-31,0.851293672833164,5.32762451899626,0.495463730735203,-1.437861911443324,1.933325642178527,0.6575312691000503,5.594026979291581,-4.27896444109148,0
2026-04-01,0.8568358881928504,5.698336133542898,0.6653439425145594,-0.9591259623455243,1.6244699048600837,0.695576031801723,5.626004118992234,-4.234852055388788,0
2026-04-02,0.8570942117901239,5.414286488537207,0.653804207374733,-1.2558076981212143,1.9096119054959473,0.7597398533923755,5.650679196424949,-4.131199489640199,0
2026-04-03,0.8571646636802893,5.559048290065579,0.633791794063049,-1.049698537062252,1.6834903311253009,0.8406266110676687,5.626616981087798,-3.9453637589524604,0
2026-04-07,0.845434423967733,6.064711939732264,0.2204739119648448,-0.41768162597715935,0.6381555379420042,0.8956935882074496,5.592773197047433,-3.801386020632534,0
2026-04-08,0.8601119010855462,6.3086011598287355,0.702228631342381,-0.09746178642846592,0.7996904177708469,0.9269031028229281,5.595574051977894,-3.7417678463320376,0
2026-04-09,0.8574523422317984,6.492873015012737,0.5998352326550992,0.15378146300439802,0.4460537696507012,0.9487401896394317,5.595538693354333,-3.6980583140754697,0
2026-04-10,0.8536185852086257,6.561703972684408,0.4599428301503509,0.26632677878372585,0.19361605136662507,0.9721042096470472,5.5887859828326025,-3.6445775635385083,0
2026-04-13,0.8473659799564373,6.610048235867974,0.2397873323806835,0.3652874220882733,-0.1255000897075898,1.0089545300111198,5.552932404304607,-3.5350233442823678,0
2026-04-14,0.8494736656705553,6.731234079453689,0.3014228875445401,0.5809596949463187,-0.2795368074017786,1.0485011520059233,5.503286651818821,-3.4062843478069746,0
2026-04-15,0.8615679068156333,6.904774808953444,0.6907182958080748,0.8980795485339498,-0.20736125272587502,1.0887205720565565,5.451380310987419,-3.2739391668743067,0
2026-04-16,0.8588320250808729,7.083626903690857,0.5813097622621233,1.1983843237968552,-0.617074561534732,1.1054089408144199,5.433468366880887,-3.2226504852520472,0
2026-04-17,0.8261893159708564,7.22996043574874,-0.5141639164315577,1.4707210297472322,-1.9848849461787899,1.1148536748841371,5.412819515173419,-3.183112165405145,0
2026-04-20,0.8283322276300572,7.469513847487941,-0.4517880081716845,1.8626844349314824,-2.314472443103167,1.1178058153908377,5.405927115370288,-3.170315484588613,0
2026-04-21,0.8289897786049352,7.2082813939623875,-0.44280437054406746,1.5089408626957226,-1.95174523323979,1.1322261432570118,5.372069556134115,-3.107617269620092,0
2026-04-22,0.8275161599023068,7.246219717088505,-0.5087042525499533,1.6193710381280757,-2.128075290678029,1.1448616702557866,5.340276409322922,-3.0505530688113485,0
2026-04-23,0.8330936012070758,7.170343070836269,-0.33708049943846136,1.5059097687739182,-1.8429902682123795,1.1433883739219974,5.343004908771009,-3.0562281609270148,0
2026-04-24,0.8562781440623735,7.3302260040106235,0.4407146968896177,1.7684205705844425,-1.3277058736948248,1.164436378278893,5.300098978636778,-2.9712262220789922,0
2026-04-27,0.8238174356686179,7.353097393095226,-0.7579328157572679,1.8035108346527318,-2.5614436504099998,1.167215634888282,5.292448109916876,-2.9580168401403117,0
2026-04-28,0.8248742140211004,7.449460733835565,-0.7721432606622156,1.9349077561057453,-2.707051016767961,1.160515256657126,5.309924274278157,-2.9888937609639052,0
2026-04-29,0.8226256245266514,7.677795241450329,-0.9116323953635672,2.2197646266002424,-3.1313970219638096,1.1316267057726301,5.3765322246101634,-3.1132788130649027,-1
2026-04-30,0.8130089415190601,9.21337596878218,-1.3471607269586707,3.960326069499584,-5.307486796458255,1.0642869524794858,5.583321977076252,-3.4547480721172805,-1
2026-05-06,0.8072612414797246,9.891062815023577,-1.6799698385972603,4.089884436565234,-5.769854275162494,0.9904279936225779,5.80442888061612,-3.823572893370964,-1
2026-05-07,0.8049422000951101,10.124112514226871,-1.7067180756332918,3.747269983193752,-5.4539880588270435,0.862406872098973,5.94373026692233,-4.218916522724383,-1
2026-05-08,0.8060811723194524,6.409029320904017,-1.6234711866726956,0.010851289891902495,-1.634322476564598,0.8174110617985834,5.939074675403012,-4.304252551805846,0
2026-05-11,0.7992355969917042,6.503712535905914,-1.8245415793740638,0.11032619680585065,-1.9348677761799145,0.7517110678166107,5.912280783352101,-4.408858647718881,0
2026-05-12,0.7952550651973533,6.925749281881741,-1.8869801073775538,0.5220582257272344,-2.409038333104788,0.6320258688987183,5.746192805352755,-4.482141067555319,0
2026-05-13,0.7891140087712603,7.13717413690315,-2.0521474128373605,0.7118627574675314,-2.764010170304892,0.4811381645657358,5.448453043036759,-4.486176713905287,0
2026-05-14,0.7879867785286123,6.8320416237602295,-2.0779603257224917,0.3872240030023382,-2.46518432872483,0.33272746344880844,5.104128154445878,-4.438673227548261,0
2026-05-15,0.7825737249675628,6.5524903799252074,-2.203071934099491,0.08962843277154363,-2.292700366871035,0.2062638781368684,4.842966414512528,-4.430438658238792,0
