date,cum_ret_high,cum_ret_low,z_high,z_low,spread,spread_mean,upper_band,lower_band,signal
2023-05-16,1.0,1.0,,,,,,,0
2023-05-17,1.0285082009893258,0.9908098793796668,,,,,,,0
2023-05-18,1.2341838063004427,0.9893739230327399,,,,,,,0
2023-05-19,1.2177818276490497,0.9750143595634694,,,,,,,0
2023-05-22,1.1701379848997657,0.9821941412981046,,,,,,,0
2023-05-23,1.1351210622233794,0.96496266513498,,,,,,,0
2023-05-24,1.1412392606092165,0.9457208500861574,,,,,,,0
2023-05-25,1.212965373600625,0.9310740953475015,,,,,,,0
2023-05-26,1.190445196563395,0.9402642159678346,,,,,,,0
2023-05-29,1.249674563915647,0.9388282596209074,,,,,,,0
2023-05-30,1.4189013277792244,0.9373923032739805,,,,,,,0
2023-05-31,1.3993751627180424,0.9276278001148764,,,,,,,0
2023-06-01,1.406404582140068,0.9207352096496267,,,,,,,0
2023-06-02,1.3889612080187452,0.9497415278575532,,,,,,,0
2023-06-05,1.4475397032022912,0.9488799540493968,,,,,,,0
2023-06-06,1.3969018484769593,0.9497415278575532,,,,,,,0
2023-06-07,1.4073158031762563,0.9563469270534175,,,,,,,0
2023-06-08,1.3892215568862276,0.9787478460654796,,,,,,,0
2023-06-09,1.4996094766987764,0.9689833429063757,,,,,,,0
2023-06-12,1.5816193699557408,0.9686961516369902,,,,,,,0
2023-06-13,1.5822702421244468,0.9686961516369902,,,,,,,0
2023-06-14,1.6864097891174177,0.9589316484778863,,,,,,,0
2023-06-15,1.7546211923978132,0.9684089603676048,,,,,,,0
2023-06-16,2.0177037229888053,0.9744399770246984,,,,,,,0
2023-06-19,2.082921114293153,0.964388282596209,,,,,,,0
2023-06-20,2.212965373600625,0.953187823090178,,,,,,,0
2023-06-21,2.081489195522,0.9526134405514073,,,,,,,0
2023-06-26,1.9265816193699559,0.9365307294658242,,,,,,,0
2023-06-27,1.9161676646706587,0.9425617461229179,,,,,,,0
2023-06-28,1.8482166102577453,0.9491671453187822,,,,,,,0
2023-06-29,1.926711793803697,0.9385410683515221,,,,,,,0
2023-06-30,1.919422025514189,0.9408385985066053,,,,,,,0
2023-07-03,1.9005467326217134,0.9684089603676048,,,,,,,0
2023-07-04,1.9073158031762565,0.9623779437105111,,,,,,,0
2023-07-05,1.8089039312678992,0.9485927627800115,,,,,,,0
2023-07-06,1.8198385837021611,0.935669155657668,,,,,,,0
2023-07-07,1.9134340015620934,0.9279149913842619,,,,,,,0
2023-07-10,1.869304868523822,0.9319356691556577,,,,,,,0
2023-07-11,1.9330903410570166,0.9394026421596784,,,,,,,0
2023-07-12,1.8066909658942985,0.9534750143595635,,,,,,,0
2023-07-13,2.007289768289508,0.914704192992533,,,,,,,0
2023-07-14,2.0227805259047122,0.9170017231476163,,,,,,,0
2023-07-17,2.0529809945326742,0.9089603676048248,,,,,,,0
2023-07-18,1.9694090080708149,0.903503733486502,,,,,,,0
2023-07-19,1.9395990627440773,0.9069500287191269,,,,,,,0
2023-07-20,1.692267638635772,0.9101091326823665,,,,,,,0
2023-07-21,1.6953918250455613,0.913268236645606,,,,,,,0
2023-07-24,1.7052850820098935,0.9032165422171166,,,,,,,0
2023-07-25,1.7475917729757877,0.9554853532452614,,,,,,,0
2023-07-26,1.6797708929966155,0.9577828834003447,,,,,,,0
2023-07-27,1.6649310075501174,0.9666858127512923,,,,,,,0
2023-07-28,1.651913564175996,1.0080413555427916,,,,,,,0
2023-07-31,1.6662327518875295,1.0212521539345205,,,,,,,0
2023-08-01,1.7547513668315546,1.0048822515795521,,,,,,,0
2023-08-02,1.7417339234574332,0.9773118897185525,,,,,,,0
2023-08-03,1.698906534756574,0.9959793222286042,,,,,,,0
2023-08-04,1.821791200208279,1.0017231476163124,,,,,,,0
2023-08-07,1.8452225982816977,0.9908098793796668,,,,,,,0
2023-08-08,1.7509763082530592,0.9807581849511774,,,,,,,0
2023-08-09,1.6511325175735487,0.9770246984491672,-0.02906115663703812,0.7792320438649798,-0.8082932005020179,,,,0
2023-08-10,1.6142931528247855,0.9804709936817921,-0.19440034678366228,0.9259757843687801,-1.1203761311524425,,,,0
2023-08-11,1.5878677427753192,0.9520390580126363,-0.33335045042378914,-0.0702862918982955,-0.26306415852549364,,,,0
2023-08-14,1.607914605571466,0.9322228604250431,-0.28945763235010163,-0.7630896973097789,0.4736320649596773,,,,0
2023-08-15,1.5868263473053894,0.929350947731189,-0.4010028660097949,-0.8401401731397629,0.43913730712996796,,,,0
2023-08-16,1.5752408227024215,0.9181504882251579,-0.4870695824384587,-1.2090223454476843,0.7219527630092255,,,,0
2023-08-17,1.5913824524863318,0.9129810453762205,-0.4731180333634681,-1.3478647201566425,0.8747466867931744,,,,0
2023-08-18,1.5036448841447543,0.9155657668006892,-0.8967169681278309,-1.2207430542695994,0.32402608614176853,,,,0
2023-08-21,1.5343660505076804,0.8940264215967835,-0.8161969057864565,-1.9107772180620242,1.0945803122755677,,,,0
2023-08-22,1.6401978651392868,0.8994830557151062,-0.3968369182703832,-1.6588888330437417,1.2620519147733584,,,,0
2023-08-23,1.5490757615204376,0.885985066053992,-0.8790777842438964,-2.013358869684809,1.1342810854409124,,,,0
2023-08-24,1.57511064826868,0.8920160827110856,-0.7766991976379828,-1.7457292039221128,0.96903000628413,,,,0
2023-08-25,1.3922155688622757,0.906375646180356,-1.6763032476759259,-1.2640049351013924,-0.4122983125745334,,,,0
2023-08-28,1.4514449362145276,0.9264790350373348,-1.3961138447754782,-0.6356724404555291,-0.7604414043199491,,,,0
2023-08-29,1.4994793022650352,0.9201608271108558,-1.183150856305161,-0.8147943380189211,-0.36835651828623983,,,,0
2023-08-30,1.5100234313980736,0.9092475588742103,-1.1433015743796398,-1.124018265607412,-0.019283308772227725,,,,0
2023-08-31,1.4920593595417861,0.9060884549109707,-1.2574074499624046,-1.185031126583716,-0.07237632337868871,,,,0
2023-09-01,1.4599062744077065,0.9267662263067203,-1.4367197019200426,-0.5353605225719894,-0.9013591793480532,,,,0
2023-09-04,1.4625097630825306,0.9629523262492821,-1.4446165169383234,0.584270259120988,-2.0288867760593114,,,,0
2023-09-05,1.4190315022129656,0.9508902929350947,-1.6471188355247461,0.22289587491107254,-1.8700147104358187,,,,0
2023-09-06,1.4280135381411092,0.95807007466973,-1.5626700594019272,0.45222953964134555,-2.0148995990432725,,,,0
2023-09-07,1.383884405102838,0.951751866743251,-1.7325611349186447,0.26595048012257466,-1.9985116150412194,,,,0
2023-09-08,1.3700859151262694,0.9526134405514073,-1.729355299904028,0.296521270622612,-2.02587657052664,,,,0
2023-09-11,1.4215048164540487,0.9451464675473864,-1.4280181339851095,0.07565692199235315,-1.5036750559774625,,,,0
2023-09-12,1.4308773756834159,0.9442848937392304,-1.3391634383377402,0.06493144466173573,-1.404094882999476,,,,0
2023-09-13,1.3885706847175217,0.94055140723722,-1.497417654847688,-0.04098361230269798,-1.45643404254499,,,,0
2023-09-14,1.336240562353554,0.9497415278575532,-1.7274269523003496,0.2535119756730229,-1.9809389279733725,,,,0
2023-09-15,1.2845613121582924,0.9465824238943137,-1.91959608817985,0.15622865944598371,-2.0758247476258336,,,,0
2023-09-18,1.2431658422285865,0.9483055715106261,-2.0215962260850118,0.20487100619245177,-2.2264672322774635,,,,0
2023-09-19,1.2561832856027078,0.9465824238943137,-1.8717134834572098,0.1477910989678334,-2.0195045824250433,,,,0
2023-09-20,1.2646446237958866,0.939977024698449,-1.7509094598158959,-0.057829513916191504,-1.6930799458997043,,,,0
2023-09-21,1.2675084613381933,0.9296381390005743,-1.671112782756568,-0.3822350521642775,-1.2888777305922905,,,,0
2023-09-22,1.4459776099973967,0.9574956921309593,-0.8186998162399257,0.4948850978572972,-1.3135849140972229,,,,0
2023-09-25,1.3993751627180424,0.9477311889718553,-1.003117170972432,0.19672089380780539,-1.1998380647802374,,,,0
2023-09-26,1.4553501692267639,0.9419873635841469,-0.7138840594356605,0.02410835491699826,-0.7379924143526587,,,,0
2023-09-27,1.4848997656860192,0.9425617461229179,-0.5509030057891242,0.04578096401593027,-0.5966839698050544,,,,0
2023-09-28,1.5074199427232493,0.9468696151636989,-0.4218690138265764,0.17805273533027355,-0.5999217491568499,,,,0
2023-10-09,1.4457172611299143,0.935669155657668,-0.6927185389978459,-0.18582195216416886,-0.506896586833677,,,,0
2023-10-10,1.424759177297579,0.9359563469270535,-0.7678753106790497,-0.17884086899304552,-0.5890344416860042,,,,0
2023-10-11,1.428404061442333,0.9319356691556577,-0.7243262592273018,-0.3038917970884666,-0.4204344621388352,,,,0
2023-10-12,1.3885706847175217,0.9497415278575532,-0.8955946529043928,0.27039251628224864,-1.1659871691866415,,,,0
2023-10-13,1.3325956782088,0.9365307294658242,-1.1622666943253355,-0.16707081014224837,-0.9951958841830871,,,,0
2023-10-16,1.3018745118458737,0.9279149913842619,-1.3131027756080917,-0.45336338410391136,-0.8597393915041804,,,,0
2023-10-17,1.3090341057016404,0.9339460080413556,-1.2787337899516757,-0.2735864865411433,-1.0051473034105325,,,,0
2023-10-18,1.268549856808123,0.9330844342331993,-1.5056165436043976,-0.32221667054018727,-1.1833998730642104,,,,0
2023-10-19,1.2319708409268422,0.9066628374497415,-1.712875193214071,-1.199298218315205,-0.5135769748988659,,,,0
2023-10-20,1.2245508982035929,0.9089603676048248,-1.6880651351203702,-1.1215753496378666,-0.5664897854825035,,,,0
2023-10-23,1.2509763082530592,0.8968983342906376,-1.4701400055977258,-1.4956897589220648,0.025549753324338953,,,,0
2023-10-24,1.2470710752408227,0.8989086731763355,-1.4429142055938327,-1.4227624550350986,-0.020151750558734083,,,,0
2023-10-25,1.1456651913564178,0.9023549684089605,-1.9796663794498646,-1.2653047761059346,-0.71436160334393,,,,0
2023-10-26,1.1702681593335071,0.9046524985640436,-1.7553202097432024,-1.1518714188343673,-0.6034487909088351,,,,0
2023-10-27,1.1638896120801876,0.9055140723721999,-1.7200143054995665,-1.087023941979131,-0.6329903635204355,,,,0
2023-10-30,1.1692267638635772,0.8874210224009189,-1.622296064986374,-1.6306271899504863,0.008331124964112258,,,,0
2023-10-31,1.142280656079146,0.8834003446295233,-1.7084885039662854,-1.7566868879472743,0.04819838398098897,,,,0
2023-11-01,1.1093465243426193,0.8744974152785755,-1.8353053188052886,-2.0123652596331763,0.17705994082788767,,,,0
2023-11-02,1.1185889091382455,0.8811028144744399,-1.726685627851728,-1.7203715479529775,-0.006314079898750435,,,,0
2023-11-03,1.1539963551158554,0.8900057438253877,-1.4759131109817536,-1.3928439950588574,-0.08306911592289623,,,,0
2023-11-06,1.1900546732621715,0.8943136128661688,-1.2529933361339471,-1.2331500182470714,-0.019843317886875766,,,,0
2023-11-07,1.2913303827128353,0.8845491097070649,-0.6258558942125407,-1.5664283132540813,0.9405724190415405,,,,0
2023-11-08,1.258135902108826,0.8788052843193567,-0.8207019101650196,-1.7373198025790604,0.9166178924140408,-0.5872878203590312,1.2914963875554109,-2.4660720282734734,0
2023-11-09,1.3146316063525125,0.8805284319356691,-0.4160068301187833,-1.630328031368779,1.2143212012499955,-0.553577580329831,1.3808344811025899,-2.4879896417622516,0
2023-11-10,1.3217912002082792,0.8661688684663986,-0.34086514074249513,-2.117745303115821,1.776880162373326,-0.5052899754377348,1.5143363362215752,-2.524916287097045,1
2023-11-13,1.365529809945327,0.8564043653072947,-0.006680227334113712,-2.344384390302,2.3377041629678863,-0.4619438367461785,1.686367964500212,-2.610255637992569,1
2023-11-14,1.3669617287164804,0.8673176335439402,0.03339106195430979,-1.8451409641521865,1.8785320261064964,-0.43852883739373155,1.7807162976188633,-2.6577739724063263,1
2023-11-15,1.3538141109086177,0.8799540493968984,-0.03591900362162867,-1.3389592411356936,1.303040237514065,-0.4241304552206632,1.8292255876285815,-2.677486498069908,0
2023-11-16,1.3022650351470972,0.8770821367030442,-0.4005658676582725,-1.393065040187417,0.9924991725291444,-0.4196213483953312,1.8441225328799369,-2.683365229670599,0
2023-11-17,1.3745118458734706,0.8710511200459505,0.19231650880521758,-1.5472909959355063,1.739607504740724,-0.40520700142953875,1.9026473184441663,-2.7130613213032437,0
2023-11-20,1.3323353293413174,0.8782309017805858,-0.12281985328054548,-1.2617671194520867,1.1389472661715412,-0.39162498176237587,1.9431219651700748,-2.7263719286948267,0
2023-11-21,1.3482166102577453,0.8739230327398047,0.031146949424822185,-1.3794810219175817,1.410627971342404,-0.3863575207779286,1.9634067447708667,-2.736121786326724,0
2023-11-22,1.267378286904452,0.8661688684663986,-0.6142516348515169,-1.5884282919171802,0.9741766570656633,-0.3911554417397235,1.9460593559863892,-2.728370239465836,0
2023-11-23,1.2775318927362667,0.8655944859276278,-0.500555872250752,-1.573676497547375,1.0731206252966228,-0.39217478274212836,1.942385566629309,-2.7267351321135656,0
2023-11-24,1.228846654517053,0.8615738081562321,-0.9138464613403168,-1.6543813229310433,0.7405348615907266,-0.395983035153685,1.9302756161043684,-2.7222416864117385,0
2023-11-27,1.2741473574589952,0.8443423319931074,-0.47838271687149053,-2.085963963784076,1.6075812469125856,-0.36231837582889975,2.0207479432551385,-2.745384694912938,0
2023-11-28,1.2334027596979955,0.8374497415278576,-0.8257992342415256,-2.161677313000775,1.3358780787592495,-0.3273797177775798,2.0931182224493057,-2.747877658004465,0
2023-11-29,1.233272585264254,0.8271108558299828,-0.800347071773863,-2.30685276060193,1.506505688828067,-0.29613201432567465,2.1701878689519876,-2.7624518976033365,0
2023-11-30,1.235615725071596,0.8268236645605973,-0.7530738505635519,-2.1811687641724262,1.4280949136088743,-0.2720090439526563,2.233330627045248,-2.777348714950561,0
2023-12-01,1.3017443374121325,0.8116025272831706,-0.0835849933695135,-2.4150891168236837,2.3315041234541702,-0.23194436983877526,2.3617093999328427,-2.825598139610393,0
2023-12-04,1.3379328299921898,0.8064330844342331,0.3024248848843476,-2.3761642561492433,2.6785891410335907,-0.17227856449908122,2.5215099821015996,-2.866067111099762,1
2023-12-05,1.3121582921114294,0.7900631820792648,0.06791248545053186,-2.586180843953346,2.654093329403878,-0.09422889607469473,2.6516056170723936,-2.840063409221783,1
2023-12-06,1.310596198906535,0.7972429638139001,0.07130358405209984,-2.278178445896233,2.3494820299483328,-0.02390395040162555,2.7528857795318102,-2.8006936803350615,0
2023-12-07,1.3586305649570427,0.7986789201608271,0.5941148371414181,-2.131322344584989,2.725437181726407,0.055101662611202445,2.870929536028644,-2.760726210806239,0
2023-12-08,1.5295495964592556,0.7897759908098794,2.2867920373392265,-2.1973341146244763,4.484126151963703,0.16314562539461783,3.1506858311751325,-2.8243945803858965,1
2023-12-11,1.5640458214006772,0.7972429638139001,2.473451658133448,-1.9452179188452485,4.418669576978696,0.2705547278530401,3.398071326547378,-2.8569618708412974,1
2023-12-12,1.4964852902889874,0.805571510626077,1.7765354823711226,-1.6996953197041993,3.476230802075322,0.3535531588205865,3.5530256206574906,-2.8459193030163172,0
2023-12-13,1.4761780786253582,0.7817346352670879,1.5609036868965338,-2.0723991999383484,3.6333028868348825,0.43750978831782583,3.7128383468512256,-2.8378187702155744,0
2023-12-14,1.4684977870346265,0.7762780011487651,1.4557073790017034,-2.067155080624302,3.5228624596260056,0.520498063354009,3.852458018429643,-2.811461891721625,0
2023-12-15,1.4325696433220516,0.7820218265364733,1.0963459705972751,-1.8707488505081107,2.967094821105386,0.6029652925053217,3.928006042996346,-2.722075457985703,0
2023-12-18,1.4760479041916168,0.7834577828834004,1.4408766572971714,-1.7669801518745938,3.207856809171765,0.6910266517852816,4.007331737246582,-2.625278433676019,0
2023-12-19,1.4734444155167925,0.7837449741527858,1.365485003893988,-1.6929106022731915,3.0583956061671795,0.7791076990926924,4.060755594269796,-2.502540196084411,0
2023-12-20,1.4228065607914606,0.7771395749569213,0.8857676225504911,-1.7423326173054459,2.6281002398559368,0.8565677794640421,4.088531335038612,-2.375395776110528,0
2023-12-21,1.486461858890914,0.795807007466973,1.3973274434259824,-1.3535909583497354,2.750918401775718,0.9306344185919657,4.128421131963622,-2.2671522947796907,0
2023-12-22,1.4369955740692528,0.7929350947731189,0.9349004337436986,-1.3564279594011004,2.291328393144799,0.9903045206542506,4.1530405239808585,-2.172431482672357,0
2023-12-25,1.4481905753709972,0.7906375646180357,1.0316638842703254,-1.3573306321257042,2.3889945163960293,1.052014177829138,4.176143376243715,-2.0721150205854393,0
2023-12-26,1.3923457432960167,0.7831705916140149,0.5471618113415218,-1.445924717406552,1.9930865287480737,1.1052295877212766,4.181740585035934,-1.9712814095933808,0
2023-12-27,1.3945587086696174,0.7840321654221711,0.5796057319357703,-1.3845902571234525,1.9641959890592227,1.1502660611114746,4.195976884196486,-1.8954447619735368,0
2023-12-28,1.4190315022129656,0.8038483630097645,0.8125929249482902,-0.991015135349348,1.803608060297638,1.1902709282798527,4.205545327991362,-1.8250034714316563,0
2023-12-29,1.4697995313720387,0.7989661114302126,1.278663101303292,-1.0510951022631616,2.3297582035664535,1.239098927491908,4.231244766803459,-1.7530469118196432,0
2024-01-02,1.4398594116115595,0.7920735209649626,1.0128404530968473,-1.1457530071362607,2.1585934602331083,1.2835237616096875,4.249253129484137,-1.6822056062647612,0
2024-01-03,1.3667013798489978,0.7975301550832854,0.36897763803121186,-1.0117581190971718,1.3807357571283836,1.316353264923261,4.241089173050957,-1.6083826432044357,0
2024-01-04,1.3538141109086177,0.7986789201608271,0.26602570803788544,-0.9600951889395781,1.2261208969774635,1.3437958542418658,4.232924589018367,-1.545332880534636,0
2024-01-05,1.302134860713356,0.8124641010913268,-0.18952350485175137,-0.6674890857991984,0.477965580947447,1.3711950667441006,4.193921416910319,-1.4515312834221175,0
2024-01-08,1.2861234053631867,0.8078690407811602,-0.3276159021822625,-0.7348375702663708,0.40722166808410826,1.3945686926152203,4.160235605221084,-1.3710982199906434,0
2024-01-09,1.3189273626659723,0.809017805858702,-0.03255037964432237,-0.6857173967137995,0.6531670170694771,1.4197837994247815,4.128853276470709,-1.2892856776211457,0
2024-01-10,1.3017443374121325,0.805571510626077,-0.1873733659016559,-0.7343569018964738,0.546983535994818,1.445652646748204,4.089384404785332,-1.198079111288924,0
2024-01-11,1.3458734704504036,0.8150488225157955,0.20173626538362538,-0.503164313458463,0.7049005788420883,1.4771243209466425,4.037179977416074,-1.0829313355227894,0
2024-01-12,1.3090341057016404,0.819643882825962,-0.14566723797933606,-0.3747699057335527,0.22910266775421662,1.4895023149908606,4.017384482589396,-1.0383798526076748,0
2024-01-15,1.3262171309554804,0.8262492820218266,-0.004076587499906338,-0.19645349853848104,0.1923769110385747,1.5021500932662117,3.9955462464197904,-0.9912460598873671,0
2024-01-16,1.3055193959906277,0.8365881677197012,-0.20387283992357547,0.0713842237454587,-0.2752570636690342,1.497136646316322,4.003784473532133,-1.009511180899489,0
2024-01-17,1.2889872429054934,0.8383113153360138,-0.36452011040960947,0.13976228733501173,-0.5042823977446211,1.4890678021965573,4.018595618370646,-1.0404600139775309,0
2024-01-18,1.429705805779745,0.8495117748420448,0.9138378318924539,0.4457847953755244,0.46805303651692953,1.5087747128609048,3.9863638241644583,-0.9688143984426487,0
2024-01-19,1.444936214527467,0.8538196438828259,1.0263859171297967,0.5904229892669532,0.4359629278628434,1.5260982415070996,3.9577195299440904,-0.9055230469298909,0
2024-01-22,1.4527466805519396,0.8687535898908673,1.070307734185333,1.0143012512058707,0.056006482979462424,1.537581522282098,3.933978960570851,-0.8588159160066551,0
2024-01-23,1.4839885446498309,0.8612866168868466,1.3348288196462363,0.8405790627460275,0.4942497569002089,1.5456801661476995,3.924272958735249,-0.8329126264398501,0
2024-01-24,1.4800833116375944,0.8641585295807007,1.2691314212452607,0.9355201953126039,0.3336112259326568,1.550437046846894,3.9179635531195447,-0.8170894594257567,0
2024-01-25,1.5406144233272585,0.8874210224009189,1.8466007144636254,1.5449967785968066,0.3016039358668188,1.552512780097543,3.915354962260963,-0.8103294020658776,0
2024-01-26,1.5095027336631086,0.8937392303273981,1.5142182138882088,1.6936070329936874,-0.17938881910547866,1.549628201110764,3.920620049559882,-0.8213636473383537,0
2024-01-29,1.3514709711012758,0.9003446295232626,-0.2090118195091773,1.8495231870504667,-2.058535006559644,1.5167037696001517,4.030485911739547,-0.9970783725392427,-1
2024-01-30,1.317365269461078,0.8902929350947731,-0.6320951614159908,1.5913235267028092,-2.2234186881188,1.4799775134296196,4.144920603491098,-1.1849655766318583,-1
2024-01-31,1.3381931788596721,0.8819643882825963,-0.40425530316833375,1.3747704004988268,-1.7790257036671606,1.434650878051141,4.226408948301171,-1.3571071921988889,-1
2024-02-01,1.4455870866961729,0.8736358414704194,0.8088774774040306,1.1600570999792368,-0.3511796225752062,1.413520919467987,4.2402008604032675,-1.4131590214672933,0
2024-02-02,1.4299661546472273,0.8681792073520965,0.6048988461723144,1.027543575550546,-0.4226447293782316,1.3862381539575166,4.252067524962547,-1.4795912170475134,0
2024-02-05,1.4579536579015882,0.8819643882825963,0.9025073408932226,1.3770110935743192,-0.47450375268109657,1.3487150887066095,4.252443909432453,-1.5550137320192343,0
2024-02-06,1.6256183285602708,0.8997702469844916,2.632988124710692,1.7859078522353677,0.8470802724753244,1.3238713571984002,4.218673374827932,-1.5709306604311317,0
2024-02-07,1.6221036188492581,0.8991958644457209,2.417148894316307,1.725049995173136,0.6920988991431709,1.3040974717490115,4.199695986937542,-1.5915010434395183,0
2024-02-08,1.653215308513408,0.9017805858701895,2.5374727109440247,1.7566941070683053,0.7807786038757194,1.2953931111883723,4.194142745705584,-1.603356523328839,0
2024-02-19,1.98385837021609,0.9080987937966686,4.565441608419081,1.8649275573927426,2.700514051026339,1.3238600258299924,4.243977883876872,-1.5962578322168877,0
2024-02-20,2.0762822181723513,0.9017805858701895,4.297595851575623,1.669267439658451,2.6283284119171717,1.3386720409495998,4.276331440777505,-1.5989873588783057,0
2024-02-21,1.9520958083832338,0.9477311889718553,3.1272400717032127,2.61095408199467,0.5162859897085426,1.3282943530085496,4.273214110780499,-1.6166254047633997,0
2024-02-22,2.0113251757354855,0.9419873635841469,3.120685102693008,2.3508168627286166,0.7698682399643912,1.3176150241522495,4.265965503697219,-1.6307354553927191,0
2024-02-23,1.923066909658943,0.9462952326249283,2.460492997462359,2.3115305687643617,0.14896242869799714,1.3038614536794553,4.266393752875674,-1.6586708455167636,0
2024-02-26,1.939989586045301,0.9261918437679495,2.38248127603682,1.8199669240861218,0.5625143519506981,1.2953513491236897,4.2635080427962855,-1.6728053445489062,0
2024-02-27,2.108044780005207,0.9241815048822516,2.935437046431046,1.7159717335566282,1.2194653128744177,1.3033335233117511,4.26799474422066,-1.6613276975971578,0
2024-02-28,1.9501431918771155,0.919586444572085,2.084415356884536,1.5651901942407849,0.5192251626437512,1.285194255240604,4.255595763727465,-1.685207253246257,0
2024-02-29,2.0197865139286644,0.9201608271108558,2.2586556552410557,1.5183891560185585,0.7402664992224972,1.275267395581658,4.24895905092553,-1.6984242597622132,0
2024-03-01,2.097110127570945,0.9172889144170018,2.4278724370282005,1.4105955270551391,1.0172769099730614,1.2671135826007414,4.24090895772176,-1.7066817925202769,0
2024-03-04,2.1564696693569383,0.9052268811028145,2.4959549022146774,1.1463622602741552,1.3495926419405222,1.265805211406269,4.239381547696931,-1.7077711248843934,0
2024-03-05,2.2020307211663632,0.9241815048822516,2.4912413645230838,1.4426703854844445,1.0485709790386393,1.2444229923326764,4.205250281010012,-1.7164042963446595,0
2024-03-06,2.177557927623015,0.9152785755313039,2.2525279340303914,1.2349360422855369,1.0175918917448545,1.216739704844531,4.153987198604019,-1.7205077889149576,0
2024-03-07,2.136683155428274,0.9190120620333142,1.9959387210922193,1.2582769767047188,0.7376617443875004,1.1847991784275915,4.100063567990507,-1.7304652111353238,0
2024-03-08,2.2779224160374905,0.9095347501435956,2.337746916537915,1.0507486369190253,1.2869982796188897,1.1670911159221007,4.066441706956467,-1.7322594751122657,0
2024-03-11,2.2207758396250976,0.9040781160252729,2.0301928891140553,0.9207878886315477,1.1094050004825076,1.1401572462347025,4.010500147978456,-1.730185655509051,0
2024-03-12,2.1459255402239004,0.9175761056863871,1.7070063761922551,1.1269831249213282,0.5800232512709269,1.075088864556489,3.8109263176356447,-1.6607485885226665,0
2024-03-13,2.1478781567300183,0.9052268811028145,1.642856901883656,0.8734428457349458,0.7694140561487103,1.014267939209323,3.606209177728361,-1.5776732993097151,0
2024-03-14,2.2068471752147882,0.8974727168294083,1.7449483346325907,0.7071389353837928,1.0378093992487978,0.9736275824955475,3.4837163196619265,-1.5364611546708318,0
2024-03-15,2.308773756834158,0.8954623779437105,1.950107907402454,0.6447048783919197,1.3054030290105345,0.9348292515318083,3.3477735708918246,-1.4781150678282078,0
2024-03-18,2.3430096329080974,0.8940264215967835,1.9462138940913278,0.5926823260628993,1.3535315680284286,0.8986737366718488,3.2170292573124133,-1.4196817839687155,0
2024-03-19,2.2625618328560275,0.8845491097070649,1.6431515428438719,0.3895504028192303,1.2536011400246416,0.8701155086538364,3.126204295479802,-1.3859732781721295,0
2024-03-20,2.199427232491539,0.8954623779437105,1.4113520258449004,0.5733186548629822,0.8380333709819182,0.8306184513506722,3.001597436648041,-1.3403605339466966,0
2024-03-21,2.1827649049726636,0.9060884549109707,1.316604069352066,0.7542878718535723,0.5623161974984937,0.7890171278728608,2.8805515369851413,-1.30251728123942,0
2024-03-22,2.1827649049726636,0.8960367604824813,1.2703766177935716,0.5290398463427758,0.7413367714507958,0.7575710700661084,2.79260039433568,-1.277458254203463,0
2024-03-25,2.1675344962249414,0.9003446295232626,1.1876668757938358,0.5914812599642058,0.59618561582963,0.721658856967007,2.688503695511709,-1.245185981577695,0
2024-03-26,2.06326477479823,0.9304997128087306,0.8788016964342404,1.1834424963292363,-0.3046407998949958,0.6783927037496771,2.6188132515785507,-1.2620278440791965,0
2024-03-27,2.007289768289508,0.9276278001148764,0.7046083297056535,1.093423839741829,-0.38881551003617554,0.632095869975807,2.5387539910468764,-1.2745622510952626,0
2024-03-28,2.0136683155428274,0.9241815048822516,0.6964026028962297,0.9959571436639822,-0.29955454076775256,0.5938851854838766,2.4813894131957452,-1.2936190422279918,0
2024-03-29,2.0380109346524344,0.9247558874210224,0.7355472944188911,0.9864857562086327,-0.25093846178974155,0.5569662779697271,2.42196248453142,-1.3080299285919659,0
2024-04-01,2.1218432699817757,0.9373923032739805,0.9301441137674613,1.2386465045326625,-0.30850239076520114,0.5217644371186798,2.370706968641251,-1.3271780944038916,0
2024-04-02,2.115985420463421,0.9348075818495117,0.8845515723326137,1.152303567998934,-0.26775199566632024,0.47847260046480034,2.276140089236409,-1.3191948883068085,0
2024-04-03,2.0320229107003387,0.9256174612291785,0.6342722350308145,0.9172225062423617,-0.28295027121154714,0.43778020494072273,2.1907211782693996,-1.315160768387954,0
2024-04-08,2.142150481645405,0.9304997128087306,0.9016903990214282,1.0162042851400275,-0.11451388611859925,0.412859377553273,2.1537422834371505,-1.3280235283306043,0
2024-04-09,2.1465764123926063,0.9279149913842619,0.8836988685097337,0.9338058454626508,-0.050106976952917104,0.3915889129877667,2.1232135766605724,-1.340035750685039,0
2024-04-10,2.0762822181723513,0.9330844342331993,0.6652048164425157,1.046802163454005,-0.3815973470114893,0.37726286418845106,2.12016655022061,-1.365640821843708,0
2024-04-11,2.08474355636553,0.9276278001148764,0.6627567091201567,0.8825147518626512,-0.21975804274249444,0.36681320234134096,2.116491240995442,-1.3828648363127605,0
2024-04-12,2.204243686539964,0.922458357265939,0.9697049135365684,0.7193166342147853,0.2503882793217831,0.3601002233788794,2.108399303497873,-1.388198856740114,0
2024-04-15,2.206456651913564,0.9428489373923032,0.9470684816689457,1.3231938985088483,-0.3761254168399025,0.34471507416496744,2.10254517599147,-1.413115027661535,0
2024-04-16,2.1655818797188235,0.94055140723722,0.8012763231353592,1.2489785129184734,-0.44770218978311416,0.3255050280212141,2.0924915138575475,-1.4414814578151194,0
2024-04-17,2.2729757875553247,0.9563469270534175,1.0874358466482867,1.7626713692195861,-0.6752355225712994,0.31043272484912204,2.0960934264212643,-1.47522797672302,0
2024-04-18,2.256964332205155,0.9663986214819069,1.0112276622733916,2.0826427362975384,-1.0714150740241468,0.2893695250980768,2.110163964167458,-1.5314249139713043,0
2024-04-19,2.22207758396251,0.9655370476737506,0.8800891206748995,2.0159487448017113,-1.1358596241268117,0.27502614909044715,2.1272020337684046,-1.5771497355875104,0
2024-04-22,2.061442332725853,0.9574956921309593,0.35038488401049755,1.712460903073393,-1.3620760190628955,0.26072958873514257,2.1502405458091554,-1.6287813683388703,0
2024-04-23,2.0503775058578495,0.9586444572085009,0.28807458744662995,1.7232762717225643,-1.4352016842759343,0.22900867672192815,2.16762672084171,-1.7096093673978539,0
2024-04-24,2.1904451965633953,0.9609419873635842,0.72737736375905,1.7731214162162394,-1.0457440524571893,0.20431356038326096,2.1697714121927025,-1.7611442914261808,0
2024-04-25,2.1368133298620156,0.9879379666858127,0.5199006846839445,2.638219855255084,-2.1183191705711395,0.1680747994907509,2.2228079928269153,-1.8866583938454136,-1
2024-04-26,2.406404582140068,0.990235496840896,1.4180964631274866,2.583365430286931,-1.1652689671594445,0.14041615408975672,2.221793806890997,-1.9409614987114838,0
2024-04-29,2.4433741213225724,1.0017231476163124,1.5065651795430013,2.808499548403406,-1.3019343688604048,0.11315706084320569,2.2268321152545805,-2.000517993568169,0
2024-04-30,2.425279875032544,0.9853532452613442,1.4015270560199837,2.1196141245046953,-0.7180870684847116,0.09616221077068016,2.2200466127735794,-2.027722191232219,0
2024-05-06,2.385055975006509,1.0017231476163124,1.2274114011296835,2.491467235577936,-1.2640558344482524,0.07808442718163393,2.229791820852983,-2.073622966489715,0
2024-05-07,2.3013538141109087,1.001435956346927,0.9106094154640711,2.324349544587845,-1.4137401291237737,0.08883100847223177,2.203247672897559,-2.025585655953096,0
2024-05-08,2.2754491017964074,0.9928202182653647,0.8048484981188098,1.958399253260147,-1.1535507551413373,0.10666214068852282,2.15888895662799,-1.9455646752509443,0
2024-05-09,2.254360843530331,1.000574382538771,0.7120296955218596,2.086922712200056,-1.3748930166781967,0.11339768547167223,2.142976915789997,-1.9161815448466526,0
2024-05-10,2.2285863056495705,1.0229753015508327,0.5806807099495768,2.5808715844158496,-2.0001908744662726,0.08591416460682111,2.1845688379462453,-2.0127405087326036,0
2024-05-13,2.233142410830513,1.0313038483630097,0.5941317688135649,2.6482478916027694,-2.0541161227892046,0.058722974716638225,2.2253562224204733,-2.1079102729871972,0
2024-05-14,2.153475657380891,1.0149339460080415,0.1215182076437324,2.0928268486471597,-1.9713086410034273,0.03377622657793271,2.2590589432844226,-2.191506490128557,0
2024-05-15,2.1709190315022133,1.0066053991958643,0.18751030472074257,1.7850073922054945,-1.597497087484752,-0.0069667294214019,2.2470732081589575,-2.261006667001761,0
2024-05-16,2.2194740952876857,1.0410683515221137,0.4925304680377129,2.512993977720472,-2.020463509682759,-0.05217610290183406,2.2530590573824383,-2.357411263186106,0
2024-05-17,2.2205154907576157,1.0582998276852384,0.49027539771470574,2.716852854089055,-2.2265774563743492,-0.10229870390600188,2.2593522709191394,-2.463949678731143,0
2024-05-20,2.3022650351470975,1.0448018380241242,1.1376203326933878,2.250908119269702,-1.1132877865763142,-0.1658620678660461,2.0919380101078175,-2.42366214583991,0
2024-05-21,2.3096849778703468,1.0407811602527284,1.1595743126264408,2.046908314030717,-0.8873340014042763,-0.22445644142140353,1.9178933829978155,-2.3668062658406224,0
2024-05-22,2.2542306690965894,1.0356117174037909,0.6709739281824773,1.8427899743283669,-1.1718160461458895,-0.25259147535231075,1.8945204504541282,-2.3997034011587495,0
2024-05-23,2.2623014839885447,1.0195290063182079,0.7136152903325728,1.441318095992511,-0.7277028056599382,-0.27755099277938294,1.8559866944981978,-2.4110886800569635,0
2024-05-24,2.1529549596459256,0.9977024698449167,-0.28238995766041053,0.9525658710003848,-1.2349558286607953,-0.30061629706869614,1.8440584640207782,-2.4452910581581704,0
2024-05-27,2.1920072897682896,1.009190120620333,0.03583272214697584,1.1548868270531765,-1.1190541049062006,-0.32864243801631116,1.8140986871297589,-2.471383563162381,0
2024-05-28,2.095938557667274,1.0002871912693854,-0.8732651702945451,0.9385665907740759,-1.811831761068621,-0.37916405591536173,1.7580339352090346,-2.516362047039758,0
2024-05-29,2.0958083832335332,0.9928202182653647,-0.9326028387215516,0.757877708137282,-1.6904805468588335,-0.41599248440707154,1.7343467517130042,-2.566331720527147,0
2024-05-30,2.082400416558188,0.9862148190695004,-1.09082966407866,0.5988815516134619,-1.689711215692122,-0.4564921129889818,1.6967931833981915,-2.609777409376155,0
2024-05-31,2.047253319448061,0.9844916714531878,-1.4197372665024715,0.5416211304838707,-1.9613583969863422,-0.5061360347716385,1.6462794059441848,-2.658551475487462,0
2024-06-03,2.191486592033325,0.9807581849511774,0.002278814748528102,0.4413819599405217,-0.4391031451919936,-0.5359476312238471,1.5607422700147886,-2.632637532462483,0
2024-06-04,2.252017703722989,0.9919586444572085,0.5920860763037815,0.6543709137313783,-0.06228483742759683,-0.5544618948316178,1.5045932041157923,-2.6135169937790277,0
2024-06-05,2.1733923457432964,0.976163124641011,-0.18402252783949857,0.3019070632981073,-0.48592959113760587,-0.5795205862129921,1.4378843389041198,-2.5969255113301037,0
2024-06-06,1.6326477479822965,0.9764503159103963,-4.436044671863713,0.2895441603574325,-4.7255888322211455,-0.6705747624898029,1.5841952419079408,-2.9253447668875463,-1
2024-06-07,1.5557146576412395,0.976163124641011,-4.170146002018606,0.26245923839394236,-4.432605240412548,-0.7659014878236601,1.6313337795547298,-3.16313675520205,-1
2024-06-11,1.5492059359541788,0.95807007466973,-3.639047680585526,-0.15036675724651893,-3.488680923339007,-0.8425362532206855,1.6043053618869856,-3.2893778683283568,-1
2024-06-12,1.5518094246290028,0.950315910396324,-3.2287054490230167,-0.33525468493238364,-2.893450764090633,-0.9004274868100448,1.5737132263480857,-3.3745681999681754,0
2024-06-13,1.6102577453788078,0.9425617461229179,-2.6817186747809916,-0.5274534519385058,-2.154265222842486,-0.9491554747932313,1.5062986996533785,-3.4046096492398408,0
2024-06-14,1.8003124186409791,0.9709936817920736,-1.6496467964994375,0.08412941917301046,-1.7337762156724479,-0.9953485683752521,1.4118593426817556,-3.40255647943226,0
2024-06-17,1.8551158552460296,0.9686961516369902,-1.3298880935566104,0.0037022497890191967,-1.3335903433456295,-1.0393317912478548,1.292118104270702,-3.3707816867664118,0
2024-06-18,1.9123926060921637,0.9681217690982195,-1.015568359792485,-0.03976417865738676,-0.9758041811350981,-1.0781540537339136,1.1671993432833678,-3.323507450751195,0
2024-06-19,1.9005467326217134,0.9807581849511774,-1.038608567626202,0.23446998179040812,-1.2730785494166101,-1.1202653818912678,1.0403730459018083,-3.280903809684344,0
2024-06-20,1.8836240562353554,0.9767375071797817,-1.0857778296506035,0.10337747845997983,-1.1891553081105835,-1.154051859876143,0.9445288854183314,-3.252632605170617,0
2024-06-21,1.8614944024993494,0.9678345778288341,-1.1544864673501354,-0.15692384537148765,-0.9975626219786478,-1.1800498402007618,0.8701278743950738,-3.2302275547965973,0
2024-06-24,1.825175735485551,0.9784606547960942,-1.2824340671099266,0.09149278861340304,-1.3739268557233295,-1.2153042339869975,0.7722658215716833,-3.2028742895456785,0
2024-06-25,1.7560531111689666,0.9850660539919586,-1.5444753401201046,0.24324484558689682,-1.7877201857070013,-1.2550359973459413,0.6798420913898902,-3.1899140860817727,0
2024-06-26,1.8224420723769854,0.9781734635267089,-1.2042280029349646,0.024140009742681944,-1.2283680126776466,-1.2704314508923187,0.648318122864072,-3.1891810246487093,0
2024-06-27,1.7721947409528769,0.983917288914417,-1.3931750182261102,0.1663961382837703,-1.5595711565098807,-1.2899440450002138,0.6161053708783268,-3.1959934608787544,0
2024-06-28,1.7948450924238482,0.9819069500287191,-1.2586594231318968,0.08046071703113877,-1.3391201401630357,-1.3072701383234684,0.5809744029041954,-3.195514679551132,0
2024-07-01,1.88622754491018,0.9867892016082711,-0.8377527422672008,0.20127894798767226,-1.039031690254873,-1.3204050254645538,0.5488177548997233,-3.189627805828831,0
2024-07-02,1.8954699297058062,1.0074669730040207,-0.7766288474029739,0.8118772364101764,-1.5885060838131504,-1.3417384203486866,0.509638218162572,-3.193115058859945,0
2024-07-03,1.86800312418641,0.9896611143021252,-0.8733740057161445,0.23203545133799372,-1.1054094570541382,-1.3556993780384834,0.4752537503933332,-3.1866525064703,0
2024-07-04,1.8616245769330904,0.9968408960367605,-0.8829860586690396,0.4340496617572624,-1.317035720426302,-1.372934135525396,0.4362819145420489,-3.1821501855928407,0
2024-07-05,1.8419682374381674,0.9730040206777715,-0.9400424740009431,-0.37658712271679945,-0.5634553512841436,-1.380416493278155,0.4112572871026847,-3.172090273658995,0
2024-07-08,1.8795886487893778,0.976163124641011,-0.7563633197285776,-0.3070655617191327,-0.44929775800944494,-1.3870696729624306,0.3873913929444279,-3.1615307388692893,0
2024-07-09,2.008982035928144,0.9899483055715106,-0.1974788324127801,0.14010024084635,-0.3375790732591301,-1.386336035066558,0.3898515929216948,-3.1625236630548104,0
2024-07-10,2.0506378547253323,0.9959793222286042,-0.01673745930582891,0.3258869363104178,-0.34262439561624675,-1.3883838076144537,0.38260853886726487,-3.1593761540961722,0
2024-07-11,1.995053371517834,0.9448592762780011,-0.24050991208467964,-1.6188084044838837,1.378298492399204,-1.3695853040631634,0.4937060951980068,-3.2328767033243335,1
2024-07-12,1.9541785993230931,0.9764503159103963,-0.39896804948732484,-0.4517649580783158,0.052796908590990954,-1.3624365986393152,0.5195565972050942,-3.2444297944837244,0
2024-07-15,1.9471491799010678,0.9701321079839174,-0.41387865373500937,-0.7350115730053033,0.3211329192702939,-1.349622680155092,0.5678406288124531,-3.267085989122637,0
2024-07-16,1.9281437125748506,0.9704192992533026,-0.4741058509739498,-0.7400450250804965,0.2659391741065467,-1.333936435210461,0.6210016027871352,-3.2888744732080575,0
2024-07-17,1.8447019005467329,0.9784606547960942,-0.8079538408398822,-0.426787301215495,-0.3811665396243872,-1.322432292970465,0.6468609226589772,-3.2917255085999075,0
2024-07-18,1.8224420723769854,0.9790350373348651,-0.8751918895712685,-0.41527292450920433,-0.45991896506206414,-1.311166615319386,0.6701651153062742,-3.292498345945046,0
2024-07-19,1.757094506638896,0.9836300976450316,-1.1247884225784013,-0.24933417185083528,-0.875454250727566,-1.3030562525137972,0.6814091686204495,-3.287521673648044,0
2024-07-22,1.7521478781567301,0.9574956921309593,-1.1127943094087225,-1.3267428726363637,0.21394856322764122,-1.2755704150554041,0.7467714441483448,-3.2979122742591533,0
2024-07-23,1.7042436865399635,0.9574956921309593,-1.270234678061824,-1.3203861353796165,0.05015145731779236,-1.2573054898924876,0.7930807351535649,-3.30769171493854,0
2024-07-24,1.6966935693829734,0.9529006318207927,-1.2570145057394129,-1.4580006762558906,0.2009861705164777,-1.2186504008743606,0.8530450681082749,-3.290345869856996,0
2024-07-25,1.5916428013538142,0.9428489373923032,-1.6409424120519163,-1.7812582340062406,0.14031582195432435,-1.1968906543891313,0.9043016082470963,-3.2980829170253587,0
2024-07-26,1.6174173392345745,0.9296381390005743,-1.4951655960364874,-2.1651157221766035,0.6699501261401162,-1.1640259128057893,0.9914658747355274,-3.319517700347106,0
2024-07-29,1.6869304868523824,0.9319356691556577,-1.1734604976064922,-1.9749559994248238,0.8014955018183316,-1.1386995366340718,1.0730803883531563,-3.3504794616213,0
2024-07-30,1.661806821140328,0.9310740953475015,-1.2502090503641008,-1.9062753869621212,0.6560663365980204,-1.1066975004499673,1.1527547574367683,-3.366149758336703,0
2024-07-31,1.6857589169487115,0.939977024698449,-1.1117602363922814,-1.527883044348282,0.41612280795600065,-1.076199784831971,1.2155612334869395,-3.367960803150882,0
2024-08-01,1.69096589429836,0.9394026421596784,-1.0561439875356042,-1.4888666826336259,0.43272269509802164,-1.0497618939946485,1.2747342240086812,-3.374258011997978,0
2024-08-02,1.5488154126529552,0.9270534175761057,-1.632671666512114,-1.8199824238667313,0.18731075735461733,-1.023725164427435,1.320866539525614,-3.368316868380484,0
2024-08-05,1.4334808643582402,0.9218839747271683,-2.0458754007427267,-1.9052715281597499,-0.1406038725829768,-0.9927320477293798,1.3485143224309764,-3.333978417889736,0
2024-08-06,1.4902369174694092,0.9103963239517519,-1.7297829920134455,-2.176078010458135,0.44629501844468966,-0.951058528708815,1.4023194496272215,-3.304436507044852,0
2024-08-07,1.4751366831554282,0.9069500287191269,-1.7206320475834378,-2.16346926329664,0.44283721571320234,-0.9108227644302045,1.4541206606655908,-3.2757661895259997,0
2024-08-08,1.4384274928404062,0.9170017231476163,-1.7980808154283023,-1.7677610691389944,-0.03031974628930789,-0.8847031420769471,1.4840046021108053,-3.2534108862646995,0
2024-08-09,1.4648529028898725,0.9284893739230327,-1.62760803827092,-1.3863550829342615,-0.24125295533665847,-0.8550496328378455,1.5003303359312676,-3.2104296016069584,0
2024-08-12,1.475527206456652,0.922458357265939,-1.531175588694562,-1.5706138903740956,0.03943830167953366,-0.8172827035369475,1.5212480230373027,-3.1558134301111975,0
2024-08-13,1.5222598281697475,0.9172889144170018,-1.3046423919910495,-1.7153729725991624,0.41073058060811296,-0.791882397417207,1.5665916134058984,-3.150356408240312,0
2024-08-14,1.507159593855767,0.9149913842619184,-1.3413456229045462,-1.766466113016176,0.4251204901116299,-0.7700081558919418,1.60911960129491,-3.1491359130787937,0
2024-08-15,1.4983077323613643,0.9408385985066053,-1.347579152855146,-0.8626510795950229,-0.4849280732601231,-0.7585600230105123,1.6193129553372057,-3.13643300135823,0
2024-08-16,1.5615725071595938,0.9520390580126363,-1.0435966721031784,-0.4342110144307276,-0.6093856576724508,-0.7565880705440543,1.6215852214507858,-3.1347613625388946,0
2024-08-19,1.5834418120281177,0.9597932222860426,-0.9158132672167605,-0.1249003923298966,-0.7909128748868639,-0.749187354647822,1.6256918008021681,-3.124066510097812,0
2024-08-20,1.584092684196824,0.9615163699023549,-0.8882109306536528,-0.031048751385708232,-0.8571621792679445,-0.7448224892205179,1.628253413926172,-3.117898392367208,0
2024-08-21,1.5909919291851082,0.9546237794371052,-0.8277503370829974,-0.2727223790961479,-0.5550279579868496,-0.723875759169155,1.6330204124909447,-3.080771930829255,0
2024-08-22,1.5801874511845875,0.9563469270534175,-0.8525216634186397,-0.18341375239422172,-0.6691079110244179,-0.7068528819052481,1.6363586122622324,-3.0500643760727284,0
2024-08-23,1.561051809424629,0.9678345778288341,-0.9182262071557183,0.2886942825778371,-1.2069204897335555,-0.6988063698059386,1.633968422205022,-3.031581161816899,0
2024-08-26,1.488414475397032,0.969844916714532,-1.242677258789233,0.3817759050616202,-1.6244531638508533,-0.6931912825870138,1.6288184622032063,-3.015201027377234,0
2024-08-27,1.4742254621192399,0.9678345778288341,-1.295715902645693,0.3107750853073683,-1.6064909879530613,-0.7126477466330315,1.620239441649121,-3.045534934915184,0
2024-08-28,1.4652434261910963,0.9672601952900631,-1.344628695576189,0.30837478023720266,-1.6530034758133918,-0.7391597239394615,1.5998096670638398,-3.078129114942763,0
2024-08-29,1.388180161416298,0.9457208500861574,-1.7500422851694402,-0.5586885315380692,-1.191353753631371,-0.7509167933143576,1.5899657426689355,-3.0917993292976504,0
2024-08-30,1.4175995834418122,0.9233199310740953,-1.533045257601998,-1.4266719857295487,-0.10637327187244927,-0.673929867308546,1.4267210774028105,-2.7745808120199027,0
2024-09-02,1.3555063785472534,0.9170017231476163,-1.8148170389751082,-1.6136331001321433,-0.20118393884296482,-0.6034061789490529,1.2539705932516747,-2.4607829511497803,0
2024-09-03,1.3708669617287166,0.9080987937966686,-1.6816734582588573,-1.8763643840565198,0.19469092579766256,-0.5420166481301084,1.164824882518659,-2.248858178778876,0
2024-09-04,1.326477479822963,0.9006318207926479,-1.8490154028229917,-2.0553036747813613,0.20628827195836963,-0.49035433086262503,1.1113792915607739,-2.0920879532860237,0
2024-09-05,1.323483467846915,0.8960367604824813,-1.790457572074561,-2.1156971102002213,0.3252395381256603,-0.4490292515131559,1.1053194753733264,-2.003377978399638,0
2024-09-06,1.294194220255142,0.8974727168294083,-1.8449899920265351,-1.9578631102740296,0.11287311824749446,-0.41825176261449026,1.1054440956945029,-1.9419476209234832,0
2024-09-09,1.327779224160375,0.8684663986214819,-1.6116022400793226,-2.7232293258202525,1.1116270857409298,-0.3774981387963809,1.177098257989606,-1.932094535582368,0
2024-09-10,1.3854464983077326,0.8670304422745548,-1.2886859020056134,-2.5628634456760637,1.2741775436704503,-0.33999844338295515,1.2636635877653069,-1.943660474531217,1
2024-09-11,1.3821921374642023,0.8638713383113152,-1.260876215160483,-2.4774256743199423,1.2165494591594592,-0.2985046432400207,1.3354972951501576,-1.932506581630199,0
2024-09-12,1.405883884405103,0.8681792073520965,-1.1095372613828745,-2.2122843388438853,1.1027470774610109,-0.26030627014716073,1.396004624926156,-1.9166171652204775,0
2024-09-13,1.5092423847956262,0.8788052843193567,-0.5879547709384375,-1.8220648466259683,1.2341100756875307,-0.22311172518605776,1.4657625866556867,-1.9119860370278021,0
2024-09-18,1.4793022650351473,0.8934520390580126,-0.7075852102869646,-1.3682691808865497,0.6606839705995851,-0.18920154474734252,1.4873384324768697,-1.8657415219715547,0
2024-09-19,1.4323092944545692,0.8851234922458358,-0.9066994575824827,-1.5346916744891945,0.6279922169067118,-0.14893967137044728,1.4869787830718821,-1.7848581258127765,0
2024-09-20,1.4189013277792244,0.8885697874784607,-0.9398046041056073,-1.3894157169498813,0.449611112844274,-0.12097335261174862,1.4971559532467171,-1.7391026584702145,0
2024-09-23,1.4175995834418122,0.9014933946008041,-0.9155379741743036,-1.010190372004326,0.09465239783002233,-0.09340296003941688,1.4807930817358386,-1.6675990018146722,0
2024-09-24,1.5902108825826609,0.9514646754738657,-0.06378406361307348,0.3462100613855793,-0.4099941249986528,-0.07791752645334385,1.4643877067697255,-1.6202227596764132,0
2024-09-25,1.5879979172090601,0.9807581849511774,-0.05118299426070603,1.1460800048792947,-1.1972629991400008,-0.08055471493476264,1.4689598442342342,-1.6300692741037597,0
2024-09-26,1.6881020567560534,1.016082711085583,0.47029273132786015,2.085635169414959,-1.6153424380870987,-0.08100198750599512,1.470297647298952,-1.6323016223109421,0
2024-09-27,1.7391304347826089,1.0232624928202183,0.7472786206558774,2.203411298955525,-1.4561326782996473,-0.08684737452675359,1.4826899502616737,-1.6563846993151807,0
2024-09-30,2.015881280916428,1.0801263641585295,2.0979660216727094,3.3521170896196497,-1.2541510679469403,-0.0857992969854309,1.4804770384270198,-1.6520756323978816,0
2024-10-08,2.419031502212966,1.1487650775416427,3.620433128453881,4.154931676805755,-0.5344985483518738,-0.08531668360322642,1.4803786940551213,-1.6510120612615742,0
2024-10-09,2.1661025774537883,1.0628948879954048,2.381213379789615,2.285270192927763,0.09594318686185233,-0.07622933452203813,1.4872001390700256,-1.639658808114102,0
2024-10-10,2.1180682114032807,1.1122917863296955,2.1353663518559594,2.9695776306771404,-0.8342112788211811,-0.08450653794807231,1.4897723137939782,-1.6587853896901228,0
2024-10-11,2.078104660244728,1.1036760482481331,1.9576598540296557,2.629011180174126,-0.6713513261444704,-0.0899853201235427,1.4902245141215422,-1.6701951543686278,0
2024-10-14,2.1088258266076543,1.1295232624928202,2.0483541257058637,2.804045424014564,-0.7556912983087001,-0.1255518166353411,1.4158120869526616,-1.6669157202233438,0
2024-10-15,2.054152564436345,1.1056863871338312,1.7950290255712227,2.286194551468133,-0.4911655258969103,-0.13461785721013944,1.4088763760492273,-1.6781120904695064,0
2024-10-16,1.9356938297318407,1.1344055140723721,1.3124312325218963,2.5275886247677555,-1.2151573922458592,-0.16022269573540868,1.4033573675440993,-1.7238027590149168,0
2024-10-17,1.9591252278052593,1.1053991958644458,1.4022583701915536,2.0095062158442047,-0.6072478456526511,-0.1747758127313953,1.3889237013653504,-1.7384753268281412,0
2024-10-18,2.1869304868523822,1.1214819069500286,2.225555717599875,2.1127250550234256,0.11283066257644947,-0.16654252602804803,1.3979383624825428,-1.7310234145386387,0
2024-10-21,2.1474876334287947,1.1157380815623206,1.988648888392496,1.9414130452493796,0.04723584314311635,-0.15808994589129502,1.4054230767075089,-1.7216029684900989,0
2024-10-22,2.212965373600625,1.1249282021826537,2.1264515108743445,1.9614010231809424,0.16505048769340203,-0.14074820025094556,1.4134525668345426,-1.6949489673364335,0
2024-10-23,2.032803957302786,1.1390005743825387,1.4236995197473459,2.02271494779932,-0.5990154280519742,-0.1542976001056058,1.4014985445272548,-1.7100937447384663,0
2024-10-24,2.0450403540744597,1.1289488799540495,1.4226252660237415,1.815427836234916,-0.3928025702111746,-0.1616801672310886,1.3943733874602307,-1.7177337219224078,0
2024-10-25,2.03540744597761,1.1229178632969559,1.3471270818869383,1.6718253469887039,-0.3246982651017656,-0.17044157449139263,1.3832234550002518,-1.7241066039830373,0
2024-10-28,1.9596459255402239,1.1062607696726021,1.0507033219274353,1.4288376138098318,-0.37813429188239644,-0.17908240972200465,1.3733185271630894,-1.731483346607099,0
2024-10-29,1.8676126008851863,1.1085582998276853,0.7140002007403832,1.4004300646640695,-0.6864298639236863,-0.20168874288973468,1.3398848594761117,-1.743262345255581,0
2024-10-30,1.838713876594637,1.0878805284319357,0.6035981361979523,1.1357622635250038,-0.5321641273270514,-0.2239164033754911,1.2971406888399504,-1.7449734955909324,0
2024-10-31,1.8617547513668318,1.0729465824238942,0.6688594051559956,0.9434826630340669,-0.2746232578780713,-0.23942789661675926,1.2640050490074335,-1.7428608422409522,0
2024-11-01,1.8319448060400938,1.091614014933946,0.5567926812171297,1.1080433022996203,-0.5512506210824907,-0.25555078710073414,1.2400126292926545,-1.7511142034941227,0
2024-11-04,1.8634470190054675,1.1128661688684665,0.6523415031207909,1.2886546705409219,-0.636313167420131,-0.27336805147603666,1.2142915554137608,-1.761027658365834,0
2024-11-05,1.930356677948451,1.122343480758185,0.8545877062297749,1.3385957403035769,-0.484008034073802,-0.2845566979998437,1.1991015590962928,-1.7682149550959803,0
2024-11-06,1.8601926581619372,1.1074095347501436,0.5942200854799566,1.1429360840855416,-0.548715998605585,-0.29135856676688715,1.193356750277082,-1.7760738838108565,0
2024-11-07,1.8885706847175219,1.1364158529580701,0.6681421499079722,1.390992648455022,-0.7228504985470497,-0.31084432538341616,1.1651527690258445,-1.7868414197926767,0
2024-11-08,1.8512106222337936,1.1143021252153933,0.5209712111996314,1.1249981787546028,-0.6040269675549714,-0.328292061771219,1.1361688333295417,-1.7927529568719798,0
2024-11-11,1.88622754491018,1.100804135554279,0.6170935960514297,0.9544326783103224,-0.33733908225889275,-0.3334090507040454,1.1289606909467143,-1.7957787923548052,0
2024-11-12,1.9200728976828954,1.0795519816197587,0.7080454570316059,0.7120615881953537,-0.0040161311637477715,-0.3294551036344969,1.1352092943645204,-1.7941195016335145,0
2024-11-13,2.034626399375163,1.0861573808156233,1.0643291011264153,0.7533612419631983,0.310967859163217,-0.3249296110097689,1.1460356423235432,-1.7958948643430808,0
2024-11-14,1.9371257485029942,1.0930499712808732,0.7077510242148021,0.7963408454039272,-0.08858982118912517,-0.33325161770638956,1.1263896705831713,-1.7928929059959504,0
2024-11-15,1.828950794064046,1.0861573808156233,0.3216608933559029,0.6995509499146474,-0.37789005655874447,-0.3466351268175624,1.0993826526149044,-1.7926529062500294,0
2024-11-18,1.718432699817756,1.0884549109707065,-0.06995565886886014,0.6988346330221006,-0.7687902918909607,-0.351366163794743,1.0983448887391212,-1.801077216328607,0
2024-11-19,1.7547513668315546,1.083285468121769,0.04423198676986109,0.623236932128521,-0.57900494535866,-0.3508598185895132,1.098505828182823,-1.8002254653618492,0
2024-11-20,1.7982296277011194,1.0763928776565193,0.18256825109198543,0.5322343645076336,-0.3496661134156482,-0.34350570589832624,1.101247659489992,-1.7882590712866444,0
2024-11-21,1.7417339234574332,1.0749569213095922,-0.022332505422822266,0.4984834792509074,-0.5208159846737297,-0.33789993598842266,1.101345787210536,-1.7771456591873815,0
2024-11-22,1.7219474095287688,1.046812176909822,-0.09889956453406373,0.19043520720402274,-0.28933477173808647,-0.33347171621760996,1.1046910515602661,-1.771634483995486,0
2024-11-25,1.6271804217651655,1.0402067777139574,-0.4322848198914941,0.10727220173036922,-0.5395570216218633,-0.3313125347275674,1.1051884858585694,-1.7678135553137042,0
2024-11-26,1.653736006248373,1.0450890292935096,-0.34601280086637803,0.14555088324665016,-0.4915636841130282,-0.3193899213005586,1.0993133814684322,-1.7380932240695495,0
2024-11-27,1.6752147878156731,1.0511200459506032,-0.28368366184334787,0.19550268248473016,-0.47918634432807805,-0.30030214097517904,1.0771947385262663,-1.6777990204766247,0
2024-11-28,1.6244467586566,1.0473865594485927,-0.47436790579893745,0.14253486146884484,-0.6169027672677823,-0.2838090039637577,1.0531715460963342,-1.6207895540238497,0
2024-11-29,1.6497005988023954,1.0436530729465825,-0.3989420179832759,0.08974665634840488,-0.4886886743316808,-0.26440375727239585,1.0246785330993207,-1.5534860476441124,0
2024-12-02,1.7186930486852383,1.0485353245261344,-0.17478552796292215,0.12450751723843445,-0.2992930452013566,-0.2495360787985623,1.0164272665160539,-1.5154994241131785,0
2024-12-03,1.692267638635772,1.0660539919586445,-0.2911047009136608,0.2907956214327686,-0.5819003223464294,-0.2574615296397953,1.0108079095226379,-1.5257309688022285,0
2024-12-04,1.666493100755012,1.0571510626076968,-0.4127240242690498,0.17108841088713056,-0.5838124351561804,-0.26383867124501553,1.007124699716991,-1.534802042207022,0
2024-12-05,1.7162197344441554,1.0600229753015507,-0.25290839973459883,0.17817187486472655,-0.4310802745993254,-0.27426819125163193,0.9916494500997658,-1.5401858326030298,0
2024-12-06,1.7119239781306952,1.0827110855829984,-0.30165029842359514,0.4081825055471072,-0.7098328039707024,-0.28953687585044985,0.9749016156026721,-1.5539753673035719,0
2024-12-09,1.6284821661025775,1.0827110855829984,-0.6658715100505254,0.3820141972156783,-1.0478857072662038,-0.3124222966069809,0.9564511572292775,-1.5812957504432394,0
2024-12-10,1.6030981515230411,1.1085582998276853,-0.8131390157162492,0.6619580983850821,-1.4750971141013314,-0.338888467146128,0.9597939607993438,-1.6375708950916,0
2024-12-11,1.6288726894038013,1.099942561746123,-0.7485798485191257,0.533408815661992,-1.2819886641811178,-0.3787820629781622,0.8852429687099164,-1.6428070946662408,0
2024-12-12,1.6944806040093725,1.1143021252153933,-0.5032517628670671,0.6956980995185127,-1.1989498623855797,-0.420000853079096,0.7846626790821121,-1.624664385240304,0
2024-12-13,1.6545170528508202,1.0712234348075818,-0.7173738321965811,0.08370825127901421,-0.8010820834755954,-0.45362804545634694,0.6754780514034743,-1.582734142316168,0
2024-12-16,1.5985420463420985,1.08385985066054,-1.0050929064246634,0.2270569879175946,-1.232149894342258,-0.49254299498640136,0.5777783213541057,-1.5628643113269083,0
2024-12-17,1.6400676907055456,1.0870189546237794,-0.8336233116428882,0.2400980587121622,-1.0737213703550503,-0.5310068524204444,0.4489650686904757,-1.5109787735313644,0
2024-12-18,1.606743035667795,1.1062607696726021,-1.0118556025832486,0.5373460270225353,-1.549201629605784,-0.5678382790905339,0.3959216107663499,-1.5315981689474176,-1
2024-12-19,1.653736006248373,1.0919012062033315,-0.8271860157523493,0.24767434825253737,-1.0748603640048866,-0.5962191554390605,0.323582627519594,-1.5160209383977148,0
2024-12-20,1.6545170528508202,1.0887421022400918,-0.8661378967116621,0.13739822924165648,-1.0035361259533186,-0.6204382760856871,0.2631588859488284,-1.5040354381202028,0
2024-12-23,1.7259828169747464,1.10137851809305,-0.5556064211548755,0.41377970975924055,-0.9693861309141161,-0.638172251564756,0.22961329897426097,-1.505957802103773,0
2024-12-24,1.7132257224681076,1.1263641585295807,-0.6382374011351898,1.134024410962161,-1.7722618120973506,-0.660876713016401,0.2526998979338271,-1.5744533239666292,-1
2024-12-25,1.7572246810726375,1.131533601378518,-0.42982608494669217,1.3249724955709727,-1.754798580517665,-0.6701689727060287,0.2763483489888059,-1.6166862944008633,-1
2024-12-26,1.8328560270762826,1.1338311315336014,-0.04472791497056807,1.3900742865696964,-1.4348022015402646,-0.6671599687635815,0.26821704006994807,-1.602536977597111,0
2024-12-27,1.781437125748503,1.1298104537622058,-0.3210712656218187,1.2386493273078887,-1.5597205929297073,-0.6688864340074159,0.2727755436749455,-1.6105484116897772,0
2024-12-30,1.7076282218172354,1.137851809304997,-0.6873005729135353,1.4676484577871505,-2.1549490307006858,-0.6838997333866449,0.3222357086260278,-1.6900351753993177,-1
2024-12-31,1.6077844311377247,1.1286616886846639,-1.237955121437192,1.1774217332223846,-2.4153768546595766,-0.71524770515844,0.3847763737934715,-1.8152717841103516,-1
2025-01-02,1.589560010413955,1.1059735784032165,-1.3127532422574493,0.34215762622428747,-1.6549108684817369,-0.7444286060808332,0.3609396834623688,-1.8497968956240352,0
2025-01-03,1.601275709450664,1.1102814474439977,-1.2121418889248226,0.49985995186422016,-1.7120018407890427,-0.7590584487802975,0.37403155669184496,-1.8921484542524398,0
2025-01-06,1.6335589690184849,1.1214819069500286,-0.9905918114616004,0.8897622110252653,-1.8803540224868658,-0.7792084937193374,0.3899624694929883,-1.9483794569316633,0
2025-01-07,1.670788857068472,1.1171740379092474,-0.7413293884181751,0.7473368373719215,-1.4886662257900967,-0.7914247425106941,0.3919772464141381,-1.9748267314355261,0
2025-01-08,1.6170268159333507,1.1280873061458931,-1.04392437504541,1.1188370960096492,-2.162761471055059,-0.8192846749299966,0.4130572383295702,-2.0516265881895634,-1
2025-01-09,1.581749544389482,1.1200459506031017,-1.2223500001368846,0.8464815069956877,-2.0688315071325722,-0.8335125768447751,0.4365558399918883,-2.1035809936814385,0
2025-01-10,1.4726633689143453,1.1194715680643308,-1.8204295238529125,0.8131440169273857,-2.633573540780298,-0.8672846717635692,0.48350740691657546,-2.2180767504437138,-1
2025-01-13,1.4423327258526426,1.1220562894887995,-1.979793829871089,0.9058783080719144,-2.8856721379430033,-0.9172597184388934,0.505957938605872,-2.3404773754836588,-1
2025-01-14,1.4885446498307733,1.1444572085008615,-1.6697685903907715,1.6631429332588663,-3.3329115236496376,-0.9735955078854394,0.5578055134546459,-2.5049965292255245,-1
2025-01-15,1.4389481905753712,1.167145318782309,-2.0065935572810356,2.3418667278995007,-4.348460285180536,-1.0488206874333383,0.6850924328635319,-2.7827338077302084,-1
2025-01-16,1.555454308773757,1.1771970132107985,-1.1863794886800914,2.5504289891986223,-3.7368084778787134,-1.1011172382637837,0.7620687480741728,-2.96430322460174,-1
2025-01-17,1.521739130434783,1.1691556576680069,-1.4002101130313431,2.189609944657716,-3.5898200576890593,-1.154400863055082,0.8066719696627558,-3.11547369577292,-1
2025-01-20,1.5511585524602969,1.1522113727742676,-1.1714043613369554,1.6123028346420132,-2.7837071959789688,-1.1953843452363688,0.7976731329300353,-3.1884418234027727,0
2025-01-21,1.5563655298099455,1.1527857553130385,-1.1050192989755658,1.5720358613755077,-2.6770551603510735,-1.23369969304418,0.7836902794799636,-3.2510896655683235,0
2025-01-22,1.7183025253840147,1.1329695577254453,0.15006989005102359,0.9542884281652237,-0.8042185381142002,-1.235662837614022,0.7797891242097161,-3.25111479943776,0
2025-01-23,1.662978391043999,1.1438828259620908,-0.2572326458636362,1.2384066991280107,-1.495639344991647,-1.251720757908432,0.7562699477970563,-3.25971146361392,0
2025-01-24,1.6694871127310598,1.1562320505456634,-0.1840781372254198,1.5405955038952306,-1.7246736411206505,-1.2758882642958083,0.7191278011884386,-3.270904329780055,0
2025-01-27,1.4946628482166102,1.1674325100516945,-1.5088195691655513,1.7816835812210754,-3.290503150386627,-1.3215424731175438,0.7305722569824509,-3.3736572032175385,0
2025-02-05,1.27896381150742,1.1487650775416427,-2.9315114214169684,1.2190353383666777,-4.150546759783646,-1.3801130329902689,0.7896752826956868,-3.5499013486762245,-1
2025-02-06,1.3147617807862537,1.154508902929351,-2.5227755603369375,1.3462947421151392,-3.8690703024520765,-1.4365307374632403,0.81304400754037,-3.686105482466851,-1
2025-02-07,1.4030200468627962,1.154508902929351,-1.8136292522748128,1.3050110226867664,-3.118640274961579,-1.4793628087358401,0.7991269330109843,-3.7578525504826645,0
2025-02-10,1.439989586045301,1.1659965537047674,-1.5042242723605836,1.5788523280059705,-3.083076600366554,-1.518699910432832,0.7879830300049764,-3.8253828508706404,0
2025-02-11,1.4514449362145276,1.176909821941413,-1.3769283832114558,1.7923599067012246,-3.1692882899126804,-1.5614542658054602,0.7712133070515828,-3.894121838662503,0
2025-02-12,1.4566519135641762,1.195290063182079,-1.3033857946942993,2.141284611540661,-3.4446704062349602,-1.6132431212050615,0.746688729245691,-3.973174971655814,0
2025-02-13,1.4074459776099977,1.197874784606548,-1.6170439361717617,2.0845707192655754,-3.701614655437337,-1.674869763276288,0.7071343647939867,-4.056873891346562,0
2025-02-14,1.3984639416818538,1.2070649052268811,-1.6970559070629714,2.1716154799081804,-3.868671386971152,-1.7445304173785274,0.6456859003727273,-4.134746735129783,0
2025-02-17,1.5042957563134602,1.1981619758759334,-0.8680077523319093,1.8686484873551357,-2.736656239687045,-1.788664857686826,0.5748147752123784,-4.15214449058603,0
2025-02-18,1.4786513928664413,1.2076392877656519,-1.0461730292152314,1.974916775041057,-3.021089804256288,-1.8327181868151186,0.5223150036976876,-4.187751377327925,0
2025-02-19,1.48711273105962,1.2056289488799539,-0.944670530265472,1.8386725339037062,-2.7833430641691783,-1.8662940663530887,0.4844761544114413,-4.217064287117619,0
2025-02-20,1.4897162197344442,1.2018954623779436,-0.8930687574678399,1.6830524400493383,-2.5761211975171783,-1.8995793372223975,0.43353592977959,-4.232694604224385,0
2025-02-21,1.5455610518094247,1.1889718552556001,-0.4057037346728223,1.361788565836107,-1.7674923005089294,-1.9232097736739522,0.3745010717709796,-4.220920619118884,0
2025-02-24,1.4904972663368916,1.18523836875359,-0.842413845395172,1.2403950810602387,-2.0828089264554106,-1.9492429893703134,0.3190402860335311,-4.217526264774158,0
2025-02-25,1.4494923197084093,1.17834577828834,-1.1526787953867816,1.066795578203371,-2.2194743735901525,-1.9814119827345145,0.24548061656153908,-4.208304582030568,0
2025-02-26,1.4608174954438948,1.1912693854106835,-1.0243472445189372,1.3033836311361395,-2.3277308756550767,-2.011214880301735,0.18483234456631914,-4.207262105169789,0
2025-02-27,1.4082270242124448,1.2171165996553706,-1.4137856647157394,1.791605512313041,-3.2053911770287806,-2.056445338516997,0.12401744804550585,-4.2369081250795,0
2025-02-28,1.313069513147618,1.2076392877656519,-2.085677400464472,1.5436248847912397,-3.6293022852557115,-2.1089472708657913,0.06872697955571327,-4.286621521287296,0
2025-03-03,1.3378026555584484,1.2076392877656519,-1.798410567702953,1.5037557424366395,-3.3021663101395924,-2.1537016632469883,0.009563420233239306,-4.316966746727216,0
2025-03-04,1.3337672481124707,1.2004595060310166,-1.7473848387941073,1.3208250378958661,-3.0682098766899735,-2.1966936832862927,-0.06574392196685075,-4.327643444605735,0
2025-03-05,1.346784691486592,1.2317633543940265,-1.5849876069240771,1.95032966783865,-3.5353172747627273,-2.2506274204456487,-0.15145535418314493,-4.349799486708152,0
2025-03-06,1.3690445196563397,1.2337736932797243,-1.365616172215904,1.9200441813942368,-3.2856603536101407,-2.2956900876333775,-0.22636572361259422,-4.365014451654161,0
2025-03-07,1.330903410570164,1.2512923607122344,-1.5860921368683978,2.212684160249787,-3.798776297118185,-2.349272818666078,-0.29381294543608893,-4.404732691896067,0
2025-03-10,1.332725852642541,1.2369327972429638,-1.5159510045675313,1.842787809444843,-3.3587388140123746,-2.398067127656295,-0.3893706717169705,-4.40676358359562,0
2025-03-11,1.3249153866180683,1.2495692130959217,-1.5170054855581292,2.02543361094878,-3.542439096506909,-2.4452772325318985,-0.46503703395640317,-4.425517431107394,0
2025-03-12,1.3324655037750588,1.250430786904078,-1.4070500256831324,1.958883659238909,-3.3659336849220414,-2.4839113654928293,-0.5242282312225346,-4.443594499763124,0
2025-03-13,1.3341577714136943,1.2590465249856406,-1.3445020903364366,2.032519689874047,-3.377021780210484,-2.515610109927982,-0.5607824188850512,-4.470437800970913,0
2025-03-14,1.3536839364748763,1.2969557725445144,-1.1643319867701254,2.616995002005502,-3.7813269887756276,-2.5572657486712242,-0.6028524462463924,-4.511679051096056,0
2025-03-17,1.3571986461858894,1.2935094773118896,-1.102965394316367,2.3849033990217903,-3.4878687933381576,-2.5954143975204333,-0.6595842059459014,-4.531244589094966,0
2025-03-18,1.4170788857068473,1.296381390005744,-0.652137746478258,2.321791669661591,-2.973929416139849,-2.631628519731504,-0.7518579651471795,-4.511399074315829,0
2025-03-19,1.3665712054152566,1.32165422171166,-0.9810782615533654,2.6099493799220377,-3.591027641475403,-2.67094314885039,-0.8116769626054323,-4.530209335095348,0
2025-03-20,1.366831554282739,1.299253302699598,-0.9471042571316722,2.109716042952948,-3.0568203000846204,-2.7039947976792162,-0.8902790189511383,-4.5177105764072945,0
2025-03-21,1.3336370736787297,1.2837449741527858,-1.1437492612998508,1.763271261295578,-2.907020522595429,-2.7266251125623766,-0.9378081192709207,-4.5154421058538325,0
2025-03-24,1.3392345743296017,1.293796668581275,-1.0681446573232274,1.8596511060893806,-2.927795763412608,-2.7575073692191716,-1.0214891901167937,-4.49352554832155,0
2025-03-25,1.327779224160375,1.2949454336588169,-1.1118967929914143,1.8105579829262892,-2.9224547759177035,-2.7894893467185784,-1.1153112037004969,-4.46366748973666,0
2025-03-26,1.3158031762561835,1.225157955198162,-1.1646232360434006,0.6033069792659633,-1.767930215309364,-2.8027984147918326,-1.1754360241407584,-4.430160805442907,0
2025-03-27,1.2902889872429057,1.2423894313612867,-1.3108545951517643,0.8698530616264958,-2.18070765677826,-2.809605845536515,-1.1964237301883167,-4.422787960884714,0
2025-03-28,1.268029159073158,1.241240666283745,-1.4426928544441144,0.8214255209146706,-2.264118375358785,-2.8180945087838665,-1.22222327455707,-4.413965743010663,0
2025-03-31,1.2840406144233274,1.2432510051694428,-1.3261229173465876,0.8275340036065676,-2.1536569209531553,-2.8300754207740813,-1.2659708497295323,-4.39417999181863,0
2025-04-01,1.2836500911221038,1.2311889718552556,-1.3224756940657938,0.5933093148162009,-1.9157850088819948,-2.8360098277066195,-1.2889020088293923,-4.383117646583846,0
2025-04-02,1.2986201510023434,1.2271682940838597,-1.1781763087729606,0.5003248218584677,-1.6785011306314284,-2.828069029372132,-1.2619672599328398,-4.394170798811424,0
2025-04-03,1.2220775839625098,1.2248707639287766,-1.7532519271650047,0.4365147991755019,-2.1897667263405065,-2.824308860566814,-1.2531014168002974,-4.395516304333331,0
2025-04-07,0.9776099973965113,1.1726019529006317,-3.3772941458493473,-0.5297471652892154,-2.847546980560132,-2.844186129101454,-1.3032737588120225,-4.385098499390885,0
2025-04-08,0.9409008070814893,1.1817920735209648,-3.2781182119955656,-0.3924919629857415,-2.885626249009824,-2.863746535905134,-1.3517721681192119,-4.375720903691056,0
2025-04-09,0.937125748502994,1.1619758759333716,-3.0225039551112056,-0.7878293680483821,-2.2346745870628233,-2.869651878648066,-1.3705886907935587,-4.368715066502573,0
2025-04-10,1.0087216870606612,1.180356117174038,-2.4200895590115636,-0.4686568779625077,-1.9514326810490559,-2.877364652902382,-1.4026398600612302,-4.352089445743534,0
2025-04-11,1.0201770372298882,1.1921309592188396,-2.22523666776901,-0.26561579439309496,-1.959620873375915,-2.873978976274396,-1.3916673805717321,-4.35629057197706,0
2025-04-14,1.0614423327258529,1.1912693854106835,-1.8815943789769114,-0.3137400627648161,-1.5678543162120953,-2.865629356425722,-1.359418051644685,-4.371840661206759,0
2025-04-15,1.0436084353033066,1.209075244112579,-1.8923309849904926,0.01756557092450352,-1.909896555914996,-2.8535680733446336,-1.3283280842811989,-4.378808062408068,0
2025-04-16,1.015230408747722,1.2133831131533601,-1.9547938262730766,0.07784490646675943,-2.032638732739836,-2.8393508499245805,-1.299495416421561,-4.3792062834275995,0
2025-04-17,1.010283780265556,1.2096496266513497,-1.8866261073475417,-0.02601545604568613,-1.8606106513018554,-2.814812502052118,-1.2600988370073911,-4.369526167096845,0
2025-04-18,1.0302004686279616,1.2277426766226307,-1.6971375773325448,0.3492569723858587,-2.0463945497184035,-2.7764447397944156,-1.2626035020083988,-4.2902859775804325,0
2025-04-21,1.0568862275449102,1.2142446869615164,-1.4943325400545053,0.039224484400866,-1.5335570244553713,-2.7397238822373597,-1.2138039506296212,-4.265643813845099,0
2025-04-22,1.0423066909658942,1.2064905226881102,-1.513514939074882,-0.14693320427706377,-1.3665817347978184,-2.7026699101891727,-1.152933077535484,-4.252406742842862,0
2025-04-23,1.087216870606613,1.2059161401493395,-1.2304396515972753,-0.1825046177328922,-1.0479350338643831,-2.6737403741539296,-1.0664221933711129,-4.281058554936746,1
2025-04-24,1.0587086696172872,1.2122343480758184,-1.337499961360053,-0.06307348053342895,-1.274426480826624,-2.650363229495189,-1.002941267942018,-4.29778519104836,0
2025-04-25,1.1099973965113252,1.2085008615738082,-1.0429578785505271,-0.1835461296618861,-0.859411748888641,-2.651283116341429,-1.0079979976548445,-4.294568235028014,1
2025-04-28,1.0855246029679773,1.2162550258472142,-1.1539933747541413,-0.028911811420186877,-1.1250815633339544,-2.645107153313801,-0.981494924068151,-4.308719382559451,0
2025-04-29,1.0816193699557408,1.2062033314187248,-1.1553686067945586,-0.29958132000474064,-0.855787286789818,-2.6306257140749536,-0.9199599038299071,-4.34129152432,1
2025-04-30,1.0868263473053892,1.1700172314761632,-1.088983679567215,-1.2002881029702348,0.11130442340301983,-2.5739289211784593,-0.7317868481336562,-4.416070994223262,1
2025-05-06,1.1279614683676127,1.188110281447444,-0.8268988360905224,-0.7833339848172168,-0.04356485127330556,-2.505479222703287,-0.5976037293260359,-4.413354716080539,1
2025-05-07,1.1279614683676127,1.2067777139574958,-0.8046345797005912,-0.3392435260091797,-0.4653910536914115,-2.448751235223943,-0.5037562419028749,-4.3937462285450115,1
2025-05-08,1.2560531111689666,1.2291786329695575,-0.04411600857300981,0.21533118782545305,-0.25944719639846286,-2.401098017247891,-0.3840960033921381,-4.418100031103643,1
2025-05-09,1.2340536318667015,1.2487076392877656,-0.15431493583690212,0.7087189699068417,-0.8630339057437438,-2.3640973056708443,-0.3167627699617648,-4.411431841379924,0
2025-05-12,1.2662067170007811,1.2578977599080987,0.05468195844012071,0.9258174112218014,-0.8711354527816807,-2.3257947583853276,-0.253894569265642,-4.397694947505013,0
2025-05-13,1.2552720645665194,1.27972429638139,0.009483770844689456,1.4606310390076092,-1.4511472681629196,-2.292569372750793,-0.22973845222546263,-4.355400293276124,0
2025-05-14,1.2807862535797971,1.2869040781160253,0.1780230063925814,1.585316018307555,-1.4072930119149736,-2.2543306786920874,-0.21279873460137289,-4.295862622782802,0
2025-05-15,1.225201770372299,1.2900631820792647,-0.14432011173801504,1.5993910666380668,-1.743711178376082,-2.218914675215503,-0.21797920306004492,-4.219850147370961,0
2025-05-16,1.273496485290289,1.2713957495692132,0.1796292624544098,1.0806927128863126,-0.9010634504319028,-2.1883214620612508,-0.16359759126007578,-4.213045332862426,0
2025-05-19,1.2403020046862798,1.2590465249856406,-0.003744574583709763,0.7400326910283873,-0.7437772656120971,-2.150366253083847,-0.10388115465155723,-4.196851351516138,0
2025-05-20,1.2491538661806822,1.2607696726019528,0.07991275939501621,0.7594430750484543,-0.6795303156534381,-2.115302707275252,-0.041030523153881227,-4.189574891396623,0
2025-05-21,1.2461598542046344,1.2607696726019528,0.0889830909018459,0.7344547910606857,-0.6454717001588398,-2.0831252156526125,0.0217416416745162,-4.187992072979741,0
2025-05-22,1.2296277011195003,1.278288340034463,0.014132953383823584,1.1437514435551976,-1.1296184901713742,-2.07249398548032,0.045261794032134706,-4.190249764992775,0
2025-05-23,1.195912522780526,1.265077541642734,-0.19190024683497378,0.7781922502750763,-0.9700924971100501,-2.0539487116578976,0.08284228883946598,-4.190739712155262,0
2025-05-26,1.2022910700338454,1.2578977599080987,-0.11939096927695378,0.5678748888233519,-0.6872658581003057,-2.0284119030664,0.13676649900916926,-4.193590305141969,0
2025-05-27,1.1736526946107786,1.2561746122917863,-0.30246981950474555,0.4993500767763042,-0.8018198962810498,-2.0029800534101665,0.18363706417714276,-4.189597170997476,0
2025-05-28,1.205675605311117,1.2544514646754739,-0.03632858280943771,0.437664673006838,-0.4739932558162757,-1.9574567547232913,0.24102898844169496,-4.155942497888278,0
2025-05-29,1.2358760739390784,1.2484204480183803,0.20655748016987874,0.261311855039545,-0.05475437486966628,-1.897880956216857,0.31002488301601083,-4.105786795449725,0
2025-05-30,1.2177818276490497,1.2472716829408386,0.08302239471231447,0.2143479765232385,-0.13132558181092402,-1.8450336107447127,0.3778846253636774,-4.067951846853103,0
2025-06-03,1.1944806040093727,1.2627800114876506,-0.08099676586921006,0.605172945655639,-0.6861697115248491,-1.8053329413252939,0.4138038226706311,-4.024469705321219,0
2025-06-04,1.2665972403020047,1.2653647329121196,0.5000221587538726,0.6575099934982309,-0.15748783474435835,-1.7490357839916544,0.46294642655007534,-3.961017994533384,0
2025-06-05,1.3392345743296017,1.274267662263067,1.084419496701133,0.8727512183699088,0.21166827833122415,-1.6907469734592984,0.5407540551093075,-3.9222480020279042,0
2025-06-06,1.346654517052851,1.2771395749569212,1.1387677466835533,0.9313408044354138,0.2074269422481395,-1.6239769194698597,0.5906253989748751,-3.8385792379145944,0
2025-06-09,1.4130434782608696,1.2808730614589316,1.6317492075408508,1.002166641707332,0.6295825658335188,-1.5575048964724278,0.6845410110431518,-3.7995508039880077,0
2025-06-10,1.402889872429055,1.2828834003446297,1.5226670900511377,1.0310768110864483,0.4915902789646893,-1.4902710735479014,0.7515874071621211,-3.732129554257924,0
2025-06-11,1.4056235355376205,1.3012636415852958,1.51622415738234,1.4600757368320878,0.056148420550252265,-1.43323637179003,0.7885446352650447,-3.6550173788451046,0
2025-06-12,1.5100234313980736,1.2989661114302125,2.210536195672125,1.3637449005934008,0.8467912950787242,-1.3628394872018765,0.8760080690190619,-3.6016870434228148,0
2025-06-13,1.5184847695912524,1.2975301550832854,2.1795981965097724,1.326946108080087,0.8526520884296853,-1.285606502581788,0.9334922791666898,-3.5047052843302655,0
2025-06-16,1.569513147617808,1.31476163124641,2.4108372467417554,1.7282895568925676,0.6825476898491878,-1.216099561195332,0.9835720634567242,-3.4157711858473885,0
2025-06-17,1.5537620411351212,1.3205054566341181,2.224351630546537,1.8319741652706767,0.3923774652758605,-1.1599944465050702,1.0289927125579055,-3.3489816055680457,0
2025-06-18,1.6279614683676127,1.3167719701321081,2.553606147622434,1.7491203581117762,0.8044857895106579,-1.0867358893219692,1.0651935842422817,-3.23866536288622,0
2025-06-19,1.670137984899766,1.310453762205629,2.6343660693539057,1.5789410791276428,1.055424990226263,-1.018198467816788,1.1404276604269037,-3.1768245960604795,0
2025-06-20,1.6857589169487115,1.3207926479035037,2.546278857721312,1.7788002342232654,0.7674786234980464,-0.9569568153818966,1.1921627718438677,-3.106076402607661,0
2025-06-23,1.654386878417079,1.3282596209075244,2.2429847876066216,1.9028909532748826,0.340093834331739,-0.9024919887528241,1.2087562634586875,-3.0137402409643355,0
2025-06-24,1.6304347826086958,1.342619184376795,2.0159567707569916,2.1529376559992306,-0.13698088524223895,-0.856067423908233,1.1961763025924763,-2.908311150408942,0
2025-06-25,1.6366831554282741,1.3641585295807008,1.9552998655149894,2.4558325730570596,-0.5005327075420702,-0.8349441321121115,1.205175143114904,-2.8750634073391272,0
2025-06-26,1.6883624056235356,1.3750717978173463,2.099028865643953,2.4973966931060936,-0.3983678274621405,-0.8052384682901762,1.206883306012318,-2.8173602425926703,0
2025-06-27,1.8016141629783913,1.327398047099368,2.4655998500302254,1.4719967148766568,0.9936031351535686,-0.750943109781637,1.2767962741408065,-2.7786824937040806,0
2025-06-30,1.8987242905493364,1.3196438828259622,2.681524109193972,1.274229970177765,1.407294139016207,-0.6915939254488142,1.3771732638115588,-2.760361114709187,1
2025-07-01,1.8914345222598286,1.3340034462952326,2.4662141424410025,1.4960869515470954,0.9701271908939071,-0.6434953887858826,1.4436059331040028,-2.7305967106757683,0
2025-07-02,1.8085134079666756,1.3469270534175761,2.0193033030748557,1.6703215610368805,0.3489817420379753,-0.6097040075747258,1.4748825824764842,-2.694290597625936,0
2025-07-03,1.8518614944024994,1.3385985066053991,2.0688676049911825,1.4549489513945035,0.613918653596679,-0.5629759179091061,1.5031477238263042,-2.6290995596445166,0
2025-07-04,1.8152824785212185,1.351809304997128,1.8463004300367085,1.6448982982972284,0.20140213173948007,-0.5121600993707792,1.4738223170600655,-2.498142515801624,0
2025-07-07,1.759307472012497,1.3555427914991385,1.580123752174541,1.654140610828741,-0.07401685865420005,-0.4652999428648521,1.4231616553290363,-2.3537615410587405,0
2025-07-08,1.8859671960426974,1.3676048248133257,1.9593881690891095,1.8214244155371497,0.13796375355195978,-0.42575597052127245,1.4106397851120307,-2.262151726154576,0
2025-07-09,1.8914345222598286,1.3535324526134407,1.8904729032301524,1.5122767401259745,0.3781961631041779,-0.3869288231187185,1.4164644002598088,-2.1903220464972457,0
2025-07-10,1.9082270242124448,1.3854106835152211,1.8640993268497474,2.0149476318188793,-0.15084830496913182,-0.35678261364527214,1.399527001191949,-2.1130922284824933,0
2025-07-11,1.891174173392346,1.3107409534750143,1.7282960324151242,0.6156833117178232,1.1126127206973009,-0.31210816303011557,1.45522010243721,-2.0794364284974414,0
2025-07-14,1.9502733663108567,1.3087306145893165,1.847319750246985,0.5534480809922679,1.293871669254717,-0.2587120259439536,1.5058362245980654,-2.0232602764859724,0
2025-07-15,2.2755792762301486,1.298678920160827,2.7309519676292755,0.34027707014090486,2.3906748974883705,-0.18499013210681686,1.646419260264196,-2.01639952447783,1
2025-07-16,2.222858630564957,1.2955198161975876,2.4060229329679306,0.2561810120716326,2.149841920896298,-0.1181492559035143,1.7567168821219836,-1.993015393929012,1
2025-07-17,2.302134860713356,1.2923607122343481,2.4812814045578158,0.17523508235109803,2.3060463222067176,-0.045608574704762275,1.862286352507687,-1.9535035019172116,1
2025-07-18,2.3512106222337934,1.293796668581275,2.4580728921984094,0.18026366145924919,2.27780923073916,0.017914196215146585,1.9773866468359371,-1.941558254405644,1
2025-07-21,2.4466284821661026,1.288052843193567,2.546547005158293,0.038954210556869553,2.507592794601423,0.08248377170513393,2.1105013883082564,-1.9455338448979886,1
2025-07-22,2.400937255922937,1.2906375646180355,2.2804996164925004,0.06444389533144143,2.216055721161059,0.13688361762222465,2.21601870391184,-1.9422514686673908,1
2025-07-23,2.423587607393908,1.295807007466973,2.212260573107391,0.1466728074805687,2.0655877656268222,0.19255052172978213,2.296679073139017,-1.911578029679453,0
2025-07-24,2.410830512887269,1.2889144170017233,2.067973503718019,-0.03028181918676772,2.098255322904787,0.2418449729263392,2.3839618534974645,-1.9002719076447863,0
2025-07-25,2.4110908617547517,1.287478460654796,1.9709489558250954,-0.08997017329773524,2.060919129122831,0.2949449844672856,2.457087216646964,-1.8671972477123928,0
2025-07-28,2.4976568601926585,1.276278001148765,2.073077421012465,-0.37983293885866926,2.4529103598711344,0.35008994524496817,2.5610693665929705,-1.8608894761030341,0
2025-07-29,2.7327518875292895,1.2676622630672028,2.4638816253363243,-0.6631729843919916,3.127054609728316,0.40035244835038974,2.723519159036642,-1.9228142623358628,1
2025-07-30,2.741473574589951,1.2757036186099944,2.3348770874261597,-0.5310128383990598,2.8658899258252193,0.44884336130203184,2.854317456844358,-1.956630734240294,1
2025-07-31,2.8327258526425414,1.2774267662263066,2.3797367931756437,-0.5418619324098766,2.92159872558552,0.5052931909566474,2.9814234069781747,-1.97083702506488,0
2025-08-01,2.7418640978911744,1.2757036186099944,2.0709973701008644,-0.628783324397375,2.6997806944982394,0.5546136558049258,3.0860499672889903,-1.9768226556791388,0
2025-08-04,2.713095548034366,1.289488799540494,1.9156910709548054,-0.2582089724326824,2.173900043387488,0.6052292216237797,3.142799822832889,-1.9323413795853295,0
2025-08-05,2.7456391564696694,1.2995404939689834,1.8871597069216604,0.014088792800970478,1.8730709141206898,0.6509659944054857,3.179198591583088,-1.8772666027721163,0
2025-08-06,2.7404321791200212,1.295807007466973,1.7936121195022396,-0.1039745650379669,1.8975866845402065,0.7067782269505379,3.1937571119572263,-1.7802006580561507,0
2025-08-07,2.713616245769331,1.2966685812751293,1.6697154862312835,-0.08344094787361953,1.753156434104903,0.7594523843842025,3.197690561333995,-1.6787857925655898,0
2025-08-08,2.724550898203593,1.2788627225732339,1.6238474383312693,-0.6025379364985963,2.2263853748298654,0.8256206602709683,3.2022326897263915,-1.5509913691844548,0
2025-08-11,2.795495964592554,1.266513497989661,1.6840876127780795,-0.9620232758605884,2.6461108886386677,0.8847402325888111,3.2631065586260504,-1.493626093448428,0
2025-08-12,2.9377766206717006,1.263641585295807,1.8593136828939685,-1.0514268138018306,2.910740496695799,0.9456488619606095,3.3414821839907067,-1.450184460069488,0
2025-08-13,3.2803957302785736,1.250430786904078,2.330649999841581,-1.4264214250642353,3.757071424905816,1.0195922243032638,3.484258977251089,-1.4450745286445614,1
2025-08-14,3.1172871648008336,1.257323377369328,1.9505011056055688,-1.2203999582247254,3.170901063830294,1.0831984370364158,3.569950240236601,-1.4035533661637691,0
2025-08-15,3.098802395209581,1.2435381964388281,1.8365107108434051,-1.5766749686852408,3.413185679528646,1.1589118398647498,3.6482295595115897,-1.3304058797820904,0
2025-08-18,3.384535277271544,1.2495692130959217,2.1950384513137897,-1.3839891687907757,3.5790276201045654,1.234730508484993,3.737349579359652,-1.2678885623896656,0
2025-08-19,3.586305649570425,1.2464101091326822,2.376260442218098,-1.4578678956367663,3.8341283378548643,1.310087078417579,3.8493094328756925,-1.2291352760405345,0
2025-08-20,3.4859411611559494,1.2478460654796095,2.110199565381961,-1.4061485411667962,3.516348106548757,1.3820565451314093,3.922568976365059,-1.1584558861022405,0
2025-08-21,3.4524863316844576,1.2484204480183803,1.966958100655129,-1.3820253982448591,3.3489834988999885,1.4457728243766803,3.9886898104166866,-1.0971441616633262,0
2025-08-22,3.630564957042437,1.2423894313612867,2.1266664130306547,-1.5415498249772523,3.668216238007907,1.5078223345913067,4.083279636317021,-1.0676349671344076,0
2025-08-25,4.1655818797188235,1.2599080987937965,2.7114015110987477,-1.0670600262113614,3.7784615373101094,1.5729854532433238,4.177423415216481,-1.0314525087298336,0
2025-08-26,4.087477219474096,1.2498564043653073,2.4458452325400244,-1.3337119227581735,3.779557155298198,1.6474142343570413,4.24445923311729,-0.9496307644032074,0
2025-08-27,4.231970840926842,1.234922458357266,2.477961417339321,-1.703876451736664,4.181837869075985,1.7197363294207137,4.35374188592489,-0.9142692270834629,0
2025-08-28,4.673652694610778,1.234348075818495,2.81608922647571,-1.665856655491438,4.481945881967148,1.7909076228146459,4.489141746449915,-0.9073265008206239,0
2025-08-29,4.620151002343141,1.2317633543940265,2.563662774463607,-1.676684030042928,4.240346804506535,1.8581229538522857,4.596527303515463,-0.880281395810891,0
2025-09-01,5.28638375423067,1.2056289488799539,3.0433842030818345,-2.22940539682453,5.272789599906364,1.9355097377534998,4.792549513080711,-0.9215300375737119,1
2025-09-02,4.998698255662588,1.247558874210224,2.5417575648883126,-1.150466332359086,3.6922238972473984,1.988853631391545,4.855729118013569,-0.8780218552304784,0
2025-09-03,5.547904191616767,1.2320505456634119,2.860943563658748,-1.4784091289735297,4.339352692632278,2.0602403692595788,4.944606345441972,-0.8241256069228142,0
2025-09-04,4.805259047123145,1.2363584147041928,2.0216804330247045,-1.3277392413901883,3.349419674414893,2.101950842248515,4.987317232742452,-0.7834155482454226,0
2025-09-05,5.298099453267379,1.228029867892016,2.3434024679113485,-1.4716624730934205,3.815064941004769,2.1513243897914327,5.0510789207968845,-0.7484301412140186,0
2025-09-08,4.8163238739911485,1.2185525560022976,1.8135291173545043,-1.623412139545567,3.436941256900071,2.1972309492422815,5.089600361133428,-0.6951384626488646,0
2025-09-09,4.67703722988805,1.2300402067777139,1.620727943945083,-1.310057600347282,2.930785544292365,2.2395377505592227,5.098585551488936,-0.6195100503704913,0
2025-09-10,5.01171569903671,1.234922458357266,1.8354262093246672,-1.1584333916917555,2.993859601016423,2.2760273140843186,5.116396284702044,-0.564341656533407,0
2025-09-11,5.7272845613121595,1.2435381964388281,2.317091004256309,-0.9335227144888173,3.2506137187451265,2.3126137928929666,5.145569352831499,-0.5203417670455663,0
2025-09-12,5.494532673782869,1.221711659965537,2.013809626310787,-1.3729793366762646,3.3867889629870516,2.3562689652177835,5.173049335803864,-0.4605114053682966,0
2025-09-15,5.311377245508982,1.2125215393452038,1.7824655883281706,-1.5171846617514702,3.2996502500796407,2.4055949054802483,5.182121636085167,-0.37093182512467093,0
2025-09-16,5.355636552980995,1.1990235496840895,1.743278600624957,-1.7425903296923724,3.4858689303173294,2.465975735739575,5.1743154579700015,-0.24236398649085222,0
2025-09-17,5.287685498568082,1.199310740953475,1.6239164808634012,-1.6856698719246586,3.3095863527880596,2.5294777200784098,5.131463157063314,-0.07250771690649449,0
2025-09-18,5.3293413173652695,1.1726019529006317,1.5942936891833515,-2.194190963029176,3.788484652212527,2.5992585947396543,5.104615537913341,0.09390165156596675,0
2025-09-19,5.486852382192138,1.1774842044801839,1.6503316659198188,-1.9868380065862055,3.6371696725060243,2.643318037028862,5.126695367220425,0.15994070683729866,0
2025-09-22,5.441291330382714,1.1751866743251005,1.5535082097039998,-1.9378100206303228,3.491318230334323,2.678051771884164,5.149373617207351,0.20672992656097744,0
2025-09-23,5.65334548294715,1.1932797242963813,1.648984077466785,-1.5060356196481806,3.1550196971149655,2.7144666469878485,5.147509611231935,0.28142368274376217,0
2025-09-24,5.51288726894038,1.186674325100517,1.4873471370422942,-1.5926318469342027,3.079978983976497,2.7599832676868234,5.113909971019217,0.4060565643544307,0
2025-09-25,5.657380890393128,1.1723147616312464,1.5389163803637247,-1.8209177170627167,3.3598340974264413,2.805748525083986,5.095858156117755,0.515638894050217,0
2025-09-26,5.385316323873991,1.1717403790924754,1.2912128513785806,-1.7778333128066932,3.0690461641852735,2.8535425922914164,5.039902936626297,0.6671822479565357,0
2025-09-29,5.425019526165062,1.1682940838598506,1.2801065731738994,-1.8002283340940008,3.0803349072679005,2.906115121723451,4.95339572572014,0.8588345177267613,0
2025-09-30,5.254881541265296,1.1605399195864445,1.1158514663515022,-1.9257837391584867,3.041635205509989,2.954509645922752,4.868556038614347,1.0404632532311566,0
2025-10-09,5.191486592033325,1.1582423894313612,1.034983683144782,-1.9255161415251296,2.9604998246699115,2.997548040282181,4.788092262435693,1.2070038181286677,0
2025-10-10,5.076802915907316,1.1539345203905802,0.9173493538362044,-2.027326975188026,2.9446763290242304,3.0491401175154036,4.637656285697678,1.4606239493331297,0
2025-10-13,4.907445977609998,1.1519241815048822,0.7588909514639194,-1.9834634896952807,2.7423544411592,3.0763024795231013,4.583789327485592,1.5688156315606112,0
2025-10-14,4.50533715178339,1.1849511774842043,0.41566003588533323,-1.2097482844143261,1.6254083202996594,3.081828090373851,4.564972302657772,1.5986838780899304,0
2025-10-15,4.6097370476438435,1.1918437679494542,0.47553033599193517,-1.0217753163565346,1.4973056523484698,3.066938602954852,4.595548006197243,1.5383291997124613,-1
2025-10-16,4.777011195001302,1.204192992533027,0.5871619404287003,-0.71575304916542,1.3029149895941203,3.052823154099816,4.63072773261503,1.474918575584602,-1
2025-10-17,4.8633168445717265,1.1944284893739232,0.6332872082013985,-0.9086268523296922,1.5419140605310906,3.0400876164052226,4.654424572934067,1.4257506598763785,0
2025-10-20,5.246029679770894,1.189546237794371,0.9272957452642921,-0.9891812070488686,1.9164769523131606,3.034065411764789,4.662603130737062,1.4055276927925162,0
2025-10-21,5.747201249674564,1.2056289488799539,1.3142640535249062,-0.5905116490340803,1.9047757025589864,3.024018460230748,4.673076909879711,1.3749600105817845,0
2025-10-22,5.783650091122104,1.204767375071798,1.3056612407992025,-0.5855025197622556,1.8911637605614582,3.0186035942207554,4.6805374249048874,1.356669763536623,0
2025-10-23,5.739130434782609,1.2130959218839747,1.230816148970651,-0.36151781272527195,1.592333961695923,3.0107160308219063,4.695385246956455,1.326046814687357,0
2025-10-24,6.430617026815934,1.204767375071798,1.7707521057171303,-0.5392294149455286,2.309981520662659,3.014244800784538,4.692012185362428,1.336477416206648,0
2025-10-27,6.625097630825307,1.1944284893739232,1.8701679350382723,-0.7682922648213699,2.638460199859642,3.0238704852968183,4.685942912363272,1.3617980582303653,0
2025-10-28,6.677948450924239,1.1947156806433086,1.847133043012407,-0.7341079284972765,2.5812409715096836,3.0260093288241268,4.68542113081324,1.3665975268350132,0
2025-10-29,6.778443113772456,1.1708788052843195,1.8581474780982459,-1.2935760987627782,3.1517235768610243,3.026420478276339,4.685946341282536,1.3668946152701422,0
2025-10-30,6.70059880239521,1.183228029867892,1.7281317624789925,-0.9500497143202807,2.6781814767992733,3.0232920041259064,4.684755478482259,1.3618285297695532,0
2025-10-31,6.157380890393127,1.1743251005169444,1.2289274068621043,-1.1414783372892525,2.370405744151357,3.014105454435337,4.683930438951743,1.3442804699189315,0
2025-11-03,6.248372819578235,1.2001723147616312,1.271362534290203,-0.45270052311233105,1.7240630574025342,2.9978434938170753,4.698834143631313,1.296852844002838,0
2025-11-04,6.2197344441551685,1.2352096496266514,1.2147684618848629,0.5010732334020572,0.7136952284828056,2.9735067469019976,4.761984168036509,1.1850293257674864,-1
2025-11-05,6.209450663889612,1.2291786329695575,1.1761072073792758,0.38683845229405883,0.7892687550852169,2.9554433775847397,4.809810077123847,1.1010766780456331,-1
2025-11-06,6.468107263733403,1.2159678345778289,1.3756745460910862,0.05537078262790775,1.3203037634631785,2.945821995566789,4.828293061748879,1.0633509293846986,0
2025-11-07,6.379198125488155,1.2208500861573808,1.268338747515823,0.249180322568293,1.01915842494753,2.933588695414166,4.856688903479251,1.0104884873490816,0
2025-11-10,6.378547253319448,1.2268811028144744,1.2450978781399191,0.48008858308001295,0.7650092950599061,2.909232427418,4.904432497465569,0.9140323573704312,-1
2025-11-11,6.092814371257486,1.2337736932797243,0.9508296485460722,0.7357959319198525,0.21503371662621973,2.868714474551126,4.980956683339789,0.7564722657624632,-1
2025-11-12,6.401327779224161,1.232912119471568,1.2372741837995653,0.7399530868333877,0.49732109696617766,2.8284908178889654,5.027608965539834,0.6293726702380966,-1
2025-11-13,6.261390262952356,1.2409534750143596,1.0685036613112953,1.0220545662109901,0.04644909510030515,2.7666471123922074,5.065958650062116,0.4673355747222985,-1
2025-11-14,6.024733142410831,1.2421022400919013,0.799540032141647,1.0820613889366564,-0.28252135679500934,2.709090072048452,5.136560446037345,0.2816196980595591,-1
2025-11-17,6.290028638375423,1.2248707639287766,1.0765621648385209,0.5074515398366484,0.5691106250018725,2.6616888211396725,5.143691591440971,0.1796860508383733,0
2025-11-18,6.156079146055715,1.2314761631246411,0.9046866829518403,0.7544319676190218,0.15025471533281853,2.6045426060601433,5.157504743917339,0.05158046820294793,0
2025-11-19,6.360322832595679,1.241240666283745,1.125913106477059,1.1024775518356211,0.02343555464143776,2.541031059673253,5.158353287955441,-0.07629116860893559,0
2025-11-20,6.404582140067691,1.2415278575531303,1.1663275537076536,1.1214044293092718,0.044923124398381864,2.483173976637413,5.165463736479999,-0.19911578320517265,0
2025-11-21,6.040223900026035,1.234922458357266,0.6856230492402801,0.9049988453566677,-0.2193757961163877,2.4237013217204737,5.184976329256136,-0.3375736858151881,0
2025-11-24,5.946368133298621,1.2242963813900059,0.5370269104374366,0.543146454175552,-0.006119543738115407,2.362462392024707,5.173983902566699,-0.44905911851728497,0
2025-11-25,6.243946888831035,1.2421022400919013,0.9391761162860497,1.2125304027193458,-0.27335428643329607,2.29493212829565,5.1621931558786915,-0.5723288992873914,0
2025-11-26,7.071335589690186,1.2421022400919013,2.0945053339102975,1.225236791132037,0.8692685427782605,2.2464273180869845,5.109988367038772,-0.6171337308648037,0
2025-11-27,6.821140328039574,1.2403790924755886,1.6851285311738002,1.1544841227666316,0.5306444084071686,2.1855740937425043,5.036986385427868,-0.6658381979428598,0
2025-11-28,6.6974746159854215,1.233486502010339,1.4522454861326228,0.9032978371126245,0.5489476490199984,2.1200241231933847,4.937320069872124,-0.6972718234853548,0
2025-12-01,7.003384535277272,1.247558874210224,1.8425511156307297,1.3934606725605185,0.4490904430702112,2.056836517169446,4.850652306833158,-0.7369792724942661,0
2025-12-02,7.055454308773758,1.2458357265939115,1.8297240211241343,1.288161854221355,0.5415621669027793,1.9779827266193866,4.667704219871685,-0.7117387666329116,0
2025-12-03,6.817625618328561,1.2352096496266514,1.4299754485533982,0.9241387664333143,0.5058366821200839,1.9248762730339313,4.6027168994437115,-0.7529643533758485,0
2025-12-04,6.970840926841968,1.241240666283745,1.5846682539937875,1.129559529231474,0.45510872476231357,1.860138873569432,4.487876356438903,-0.7675986093000398,0
2025-12-05,6.991017964071856,1.2478460654796095,1.558704041148446,1.348342497063758,0.210361544084688,1.8078212380639285,4.4399357189529685,-0.8242932428251113,0
2025-12-08,7.419942723249155,1.2400919012062033,2.0510521971568636,1.0592659926966927,0.9917862044601709,1.760766592454852,4.347465692579382,-0.825932507669678,0
2025-12-09,7.888570684717522,1.2360712234348075,2.527081295357919,0.9013706005073314,1.6257106948505875,1.7305794164206936,4.279709319342562,-0.8185504865011741,0
2025-12-10,8.018745118458735,1.1975875933371627,2.540923845467829,-0.43053069574032354,2.9714545412081526,1.731257233035957,4.281706603529194,-0.8191921374572799,0
2025-12-11,7.638765946368133,1.1970132107983917,1.9602713853991158,-0.4307245444500869,2.3909959298492027,1.7212095051831697,4.256127882128998,-0.8137088717626579,0
2025-12-12,7.5761520437386105,1.1987363584147042,1.7940961263767028,-0.34751153172812366,2.1416076581048262,1.702726070839165,4.208284285175004,-0.802832143496675,0
2025-12-15,7.431137724550899,1.2004595060310166,1.5518411746210456,-0.27357034011041953,1.8254115147314651,1.6767031133682382,4.143241567847695,-0.7898353411112184,0
2025-12-16,7.182895079406404,1.1975875933371627,1.210755782782584,-0.36715519797903956,1.5779109807616234,1.6480074588796048,4.077524007931769,-0.7815090901725594,0
2025-12-17,7.680031241864099,1.1924181504882252,1.728151779204394,-0.5472180759546017,2.2753698551589956,1.6278324742936325,4.015002265165178,-0.7593373165779123,0
2025-12-18,7.4355636552981,1.216829408385985,1.3892449672394958,0.3141882629289097,1.075056704310586,1.5905903134856747,3.9404636672412368,-0.7592830402698871,0
2025-12-19,7.442072376985162,1.2059161401493395,1.347721625610786,-0.09672084805212343,1.4444424736629093,1.551522943843181,3.8296003311138946,-0.7265544434275328,0
2025-12-22,8.038271283519917,1.1995979322228605,1.9394668555689727,-0.3422903202797901,2.281757175848763,1.52893273556556,3.749023439110725,-0.6911579679796052,0
2025-12-23,8.083832335329342,1.203618609994256,1.8964385142898335,-0.2153178873680107,2.111756401657844,1.505940038420952,3.6712575208361864,-0.6593774439942823,0
2025-12-24,8.258266076542567,1.201321079839173,1.981669981510141,-0.30611742071421166,2.2877874022243527,1.4914861668394417,3.6233451274210555,-0.6403727937421719,0
2025-12-25,8.328560270762821,1.1998851234922459,1.9552422769852762,-0.36950096240376895,2.3247432393890453,1.478898904429651,3.581320999620093,-0.623523190760791,0
2025-12-26,8.16193699557407,1.1975875933371627,1.7036918580236342,-0.4781908325062409,2.181882690529875,1.4592663809813748,3.5116445496769315,-0.5931117877141818,0
2025-12-29,8.044780005206977,1.2024698449167144,1.524273988066842,-0.31817448943483895,1.842448477501681,1.438823086203315,3.449997632039503,-0.5723514596328734,0
2025-12-30,8.227024212444677,1.2142446869615164,1.6413664276905648,0.10908777298777296,1.5322786547027918,1.4130221486605632,3.377716831038823,-0.5516725337176966,0
2025-12-31,7.940640458214007,1.209075244112579,1.3100242303921619,-0.1317083917474186,1.4417326221395805,1.3863571056043897,3.3040031547890654,-0.5312889435802859,0
2026-01-05,8.116506118198387,1.2162550258472142,1.438145273063521,0.12820657621800852,1.3099386968455125,1.3588477534739831,3.231463300591151,-0.5137677936431844,0
2026-01-06,7.8788076021869315,1.2271682940838597,1.1653927640686126,0.5742102001038445,0.5911825639647681,1.3196228573896585,3.155347525392445,-0.5161018106131281,0
2026-01-07,8.065607914605572,1.210511200459506,1.321643683338458,-0.2408910211618466,1.5625347045003046,1.2999591951120102,3.0985923110669047,-0.4986739208428841,0
2026-01-08,7.751236657120542,1.1941412981045376,0.9816549375453932,-1.0560775816679586,2.037732519213352,1.3068312650939051,3.1136545817468635,-0.49999205155905346,0
2026-01-09,7.591772975787556,1.186099942561746,0.7928944964050271,-1.4379757672516864,2.2308702636567137,1.3190573419490426,3.1409878472556594,-0.5028731633575743,0
2026-01-12,7.7059359541786,1.1809304997128087,0.9056558142701676,-1.6370103055460161,2.5426661198161837,1.339719860786077,3.1888230843049836,-0.5093833627328295,0
2026-01-13,7.625097630825307,1.1812176909821943,0.7940452524447542,-1.5906772333792294,2.3847224858239837,1.3537666678742921,3.2218256534449505,-0.5142923176963663,0
2026-01-14,7.719343920853945,1.1507754164273407,0.8898114858711563,-2.819702659073096,3.7095141449442526,1.3836506210848103,3.343442633261323,-0.5761413910917024,1
2026-01-15,8.13616245769331,1.1519241815048822,1.38171690918466,-2.5719074637653625,3.9536243729500224,1.4177980989246606,3.483085135277597,-0.6474889374282757,1
2026-01-16,8.031762561832856,1.1120045950603101,1.2123989506037722,-3.666431433833568,4.87883038443734,1.4675925426559255,3.715313885787329,-0.7801288004754776,1
2026-01-19,7.882061963030462,1.107122343480758,0.9898063628019401,-3.3866682819901563,4.376474644792096,1.513994887374195,3.8838271741271555,-0.8558373993787656,1
2026-01-20,7.6152043738609745,1.1122917863296955,0.6117127205338347,-2.924054000263184,3.5357667207970187,1.5344246407097677,3.9528072614581697,-0.8839579800386341,0
2026-01-21,7.574850299401198,1.0982194141298105,0.5377344322312849,-3.034361962403118,3.572096394634403,1.5499852439560136,4.008938550264853,-0.9089680623528262,0
2026-01-22,8.083832335329342,1.0870189546237794,1.1771054382837804,-3.028214950778392,4.205320389062173,1.5770532342485553,4.116618302973819,-0.9625118344767085,1
2026-01-23,7.6152043738609745,1.07696726019529,0.5373194014978082,-3.002940344617375,3.540259746115183,1.5835288370694578,4.141342926392268,-0.9742852522533518,0
2026-01-26,7.677688102056756,1.0919012062033315,0.599093243799008,-2.475658441206928,3.074751685005936,1.5901383405395688,4.16147249997816,-0.9811958188990226,0
2026-01-27,8.013538141109088,1.0941987363584147,1.0126114540946696,-2.29081627464936,3.3034277287440297,1.6056887069494468,4.207324242406151,-0.9959468285072575,0
2026-01-28,8.174954438948191,1.0855829982768523,1.1900465557268893,-2.319430336711198,3.5094768924380872,1.6354456042000394,4.283025293533851,-1.0121340851337723,0
2026-01-29,7.990757615204375,1.1065479609419875,0.9127531130747576,-1.8021760797334783,2.7149291928082357,1.6687995036054633,4.319564225045487,-0.9819652178345601,0
2026-01-30,8.44832074980474,1.110568638713383,1.484566979142138,-1.648365336429815,3.132932315571953,1.7078605629469088,4.374925607579356,-0.9592044816855383,0
2026-02-02,7.693309034105702,1.104250430786904,0.4352910541504755,-1.6947593034243111,2.1300503575747864,1.7213563395154354,4.3886389163890485,-0.9459262373581772,0
2026-02-03,7.676386357719346,1.099942561746123,0.38815708094211193,-1.699061351542371,2.087218432484483,1.7391573396410513,4.401628559642417,-0.9233138803603147,0
2026-02-04,7.289768289507942,1.1203331418724871,-0.1756054306570243,-1.2714417297307232,1.095836299073699,1.7446711230412812,4.400297451548322,-0.9109552054657597,0
2026-02-05,7.315673001822443,1.140436530729466,-0.173045137336841,-0.869903549216819,0.696858411879978,1.752701534628844,4.392378348214532,-0.8869752789568444,0
2026-02-06,7.029549596459256,1.1372774267662262,-0.6178125275852198,-0.8980887167829402,0.28027618919772046,1.7490841194993696,4.396343053589262,-0.8981748145905228,0
2026-02-09,7.367742775318928,1.1338311315336014,-0.14539607136765695,-0.9301981371263908,0.7848020657587338,1.7613900023436768,4.3831954452728565,-0.8604154405855029,0
2026-02-10,7.233923457432962,1.1298104537622058,-0.39756916229052697,-0.9717810774301556,0.5742119151396287,1.775668890209254,4.3612754083334515,-0.8099376279149437,0
2026-02-11,6.924108305128873,1.131533601378518,-0.9320170235112749,-0.9093695305009912,-0.02264749301028368,1.7658062549090514,4.374545133347367,-0.8429326235292642,0
2026-02-12,6.866180682114034,1.1197587593337164,-1.0812544119703973,-1.090033320878838,0.008778908908440686,1.7634483248019783,4.378375528399264,-0.8514788787953076,0
2026-02-13,6.912262431658423,1.1117174037909248,-1.0435572992536275,-1.1975781103471348,0.1540208110935073,1.7656247457428464,4.374872074123287,-0.8436225826375945,0
2026-02-24,7.211663629263214,1.118322802986789,-0.5648322120659404,-1.041021811287455,0.4761895992215146,1.7728125203232319,4.365099129371788,-0.8194740887253242,0
2026-02-25,7.368784170788858,1.1137277426766226,-0.3451081680468107,-1.0892704215966702,0.7441622535498595,1.7888714878176695,4.342607124997439,-0.7648641493621,0
2026-02-26,7.448841447539704,1.1114302125215394,-0.2622146160997824,-1.0942964647548885,0.832081848655106,1.802841511024223,4.3256169272459655,-0.7199339051975195,0
2026-02-27,6.951314761780787,1.1128661688684665,-1.3926422711745845,-1.0340999767618146,-0.35854229441276986,1.801421710891232,4.329041453737656,-0.7261980319551915,0
2026-03-02,7.4274928404061455,1.110568638713383,-0.36590423220217566,-1.0432434585843295,0.6773392263821538,1.7982228889512966,4.331121624014459,-0.7346758461118661,0
2026-03-03,7.339234574329602,1.125215393452039,-0.5936869536941541,-0.742158365145249,0.14847141145109488,1.7918533390020286,4.3395972594803425,-0.7558905814762855,0
2026-03-04,7.016401978651394,1.1085582998276853,-1.3651731927854112,-1.024166378963469,-0.3410068138219422,1.7770207646213299,4.3642555826773295,-0.81021405343467,0
2026-03-05,7.250715959385578,1.1243538196438827,-0.8420272878290177,-0.6973017774410241,-0.14472551038799364,1.767123832063693,4.379443366411625,-0.8451957022842385,0
2026-03-06,7.1007550117157,1.12578977599081,-1.1970455403194633,-0.6438193546961366,-0.5532261856233267,1.7488773595215912,4.4108403626073045,-0.9130856435641219,0
2026-03-09,6.847045040354075,1.114014933946008,-1.7964754403035257,-0.8491848148853917,-0.947290625418134,1.7246585710626208,4.4581070341964875,-1.0087898920712461,0
2026-03-10,7.120541525644364,1.1263641585295807,-1.169483163337814,-0.5754347028646981,-0.5940484604731159,1.7071726179753637,4.4866918101063495,-1.0723465741556222,0
2026-03-11,7.220515490757615,1.1344055140723721,-0.9525714070444701,-0.3830355134759163,-0.5695358935685537,1.6941743273478098,4.509234230116196,-1.1208855754205758,0
2026-03-12,6.961728716480083,1.1344055140723721,-1.5252462294854354,-0.356045276435977,-1.1692009530494585,1.6581578747226493,4.563617739233802,-1.2473019897885032,0
2026-03-13,7.055714657641239,1.1418724870763928,-1.2589210914689437,-0.16328667236104868,-1.095634419107895,1.6128021228233413,4.604020021515307,-1.3784157758686246,0
2026-03-16,7.311897943243948,1.146180356117174,-0.6387143042236086,-0.0472501196316794,-0.5914641845919293,1.5534201440600064,4.576217165434794,-1.4693768773147806,0
2026-03-17,7.068471752147879,1.1522113727742676,-1.1715101285705931,0.10841756140805504,-1.2799276899786483,1.4922380837295424,4.5936531146273225,-1.6091769471682378,0
2026-03-18,7.550117156990368,1.1464675473865595,-0.05800379294604719,-0.003907449448831636,-0.05409634349721555,1.455643017036175,4.577637723728127,-1.666351689655777,0
2026-03-19,7.487633428794586,1.1421596783457784,-0.20462069312537487,-0.08284975293531682,-0.12177094019005805,1.4231899761208164,4.56993287708915,-1.7235529248475174,0
2026-03-20,7.96667534496225,1.1415852958070074,0.8727946786155224,-0.07534270779333842,0.9481373864088608,1.4126937495482703,4.561537946199864,-1.736150447103323,0
2026-03-23,7.805519395990628,1.1108558299827684,0.4944442821503531,-0.7837324005100331,1.2781766826603862,1.39607386333996,4.5369126071879755,-1.7447648805080551,0
2026-03-24,7.851991668836242,1.1272257323377368,0.5846235515654941,-0.362693658753578,0.9473172103190721,1.3939448717734348,4.535841759465039,-1.747952015918169,0
2026-03-25,8.180161416297839,1.1275129236071222,1.2947798327476276,-0.3301629598769045,1.6249427926245321,1.3969532104227953,4.539392388326185,-1.7454859674805945,0
2026-03-26,7.995313720385318,1.1361286616886848,0.877561422348794,-0.08725226214782673,0.9648136844966207,1.375004152233593,4.51069362199545,-1.7606853175282637,0
2026-03-27,7.784431137724551,1.1326823664560597,0.4123757855825546,-0.14915224349884101,0.5615280290813957,1.349167012690652,4.48570916260247,-1.787375137221166,0
2026-03-30,7.66831554282739,1.1338311315336014,0.17161989977183745,-0.09130976010665945,0.2629296598784969,1.3154193836515546,4.454452430395367,-1.8236136630922577,0
2026-03-31,7.412262431658423,1.1292360712234348,-0.40204848462778103,-0.18846032081368388,-0.21358816381409715,1.2731138602648353,4.425205325286958,-1.8789776047572877,0
2026-04-01,7.834808643582401,1.1435956346927054,0.6338898701739366,0.24096400052041134,0.3929258696535253,1.2432979132502295,4.394265691161696,-1.907669864661237,0
2026-04-02,7.5761520437386105,1.1418724870763928,0.02376801074866655,0.2279004753377859,-0.20413246458911935,1.2091882308820496,4.378031089262555,-1.9596546274984554,0
2026-04-03,7.895339755272065,1.131533601378518,0.8372910274831533,-0.03727719289538078,0.8745682203785341,1.1982263903099788,4.367073243222503,-1.9706204626025452,0
2026-04-07,8.064696693569383,1.1197587593337164,1.2489592160145169,-0.37308834275527075,1.6220475587697876,1.2012316392538154,4.371359640417845,-1.968896361910214,0
2026-04-08,8.957823483467848,1.137851809304997,3.1767760994454677,0.2752328372702475,2.9015432621752204,1.2277583820093105,4.428078997052843,-1.9725622330342216,0
2026-04-09,9.02134860713356,1.1275129236071222,3.022481009810321,-0.029940662701608313,3.052421672511929,1.2687790338184297,4.498865072399846,-1.9613070047629861,0
2026-04-10,9.56326477479823,1.1260769672601953,3.6471933775297782,-0.034210767060225106,3.681404144590003,1.3040935244865917,4.593038685676796,-1.9848516367036126,0
2026-04-13,9.606873210101536,1.1194715680643308,3.308350602020623,-0.28457252876394357,3.5929231307845666,1.3300133680127786,4.666644354615729,-2.0066176185901714,0
2026-04-14,10.062483728195783,1.123779437105112,3.54835737904778,-0.040403698423011815,3.588761077470792,1.3526448815763463,4.732274642367541,-2.0269848792148486,0
2026-04-15,10.15334548294715,1.1458931648477886,3.2720067847105785,1.1547575507083563,2.117249234002222,1.3455546001461136,4.716803309233482,-2.0256941089412552,0
2026-04-16,10.539052330122365,1.146180356117174,3.3489237566156422,1.2889593469175296,2.0599644096981127,1.3401419655440159,4.70564182362819,-2.0253578925401574,0
2026-04-17,11.077844311377246,1.134979896611143,3.496518585421883,0.6809779158395237,2.8155406695823593,1.3252424076213176,4.655807067840743,-2.0053222525981074,0
2026-04-20,11.064826868003125,1.1450315910396323,3.1296706054194727,1.2794562093202793,1.8502143960991935,1.2901855746738036,4.551777304628492,-1.9714061552808848,0
2026-04-21,11.258266076542569,1.1450315910396323,3.0030939053724186,1.2353112331143912,1.7677826722580274,1.2383347794708153,4.363938516780492,-1.8872689578388615,0
2026-04-22,11.541525644363448,1.141298104537622,2.953659593951773,0.9866888051424855,1.9669707888092876,1.1981763818711018,4.219960095378925,-1.8236073316367214,0
2026-04-23,11.676646706586828,1.14330844342332,2.801468612233612,1.0664458751335208,1.7350227371000913,1.1681639821428196,4.130694837120493,-1.794366872834854,0
2026-04-24,11.546342098411873,1.1309592188397473,2.504727848227973,0.33444329912610316,2.17028454910187,1.1448004513839443,4.051803008582227,-1.7622021058143387,0
2026-04-27,11.156339494923198,1.1309592188397473,2.096481759529866,0.30482347179611247,1.7916582877337535,1.1045727496951372,3.9041107108352553,-1.694965211444981,0
2026-04-28,10.739390783650093,1.1372774267662262,1.722031473484199,0.6810122797639268,1.0410191937202722,1.0629187404885552,3.7884316390083956,-1.6625941580312853,0
2026-04-29,11.01275709450664,1.1056863871338312,1.8201460284561994,-1.4636647509923049,3.2838107794485043,1.0664030587292648,3.8028905324453564,-1.6700844149868268,0
2026-04-30,11.162457693309035,1.0990809879379668,1.8305570637177924,-1.9415536856704216,3.7721107493882142,1.0742144424066677,3.8392047498499284,-1.690775865036593,0
2026-05-06,11.142931528247853,1.0913268236645606,1.7387349529811007,-2.5278317960665575,4.266566749047659,1.0868326066834941,3.9034580081381467,-1.7297927947711587,1
2026-05-07,11.422416037490239,1.0898908673176335,1.8257278872005922,-2.509909605667836,4.335637492868428,1.1138444116844972,4.023531232236038,-1.7958424088670435,1
2026-05-08,11.533454829471493,1.0896036760482481,1.8091033138795618,-2.403575651777331,4.212678965656893,1.131840189185913,4.104988042273876,-1.8413076639020496,1
2026-05-11,12.23808903931268,1.0904652498564043,2.104086235626672,-2.268875386399247,4.372961622025919,1.1692220435934317,4.247949721869993,-1.9095056346831296,1
2026-05-12,13.251627180421766,1.0884549109707065,2.4943768517067237,-2.3262401245231255,4.820616976229849,1.214778685989188,4.426771718989523,-1.9972143470111465,1
2026-05-13,13.657901588128093,1.0878805284319357,2.520566558540405,-2.228978123069981,4.749544681610386,1.2756738256981324,4.6145277254729695,-2.0631800740767043,1
2026-05-14,14.032803957302788,1.085870189546238,2.519390009098124,-2.2092911400845536,4.728681149182678,1.342870871319844,4.7947139048110525,-2.108972162171364,0
2026-05-15,13.666623275188753,1.0812751292360712,2.2038338442295164,-2.3124781097546876,4.516311953984204,1.4134714673996192,4.94916888171569,-2.1222259469164513,0
