date,cum_ret_high,cum_ret_low,z_high,z_low,spread,spread_mean,upper_band,lower_band,signal
2023-05-16,1,1,NA,NA,NA,NA,NA,NA,NA
2023-05-17,1.00418410041841,0.9935779816513761,NA,NA,NA,NA,NA,NA,NA
2023-05-18,0.9723849372384937,0.9940366972477065,NA,NA,NA,NA,NA,NA,NA
2023-05-19,0.9623430962343096,0.9766055045871559,NA,NA,NA,NA,NA,NA,NA
2023-05-22,0.9635983263598327,0.9770642201834863,NA,NA,NA,NA,NA,NA,NA
2023-05-23,0.9431799163179916,0.9564220183486238,NA,NA,NA,NA,NA,NA,NA
2023-05-24,0.9424686192468619,0.9302752293577982,NA,NA,NA,NA,NA,NA,NA
2023-05-25,0.9376150627615063,0.9321100917431192,NA,NA,NA,NA,NA,NA,NA
2023-05-26,0.9205020920502092,0.9344036697247706,NA,NA,NA,NA,NA,NA,NA
2023-05-29,0.9082008368200837,0.9334862385321101,NA,NA,NA,NA,NA,NA,NA
2023-05-30,0.9413807531380753,0.9339449541284404,NA,NA,NA,NA,NA,NA,NA
2023-05-31,0.9253974895397489,0.9197247706422018,NA,NA,NA,NA,NA,NA,NA
2023-06-01,0.9326359832635983,0.9220183486238532,NA,NA,NA,NA,NA,NA,NA
2023-06-02,0.95581589958159,0.9261467889908257,NA,NA,NA,NA,NA,NA,NA
2023-06-05,0.9196652719665273,0.9174311926605504,NA,NA,NA,NA,NA,NA,NA
2023-06-06,0.917489539748954,0.9096330275229356,NA,NA,NA,NA,NA,NA,NA
2023-06-07,0.8673640167364017,0.9114678899082569,NA,NA,NA,NA,NA,NA,NA
2023-06-08,0.8703347280334728,0.9266055045871558,NA,NA,NA,NA,NA,NA,NA
2023-06-09,0.8871966527196652,0.9256880733944953,NA,NA,NA,NA,NA,NA,NA
2023-06-12,0.8868200836820084,0.9105504587155964,NA,NA,NA,NA,NA,NA,NA
2023-06-13,0.8916317991631799,0.9165137614678899,NA,NA,NA,NA,NA,NA,NA
2023-06-14,0.892887029288703,0.9174311926605504,NA,NA,NA,NA,NA,NA,NA
2023-06-15,0.9660251046025105,0.9311926605504587,NA,NA,NA,NA,NA,NA,NA
2023-06-16,0.9669456066945606,0.9353211009174311,NA,NA,NA,NA,NA,NA,NA
2023-06-19,0.9534728033472804,0.9243119266055045,NA,NA,NA,NA,NA,NA,NA
2023-06-20,0.9539748953974896,0.920183486238532,NA,NA,NA,NA,NA,NA,NA
2023-06-21,0.9410460251046024,0.9105504587155964,NA,NA,NA,NA,NA,NA,NA
2023-06-26,0.9421338912133891,0.8848623853211008,NA,NA,NA,NA,NA,NA,NA
2023-06-27,0.9350209205020921,0.8940366972477063,NA,NA,NA,NA,NA,NA,NA
2023-06-28,0.9393305439330544,0.8944954128440367,NA,NA,NA,NA,NA,NA,NA
2023-06-29,0.9309623430962343,0.8917431192660551,NA,NA,NA,NA,NA,NA,NA
2023-06-30,0.9572803347280334,0.9073394495412844,NA,NA,NA,NA,NA,NA,NA
2023-07-03,0.9618410041841003,0.928440366972477,NA,NA,NA,NA,NA,NA,NA
2023-07-04,0.9592050209205021,0.9302752293577982,NA,NA,NA,NA,NA,NA,NA
2023-07-05,0.9519246861924686,0.9243119266055045,NA,NA,NA,NA,NA,NA,NA
2023-07-06,0.9407949790794979,0.9197247706422018,NA,NA,NA,NA,NA,NA,NA
2023-07-07,0.9299163179916318,0.9233944954128439,NA,NA,NA,NA,NA,NA,NA
2023-07-10,0.9573221757322177,0.9229357798165138,NA,NA,NA,NA,NA,NA,NA
2023-07-11,0.9585355648535565,0.928440366972477,NA,NA,NA,NA,NA,NA,NA
2023-07-12,0.9497489539748954,0.9211009174311926,NA,NA,NA,NA,NA,NA,NA
2023-07-13,0.9623430962343096,0.9389908256880733,NA,NA,NA,NA,NA,NA,NA
2023-07-14,0.9551464435146444,0.9403669724770642,NA,NA,NA,NA,NA,NA,NA
2023-07-17,0.9441422594142259,0.9302752293577982,NA,NA,NA,NA,NA,NA,NA
2023-07-18,0.9435146443514645,0.9307339449541284,NA,NA,NA,NA,NA,NA,NA
2023-07-19,0.9184100418410042,0.9362385321100917,NA,NA,NA,NA,NA,NA,NA
2023-07-20,0.92489539748953975,0.9311926605504587,NA,NA,NA,NA,NA,NA,NA
2023-07-21,0.9271548117154812,0.9339449541284404,NA,NA,NA,NA,NA,NA,NA
2023-07-24,0.9162343096234309,0.9353211009174311,NA,NA,NA,NA,NA,NA,NA
2023-07-25,0.9470711297071129,0.9899082568807338,NA,NA,NA,NA,NA,NA,NA
2023-07-26,0.94836820083682,0.9990825688073395,NA,NA,NA,NA,NA,NA,NA
2023-07-27,0.9497071129707113,0.9871559633027522,NA,NA,NA,NA,NA,NA,NA
2023-07-28,0.9625523012552302,1.0857798165137615,NA,NA,NA,NA,NA,NA,NA
2023-07-31,0.9947698744769874,1.1055045871559632,NA,NA,NA,NA,NA,NA,NA
2023-08-01,0.9853556485355649,1.0857798165137615,NA,NA,NA,NA,NA,NA,NA
2023-08-02,0.9895397489539749,1.0940366972477065,NA,NA,NA,NA,NA,NA,NA
2023-08-03,1.0005857740585773,1.1206422018348623,NA,NA,NA,NA,NA,NA,NA
2023-08-04,1.0272384937238492,1.1330275229357798,NA,NA,NA,NA,NA,NA,NA
2023-08-07,1.0313389121338912,1.1362385321100916,NA,NA,NA,NA,NA,NA,NA
2023-08-08,1.0340585774058577,1.1422018348623852,NA,NA,NA,NA,NA,NA,NA
2023-08-09,1.0334728033472804,1.1426605504587155,2.2984532527539683,2.5547727496199606,-0.2563194968659923,NA,NA,NA,NA
2023-08-10,1.0313807531380754,1.1559633027522935,2.1713461801367298,2.55514621789105,-0.38380003775432003,NA,NA,NA,NA
2023-08-11,1.0104602510460252,1.1055045871559632,1.6073360429807393,1.8095401933552964,-0.20220415037455708,NA,NA,NA,NA
2023-08-14,0.9744769874476987,1.0894495412844036,0.6567064198886805,1.5503383666203983,-0.8936319467317178,NA,NA,NA,NA
2023-08-15,0.9677824267782428,1.1059633027522935,0.4773295685185612,1.689210142210513,-1.2118805736919518,NA,NA,NA,NA
2023-08-16,0.9732217573221758,1.1013761467889909,0.6150826319799245,1.5724972124131935,-0.957414580433269,NA,NA,NA,NA
2023-08-17,0.9843096234309623,1.098623853211009,0.8827563867069198,1.4821403474972261,-0.5993839607903063,NA,NA,NA,NA
2023-08-18,0.9869037656903766,1.0995412844036696,0.9246269691377071,1.4366451431142413,-0.5120181739765342,NA,NA,NA,NA
2023-08-21,0.9747280334728033,1.0522935779816514,0.5916952948396461,0.8584399518731737,-0.26674465703352757,NA,NA,NA,NA
2023-08-22,0.9654811715481172,1.065137614678899,0.33455692525032654,0.976480261546048,-0.6419233362957214,NA,NA,NA,NA
2023-08-23,0.9518828451882845,1.0458715596330275,-0.038434999390642474,0.730783867888911,-0.7692188672795535,NA,NA,NA,NA
2023-08-24,0.957949790794979,1.0807339449541284,0.11399529422740284,1.0959282895156799,-0.981932995288277,NA,NA,NA,NA
2023-08-25,0.955397489539749,1.0747706422018348,0.03379580378068891,0.9943939447777927,-0.9605981409971038,NA,NA,NA,NA
2023-08-28,0.9644351464435147,1.0912844036697247,0.2594281802904185,1.1429012259361828,-0.8834730456457643,NA,NA,NA,NA
2023-08-29,0.997907949790795,1.0724770642201833,1.1160994574056273,0.9001583133128976,0.2159411440927297,NA,NA,NA,NA
2023-08-30,0.9937238493723849,1.0348623853211008,0.9733846865874868,0.45531224506374957,0.5180724415237372,NA,NA,NA,NA
2023-08-31,0.9897489539748955,1.018348623853211,0.8401643347790063,0.2493071122225979,0.5908572225564084,NA,NA,NA,NA
2023-09-01,0.9891213389121339,1.0266055045871558,0.8062621631798853,0.32410880919366863,0.48215335398621667,NA,NA,NA,NA
2023-09-04,0.9943514644351464,1.0353211009174312,0.9368142344566628,0.4054217090449986,0.5313925254116643,NA,NA,NA,NA
2023-09-05,0.990878661087866,1.0266055045871558,0.8155453990919798,0.28680853532637063,0.5287368637656091,NA,NA,NA,NA
2023-09-06,0.980836820083682,1.015137614678899,0.4901472883831044,0.13442780085988468,0.3557194875232197,NA,NA,NA,NA
2023-09-07,0.9477405857740585,1.0146788990825688,-0.6016733358238305,0.11081743331297438,-0.7124907691368049,NA,NA,NA,NA
2023-09-08,0.9328033472803348,1.0206422018348624,-1.1584926776523115,0.16259786012503494,-1.3210905377773463,NA,NA,NA,NA
2023-09-11,0.9269037656903766,1.036697247706422,-1.3172640492924024,0.3356752763826946,-1.652939325675097,NA,NA,NA,NA
2023-09-12,0.9118410041841004,1.0270642201834863,-1.7446170232983222,0.20263102504087047,-1.9472480483391927,NA,NA,NA,NA
2023-09-13,0.906276150627615,1.0220183486238532,-1.8464598768863278,0.1229222667420046,-1.9693821436283325,NA,NA,NA,NA
2023-09-14,0.8992887029288703,1.0224770642201835,-1.9717537569732875,0.10886248548220177,-2.080616242455489,NA,NA,NA,NA
2023-09-15,0.8692887029288703,1.011467889908257,-2.6839127469441717,-0.048690920946583005,-2.6352218259975886,NA,NA,NA,NA
2023-09-18,0.8914644351464436,1.0155963302752293,-1.9576496301546755,-0.024828920460325733,-1.9328207096943497,NA,NA,NA,NA
2023-09-19,0.8883682008368201,1.010091743119266,-1.9634185267503341,-0.12299471425942084,-1.8404238124909134,NA,NA,NA,NA
2023-09-20,0.8782426778242678,1.0045871559633026,-2.1287419463549404,-0.22447255760940993,-1.9042693887455304,NA,NA,NA,NA
2023-09-21,0.8649790794979079,0.9967889908256881,-2.3398013016266668,-0.3619003469440043,-1.9779009546826625,NA,NA,NA,NA
2023-09-22,0.8825523012552302,1.0371559633027523,-1.8155042404988073,0.16825537476901908,-1.9837596152678265,NA,NA,NA,NA
2023-09-25,0.8756485355648536,1.0045871559633026,-1.8876567223374705,-0.31330370059167467,-1.5743530217457957,NA,NA,NA,NA
2023-09-26,0.8556485355648535,1.008256880733945,-2.21726979992252,-0.28387223224162594,-1.933397567680894,NA,NA,NA,NA
2023-09-27,0.8521338912133891,1.0105504587155965,-2.165747526164803,-0.276694188225874,-1.889053337938929,NA,NA,NA,NA
2023-09-28,0.8494979079497909,0.9935779816513761,-2.105616941838885,-0.5578160064039034,-1.5478009354349815,NA,NA,NA,NA
2023-10-09,0.8179916317991632,0.9944954128440366,-2.56581929992217,-0.5733810376553581,-1.992438262266812,NA,NA,NA,NA
2023-10-10,0.8147280334728033,0.9830275229357798,-2.4468092799120034,-0.781039353406371,-1.6657699265056323,NA,NA,NA,NA
2023-10-11,0.8149372384937239,0.9866972477064221,-2.2886771657783513,-0.7525983898792274,-1.536078775899124,NA,NA,NA,NA
2023-10-12,0.8198326359832636,0.998165137614679,-2.081600115891506,-0.6045858716029918,-1.4770142442885144,NA,NA,NA,NA
2023-10-13,0.797489539748954,0.9871559633027522,-2.3041711428279243,-0.8121044674319202,-1.4920666753960041,NA,NA,NA,NA
2023-10-16,0.7730543933054393,0.9866972477064221,-2.5054112636660486,-0.8463033769006554,-1.6591078867653932,NA,NA,NA,NA
2023-10-17,0.7758995815899582,1.0068807339449541,-2.305574738699555,-0.5388581839056583,-1.7667165547938966,NA,NA,NA,NA
2023-10-18,0.7794979079497908,1.0027522935779816,-2.125478463374723,-0.6494324335233558,-1.476046029851367,NA,NA,NA,NA
2023-10-19,0.7644351464435146,0.9889908256880733,-2.2031774927652696,-0.9329940700560819,-1.2701834227091877,NA,NA,NA,NA
2023-10-20,0.7573221757322176,0.9876146788990826,-2.1677874771853105,-1.0019709217141317,-1.1658165554711788,NA,NA,NA,NA
2023-10-23,0.7416736401673639,0.9715596330275229,-2.2277803303734567,-1.3436196372278808,-0.8841606931455759,NA,NA,NA,NA
2023-10-24,0.7381589958158995,0.9917431192660551,-2.144255889706309,-1.0015366126166818,-1.142719277089627,NA,NA,NA,NA
2023-10-25,0.7363179916317991,1.001834862385321,-2.0481253926934837,-0.8086678662265803,-1.2394575264669034,NA,NA,NA,NA
2023-10-26,0.74506276150627615,1,-1.8544910044840435,-0.8456556835242922,-1.0088353209597511,NA,NA,NA,NA
2023-10-27,0.7728870292887029,1.0105504587155965,-1.4868186910114658,-0.6481728999844836,-0.8386457910269822,NA,NA,NA,NA
2023-10-30,0.7866945606694561,0.9908256880733946,-1.2896303223441123,-1.008782878662345,-0.2808474436817674,NA,NA,NA,NA
2023-10-31,0.7765690376569038,0.9958715596330275,-1.3483753549487545,-0.8782536923593864,-0.47012166258936805,NA,NA,NA,NA
2023-11-01,0.7846861924686193,0.9967889908256881,-1.2184938995361967,-0.8312270327268741,-0.38726686680932254,NA,NA,NA,NA
2023-11-02,0.7764435146443515,0.9876146788990826,-1.2605963618088671,-0.9829878202228147,-0.2776085415860524,NA,NA,NA,NA
2023-11-03,0.7842677824267782,1.0027522935779816,-1.1393363757405173,-0.6516505920998821,-0.4876857836406352,NA,NA,NA,NA
2023-11-06,0.8246025104602511,1.0472477064220183,-0.6885619384128959,0.3078428631176979,-0.9964048015305937,NA,NA,NA,NA
2023-11-07,0.8001673640167365,1.0454128440366972,-0.9198953873768841,0.31427680914273975,-1.234172196519624,NA,NA,NA,NA
2023-11-08,0.8026778242677824,1.0357798165137613,-0.8650743672531793,0.1464483558692524,-1.0115227231224317,-1.0160187687184414,0.5536317704542986,-2.585669307891181,0
2023-11-09,0.8010460251046024,1.0302752293577981,-0.8559473831132011,0.06468304142804936,-0.9206304245412504,-1.0270906175130292,0.5300839712965506,-2.584265206322609,0
2023-11-10,0.7909205020920502,1.0302752293577981,-0.9416241586425137,0.12990084168151356,-1.0715250003240273,-1.0385527002225243,0.509457749737229,-2.5865631501822777,0
2023-11-13,0.7859832635983264,1.0224770642201835,-0.9680219802279787,-0.05130383185889447,-0.9167181483690843,-1.0504612668557665,0.4822955744103641,-2.583218108121897,0
2023-11-14,0.7685355648535566,1.0376146788990825,-1.1316450896651522,0.428487243332543,-1.5601323329976953,-1.061569606626866,0.47621622361293925,-2.5993554368666714,0
2023-11-15,0.7718828451882844,1.036697247706422,-1.0575622483438836,0.4599839775382762,-1.5175462258821597,-1.0666640341633695,0.4751672934037794,-2.6084953617305184,0
2023-11-16,0.7579497907949792,1.0288990825688074,-1.1799396247501788,0.2653612861814207,-1.4453009109315995,-1.0747954730050082,0.4698356859253974,-2.619426631935414,0
2023-11-17,0.7561924686192468,1.0330275229357797,-1.1638764960676211,0.46852206189145884,-1.63239855795908,-1.0920123829578212,0.45409107747622146,-2.638115843391864,0
2023-11-20,0.7543933054393306,1.0252293577981653,-1.1500938961222003,0.2522568743229848,-1.4023507704451852,-1.1068512595656321,0.4336887024454388,-2.647391221576703,0
2023-11-21,0.7556903765690377,1.0293577981651376,-1.1003776150048656,0.43151365385036533,-1.5318912688552309,-1.127937036429327,0.4004128676325984,-2.6562869404912526,0
2023-11-22,0.7405857740585774,1.0188073394495414,-1.239937647620406,0.051605338281588684,-1.2915429859019947,-1.1387640305894315,0.3847769439940405,-2.662305005172904,0
2023-11-23,0.7435146443514644,1.020183486238532,-1.1664452632387532,0.12549273141856107,-1.2919379946573142,-1.1474760160457276,0.3734449127611237,-2.668396944852579,0
2023-11-24,0.7322175732217573,1.011467889908257,-1.2607534238188811,-0.1931254693741793,-1.0676279544447018,-1.1489042653650015,0.3715451727561381,-2.669353703486141,0
2023-11-27,0.7142259414225941,0.994954128440367,-1.4281720425750535,-0.8940851899612312,-0.5340868526138223,-1.1417957438919466,0.3862042821677796,-2.669795769951673,0
2023-11-28,0.7193305439330543,0.9912844036697247,-1.3264021801145942,-1.0966496114156539,-0.22975256869894034,-1.1309004026094995,0.4138234727532235,-2.6756242779722226,0
2023-11-29,0.6981171548117154,0.9816513761467889,-1.5470695872632838,-1.6049231858106943,0.057853598547410456,-1.133535195035255,0.40235790239734315,-2.6694282924678534,0
2023-11-30,0.698744769874477,0.9839449541284403,-1.5071753630945737,-1.4298423298288045,-0.07733303326576912,-1.14345861961508,0.3562954610056719,-2.643212700235832,0
2023-12-01,0.6924686192468619,0.9889908256880733,-1.5538842713274195,-1.1220360720389582,-0.4318481992884613,-1.1605037099791613,0.28119314343958957,-2.602200563397912,0
2023-12-04,0.6763598326359833,0.9821100917431193,-1.724603316798495,-1.4321967731389065,-0.2924065436595886,-1.1734130416065913,0.22156575570184245,-2.568391838915025,0
2023-12-05,0.6644769874476988,0.9692660550458715,-1.8484268948365226,-2.0095489252412997,0.16112203040477713,-1.1795842165233728,0.18771754417589603,-2.5468859772226415,0
2023-12-06,0.6815062761506276,0.9610091743119266,-1.6068677916641898,-2.2868001208220017,0.6799323291578119,-1.1770642921001693,0.20353722050893164,-2.55766580470927,1
2023-12-07,0.6882426778242678,0.9646788990825689,-1.5025885863401702,-1.9940068961551065,0.4914183098149363,-1.1748026450619742,0.2164166492092754,-2.5660219393332238,1
2023-12-08,0.6844769874476988,0.9610091743119266,-1.5285655391357147,-2.0511816568115524,0.5226161176758377,-1.1542175302817637,0.2999539668092961,-2.6083890273728234,1
2023-12-11,0.6918410041841004,0.9729357798165138,-1.3932858719809604,-1.4432625577275104,0.04997668574655001,-1.1313664098896985,0.35487499089254904,-2.617607810671946,0
2023-12-12,0.6846443514644351,0.9692660550458715,-1.471398040773607,-1.5552276438681034,0.0838296030944965,-1.1024202610768719,0.409921383072382,-2.6147619052261257,0
2023-12-13,0.6667364016736401,0.95,-1.6992943854408575,-2.2854665136916568,0.5861721282507992,-1.0601965914670386,0.4969956751180846,-2.617388858052162,1
2023-12-14,0.6553556485355648,0.9403669724770642,-1.8211919056082546,-2.51533567830663,0.6941437726983752,-1.0158044928615937,0.587145258994209,-2.6187542447173966,1
2023-12-15,0.6485355648535565,0.9385321100917431,-1.8682685967856982,-2.419190024313374,0.5509214275276757,-0.9719455316952074,0.6562956149588558,-2.6001866783492704,0
2023-12-18,0.6149372384937238,0.9376146788990826,-2.2680363825430008,-2.2990073027745437,0.03097092023154291,-0.9275089859247221,0.6611291292448822,-2.5161471010943264,0
2023-12-19,0.6234309623430963,0.946788990825688,-2.0612230401798204,-1.8569315322180437,-0.20429150796177664,-0.8987001658958459,0.6784291318376333,-2.475829463629325,0
2023-12-20,0.6211297071129707,0.9247706422018348,-2.022582774017861,-2.4797734313091304,0.4571906572912696,-0.8604065913994763,0.7351769477417354,-2.455990130540688,0
2023-12-21,0.6459832635983263,0.9298165137614678,-1.6024122710945345,-2.1680199272956195,0.565607656201085,-0.819241973983699,0.7941348678731296,-2.4326188158405277,0
2023-12-22,0.6539330543933054,0.9302752293577982,-1.4398740120072107,-2.038372010103366,0.5984979980961553,-0.7763019914373855,0.8487329081712188,-2.40133689104599,0
2023-12-25,0.659163179916318,0.9178899082568808,-1.332344322085082,-2.303711796953462,0.9713674748683803,-0.7270498732684488,0.9279730954782307,-2.3820728420151283,1
2023-12-26,0.6532635983263598,0.9105504587155964,-1.3951911247392499,-2.3654874039829545,0.9702962792437047,-0.6846390515852904,1.011955360114149,-2.3812334632847296,0
2023-12-27,0.6457322175732219,0.9128440366972476,-1.475459687890112,-2.1626150728616884,0.6871553849715764,-0.6409631690410826,1.0597813937180023,-2.3417077318001676,0
2023-12-28,0.6819665271966527,0.9344036697247706,-0.8654410992990987,-1.4835247210548312,0.6180836217557325,-0.5991775530461716,1.1000257595533811,-2.2983808656457243,0
2023-12-29,0.6830962343096234,0.9344036697247706,-0.8223485129065525,-1.4301978252373064,0.6078493123307539,-0.5632500489167427,1.1454938824263197,-2.271993980259805,0
2024-01-02,0.656192468619247,0.9206422018348623,-1.240116543015486,-1.7324375390135216,0.4923209959980357,-0.5218373946123285,1.1663245120998353,-2.2099993013244923,0
2024-01-03,0.6518828451882845,0.9256880733944953,-1.2733347773478227,-1.537750619876472,0.26441584252864936,-0.48966763179509043,1.1833162160870634,-2.162651479677244,0
2024-01-04,0.6326359832635983,0.9174311926605504,-1.5501863285761808,-1.6833793606297467,0.13319303205356592,-0.4618464349958791,1.1958003261501529,-2.119493196141911,0
2024-01-05,0.6313807531380753,0.9077981651376146,-1.5237310005339337,-1.8399394861945224,0.3162084856605887,-0.43195938949672746,1.2158671857146184,-2.079785964708073,0
2024-01-08,0.6276150627615062,0.8908256880733946,-1.5320254921546728,-2.1369373338168804,0.6049118416622077,-0.39700974754575713,1.2483048958601337,-2.042324390951648,0
2024-01-09,0.6221757322175732,0.8926605504587156,-1.5608998403177075,-1.9844586375600637,0.42355879724235623,-0.3622986361456279,1.262452472126869,-1.987049744418125,0
2024-01-10,0.6303765690376569,0.8926605504587156,-1.3715829039309322,-1.8870749752778997,0.5154920713469675,-0.32426182570994694,1.2733764166963246,-1.9219000681162186,0
2024-01-11,0.6477824267782426,0.8990825688073395,-1.044587104947091,-1.6665287378344005,0.6219416328873095,-0.2892953646643023,1.2975988890478503,-1.876189618376455,0
2024-01-12,0.6469874476987447,0.8954128440366972,-1.0231758789551715,-1.6730118697072802,0.6498359907521087,-0.25729504110661405,1.3265712287511087,-1.8411613109643366,0
2024-01-15,0.6347280334728033,0.8935779816513761,-1.1868644438005715,-1.6408639163032532,0.4539994725026817,-0.23029810730704955,1.345775662769089,-1.8063718773831883,0
2024-01-16,0.656694560669456,0.8981651376146788,-0.7954175541488226,-1.4886452942659505,0.6932277401171278,-0.2040083000860043,1.3803007835773267,-1.7883173837493351,0
2024-01-17,0.6369874476987448,0.8816513761467889,-1.0866103065521622,-1.748471857148771,0.6618615505966088,-0.17393195295790062,1.406398357314799,-1.7542622632306002,0
2024-01-18,0.6469037656903767,0.8940366972477063,-0.8946209361559092,-1.4409386764324634,0.5463177402765542,-0.14416903184550944,1.4217294724637801,-1.7100675361547988,0
2024-01-19,0.6481171548117155,0.8931192660550458,-0.8466691413368,-1.404774502370441,0.558105361033641,-0.11805335381228646,1.44143770111854,-1.677544408743113,0
2024-01-22,0.6512970711297071,0.8775229357798164,-0.7670104154465501,-1.6406317280096072,0.8736213125630571,-0.08951556875245219,1.4789768098662694,-1.658007947371174,0
2024-01-23,0.6439748953974895,0.9073394495412844,-0.8593667086619745,-1.029677706010943,0.17031099734896848,-0.08199626140194027,1.487090542009418,-1.6510830648132986,0
2024-01-24,0.6421757322175732,0.9412844036697248,-0.8603287170348596,-0.36035749910578274,-0.49997121792907684,-0.08249375399093546,1.4871124686279864,-1.6520999766098572,0
2024-01-25,0.6485355648535565,0.9431192660550458,-0.7264809954815368,-0.3088112590628462,-0.4176697364186906,-0.08300046848442492,1.4870255568005561,-1.6530264937694061,0
2024-01-26,0.6276150627615062,0.9555045871559632,-1.052807386807331,-0.05889700277076418,-0.993910384036567,-0.0949388325252667,1.4919099469380215,-1.6817876119885549,0
2024-01-29,0.6151464435146444,0.9440366972477063,-1.2336254173724202,-0.26396244926750767,-0.9696629681049125,-0.10297178559967134,1.4967916273469843,-1.7027351985463268,0
2024-01-30,0.5889121338912134,0.9376146788990826,-1.6726705149482666,-0.36295377226422154,-1.309716742684045,-0.10819365128556219,1.5054181240323656,-1.72180542660349,0
2024-01-31,0.6342677824267783,0.9403669724770642,-0.8332066497964017,-0.28047838062000946,-0.5527282691763922,-0.09683625249650822,1.4939689501443205,-1.687641455137337,0
2024-02-01,0.6235146443514645,0.9376146788990826,-1.017634189257109,-0.3109206529437984,-0.7067135363133106,-0.09175609938302298,1.4890826198101572,-1.672594818576203,0
2024-02-02,0.6108786610878661,0.9256880733944953,-1.250816095155861,-0.5372009047688051,-0.7136151903870558,-0.08830584548045306,1.486064405903228,-1.662676096864134,0
2024-02-05,0.6357322175732217,0.9256880733944953,-0.729369144033983,-0.5116711167256982,-0.2176980273082848,-0.07407539593019068,1.479440834271388,-1.6275916261317696,0
2024-02-06,0.662468619246862,0.9697247706422019,-0.12529542216863657,0.4904043490239412,-0.6156997711925778,-0.06905842297724889,1.4753055665173878,-1.6134224124718854,0
2024-02-07,0.6677824267782426,0.9715596330275229,0.03285792121160164,0.5756741033881843,-0.5428161821765827,-0.05210315379689708,1.447355123247027,-1.551561430840821,0
2024-02-08,0.6813389121338912,0.9747706422018348,0.4077609042383893,0.6987602612258113,-0.29099935698742196,-0.03166070598198474,1.419183758010737,-1.4825051699747063,0
2024-02-19,0.6698326359832636,0.9564220183486238,0.1669888918061843,0.29483991695504175,-0.12785102514885746,-0.009703207885605669,1.3931982289289875,-1.4126046447001988,0
2024-02-20,0.662468619246862,0.9628440366972476,0.01716608681269106,0.5055488427374363,-0.4883827559247452,0.009363722148299825,1.3523715922414343,-1.3336441479448347,0
2024-02-21,0.6744769874476987,0.9807339449541284,0.404977904252201,1.0237276223744298,-0.6187497181222288,0.022423739687015814,1.3241953980196453,-1.2793479186456138,0
2024-02-22,0.6709205020920502,0.9967889908256881,0.3673865689297895,1.5142771468986738,-1.1468905779688843,0.028840417868454996,1.3029481427694858,-1.245267307032576,0
2024-02-23,0.6715481171548117,0.9871559633027522,0.4473526617163829,1.2947973790275997,-0.8474447173112168,0.03624205567830119,1.2840359338861749,-1.2115518225295725,0
2024-02-26,0.6527196652719666,0.9788990825688073,-0.1314109642049087,1.1168809653849152,-1.2482919295898238,0.03696949009609275,1.2816607147649177,-1.207721734572732,-1
2024-02-27,0.660376569037657,0.9844036697247707,0.19431102687402024,1.3226989589466136,-1.1283879320725934,0.035956823802294535,1.284396948488283,-1.212483300883694,0
2024-02-28,0.6569456066945606,0.963302752293578,0.10531758700850354,0.716298733882775,-0.6109811468742714,0.03467525223128705,1.2856510310209817,-1.2163005265584077,0
2024-02-29,0.6841422594142259,0.9770642201834863,1.2608489558224338,1.1581903006835206,0.10265865513891326,0.04021543929525128,1.2893705147457288,-1.2089396361552265,0
2024-03-01,0.6884937238493725,0.9779816513761468,1.4640307209374104,1.1914356519549807,0.2725950689824297,0.04379446380250164,1.2943848209327526,-1.2067958933277494,0
2024-03-04,0.6857740585774059,0.9706422018348624,1.3800088730180098,0.9780306181383482,0.40197825487966155,0.05178298527159207,1.3053458893607461,-1.201779918817562,0
2024-03-05,0.6889121338912134,0.9715596330275229,1.5221750319853482,1.0282545263301905,0.49392050565515766,0.0672124636873191,1.319349529477425,-1.1849246021027868,0
2024-03-06,0.6846861924686192,0.9678899082568808,1.3265815489317394,0.9273746915174403,0.39920685741429907,0.07873935370521713,1.3301431474277754,-1.172664440017341,0
2024-03-07,0.6700836820083682,0.9545871559633027,0.7018440892481379,0.5120330484406462,0.18981104080749167,0.07921750387859584,1.3307712570532653,-1.1723362492960736,0
2024-03-08,0.6610878661087866,0.9541284403669725,0.3395316791613561,0.5020972590783674,-0.16256557991701132,0.06517587206068214,1.3081895954769005,-1.1778378513555363,0
2024-03-11,0.7566945606694561,0.9720183486238533,3.8539710913285647,1.0719386140369769,2.7820324772915876,0.10335277485195965,1.5271732408983565,-1.3204676911944373,1
2024-03-12,0.7775732217573222,0.9816513761467889,3.958383978748783,1.3550224642628832,2.6033615144858997,0.138031864798794,1.69821999347992,-1.4221562638823322,1
2024-03-13,0.7748117154811716,0.9665137614678899,3.449914325560622,0.8799048459711042,2.570009479589518,0.18003241136284343,1.8615405490738475,-1.5014757263481608,1
2024-03-14,0.7690794979079498,0.9541284403669725,2.99600202247053,0.495631428443539,2.5003705940269914,0.2203080945450517,2.0050373540923125,-1.564421165002209,1
2024-03-15,0.7573221757322176,0.9573394495412845,2.4920684962291646,0.5936721830720884,1.8983963131570762,0.242178497626823,2.0766134870227067,-1.5922564917690607,0
2024-03-18,0.7989958158995816,0.9752293577981652,3.1801711457434347,1.13557683839866,2.0445943073447745,0.2646860065375963,2.153996218498238,-1.6246242054230455,0
2024-03-19,0.7834728033472803,0.9555045871559632,2.6019884304917884,0.5004438100083745,2.101544620483414,0.2905297264201919,2.2373144353128964,-1.6562549824725123,0
2024-03-20,0.7928033472803346,0.9559633027522936,2.603380777519726,0.5041893454196554,2.0991914321000706,0.3250000682846674,2.3255874733728,-1.6755873368034653,0
2024-03-21,0.7911297071129708,0.9555045871559632,2.400137832308306,0.48434213114688,1.9157957011614257,0.36033485510338736,2.3974519661862566,-1.6767822559794816,0
2024-03-22,0.7803765690376568,0.9403669724770642,2.070298117515589,-7.240015252350067e-4,2.071022119040824,0.38723204613254675,2.4716194116149968,-1.6971553193499034,0
2024-03-25,0.7732217573221758,0.8944954128440367,1.839535128674352,-1.4068881223035408,3.2464232509778927,0.43191230604549347,2.6429366045795257,-1.7791119924885388,1
2024-03-26,0.8025104602510461,0.8990825688073395,2.242585338063905,-1.232770828197562,3.475356166261467,0.47985994218158196,2.826211322621617,-1.866491438258453,1
2024-03-27,0.7866108786610879,0.8876146788990826,1.8620770915957061,-1.5422143371142218,3.4042914287099277,0.5204086747456079,2.9825449758815417,-1.9417276263903256,1
2024-03-28,0.7898744769874477,0.8857798165137614,1.8278004064408377,-1.5611975765367354,3.388997982977573,0.5607203698078389,3.1297022625377857,-2.008261522922108,1
2024-03-29,0.7956485355648535,0.8807339449541284,1.8340527481487758,-1.6624938260557882,3.4965465742045643,0.6075435562950553,3.285977800756946,-2.070890688166835,1
2024-04-01,0.8277824267782427,0.8903669724770642,2.2237953807500417,-1.3395356263352347,3.563331007085276,0.6566310127172144,3.4416836238102713,-2.1284215983758425,1
2024-04-02,0.8355648535564854,0.8857798165137614,2.2077205495644177,-1.422407057918152,3.63012760748257,0.7070023176364116,3.5958553236173767,-2.1818506883445536,1
2024-04-03,0.8269874476987448,0.8788990825688073,1.9699788862754017,-1.5651504466050241,3.535129332880426,0.7577157899177848,3.7366657857791994,-2.22123420594363,0
2024-04-08,0.8142259414225941,0.8678899082568808,1.7043955640025599,-1.7919476250885857,3.496343189091146,0.8115812456938265,3.8700649328408585,-2.2469024414532055,0
2024-04-09,0.8200836820083682,0.868348623853211,1.7108803140701343,-1.7156516766266205,3.4265319906967546,0.8664702283378795,3.992883076765268,-2.259942620089509,0
2024-04-10,0.8064435146443515,0.8444954128440367,1.4619023298806089,-2.221527365595681,3.6834296954762897,0.9225905818348079,4.128694380940339,-2.2835132172707233,0
2024-04-11,0.8058577405857741,0.8412844036697248,1.4010790388925256,-2.205131455702649,3.6062104945951745,0.9726122260503572,4.251383330354878,-2.306158878254164,0
2024-04-12,0.7882426778242677,0.8229357798165138,1.1203110892409915,-2.4978940767490836,3.618205165990075,1.0258563321961527,4.371433940085394,-2.3197212756930883,0
2024-04-15,0.8248535564853556,0.8137614678899081,1.5619804589612551,-2.543285415730512,4.105265874691767,1.0856858955852327,4.521318099276891,-2.349946308106426,0
2024-04-16,0.8248953974895398,0.8087155963302751,1.501843679755777,-2.4870172775054993,3.9888609572612763,1.141801217658132,4.65571610777625,-2.372113672459986,0
2024-04-17,0.8200418410041841,0.8302752293577982,1.384022795059212,-1.9549378795960952,3.3389606746553073,1.1866199623898521,4.743346938692422,-2.370107013912718,0
2024-04-18,0.8182426778242677,0.8353211009174312,1.312944115474469,-1.7888861954679576,3.1018303109424266,1.2307504763638477,4.816092318322533,-2.354591365594838,0
2024-04-19,0.798326359832636,0.831651376146789,1.0147542175706976,-1.7924535842097795,2.807207801780477,1.2659834773915704,4.8713305230979795,-2.3393635683148393,0
2024-04-22,0.797489539748954,0.8385321100917431,0.9709520073596771,-1.6182421200822117,2.589194127441889,1.298105687005658,4.9158799902479675,-2.319668616236652,0
2024-04-23,0.7946861924686193,0.8380733944954128,0.9030389408206706,-1.5787238536780324,2.481762794498703,1.3303631045760276,4.955377119582751,-2.2946509104306965,0
2024-04-24,0.7933054393305439,0.8380733944954128,0.855253556105636,-1.533810325701049,2.3890638818066847,1.3608790799222448,4.990272355181633,-2.2685141953371435,0
2024-04-25,0.80836820083682,0.8339449541284403,1.0211649292222538,-1.570547724057993,2.591712653280247,1.3895139356008648,5.030361696505243,-2.2513338253035133,0
2024-04-26,0.83046025104602506,0.8788990825688073,1.2710865399199953,-0.7522330778482381,2.0233196177682333,1.4203974126078527,5.050597198450516,-2.209802373234811,0
2024-04-29,0.877112970711297,0.8889908256880733,1.8099346200927253,-0.5555368270220448,2.36547144711477,1.4681547903585828,5.070876669870881,-2.1345670891537147,0
2024-04-30,0.8476987447698745,0.8720183486238533,1.3757621172895826,-0.8333060661134637,2.2090681834030463,1.5119337556889452,5.085156158586043,-2.061288647208153,0
2024-05-06,0.8660251046025104,0.8811926605504588,1.5595976938042933,-0.6484325207317286,2.2080302145360218,1.5652994323318217,5.081472402221091,-1.9508735375574477,0
2024-05-07,0.8656066945606694,0.8770642201834863,1.5082704490452399,-0.7002610630411875,2.2085315120864273,1.6182693403350108,5.074343155575038,-1.8378044749050166,0
2024-05-08,0.8503347280334728,0.861467889908257,1.2839938516777127,-0.947758039733366,2.2317518914110788,1.6772938175699297,5.0499134471409,-1.6953258120010406,0
2024-05-09,0.8761506276150628,0.8674311926605505,1.5774660495263324,-0.8180535287336244,2.3955195782599565,1.726431281693869,5.05247425060799,-1.5996116872202517,0
2024-05-10,0.8514644351464435,0.8743119266055045,1.2149157267399169,-0.6772882680650202,1.892203994804937,1.7697465738791727,5.0340112381133,-1.4945180903549549,0
2024-05-13,0.8341004184100418,0.8706422018348624,0.9559357783043472,-0.7224320964736126,1.6783678747779598,1.80961295829859,5.008271636091047,-1.3890457194938672,0
2024-05-14,0.8326778242677824,0.8720183486238533,0.9101493950174785,-0.6804987100871235,1.590648105104602,1.8397520605054716,4.994483342587449,-1.3149792215765057,0
2024-05-15,0.8279916317991631,0.8600917431192661,0.8152853627683873,-0.8578941639675095,1.6731795267358969,1.877900048804279,4.966512771641976,-1.2107126740334178,0
2024-05-16,0.835439330543933,0.861467889908257,0.8951159158889712,-0.8057004249183871,1.7008163408073584,1.9152939241873448,4.938320128158151,-1.107732279783461,0
2024-05-17,0.8493723849372385,0.8802752293577982,1.0670375562745842,-0.4542261154698916,1.5212636717444759,1.945498307999543,4.914586864147091,-1.0235902481480048,0
2024-05-20,0.851255230125523,0.8848623853211008,1.063679400433231,-0.3542519597973654,1.4179313602305965,1.9712613477558674,4.893625801113892,-0.9511031056021566,0
2024-05-21,0.84334728033472806,0.8825688073394494,0.9179118006569025,-0.37420819266481875,1.2921199933217213,2.0009363935766418,4.857112619399058,-0.8552398322457746,0
2024-05-22,0.8572803347280334,0.8857798165137614,1.101376724266788,-0.29307581153362866,1.3944525358004167,2.0344897644753526,4.811687736094052,-0.7427082071433477,0
2024-05-23,0.854979079497908,0.8655963302752294,1.0377421179596003,-0.6346988738232022,1.6724409917828025,2.081478623971214,4.732243051172007,-0.5692858032295787,0
2024-05-24,0.8409205020920502,0.8527522935779817,0.7891403470178571,-0.8463750959857048,1.6355154430035619,2.1228612933097937,4.662835701507886,-0.41711311488829894,0
2024-05-27,0.8368619246861925,0.8591743119266055,0.7021498400985546,-0.6986111891470063,1.4007610292455608,2.16701217595705,4.556239114667443,-0.2222147627533433,0
2024-05-28,0.8276150627615063,0.8541284403669724,0.5199880159581757,-0.769759462986821,1.2897474789449968,2.207314432807343,4.44734249393477,-0.032713628320084176,0
2024-05-29,0.8317573221757322,0.8555045871559632,0.5730191661252577,-0.716054687299078,1.2890738534243358,2.2389820161456533,4.367905670794471,0.11005836149683557,0
2024-05-30,0.8341004184100418,0.8513761467889908,0.5940782849704594,-0.7721223790979395,1.366200664068399,2.2600410496278114,4.327101858886374,0.192980240369248,0
2024-05-31,0.8274476987447699,0.8541284403669724,0.43659605085755715,-0.6910951341495263,1.1276911850070834,2.2742926515615554,4.296927431646877,0.25165787147623364,0
2024-06-03,0.8472803347280334,0.8454128440366973,0.830625734687897,-0.8460530767861343,1.6766788114740314,2.295537660838128,4.264233504084882,0.3268418175913741,0
2024-06-04,0.8617991631799163,0.8513761467889908,1.139231879957132,-0.6944828616629922,1.833714741620124,2.3178675647708777,4.233106144868437,0.40262898467331887,0
2024-06-05,0.8540585774058578,0.8504587155963302,0.9636863675327941,-0.689578807262764,1.6532651747955582,2.3387685367272324,4.195305753777567,0.4822313196768977,0
2024-06-06,0.8568619246861925,0.8481651376146788,1.0688652800269167,-0.7148464060429223,1.783711686069839,2.3653335474816046,4.140625392961056,0.5900417020021536,0
2024-06-07,0.80836820083682,0.8431192660550458,-0.3918929558128869,-0.8035767504871617,0.4116837946742748,2.3749043703914596,4.100248435012248,0.6495603057706709,-1
2024-06-11,0.7898326359832636,0.8412844036697248,-1.053399205094387,-0.8258842107712986,-0.22751499432308842,2.3247452458645483,4.1725814715027445,0.47690902022635195,-1
2024-06-12,0.7765690376569038,0.8385321100917431,-1.502951291063609,-0.8804713409465837,-0.6224799501170252,2.2709812214544995,4.267570366937778,0.27439207597122084,-1
2024-06-13,0.7748117154811716,0.8376146788990826,-1.5627088999856709,-0.8877244056350365,-0.6749844943506343,2.2168979885554965,4.351563087818131,0.08223288929286188,-1
2024-06-14,0.7735983263598326,0.8545871559633027,-1.6136157795501773,-0.4088478170066155,-1.2047679625435619,2.155145679279321,4.463734914926417,-0.15344355636777518,-1
2024-06-17,0.7874476987447698,0.8559633027522936,-1.1928668217197627,-0.34143331335544186,-0.8514335083643207,2.1093151822539644,4.544355152364927,-0.3257247878569989,-1
2024-06-18,0.7963598326359833,0.858256880733945,-0.8765466054734323,-0.23837640026803983,-0.6381702052053925,2.0646024403781285,4.60089458700091,-0.47168970624465345,-1
2024-06-19,0.790836820083682,0.85,-1.080681685758116,-0.48269302369513556,-0.5979886620629805,2.0196102190023546,4.647363554524364,-0.6081431165196545,0
2024-06-20,0.7865690376569038,0.8431192660550458,-1.2227001682598795,-0.7196887522594415,-0.503011416000438,1.9762401715340134,4.683349093725519,-0.7308687506574918,0
2024-06-21,0.7747280334728033,0.8458715596330275,-1.608669623263238,-0.6147991667774387,-0.9938704564857993,1.9277457355732261,4.741408190597667,-0.8859167194512145,-1
2024-06-24,0.7823430962343095,0.844954128440367,-1.3474819295509832,-0.6542982123834388,-0.6931837171675445,1.8816756383030866,4.775182898452717,-1.0118316218465433,0
2024-06-25,0.779581589958159,0.8311926605504587,-1.4557512763591665,-1.2782576573381452,-0.17749361902102123,1.8246103571364378,4.743571434295761,-1.094350720022886,0
2024-06-26,0.7761924686192468,0.8440366972477064,-1.5327523017760536,-0.6313153283916769,-0.9014369733843767,1.7516638048090072,4.721135862653203,-1.217808253035189,0
2024-06-27,0.7740585774058577,0.8440366972477064,-1.5829809647851067,-0.6057502995471714,-0.9772306652379353,1.6786384365765432,4.697873362230139,-1.3405964890770523,0
2024-06-28,0.7532635983263598,0.8362385321100917,-2.1948649590228726,-0.9732746326860936,-1.2215903263367789,1.6017952980879706,4.678106683701566,-1.4745160875256247,0
2024-07-01,0.736694560669456,0.8348623853211009,-2.5641444136011806,-1.0113764993476373,-1.5527679142535433,1.5176400566136685,4.658682888581472,-1.6234027753541347,0
2024-07-02,0.7367364016736402,0.8344036697247706,-2.390049666689748,-1.0090485723543088,-1.3810010943354394,1.43523452158999,4.61712759728195,-1.7466585541019704,0
2024-07-03,0.7510460251046025,0.8431192660550458,-1.8702191190096302,-0.5202595638713712,-1.349959555138259,1.3522330688796431,4.560928228018893,-1.8564620902596067,0
2024-07-04,0.7514644351464435,0.8275229357798164,-1.7733979910694653,-1.3260085318647474,-0.44738945920471784,1.2858577556782238,4.4755785597849265,-1.903863048428479,0
2024-07-05,0.7431799163179916,0.81697247706422,-1.9093663910992613,-1.8141628979324202,-0.09520349316684107,1.2259986443072572,4.38159415821544,-1.9295968696009254,0
2024-07-08,0.7360251046025105,0.8027522935779816,-1.9939395848382035,-2.403971327539624,0.4100317427014206,1.1757236401740017,4.284476732218511,-1.9330294518705082,0
2024-07-09,0.7354393305439331,0.8192660550458715,-1.915110817100381,-1.5105107829347784,-0.40460003416560264,1.107589811346637,4.171644956452225,-1.9564653337589504,0
2024-07-10,0.7240585774058578,0.8334862385321101,-2.0863830926373264,-0.7894198584188679,-1.2969632342184585,1.025870249199743,4.0803749561507185,-2.0286344577512323,0
2024-07-11,0.7406276150627614,0.8403669724770642,-1.6284096916110526,-0.4671516645995979,-1.1612580270114548,0.9462125293163841,3.974890083273118,-2.0824650246403498,0
2024-07-12,0.7523012552301256,0.8422018348623853,-1.3030085966902085,-0.409595442647477,-0.8934131540427315,0.8629012121708093,3.812055092991832,-2.0862526686502134,0
2024-07-15,0.7452719665271966,0.846788990825688,-1.4143330118750954,-0.21296452221062193,-1.2013684896644734,0.77639738805537994,3.6562380429813865,-2.1034432668706264,0
2024-07-16,0.7502092050209206,0.8591743119266055,-1.2565909229601802,0.43479828919865193,-1.691389212158832,0.6925582232751443,3.561803233405536,-2.1766867868552477,0
2024-07-17,0.7568619246861924,0.8646788990825689,-1.0710719691744515,0.7100597761551084,-1.7811317453295599,0.6111755223372781,3.4794416804476604,-2.257090635773104,0
2024-07-18,0.7880753138075314,0.870183486238532,-0.3592852466251864,0.9781248488980117,-1.337410095523198,0.5420985573822166,3.394818391071844,-2.310621276307411,0
2024-07-19,0.7926359832635983,0.8894495412844037,-0.2540739383838966,1.9322239407756627,-2.186297879159559,0.4625070239388593,3.349169659035555,-2.424155611157836,0
2024-07-22,0.7929707112970712,0.9261467889908257,-0.24581229086657289,3.422433327744177,-3.66824561861075,0.3600068837203683,3.3882855696289145,-2.668271802188178,-1
2024-07-23,0.7790794979079497,0.8807339449541284,-0.5536761303026514,1.2056332270072019,-1.7593093573098533,0.29086732973509283,3.320126582429733,-2.738391922959547,0
2024-07-24,0.779581589958159,0.8660550458715596,-0.5302631001681632,0.4859216773396858,-1.016184777507849,0.23073570588862444,3.217141273638229,-2.75566986186098,0
2024-07-25,0.7854811715481171,0.8724770642201835,-0.38120457362367394,0.8023833247564472,-1.1835878983801211,0.1772872472861518,3.14793653527485,-2.7933620407025463,0
2024-07-26,0.7922594142259414,0.8834862385321102,-0.20115561415906308,1.3452070229110937,-1.5463626370701569,0.11209001254973634,3.0589981498374477,-2.8348181247379753,0
2024-07-29,0.772092050209205,0.8660550458715596,-0.6430423139606117,0.5076382107349494,-1.1506805246955611,0.05609420074809307,2.968395251215032,-2.8562068497188458,0
2024-07-30,0.7735983263598326,0.8678899082568808,-0.582495831739953,0.6137830816990292,-1.1962789134389822,-6.442847181569918e-4,2.8735134105160984,-2.8748019799524123,0
2024-07-31,0.7795397489539749,0.908256880733945,-0.41617829160174746,2.456038433205729,-2.8722167248074766,-0.08532342199972201,2.823246946631739,-2.993893790631183,0
2024-08-01,0.7543933054393306,0.8981651376146788,-0.9929021325965477,1.8936904930845642,-2.8865926256811116,-0.17062916395125843,2.7616392979734634,-3.10289762587598,0
2024-08-02,0.7409623430962343,0.8811926605504588,-1.2913252142360623,1.1022467464973866,-2.393571960733449,-0.2504473562678154,2.6583065162420705,-3.1592012287777016,0
2024-08-05,0.7405857740585774,0.8770642201834863,-1.2607232858168995,0.9124228416673894,-2.173146127484289,-0.3182031916393026,2.5768877866902797,-3.213294169968885,0
2024-08-06,0.7320083682008368,0.8766055045871559,-1.421730576534689,0.8842741880619467,-2.3060047645966355,-0.38460940229554613,2.506972308203346,-3.276191112794438,0
2024-08-07,0.7266527196652719,0.870183486238532,-1.4963262785196203,0.5981634160678941,-2.0944896945875144,-0.4460283656237477,2.4314007090921623,-3.323457440339658,0
2024-08-08,0.7213389121338912,0.8747706422018349,-1.5628971275300216,0.7889671137879796,-2.351864241318001,-0.513112428424646,2.350987083214525,-3.377211940063817,0
2024-08-09,0.7112970711297071,0.8665137614678899,-1.7320921079191176,0.41601818688384645,-2.1481102948029642,-0.5772612056848179,2.2573918795471526,-3.411914290916788,0
2024-08-12,0.7071129707112971,0.8655963302752294,-1.7650941221252037,0.38907888153282083,-2.1541730036580247,-0.6385184836081929,2.170398963782885,-3.447435930999271,0
2024-08-13,0.7271129707112971,0.8743119266055045,-1.2535527634086943,0.7953748766001939,-2.048927640008888,-0.696299466945518,2.083015210116039,-3.475614144007075,0
2024-08-14,0.7205439330543933,0.8646788990825689,-1.368384298801967,0.37622275455592014,-1.7446070533578872,-0.7469115843901778,1.9954633019389796,-3.4892864707193354,0
2024-08-15,0.7255230125523012,0.878440366972477,-1.2196525849133535,1.0192334392840425,-2.238886024197396,-0.8074672270568082,1.9028354458339598,-3.5177698999475764,0
2024-08-16,0.7264435146443515,0.8761467889908258,-1.1704331390252651,0.9003858285947156,-2.0708189676199806,-0.8698548930468544,1.7798940957682392,-3.519603881861948,0
2024-08-19,0.7347280334728034,0.873394495412844,-0.9340538711875724,0.7547924363479926,-1.688846307535565,-0.9252609222225067,1.6493468953640358,-3.499868739809049,0
2024-08-20,0.731673640167364,0.868348623853211,-0.9838396568946974,0.5162521071497918,-1.5000917640444893,-0.9736084687773408,1.5313254168090975,-3.4785423543637792,0
2024-08-21,0.7280753138075313,0.8678899082568808,-1.045755538120176,0.4839931782598435,-1.5297487163800194,-1.0206000720327577,1.4164828231017752,-3.4576829671672904,0
2024-08-22,0.7481171548117155,0.8591743119266055,-0.49118346352302816,0.0848372171754893,-0.5760206806985174,-1.0516849809348052,1.3120356312873356,-3.415405593156946,0
2024-08-23,0.7606694560669457,0.8761467889908258,-0.12259135631122091,0.833433137223476,-0.9560244935346969,-1.0903887335615234,1.1867479507379421,-3.367525417860989,0
2024-08-26,0.7695397489539748,0.846788990825688,0.15517056553295747,-0.4880996509868736,0.6432702165198311,-1.0984624163696444,1.1499376638951089,-3.3468624966343974,0
2024-08-27,0.7677824267782427,0.846788990825688,0.15029133774313203,-0.4894031430524401,0.6396944807955721,-1.1157454885476186,1.0606701056983365,-3.292161082793574,0
2024-08-28,0.7649372384937239,0.8454128440366973,0.12305598521947528,-0.5460487580054165,0.6691047432248918,-1.1351556551875392,0.9532521528970535,-3.223563463272132,0
2024-08-29,0.7564853556485356,0.8619266055045871,-0.10891703705416514,0.19005210974264308,-0.2989691467968082,-1.1676928938807454,0.8014201756264983,-3.136805963387989,0
2024-08-30,0.7712970711297071,0.8848623853211008,0.5257682723615655,1.1845545963492006,-0.658786323987635,-1.20840119404837,0.6075452995562016,-3.024347687652942,0
2024-09-02,0.7581171548117155,0.8678899082568808,0.034603503413456506,0.40954098032776987,-0.37493747691431334,-1.2215115485748465,0.5578462314169987,-3.000869328566692,0
2024-09-03,0.7767782426778242,0.8770642201834863,0.8234409327236183,0.7932889213237202,0.030152011399898093,-1.2172170984794635,0.5731092440922243,-3.0075434410511512,0
2024-09-04,0.7830543933054394,0.8770642201834863,1.0763835151631576,0.7664179811822454,0.3099655339809122,-1.2016763404111643,0.6254598404983385,-3.028812521320667,0
2024-09-05,0.7815899581589959,0.8766055045871559,1.0066003007324267,0.7197560964247098,0.28684420430771684,-1.185645862100192,0.67682312497287,-3.048114849173254,0
2024-09-06,0.7780334728033472,0.8743119266055045,0.854218376307729,0.6001459800330671,0.25407239627466194,-1.1613318561198882,0.7378493410573581,-3.0605130532971345,0
2024-09-09,0.7746861924686193,0.8706422018348624,0.7311703151240649,0.42378555185498384,0.3073847632690811,-1.1420182182593315,0.7932096449314043,-3.0772460814500673,0
2024-09-10,0.7579916317991632,0.8660550458715596,0.06341879913265669,0.2120140747676577,-0.14859527563500102,-1.1338586360998248,0.8140974089310562,-3.081814681130706,0
2024-09-11,0.7805857740585774,0.8715596330275229,1.044665673847088,0.44313484134054887,0.6015308325065392,-1.1138666445236662,0.8805288470389319,-3.1082621360862643,0
2024-09-12,0.7922594142259414,0.8660550458715596,1.5344028684642261,0.17986380842050378,1.3545390600437224,-1.0829074699229302,1.0055137436775932,-3.1713286835234538,1
2024-09-13,0.7677824267782427,0.8678899082568808,0.492726155389321,0.2471605182725728,0.24556563711674823,-1.0622502016962212,1.0540862800318909,-3.1785866834243333,0
2024-09-18,0.7799163179916319,0.8688073394495414,1.0176928565348455,0.272037442071639,0.7456554144632066,-1.0382695495023753,1.1271174848907202,-3.2036565838954707,0
2024-09-19,0.7820083682008369,0.8871559633027523,1.1039431664334742,1.074277003936118,0.029666162497356208,-1.034816886477069,1.1368048009017484,-3.2064385738558867,0
2024-09-20,0.7765690376569038,0.8848623853211008,0.8697721080319807,0.9372003506827224,-0.06742824265074177,-1.0209167409648419,1.1648086570249279,-3.206642138954612,0
2024-09-23,0.7874476987447698,0.8857798165137614,1.3141528942522294,0.9472230891262448,0.3669298051259846,-0.9985140664587764,1.2163919938393013,-3.213420126756854,0
2024-09-24,0.8264435146443515,0.955045871559633,2.7273292771552966,3.609277678576599,-0.8819484014213024,-0.9928533677101853,1.2214695391100667,-3.207176274530437,0
2024-09-25,0.8497907949790795,0.9706422018348624,3.2558078347363706,3.6919508625221202,-0.43614302778574965,-0.9742429529357217,1.2397070227975715,-3.188192928669015,0
2024-09-26,0.8598744769874477,1.0311926605504587,3.2303279307000095,4.646001902638992,-1.4156739719389826,-0.9748208342291143,1.2395790794960748,-3.1892207479543035,0
2024-09-27,0.9489958158995816,1.1344036697247706,4.742528142700153,5.372053212884848,-0.6295250701846946,-0.9628135928132217,1.251124727918607,-3.1767519135450506,0
2024-09-30,1.0539330543933054,1.2477064220183485,5.279742546422388,5.4038046549799805,-0.12406210855759259,-0.9574248036357695,1.263180737079689,-3.178030344351228,0
2024-10-08,1.2510460251046025,1.3724770642201836,5.761152921308116,5.226710804377684,0.5344421169304319,-0.9469307101341483,1.296087777144319,-3.189949197412616,0
2024-10-09,1.0669456066945606,1.3922018348623852,3.148239863096841,4.3948148233877165,-1.2465749602908756,-0.9745408218506866,1.241148939713541,-3.1902305834149143,0
2024-10-10,1.0794979079497908,1.2729357798165137,2.975436632186438,3.0050222770244375,-0.029585644837999414,-0.9682905820285598,1.256038078723103,-3.1926192427802222,0
2024-10-11,1.011673640167364,1.2922018348623854,2.147679187756506,2.8814186685853205,-0.7337394808288145,-0.9589035194720658,1.2645365066354266,-3.182343545579558,0
2024-10-14,1.0448535564853556,1.2596330275229357,2.316504109372872,2.447307790413847,-0.13080368104097495,-0.9417292803725579,1.2912510429545396,-3.1747096036996556,0
2024-10-15,1.0092887029288702,1.2256880733944953,1.883116094534094,2.0768128031793034,-0.1936967086452095,-0.9300673396159324,1.3112325981542496,-3.1713672773861146,0
2024-10-16,0.9784518828451882,1.211467889908257,1.53641969004037,1.8793368724234543,-0.34291718238308433,-0.9157598178279092,1.3294517873942084,-3.160971423050027,0
2024-10-17,0.9686192468619247,1.2,1.3944454470078715,1.7202575590320377,-0.32581211202416616,-0.8930001994923314,1.347909737056693,-3.1339101360413557,0
2024-10-18,1.0455648535564852,1.2802752293577981,1.9691675334669219,2.1299752848194564,-0.16080775135253456,-0.8659947995927144,1.370426546671828,-3.102416145857257,0
2024-10-21,1.0600836820083683,1.2596330275229357,1.9849102737030628,1.8973707767039623,0.08753949699910057,-0.8422456397173428,1.4040539973696213,-3.088545276804307,0
2024-10-22,1.048326359832636,1.2692660550458716,1.8004089277901931,1.862778705778305,-0.06236977798811183,-0.806846838031152,1.4201525235248564,-3.0338461995871606,0
2024-10-23,1.0430962343096235,1.2646788990825688,1.682969993208202,1.7528864272082954,-0.06991643400009329,-0.7468746849543076,1.3570792150477242,-2.8508285849563393,0
2024-10-24,1.0299581589958158,1.2513761467889908,1.5177162837811922,1.6043646247855887,-0.08664834100439656,-0.7189970013492166,1.3746887381297528,-2.812682740828186,0
2024-10-25,1.0831799163179916,1.2614678899082568,1.8365511355735542,1.5943178748096856,0.24223326076386864,-0.6980233673780214,1.4087239702795311,-2.804770705035574,0
2024-10-28,1.072133891213389,1.2610091743119265,1.6778953790868152,1.5282910805873835,0.1496042984994317,-0.6758034974300289,1.438221428640316,-2.789828423500374,0
2024-10-29,1.0534728033472804,1.2490825688073395,1.482136392229314,1.4068650921660812,0.0752713000632328,-0.6487762651444724,1.461435505614877,-2.7589880359038217,0
2024-10-30,1.0377824267782427,1.2596330275229357,1.3204302939806492,1.4103874752296663,-0.08995718124901719,-0.6310975427536966,1.4797826814158683,-2.7419777669232617,0
2024-10-31,1.0292050209205021,1.2899082568807339,1.2166650874268157,1.5135184170164202,-0.29685332958960453,-0.616107116356207,1.491218000273863,-2.723432232986277,0
2024-11-01,1.0301255230125523,1.2821100917431192,1.1822636427129698,1.4165676308245712,-0.23430398811160136,-0.5721419040779425,1.4521487076514914,-2.5964325158073764,0
2024-11-04,1.0510460251046025,1.3330275229357798,1.2811886149490561,1.6155316009521143,-0.33434298600305823,-0.5296044100833083,1.4019910307655161,-2.461199850932133,0
2024-11-05,1.0936820083682008,1.3977064220183486,1.5138677906324025,1.8575147697728072,-0.34364697914040465,-0.4954389937234242,1.3735463662066503,-2.3644243536534986,0
2024-11-06,1.0732217573221758,1.4256880733944952,1.325541999450173,1.9008526200480054,-0.5753106205978324,-0.46880840194198314,1.3477341234285922,-2.2853509273125585,0
2024-11-07,1.0995815899581591,1.568348623853211,1.447413004772442,2.427057602066362,-0.9796445972939201,-0.44670239915360466,1.310197550392524,-2.203602348699733,0
2024-11-08,1.0774058577405858,1.6,1.2548284792799218,2.4046540452851213,-1.1498255660051995,-0.4309579970105661,1.2822626429476633,-2.1441786369687956,0
2024-11-11,1.1192468619246863,1.6,1.4766805049484983,2.2586960362387023,-0.782015531290204,-0.40479385184343614,1.23549095229839,-2.0450786559852623,0
2024-11-12,1.1423430962343095,1.5564220183486237,1.5678489513143152,1.9667928243294461,-0.3989438730151309,-0.3756410781469722,1.199489133740536,-1.9507712900344802,0
2024-11-13,1.1799163179916319,1.5100917431192662,1.740115111391279,1.6969535683613437,0.043161543029935245,-0.33901883570217284,1.1686343518790876,-1.8466720232834333,0
2024-11-14,1.1506276150627615,1.4986238532110092,1.4942920410047764,1.5834240595438722,-0.0891320185390958,-0.30635557534434305,1.1340224227029705,-1.7467335733916565,0
2024-11-15,1.1111297071129707,1.4279816513761467,1.200969889015052,1.2524702333220454,-0.05150034430699346,-0.27813713019349473,1.1131253497765325,-1.669399610163522,0
2024-11-18,1.1000836820083684,1.406880733944954,1.0941061161527335,1.1284579988973382,-0.03435188274460477,-0.24139489450261492,1.052244355477502,-1.535034144482732,0
2024-11-19,1.1243514644351467,1.4357798165137614,1.21052999553339,1.2024938984058837,0.008036097127506192,-0.2067473100901568,0.9957235382970838,-1.4092181584773975,0
2024-11-20,1.1194560669456068,1.4559633027522934,1.1415544142164937,1.2396574591441687,-0.09810304492767496,-0.1802349223800253,0.9577254838005176,-1.318195328560568,0
2024-11-21,1.1224267782426778,1.4628440366972477,1.1247283269917678,1.2245467989090928,-0.09981847191732496,-0.15689703417790588,0.9271110688777608,-1.2409051372335727,0
2024-11-22,1.084100418410042,1.3912844036697247,0.8464824392104006,0.9089422354120087,-0.06245979620160813,-0.13244221884159904,0.8900389605131342,-1.1549233981963323,0
2024-11-25,1.1050209205020922,1.3605504587155963,0.9533558577916318,0.7587628817462163,0.19459297604541548,-0.1195986578958668,0.899571567399317,-1.1387688831910505,0
2024-11-26,1.074142259414226,1.363302752293578,0.721162779089541,0.7427883385334525,-0.021625559443911535,-0.10402534232768706,0.8914348985564218,-1.099485583211796,0
2024-11-27,1.0874476987447699,1.3889908256880734,0.7829201257785194,0.8186936925481936,-0.03577356676967414,-0.11534273871584548,0.8608103383271903,-1.0914958157588812,0
2024-11-28,1.0656903765690375,1.370183486238532,0.6096103478425255,0.7149607857474277,-0.10535043790490217,-0.12776015402752003,0.8280666103240886,-1.0835869183791287,0
2024-11-29,1.0930543933054393,1.4105504587155964,0.7709114711582407,0.8541014048989948,-0.08318993374075412,-0.14029839864361415,0.7924660814589698,-1.0730628787461982,0
2024-12-02,1.097029288702929,1.4344036697247706,0.7719117433078715,0.9245038169308267,-0.15259207362295524,-0.13785878075738328,0.793982802501348,-1.0697003640161147,0
2024-12-03,1.0955648535564853,1.4256880733944952,0.7349614354714057,0.8585901668543181,-0.12362873138291242,-0.12893948754730455,0.7928094992700213,-1.0506884743646303,0
2024-12-04,1.0835564853556487,1.4128440366972477,0.6228025826863084,0.7763606767080237,-0.15355809402171527,-0.12524983116576127,0.7942631892843913,-1.0447628516159138,0
2024-12-05,1.0711297071129706,1.4174311926605503,0.5056510170517872,0.7695774825365301,-0.26392646548474297,-0.1301511391138386,0.7891273908186273,-1.0494296690463045,0
2024-12-06,1.1152719665271966,1.4330275229357796,0.8119927358235959,0.8119339873100472,5.874851354870092e-5,-0.13531625220496132,0.7773619896977433,-1.047994494107666,0
2024-12-09,1.1215481171548118,1.4275229357798165,0.834156371610264,0.7610906004647909,0.07306577114547308,-0.13887922609099873,0.7687502112847082,-1.0465086634667058,0
2024-12-10,1.132092050209205,1.4440366972477063,0.8916935750158712,0.8117048598285205,0.07998871518735073,-0.14178062077578724,0.7618432415639381,-1.0454044831155125,0
2024-12-11,1.1175732217573222,1.4376146788990825,0.7513296759045545,0.7569377419890725,-0.005608066084518026,-0.1469971679316806,0.7496658709556092,-1.0436602068189704,0
2024-12-12,1.1452301255230124,1.4522935779816513,0.9617056145308818,0.8050123346037162,0.15669327992716553,-0.14190902533897778,0.7581753364601778,-1.0419933871381333,0
2024-12-13,1.1172803347280333,1.3954128440366973,0.699404694940255,0.4951752234135689,0.20422947152668613,-0.148530714688642,0.7349991143122082,-1.0320605436894923,0
2024-12-16,1.1179916317991632,1.3775229357798164,0.6838586992591215,0.3744119613433805,0.30944673791574095,-0.16594892005744166,0.6343281128236121,-0.9662259529384954,0
2024-12-17,1.1456066945606695,1.3866972477064219,0.9299398324626973,0.3968093166979209,0.5331305157647763,-0.16115617207997457,0.6524788482838926,-0.9747911924438417,0
2024-12-18,1.1356066945606695,1.3894495412844037,0.8207682585962796,0.3848965596196702,0.4358716989766094,-0.16631923400475118,0.6276010668951708,-0.9602395349046731,0
2024-12-19,1.1288284518828453,1.3912844036697247,0.7409599418121523,0.36781221511257256,0.37314772669957974,-0.16059454126804745,0.6439565937767995,-0.9651456763128943,0
2024-12-20,1.099205020920502,1.391743119266055,0.3854467431503503,0.3416662829358632,0.043780460214487116,-0.1587410628869603,0.6471943494392183,-0.9646764752131389,0
2024-12-23,1.102510460251046,1.3724770642201836,0.4046716198465093,0.16615767661758452,0.23851394322892477,-0.1608813272519113,0.64004196177774475,-0.9618046162815673,0
2024-12-24,1.1223012552301257,1.3908256880733945,0.6768601913144919,0.2735700813769671,0.40329010993752484,-0.13946068539593087,0.6517033677951889,-0.9306247385870507,0
2024-12-25,1.121213389121339,1.380275229357798,0.6622798525560305,0.14189379039368347,0.5203860621623471,-0.1235185338967959,0.6817501940664219,-0.9287872618600137,0
2024-12-26,1.0930962343096233,1.3830275229357798,0.1326068794137585,0.12373279783121008,0.008874081582548432,-0.09977606633810374,0.6310832502780608,-0.8306353829542683,0
2024-12-27,1.096234309623431,1.3862385321100916,0.15633675266469074,0.11978683816638987,0.036549914498300876,-0.0886748165933872,0.6295786100153657,-0.8069282432021401,0
2024-12-30,1.115397489539749,1.3995412844036696,0.5407473504243944,0.23770686604998717,0.3030404843744072,-0.08155644004452041,0.6437019529890277,-0.8068148330780686,0
2024-12-31,1.112970711297071,1.3380733944954128,0.6000235404835822,-0.417715331037781,1.017738871521363,-0.0735014941346716,0.6893477210986786,-0.8363507093680217,1
2025-01-02,1.0827615062761504,1.2591743119266054,-0.11970107453120665,-1.2266846394476112,1.1069835649164046,-0.03427551871455025,0.7252391405528243,-0.7937901779819249,1
2025-01-03,1.077949790794979,1.2371559633027522,-0.23288782503397326,-1.4424507462795433,1.20956292124557,-0.013623042613157459,0.8110080600728722,-0.8382541452991872,1
2025-01-06,1.0742677824267783,1.2412844036697246,-0.3543244212870646,-1.3760052057712808,1.0216807844842162,0.0156339618087264,0.860646075260278,-0.8293781516428251,1
2025-01-07,1.0437238493723848,1.2458715596330274,-1.0960471497331443,-1.3217511005975267,0.22570395086438233,0.02157575567381569,0.8674125325083583,-0.824261021160727,0
2025-01-08,1.0265271966527196,1.2376146788990825,-1.5399916811125904,-1.414032744760812,-0.12595893635177835,0.022704718545372905,0.8675529392116323,-0.8221435021208865,0
2025-01-09,1.0348535564853556,1.2334862385321101,-1.4285335864812843,-1.469942960609974,0.041409374128689835,0.029110161153902393,0.8684922712056333,-0.8102719488978285,0
2025-01-10,1.0292887029288702,1.2137614678899082,-1.7102863781155841,-1.6865561617734943,-0.023730216342089827,0.03414485941527033,0.8684758392521965,-0.8001861204216558,0
2025-01-13,1.0330962343096235,1.2160550458715598,-1.5859003277519976,-1.6266915245820301,0.04079119683003252,0.03750484188497985,0.8702644363548856,-0.795254752584926,0
2025-01-14,1.0719665271966528,1.2706422018348622,-0.5259813527891167,-1.0641733571548868,0.5381920043657701,0.04501571700775767,0.8876811962223298,-0.7976497622068145,0
2025-01-15,1.0496652719665271,1.2555045871559634,-1.1421335968083537,-1.2159036319263028,0.0737700351179491,0.04728471389285865,0.8895070218335722,-0.794937594047855,0
2025-01-16,1.0457322175732218,1.25,-1.253825429062778,-1.2665765772260984,0.012751148163320458,0.048662506928915536,0.8903752158851506,-0.7930502020273196,0
2025-01-17,1.0523012552301256,1.2527522935779816,-1.0986765999423993,-1.2387165605111703,0.140039960568771,0.05244064528846833,0.8937176628411515,-0.7888363722642148,0
2025-01-20,1.1109623430962343,1.256880733944954,0.5319889237599694,-1.1940832430981885,1.7260721668581578,0.07717129372337314,1.0220089529439709,-0.8676663654972245,1
2025-01-21,1.105355648535565,1.2577981651376147,0.3601625607386069,-1.183269171319523,1.54343173205813,0.10040175094935151,1.1182055470302312,-0.9174020451315281,1
2025-01-22,1.0794979079497908,1.2490825688073395,-0.38012796480729294,-1.2733056721407914,0.8931777073334984,0.11403352440385596,1.1521739750607427,-0.9241069262530308,0
2025-01-23,1.0774058577405858,1.2591743119266054,-0.4670138114207522,-1.1688643819019726,0.7018505704812203,0.12723032026602654,1.1749095109402319,-0.9204488704081788,0
2025-01-24,1.090460251046025,1.2633027522935778,-0.12366798094454833,-1.1165202232933413,0.992852242348793,0.14872541313166646,1.213788454340907,-0.9163376280775741,0
2025-01-27,1.0753138075313808,1.2353211009174312,-0.6142886743570127,-1.38320144900358,0.7689127746465673,0.16544569251096933,1.2375241801014367,-0.9066327950794981,0
2025-02-05,1.0548953974895399,1.2362385321100917,-1.24479826469446,-1.3380509884384897,0.09325272374402971,0.17257228767342073,1.2367922847613624,-0.8916477094145209,0
2025-02-06,1.0589958158995816,1.2555045871559634,-1.0898435251010417,-1.109610984646435,0.019767459545393384,0.17862919498485072,1.2350057264364767,-0.8777473364667753,0
2025-02-07,1.0932217573221756,1.2908256880733944,-0.0600899904737644,-0.7348588400425929,0.6747688495688285,0.19946385282096174,1.244603439063225,-0.8456757334213014,0
2025-02-10,1.0813807531380752,1.2912844036697246,-0.41147720362549706,-0.706816210129728,0.2953390065042309,0.22071357955093102,1.2191351944799487,-0.7777080353780867,0
2025-02-11,1.0535564853556485,1.2830275229357797,-1.2335233428786492,-0.7748778511092365,-0.4586454917694127,0.23223324745486068,1.1810474376351086,-0.7165809427253873,0
2025-02-12,1.0682008368200837,1.296788990825688,-0.7663859652701053,-0.6080771695905167,-0.15830879567958855,0.24262835971503757,1.1593654778729434,-0.6741087584428682,0
2025-02-13,1.0936820083682008,1.2899082568807339,0.02618347628704956,-0.6664353018407978,0.6926187781278473,0.26082107056742065,1.1690516238528952,-0.6474094827180539,0
2025-02-14,1.1284937238493724,1.2954128440366972,1.1829092678138107,-0.5755887790349524,1.758498046848763,0.2894100122977344,1.2745071471224538,-0.6956871225269852,1
2025-02-17,1.127196652719665,1.2977064220183485,1.1768892968544125,-0.5217592343773095,1.698648531231722,0.31920635479391474,1.3640656413027814,-0.7256529317149518,1
2025-02-18,1.132928870292887,1.2633027522935778,1.3380625878948063,-0.9297282057749179,2.2677907936697244,0.3578612070935267,1.5127458135295817,-0.7970233993425282,1
2025-02-19,1.144560669456067,1.2839449541284402,1.6542051116542722,-0.6411098231609855,2.2953149348152575,0.396688987386191,1.6503582392313312,-0.8569802644589493,1
2025-02-20,1.1305439330543932,1.2793577981651376,1.1995042446329596,-0.6740666793389432,1.8735709239719027,0.4277812345002643,1.73368705721995,-0.8781245882194215,1
2025-02-21,1.152928870292887,1.3055045871559634,1.847889179806307,-0.30800389229661784,2.155893072102925,0.4653478364507743,1.8377055512386093,-0.9070098783370606,1
2025-02-24,1.1359832635983265,1.3004587155963303,1.30505365469955,-0.34850137347357685,1.6535550281731268,0.49457072811894853,1.892409950857307,-0.9032684946194097,0
2025-02-25,1.1275313807531382,1.2766055045871558,1.014329752368406,-0.6507143325316416,1.6650440849000476,0.5233624594706427,1.9454834777658594,-0.8987585588245739,0
2025-02-26,1.1239330543933055,1.305045871559633,0.8895841453512972,-0.2481874236321783,1.1377715689834755,0.5390821026862771,1.9672585757143808,-0.8890943703418266,0
2025-02-27,1.1297071129707112,1.2954128440366972,1.0305692050125308,-0.36557323069524783,1.3961424357077785,0.5627115692721386,2.0000362213392258,-0.8746130827949484,0
2025-02-28,1.1058577405857741,1.253669724770642,0.3019077946540351,-0.9092842767675223,1.2111920714215574,0.5834943299086592,2.021677833627933,-0.8546891738106144,0
2025-03-03,1.1444769874476985,1.2550458715596329,1.412159088436003,-0.8619637884666189,2.274122876902622,0.6231522184887845,2.114320269133327,-0.8680158321557578,1
2025-03-04,1.100418410041841,1.2550458715596329,0.09363562118959136,-0.8331428627220361,0.9267784839116274,0.6399850254496575,2.1214892051804544,-0.8415191542811393,0
2025-03-05,1.0920083682008368,1.2541284403669724,-0.15483419146764216,-0.8190408114664582,0.6642066199988161,0.6535983370100203,2.12041536261289,-0.8132186885928491,0
2025-03-06,1.1058995815899582,1.2844036697247705,0.2543897273992809,-0.3666120789641053,0.6210018063633862,0.6660088459724588,2.1186075488548983,-0.7865898569099806,0
2025-03-07,1.0910460251046026,1.265137614678899,-0.19253082291230922,-0.6185879478671651,0.42605712495485587,0.6756690996220682,2.1137332823340316,-0.7623950830898953,0
2025-03-10,1.0732217573221758,1.2495412844036695,-0.7263358903266361,-0.8198493533981402,0.0935134630715041,0.6816264317646724,2.1067605670254146,-0.7435077034960699,0
2025-03-11,1.0677824267782425,1.2522935779816513,-0.8617532191373668,-0.7545677580501866,-0.10718546108718019,0.6798390282713269,2.1087145072593803,-0.7490364507167266,0
2025-03-12,1.0648535564853556,1.2522935779816513,-0.9184063728803264,-0.7303762935976879,-0.1880300792826386,0.6754874307641917,2.113441310211718,-0.7624664486833345,0
2025-03-13,1.0594979079497908,1.2431192660550459,-1.0421552503100548,-0.8565827924099912,-0.1855724579000636,0.6710614112127348,2.1180775715968108,-0.7759547491713413,0
2025-03-14,1.096234309623431,1.2876146788990825,0.05985366198039842,-0.08951367303662891,0.14936733501702731,0.6736443345644273,2.11629386086597,-0.7690051917371153,0
2025-03-17,1.0711297071129706,1.2779816513761468,-0.6628834909485503,-0.22030033865317683,-0.4425831522953734,0.6636563940273849,2.128984385177233,-0.8016715971224636,0
2025-03-18,1.0753138075313808,1.2821100917431192,-0.5160471957471903,-0.11283967774026399,-0.4032075180069263,0.6535324442018247,2.1400132419906637,-0.8329483535870141,0
2025-03-19,1.110418410041841,1.2811926605504587,0.556178510319796,-0.1022909514652406,0.6584694617850366,0.6593494895996462,2.143082076914102,-0.8243830977148093,0
2025-03-20,1.0968619246861924,1.2697247706422017,0.17176193746766272,-0.2989475323412617,0.4707094698089244,0.6583091388337153,2.142489198953558,-0.8258709212861272,0
2025-03-21,1.0711297071129706,1.2426605504587156,-0.6053385779600038,-0.8267684060534513,0.22142982809344747,0.6547351076523293,2.142123396480574,-0.8326531811759152,0
2025-03-24,1.0801673640167364,1.2472477064220184,-0.2976259927823368,-0.7100133933094747,0.41238740052713785,0.655389102216122,2.142308181573576,-0.831529977141332,0
2025-03-25,1.0856903765690378,1.2394495412844035,-0.11377306965024185,-0.8664960791904424,0.7527230095402005,0.6672048113715505,2.145596636702794,-0.8111870139596926,0
2025-03-26,1.074979079497908,1.2376146788990825,-0.4420167654193986,-0.8889235388175325,0.4469067733981339,0.670678025207704,2.1459489124397333,-0.804592862024325,0
2025-03-27,1.0831799163179916,1.2339449541284402,-0.16013181614161767,-0.9733413140477978,0.8132094979061801,0.6775100150071817,2.1515400073758935,-0.79651997736153,0
2025-03-28,1.0744769874476987,1.2293577981651376,-0.41986555946225224,-1.0888889886453288,0.6690234291830766,0.6799873044575271,2.153442624082566,-0.793468015167512,0
2025-03-31,1.058326359832636,1.2165137614678898,-0.9210639590755362,-1.4583395208628158,0.5372755617872796,0.6887939957942727,2.1522149068749825,-0.774626915286437,0
2025-04-01,1.042092050209205,1.2128440366972477,-1.3946381104639518,-1.6231717616748655,0.22853365121091374,0.6919937247394828,2.1504445908663907,-0.7664571413874252,0
2025-04-02,1.0424267782426777,1.2174311926605503,-1.3346354460590877,-1.6342143001770166,0.29957885411792895,0.6919360309018749,2.150449758004102,-0.7665776962003521,0
2025-04-03,1.017071129707113,1.2128440366972477,-2.0244916919919516,-1.8140778265214792,-0.21041386547047236,0.6714668186186776,2.1457679707211117,-0.8028343334837564,0
2025-04-07,0.9005020920502091,1.1018348623853211,-4.463136981811381,-4.753056175479356,0.28991919366797525,0.6578490790978706,2.130879957037343,-0.8151817988416017,0
2025-04-08,0.9165271966527198,1.1238532110091743,-3.5399334313683823,-3.561724965725408,0.021791534357025633,0.6380528893163948,2.1128470365702245,-0.8367412579374349,0
2025-04-09,0.8844769874476986,1.141743119266055,-3.661785117066545,-2.8167761239331033,-0.8450089931334417,0.6069413930227672,2.1268820448647223,-0.912999258819188,0
2025-04-10,0.9120502092050209,1.153211009174312,-2.868420359502836,-2.3643452257333655,-0.5040751337694704,0.5947784082788695,2.1386208153626267,-0.9490639988048876,0
2025-04-11,0.9372384937238494,1.163302752293578,-2.2923044393633782,-2.0180828265449002,-0.274221612818478,0.5923073636710913,2.141308368741499,-0.9566936413993167,0
2025-04-14,0.9372384937238494,1.1573394495412843,-2.176927334231089,-2.0514028586072057,-0.12552447562388336,0.5895251328418817,2.1431439850231038,-0.9640937193393403,0
2025-04-15,0.954602510460251,1.151834862385321,-1.8216373874285101,-2.0810349228729517,0.25939753544444155,0.5942439287049905,2.141994757609538,-0.9535069001995569,0
2025-04-16,0.9409623430962343,1.153669724770642,-1.9544538560767972,-1.9586851961602771,0.0042313400834799175,0.5936345977592147,2.142300265517763,-0.9550310699993335,0
2025-04-17,0.9456066945606695,1.1545871559633027,-1.796943754507229,-1.8460667643432236,0.04912300983599449,0.5854834478503851,2.140471516545518,-0.9695046208447481,0
2025-04-18,0.943347280334728,1.153669724770642,-1.756429622850102,-1.780159617985347,0.023729995135244986,0.5846494471840067,2.140807167062076,-0.9715082726940627,0
2025-04-21,0.9680334728033473,1.1573394495412843,-1.351384213457933,-1.637323680008271,0.2859394665503381,0.5892025858237903,2.1401435172537595,-0.9617383456061789,0
2025-04-22,0.9652301255230126,1.1504587155963302,-1.3495502427151829,-1.6952095506628138,0.3456593079476309,0.5926295749467713,2.1404388251744386,-0.9551796752808962,0
2025-04-23,0.9763598326359832,1.1527522935779815,-1.1501363888099065,-1.5847291571311093,0.43459276832120275,0.5711049183044887,2.090454882566256,-0.9482450459572784,0
2025-04-24,0.9910878661087866,1.146788990825688,-0.910662708340884,-1.6248548609088158,0.7141921525679318,0.5572842586463187,2.0555963601864704,-0.941027842893833,0
2025-04-25,0.9899581589958159,1.1559633027522935,-0.9000892054076942,-1.4059141692874328,0.5058249638797386,0.5508283795887561,2.0465890661394663,-0.9449323069619544,0
2025-04-28,0.9826359832635984,1.1527522935779815,-0.9739151946729413,-1.409244461895734,0.43532926722279275,0.5463863578677823,2.0419056296950404,-0.9491329139594757,0
2025-04-29,0.970836820083682,1.1472477064220183,-1.1021581621762755,-1.4488068148352469,0.3466486526589714,0.5356162980396185,2.027359167384379,-0.956126571305142,0
2025-04-30,0.9686192468619247,1.1504587155963302,-1.097831422803726,-1.3471761429642821,0.2493447201605561,0.5269568304648518,2.0192228269776358,-0.9653091660479323,0
2025-05-06,0.969163179916318,1.170183486238532,-1.0603507804932104,-0.9839013741890905,-0.0764494063041199,0.5241284616307159,2.020376253768912,-0.9721193305074799,0
2025-05-07,0.9983682008368201,1.1775229357798165,-0.6467038718408396,-0.8342960198119491,0.18759214797110957,0.5269255397711445,2.0199620252886747,-0.9661109457463857,0
2025-05-08,1.0233054393305439,1.1862385321100917,-0.293283980240092,-0.6623115893497583,0.3690276091096663,0.5218298524301584,2.014900760642504,-0.971241055782187,0
2025-05-09,1.0387866108786612,1.1720183486238531,-0.0730867036247073,-0.8732829920880129,0.8001962884633056,0.5302441404628098,2.023813125662045,-0.9633248447364255,0
2025-05-12,1.0753138075313808,1.2064220183486238,0.41953956952467586,-0.2683919342702075,0.6879315037948834,0.5493537570555481,2.020628762237702,-0.921921248126606,0
2025-05-13,1.0827196652719664,1.1967889908256881,0.5163783432349793,-0.4103473515680574,0.9267256948030367,0.5674376652302584,2.029977624519824,-0.8951022940593072,0
2025-05-14,1.098744769874477,1.241743119266055,0.7325727636692527,0.38939284128717405,0.3431799223820787,0.5616136843011622,2.0249087193393778,-0.9016813507370535,0
2025-05-15,1.0886192468619247,1.2192660550458714,0.6088968240647997,0.016791820583031258,0.5921050034817684,0.5421738002450457,1.971382430419315,-0.8870348299292236,0
2025-05-16,1.0851882845188285,1.2022935779816515,0.5763109587057083,-0.26231341625120164,0.8386243749569099,0.5278400643071322,1.9267990497130663,-0.871118921098802,0
2025-05-19,1.0878661087866108,1.1977064220183486,0.6298882911946254,-0.3274983011552,0.9573865923498255,0.5059999942851339,1.8335562924724562,-0.8215563039021885,0
2025-05-20,1.100418410041841,1.1967889908256881,0.824966259037249,-0.3217856260717986,1.1467518851090475,0.4868572767900303,1.7405274913888973,-0.7668129378088366,0
2025-05-21,1.1467782426778241,1.1944954128440366,1.467886516858424,-0.3420116339432216,1.8098981508016456,0.4857960639038594,1.7347904444125848,-0.7631983166048659,1
2025-05-22,1.131255230125523,1.1922018348623853,1.2641560524507955,-0.35863235334041144,1.622788405791207,0.4769109861319974,1.684474679642348,-0.7306527073783533,0
2025-05-23,1.117112970711297,1.1775229357798165,1.074391843294279,-0.6149537995048354,1.6893456427991143,0.4775074963757639,1.6874685220919008,-0.7324535293403729,1
2025-05-26,1.0707112970711297,1.1752293577981652,0.43277434603663023,-0.6343944694259391,1.0671688154625694,0.46754290855180597,1.6471890369570226,-0.7121032198534107,0
2025-05-27,1.0627196652719666,1.170183486238532,0.3363396202120453,-0.7105746109980456,1.046914231210091,0.46602861958891617,1.6424037086481462,-0.7103464694703138,0
2025-05-28,1.0610878661087866,1.1660550458715597,0.33390384617892055,-0.7702258640009787,1.1041297101798992,0.46116174083011824,1.6242246394365705,-0.7019011577763339,0
2025-05-29,1.053765690376569,1.1788990825688073,0.24057797732016264,-0.4782274893370269,0.7188054666571896,0.4529552974173787,1.6013467978681197,-0.6954362030333623,0
2025-05-30,1.0460251046025104,1.1706422018348623,0.1531530652210794,-0.628050599233146,0.7812036644542254,0.42807331054323877,1.476277381005831,-0.6201307599193533,0
2025-06-03,1.050836820083682,1.1738532110091742,0.24081248156550972,-0.5357780821057103,0.77659056367122,0.42557017853923207,1.4696389840605606,-0.6184986269820965,0
2025-06-04,1.050418410041841,1.1876146788990825,0.2465183101397752,-0.21823083822618544,0.46474914836596065,0.42224588734535107,1.4644924741298473,-0.6200006994391453,0
2025-06-05,1.0523012552301256,1.2009174311926605,0.292209482324287,0.10523631877706026,0.18697316354722676,0.4150120766317484,1.4576719537750216,-0.6276478005115247,0
2025-06-06,1.0413389121338912,1.191743119266055,0.13524518746832662,-0.07516512051275032,0.21041030798107693,0.4114179630155187,1.4554088136052283,-0.6325728875741908,0
2025-06-09,1.027531380753138,1.2123853211009175,-0.06963443323909402,0.41830324781920397,-0.487937681058298,0.4017271106133553,1.468272834248737,-0.6648186130220264,0
2025-06-10,1.0173221757322175,1.1903669724770642,-0.21760029888405766,-0.07079925508724266,-0.146801043796815,0.40106685090152805,1.4689423511004478,-0.6668086492973917,0
2025-06-11,1.0481171548117154,1.210091743119266,0.273147459476071,0.41821503907997515,-0.14506757960390415,0.40178289256284033,1.4681080758318397,-0.6645422907061589,0
2025-06-12,1.0452301255230125,1.2128440366972477,0.23157789161358708,0.5016544181481669,-0.2700765265345798,0.4003744914189318,1.4700732722001812,-0.6693242893623177,0
2025-06-13,1.0384937238493723,1.2064220183486238,0.14149389306849655,0.3970048667637657,-0.2555109736952691,0.3936265196070602,1.4748128547615522,-0.6875598155474317,0
2025-06-16,1.032050209205021,1.2238532110091742,0.04916196413313624,0.8957494470767654,-0.8465874829436292,0.38689311409625593,1.4939852352243963,-0.7201990070318844,-1
2025-06-17,1.030376569037657,1.2247706422018347,0.03450032836786422,0.9889616464146673,-0.9544613180468031,0.377705550762258,1.5200578444705288,-0.7646467429460129,-1
2025-06-18,1.0274895397489539,1.210091743119266,0.010415394152379305,0.6517044499408842,-0.6412890557885048,0.35604290880269895,1.5257061859874441,-0.8136203683820463,0
2025-06-19,1.0129707112970712,1.188532110091743,-0.20649638807386683,0.06532711887959074,-0.2718235069534576,0.3436673591899926,1.5240589416326897,-0.8367242232527046,0
2025-06-20,1.0052719665271965,1.1871559633027522,-0.31697466458708046,0.052840958172508855,-0.3698156227595893,0.33381326834244196,1.5281451647424054,-0.8605186280575214,0
2025-06-23,1.0025523012552302,1.203211009174312,-0.3428627056902044,0.6008934749718773,-0.9437561806620817,0.31121087532262165,1.549995975199991,-0.9275742245547476,-1
2025-06-24,1.0289539748953975,1.2344036697247707,0.1153536239322297,1.6265170233816528,-1.5111633994494231,0.27347943517279455,1.5928494970441556,-1.0458906266985666,-1
2025-06-25,1.0665271966527197,1.2857798165137615,0.7532439544256632,3.0806685779106306,-2.3274246234849674,0.22724057855807617,1.7066408013105792,-1.2521596441944267,-1
2025-06-26,1.0576987447698745,1.2646788990825688,0.6148613694542582,2.3447766207998333,-1.7299152513455751,0.184855166070547,1.739760515154849,-1.3700501830137548,-1
2025-06-27,1.0501673640167364,1.265137614678899,0.496071445123884,2.2674384982624916,-1.7713670531386074,0.1441819913651855,1.77346185814833,-1.4850978754179587,-1
2025-06-30,1.0553138075313808,1.2669724770642201,0.5852147596988952,2.211490099659893,-1.626275339960998,0.10812280966938095,1.7967013067202404,-1.5804556873814786,-1
2025-07-01,1.0523012552301256,1.2564220183486239,0.5300830804133739,1.8492160882804858,-1.3191330078671117,0.08232836535141384,1.810250110515938,-1.6455933798131106,0
2025-07-02,1.0479079497907948,1.2513761467889908,0.4531893910993929,1.6652340099289653,-1.2120446188295724,0.05713464080228878,1.8159746898743456,-1.701705408269768,0
2025-07-03,1.0987029288702927,1.2692660550458716,1.2786679223500743,2.045192914303012,-0.7665249919529378,0.047866122027580914,1.8182644082466053,-1.7225321641914435,0
2025-07-04,1.1121338912133891,1.2688073394495412,1.4727594621800826,1.9832174005328127,-0.5104579383527301,0.03452650316056926,1.8095611544483146,-1.740508148127176,0
2025-07-07,1.0915899581589958,1.2747706422018348,1.0932426648130575,2.0529360388119544,-0.9596933739988969,0.018168421354637178,1.8116743898383045,-1.7753375471290302,0
2025-07-08,1.1017154811715482,1.2853211009174312,1.2623623600821365,2.201940139109772,-0.9395777790276356,0.01659227492306731,1.8133472114072924,-1.7801626615611577,0
2025-07-09,1.1330543933054393,1.2756880733944953,1.7962859849218338,1.871022520670009,-0.07473653574817529,0.02374791822342225,1.8154806589359453,-1.767984822489101,0
2025-07-10,1.1380753138075315,1.294954128440367,1.828455485755177,2.206383639254517,-0.37792815349934017,0.022019475878741274,1.815121044706811,-1.7710820929493283,0
2025-07-11,1.1359832635983265,1.3146788990825689,1.7377678050481475,2.49055035217235,-0.7527825471242027,0.011565174687069302,1.8154477415250063,-1.7923173921508677,0
2025-07-14,1.1234309623430963,1.3032110091743119,1.4582820448734823,2.115162589205971,-0.6568805443324885,-0.0037061266425462407,1.807142399755327,-1.8145546530404195,0
2025-07-15,1.1202928870292888,1.2954128440366972,1.3679582030775164,1.8570967956590594,-0.489138592581543,-0.011928958853629762,1.8032484376114397,-1.8271063553186992,0
2025-07-16,1.1062761506276149,1.2880733944954128,1.0744200366692456,1.6324342101994787,-0.5580141735302331,-0.022047911909733632,1.7985062147707476,-1.8426020385902149,0
2025-07-17,1.110878661087866,1.2958715596330275,1.1429297696502962,1.7249329889226661,-0.5820032192723699,-0.03214346548319403,1.7940871566677983,-1.8583740876341863,0
2025-07-18,1.1347280334728034,1.3,1.5774044035965813,1.7363361885386341,-0.15893178494205285,-0.03955798634140064,1.7850310266255598,-1.864146999308361,0
2025-07-21,1.1701255230125525,1.3256880733944953,2.2003271536981983,2.1517717185908465,0.04855543510735183,-0.04450971755540517,1.7774373720358905,-1.866456807146701,0
2025-07-22,1.1994142259414227,1.3270642201834861,2.6144545772034644,2.0729850593426833,0.5414695178607811,-0.04272843839641218,1.7813317980229921,-1.8667886748158165,0
2025-07-23,1.2009205020920501,1.3660550458715597,2.4789592077154468,2.647215573555316,-0.16825636583986903,-0.05743591370320882,1.7559977082757143,-1.8708695356821319,0
2025-07-24,1.1933054393305438,1.3779816513761467,2.216162076189081,2.664842643937562,-0.4486805677484811,-0.07334433923034586,1.7367331387904321,-1.883421817251124,0
2025-07-25,1.18326359832636,1.3623853211009174,1.9513142298850088,2.255457012457669,-0.30414278257266014,-0.08566887339360343,1.7203853041909776,-1.8917230509781846,0
2025-07-28,1.197907949790795,1.3743119266055046,2.1254062140266736,2.3272468969261557,-0.2018406828994821,-0.09481036231957764,1.7078919575846208,-1.8975126822237762,0
2025-07-29,1.2210041841004184,1.3738532110091741,2.4146621562586215,2.200803763872861,0.21385839238576043,-0.09540180111582428,1.7068644481553854,-1.8976680503870338,0
2025-07-30,1.1593723849372384,1.3660550458715597,1.3104042957102415,1.9724932369477224,-0.6620889412374809,-0.10516246003138024,1.7030199307309406,-1.9133448507937012,0
2025-07-31,1.1071966527196653,1.3311926605504587,0.3571904104285565,1.3613954944544857,-1.0042050840259291,-0.12502574723133086,1.6962118996176923,-1.9462633940803538,0
2025-08-01,1.1007112970711297,1.3188073394495412,0.2185552243524981,1.124540516149833,-0.9059852917973349,-0.14627596224644748,1.6812552361419462,-1.9738071606348413,0
2025-08-04,1.114979079497908,1.3261467889908256,0.4596905378285391,1.2009768081159893,-0.7412862702874502,-0.17196733822562685,1.6447481070319525,-1.9886827834832062,0
2025-08-05,1.1117154811715482,1.338532110091743,0.38799240185354467,1.3477128184768106,-0.9597204166232659,-0.1994282035659293,1.6142223772073645,-2.013078784339223,0
2025-08-06,1.108786610878661,1.3376146788990826,0.3257115504022022,1.2863774866924491,-0.960665936290247,-0.23088473075081747,1.5687288591588093,-2.030498320660444,0
2025-08-07,1.1006276150627616,1.335321100917431,0.17471728298089767,1.2109762368552979,-1.0362589538744003,-0.25387537868842536,1.5511429938422165,-2.0588937512190673,0
2025-08-08,1.102426778242678,1.3247706422018348,0.20356867406899595,1.014654440402482,-0.8110857663334861,-0.2772618915186795,1.5195117125187878,-2.0740354955561466,0
2025-08-11,1.1031799163179918,1.3477064220183486,0.21186236685802914,1.3181938109339078,-1.1063314440758787,-0.3096778218358928,1.4753434433351473,-2.094699087006933,0
2025-08-12,1.1014644351464435,1.3522935779816514,0.17604783315400094,1.3386184389953635,-1.1625706058413625,-0.3450104418057458,1.4218216127280732,-2.111842496339565,0
2025-08-13,1.1447698744769876,1.3587155963302753,0.9526309589636008,1.383913683661201,-0.4312827246976001,-0.3713110186358567,1.3516268271791265,-2.09424886445084,0
2025-08-14,1.1710878661087865,1.3600917431192658,1.413409844657238,1.355064854778476,0.05834498987876202,-0.4005035713179047,1.228916459429795,-2.029923602065604,0
2025-08-15,1.1743514644351465,1.426605504587156,1.4391720659666212,2.2145163174283247,-0.7753442514617035,-0.4404724489387867,1.1024136114223668,-1.9833585092999404,0
2025-08-18,1.1841004184100419,1.4541284403669723,1.5618286645652064,2.4501797319172613,-0.8883510673520549,-0.48343406077463946,0.9584588741416642,-1.9253269956909431,0
2025-08-19,1.1623430962343098,1.4229357798165136,1.1429051080510775,1.9297242748042447,-0.7868191667531672,-0.514333860478235,0.8707305414488729,-1.899398262405343,0
2025-08-20,1.1682008368200836,1.4288990825688073,1.2022933534896505,1.9278444439481357,-0.7255510904584852,-0.5438749491727114,0.7799921820598331,-1.867742080405256,0
2025-08-21,1.1673640167364017,1.4165137614678898,1.1483059954696493,1.7002059671106584,-0.5518999716410091,-0.5714754438697264,0.679683868761599,-1.822634756501052,0
2025-08-22,1.201589958158996,1.4770642201834863,1.657628561680214,2.373504249336925,-0.715875687656711,-0.5953867964416248,0.609444323668529,-1.8002179165517787,0
2025-08-25,1.2145606694560669,1.4743119266055045,1.7900245352853426,2.2238541403584686,-0.43382960507312607,-0.6156373509337473,0.5346864132009191,-1.7659611150684138,0
2025-08-26,1.211297071129707,1.4532110091743118,1.6633601090347034,1.8788883570617176,-0.2155282480270142,-0.6321726644620512,0.4639914942457789,-1.7283368231698812,0
2025-08-27,1.1644351464435148,1.4169724770642202,0.8796310910705736,1.3750392998250964,-0.49540820875452285,-0.6481752870807259,0.41023240707223574,-1.7065829812336877,0
2025-08-28,1.1607112970711297,1.4449541284403669,0.7921860949507236,1.6656365794332484,-0.8734504844825248,-0.6658490145478885,0.37102635462936717,-1.702724383725144,0
2025-08-29,1.2810878661087866,1.4440366972477063,2.5442566021017323,1.5978775569403323,0.9463790451614,-0.6535828689282164,0.4412525184908229,-1.7484182563472557,1
2025-09-01,1.2719665271966527,1.429816513761468,2.271060778545638,1.3715254024637598,0.8995353760818783,-0.6304583179758801,0.5349456642130749,-1.7958623001648353,1
2025-09-02,1.2672384937238494,1.4119266055045872,2.0982535588258524,1.1144815017150607,0.9837720571107917,-0.6116154329607533,0.6202624803480756,-1.8434933462695822,1
2025-09-03,1.292887029288703,1.3665137614678897,2.32349200733024,0.5113556332678769,1.812136374062363,-0.5789953670663155,0.7982169709011733,-1.9562077050338043,1
2025-09-04,1.272092050209205,1.3559633027522935,1.9352322297972133,0.3502262674281719,1.5850059623690413,-0.5480773255845885,0.9364563691241952,-2.0326110202933725,1
2025-09-05,1.3602928870292887,1.368348623853211,2.8885539590176394,0.4880760038919305,2.4004779551257087,-0.5038108434375722,1.1633689771658218,-2.170990664040966,1
2025-09-08,1.3613807531380753,1.3509174311926604,2.6920327212325965,0.22907644784849404,2.4629562733841026,-0.44865178083210994,1.383252223470669,-2.2805557851348888,1
2025-09-09,1.3389121338912133,1.3541284403669724,2.2820721990155888,0.24827021864648613,2.0338019803691028,-0.3988473925251782,1.5366728748921044,-2.3343676599424605,1
2025-09-10,1.3223430962343097,1.3522935779816514,1.9908943470017622,0.19474936235160614,1.796144984650156,-0.35822349185120056,1.6572625941922754,-2.3737095778946764,1
2025-09-11,1.3495815899581591,1.3912844036697247,2.200334224606794,0.7328187401101569,1.467515484496637,-0.32923450866036563,1.740607908797544,-2.3990769261182754,0
2025-09-12,1.3598326359832635,1.3660550458715597,2.212965781146004,0.3275307011798523,1.8854350799661517,-0.29164699694826995,1.8556571526594319,-2.4389511465559717,1
2025-09-15,1.4841004184100417,1.3573394495412843,3.2793830261846506,0.15803119623781958,3.121351829946831,-0.22389519677145475,2.0897913340871352,-2.537581727630045,1
2025-09-16,1.4787447698744771,1.343119266055046,2.9561178124198575,-0.10691993778460183,3.0630377502044595,-0.14765851094389004,2.291527807145236,-2.586844829033016,1
2025-09-17,1.5778242677824268,1.3298165137614677,3.466675994335536,-0.3462382995856375,3.8129142939211738,-0.04531952898712103,2.533123064219121,-2.6237621221933627,1
2025-09-18,1.5351046025104602,1.3004587155963303,2.8326074867581146,-0.8652257247807007,3.697833211538815,0.04514294539428545,2.76039457939457,-2.6701086886059993,1
2025-09-19,1.5417991631799164,1.298623853211009,2.674964839010824,-0.917052898973278,3.592017737984102,0.13453269191299744,2.9575243048944238,-2.6884589210684284,1
2025-09-22,1.548326359832636,1.3201834862385322,2.539948018895721,-0.5666406427846633,3.106588661680384,0.21341375860702053,3.1000426961960272,-2.6732151789819865,1
2025-09-23,1.5403765690376567,1.3073394495412844,2.331879132483976,-0.8245022290868703,3.1563813615708463,0.2880056647643196,3.2440080530901776,-2.6679967235615383,0
2025-09-24,1.5896652719665272,1.3160550458715596,2.5131189671789635,-0.7046390777367469,3.2177580449157106,0.36183570916007424,3.385931146350603,-2.6622597280304543,0
2025-09-25,1.6437238493723851,1.3169724770642202,2.667383003098148,-0.7146160872937808,3.381999090391929,0.4309777771991556,3.538675833539673,-2.6767202791413616,0
2025-09-26,1.5916317991631799,1.3174311926605504,2.1889532862223304,-0.734686358276768,2.923639644499098,0.48821273691335254,3.651378635237792,-2.674953161411087,0
2025-09-29,1.6626359832635984,1.394954128440367,2.46150266745486,0.7240952869923695,1.7374073804624905,0.5331644161543757,3.6892796943138695,-2.6229508620051183,0
2025-09-30,1.6820083682008369,1.3715596330275228,2.40915302843915,0.2444832372146091,2.164669791224541,0.5849018756585787,3.7445835068604065,-2.5747797555432497,0
2025-10-09,1.715020920502092,1.3600917431192658,2.424254758435837,-0.010862886016908923,2.4351176444527463,0.6267327786619277,3.817196421140837,-2.563730863816982,0
2025-10-10,1.5981171548117155,1.3614678899082568,1.7014945927666578,-0.005516581314377544,1.7070111740810354,0.6614817674549335,3.852850609688272,-2.529887074778405,0
2025-10-13,1.5669456066945606,1.3394495412844036,1.4740183311005215,-0.4709036769525518,1.9449220080530734,0.7064435100412214,3.8927712867877737,-2.479884266705331,0
2025-10-14,1.497907949790795,1.331651376146789,1.0693336228640213,-0.648593757098523,1.7179273799625443,0.7460236421128056,3.922446865294967,-2.4303995810693557,0
2025-10-15,1.5451882845188285,1.361926605504587,1.274634630601744,-0.03844690089697929,1.3130815314987232,0.7760606441808098,3.939028001034258,-2.3869067126726384,0
2025-10-16,1.5418410041841004,1.3600917431192658,1.214476147055936,-0.10550278513149161,1.3199789321874276,0.8073605292761042,3.9537510617729015,-2.3390300032206928,0
2025-10-17,1.4984937238493723,1.3344036697247705,0.9540059705719992,-0.6903410765706343,1.6443470471426336,0.8444663670496875,3.9766856118439984,-2.287752877744624,0
2025-10-20,1.5334728033472804,1.3408256880733944,1.1006587615355794,-0.5720820134574945,1.6727407749930738,0.8749942430486066,4.003134159109473,-2.2531456730122597,0
2025-10-21,1.5728033472803347,1.346788990825688,1.2617971441942373,-0.4482885801513471,1.7100857243455843,0.9026864145359106,4.030483500159781,-2.2251106710879602,0
2025-10-22,1.5600836820083683,1.3389908256880734,1.1553170862648652,-0.6313987259260909,1.786715812190956,0.9234405194414128,4.058005899934038,-2.211124861051212,0
2025-10-23,1.5751046025104602,1.3541284403669724,1.1911202656421556,-0.2830493561674688,1.4741696218096243,0.9508142859022377,4.075268601996324,-2.173640030191849,0
2025-10-24,1.6141004184100418,1.370183486238532,1.3410478890818591,0.08416018260394881,1.2568877064779103,0.9792404238060111,4.082866299842689,-2.1243854522306664,0
2025-10-27,1.6158158995815899,1.3756880733944954,1.3019048001943754,0.20400869672589272,1.0978961034684827,1.0026077385733636,4.087986325495448,-2.0827708483487215,0
2025-10-28,1.617071129707113,1.3761467889908257,1.262468452860596,0.21369425651410973,1.0487741963464863,1.02345131989413,4.092585721823281,-2.045683082035021,0
2025-10-29,1.6736401673640167,1.389908256880734,1.4850384059017914,0.5187488854270299,0.9662895204747615,1.0359918386956128,4.097810109256607,-2.025826431865382,0
2025-10-30,1.6664853556485357,1.3614678899082568,1.3975610935609901,-0.12339701692714036,1.5209581104881305,1.0723759562243733,4.103844468267183,-1.959092555818436,0
2025-10-31,1.6266527196652718,1.3477064220183486,1.1650695492878358,-0.4429059114378857,1.6079754607257215,1.1159122986369008,4.100738591553638,-1.8689139942798363,0
2025-11-03,1.6186610878661087,1.3403669724770642,1.091341859208668,-0.6223335272760088,1.713675386484677,1.159573309941601,4.100406776397919,-1.781260156514717,0
2025-11-04,1.5855648535564852,1.3339449541284403,0.8981922630379523,-0.774334253721056,1.6725265167590084,1.1998035230590423,4.100629149983528,-1.7010221038654436,0
2025-11-05,1.6263598326359832,1.3330275229357798,1.0683806982801085,-0.7920455578396118,1.8604262561197205,1.2468059676047585,4.096230142554834,-1.6026182073453172,0
2025-11-06,1.6513807531380753,1.3389908256880734,1.15923540202626,-0.6561564551433893,1.8153918571696495,1.2930735974957568,4.086290362766962,-1.5001431677754484,0
2025-11-07,1.6542677824267782,1.3302752293577982,1.1410059398712709,-0.8526883321582946,1.9936942720295656,1.3435728179274895,4.074344763314867,-1.3871991274598885,0
2025-11-10,1.608828451882845,1.3440366972477065,0.8803089747479725,-0.5482000403419762,1.4285090150899489,1.38089939761788,4.052450924747078,-1.290652129511318,0
2025-11-11,1.6133891213389122,1.3330275229357798,0.8779168802380612,-0.7931341086830211,1.6710509889210825,1.427189104834496,4.018475978479337,-1.1640977688103455,0
2025-11-12,1.616652719665272,1.3256880733944953,0.8702454814674666,-0.9449609396996351,1.8152064211671017,1.4768187219513038,3.9788685819390484,-1.0252311380364407,0
2025-11-13,1.7389121338912135,1.3339449541284403,1.4955673121703572,-0.7440961355193373,2.2396634476896944,1.521334491491092,3.9799536557351374,-0.9372846727529536,0
2025-11-14,1.690878661087866,1.3137614678899083,1.1960935203696295,-1.1705414348155645,2.366634955185194,1.5598059909128659,3.997452982070907,-0.8778410002451751,0
2025-11-17,1.635062761506276,1.2977064220183485,0.8578372458083049,-1.4778333799250816,2.3356706257333864,1.6116562388661173,3.978575776978344,-0.7552632992461097,0
2025-11-18,1.610878661087866,1.2944954128440367,0.6947713490229924,-1.5145087066210068,2.2092800556439993,1.663283424249385,3.941868179668023,-0.6153013311692532,0
2025-11-19,1.6364016736401674,1.298165137614679,0.8186265319068806,-1.3845500795636545,2.203176611470535,1.7131166872197798,3.9027799365208438,-0.4765465620812839,0
2025-11-20,1.5874058577405856,1.298165137614679,0.5008288483886809,-1.3435652394472146,1.8443940878358955,1.7559491068580195,3.8500210812327973,-0.33812286751675824,0
2025-11-21,1.5481171548117154,1.2522935779816513,0.2283153010995854,-2.2615195305723796,2.489834831671965,1.8066446869132358,3.8191310574693205,-0.20584168364284916,0
2025-11-24,1.550418410041841,1.2564220183486239,0.21315055951024015,-2.145998670673975,2.359149230184215,1.8578951022105847,3.7628138282373036,-0.04702362381613412,0
2025-11-25,1.5579916317991633,1.260091743119266,0.233622656902169,-2.053892745024267,2.287515401926436,1.903250852327244,3.713442232361208,0.0930594722932796,0
2025-11-26,1.5599163179916318,1.2660550458715596,0.21559457942538898,-1.8874710313045384,2.1030656107299275,1.9418940833065264,3.664993328521639,0.21879483809141376,0
2025-11-27,1.5531380753138075,1.265137614678899,0.12846542504565855,-1.8441570340251219,1.9726224590707804,1.9830279277702814,3.5828749450597392,0.3831809104808235,0
2025-11-28,1.5615062761506275,1.2655963302752293,0.1524927167235429,-1.811404178917409,1.9638968956409517,2.0303170507723394,3.443559529246909,0.61707457229777,0
2025-12-01,1.6023849372384937,1.2692660550458716,0.4627621219980829,-1.710929866435959,2.173691988434042,2.05077226649355,3.435434760779506,0.6661097722075946,0
2025-12-02,1.5902928870292887,1.2555045871559634,0.32986087347639137,-2.0272620082683708,2.357122881744762,2.0750653915879314,3.428357066124854,0.7217737170510086,0
2025-12-03,1.5735564853556485,1.2454128440366972,0.14169036306956895,-2.2095683453364567,2.351258708406026,2.0978568357761853,3.42213650225973,0.773577169292641,0
2025-12-04,1.6039748953974897,1.2477064220183485,0.4055766477697441,-2.037515803928109,2.443092451697853,2.1083727704034434,3.43344358328714,0.7833019575197471,0
2025-12-05,1.6279916317991632,1.2779816513761468,0.6364674156270094,-1.2228793166322414,1.8593467322592507,2.11294511656828,3.4325517218792347,0.7933385112573257,0
2025-12-08,1.6422594142259415,1.31651376146789,0.7732824662422922,-0.23029942727585132,1.0035818935181435,2.0896635155414875,3.4376204917732327,0.7417065393097422,0
2025-12-09,1.621715481171548,1.3087155963302752,0.5150042862425178,-0.41199458175257575,0.9269988679950936,2.064064225451671,3.4412068168046104,0.6869216340987312,0
2025-12-10,1.5999163179916318,1.308256880733945,0.21662676765422842,-0.40557040419297163,0.6221971718472,2.0405374786429724,3.4671263853144745,0.6139485719714703,0
2025-12-11,1.6275732217573222,1.2977064220183485,0.5676184169235609,-0.6531801734148655,1.2207985903384264,2.0309483720711103,3.471882079444269,0.5900146646979516,0
2025-12-12,1.6393305439330546,1.3032110091743119,0.7456153228451173,-0.48634162861618696,1.2319569514613042,2.0270223965205214,3.4754647538687533,0.5785800391722895,0
2025-12-15,1.612970711297071,1.3096330275229358,0.2895775736817993,-0.2959992324540049,0.5855768061358042,2.0053580919566825,3.500544504439127,0.5101716794742379,0
2025-12-16,1.5833054393305441,1.306422018348624,-0.30343152839295273,-0.3613716585812572,0.05794013018830446,1.9543012302940403,3.5027378836893917,0.4058645768986888,-1
2025-12-17,1.6042677824267784,1.3288990825688072,0.06381756818011719,0.24761511025880675,-0.18379754207868956,1.9001873087559877,3.516458340857685,0.28391627665429064,-1
2025-12-18,1.5564853556485356,1.3087155963302752,-0.8927926322474266,-0.2849658076674685,-0.6078268245799581,1.8265082901143022,3.49043854109335,0.16257803913525426,-1
2025-12-19,1.5648535564853556,1.3155963302752294,-0.7418593715550751,-0.10719168009248421,-0.6346676914625908,1.7542999417309453,3.4633085699681034,0.0452913134937869,-1
2025-12-22,1.5558158995815898,1.3142201834862384,-0.9356529806065454,-0.15160664973621418,-0.7840463308703313,1.6813655405833714,3.4440158801112446,-0.08128479894450202,-1
2025-12-23,1.582008368200837,1.3133027522935778,-0.41426461810687926,-0.1732200606558048,-0.24104455745107445,1.6255716535978473,3.4164133533906904,-0.16527004619499586,-1
2025-12-24,1.5715481171548118,1.318348623853211,-0.6479902380700083,-0.042107604810458325,-0.60588263325955,1.5628672536840074,3.39857763247882,-0.272843125110805,-1
2025-12-25,1.5607112970711297,1.3284403669724771,-0.8592705369085889,0.22470342716776806,-1.083973964076357,1.4911717202008061,3.3985831474420825,-0.4162397070404702,-1
2025-12-26,1.566652719665272,1.334862385321101,-0.7107177540763794,0.38949508691583307,-1.1002128409922125,1.4164681880110703,3.3730984535301847,-0.5401620775080442,-1
2025-12-29,1.5452301255230125,1.3275229357798166,-1.1281945918395309,0.1870764745225677,-1.3152710663620986,1.3458196761633838,3.3854323057400606,-0.6937929534132932,-1
2025-12-30,1.5447698744769873,1.3224770642201833,-1.1015763007456183,0.08669868651028845,-1.1882749872559066,1.2970583033680771,3.436057353385648,-0.8419407466494939,-1
2025-12-31,1.536652719665272,1.3169724770642202,-1.2355995560682205,-0.04242444801401421,-1.1931751080542063,1.2410942217134315,3.4618975402436463,-0.9797090968167832,-1
2026-01-05,1.5794979079497908,1.345412844036697,-0.30771919556841926,0.7792871039062305,-1.0870062994746497,1.1823921559813084,3.4602758452257496,-1.0954915332631328,0
2026-01-06,1.5648117154811716,1.3848623853211008,-0.6188060523389035,1.865625975577022,-2.4844320279159255,1.1125347692813587,3.5746090527209557,-1.3495395141582383,-1
2026-01-07,1.5523430962343097,1.353211009174312,-0.8852651946846043,0.9629994577439966,-1.8482646524286008,1.0493149916066644,3.616980349393696,-1.5183503661803675,-1
2026-01-08,1.5448117154811714,1.3091743119266055,-1.0988257501831662,-0.2603784204982733,-0.8384473296848929,1.0067087464458737,3.6137791982452834,-1.600361705353536,0
2026-01-09,1.5448953974895399,1.3105504587155963,-1.096686945750617,-0.20031244716720445,-0.8963744985834126,0.9698844792778378,3.62138921329963,-1.6816202547439545,0
2026-01-12,1.513305439330544,1.3201834862385322,-1.772148726340987,0.09318643401732052,-1.8653351603583075,0.9167959110687424,3.6655563897365004,-1.831964567599016,-1
2026-01-13,1.502092050209205,1.3096330275229358,-2.0288698744826914,-0.19860531450975474,-1.8302645599729366,0.8588857176168163,3.690452770605045,-1.9726813353714128,0
2026-01-14,1.4810878661087867,1.294954128440367,-2.389859474793252,-0.6000137274545211,-1.7898457473387306,0.8011759422446197,3.7054770176895686,-2.103125133200329,0
2026-01-15,1.4801255230125523,1.2972477064220183,-2.2724313595131824,-0.5124681755960431,-1.7599631839171392,0.7433417937735745,3.711516022019552,-2.224832434472403,0
2026-01-16,1.474142259414226,1.2880733944954128,-2.2665963175632498,-0.7531071044399199,-1.51348921312333,0.6883383766850029,3.699858556734239,-2.323181803364233,0
2026-01-19,1.4598326359832634,1.2802752293577981,-2.386046495949221,-0.9469186321614483,-1.439127863787773,0.6397834185917127,3.69341277124741,-2.413845934063984,0
2026-01-20,1.4627615062761508,1.286697247706422,-2.192094026927947,-0.7342778820704958,-1.4578161448574511,0.5945383544027901,3.691118201688695,-2.5020414928831145,0
2026-01-21,1.4636401673640167,1.281651376146789,-2.0570818343731676,-0.859319300871611,-1.1977625335015567,0.5562773771199561,3.684129717449877,-2.5715749632099643,0
2026-01-22,1.4468619246861925,1.2807339449541284,-2.2074812315717827,-0.8642310623160018,-1.3432501692557808,0.5164103043599181,3.6795060594701705,-2.646685450750334,0
2026-01-23,1.4518828451882846,1.2738532110091743,-2.0312723080716797,-1.0713006408113157,-0.959971667260364,0.4843059512309993,3.667863269688537,-2.6992513672265384,0
2026-01-26,1.431171548117155,1.2876146788990825,-2.2477972312731755,-0.5927728538923912,-1.6550243773807845,0.43137290976651743,3.650234386996163,-2.7874885674631282,0
2026-01-27,1.4200836820083682,1.2779816513761468,-2.276972164627153,-0.8892109697478608,-1.387761194879292,0.381443965506434,3.618947211504552,-2.8560592804916842,0
2026-01-28,1.4225523012552301,1.281651376146789,-2.11379484149157,-0.736718387724297,-1.3770764537672733,0.32993143483556797,3.579540467462828,-2.9196775977916927,0
2026-01-29,1.4305020920502092,1.310091743119266,-1.8972620169017242,0.26065518336734467,-2.1579172002690687,0.26609070621843334,3.558626529913198,-3.0264451174763316,0
2026-01-30,1.4644351464435146,1.2880733944954128,-1.3582149909997463,-0.48377505956124345,-0.8744399314385028,0.2205096030924633,3.498954152519971,-3.0579349463350445,0
2026-02-02,1.4601673640167365,1.2779816513761468,-1.3715493941122967,-0.8096605327213484,-0.5618888613909483,0.18088825778311993,3.4383203043108876,-3.0765437887446474,0
2026-02-03,1.4556903765690377,1.2830275229357797,-1.3883147390275465,-0.6068423982250835,-0.7814723408024631,0.13463548090258615,3.366067448690629,-3.0967964868854567,0
2026-02-04,1.5273221757322175,1.301834862385321,-0.3503593944058374,0.09049135266906647,-0.4408507470749039,0.10347948486650521,3.3201793855891433,-3.1132204158561327,0
2026-02-05,1.5185774058577406,1.2977064220183485,-0.4550854382766736,-0.03893156259364665,-0.4161538756830269,0.06869273712310339,3.2614888184176682,-3.1241033441714614,0
2026-02-06,1.5443933054393306,1.2917431192660551,-0.0671993466946972,-0.2400359731060421,0.1728366264113449,0.04131990721050749,3.2011986341136778,-3.1185588196926624,0
2026-02-09,1.5431799163179916,1.2871559633027523,-0.04023010637038039,-0.38712137094956167,0.3468912645791813,0.009773704158665636,3.1177431747643727,-3.0981957664470414,0
2026-02-10,1.5270711297071131,1.288532110091743,-0.25958696982357443,-0.3201007942186991,0.06051382439512465,-0.02866164802116904,3.0171622551102883,-3.074485551152627,0
2026-02-11,1.5397489539748954,1.2862385321100918,-0.028210752808659978,-0.3990735799288917,0.3708628271202317,-0.061408444664721236,2.9226349896669763,-3.0454518789964187,0
2026-02-12,1.5726778242677824,1.278440366972477,0.5331199624464982,-0.6808161414473183,1.2139361038938166,-0.0779975105272246,2.8654878568320683,-3.021482877886518,0
2026-02-13,1.5286192468619246,1.2669724770642201,-0.17789108197952344,-1.0816607773650582,0.9037696953855348,-0.09965429246197455,2.794261424282638,-2.9935700092065867,0
2026-02-24,1.5144351464435146,1.2674311926605504,-0.4015676923612423,-1.0358451640486148,0.6342774716873725,-0.11982290273111634,2.735590759598136,-2.9752365650603685,0
2026-02-25,1.515397489539749,1.2724770642201835,-0.37530239802042764,-0.8757600284496754,0.5004576304292477,-0.15297918941849525,2.6243007265017786,-2.930259105338769,0
2026-02-26,1.4476987447698744,1.2559633027522934,-1.4801725975938016,-1.4938193666684207,0.013646769074619147,-0.1920708971036552,2.506280393047638,-2.890422187254948,0
2026-02-27,1.4310041841004184,1.2555045871559634,-1.685124461532277,-1.501925944086805,-0.183198517445472,-0.23324946242652042,2.3854086284557514,-2.8519075533087923,0
2026-03-02,1.4235146443514646,1.241743119266055,-1.7276195092583466,-1.9541319841190274,0.22651247486068082,-0.2645253480243412,2.284526086870227,-2.8135767829189096,0
2026-03-03,1.439623430962343,1.2293577981651376,-1.4151765155739502,-2.2970190723731228,0.8818425567991726,-0.28270501306220136,2.2165156317070456,-2.7819256578314486,0
2026-03-04,1.417991631799163,1.1990825688073394,-1.6803344810206222,-3.06797842818032,1.387643947159698,-0.29230922887022204,2.1760305352030134,-2.760648992943458,0
2026-03-05,1.465481171548117,1.2022935779816515,-0.9163741061049658,-2.7456194092170367,1.8292453031120708,-0.2980500069589216,2.148465284499941,-2.7445652984177844,0
2026-03-06,1.4843933054393306,1.2123853211009175,-0.5993419070298256,-2.326767016363059,1.7274251093332336,-0.3085449698324471,2.0966921765905706,-2.713782116255465,0
2026-03-09,1.49581589958159,1.1871559633027522,-0.4026106689941989,-2.8609291913964947,2.458318522402296,-0.30676063959917593,2.1066479699873852,-2.720169249185737,1
2026-03-10,1.5744769874476987,1.1986238532110092,0.843858298836317,-2.420896047663065,3.264754346499382,-0.2930662746858172,2.192072695715792,-2.7782052450874266,1
2026-03-11,1.6602510460251048,1.1972477064220184,2.154018220482853,-2.3097070534954653,4.463725273978318,-0.249659965657166,2.468463692157032,-2.967783623471364,1
2026-03-12,1.6548117154811715,1.1894495412844037,2.052957295047299,-2.344151028046106,4.397108323093406,-0.1931011918309116,2.761995536181771,-3.1481979198435943,1
2026-03-13,1.6610878661087867,1.1811926605504586,2.1002388695871876,-2.3738918020408395,4.474130671628027,-0.1339823284370295,3.0456619074284057,-3.313626564302465,1
2026-03-16,1.708786610878661,1.1697247706422018,2.65205142553544,-2.4531333049613115,5.1051847304967515,-0.05926586912620353,3.39176334321784,-3.5102950814702467,1
2026-03-17,1.6945606694560669,1.188532110091743,2.357395739210135,-1.9389057907594487,4.2963015299695835,-0.00800748679901755,3.6077902028394053,-3.6238051764374406,1
2026-03-18,1.682092050209205,1.1912844036697248,2.133589297330676,-1.793213097912854,3.92680239524353,0.03690660393068609,3.7800637615213226,-3.7062505536599506,1
2026-03-19,1.6757322175732217,1.1747706422018347,1.986306754670826,-2.019251369449202,4.005558124120028,0.09390629256375672,3.9727475859764594,-3.7849350008489457,1
2026-03-20,1.7280334728033473,1.1605504587155964,2.5164317980876008,-2.16754910121263,4.683980899300231,0.17100697204895524,4.226809383337267,-3.8847954392393564,1
2026-03-23,1.6819665271966528,1.1142201834862384,1.8717719283476388,-2.803519672114366,4.675291600462005,0.2519917910912999,4.469789401033646,-3.9658058188510465,1
2026-03-24,1.6610460251046026,1.1174311926605505,1.558767500555493,-2.544575667700072,4.103343168255565,0.3305112909718919,4.657200217001581,-3.9961776350577964,0
2026-03-25,1.6644769874476988,1.1311926605504588,1.5492660489813102,-2.176840111397296,3.726106160378606,0.4031908551692457,4.809696458537858,-4.003314748199366,0
2026-03-26,1.6841004184100419,1.106880733944954,1.7132116705145186,-2.4042605825685524,4.117472253083071,0.4848828315684687,4.982648687560981,-4.012883024424043,0
2026-03-27,1.7413389121338911,1.1128440366972479,2.2472276346082967,-2.1772455149678636,4.42447314957616,0.5626414600189226,5.16935438090377,-4.044071460865925,0
2026-03-30,1.7280334728033473,1.1055045871559632,2.0000558121717598,-2.158784119364173,4.158839931535933,0.6420535027655139,5.330376007043975,-4.0462690015129485,0
2026-03-31,1.6807531380753138,1.1027522935779817,1.4450552997612862,-2.0837801083925176,3.528835408153804,0.7189336589693502,5.443267578723334,-4.005400260784634,0
2026-04-01,1.697531380753138,1.1243119266055046,1.565552333666482,-1.7061397526309061,3.271692086297388,0.7917987410908434,5.536814712717648,-3.953217230535962,0
2026-04-02,1.6785355648535565,1.106880733944954,1.32603516320939,-1.8617235440230304,3.1877587072324207,0.8668492373174188,5.618739357523083,-3.885040882888245,0
2026-04-03,1.6169874476987447,1.1,0.6855711303782364,-1.866535726102206,2.5521068564804423,0.9291889347130246,5.669532655220864,-3.8111547857948147,0
2026-04-07,1.609163179916318,1.0972477064220183,0.5924357493538391,-1.8180300033523578,2.410465752706197,0.9892496157256979,5.711490386179461,-3.732991154728065,0
2026-04-08,1.6372384937238493,1.1330275229357798,0.8611313898103605,-1.3047532934982307,2.165884683308591,1.043464465438752,5.743379757856802,-3.656450826979299,0
2026-04-09,1.6317573221757322,1.1077981651376145,0.7907638050909428,-1.5996157941446825,2.3903795992356254,1.124711325891278,5.744402554617979,-3.494979902835423,0
2026-04-10,1.7405857740585775,1.1880733944954127,1.7938112864071971,-0.497773807198663,2.29158509360586,1.1937088216585188,5.7560839682294285,-3.3686663249123905,0
2026-04-13,1.7871548117154812,1.1967889908256881,2.1194514388442154,-0.3562788861046661,2.4757303249488816,1.2489451159024152,5.791445327523764,-3.293555095718934,0
2026-04-14,1.802468619246862,1.2013761467889907,2.13354529617077,-0.27075669995888224,2.4043019961296523,1.3039563908142995,5.820644275821354,-3.212731494192755,0
2026-04-15,1.8033472803347281,1.1931192660550458,2.0261570251980094,-0.3627182294245328,2.3888752546225422,1.374859897730647,5.822200950334053,-3.072481154872759,0
2026-04-16,1.899497907949791,1.206880733944954,2.634444355420083,-0.14401064869381675,2.7784550041138996,1.4516718904654276,5.832533019827553,-2.929189238896697,0
2026-04-17,1.8585774058577404,1.2045871559633028,2.1685008187848434,-0.15712116415223779,2.325621982937081,1.5202630193033575,5.822845964885184,-2.782319926278469,0
2026-04-20,1.8096234309623431,1.2064220183486238,1.7070399631028252,-0.10945873388506128,1.8164986969878865,1.5798707173184414,5.795820513002144,-2.6360790783652606,0
2026-04-21,1.872803347280335,1.2064220183486238,2.0736659352042777,-0.09023015652814051,2.1638960917324184,1.6411604723993705,5.780404290673053,-2.4980833458743117,0
2026-04-22,1.8257322175732218,1.2252293577981652,1.6525922326529652,0.20696677104977923,1.445625461603186,1.6892396944892205,5.749198089287856,-2.370718700309415,0
2026-04-23,1.8364016736401674,1.2146788990825688,1.6591416754940156,0.06645674314607238,1.5926849323479433,1.7400813791093102,5.715244837835577,-2.2350820796169564,0
2026-04-24,1.8615062761506276,1.203211009174312,1.7598892016859438,-0.08968088189025697,1.8495700835762008,1.7908702560606058,5.690498026591071,-2.1087575144698603,0
2026-04-27,1.8195815899581589,1.2279816513761468,1.4115100524653401,0.3092430486480888,1.1022670038172513,1.8316288756118235,5.648242555593245,-1.9849848043695977,0
2026-04-28,1.7894142259414227,1.2522935779816513,1.159961605438597,0.697220606193867,0.46274099924473,1.8553407533869088,5.618710591809156,-1.9080290850353392,0
2026-04-29,1.8619246861924685,1.2532110091743118,1.609383155802895,0.7271484493535811,0.8822347064493139,1.8976284047840766,5.556103842334842,-1.7608470327666885,0
2026-04-30,1.8242677824267783,1.248623853211009,1.3045549304206359,0.6670622662383885,0.6374926641822474,1.9313826357684354,5.50289253488316,-1.6401272633462893,0
2026-05-06,1.9246861924686192,1.2610091743119265,1.9265174742520776,0.874738932489726,1.0517785417623515,1.9718635523605956,5.44452484991227,-1.5007977451910788,0
2026-05-07,1.8897071129707113,1.2490825688073395,1.625121224414203,0.7141556518831759,0.9109655725310272,2.0230115985739308,5.334923855781344,-1.2889006586334828,0
2026-05-08,1.8284518828451883,1.2362385321100917,1.163583342486732,0.5255755180754478,0.6380078244112841,2.048219061171427,5.292762187006334,-1.1963240646634792,0
2026-05-11,1.8665690376569037,1.253669724770642,1.3813027606146713,0.8266615003074766,0.5546412603071946,2.066827896533063,5.2629215966273275,-1.1292658035612022,0
2026-05-12,1.8043933054393306,1.248623853211009,0.9202586844122292,0.7597675804893368,0.16049110392289245,2.0825272872784852,5.230601628296059,-1.0655470537390879,0
2026-05-13,1.8161087866108787,1.2454128440366972,0.9696298873201191,0.7357476282310201,0.233882259089099,2.093772837381219,5.209837846457221,-1.022292171694783,0
2026-05-14,1.786610878661088,1.2229357798165137,0.7356062423353523,0.37946381637712945,0.3561424259582229,2.106644442408573,5.186707599095518,-0.9734187142783726,0
2026-05-15,1.7723849372384939,1.2087155963302754,0.6112618606437198,0.1574410366960582,0.4538208239476616,2.1113275123675117,5.18026467561338,-0.9576096508783567,0
