date,cum_ret_high,cum_ret_low,z_high,z_low,spread,spread_mean,upper_band,lower_band,signal
2023-05-16,1.0,1.0,,,,,,,0
2023-05-17,1.0520974289580516,0.9739810497819222,,,,,,,0
2023-05-18,1.1062246278755077,0.9682659046473154,,,,,,,0
2023-05-19,1.0933694181326117,0.9732290570010528,,,,,,,0
2023-05-22,1.0426251691474966,0.9974432245450443,,,,,,,0
2023-05-23,1.030446549391069,0.9822529703714845,,,,,,,0
2023-05-24,1.0027063599458728,0.9685667017596633,,,,,,,0
2023-05-25,1.1028416779431665,0.962249962400361,,,,,,,0
2023-05-26,1.1359945872801083,0.9643555421867952,,,,,,,0
2023-05-29,1.2110960757780784,0.951571664912017,,,,,,,0
2023-05-30,1.2198917456021652,0.9314182583847196,,,,,,,0
2023-05-31,1.2212449255751017,0.9099112648518575,,,,,,,0
2023-06-01,1.2124492557510151,0.75379756354339,,,,,,,0
2023-06-02,1.206359945872801,0.7644758610317341,,,,,,,0
2023-06-05,1.280784844384303,0.7477816212964356,,,,,,,0
2023-06-06,1.232746955345061,0.7437208602797414,,,,,,,0
2023-06-07,1.2198917456021652,0.7414648819371334,,,,,,,0
2023-06-08,1.2077131258457376,0.7411640848247858,,,,,,,0
2023-06-09,1.3288227334235454,0.7331929613475712,,,,,,,0
2023-06-12,1.4445196211096076,0.7432696646112198,,,,,,,0
2023-06-13,1.489851150202977,0.7521431794254776,,,,,,,0
2023-06-14,1.5419485791610283,0.7557527447736502,,,,,,,0
2023-06-15,1.5317997293640055,0.7682358249360807,,,,,,,0
2023-06-16,1.6278755074424898,0.7677846292675591,,,,,,,0
2023-06-19,1.790257104194858,0.7581591216724319,,,,,,,0
2023-06-20,1.7611637347767255,0.7553015491051286,,,,,,,0
2023-06-21,1.6576454668470908,0.7467288314032186,,,,,,,0
2023-06-26,1.5622462787550744,0.7316889757858325,,,,,,,0
2023-06-27,1.556833558863329,0.7219130696345316,,,,,,,0
2023-06-28,1.5548037889039243,0.7214618739660099,,,,,,,0
2023-06-29,1.6102841677943167,0.7083771995788841,,,,,,,0
2023-06-30,1.7050067658998647,0.7046172356745376,,,,,,,0
2023-07-03,1.6488497970230043,0.7259738306512259,,,,,,,0
2023-07-04,1.6630581867388363,0.7349977440216574,,,,,,,0
2023-07-05,1.614343707713126,0.7163483230560987,,,,,,,0
2023-07-06,1.6156968876860622,0.7023612573319297,,,,,,,0
2023-07-07,1.600811907983762,0.6886749887201083,,,,,,,0
2023-07-10,1.6102841677943167,0.692284554068281,,,,,,,0
2023-07-11,1.6400541271989175,0.6781470897879381,,,,,,,0
2023-07-12,1.5243572395128553,0.6656640096255076,,,,,,,0
2023-07-13,1.6765899864682003,0.6820574522484585,,,,,,,0
2023-07-14,1.8443843031123142,0.678297488344112,,,,,,,0
2023-07-17,1.766576454668471,0.6767935027823734,,,,,,,0
2023-07-18,1.7273342354533154,0.668521582192811,,,,,,,0
2023-07-19,1.6975642760487146,0.6647616182884645,,,,,,,0
2023-07-20,1.5730717185385656,0.6634080312828997,,,,,,,0
2023-07-21,1.5588633288227334,0.6736351331027223,,,,,,,0
2023-07-24,1.600811907983762,0.6579936832606408,,,,,,,0
2023-07-25,1.6238159675236807,0.674988720108287,,,,,,,0
2023-07-26,1.5730717185385656,0.6788990825688074,,,,,,,0
2023-07-27,1.5345060893098783,0.6725823432095053,,,,,,,0
2023-07-28,1.506089309878214,0.6880733944954129,,,,,,,0
2023-07-31,1.5108254397834913,0.6963453150849752,,,,,,,0
2023-08-01,1.5338294993234103,0.6925853511806287,,,,,,,0
2023-08-02,1.510148849797023,0.6895773800571515,,,,,,,0
2023-08-03,1.5223274695534508,0.6964957136411492,,,,,,,0
2023-08-04,1.608254397834912,0.692284554068281,,,,,,,0
2023-08-07,1.6901217861975644,0.685817416152805,,,,,,,0
2023-08-08,1.6359945872801083,0.6879229959392391,,,,,,,0
2023-08-09,1.5054127198917457,0.6954429237479322,0.17689665206630095,-0.6092418824794367,0.7861385345457377,,,,0
2023-08-10,1.4546684709066307,0.693337343961498,-0.0767933915293913,-0.6057420029247743,0.528948611395383,,,,0
2023-08-11,1.4546684709066307,0.6667167995187246,-0.11008202543669064,-0.8415469252240232,0.7314648997873325,,,,0
2023-08-14,1.4479025710419486,0.6513761467889909,-0.1717634742540805,-0.9749854390414529,0.8032219647873724,,,,0
2023-08-15,1.4472259810554804,0.6426530305309069,-0.2089423060505298,-1.0501324612410585,0.8411901551905288,,,,0
2023-08-16,1.4133964817320706,0.6390434651827344,-0.4204331564845837,-1.088946590426972,0.6685134339423883,,,,0
2023-08-17,1.4147496617050068,0.6426530305309069,-0.46824891507394917,-1.0492137432176332,0.580964828143684,,,,0
2023-08-18,1.3599458728010827,0.6218980297789142,-0.8394911133882865,-1.3156504658577304,0.47615935246944385,,,,0
2023-08-21,1.3809201623815968,0.6106181380658746,-0.7794395931279835,-1.4911909538831905,0.711751360755207,,,,0
2023-08-22,1.5189445196211095,0.6089637539479622,-0.0049258405607743175,-1.5738996905073428,1.5689738499465684,,,,0
2023-08-23,1.4438430311231394,0.5990374492404873,-0.5057354291527596,-1.8206052657593845,1.314869836606625,,,,0
2023-08-24,1.5175913396481733,0.6058053842683111,-0.07203111323537767,-1.8197043847771002,1.7476732715417225,,,,0
2023-08-25,1.374830852503383,0.6027974131448338,-1.0517020858860766,-2.030656021206257,0.9789539353201806,,,,0
2023-08-28,1.3991880920162383,0.5988870506843135,-0.939827946971178,-2.016844112012855,1.0770161650416767,,,,0
2023-08-29,1.4607577807848444,0.601594224695443,-0.5653908804597273,-1.8810628086907313,1.315671928231004,,,,0
2023-08-30,1.4749661705006767,0.5988870506843135,-0.49991794539796885,-1.8546830733712496,1.3547651279732809,,,,0
2023-08-31,1.482408660351827,0.5880583546397955,-0.4978520771875985,-1.983652539677993,1.4858004624903944,,,,0
2023-09-01,1.4377537212449256,0.5933223041058807,-0.9236106525849204,-1.7944297858575164,0.8708191332725961,,,,0
2023-09-04,1.4201623815967523,0.6021958189201384,-1.1685435469394314,-1.5537913812870432,0.3852478343476118,,,,0
2023-09-05,1.3741542625169147,0.6014438261392692,-1.599002200483535,-1.5098724208942467,-0.08912977958928825,,,,0
2023-09-06,1.368064952638701,0.6027974131448338,-1.6176472475026553,-1.4322094151428477,-0.1854378323598076,,,,0
2023-09-07,1.2990527740189446,0.5883591517521432,-2.1141684076756273,-1.6595408597120485,-0.45462754796357885,,,,0
2023-09-08,1.290933694181326,0.5784328470446685,-2.066903202061445,-1.7905192779629238,-0.2763839240985211,,,,0
2023-09-11,1.3166441136671179,0.5870055647465785,-1.7783805705953508,-1.5806771005269675,-0.1977034700683833,,,,0
2023-09-12,1.3044654939106903,0.5895623402015342,-1.78803599999257,-1.495866381107564,-0.2921696188850058,,,,0
2023-09-13,1.2760487144790258,0.591818318544142,-1.9424035715144428,-1.4156993013119916,-0.5267042702024511,,,,0
2023-09-14,1.2577807848443843,0.5868551661904047,-2.0044762165340457,-1.4824493266584955,-0.5220268898755502,,,,0
2023-09-15,1.226657645466847,0.5877575575274477,-2.122063978959762,-1.4267784399480143,-0.6952855390117476,,,,0
2023-09-18,1.2381596752368067,0.5874567604151001,-1.9333248301952735,-1.3911998539228148,-0.5421249762724587,,,,0
2023-09-19,1.2503382949932342,0.5858023762971877,-1.7617841211583143,-1.3817803013352827,-0.38000381982303155,,,,0
2023-09-20,1.2449255751014885,0.5815912167243196,-1.7200388641200866,-1.426060062748197,-0.2939788013718896,,,,0
2023-09-21,1.2388362652232747,0.5688073394495413,-1.6855568736856088,-1.6367102357130117,-0.04884663797259714,,,,0
2023-09-22,1.3491204330175914,0.5910663257632727,-0.9162097010381897,-1.1246375559751098,0.20842785493692018,,,,0
2023-09-25,1.3051420838971584,0.5776808542637991,-1.1741305719367356,-1.3731634671726107,0.19903289523587508,,,,0
2023-09-26,1.3349120433017592,0.5710633177921492,-0.9410963787098856,-1.482978929217866,0.5418825505079803,,,,0
2023-09-27,1.3396481732070367,0.5870055647465785,-0.8788303493922842,-1.101435491442494,0.22260514205020976,,,,0
2023-09-28,1.3328822733423547,0.571364114904497,-0.894456631392779,-1.4049871498267377,0.5105305184339587,,,,0
2023-10-09,1.3031123139377538,0.5716649120168447,-1.0616451875158799,-1.3506192367449985,0.2889740492291186,,,,0
2023-10-10,1.2760487144790258,0.5755752744773651,-1.204117082943836,-1.2231774579414116,0.019060374997575735,,,,0
2023-10-11,1.29702300405954,0.6070085727177019,-1.0277610576761964,-0.49650910864026915,-0.5312519490359273,,,,0
2023-10-12,1.2686062246278755,0.6032486088133554,-1.181080745209801,-0.5597137097970583,-0.6213670354127429,,,,0
2023-10-13,1.2097428958051422,0.5853511806286661,-1.5286032312900601,-0.9337156741452238,-0.5948875571448363,,,,0
2023-10-16,1.178619756427605,0.5391788238832907,-1.739228373960209,-1.8947059518627125,0.1554775779025035,,,,0
2023-10-17,1.16914749661705,0.548653932922244,-1.780081329450428,-1.6176055431550584,-0.16247578629536963,,,,0
2023-10-18,1.144790257104195,0.548653932922244,-1.9129125604388637,-1.5546329441637012,-0.35827961627516247,,,,0
2023-10-19,1.1184032476319352,0.5328620845239886,-2.044872502505867,-1.813087647294608,-0.2317848552112589,,,,0
2023-10-20,1.09404600811908,0.5277485336140774,-2.1126614788048586,-1.8340570646416368,-0.2786044141632218,,,,0
2023-10-23,0.9844384303112315,0.5274477365017296,-2.6873643593541585,-1.7634350625197281,-0.9239292968344304,,,,0
2023-10-24,0.9309878213802436,0.5202286058053843,-2.8219218643549873,-1.8242058040249227,-0.9977160603300645,,,,0
2023-10-25,0.9161028416779432,0.5271469393893818,-2.7205840945201687,-1.6212154067609483,-1.0993686877592204,,,,0
2023-10-26,0.935723951285521,0.530305309069033,-2.438553799061793,-1.504930952598352,-0.9336228464634408,,,,0
2023-10-27,0.9519621109607579,0.5614378101970221,-2.2101318945842827,-0.8549308211227308,-1.355201073461552,,,,0
2023-10-30,0.9878213802435725,0.5695593322304106,-1.9069657817145345,-0.6658861741991855,-1.241079607515349,,,,0
2023-10-31,0.9959404600811909,0.5662505639945856,-1.7793741759284203,-0.7097893368611514,-1.0695848390672689,,,,0
2023-11-01,0.983085250338295,0.5587306361858926,-1.7725346438170113,-0.8453400540775589,-0.9271945897394525,,,,0
2023-11-02,0.9878213802435725,0.5543690780568507,-1.675260526819715,-0.9171152632422503,-0.7581452635774646,,,,0
2023-11-03,0.9979702300405955,0.5644457813204994,-1.5597835474242572,-0.6698314686565116,-0.8899520787677456,,,,0
2023-11-06,1.012855209742896,0.5706121221236277,-1.4378660811475283,-0.5009468866831576,-0.9369191944643708,,,,0
2023-11-07,1.0412719891745603,0.5730184990224094,-1.2639901013496533,-0.4150862114570344,-0.8489038898926189,,,,0
2023-11-08,1.0351826792963466,0.5718153105730186,-1.2707141917300067,-0.41963777238552563,-0.8510764193444811,0.004306124680543167,1.597921809742806,-1.5893095603817198,0
2023-11-09,1.0548037889039243,0.5791848398255377,-1.123796593354155,-0.18041972137682066,-0.9433768719773343,-0.024519132094841366,1.5741296396374398,-1.6231679038271227,0
2023-11-10,1.0426251691474966,0.5769288614829298,-1.1540359149345212,-0.20879886668768718,-0.945237048246834,-0.04908889308887831,1.5602361260754634,-1.6584139122532198,0
2023-11-13,1.0899864682002707,0.5752744773650174,-0.8548567784237404,-0.22777838050364013,-0.6270783979201002,-0.07173128138400219,1.5311362863304876,-1.6745988490984918,0
2023-11-14,1.107577807848444,0.5767784629267559,-0.7272812121496067,-0.13962497981720823,-0.5876562323323985,-0.09491258466933171,1.4966725645677343,-1.6864977339063978,0
2023-11-15,1.1102841677943167,0.5888103474206647,-0.6855221309578469,0.34874098373858003,-1.034263114696427,-0.12617013916744763,1.4642957873034663,-1.7166360656383617,0
2023-11-16,1.0784844384303112,0.5767784629267559,-0.8417407835069164,-0.07548143406911847,-0.7662593494377979,-0.15008301889045075,1.434914765418402,-1.7350808031993035,0
2023-11-17,1.1062246278755077,0.5730184990224094,-0.65408237496618,-0.19080374083278165,-0.4632786341333984,-0.16748707659506878,1.4077600466632907,-1.742734199853428,0
2023-11-20,1.090663058186739,0.5776808542637991,-0.7205592253324066,0.04031764319329041,-0.760876868525697,-0.18810434694498782,1.3852549658263138,-1.7614636597162896,0
2023-11-21,1.0798376184032477,0.5749736802526696,-0.7575860648058512,-0.053575803404915336,-0.7040102614009359,-0.2117003739809235,1.349178133389452,-1.772578881351299,0
2023-11-22,1.0534506089309879,0.5715145134606708,-0.8885338283988439,-0.18401184901845816,-0.7045219793803857,-0.24959197113637274,1.2443952170590542,-1.7435791593317997,0
2023-11-23,1.0635994587280109,0.5701609264551061,-0.7993903584857265,-0.22598818485822697,-0.5734021736274995,-0.2810631713069415,1.1573882667709552,-1.7195146093848384,0
2023-11-24,1.0419485791610286,0.5712137163483231,-0.9091621545053957,-0.15353924478955935,-0.7556229097158363,-0.3227847743279008,1.01822032107456,-1.6637898697303617,0
2023-11-27,1.0074424898511503,0.563844187095804,-1.0910863023004445,-0.47509111643012986,-0.6159951858703145,-0.34936725968107574,0.9492342641897387,-1.6479687835518901,0
2023-11-28,1.0250338294993235,0.5712137163483231,-0.9486773577064229,-0.10410555362726781,-0.8445718040791551,-0.3813937258330896,0.8679590145743191,-1.6307464662404985,0
2023-11-29,1.0115020297699595,0.5686569408933675,-1.0085256200870785,-0.20392701291309218,-0.8045986071739863,-0.4167315680898394,0.7548864130820085,-1.5883495492616873,0
2023-11-30,1.0216508795669825,0.5731688975785832,-0.9192213521711292,0.03816070588179581,-0.957382058052925,-0.4552673545236095,0.6281096705297071,-1.538644379576926,0
2023-12-01,1.0250338294993235,0.5612874116408483,-0.8762551507353771,-0.5303844541002588,-0.34587069663511827,-0.48579520717570135,0.47091053200429145,-1.4425009463556941,0
2023-12-04,1.0,0.5527146939389382,-1.0270696400268107,-0.9252441380278343,-0.10182550199897633,-0.5020059510968943,0.3921077403630875,-1.396119642556876,0
2023-12-05,0.9573748308525034,0.551962701158069,-1.3034273003745254,-0.9333623919788068,-0.3700649083957186,-0.514594496809283,0.3494680576393029,-1.378657051257869,0
2023-12-06,0.9641407307171854,0.5474507444728531,-1.2208599580706472,-1.1276324942501155,-0.09322746382053171,-0.5146627915464705,0.3492636066267655,-1.3785891897197065,0
2023-12-07,0.9695534506089311,0.5473003459166792,-1.1501421130146425,-1.104379505490439,-0.04576260752420347,-0.5123348711325437,0.3559419445479187,-1.380611686813006,0
2023-12-08,1.0663058186738836,0.5466987516919838,-0.3971448035720934,-1.0980383292388387,0.7008935256667452,-0.49307618657203833,0.4299414313568052,-1.416093804500882,1
2023-12-11,1.0548037889039243,0.5522634982704167,-0.4611481056332039,-0.7853450238018579,0.324196918168654,-0.4830665058675854,0.4622663879870243,-1.428399399722195,0
2023-12-12,1.0324763193504736,0.5500075199278087,-0.6085989102664286,-0.8718722269658843,0.26327331669945564,-0.47538355942145477,0.4867274684427863,-1.437494587285696,0
2023-12-13,1.020297699594046,0.5263949466085126,-0.6786826083657727,-1.9913954380090442,1.3127128296432715,-0.44863551861265016,0.617777570456581,-1.5150486076818814,1
2023-12-14,1.0148849797023005,0.5238381711535569,-0.6957407665381635,-2.0197265327183525,1.323985766180189,-0.4177906846729395,0.7423744465138027,-1.5779558158596818,1
2023-12-15,1.0,0.5217325913671229,-0.7887904293026962,-2.0172663019962958,1.2284758726935996,-0.38861563863012033,0.8465062200158608,-1.6237374972761014,1
2023-12-18,1.016914749661705,0.5196270115806888,-0.6255178503970183,-2.014205775567552,1.3886879251705335,-0.35388274756041566,0.9608032094218775,-1.6685687045427087,1
2023-12-19,1.0263870094722598,0.5164686419010378,-0.5235139368489067,-2.053657727712271,1.5301437908633644,-0.3193449347748186,1.0812950381048658,-1.7199849076545028,1
2023-12-20,0.9844384303112315,0.5107534967664311,-0.8444768600287262,-2.1871115439962963,1.34263468396757,-0.2906342930449752,1.1741032172367118,-1.7553718033266623,1
2023-12-21,0.9857916102841678,0.529252519175816,-0.8049781943166432,-1.3176994869294536,0.5127212926128104,-0.2771892914785636,1.202160051161026,-1.7565386341181533,0
2023-12-22,0.9688768606224628,0.5387276282147692,-0.9184493233751946,-0.8736300766333536,-0.04481924674184101,-0.27712216829138436,1.202269684408889,-1.7565140209916574,0
2023-12-25,0.9614343707713127,0.5459467589111144,-0.9662842562643016,-0.5321988980421954,-0.43408535822210614,-0.28783072184403474,1.1865574471508895,-1.762218890838959,0
2023-12-26,0.9384303112313938,0.544442773349376,-1.1495135628952664,-0.5767116596138716,-0.5728019032813948,-0.30069463515265593,1.1698776171549565,-1.7712668874602686,0
2023-12-27,0.942489851150203,0.5456459617987668,-1.1019029186383122,-0.5045362567632566,-0.5973666618750556,-0.3196821220257065,1.1359799278233933,-1.7753441718748062,0
2023-12-28,1.0013531799729365,0.5694089336742367,-0.5130382320331914,0.5791679788400766,-1.0922062108732682,-0.34159564457443115,1.1204309936990082,-1.8036222828478703,0
2023-12-29,1.0230040595399188,0.5707625206798016,-0.256003621043762,0.6411640542318133,-0.8971676752755753,-0.36505728113625674,1.0864868942400536,-1.816601456512567,0
2024-01-02,0.9607577807848444,0.5597834260791097,-0.9481569399532699,0.15297678958533045,-1.1011337295386003,-0.3882257441157187,1.0652285205895013,-1.8416800088209386,0
2024-01-03,0.9391069012178621,0.557226650624154,-1.2102534431350365,0.05086901957496277,-1.2611224627099993,-0.40956212474417825,1.0570969265777137,-1.8762211760660703,0
2024-01-04,0.9113667117726658,0.5385772296585953,-1.607804064356028,-0.7848784195838963,-0.8229256447721318,-0.41442335300644834,1.055805557870947,-1.8846522638838437,0
2024-01-05,0.8998646820027064,0.5256429538276434,-1.8128697142606902,-1.3849269028672744,-0.42794281139341583,-0.4111996159394596,1.058031383939478,-1.880430615818397,0
2024-01-08,0.884979702300406,0.5190254173559934,-2.0230482359278166,-1.6529214571289326,-0.370126778798884,-0.40745360296702704,1.061018214107404,-1.8759254200414581,0
2024-01-09,0.8924221921515562,0.520529402917732,-1.8817251362861576,-1.5371282265369517,-0.34459690974920587,-0.4157881777612222,1.0453451491407821,-1.8769215046632266,0
2024-01-10,0.8734776725304466,0.5236877725973831,-2.1341270200390063,-1.3429874208044112,-0.7911395992345951,-0.4262659079768759,1.0364936361287507,-1.8890254520825023,0
2024-01-11,0.8897158322056834,0.5242893668220785,-1.8318567913678168,-1.2768648018297462,-0.5549919895380706,-0.4295444475312577,1.0334770191377547,-1.8925659142002702,0
2024-01-12,0.8700947225981055,0.519476613024515,-2.068161780892667,-1.4741890536204674,-0.5939727272721995,-0.43558091206560673,1.0271101461685117,-1.898271970299725,0
2024-01-15,0.8606224627875508,0.5160174462325162,-2.1164951855759555,-1.6057432429767875,-0.510751942599168,-0.4394500375395392,1.022780011129053,-1.9016800862081313,0
2024-01-16,0.8734776725304466,0.5167694390133855,-1.8296364939651542,-1.54620693418909,-0.2834295597760641,-0.42877504192189975,1.028410693701566,-1.8859607775453653,0
2024-01-17,0.857916102841678,0.5068431343059108,-1.9935318843593424,-1.9528294443259975,-0.04070244003334489,-0.4128248149169544,1.0399725645877023,-1.8656221944216111,0
2024-01-18,0.9276048714479027,0.5218829899232968,-0.9604262350556152,-1.2721986626311004,0.3117724275754852,-0.3893057963280427,1.0639700672818244,-1.8425816599379097,0
2024-01-19,0.9607577807848444,0.5263949466085126,-0.47290861481859986,-1.0658955628953357,0.5929869480767358,-0.36386229975237305,1.1040298600950988,-1.831754459599845,0
2024-01-22,0.9742895805142084,0.5294029177319899,-0.2760042260875812,-0.9044975678526757,0.6284933417650944,-0.3308007261652623,1.1356227366649307,-1.7972241889954554,0
2024-01-23,0.9810554803788905,0.5288013235072944,-0.17242378219118706,-0.9005711533900619,0.7281473711988748,-0.29798027652002523,1.173707320630138,-1.7696678736701885,0
2024-01-24,0.9810554803788905,0.5358700556474658,-0.16865270829444584,-0.568258499943253,0.3996057916488071,-0.2734937660080906,1.1948565599900824,-1.7418440920062634,0
2024-01-25,1.020297699594046,0.5387276282147692,0.41193363031529373,-0.42753382010385255,0.8394674504191463,-0.24404939867211398,1.2417276150551508,-1.7298264123993787,0
2024-01-26,0.9749661705006767,0.5366220484283352,-0.26588806462321996,-0.5065561872613499,0.24066812263812992,-0.22740250890185407,1.2573253053361295,-1.7121303231398377,0
2024-01-29,0.9194857916102842,0.5278989321702512,-1.0688489561736891,-0.8622463695442696,-0.20660258662941955,-0.21601335069954863,1.2584891277311416,-1.6905158291302391,0
2024-01-30,0.9133964817320704,0.5262445480523388,-1.123331716216246,-0.9041556688125912,-0.2191760474036547,-0.2040509649152034,1.2582560779062284,-1.6663580077366351,0
2024-01-31,0.9005412719891747,0.5103023010979095,-1.2665580866574513,-1.545685449194604,0.27912736253715265,-0.18525044404137384,1.2723296556052444,-1.642830543687992,0
2024-02-01,0.9851150202976997,0.517371033238081,-0.020650414572136816,-1.1962473906409565,1.1755969760688196,-0.15147255411781885,1.3369479711857306,-1.6398930794213682,0
2024-02-02,0.9418132611637348,0.5209805985862537,-0.6307500967525638,-1.0075791765946474,0.3768290798420836,-0.12946912158749518,1.350339090730605,-1.6092773339055955,0
2024-02-05,0.9993234100135319,0.5278989321702512,0.22819430237169797,-0.6766497887323488,0.9048440911040467,-0.09863443593164718,1.3891077262967613,-1.5863765981600555,0
2024-02-06,1.050744248985115,0.5533162881636337,1.0125521208173436,0.4838337003275216,0.528718420489822,-0.07937115562481514,1.410466990087101,-1.5692093013367312,0
2024-02-07,1.0351826792963466,0.5644457813204994,0.8174363358124346,1.0111895131092827,-0.19375317729684816,-0.07280610470755597,1.4113818457284268,-1.5569940551435386,0
2024-02-08,1.0622462787550744,0.5618890058655437,1.2721133342817825,0.9449269552900713,0.3271863789917112,-0.05011527981275367,1.4157958236526222,-1.5160263832781298,0
2024-02-19,1.1684709066305818,0.5682057452248459,2.773177681536517,1.2647916307199454,1.5083860508165716,-0.012204523141847508,1.4954266224359214,-1.5198356687196164,1
2024-02-20,1.2510148849797023,0.5686569408933675,3.6043349483141043,1.2963798426631337,2.3079551056509704,0.03398270585455864,1.6512143725625161,-1.583248960853399,1
2024-02-21,1.1874154262516916,0.5955782824484885,2.6027435081276464,2.5035432015568277,0.09920030657081869,0.048317325439500576,1.6520806349222417,-1.5554459840432404,0
2024-02-22,1.2307171853856564,0.6208452398856972,2.9281950513837143,3.348021653991632,-0.4198266026079178,0.05305371975271754,1.649440594362003,-1.543333154856568,0
2024-02-23,1.22936400541272,0.6238532110091743,2.703144652679234,3.16939677847877,-0.466252125799536,0.057024883979065036,1.6469180570369029,-1.5328682890787728,0
2024-02-26,1.1955345060893101,0.6049029929312679,2.2067521817500104,2.3061780618428043,-0.09942588009279385,0.06492448887131012,1.646765484368491,-1.5169165066258707,0
2024-02-27,1.3078484438430311,0.6059557828244849,3.1036090233132847,2.2416255706039716,0.8619834527093131,0.09188459491172929,1.671975836886034,-1.4882066470625754,0
2024-02-28,1.2313937753721245,0.6077605654985712,2.2003340354152146,2.1935436455001374,0.0067903899150771885,0.1022643545081525,1.6715853949226942,-1.4670566859063892,0
2024-02-29,1.2645466847090665,0.6115205294029177,2.3596721091310062,2.218397821001476,0.14127428812953013,0.11869512271163056,1.6682092213219044,-1.4308189758986432,0
2024-03-01,1.354533152909337,0.6074597683862235,2.8955440643496018,1.9963157744121902,0.8992282899374116,0.1470922376634872,1.6902133888476314,-1.3960289135206572,0
2024-03-04,1.489851150202977,0.6009926304707476,3.5237336919825903,1.7325611545304445,1.7911725374521459,0.19290148092190504,1.7655547488771173,-1.3797517870333074,1
2024-03-05,1.5392422192151556,0.6157316889757859,3.4217661819437124,2.0990091863529803,1.3227569955907321,0.22071194245900255,1.8134956193734264,-1.3720717344554214,0
2024-03-06,1.489174560216509,0.601594224695443,2.8174534212503017,1.5974221089576386,1.2200313122926632,0.2427428893638632,1.8538409400969438,-1.3683551613692173,0
2024-03-07,1.5297699594046008,0.5919687171003158,2.8051838596286593,1.2662712506267846,1.5389126090018748,0.2745591813204898,1.911617946569289,-1.3624995839283096,0
2024-03-08,1.682679296346414,0.5883591517521432,3.2770097597032306,1.124997214726013,2.1520125449772176,0.3119798481337856,2.0161119429784717,-1.3921522467109007,1
2024-03-11,1.7469553450608932,0.601594224695443,3.2199416240301106,1.463491508539724,1.7564501154903867,0.34201672685069545,2.083618526962265,-1.3995850732608741,0
2024-03-12,1.6779431664411368,0.6342307113851707,2.6630895711426454,2.265216251674596,0.3978733194680495,0.33696639008071716,2.076090566558897,-1.4021577863974626,0
2024-03-13,1.6474966170500678,0.6276131749135209,2.3610298277089807,1.9760400160359515,0.38498981167302926,0.33797960497245677,2.0771443545529413,-1.4011851446080277,0
2024-03-14,1.5460081190798378,0.619942848548654,1.838799201430664,1.695119997811082,0.14367920361958197,0.33598636975445884,2.075773423224318,-1.4038006837154007,0
2024-03-15,1.5615696887686061,0.6166340803128291,1.8137749404450672,1.544050040887154,0.2697248995579131,0.31860323758636955,2.0394314916825556,-1.4022250165098162,0
2024-03-18,1.692151556156969,0.6188900586554369,2.1971006816944434,1.5387752586083685,0.6583254230860749,0.30750889853480096,2.010460828236283,-1.3954430311666808,0
2024-03-19,1.7259810554803792,0.6122725221837871,2.1884491663661803,1.3219095753376313,0.8665395910285489,0.3014766271737168,1.993688491422397,-1.3907352370749633,0
2024-03-20,1.6968876860622462,0.6103173409535269,1.972899364507873,1.2292512503197388,0.7436481141881341,0.29072596365734343,1.9629187241309087,-1.381466796816222,0
2024-03-21,1.6907983761840324,0.6133253120770041,1.856820713915781,1.2607071025796581,0.596113611336123,0.2751587939985561,1.9175410473297727,-1.3672234593326607,0
2024-03-22,1.6529093369418133,0.5990374492404873,1.651801167271442,0.8733042184436095,0.7784969488278326,0.26575649841289384,1.889635041442483,-1.358122044616695,0
2024-03-25,1.617726657645467,0.5960294781170101,1.4732334470410267,0.7705569459420006,0.702676501099026,0.26892241855433074,1.8954979739790678,-1.3576531368704066,0
2024-03-26,1.6055480378890394,0.6166340803128291,1.3797592144800643,1.24692016714601,0.13283904733405438,0.27188339012226237,1.896781663098255,-1.3530148828537303,0
2024-03-27,1.5162381596752368,0.6023462174763122,1.0497887840612583,0.8618683293350425,0.18792045472621577,0.28225015367140105,1.8967302258721719,-1.3322299185293698,0
2024-03-28,1.5866035182679297,0.5952774853361408,1.236350098208574,0.6637573340559304,0.5725927641526436,0.3013400647953017,1.901718651490009,-1.2990385218994056,0
2024-03-29,1.540595399188092,0.5927207098811851,1.050671452679463,0.5804124344199866,0.47025901825947636,0.31913382613087726,1.9025164776524055,-1.2642488253906508,0
2024-04-01,1.577131258457375,0.5984358550157919,1.1303415018206258,0.7077549481483656,0.42258655367226017,0.3443803722066361,1.8839227352739782,-1.195161990860706,0
2024-04-02,1.5493910690121786,0.5833959993984058,1.0074391386801052,0.32890133228987717,0.678537806390228,0.37064213023439946,1.8774436925026172,-1.1361594320338184,0
2024-04-03,1.4830852503382952,0.5797864340502331,0.7680014105351113,0.2311446822046277,0.5368567283304836,0.39794197119888414,1.854800390992076,-1.058916448594308,0
2024-04-08,1.4884979702300407,0.5695593322304106,0.7585196655055678,-0.027628582641171184,0.786148248146739,0.4320631497131631,1.8253714123965685,-0.9612451129702424,0
2024-04-09,1.4810554803788905,0.5706121221236277,0.7083110953016273,-0.014829012822881139,0.7231401081245085,0.45783091226144046,1.8134015160017545,-0.8977396914788734,0
2024-04-10,1.4276048714479028,0.5624906000902391,0.5113295392401646,-0.2354121958829258,0.7467417351230904,0.47740898803671555,1.8147490832504447,-0.8599311071770135,0
2024-04-11,1.4377537212449256,0.5548202737253722,0.5204439176096822,-0.45016911042395413,0.9706130280336364,0.49975465148392423,1.8242317008256788,-0.8247223978578304,0
2024-04-12,1.506089309878214,0.5438411791246804,0.7202767413781174,-0.7488532166017289,1.4691299579798462,0.5299834326127418,1.8588535815614464,-0.7988867163359629,0
2024-04-15,1.5047361299052773,0.5542186795006768,0.6894345877903043,-0.4996349196780689,1.1890695074683733,0.562986917724458,1.856271756913714,-0.730297921464798,0
2024-04-16,1.4756427604871447,0.5495563242592871,0.5656515018992928,-0.6395437696591789,1.2051952715584717,0.592323372076067,1.8620906212605441,-0.6774438771084101,0
2024-04-17,1.5223274695534508,0.560535418859979,0.7000578114357682,-0.3734916489744883,1.0735494604102565,0.6201154085374412,1.8568276180499852,-0.6165968009751028,0
2024-04-18,1.5493910690121786,0.5667017596631073,0.7681663353011513,-0.2352882757601457,1.003454611061297,0.6453521844317823,1.8495641808573247,-0.5588598119937599,0
2024-04-19,1.4918809201623817,0.5593322304105881,0.5379780048407234,-0.46693804128416716,1.0049160461248907,0.6668246111967981,1.8494202363849903,-0.515771013991394,0
2024-04-22,1.4100135317997293,0.5715145134606708,0.2124966520218883,-0.16062581139873222,0.3731224634206205,0.673721692921031,1.8442978317211962,-0.4968544458791342,0
2024-04-23,1.3930987821380245,0.5710633177921492,0.12297793906465972,-0.20192999468523584,0.32490793374989557,0.6739406180239378,1.8442462776181285,-0.49636504157025296,0
2024-04-24,1.5047361299052773,0.5671529553316289,0.5243748398844624,-0.34471180313031746,0.8690866430147799,0.6785422796062385,1.8497240433797644,-0.4926394841672873,0
2024-04-25,1.5013531799729365,0.572416904797714,0.48609102813696037,-0.21117138911861127,0.6972624172555717,0.6796884308644131,1.8508055537424744,-0.49142869201364814,0
2024-04-26,1.651556156968877,0.5841479921792752,1.0502244005944044,0.12461527818978234,0.925609122404622,0.6829794600511756,1.855759144270696,-0.4898002241683448,0
2024-04-29,1.658998646820027,0.595127086779967,1.0495324168899969,0.4459862165352994,0.6035462003546974,0.6863784668629405,1.8569974710380492,-0.4842405373121683,0
2024-04-30,1.6576454668470908,0.5904647315385773,1.0131075754398806,0.2735587000809519,0.7395488753589288,0.6847131572786035,1.8547303972181544,-0.4853040826609475,0
2024-05-06,1.679296346414073,0.5967814708978795,1.0738838088373024,0.45390606638436126,0.6199777424529411,0.6910349842755169,1.855377725831167,-0.4733077572801333,0
2024-05-07,1.7171853856562922,0.5975334636787487,1.2099103910783209,0.45277057203273813,0.7571398190455827,0.7070973577034337,1.8474102330654927,-0.4332155176586253,0
2024-05-08,1.654939106901218,0.5879079560836217,0.9228741910283779,0.0941195664598436,0.8287546245685342,0.7245628689029702,1.838972003734881,-0.38984626592894056,0
2024-05-09,1.638700947225981,0.5855015791848399,0.8348410268237199,-0.03681735497987928,0.8716583818035991,0.7344383858907444,1.8432784155091295,-0.37440164372764073,0
2024-05-10,1.6184032476319352,0.584298390735449,0.7182859279150211,-0.13151052217522888,0.84979645009025,0.7290083771244348,1.8322372006935295,-0.3742204464446598,0
2024-05-13,1.6238159675236807,0.5811400210557979,0.7298497068969745,-0.31687000703705875,1.0467197139340332,0.7401732210259674,1.8424623679259389,-0.362115925874004,0
2024-05-14,1.6102841677943167,0.5760264701458866,0.6403723438910515,-0.601798476762386,1.2421708206534374,0.7457953331851238,1.8549207701659847,-0.36333010379573716,0
2024-05-15,1.6441136671177268,0.5700105278989321,0.8098455044969172,-0.8994124448414854,1.7092579493384026,0.7654709919992668,1.900513995719604,-0.36957201172107035,0
2024-05-16,1.7307171853856562,0.5639945856519778,1.3084264789293996,-1.1736407684735277,2.4820672474029273,0.8100679990775964,2.000709949954632,-0.3805739517994392,1
2024-05-17,1.7388362652232747,0.5715145134606708,1.3602069396084424,-0.8439560961380851,2.2041630357465274,0.8413509433568434,2.078121635011594,-0.39541974829790694,1
2024-05-20,1.774018944519621,0.5767784629267559,1.560949259944091,-0.6113462649251368,2.1722955248692277,0.8524161012577209,2.1248289193939027,-0.41999671687846085,1
2024-05-21,1.740189445196211,0.5859527748533615,1.3062477313234735,-0.2014262911228915,1.507674022446365,0.839078083204311,2.0653678459551115,-0.3872116795464895,0
2024-05-22,1.7205683355886334,0.5701609264551061,1.161236351670356,-0.9128603310055502,2.0740966826759064,0.8719930228060624,2.123262217368529,-0.3792761717564044,0
2024-05-23,1.7334235453315292,0.5578282448488495,1.2313597082225802,-1.4362010671744525,2.6675607753970327,0.9234494791061448,2.211993524259879,-0.3650945660475896,1
2024-05-24,1.6339648173207035,0.5415852007820725,0.4926586245887553,-2.0924412821241765,2.585099906712932,0.974305346314686,2.280476678408458,-0.331865985779086,1
2024-05-27,1.6820027063599459,0.5445931719055498,0.8491489756225068,-1.8615863297901123,2.7107353054126193,1.0211413660731095,2.371481080669504,-0.32919834852328544,1
2024-05-28,1.6319350473612992,0.5385772296585953,0.4182370425351788,-2.018250806257377,2.436487848792556,1.0473831060078302,2.4454923019544985,-0.350726089938838,0
2024-05-29,1.638024357239513,0.5414348022258987,0.44657064092585025,-1.8089430288339716,2.255513669759822,1.084861827338576,2.4900442332806025,-0.32032057860345065,0
2024-05-30,1.6197564276048717,0.5432395848999849,0.24549507409932075,-1.6630694940138575,1.9085645681131782,1.1143166653383034,2.5131176779045603,-0.28448434722795324,0
2024-05-31,1.5500676589986468,0.5384268311024214,-0.4981629744545631,-1.7817118300951647,1.2835488556406016,1.1207220081000235,2.5190361951270344,-0.27759217892698707,0
2024-06-03,1.6150202976995942,0.5354188599789442,0.15497629297399412,-1.8161574322305198,1.971133725204514,1.1237213612292294,2.528641872940119,-0.28119915048166044,0
2024-06-04,1.6096075778078485,0.5418859978944203,0.08629143372980444,-1.503971011683024,1.5902624454128285,1.1281797853929312,2.537360987706192,-0.28100141692032965,0
2024-06-05,1.6035182679296347,0.5417355993382464,0.0022796157630408055,-1.4528686043087138,1.4551482200717545,1.1320984005225825,2.543624256495182,-0.2794274554500169,0
2024-06-06,1.7638700947225983,0.5375244397653783,1.636603515262813,-1.5536061300108723,3.1902096452736854,1.1596200177937794,2.66470417110711,-0.34546413551955135,1
2024-06-07,1.6596752368064953,0.5333132801925102,0.553644936347872,-1.6438764795537502,2.197521415901622,1.1603784989758528,2.6675414397413055,-0.3467844417896002,0
2024-06-11,1.638024357239513,0.5316588960745977,0.3520963968880615,-1.6360793382899597,1.9881757351780212,1.1642405926373134,2.6787863121647844,-0.3503051268901578,0
2024-06-12,1.6488497970230043,0.5343660700857272,0.4742705492419216,-1.5074257190643934,1.9816962683063148,1.1906376417846178,2.7060583887749194,-0.32478310520568376,0
2024-06-13,1.7523680649526387,0.5325612874116409,1.5338994214953359,-1.541118530177895,3.0750179516732308,1.2354714441179546,2.8118778300833704,-0.3409349418474612,1
2024-06-14,1.8423545331529094,0.5405324108888555,2.3195677316303693,-1.2019861099455473,3.5215538415759164,1.2917693547505602,2.948774766386597,-0.36523605688547645,1
2024-06-17,1.8612990527740192,0.5408332080012033,2.3450944202318635,-1.1598187664184305,3.504913186650294,1.345689159535433,3.0763219880601946,-0.38494366898932886,1
2024-06-18,1.9364005412719894,0.5417355993382464,2.8222960463738156,-1.0982484832946493,3.920544529668465,1.400059477978473,3.2441084624005394,-0.4439895064435935,1
2024-06-19,1.926251691474966,0.5266957437208604,2.563967614815334,-1.66463773522083,4.228605350036164,1.4560939072952666,3.4336845923429875,-0.5214967777524544,1
2024-06-20,1.935723951285521,0.5214317942547753,2.4768578148777673,-1.818726399732898,4.295584214610665,1.5152928423023087,3.6150121600624,-0.5844264754577824,1
2024-06-21,1.926251691474966,0.5166190404572116,2.2668666731800746,-1.9518497814779867,4.218716454658061,1.5756695563576744,3.773896897825794,-0.6225577851104449,1
2024-06-24,1.864005412719892,0.5321100917431193,1.716173924924322,-1.272355119143798,2.98852904406812,1.612503424611679,3.830370540883828,-0.6053636916604699,0
2024-06-25,1.7889039242219216,0.530305309069033,1.1197532884679104,-1.3039380766704014,2.423691365138312,1.6411870056790006,3.855702455912253,-0.5733284445542519,0
2024-06-26,1.8382949932341004,0.5253421567152956,1.4319449562770314,-1.486908483903965,2.9188534401809965,1.6876205788931162,3.8902863578153895,-0.5150452000291572,0
2024-06-27,1.8139377537212449,0.5245901639344263,1.2115753569626069,-1.477593640946918,2.689168997909525,1.729308054612838,3.9110946325396005,-0.4524785233139246,0
2024-06-28,1.8538565629228687,0.518423823131298,1.444271810779618,-1.6820919561235155,3.1263637669031334,1.7718709046586796,3.961490801000606,-0.41774899168324686,0
2024-07-01,1.8944519621109608,0.517371033238081,1.659791232431015,-1.6657128313187919,3.325504063749807,1.8194583220835185,4.01809625616775,-0.3791796120007134,0
2024-07-02,1.851150202976996,0.5136110693337345,1.308892525290472,-1.7675081866793285,3.0764007119698005,1.863688558055144,4.054778433046566,-0.3274013169362786,0
2024-07-03,1.8525033829499324,0.5136110693337345,1.2719331004365417,-1.6963754484144022,2.9683085488509438,1.9018514037628227,4.088732516162587,-0.28502970863694155,0
2024-07-04,1.8450608930987822,0.5146638592269515,1.1816046307464643,-1.5874033456196286,2.769007976366093,1.9390539245634162,4.107343591103087,-0.22923574197625451,0
2024-07-05,1.8322056833558864,0.5069935328620846,1.0586108800765988,-1.8177474714383357,2.8763583515149342,1.9738907596195527,4.133981199287715,-0.18619968004860943,0
2024-07-08,1.8240866035182681,0.5014287862836517,0.9710668071081551,-1.9412187814973911,2.9122855886055463,2.01037651762757,4.158449330945539,-0.13769629569039887,0
2024-07-09,1.962110960757781,0.5089487140923448,1.8621794727811278,-1.5767969278301768,3.4389764006113044,2.055247095385707,4.208416152870358,-0.09792196209894355,0
2024-07-10,1.95872801082544,0.5133102722213867,1.778049000779008,-1.3592439796280469,3.1372929804070546,2.0913584279252637,4.243207000839019,-0.060490144988491146,0
2024-07-11,1.9458728010825441,0.5202286058053843,1.6264934624145126,-1.0699373970254762,2.696430859439989,2.1118134429496,4.262934728190086,-0.039307842290885464,0
2024-07-12,1.8443843031123142,0.5209805985862537,0.899618379738359,-1.011947042620163,1.9115654223585221,2.1238550415311024,4.262014458377408,-0.01430437531520301,0
2024-07-15,1.8240866035182681,0.5164686419010378,0.7327131823263786,-1.147120625654972,1.8798338079813506,2.1350990171381503,4.26066540506629,0.009532629210010413,0
2024-07-16,1.8579161028416782,0.515115054895473,0.9415349582547063,-1.157975407105476,2.0995103653601825,2.1521983655539825,4.259454831612533,0.044941899495432036,0
2024-07-17,1.7557510148849798,0.5278989321702512,0.18943819320980118,-0.665879668052365,0.8553178612621661,2.1497294197239967,4.262799895740928,0.03665894370706502,0
2024-07-18,1.719215155615697,0.5381260339900737,-0.10540327262823918,-0.2778362460432485,0.17243297341500935,2.1358547018454983,4.29003532704858,-0.01832592335758365,0
2024-07-19,1.6684709066305818,0.545495563242593,-0.541148031561688,0.009101837279047469,-0.5502498688407355,2.120465162974476,4.338129402120109,-0.0971990761711572,-1
2024-07-22,1.6853856562922869,0.5369228455406829,-0.47695012490226674,-0.2895348012139452,-0.18741532368832153,2.1119264420171726,4.361429942586666,-0.13757705855232016,-1
2024-07-23,1.6603518267929636,0.5176718303504287,-0.7293007791138054,-0.975103098252366,0.24580231913856054,2.1015383699525687,4.379959131972917,-0.17688239206777956,0
2024-07-24,1.6441136671177268,0.5109038953226049,-0.9183825671931392,-1.1860780778499587,0.2676955106568195,2.0943789215092563,4.3933562985777925,-0.20459845555927947,0
2024-07-25,1.5696887686062246,0.515115054895473,-1.5442699856645279,-0.9988613321229393,-0.5454086535415886,2.0698619585768196,4.4495004608029145,-0.30977654364927476,-1
2024-07-26,1.5899864682002707,0.5163182433448639,-1.3421229206355498,-0.9304299138139792,-0.4116930068215706,2.0529413051238814,4.488766794983983,-0.38288418473621944,-1
2024-07-29,1.6102841677943167,0.5045871559633027,-1.151937709028574,-1.352326698500162,0.200388989471588,2.0439553070257594,4.503354176936937,-0.41544356288541806,0
2024-07-30,1.5460081190798378,0.5053391487441721,-1.6499951702041893,-1.3037241260327936,-0.34627104417139565,2.02785116058202,4.537323258664657,-0.48162093750061663,0
2024-07-31,1.6129905277401895,0.5285005263949467,-1.0614632401814827,-0.33275355880426577,-0.7287096813772169,2.00308700224164,4.591647431471552,-0.5854734269882722,-1
2024-08-01,1.621786197564276,0.520529402917732,-0.9796255291881477,-0.652259216931594,-0.32736631225655366,1.9838183199612223,4.624621925870109,-0.6569852859476639,0
2024-08-02,1.5108254397834913,0.5211309971424275,-1.839039707326865,-0.6025441081091204,-1.2364955992177444,1.948682420277533,4.703322813021254,-0.8059579724661883,-1
2024-08-05,1.3815967523680652,0.524890961046774,-2.6924817556717078,-0.400084314947518,-2.29239744072419,1.8963125220972925,4.8483390723716635,-1.0557140281770785,-1
2024-08-06,1.4079837618403248,0.5307565047375545,-2.3566743020283254,-0.0759998697198912,-2.2806744323084343,1.8408559529932513,4.977076093233066,-1.2953641872465638,-1
2024-08-07,1.3802435723951285,0.5268461422770342,-2.4168337374913715,-0.2456714096428946,-2.171162327848477,1.783967067184886,5.083919490129939,-1.5159853557601675,-1
2024-08-08,1.3856562922868743,0.5373740412092044,-2.2504551045839865,0.36290078930641556,-2.613355893890402,1.7119235031310727,5.201786009980331,-1.777939003718185,-1
2024-08-09,1.4066305818673883,0.5337644758610318,-2.0011344416913945,0.19534289500679833,-2.1964773366981927,1.6339477600627206,5.2602170987279555,-1.9923215786025141,-1
2024-08-12,1.3964817320703655,0.5336140773048579,-1.9617028898877515,0.23452272024622303,-2.1962256101339745,1.5606079492980458,5.315670893847813,-2.1944549952517223,-1
2024-08-13,1.4059539918809203,0.5265453451646864,-1.8131442104995283,-0.15342666736268407,-1.6597175431368443,1.4967410648312778,5.338826808276748,-2.3453446786141927,0
2024-08-14,1.4465493910690121,0.5202286058053843,-1.50724199630787,-0.5642485157375562,-0.9429934805703138,1.4558966064476666,5.34927234637217,-2.4374791334768364,0
2024-08-15,1.3978349120433018,0.5294029177319899,-1.719825610412771,0.1864166827048625,-1.9062422931176335,1.389557623517774,5.374646620476338,-2.5955313734407897,0
2024-08-16,1.4248985115020298,0.524890961046774,-1.503555790454409,-0.14595345177076302,-1.357602338683646,1.3224715716164293,5.355280615975592,-2.710337472742734,0
2024-08-19,1.4059539918809203,0.5218829899232968,-1.5574329705186418,-0.38328180157977443,-1.1741511689388675,1.2598173870222327,5.3294711565969255,-2.8098363825524597,0
2024-08-20,1.3971583220568335,0.517371033238081,-1.5470622716614681,-0.7531244186935949,-0.7939378529678732,1.2014061677158914,5.286922064932803,-2.88410972950102,0
2024-08-21,1.405277401894452,0.5203790043615582,-1.455720894876028,-0.4614166419315218,-0.9943042529445063,1.144226299353607,5.2553792772352335,-2.96692667852802,0
2024-08-22,1.3795669824086605,0.5169198375695593,-1.5386168145761228,-0.7467248649287086,-0.7918919496474142,1.0934362056968194,5.223992893659325,-3.0371204822656868,0
2024-08-23,1.3843031123139378,0.5214317942547753,-1.4661967513085037,-0.3078279180732238,-1.15836883323528,1.0423206490076788,5.20760516186086,-3.122963863845502,0
2024-08-26,1.361299052774019,0.5160174462325162,-1.5411089957838686,-0.7871093466141508,-0.7539996491697178,1.00836150726084,5.1987937853903095,-3.182070770868629,0
2024-08-27,1.3362652232746957,0.5143630621146038,-1.6082163614386091,-0.9124200547320666,-0.6957963067065426,0.9639126733956558,5.169353790352222,-3.24152844356091,0
2024-08-28,1.337618403247632,0.5083471198676492,-1.5470059310335504,-1.4397667318395384,-0.10723919919401204,0.9356209793188751,5.146757290205566,-3.2755153315678163,0
2024-08-29,1.3004059539918809,0.5112046924349527,-1.6629494007169399,-1.136271150485024,-0.5266782502319158,0.9025905381471472,5.128215097789523,-3.3230340214952285,0
2024-08-30,1.384979702300406,0.5564746578432848,-1.21933746627825,3.0116206222405646,-4.230958088518815,0.7789044092506056,5.163598843226074,-3.605790024724863,-1
2024-09-02,1.3159675236806496,0.5406828094450294,-1.4869840025780965,1.5478207221486633,-3.0348047247267598,0.6916989735734659,5.16877738485701,-3.785379437710078,0
2024-09-03,1.3152909336941814,0.5426379906752895,-1.4389701244161999,1.6725089386889476,-3.1114790631051474,0.6067047269354131,5.17633386000943,-3.9629244061386046,0
2024-09-04,1.280108254397835,0.5325612874116409,-1.5378402747104118,0.7941875350705044,-2.332027809780916,0.5348093256339592,5.151930659810079,-4.082312008542161,0
2024-09-05,1.277401894451962,0.5364716498721613,-1.4894561309178187,1.1255583080003149,-2.6150144389181333,0.43997545245743647,5.078552169714874,-4.1986012648000015,0
2024-09-06,1.2422192151556157,0.5337644758610318,-1.5771146814499521,0.9099101301867044,-2.4870248116366565,0.3398324749038936,4.967210831101934,-4.287545881294147,0
2024-09-09,1.2584573748308527,0.5304557076252069,-1.4521274846355199,0.6436872856919568,-2.0958147703274768,0.24648700895426406,4.839983798826316,-4.347009780917788,0
2024-09-10,1.273342354533153,0.5334636787486841,-1.3446925953782591,0.9420123027009446,-2.2867048980792037,0.14303285182513628,4.67917273998837,-4.393107036338097,0
2024-09-11,1.2706359945872803,0.544292374793202,-1.3136760717516849,1.8497424473112745,-3.1634185190629593,0.019832454006817546,4.50585105611346,-4.466186148099824,0
2024-09-12,1.2746955345060893,0.5403820123326817,-1.2577086678407794,1.4481369765772876,-2.705845644418067,-0.09685804364366132,4.300094833416188,-4.493810920703511,0
2024-09-13,1.3024357239512856,0.5391788238832907,-1.1049831663154974,1.295731850009799,-2.4007150163252966,-0.20718190149338395,4.080110419940502,-4.494474222927271,0
2024-09-18,1.2686062246278755,0.5435403820123327,-1.2124502590025519,1.623762373135369,-2.836212632137921,-0.3042609294301513,3.952352563008953,-4.560874421869256,0
2024-09-19,1.2753721244925578,0.5441419762370282,-1.1436774477463747,1.6207851248204777,-2.7644625725668526,-0.3907301617252374,3.8512228540179283,-4.632683177468403,0
2024-09-20,1.2760487144790258,0.5402316137765079,-1.1047031274438777,1.2589848775995816,-2.363688005043459,-0.478772519145645,3.7026072798927236,-4.660152318184013,0
2024-09-23,1.2658998646820028,0.5456459617987668,-1.112301488722936,1.633528818452906,-2.745830307175842,-0.5693558408970677,3.568107955814067,-4.706819637608202,0
2024-09-24,1.392422192151556,0.5763272672582344,-0.5321112255373032,3.5507748337811744,-4.0828860593184775,-0.6895100046674278,3.430057013564647,-4.809077022899502,0
2024-09-25,1.425575101488498,0.5805384268311025,-0.35809986418611883,3.390809624358735,-3.7489094885448537,-0.8074168972056722,3.249176340550931,-4.8640101349622755,0
2024-09-26,1.465493910690122,0.6215972326665664,-0.14946396903154494,4.676104802980355,-4.825568772011899,-0.9391163886053672,3.117650823798416,-4.99588360100915,0
2024-09-27,1.5561569688768606,0.65874567604151,0.30442030897289746,4.928127142985859,-4.623706834012961,-1.0656499783197657,2.968892864995667,-5.100192821635199,0
2024-09-30,1.7043301759133966,0.7244698450894872,1.0408577879638534,5.293877908561171,-4.253020120597318,-1.1826837799358223,2.8065098217733713,-5.171877381645016,0
2024-10-08,1.874830852503383,0.7790645209805986,1.8546892826417654,5.042162325373015,-3.1874730427312494,-1.2837476365065923,2.5927971316487857,-5.16029240466197,0
2024-10-09,1.7591339648173208,0.7016092645510603,1.3111992059116624,3.0747776371113185,-1.763578431199656,-1.3616787035033455,2.356496882935132,-5.079854289941823,0
2024-10-10,1.7456021650879567,0.7071740111294933,1.3051002093810056,2.8951937436762663,-1.5900935342952607,-1.4454965357517884,2.052692788785314,-4.943685860288891,0
2024-10-11,1.6637347767253046,0.6921341555121072,0.9585225289661637,2.4428292324307925,-1.484306703464629,-1.5225231971496498,1.762204237331004,-4.807250631630303,0
2024-10-14,1.702300405953992,0.6979996992028876,1.231863250635481,2.373272994205772,-1.141409743570291,-1.5864872071998208,1.5080059514937956,-4.680980365893437,0
2024-10-15,1.6644113667117728,0.6820574522484585,1.068466090271926,2.0020514528985247,-0.9335853626265986,-1.633906386949573,1.3268463868177673,-4.594659160716914,0
2024-10-16,1.5920162381596754,0.6495713641149045,0.7043920135208627,1.4348951566516208,-0.7305031431307581,-1.6774120028014416,1.1468838417701868,-4.50170784737307,0
2024-10-17,1.604194857916103,0.6352835012783878,0.831522713894869,1.1727477875589811,-0.34122507366411214,-1.71809092678518,0.950959687815027,-4.387141541385387,0
2024-10-18,1.7645466847090663,0.648067378553166,1.7935879128783858,1.320636252637949,0.4729516602404369,-1.7244636968022087,0.9213171856472389,-4.370244579251656,0
2024-10-21,1.7726657645466848,0.6495713641149045,1.820477965027642,1.2973948778047695,0.5230830872228724,-1.7186195282387442,0.945689564127552,-4.382928620605041,0
2024-10-22,1.776725304465494,0.6539329222439465,1.804240146890387,1.3162427699546173,0.4879973769357697,-1.7013154074758026,1.0069846148290988,-4.409615429780704,0
2024-10-23,1.732746955345061,0.6611520529402919,1.531682331571451,1.3713117630876195,0.16037056848383147,-1.6955189759395999,1.027410381364698,-4.418448333243898,0
2024-10-24,1.715155615696888,0.6539329222439465,1.4142435087490155,1.2229226114767846,0.1913208972722309,-1.696426999637372,1.0239040503540233,-4.4167580496287675,0
2024-10-25,1.736129905277402,0.6667167995187246,1.5095733809148286,1.3557799125805763,0.15379346833425234,-1.698325367009415,1.0165837195173628,-4.413234453536193,0
2024-10-28,1.7090663058186741,0.6823582493608061,1.324597517256041,1.51651125839891,-0.19191374114286908,-1.692433785136103,1.034161705223068,-4.419029275495275,0
2024-10-29,1.6948579161028419,0.6767935027823734,1.2229516334474564,1.385430260540832,-0.16247862709337557,-1.688280212140633,1.0469971046085547,-4.423557528889821,0
2024-10-30,1.6806495263870096,0.6640096255075951,1.1298017822888564,1.167458112489261,-0.037656330200404486,-1.6922476341351662,1.0325566712402106,-4.417051939510543,0
2024-10-31,1.6407307171853858,0.6582944803729885,0.893969852417315,1.0526236966267752,-0.15865384420946027,-1.6891206808024672,1.0423892161105663,-4.420630577715501,0
2024-11-01,1.6021650879566982,0.6652128139569861,0.6822386799987162,1.1101670047441154,-0.4279283247453992,-1.684107658191937,1.0556636699152344,-4.423878986299108,0
2024-11-04,1.6461434370771313,0.6734847345465484,0.9215128529122598,1.1823474316873532,-0.2608345787750934,-1.682998795967246,1.0590591053177045,-4.425056697252197,0
2024-11-05,1.6745602165087958,0.6841630320348926,1.053417924290665,1.2818000349427547,-0.2283821106520898,-1.6661969044911515,1.0992449060387637,-4.431638715021067,0
2024-11-06,1.6359945872801083,0.6798014739058506,0.816659570240401,1.1810938464571403,-0.3644342762167393,-1.634064185082694,1.1465419814730597,-4.414670351638447,0
2024-11-07,1.6671177266576456,0.7330425627913972,0.9567005362041472,1.8119894745326168,-0.8552889383284696,-1.610307760183028,1.1721815672961038,-4.39279708766216,0
2024-11-08,1.7577807848443845,0.7337945555722666,1.3942594832105948,1.7417662982866258,-0.347506815076031,-1.5799135016368206,1.2174559754519645,-4.377282978725606,0
2024-11-11,1.8274695534506091,0.712738757707926,1.6894038410366303,1.414497642773024,0.2749061982636063,-1.5317758001009205,1.2925271979388817,-4.3560787981407225,0
2024-11-12,1.740189445196211,0.7053692284554068,1.1920523634139923,1.27406315459826,-0.08201079118426757,-1.4965346910090218,1.3467340630716358,-4.33980344508968,0
2024-11-13,1.790933694181326,0.7080764024665364,1.4004899513906186,1.2628579545733858,0.13763199681723282,-1.4576370642265017,1.4104428542416503,-4.3257169826946535,0
2024-11-14,1.682679296346414,0.6957437208602798,0.8222747659090269,1.0710391722661303,-0.2487644063571034,-1.434121178613506,1.4503095286232446,-4.3185518858502565,0
2024-11-15,1.6184032476319352,0.6934877425176719,0.48054701721161214,1.0087577572772106,-0.5282107400655984,-1.4272081329384274,1.4639909302783416,-4.318407196155197,0
2024-11-18,1.5723951285520974,0.6844638291472402,0.23273856960987588,0.8651508669548214,-0.6324122973449455,-1.4059776330088825,1.489616975139896,-4.301572241157661,0
2024-11-19,1.604871447902571,0.6828094450293277,0.3833608626411232,0.8156559456843187,-0.43229508304319547,-1.3905558454148752,1.5159226299502324,-4.297034320779983,0
2024-11-20,1.6238159675236807,0.6798014739058506,0.46222314371453016,0.7501231625566234,-0.2879000188420932,-1.3757849929132624,1.5441439688105805,-4.2957139546371055,0
2024-11-21,1.5852503382949932,0.678297488344112,0.2500580707183668,0.7042976572461552,-0.45423958652778845,-1.3701233551392609,1.555706180200809,-4.295952890479331,0
2024-11-22,1.5453315290933696,0.6546849150248158,0.0334987233207643,0.3739890611676558,-0.3404903378468915,-1.3592264565543004,1.5771478446148215,-4.295600757723422,0
2024-11-25,1.4959404600811907,0.6572416904797714,-0.2320165579227261,0.3833154948618055,-0.6153320527845316,-1.356283791606586,1.5827559215519935,-4.2953235047651654,0
2024-11-26,1.4945872801082545,0.667468792299594,-0.24981738568440887,0.4956598823277931,-0.7454772680122019,-1.3494022655195343,1.5934535004929917,-4.292258031532061,0
2024-11-27,1.510148849797023,0.6691231764175065,-0.18311718478771344,0.4929729730749364,-0.6760901578626499,-1.34810377399775,1.5958891864806213,-4.292096734476122,0
2024-11-28,1.4783491204330177,0.6625056399458565,-0.36559206324634086,0.37529279821688616,-0.7408848614632271,-1.3488552499103614,1.5944833424891665,-4.2921938423098895,0
2024-11-29,1.5013531799729365,0.6788990825688074,-0.2609595997872328,0.583056469936042,-0.8440160697232748,-1.3611348644191825,1.5672420837368979,-4.289511812575263,0
2024-12-02,1.5263870094722598,0.7076252067980148,-0.14958130328003197,0.9763131232028694,-1.1258944264829014,-1.3711218006900325,1.5497564194449716,-4.292000020825037,0
2024-12-03,1.5047361299052773,0.7098811851406227,-0.2797726826106967,0.9776860441057663,-1.257458726716463,-1.3215634779933265,1.5011885788063801,-4.144315534793034,0
2024-12-04,1.4803788903924222,0.7008572717701911,-0.4336008391925454,0.8148253356631742,-1.2484261748557195,-1.2917905021621425,1.4949082069804878,-4.078489211304773,0
2024-12-05,1.5250338294993233,0.6945405324108889,-0.20890460073581538,0.6924500199438105,-0.9013546206796259,-1.2549550947883836,1.4920455610112393,-4.001955750588007,0
2024-12-06,1.5290933694181328,0.6996540833208003,-0.21402259348808414,0.7468656842317521,-0.9608882777198363,-1.2321027692540325,1.5012287402349969,-3.9654342787430616,0
2024-12-09,1.4972936400541272,0.6958941194164537,-0.4274951972208146,0.6620931330894683,-1.089588330310283,-1.206679000777235,1.502599787804173,-3.915957789358643,0
2024-12-10,1.4979702300405955,0.7133403519326215,-0.46281518495113033,0.923980705199232,-1.3867958901503623,-1.1883418520857967,1.5005027370585167,-3.8771864412301102,0
2024-12-11,1.5108254397834913,0.7196570912919237,-0.4233185504674345,1.009724938173297,-1.4330434886407315,-1.1772956640576842,1.5018119252789954,-3.8564032533943635,0
2024-12-12,1.5115020297699595,0.7283802075500075,-0.4577444811597246,1.1422827556330177,-1.6000272367927424,-1.1658510363695767,1.4998114993142804,-3.8315135720534337,0
2024-12-13,1.4445196211096076,0.7095803880282749,-0.9350659005686596,0.7832739124562228,-1.7183398130248824,-1.141766391268942,1.4761649426097094,-3.7596977251475936,0
2024-12-16,1.4248985115020298,0.7028124530004513,-1.1119488720089798,0.6361099480711718,-1.7480588200801517,-1.1258032775299767,1.464871436698635,-3.7164779917585884,0
2024-12-17,1.4614343707713127,0.7038652428936683,-0.9045338821057148,0.638123024711694,-1.5426569068174087,-1.1115023090381788,1.4599462598369985,-3.682950877913356,0
2024-12-18,1.4485791610284169,0.7128891562640999,-1.053168574964518,0.8140353767294991,-1.8672039516940173,-1.0953521643641133,1.4440050056417364,-3.634709334369963,0
2024-12-19,1.5013531799729365,0.7058204241239284,-0.7281398089441184,0.6457645904521747,-1.3739043993962932,-1.072176194811271,1.430329303618823,-3.5746816932413648,0
2024-12-20,1.489851150202977,0.7016092645510603,-0.8833547836733238,0.5329801182441866,-1.4163349019175104,-1.0563869764258385,1.4248354887824248,-3.5376094416341015,0
2024-12-23,1.4918809201623817,0.7020604602195819,-0.9502908679543337,0.5371631400665388,-1.4874540080208725,-1.0354140381065888,1.4087150850429206,-3.4795431612560983,0
2024-12-24,1.5561569688768606,0.7134907504887953,-0.44297173437414306,0.8811077933934641,-1.3240795277676072,-0.9894339292474077,1.321666147603027,-3.300534006097842,0
2024-12-25,1.537212449255751,0.7058204241239284,-0.6346779446294083,0.631358802903902,-1.2660367475333103,-0.9480527168972153,1.24811524092226,-3.1442206747166903,0
2024-12-26,1.5784844384303112,0.6989020905399308,-0.2910985862044771,0.35467084989450304,-0.6457694360989801,-0.8783893946319999,1.0684739283429998,-2.825252717607,0
2024-12-27,1.5297699594046008,0.7028124530004513,-0.7208597984167265,0.47908425897035456,-1.1999440573870812,-0.8213266816882354,0.8618343529853467,-2.5044877163618176,0
2024-12-30,1.5189445196211095,0.6970973078658446,-0.7903465498282044,0.28280318807554355,-1.073149737903748,-0.7683288419766758,0.655573101767698,-2.1922307857210495,0
2024-12-31,1.4546684709066307,0.6903293728380208,-1.3486447701929498,0.08805670634869349,-1.4367014765416433,-0.7391493158735157,0.5483118206038741,-2.0266104523509054,0
2025-01-02,1.4012178619756428,0.6778462926755904,-1.771847570667965,-0.4360433199818136,-1.3358042506861514,-0.7320197461982907,0.5369701330922805,-2.001009625488862,0
2025-01-03,1.3903924221921518,0.6662656038502031,-1.795505485275999,-0.9077290006119529,-0.8877764846640461,-0.7203144620377704,0.5292873618073008,-1.9699162858828416,0
2025-01-06,1.39851150202977,0.6551361106933374,-1.6486489543189884,-1.3423567397617242,-0.3062922145572642,-0.7006808872226477,0.537053407904139,-1.9384151823494342,0
2025-01-07,1.4377537212449256,0.6446082117611671,-1.255808102414218,-1.7121399282089236,0.45633182579470555,-0.6740518610665643,0.5935011378557967,-1.9416048599889253,0
2025-01-08,1.395805142083897,0.641449842081516,-1.5609420850867957,-1.7663678170025798,0.20542573191578417,-0.6550683428241914,0.6306600251756013,-1.9407967108239839,0
2025-01-09,1.3897158322056833,0.6358850955030833,-1.551627289785313,-1.9515206238067877,0.39989333402147476,-0.6362284015383207,0.6778194089681292,-1.9502762120447708,0
2025-01-10,1.3362652232746957,0.6316739359302151,-1.9072211977498756,-2.106611274348931,0.1993900765990555,-0.6272181490339347,0.7023798406980178,-1.9568161387658871,0
2025-01-13,1.334235453315291,0.6358850955030833,-1.8515216033158703,-1.9051366621903045,0.053615058874434185,-0.6342070923900347,0.6761359611239401,-1.9445501459040095,0
2025-01-14,1.391745602165088,0.6465633929914274,-1.3432013366537587,-1.4808752299092858,0.13767389325552704,-0.6406305789561572,0.6502694635002183,-1.9315306214125325,0
2025-01-15,1.3626522327469555,0.6385922695142128,-1.5412327585840264,-1.7557825934049245,0.21454983482089807,-0.645188037991405,0.6313545467077992,-1.9217306226906092,0
2025-01-16,1.4100135317997293,0.6301699503684765,-1.111994564385278,-2.001169152683337,0.8891745882980591,-0.6330413043278345,0.6877831872216789,-1.9538657958773478,1
2025-01-17,1.3978349120433018,0.6378402767333433,-1.1780917572648184,-1.6805542142507066,0.5024624569858882,-0.6278556116659402,0.7084864229997738,-1.9641976463316542,0
2025-01-20,1.405277401894452,0.6334787186043014,-1.084346928374285,-1.776455788107825,0.6921088597335399,-0.6188836884759521,0.745734571746671,-1.9835019486985752,0
2025-01-21,1.4350473612990529,0.6367874868401264,-0.80005046810639,-1.5941221312441258,0.7940716631377358,-0.6024505984046087,0.8061220869333459,-2.0110232837425635,0
2025-01-22,1.5784844384303112,0.6181380658745677,0.482467298647055,-2.1277364327100354,2.6102037313570903,-0.5562392257637677,1.075326081604187,-2.187804533131722,1
2025-01-23,1.5561569688768606,0.6191908557677847,0.30680201238355315,-2.000221288444758,2.307023300828311,-0.517161231913289,1.2698407578888251,-2.3041632217154033,1
2025-01-24,1.5798376184032479,0.6173860730936983,0.5346439877819263,-1.9760814610491584,2.5107254488310846,-0.4726715770292799,1.4762195998745513,-2.4215627539331113,1
2025-01-27,1.4512855209742896,0.6164836817566552,-0.6171842997919977,-1.9186363431063533,1.3014520433143555,-0.44384857089495067,1.5581635492706967,-2.445860691060598,0
2025-02-05,1.3531799729364007,0.6092645510603099,-1.4596220867079972,-2.031709761589882,0.5720876748818848,-0.42996653333400103,1.5886895808506203,-2.448622647518622,0
2025-02-06,1.3856562922868743,0.6164836817566552,-1.1294629147811066,-1.737901772840789,0.6084388580596825,-0.41601951718880487,1.619792448505353,-2.451831482882963,0
2025-02-07,1.4580514208389717,0.6294179575876072,-0.44426111096121995,-1.320321041138623,0.876059930177403,-0.3953446137489024,1.6676133410519358,-2.458302568549741,0
2025-02-10,1.469553450608931,0.6280643705820425,-0.31327968532590983,-1.3196211055550147,1.0063414202291048,-0.3643174411062763,1.7263137635201415,-2.454948645732694,0
2025-02-11,1.472936400541272,0.6139269063016995,-0.24929587356437047,-1.669371435574092,1.4200755620097216,-0.33485773482151365,1.8059499874905207,-2.475665457133548,0
2025-02-12,1.4986468200270635,0.6196420514363064,0.06648291472175837,-1.451264763071124,1.5177476777928822,-0.31414371016269244,1.874187310011538,-2.502474730336923,0
2025-02-13,1.4742895805142084,0.6175364716498722,-0.16297695336992454,-1.4548552068176748,1.2918782534477502,-0.2912455594188254,1.9353830082601977,-2.5178741270978486,0
2025-02-14,1.4952638700947227,0.6202436456610018,0.15985686482617004,-1.3305706918091136,1.4904275566352836,-0.2686989667551913,2.0025446287638378,-2.53994256227422,0
2025-02-17,1.5493910690121786,0.6200932471048278,0.961285289504558,-1.287619444410248,2.248904733914806,-0.22707114775065945,2.135382814469896,-2.5895251099712144,1
2025-02-18,1.5345060893098783,0.6143781019702211,0.793425853559373,-1.3929390459661137,2.1863648995254867,-0.18182822042414137,2.2598120565988586,-2.6234684974471416,0
2025-02-19,1.5723951285520974,0.6158820875319598,1.3410657196151459,-1.3039170644579077,2.6449827840730533,-0.1272049690671747,2.4178802820048944,-2.672290220139244,1
2025-02-20,1.530446549391069,0.6185892615430892,0.7709076945682541,-1.1893678099203255,1.9602755044885796,-0.08732879260831178,2.512692165292285,-2.6873497505089086,0
2025-02-21,1.5696887686062246,0.6235524138968267,1.3990318946291245,-1.0233386289322517,2.4223705235613764,-0.0421576169015873,2.6366676152662407,-2.720982849069415,0
2025-02-24,1.5703653585926929,0.6226500225597834,1.4213754374602887,-1.0152145723007384,2.4365900097610274,0.006022876369892968,2.7576958942725827,-2.745650141532797,0
2025-02-25,1.5615696887686061,0.6100165438411792,1.276811877037781,-1.3104366897625421,2.587248566800323,0.05481852478067987,2.8842334322743395,-2.77459638271298,0
2025-02-26,1.540595399188092,0.6082117611670929,0.9403829815027039,-1.3161685430223664,2.2565515245250705,0.10268325106917324,2.9826961757778787,-2.777329673639532,0
2025-02-27,1.485791610284168,0.619942848548654,0.11619233419421032,-0.9863925530780194,1.1025848872722297,0.13348428699058043,3.0161267055733645,-2.749158131592204,0
2025-02-28,1.4336941813261166,0.6182884644307415,-0.6494823460335453,-0.9988813936922354,0.3493990476586901,0.15057577374926942,3.025843591957779,-2.72469204445924,0
2025-03-03,1.425575101488498,0.609114152504136,-0.7547920300912441,-1.193547075584235,0.43875504549299094,0.1702364388652064,3.0368275977291854,-2.6963547199987725,0
2025-03-04,1.4235453315290933,0.6085125582794406,-0.7628817008020413,-1.1683594580139998,0.40547775721195845,0.19106133598079364,3.045809941486883,-2.6636872695252953,0
2025-03-05,1.4235453315290933,0.6070085727177019,-0.737629019741126,-1.1670324189648926,0.4294033992237666,0.21698296640923811,3.0512594288022283,-2.617293495983752,0
2025-03-06,1.4424898511502031,0.6185892615430892,-0.43926588669525474,-0.8509487862866483,0.41168289959139354,0.24480199351436902,3.05285410894912,-2.5632501219203823,0
2025-03-07,1.412043301759134,0.6166340803128291,-0.8715435145226662,-0.8701829015028139,-0.0013606130198523525,0.2655864195449668,3.047014015416065,-2.515841176326132,0
2025-03-10,1.4228687415426253,0.6068581741615281,-0.6866126454054786,-1.080207801813695,0.3935951564082163,0.2871689158297642,3.051808761745037,-2.4774709300855084,0
2025-03-11,1.408660351826793,0.6154308918634381,-0.868359716738006,-0.8350272375141132,-0.03333247922389282,0.3026281791380299,3.0491937245082577,-2.4439373662321975,0
2025-03-12,1.4147496617050068,0.6046021958189203,-0.7549098013642225,-1.074654698984375,0.31974489762015257,0.3261170662702038,3.0482467329811134,-2.3960126004407054,0
2025-03-13,1.39851150202977,0.6043013987065725,-0.965182507585009,-1.0525357698298907,0.08735326224488171,0.3506862188101245,3.0362921709205972,-2.3349197333003486,0
2025-03-14,1.4384303112313939,0.6255075951270869,-0.360197503538519,-0.4772620595884519,0.11706455604993293,0.3765213528883023,3.021848672746984,-2.2688059669703793,0
2025-03-17,1.456021650879567,0.6325763272672583,-0.08689073443489904,-0.25717761110256004,0.170286876667661,0.4060265881126424,3.000681655851866,-2.188628479626581,0
2025-03-18,1.4573748308525034,0.6234020153406529,-0.07001847758283342,-0.48823052309205905,0.41821204550922564,0.44163578575487755,2.9756297533439517,-2.092358181834197,0
2025-03-19,1.422192151556157,0.6234020153406529,-0.5917437272590171,-0.4623544631765543,-0.12938926408246282,0.46861361168817234,2.941507189074606,-2.004279965698261,0
2025-03-20,1.4106901217861978,0.613475710633178,-0.74636866964409,-0.7322849168617774,-0.014083752782312553,0.49408983092209063,2.9136161103326654,-1.9254364484884843,0
2025-03-21,1.395805142083897,0.6027974131448338,-0.9462309959885606,-1.0409975535647125,0.09476655757615182,0.5267893394099267,2.8682748837205385,-1.814696204900685,0
2025-03-24,1.4100135317997293,0.6070085727177019,-0.7145821982935191,-0.8882522247877219,0.17367002649420282,0.5525822465081016,2.8424245146560065,-1.7372600216398033,0
2025-03-25,1.387686062246279,0.6088133553917883,-1.0095346545363484,-0.8088457741261735,-0.20068888041017485,0.572843013533224,2.81278811764505,-1.6671020905786018,0
2025-03-26,1.3788903924221922,0.6095653481726576,-1.1008547325087705,-0.765018223072472,-0.3358365094362985,0.5920366385096335,2.7792838592473195,-1.5952105822280527,0
2025-03-27,1.368064952638701,0.6215972326665664,-1.218650810315658,-0.3027995835046473,-0.9158512268110106,0.5988404435255767,2.7642728873475892,-1.5665920002964357,0
2025-03-28,1.3518267929634642,0.6163332832004813,-1.4038142755097645,-0.48683361390631597,-0.9169806616034485,0.6046580449577411,2.7515060558087905,-1.542189965893308,0
2025-03-31,1.3437077131258457,0.6103173409535269,-1.4820091817340504,-0.7334430904691333,-0.7485660912649171,0.6029447673716422,2.754011939466891,-1.5481224047236068,0
2025-04-01,1.354533152909337,0.6118213265152656,-1.2798475795783688,-0.6672398632051222,-0.6126077163732466,0.6127337063885394,2.7355873584644135,-1.5101199456873349,0
2025-04-02,1.3531799729364007,0.6142277034140473,-1.25571903849218,-0.5401953098236654,-0.7155237286685145,0.6186941398757934,2.7242303570165673,-1.4868420772649809,0
2025-04-03,1.2889039242219216,0.6116709279590916,-2.0715039440939833,-0.7086774106285422,-1.3628265334654412,0.6199253889270634,2.7206533146690672,-1.4808025368149407,0
2025-04-07,1.1603518267929633,0.5910663257632727,-3.418940383463092,-2.1935077270408154,-1.2254326564222766,0.621764915498128,2.7157088494144794,-1.4721790184182237,0
2025-04-08,1.0446549391069013,0.6196420514363064,-4.067640912383563,-0.02907819942238141,-4.038562712961182,0.5692518116931757,2.954905948298897,-1.8164023249125454,-1
2025-04-09,1.104871447902571,0.6345315084975185,-3.087435230619355,1.3036690518365783,-4.391104282455933,0.5011716105615313,3.200924378769983,-2.1985811576469203,-1
2025-04-10,1.215155615696888,0.6346819070536924,-1.9143914652233651,1.3672635245637572,-3.281654989787122,0.438871830301834,3.309916046104772,-2.4321723855011035,-1
2025-04-11,1.2043301759133966,0.6322755301549106,-1.9227650468618183,1.190958676891363,-3.113723723753181,0.38355267270735127,3.397256122765702,-2.630150777351,-1
2025-04-14,1.2124492557510151,0.633929914272823,-1.7725270523339918,1.3521295098057418,-3.1246565621397338,0.3248101744379978,3.471675704564055,-2.8220553556880597,-1
2025-04-15,1.2246278755074427,0.6431042261994285,-1.6166667553973226,2.12027015730906,-3.7369369127063825,0.2592047246162405,3.576233863034568,-3.0578244138020874,-1
2025-04-16,1.1840324763193506,0.6531809294630772,-1.8943909551877869,2.8369091509076245,-4.731300106095412,0.17945613853340975,3.7378869975957776,-3.378974720528958,-1
2025-04-17,1.1772665764546684,0.6531809294630772,-1.8633296506862336,2.761229428385962,-4.6245590790721955,0.10008558899461438,3.8685513609118507,-3.668380182922622,-1
2025-04-18,1.1880920162381596,0.6337795157166491,-1.7076841178895108,1.169442862693891,-2.8771269805834017,0.04855764207120939,3.8944100450419725,-3.797294760899554,0
2025-04-21,1.2050067658998647,0.6340803128289968,-1.514040422075531,1.1824413140206995,-2.6964817360962305,-0.011203296668695446,3.8925140760080814,-3.9149206693454723,0
2025-04-22,1.2029769959404601,0.6345315084975185,-1.475962040651631,1.23243884739204,-2.7084008880436707,-0.06471768575252142,3.897943485688156,-4.027378857193199,0
2025-04-23,1.2341001353179972,0.6289667619190856,-1.1991736459249205,0.777345583480515,-1.9765192294054355,-0.10919482057150434,3.87873687474313,-4.0971265158861385,0
2025-04-24,1.2124492557510151,0.6399458565197774,-1.3167782042119784,1.6864835550789725,-3.003261759290951,-0.17248371094531578,3.8771866450245707,-4.222154066915202,0
2025-04-25,1.2341001353179972,0.6316739359302151,-1.1191479032972882,0.9674767508698872,-2.086624654167175,-0.2507641840373869,3.7615085865134827,-4.263036954588257,0
2025-04-28,1.2178619756427604,0.6205444427733494,-1.2021723499073425,0.041422751852081975,-1.2435951017594244,-0.30994115741384914,3.6533114884973608,-4.273193803325059,0
2025-04-29,1.2239512855209744,0.6385922695142128,-1.1221629840125502,1.4825159785085646,-2.604678962521115,-0.39519789760305246,3.541222819643659,-4.331618614849764,0
2025-04-30,1.2219215155615697,0.6304707474808242,-1.1004299661465962,0.7980070733121667,-1.8984370394587629,-0.44852938231593775,3.481086297272008,-4.378145061903883,0
2025-05-06,1.2726657645466848,0.6283651676943902,-0.7021229128572953,0.6039502792390499,-1.306073192096345,-0.4798320634322416,3.4466331319810495,-4.406297258845533,0
2025-05-07,1.260487144790257,0.6498721612272523,-0.774532124071769,2.213281622298918,-2.987813746370687,-0.5397696068394144,3.4286885722334293,-4.508227785912258,0
2025-05-08,1.2875507442489853,0.6408482478568206,-0.5505714463481616,1.4710047603658674,-2.021576206714029,-0.5880635424542716,3.3808322948993434,-4.5569593798078865,0
2025-05-09,1.2645466847090665,0.6376898781771695,-0.6992783747769316,1.2032940691437284,-1.90257244392066,-0.6365454401901011,3.3241834413440174,-4.597274321724219,0
2025-05-12,1.3037889039242219,0.6397954579636036,-0.3838969156599863,1.314711440190225,-1.6986083558502112,-0.6885235054877666,3.2441724715986626,-4.621219482574196,0
2025-05-13,1.2916102841677943,0.6324259287110844,-0.45403030284727974,0.741975036558582,-1.1960053394058616,-0.733752722441079,3.1579342427293193,-4.625439687611477,0
2025-05-14,1.3227334235453316,0.639494660851256,-0.1979677470333648,1.2283116793582776,-1.4262794263916423,-0.7790553504384021,3.079857971293463,-4.637968672170268,0
2025-05-15,1.2922868741542626,0.648969769890209,-0.41059999904841654,1.8376109853768712,-2.2482109844252878,-0.8413659927894117,2.98911201434038,-4.671843999919203,0
2025-05-16,1.3004059539918809,0.640397052188299,-0.321902577024293,1.1845028747003463,-1.5064054517246392,-0.9039544958834025,2.8429334881324224,-4.650842479899227,0
2025-05-19,1.2889039242219216,0.6453602045420364,-0.3883559010194954,1.4767754809914482,-1.8651313820109436,-0.9714794339090097,2.694007433058632,-4.636966300876652,0
2025-05-20,1.2895805142083896,0.6464129944352535,-0.35563569687735824,1.4898182462914051,-1.8454539431687633,-1.0463200460297066,2.500241205844353,-4.592881297903767,0
2025-05-21,1.2834912043301758,0.659948864490901,-0.3808460848464298,2.2676109460126566,-2.6484570308590865,-1.1231322549521678,2.3575665421041565,-4.603831052008492,0
2025-05-22,1.2889039242219216,0.660851255827944,-0.3056735013960508,2.1898039698884784,-2.4954774712845293,-1.2050963881995993,2.165864345956076,-4.576057122355275,0
2025-05-23,1.2713125845737483,0.6673183937434201,-0.43563343370836655,2.4185870602686372,-2.854220493977004,-1.2932765632619,1.9650997184414167,-4.551652844965217,0
2025-05-26,1.2692828146143438,0.6734847345465484,-0.42783191005031795,2.5840777957369654,-3.0119097057872835,-1.386595867805027,1.7376526621724173,-4.5108443977824715,0
2025-05-27,1.2496617050067658,0.6695743720860281,-0.5946779100227227,2.2278822783452106,-2.8225601883679334,-1.471247729686577,1.5240391361905248,-4.466534595563679,0
2025-05-28,1.257104194857916,0.6826590464731539,-0.4938738436357937,2.703985042540904,-3.1978588861766974,-1.5429217925773921,1.4073043607686453,-4.49314794592343,0
2025-05-29,1.3328822733423547,0.6712287562039405,0.313475481789087,2.0059801985916295,-1.6925047168025424,-1.5769535219850794,1.3312880006568129,-4.4851950446269715,0
2025-05-30,1.280784844384303,0.6680703865242894,-0.21207726905379143,1.7690816540072507,-1.981158923061042,-1.61728542146098,1.2439844799912338,-4.478555322913194,0
2025-06-03,1.2713125845737483,0.6677695894119416,-0.29017950459307,1.6828489793155863,-1.9730284839086563,-1.6569271921463236,1.155839820234802,-4.469694204527449,0
2025-06-04,1.3146143437077131,0.6643104226199429,0.20119989037667008,1.4627885448014604,-1.2615886544247903,-1.6851103930404663,1.0760342857853469,-4.446255071866279,0
2025-06-05,1.3910690121786198,0.6482177771093398,1.06477004705286,0.6706026786721059,0.39416736838075417,-1.6854023185606437,1.0748441437911669,-4.445648780912454,0
2025-06-06,1.3741542625169147,0.6441570160926455,0.8904102731247109,0.45646435203492475,0.43394592108978614,-1.6781472096588164,1.1023191597000574,-4.45861357901769,0
2025-06-09,1.3822733423545333,0.6334787186043014,0.9985333315242995,-0.07885828582995451,1.077391617354254,-1.6667506019763823,1.1535779639897956,-4.48707916794256,0
2025-06-10,1.3640054127198917,0.627462776357347,0.807270054763486,-0.3846395887777381,1.1919096435412242,-1.6463298999302969,1.2390992850342302,-4.531759084894824,0
2025-06-11,1.3802435723951285,0.6276131749135209,1.0075881305065422,-0.40350858000431256,1.4110967105108547,-1.6281407030487853,1.3207649242609836,-4.577046330358554,1
2025-06-12,1.3978349120433018,0.620995638441871,1.2106778625638244,-0.761049112315722,1.9717269748795463,-1.5967344745048744,1.4644894035327252,-4.657958352542474,1
2025-06-13,1.4140730717185386,0.6176868702060461,1.4129542747240658,-0.9182287104472131,2.331182985171279,-1.559832500686185,1.6358565942733843,-4.755521595645755,1
2025-06-16,1.4357239512855209,0.6033990073695292,1.6803531009265629,-1.5819426026339574,3.26229570356052,-1.5082990202379707,1.8939294623953564,-4.910527502871298,1
2025-06-17,1.3937753721244928,0.608061362610919,1.2265539822201657,-1.322051121297649,2.5486051035178146,-1.472792469271161,2.053428663914233,-4.9990136024565555,1
2025-06-18,1.4316644113667119,0.6050533914874417,1.6717193444127711,-1.4323383870569681,3.104057731469739,-1.4189016860119574,2.285182600550664,-5.122985972574579,1
2025-06-19,1.4079837618403248,0.5818920138366672,1.3915515235816565,-2.414862082750478,3.8064136063321343,-1.355226730026717,2.57173942898299,-5.282192889036423,1
2025-06-20,1.3930987821380245,0.5791848398255377,1.2156555200391186,-2.433917468321954,3.649572988361073,-1.2959799561803014,2.8225652146460245,-5.414525127006627,1
2025-06-23,1.3667117726657645,0.5781320499323207,0.9192286083161414,-2.3669284499343495,3.286157058250491,-1.2441051723176966,3.0253786629272383,-5.513589007562631,1
2025-06-24,1.3728010825439783,0.5862535719657092,0.9988184298225725,-1.9545510155397339,2.9533694453623065,-1.191537533554822,3.2059543127914303,-5.589029379901074,0
2025-06-25,1.4194857916102843,0.5934727026620545,1.5378530395339096,-1.61750950702457,3.1553625465584796,-1.1333508826215755,3.400474600764452,-5.667176366007602,0
2025-06-26,1.4235453315290933,0.5858023762971877,1.5536525912543553,-1.8548387074826107,3.408491298736966,-1.0612785071957762,3.6216444391489344,-5.744201453540487,0
2025-06-27,1.4445196211096076,0.5829448037298842,1.742887485978465,-1.892443435128857,3.635330921107322,-0.98540664748393,3.851990004229987,-5.8228032991978464,0
2025-06-30,1.4465493910690121,0.585200782072492,1.7070762171736382,-1.7508471777108623,3.4579233948845003,-0.9152984893814397,4.056132932115771,-5.88672991087865,0
2025-07-01,1.4479025710419486,0.5880583546397955,1.669808000264317,-1.598184138494485,3.2679921387588022,-0.8506218251292388,4.2364537731707195,-5.9376974234291975,0
2025-07-02,1.4316644113667119,0.5850503835163182,1.4540123626874915,-1.657469889272733,3.1114822519602248,-0.7868383921187598,4.402076815690168,-5.975753599927688,0
2025-07-03,1.5751014884979704,0.5853511806286661,2.759659839829035,-1.6004045365755049,4.36006437640454,-0.6914568769542602,4.662169443635603,-6.045083197544123,0
2025-07-04,1.6109607577807847,0.5844487892916228,2.8734992192176128,-1.6190518185862237,4.492551037803836,-0.5961571487171582,4.91991046709519,-6.112224764529507,0
2025-07-07,1.6224627875507442,0.5805384268311025,2.8444242487811864,-1.693996890882593,4.53842113966378,-0.4532074178400755,5.143922229380339,-6.050337065060489,0
2025-07-08,1.7848443843031123,0.5847495864039706,3.824183858257154,-1.4892456221708934,5.313429480428047,-0.2914651884586759,5.402798209205395,-5.985728586122747,0
2025-07-09,1.7997293640054128,0.5805384268311025,3.4712231853641584,-1.5688185080713108,5.0400416934354695,-0.15277024373829934,5.649584211407191,-5.95512469888379,0
2025-07-10,1.769959404600812,0.5818920138366672,2.9535883761811057,-1.4676338602806365,4.421222236461742,-0.027187811068050644,5.840279715844788,-5.894655337980889,0
2025-07-11,1.7591339648173208,0.5818920138366672,2.6580577678970942,-1.4147880392135914,4.072845807110686,0.09277056175278968,5.996824878194559,-5.811283754688979,0
2025-07-14,1.7537212449255752,0.5793352383817116,2.444773016032314,-1.4406581171155002,3.885431133147814,0.219810029183693,6.116678888205113,-5.677058829837728,0
2025-07-15,1.843707713125846,0.5773800571514514,2.7758981368423292,-1.44645079681015,4.222348933652479,0.36903751317949113,6.209129021132547,-5.471053994773564,0
2025-07-16,1.8085250338294994,0.5772296585952775,2.4051083899624337,-1.398046855202282,3.8031552451647155,0.5094994185834396,6.265832702844304,-5.2468338656774245,0
2025-07-17,1.8606224627875507,0.5793352383817116,2.5204675391582465,-1.2868032643867067,3.807270803544953,0.6209060483189123,6.369350916773224,-5.1275388201354,0
2025-07-18,1.834235453315291,0.5835463979545796,2.2383063459014303,-1.1204829718245883,3.3587893177260186,0.721827232549283,6.4459241382574985,-5.002269673158932,0
2025-07-21,1.8281461434370772,0.5850503835163182,2.090374283959192,-1.0413251143221665,3.1316993982813583,0.8191622373213668,6.504472074288891,-4.866147599646158,0
2025-07-22,1.8240866035182681,0.59407429688675,1.9663366809408964,-0.7476639328724667,2.714000613813363,0.8973375680416801,6.555201013493468,-4.7605258774101085,0
2025-07-23,1.7983761840324763,0.593021506993533,1.7586361309145961,-0.754721006369939,2.513357137284535,0.9892812163179382,6.568042714782895,-4.5894802821470195,0
2025-07-24,1.9248985115020298,0.6002406376898781,2.242435304283379,-0.5213221973843349,2.7637575016677136,1.0701209189151866,6.607993719845034,-4.46775188201466,0
2025-07-25,1.9391069012178621,0.5913671228756204,2.181993741357818,-0.7694907064502059,2.951484447808024,1.1400389114079772,6.664998940176206,-4.384921117360252,0
2025-07-28,2.0006765899864685,0.5873063618589262,2.316479236222511,-0.862864773784596,3.179344010007107,1.2364392942834475,6.697082611839579,-4.2242040232726845,0
2025-07-29,2.1102841677943167,0.5845991878477966,2.6010410025744353,-0.9155324829644306,3.5165734855388657,1.3266894697000748,6.755473907201653,-4.102094967801502,0
2025-07-30,2.2516914749661705,0.5895623402015342,2.9119050424530095,-0.7465525526092153,3.6584575950622247,1.409431649486051,6.826307409076294,-4.007444110104191,0
2025-07-31,2.341677943166441,0.5767784629267559,2.9662832870190066,-1.087153155938599,4.053436442957605,1.526785819308189,6.8605998163058155,-3.807028177689438,0
2025-08-01,2.232746955345061,0.5728681004662356,2.400083946940022,-1.1619217005325797,3.562005647472602,1.6198455168779662,6.896354529874237,-3.6566634961183047,0
2025-08-04,2.2307171853856564,0.5754248759211912,2.2508806768447505,-1.0513447998572665,3.302225476702017,1.7065921488883442,6.918275887170541,-3.505091589393853,0
2025-08-05,2.3714479025710418,0.5775304557076252,2.527813961301123,-0.9576522111267591,3.485466172427882,1.7929933910263123,6.946602564442621,-3.360615782389996,0
2025-08-06,2.3207036535859267,0.5767784629267559,2.2267045493391437,-0.9484954020175875,3.1751999513567313,1.8658468125390222,6.970934438474409,-3.239240813396365,0
2025-08-07,2.412043301759134,0.5767784629267559,2.3457606750461566,-0.9175045613678545,3.263265236414011,1.9440058902524497,6.98728614981078,-3.09927436930588,0
2025-08-08,2.475642760487145,0.5754248759211912,2.3696299607287643,-0.9254594808464202,3.2950894415751844,2.0363942306857914,6.969163080912683,-2.8963746195411004,0
2025-08-11,2.4594046008119084,0.57888404271319,2.1903224925310028,-0.7969645701938471,2.98728706272485,2.1112891059266157,6.96100542726297,-2.738427215409738,0
2025-08-12,2.6867388362652234,0.579936832606407,2.60005847993359,-0.7393125406988699,3.33937102063246,2.1980308126373393,6.943491492769507,-2.5474298674948286,0
2025-08-13,2.955345060893099,0.5803880282749286,2.9861576324668806,-0.6997292079394316,3.685886840406312,2.2902198256969237,6.9298802784597315,-2.349440627065884,0
2025-08-14,2.924221921515562,0.5830952022860582,2.686961675353735,-0.5939946959235654,3.2809563712773,2.389043382399197,6.849948425195297,-2.0718616603969036,0
2025-08-15,3.0351826792963466,0.5848999849601444,2.706656086397506,-0.5137868137033492,3.2204429001008554,2.4843087219222872,6.761234123645009,-1.792616679800434,0
2025-08-18,3.0081190798376185,0.5913671228756204,2.4707934555209063,-0.28390468951845854,2.754698145039365,2.5777906992392263,6.618743969066456,-1.4631625705880036,0
2025-08-19,3.3092016238159676,0.5904647315385773,2.8237420215171545,-0.2821167071195637,3.105858728636718,2.6797535064796265,6.4464005744292265,-1.086893561469974,0
2025-08-20,3.2415426251691475,0.5939238983305761,2.510805623047953,-0.12882635561582176,2.639631978663775,2.7707900425968215,6.249504388879842,-0.7079243036861995,0
2025-08-21,3.064276048714479,0.5978342607910965,2.075582974534924,0.0665752753599671,2.009007699174957,2.8575711523526826,5.971238387035147,-0.2560960823297811,0
2025-08-22,3.1008119079837617,0.5993382463528351,2.0291327478500354,0.1858040522186254,1.8433286956314099,2.9165017092265817,5.805607518071925,0.027395900381238736,0
2025-08-25,3.2476319350473615,0.6181380658745677,2.155173264745498,1.0951016935086553,1.0600715712368427,2.9671888841315464,5.602314769048729,0.33206299921436333,0
2025-08-26,3.0771312584573747,0.6176868702060461,1.791114726419483,1.22321065407401,0.5679040723454731,3.009537760069115,5.391184657292726,0.6278908628455038,-1
2025-08-27,3.0933694181326117,0.6076101669423973,1.7400380268119549,0.8607345368310954,0.8793034899808595,3.0452192958092095,5.221899329400465,0.8685392622179546,0
2025-08-28,3.311231393775372,0.6027974131448338,1.9840239718880075,0.6916597969165935,1.2923641749714139,3.0601892425857202,5.174154659805207,0.9462238253662338,0
2025-08-29,3.6420838971583223,0.6232516167844789,2.344274795383702,2.0939372307633324,0.2503375646203696,3.0571291033112304,5.187030587991211,0.9272276186312496,-1
2025-09-01,3.76319350473613,0.619942848548654,2.3663263437003996,1.9621687373569476,0.404157606343452,3.0459085364610496,5.224765772568198,0.8670513003539009,-1
2025-09-02,3.6454668470906633,0.6157316889757859,2.082014879182372,1.7395735246017,0.34244135458067193,3.0317507316450407,5.269846538784384,0.7936549245056979,-1
2025-09-03,3.6698240866035188,0.6043013987065725,2.009964597880606,1.0206116307600515,0.9893529671205545,3.0247216692552024,5.28605064895386,0.7633926895565448,0
2025-09-04,3.594722598105548,0.6079109640547451,1.8224576389942013,1.3408628327454768,0.4815948062487245,2.9998861331113553,5.339629959613317,0.6601423066093939,-1
2025-09-05,3.777401894451962,0.6082117611670929,1.9656140164873281,1.4053541118537378,0.5602599046335903,2.970370748435727,5.387818065374251,0.5529234314972027,0
2025-09-08,3.4776725304465494,0.6191908557677847,1.515676237854202,2.161418460326601,-0.6457422224723992,2.9052367830018455,5.4951293519643025,0.3153442140393885,-1
2025-09-09,3.301082543978349,0.6215972326665664,1.2449795836094535,2.254889280566339,-1.0099096969568855,2.8459282029939335,5.625105038162522,0.06675136782534485,-1
2025-09-10,3.631258457374831,0.6158820875319598,1.6052964042619,1.7931790534753305,-0.18788264921343045,2.7910625299825473,5.677420450348585,-0.09529539038349055,-1
2025-09-11,3.9945872801082545,0.620995638441871,1.9703566616361432,2.040532330491205,-0.07017566885506166,2.7264527087294272,5.692800067589445,-0.2398946501305903,0
2025-09-12,4.188092016238159,0.6113701308467439,2.0996017411617633,1.3287385080058347,0.7708632331559286,2.6784742128093417,5.677033286198826,-0.3200848605801432,0
2025-09-15,4.05277401894452,0.6142277034140473,1.852682296332748,1.4659478817620235,0.38673441457072455,2.6301505020813454,5.681854006583579,-0.4215530024208882,0
2025-09-16,4.04127198917456,0.6065573770491803,1.7652464937978614,0.9207100421917779,0.8445364516060835,2.5950032855187417,5.679958775822641,-0.48995220478515744,0
2025-09-17,4.13531799729364,0.6059557828244849,1.7993658377348116,0.8609137547293214,0.9384520830054902,2.558054777792859,5.668706417134833,-0.552596861549115,0
2025-09-18,4.354533152909337,0.5984358550157919,1.962858223003124,0.34650140934388135,1.6163568136592426,2.5281858697082304,5.640036260365693,-0.5836645209492319,0
2025-09-19,4.472259810554804,0.5985862535719657,2.0013132323980014,0.3401944054484215,1.66111882694958,2.495282334805601,5.6012565249405615,-0.610691855329359,0
2025-09-22,4.7699594046008125,0.5942246954429238,2.213886475859745,0.038646314880459075,2.175240160979286,2.4739042809071807,5.57056945318296,-0.6227608913685985,0
2025-09-23,4.794993234100136,0.5910663257632727,2.1308542728113338,-0.17659521494733008,2.3074494877586638,2.457895236723845,5.547785239076518,-0.6319947656288272,0
2025-09-24,4.643437077131258,0.5835463979545796,1.88715469871621,-0.6787403099072595,2.5658950086234693,2.448802116001566,5.534075778742055,-0.6364715467389241,0
2025-09-25,4.631935047361299,0.5805384268311025,1.7984325607196805,-0.8715632620533477,2.669995822773028,2.420634306774374,5.465523026633255,-0.6242544130845067,0
2025-09-26,4.389039242219216,0.5835463979545796,1.4912652938452609,-0.6693007907233266,2.1605660845685875,2.38176789088712,5.3782238037736665,-0.6146880219994264,0
2025-09-29,4.504736129905277,0.5847495864039706,1.5548626963520749,-0.5957876460013015,2.1506503423533765,2.3419717109319462,5.284860542871883,-0.6009171210079907,0
2025-09-30,4.466170500676591,0.5859527748533615,1.46155413497397,-0.5169657938746157,1.9785199288485857,2.2863898850722886,5.1251165875565725,-0.5523368174119949,0
2025-10-09,4.631258457374831,0.5916679199879682,1.5717388011275353,-0.14741600008469594,1.7191548012122313,2.231041770201901,4.979431740527982,-0.5173482001241796,0
2025-10-10,4.493234100135318,0.590765528650925,1.3830869803016534,-0.2193935274154339,1.6024805077170874,2.1840627413894906,4.87594730101428,-0.5078218182352985,0
2025-10-13,4.294993234100136,0.5850503835163182,1.1439779769532161,-0.612018998054632,1.7559969750078481,2.145448594187777,4.79322799387482,-0.5023308054992661,0
2025-10-14,4.040595399188092,0.5880583546397955,0.853585214397154,-0.42044698936221164,1.2740322037593657,2.101925278697969,4.719033565854854,-0.5151830084589157,0
2025-10-15,4.2882273342354535,0.5939238983305761,1.0779494387685824,-0.03819292259438567,1.116142361362968,2.0501551691598103,4.619086697801474,-0.5187763594818531,0
2025-10-16,4.302435723951286,0.5981350579034442,1.0605537298464989,0.23209593602596795,0.8284577938205309,2.0005768783040745,4.546605230736681,-0.5454514741285323,0
2025-10-17,4.06021650879567,0.5877575575274477,0.7761356425730473,-0.5091979777646677,1.285333620337715,1.958544591917287,4.466224560559283,-0.5491353767247085,0
2025-10-20,4.198917456021651,0.5856519777410137,0.897835158706009,-0.6616770494609893,1.5595122081669983,1.9285566400913035,4.41102878937418,-0.5539155091915737,0
2025-10-21,4.600811907983762,0.5858023762971877,1.3020175845019046,-0.652317011575924,1.9543345960778287,1.9089338933879112,4.371251410833682,-0.5533836240578596,0
2025-10-22,4.428958051420839,0.5812904196119717,1.0823847716508506,-0.9493889852114658,2.031773756862316,1.8975634457720603,4.351043318884938,-0.555916427340817,0
2025-10-23,4.329499323410014,0.580989622499624,0.9448249091253725,-0.9491092706348623,1.893934179760235,1.887239729813322,4.335386424196725,-0.5609069645700806,0
2025-10-24,4.550067658998647,0.5805384268311025,1.1700804159706113,-0.9514454321249651,2.1215258480955765,1.876535868920453,4.314688965732833,-0.5616172278919263,0
2025-10-27,4.922868741542626,0.582192810949015,1.5669156758999891,-0.821683594654735,2.388599270554724,1.8671544492995649,4.292782084863335,-0.5584731862642056,0
2025-10-28,5.006089309878214,0.5775304557076252,1.6212929104264784,-1.1215319156132828,2.742824826039761,1.8598791295667756,4.272078426901201,-0.5523201677676497,0
2025-10-29,5.466847090663058,0.5781320499323207,2.0894980914297987,-1.066279741456808,3.1557778328866064,1.853865868689238,4.251017470637537,-0.5432857332590608,0
2025-10-30,5.2753721244925575,0.5712137163483231,1.798074173229559,-1.4869076524504576,3.284981825680017,1.847641272532868,4.227609509577573,-0.5323269645118371,0
2025-10-31,4.871447902571042,0.5731688975785832,1.2817880311561975,-1.345937420310627,2.6277254514668247,1.8238794226746882,4.141926400154855,-0.49416755480547825,0
2025-11-03,5.066982408660352,0.5737704918032787,1.4782852071114392,-1.308843248927462,2.787128456038901,1.8109648028174596,4.098047914144129,-0.47611830850920955,0
2025-11-04,4.972259810554804,0.5677545495563243,1.332743659977699,-1.6786918486375464,3.0114355086152456,1.8061183033493469,4.0815495314202614,-0.4693129247215675,0
2025-11-05,5.090663058186739,0.5668521582192811,1.4427878999237123,-1.6985490724100072,3.1413369723337192,1.8003828166811109,4.060276891999478,-0.45951125863725584,0
2025-11-06,5.156968876860622,0.5671529553316289,1.4927070377926415,-1.6453646530287847,3.138071690821426,1.7997640123388559,4.058146582833679,-0.45861855815596675,0
2025-11-07,4.918809201623817,0.5710633177921492,1.1629221107817702,-1.380395613813228,2.5433177245949983,1.7877648871418723,4.022038774603637,-0.4465090003198917,0
2025-11-10,4.837618403247632,0.5812904196119717,1.0333393493470189,-0.7453928577179034,1.7787322070649223,1.7624922665667013,3.961435526912094,-0.43645099377869134,0
2025-11-11,4.602841677943167,0.5808392239434501,0.6947865551530911,-0.7774765910497745,1.4722631462028657,1.7372418679580015,3.9136529981046864,-0.43916926218868335,0
2025-11-12,4.641407307171853,0.5784328470446685,0.7251311262241802,-0.927597461500912,1.6527285877250923,1.7091311607428787,3.8445500133275536,-0.42628769184179616,0
2025-11-13,4.600135317997293,0.5805384268311025,0.6400568055798167,-0.7941401287406505,1.4341969343204672,1.671602995641448,3.7439180973580757,-0.4007121060751797,0
2025-11-14,4.348443843031123,0.577831252819973,0.2402575360698447,-0.9562104473969978,1.1964679834668426,1.6368615225112737,3.6689272250499174,-0.39520418002737023,0
2025-11-17,4.393775372124493,0.5743720860279742,0.2821858058040267,-1.1530091955105304,1.4351950013145571,1.6071073908648355,3.5966881054362805,-0.3824733237066098,0
2025-11-18,4.378890392422193,0.5710633177921492,0.2302905543241057,-1.3189399321035822,1.5492304864276878,1.5870162632213074,3.5536709886649853,-0.3796384622223705,0
2025-11-19,4.401894451962112,0.5685065423371936,0.24259898042274652,-1.4284942287244042,1.6710932091471506,1.5631035045631478,3.4891058934744947,-0.3628988843481993,0
2025-11-20,4.461434370771313,0.5677545495563243,0.3143109829290201,-1.422328937329826,1.736639920258846,1.5480536369230657,3.4538435332505744,-0.35773625940444265,0
2025-11-21,4.104871447902571,0.5608362159723267,-0.3259461930397373,-1.751500865895494,1.4255546728557567,1.5383294198177457,3.440502519227045,-0.3638436795915534,0
2025-11-24,3.7848443843031125,0.5546698751691984,-0.9322177946496872,-1.997788418294875,1.0655706236451878,1.525366785284642,3.429684206557093,-0.378950635987809,0
2025-11-25,3.8301759133964817,0.5579786434050233,-0.8903001219483325,-1.7462897344936021,0.8559896125452696,1.5219654193064494,3.430388113662657,-0.38645727504975813,0
2025-11-26,3.9871447902571044,0.5539178823883291,-0.6565381804247232,-1.8949170147682963,1.238378834343573,1.5331399986730845,3.426631696325116,-0.36035169897894703,0
2025-11-27,4.077807848443843,0.5563242592871109,-0.5392134274781871,-1.68884561125679,1.149632183778603,1.5376454769030465,3.4260883389570447,-0.3507973851509514,0
2025-11-28,4.108254397834912,0.5558730636185893,-0.5233921369552393,-1.641593550330722,1.1182014133754827,1.534742764209781,3.425253544417834,-0.3557680159982721,0
2025-12-01,4.046684709066306,0.5588810347420665,-0.6773039012217993,-1.4462582914349147,0.7689543902131154,1.5433863779696602,3.414653686999732,-0.32788093106041205,0
2025-12-02,4.124492557510149,0.5545194766130245,-0.5306348176144072,-1.6362040678603225,1.1055692502459151,1.5550765720347013,3.406047032973433,-0.29589388890403034,0
2025-12-03,4.173207036535859,0.547601143029027,-0.4534259425072478,-1.9381982206626844,1.4847722781554367,1.5741154207609471,3.3976445313775847,-0.24941368985569046,0
2025-12-04,4.154262516914749,0.5447435704617236,-0.5227267740311712,-1.9911218303708624,1.4683950563396913,1.582099455581266,3.399398002628468,-0.2351990914659361,0
2025-12-05,4.13531799729364,0.5491051285907655,-0.60013247785038,-1.692279651119231,1.092147173268851,1.592275328364935,3.391252372654633,-0.20670171592476305,0
2025-12-08,4.290257104194858,0.5491051285907655,-0.2682652185730492,-1.630820029003506,1.3625548104304568,1.605646910128216,3.385242831057187,-0.17394901080075487,0
2025-12-09,4.600135317997293,0.5485035343660701,0.4295522971003813,-1.6227043730441777,2.052256670144559,1.6506135583384987,3.3324622486171536,-0.031235131940156258,0
2025-12-10,4.412043301759134,0.5477515415852009,-0.07874122391159985,-1.632999974901654,1.554258750990054,1.6933496991376142,3.223684526657837,0.1630148716173918,0
2025-12-11,4.2151556156968875,0.54654835313581,-0.6407087680818906,-1.6579176707199001,1.0172089026380096,1.7134345583351382,3.1733467040041283,0.25352241266614817,0
2025-12-12,4.177943166441137,0.5488043314784179,-0.756002227808105,-1.517812145617313,0.761809917809208,1.7273009847795429,3.133102609639963,0.3214993599191227,0
2025-12-15,4.001353179972937,0.5491051285907655,-1.2190764794031559,-1.4680613082104104,0.24898482880725448,1.7186030113737316,3.1546099462180335,0.28259607652943,-1
2025-12-16,3.988497970230041,0.5525642953827644,-1.2466851903575014,-1.2505047339828788,0.0038195436253773973,1.712221096857976,3.175451199751966,0.2489909939639865,-1
2025-12-17,4.161028416779432,0.5569258535118063,-0.7909450334159898,-0.9658580505938906,0.17491301717790086,1.701060706284173,3.2009667068620775,0.20115470570626814,-1
2025-12-18,3.9431664411366714,0.5566250563994586,-1.3594548870751402,-0.9616604871896537,-0.3977943998854865,1.678789931569323,3.2621183771239988,0.09546148601464721,-1
2025-12-19,3.9445196211096074,0.5682057452248459,-1.31804338913154,-0.2025546421818856,-1.1154887469496544,1.6332591722258416,3.37325556209436,-0.10673721764267685,-1
2025-12-22,4.10148849797023,0.5692585351180629,-0.8805829109316152,-0.1055240810312004,-0.7750588299004149,1.5926562112783416,3.440370660287429,-0.255058237730746,-1
2025-12-23,4.253044654939107,0.5682057452248459,-0.46193236412702243,-0.14990417285014118,-0.31202819127688125,1.5512017387407389,3.4564581309743865,-0.354054653492909,0
2025-12-24,4.407307171853857,0.5617386073093699,-0.03788118146892478,-0.5648060327027751,0.5269248512338502,1.521526328131992,3.434318643346497,-0.39126598708251326,0
2025-12-25,4.514208389715832,0.5624906000902391,0.2530337949488269,-0.4914116119248013,0.7444454068736281,1.4911688347694947,3.394329046593209,-0.41199137705422006,0
2025-12-26,4.319350473612991,0.562791397202587,-0.2535975730159663,-0.45146722862135663,0.19786965560539033,1.4499667319833671,3.3563504784166227,-0.4564170144498887,0
2025-12-29,4.414073071718539,0.5597834260791097,-0.0013873162671856581,-0.6366096400867483,0.6352223238195626,1.4245443359708834,3.333062071227811,-0.48397339928604466,0
2025-12-30,4.345737483085251,0.5606858174161529,-0.1771046481575348,-0.5498230434334604,0.37271839527592565,1.394912136852926,3.3127572030390997,-0.5229329293332474,0
2025-12-31,4.198240866035182,0.5567754549556325,-0.5583258374066522,-0.7976513961803414,0.23932555877368922,1.3659255640183445,3.3003905326498755,-0.5685394046131866,0
2026-01-05,4.307848443843032,0.5704617235674538,-0.25210293198462136,0.2059518897975381,-0.45805482178215945,1.329638736968438,3.318078404084316,-0.6588009301474405,0
2026-01-06,4.333558863328823,0.5772296585952775,-0.17624672543679815,0.7306331085256459,-0.906879833962444,1.2878160646071126,3.3568375495297698,-0.7812054203155447,-1
2026-01-07,4.272665764546685,0.5743720860279742,-0.3380852356023657,0.5379553372664894,-0.8760405728688551,1.2439487721425009,3.383014906437591,-0.8951173621525894,0
2026-01-08,4.149526387009472,0.5718153105730186,-0.6750643106988935,0.37325722272255984,-1.0483215334214533,1.2052428765228203,3.4246315124690807,-1.0141457594234402,-1
2026-01-09,4.159675236806495,0.5698601293427583,-0.6402843778028368,0.2635251637621891,-0.9038095415650258,1.1715770114740205,3.4567692416916054,-1.1136152187435644,0
2026-01-12,4.122462787550744,0.5763272672582344,-0.7289800784900493,0.8522000010770359,-1.5811800795670852,1.1314163802508936,3.5233405794945623,-1.260507818992775,-1
2026-01-13,4.020974289580514,0.5742216874718004,-0.9963026160728295,0.7114670414016365,-1.707769657474466,1.0815313256206907,3.5827469080542045,-1.4196842568128234,-1
2026-01-14,4.059539918809202,0.5683561437810197,-0.8834980499182458,0.23628387492556488,-1.1197819248438106,1.036876423403844,3.5983225415009503,-1.5245696946932625,0
2026-01-15,4.112990527740189,0.5653481726575426,-0.7188903947854342,0.00045591903274530137,-0.7193463138181795,0.9923150749055769,3.5817104975970926,-1.5970803477859388,0
2026-01-16,4.2625169147496615,0.5563242592871109,-0.3155790556471266,-0.79260974992549,0.4770306942783634,0.9664026905291777,3.544577635660945,-1.6117722546025894,0
2026-01-19,4.120433017591339,0.5543690780568507,-0.6795167090828735,-0.9426706210304103,0.2631539119475368,0.9392230193989661,3.5120005109912618,-1.6335544721933295,0
2026-01-20,4.037212449255751,0.5546698751691984,-0.8720225682091333,-0.8857805063440235,0.013757938134890235,0.9040935542329547,3.4687498756348294,-1.66056276716892,0
2026-01-21,4.165087956698241,0.5489547300345917,-0.5118636462558444,-1.3856128161621755,0.8737491699063311,0.8788460525554814,3.4137078322430634,-1.6560157271321003,0
2026-01-22,4.2456021650879565,0.5435403820123327,-0.2704433200881119,-1.8221277247106746,1.5516844046225629,0.858993712198528,3.3527979700253185,-1.6348105456282624,0
2026-01-23,4.066982408660352,0.5390284253271169,-0.7556755761168689,-2.1351362687520155,1.3794606926351465,0.8293884265276704,3.253479525539343,-1.5947026724840025,0
2026-01-26,4.009472259810555,0.5366220484283352,-0.9240089821470788,-2.2163954054297537,1.2923864232826747,0.7961785031543814,3.136574886979188,-1.5442178806704248,0
2026-01-27,4.125169147496617,0.5325612874116409,-0.5306528444957809,-2.407833831020044,1.8771809865242632,0.7836694287386721,3.092048832703359,-1.5247099752260145,0
2026-01-28,4.106224627875507,0.525943750939991,-0.5715658869450897,-2.734373273829042,2.1628073868839524,0.7732640775860896,3.050323664952175,-1.5037955097799958,0
2026-01-29,3.8971583220568338,0.5474507444728531,-1.2809783330903965,-0.9868601662187453,-0.29411816687165127,0.7181715163279746,2.9340852614810133,-1.4977422288250644,0
2026-01-30,3.903924221921516,0.5309069032937284,-1.2722893879037929,-2.1645632611100494,0.8922738732062565,0.6806871313425169,2.8040169996822693,-1.4426427369972357,0
2026-02-02,3.767253044654939,0.5349676643104226,-1.8744780147284117,-1.7698382016010443,-0.10463981312736736,0.6266419396100371,2.6586495481286025,-1.4053656689085283,0
2026-02-03,3.7719891745602165,0.5394796209956384,-1.8697515260123792,-1.381856239065343,-0.4878952869470361,0.5761217227510032,2.5645453333128216,-1.4123018878108151,0
2026-02-04,3.6136671177266577,0.5456459617987668,-2.53071807079154,-0.9001151730440965,-1.6306028977474436,0.5192994710041304,2.56203949176144,-1.5234405497531789,-1
2026-02-05,3.6454668470906633,0.5709129192359754,-2.2842886657211943,1.0272736634189352,-3.3115623291401297,0.4395690464150805,2.6935230278261115,-1.8143849349959507,-1
2026-02-06,3.6806495263870094,0.5578282448488495,-2.06419873938127,0.05485910092425646,-2.1190578403055267,0.37670593928123686,2.702278737330838,-1.9488668587683644,-1
2026-02-09,3.7564276048714484,0.5588810347420665,-1.6824368390752729,0.17030774694992631,-1.8527445860251992,0.32192358060880905,2.700419849712447,-2.056572688494829,0
2026-02-10,3.793640054127199,0.550759512708678,-1.4564345688329465,-0.45784159340166536,-0.9985929754312812,0.2853392312938403,2.6766084863751365,-2.1059300237874563,0
2026-02-11,3.734776725304466,0.5477515415852009,-1.655419592189893,-0.6796334986052253,-0.9757860935846678,0.2451562130455199,2.6388538121126173,-2.148541386021577,0
2026-02-12,3.743572395128552,0.5405324108888555,-1.5559095987957725,-1.2421623646992066,-0.3137472340965659,0.21410658437011565,2.5872371703050905,-2.1590240015648594,0
2026-02-13,3.704330175913397,0.5360204542036396,-1.6647049451791363,-1.5578244666827241,-0.10688047849641213,0.1844736895760563,2.527813774800521,-2.1588663956484084,0
2026-02-24,3.7469553450608934,0.5439915776808544,-1.434053675616035,-0.8674947404080535,-0.5665589352079814,0.14608704198494246,2.461287345206711,-2.1691132612368267,0
2026-02-25,3.8829499323410017,0.5396300195518123,-0.8111215510084535,-1.1889746707806539,0.3778531197722004,0.1286253494335499,2.420255396239833,-2.163004697372733,0
2026-02-26,3.920838971583221,0.5390284253271169,-0.660670948236468,-1.2018228292228572,0.5411518809863892,0.11988503705590324,2.40095466590964,-2.1611845917978334,0
2026-02-27,3.768606224627876,0.5408332080012033,-1.325573455130791,-1.0235072035169617,-0.3020662516138293,0.10058410598658492,2.3759079086060555,-2.174739696632886,0
2026-03-02,3.7571041948579165,0.5361708527598136,-1.3397727027021027,-1.3537694835301157,0.013996780828013033,0.08017773842799227,2.3358693995090882,-2.1755139226531033,0
2026-03-03,3.7131258457374834,0.5423371935629419,-1.476416696246574,-0.8411461276829035,-0.6352705685636704,0.05042935922228771,2.295803848934141,-2.1949451304895655,0
2026-03-04,3.6373477672530448,0.5339148744172056,-1.721743925342649,-1.450565920507422,-0.271178004835227,0.02727303558544254,2.256452310770535,-2.2019062395996496,0
2026-03-05,3.728010825439784,0.5411340051135509,-1.3024687147622716,-0.8642304830078137,-0.43823823175445786,0.007153158552649654,2.230886688720624,-2.2165803716153243,0
2026-03-06,3.6759133964817323,0.5567754549556325,-1.4594164459134262,0.33959603347297174,-1.799012479386398,-0.04125653694122223,2.2114814728880967,-2.2939945467705414,0
2026-03-09,3.571718538565629,0.5611370130846745,-1.7920927615496165,0.6568242378445711,-2.4489169993941875,-0.10681802490038264,2.1937182046238135,-2.407354254424579,-1
2026-03-10,3.677943166441137,0.5606858174161529,-1.3258597557503056,0.6017017100449851,-1.9275614657952906,-0.16341730026929902,2.1465535581920907,-2.473388158730689,0
2026-03-11,3.6461434370771313,0.5623402015340653,-1.3959457150476162,0.7093945317966105,-2.105340246844227,-0.21670875727118363,2.122778554118152,-2.5561960686605194,0
2026-03-12,3.554803788903924,0.5567754549556325,-1.6728229235269263,0.27319748976361746,-1.9460204132905439,-0.2718516776665336,2.072180974813689,-2.6158843301467565,0
2026-03-13,3.5514208389715836,0.5683561437810197,-1.6555924017954953,1.1242663882913486,-2.779858790086844,-0.352386935337057,1.9988576434142,-2.703631514088314,-1
2026-03-16,3.5656292286874156,0.5791848398255377,-1.5512944950467153,1.8521727987716037,-3.403467293818319,-0.43501570275052986,1.9909360910024338,-2.8609674965034935,-1
2026-03-17,3.4438430311231394,0.5858023762971877,-1.9226482399394476,2.2000309331196823,-4.1226791730591295,-0.5206805040121488,2.0550460728686155,-3.0964070808929134,-1
2026-03-18,3.522327469553451,0.579936832606407,-1.5621418373128302,1.706290019099558,-3.268431856412388,-0.5878512002491756,2.060993265430815,-3.236695665929166,-1
2026-03-19,3.414073071718539,0.5746728831403219,-1.8686544461715588,1.296041259476317,-3.164695705647876,-0.6447458758234277,2.0766343026586256,-3.3661260543054805,0
2026-03-20,3.4032476319350473,0.5692585351180629,-1.8189209072861785,0.9018564996821627,-2.7207774069683412,-0.6901558249999896,2.0777316962832884,-3.4580433462832674,0
2026-03-23,3.2205683355886334,0.5457963603549406,-2.3027594463623453,-0.6720886251415822,-1.6306708212207632,-0.7202488889733006,2.048641342502822,-3.489139120449423,0
2026-03-24,3.3044654939106906,0.5512107083771997,-1.9223886345109369,-0.3004727376301163,-1.6219158968808207,-0.740650913923223,2.0366012382156504,-3.5179030660620962,0
2026-03-25,3.403924221921516,0.5564746578432848,-1.5391131780164917,0.06801536859840175,-1.6071285466148935,-0.7488449105843104,2.035797134528157,-3.5334869556967776,0
2026-03-26,3.365358592692828,0.5557226650624155,-1.5928636738720383,0.0325533127559575,-1.6254169866279957,-0.76301754652977,2.0308079891904525,-3.5568430822499923,0
2026-03-27,3.351150202976996,0.5970822680102272,-1.5746597488508995,2.665950950630678,-4.240610699481578,-0.8284939216665149,2.10308267708318,-3.76007052041621,-1
2026-03-30,3.333558863328823,0.6067077756053543,-1.5784861073101752,2.983302416843565,-4.561788524153741,-0.9133058112563082,2.150228539767312,-3.9768401622799283,-1
2026-03-31,3.481732070365359,0.6166340803128291,-1.0973749136120345,3.1976331227959522,-4.295008036407987,-0.9972967019776683,2.156359586307888,-4.1509529902632245,-1
2026-04-01,3.607577807848444,0.6280643705820425,-0.6712752819774599,3.3705097101683967,-4.041784992145857,-1.0679576127735224,2.165739345254314,-4.301654570801359,0
2026-04-02,3.5182679296346415,0.6349827041660401,-0.9359251337280508,3.2879091631889006,-4.223834296916952,-1.148941889785798,2.15388658272797,-4.451770362299565,0
2026-04-03,3.530446549391069,0.6270115806888255,-0.8697630887280354,2.70321491292327,-3.5729780016513053,-1.2147034964012515,2.121832772299231,-4.551239765101735,0
2026-04-07,3.557510148849797,0.6246052037900437,-0.7507022127801712,2.426067018026372,-3.1767692308065434,-1.2716384095609221,2.080517505969344,-4.623794325091188,0
2026-04-08,3.8301759133964817,0.6188900586554369,0.2208015943064767,2.0918727367377894,-1.8710711424313127,-1.2951886815717413,2.0535690070076473,-4.64394637015113,0
2026-04-09,3.7225981055480384,0.6188900586554369,-0.12863040826292668,1.9986168385092444,-2.1272472467721713,-1.3155281384519033,2.0384560081658716,-4.669512285069678,0
2026-04-10,3.824086603518268,0.6218980297789142,0.27986232437566944,2.007688136560562,-1.7278258121848924,-1.3297245591071707,2.023903278430206,-4.683352396644547,0
2026-04-13,3.768606224627876,0.6164836817566552,0.0957404009706031,1.7464672994215686,-1.6507268984509655,-1.3397646485243293,2.0140431727760157,-4.693572469824675,0
2026-04-14,3.9864682002706364,0.6131749135208303,0.9624752658417275,1.5753151994109247,-0.6128399335691972,-1.3349151550577323,2.022296646507516,-4.69212695662298,0
2026-04-15,3.9120433017591343,0.6154308918634381,0.69515808731654,1.5942015321468792,-0.8990434448303392,-1.3235462111454528,2.0348930046362845,-4.68198542692719,0
2026-04-16,4.013531799729364,0.6127237178523087,1.1002989372212173,1.4587108153255515,-0.35841187810433417,-1.3010569148226174,2.0649792443549924,-4.667093074000228,0
2026-04-17,4.125169147496617,0.6006918333583998,1.5310753327872166,1.047546479355332,0.4835288534318847,-1.2743350685180226,2.1228670089171335,-4.671537145953179,0
2026-04-20,4.1617050067659,0.6059557828244849,1.663933626136691,1.178228170104715,0.485705456031976,-1.2542508723538532,2.170435296311899,-4.678937041019605,0
2026-04-21,4.154939106901217,0.6113701308467439,1.6666712193057207,1.3008340164703633,0.36583720283535737,-1.2561040972112367,2.164889463602589,-4.677097658025062,0
2026-04-22,4.525710419485792,0.5990374492404873,2.9381112945371637,0.8933798376975655,2.0447314568395982,-1.2264111381297025,2.278129500629226,-4.730951776888631,0
2026-04-23,4.595399188092016,0.5952774853361408,2.9492431638609657,0.755088340728102,2.194154823132864,-1.190071190046403,2.410678653768267,-4.790821033861072,0
2026-04-24,4.398511502029771,0.6003910362460521,2.1906401760010694,0.8824969757647377,1.3081432002363318,-1.182831289540903,2.436497399956576,-4.802159979038382,0
2026-04-27,4.550067658998647,0.5993382463528351,2.5933111743643047,0.8224189282493328,1.7708922461149719,-1.1791778255160292,2.4518030213228723,-4.81015867235493,0
2026-04-28,4.614343707713126,0.5904647315385773,2.627451093328265,0.5293258438265719,2.098125249501693,-1.1672000829015867,2.5026477370994327,-4.837047902902606,0
2026-04-29,4.483085250338296,0.5906151300947512,2.117244248452208,0.510770454354651,1.606473794097557,-1.1619652933880054,2.5230189545581876,-4.846949541334198,0
2026-04-30,4.2543978349120435,0.5811400210557979,1.411229294955417,0.1952564600482233,1.2159728349071937,-1.17298542924829,2.4788332438719105,-4.824804102368491,0
2026-05-06,4.2679296346414075,0.5826440066175366,1.4295376056796527,0.21718095742001897,1.2123566482596337,-1.1888262748920289,2.4120214274308767,-4.789673977214934,0
2026-05-07,4.34235453315291,0.5824936080613626,1.5931249944337567,0.19498971558724648,1.3981352788465102,-1.160622050796726,2.4948282599601597,-4.816072361553612,0
2026-05-08,4.2814614343707715,0.5742216874718004,1.3769455557345334,-0.09688006994830294,1.4738256256828364,-1.150929521588783,2.5296606259196643,-4.83151966909723,0
2026-05-11,4.455345060893099,0.5737704918032787,1.7882387655705787,-0.13520237321154702,1.9234411387821257,-1.1171281723902913,2.6390234146070917,-4.873279759387674,0
2026-05-12,4.357239512855211,0.5691081365618891,1.462037559550109,-0.3116973812955684,1.7737349408456773,-1.0794343352604128,2.7471352084565606,-4.906003878977386,0
2026-05-13,4.7929634641407315,0.5676041510001505,2.4603597048575994,-0.37859080932528544,2.838950514182885,-1.0049417783949075,2.9498524634634427,-4.959736020253257,0
2026-05-14,4.641407307171853,0.5617386073093699,1.9625065416209793,-0.5726524634612377,2.535159005082217,-0.9074964228245349,3.1038260473874044,-4.918818893036474,0
2026-05-15,4.575101488497971,0.5536170852759814,1.717227940981058,-0.8457495953468475,2.5629775363279057,-0.8294624998806444,3.267240542069952,-4.9261655418312404,0
