date,cum_ret_high,cum_ret_low,z_high,z_low,spread,spread_mean,upper_band,lower_band,signal
2023-05-16,1,1,NA,NA,NA,NA,NA,NA,NA
2023-05-17,1.0285082009893258,0.9908098793796668,NA,NA,NA,NA,NA,NA,NA
2023-05-18,1.2341838063004427,0.9893739230327399,NA,NA,NA,NA,NA,NA,NA
2023-05-19,1.2177818276490497,0.9750143595634694,NA,NA,NA,NA,NA,NA,NA
2023-05-22,1.1701379848997657,0.9821941412981046,NA,NA,NA,NA,NA,NA,NA
2023-05-23,1.1351210622233794,0.96496266513498,NA,NA,NA,NA,NA,NA,NA
2023-05-24,1.1412392606092165,0.9457208500861574,NA,NA,NA,NA,NA,NA,NA
2023-05-25,1.212965373600625,0.9310740953475015,NA,NA,NA,NA,NA,NA,NA
2023-05-26,1.190445196563395,0.9402642159678346,NA,NA,NA,NA,NA,NA,NA
2023-05-29,1.249674563915647,0.9388282596209074,NA,NA,NA,NA,NA,NA,NA
2023-05-30,1.4189013277792244,0.9373923032739805,NA,NA,NA,NA,NA,NA,NA
2023-05-31,1.3993751627180424,0.9276278001148764,NA,NA,NA,NA,NA,NA,NA
2023-06-01,1.406404582140068,0.9207352096496267,NA,NA,NA,NA,NA,NA,NA
2023-06-02,1.3889612080187452,0.9497415278575532,NA,NA,NA,NA,NA,NA,NA
2023-06-05,1.4475397032022912,0.9488799540493968,NA,NA,NA,NA,NA,NA,NA
2023-06-06,1.3969018484769593,0.9497415278575532,NA,NA,NA,NA,NA,NA,NA
2023-06-07,1.4073158031762563,0.9563469270534175,NA,NA,NA,NA,NA,NA,NA
2023-06-08,1.3892215568862276,0.9787478460654796,NA,NA,NA,NA,NA,NA,NA
2023-06-09,1.4996094766987764,0.9689833429063757,NA,NA,NA,NA,NA,NA,NA
2023-06-12,1.5816193699557408,0.9686961516369902,NA,NA,NA,NA,NA,NA,NA
2023-06-13,1.5822702421244468,0.9686961516369902,NA,NA,NA,NA,NA,NA,NA
2023-06-14,1.6864097891174177,0.9589316484778863,NA,NA,NA,NA,NA,NA,NA
2023-06-15,1.7546211923978132,0.9684089603676048,NA,NA,NA,NA,NA,NA,NA
2023-06-16,2.0177037229888053,0.9744399770246984,NA,NA,NA,NA,NA,NA,NA
2023-06-19,2.082921114293153,0.964388282596209,NA,NA,NA,NA,NA,NA,NA
2023-06-20,2.212965373600625,0.953187823090178,NA,NA,NA,NA,NA,NA,NA
2023-06-21,2.081489195522,0.9526134405514073,NA,NA,NA,NA,NA,NA,NA
2023-06-26,1.9265816193699559,0.9365307294658242,NA,NA,NA,NA,NA,NA,NA
2023-06-27,1.9161676646706587,0.9425617461229179,NA,NA,NA,NA,NA,NA,NA
2023-06-28,1.8482166102577453,0.9491671453187822,NA,NA,NA,NA,NA,NA,NA
2023-06-29,1.926711793803697,0.9385410683515221,NA,NA,NA,NA,NA,NA,NA
2023-06-30,1.919422025514189,0.9408385985066053,NA,NA,NA,NA,NA,NA,NA
2023-07-03,1.9005467326217134,0.9684089603676048,NA,NA,NA,NA,NA,NA,NA
2023-07-04,1.9073158031762565,0.9623779437105111,NA,NA,NA,NA,NA,NA,NA
2023-07-05,1.8089039312678992,0.9485927627800115,NA,NA,NA,NA,NA,NA,NA
2023-07-06,1.8198385837021611,0.935669155657668,NA,NA,NA,NA,NA,NA,NA
2023-07-07,1.9134340015620934,0.9279149913842619,NA,NA,NA,NA,NA,NA,NA
2023-07-10,1.869304868523822,0.9319356691556577,NA,NA,NA,NA,NA,NA,NA
2023-07-11,1.9330903410570166,0.9394026421596784,NA,NA,NA,NA,NA,NA,NA
2023-07-12,1.8066909658942985,0.9534750143595635,NA,NA,NA,NA,NA,NA,NA
2023-07-13,2.007289768289508,0.914704192992533,NA,NA,NA,NA,NA,NA,NA
2023-07-14,2.0227805259047122,0.9170017231476163,NA,NA,NA,NA,NA,NA,NA
2023-07-17,2.0529809945326742,0.9089603676048248,NA,NA,NA,NA,NA,NA,NA
2023-07-18,1.9694090080708149,0.903503733486502,NA,NA,NA,NA,NA,NA,NA
2023-07-19,1.9395990627440773,0.9069500287191269,NA,NA,NA,NA,NA,NA,NA
2023-07-20,1.692267638635772,0.9101091326823665,NA,NA,NA,NA,NA,NA,NA
2023-07-21,1.6953918250455613,0.913268236645606,NA,NA,NA,NA,NA,NA,NA
2023-07-24,1.7052850820098935,0.9032165422171166,NA,NA,NA,NA,NA,NA,NA
2023-07-25,1.7475917729757877,0.9554853532452614,NA,NA,NA,NA,NA,NA,NA
2023-07-26,1.6797708929966155,0.9577828834003447,NA,NA,NA,NA,NA,NA,NA
2023-07-27,1.6649310075501174,0.9666858127512923,NA,NA,NA,NA,NA,NA,NA
2023-07-28,1.651913564175996,1.0080413555427916,NA,NA,NA,NA,NA,NA,NA
2023-07-31,1.6662327518875295,1.0212521539345205,NA,NA,NA,NA,NA,NA,NA
2023-08-01,1.7547513668315546,1.0048822515795521,NA,NA,NA,NA,NA,NA,NA
2023-08-02,1.7417339234574332,0.9773118897185525,NA,NA,NA,NA,NA,NA,NA
2023-08-03,1.698906534756574,0.9959793222286042,NA,NA,NA,NA,NA,NA,NA
2023-08-04,1.821791200208279,1.0017231476163124,NA,NA,NA,NA,NA,NA,NA
2023-08-07,1.8452225982816977,0.9908098793796668,NA,NA,NA,NA,NA,NA,NA
2023-08-08,1.7509763082530592,0.9807581849511774,NA,NA,NA,NA,NA,NA,NA
2023-08-09,1.6511325175735487,0.9770246984491672,-0.029061156637036643,0.7792320438649798,-0.8082932005020165,NA,NA,NA,NA
2023-08-10,1.6142931528247855,0.9804709936817921,-0.19440034678366083,0.9259757843687801,-1.120376131152441,NA,NA,NA,NA
2023-08-11,1.5878677427753192,0.9520390580126363,-0.33335045042378775,-0.07028629189829548,-0.26306415852549225,NA,NA,NA,NA
2023-08-14,1.607914605571466,0.9322228604250431,-0.28945763235010086,-0.7630896973097788,0.47363206495967797,NA,NA,NA,NA
2023-08-15,1.5868263473053894,0.929350947731189,-0.4010028660097943,-0.8401401731397667,0.43913730712997245,NA,NA,NA,NA
2023-08-16,1.5752408227024215,0.9181504882251579,-0.48706958243845805,-1.2090223454476876,0.7219527630092295,NA,NA,NA,NA
2023-08-17,1.5913824524863318,0.9129810453762205,-0.4731180333634676,-1.3478647201566416,0.874746686793174,NA,NA,NA,NA
2023-08-18,1.5036448841447543,0.9155657668006892,-0.8967169681278305,-1.2207430542695985,0.324026086141768,NA,NA,NA,NA
2023-08-21,1.5343660505076804,0.8940264215967835,-0.8161969057864563,-1.9107772180620186,1.0945803122755624,NA,NA,NA,NA
2023-08-22,1.6401978651392868,0.8994830557151062,-0.39683691827038353,-1.658888833043737,1.2620519147733535,NA,NA,NA,NA
2023-08-23,1.5490757615204376,0.885985066053992,-0.8790777842438974,-2.013358869684807,1.1342810854409096,NA,NA,NA,NA
2023-08-24,1.57511064826868,0.8920160827110856,-0.7766991976379838,-1.7457292039221086,0.9690300062841248,NA,NA,NA,NA
2023-08-25,1.3922155688622757,0.906375646180356,-1.6763032476759285,-1.2640049351013916,-0.412298312574537,NA,NA,NA,NA
2023-08-28,1.4514449362145276,0.9264790350373348,-1.3961138447754802,-0.6356724404555285,-0.7604414043199517,NA,NA,NA,NA
2023-08-29,1.4994793022650352,0.9201608271108558,-1.1831508563051627,-0.8147943380189202,-0.3683565182862425,NA,NA,NA,NA
2023-08-30,1.5100234313980736,0.9092475588742103,-1.1433015743796415,-1.124018265607411,-0.019283308772230612,NA,NA,NA,NA
2023-08-31,1.4920593595417861,0.9060884549109707,-1.2574074499624077,-1.1850311265837148,-0.07237632337869293,NA,NA,NA,NA
2023-09-01,1.4599062744077065,0.9267662263067203,-1.4367197019200446,-0.5353605225719853,-0.9013591793480593,NA,NA,NA,NA
2023-09-04,1.4625097630825306,0.9629523262492821,-1.4446165169383283,0.5842702591209872,-2.0288867760593154,NA,NA,NA,NA
2023-09-05,1.4190315022129656,0.9508902929350947,-1.6471188355247501,0.22289587491107232,-1.8700147104358225,NA,NA,NA,NA
2023-09-06,1.4280135381411092,0.95807007466973,-1.562670059401932,0.45222953964134843,-2.0148995990432805,NA,NA,NA,NA
2023-09-07,1.383884405102838,0.951751866743251,-1.7325611349186483,0.26595048012257777,-1.998511615041226,NA,NA,NA,NA
2023-09-08,1.3700859151262694,0.9526134405514073,-1.729355299904031,0.29652127062261163,-2.0258765705266426,NA,NA,NA,NA
2023-09-11,1.4215048164540487,0.9451464675473864,-1.4280181339851126,0.07565692199235305,-1.5036750559774656,NA,NA,NA,NA
2023-09-12,1.4308773756834159,0.9442848937392304,-1.3391634383377424,0.06493144466173914,-1.4040948829994815,NA,NA,NA,NA
2023-09-13,1.3885706847175217,0.94055140723722,-1.4974176548476898,-0.040983612302694365,-1.4564340425449955,NA,NA,NA,NA
2023-09-14,1.336240562353554,0.9497415278575532,-1.7274269523003511,0.25351197567302947,-1.9809389279733807,NA,NA,NA,NA
2023-09-15,1.2845613121582924,0.9465824238943137,-1.919596088179851,0.156228659445987,-2.075824747625838,NA,NA,NA,NA
2023-09-18,1.2431658422285865,0.9483055715106261,-2.0215962260850127,0.20487100619245496,-2.2264672322774675,NA,NA,NA,NA
2023-09-19,1.2561832856027078,0.9465824238943137,-1.871713483457211,0.1477910989678402,-2.0195045824250513,NA,NA,NA,NA
2023-09-20,1.2646446237958866,0.939977024698449,-1.7509094598158956,-0.05782951391618786,-1.6930799458997077,NA,NA,NA,NA
2023-09-21,1.2675084613381933,0.9296381390005743,-1.6711127827565675,-0.38223505216427683,-1.2888777305922907,NA,NA,NA,NA
2023-09-22,1.4459776099973967,0.9574956921309593,-0.8186998162399248,0.49488509785729984,-1.3135849140972247,NA,NA,NA,NA
2023-09-25,1.3993751627180424,0.9477311889718553,-1.0031171709724316,0.19672089380780503,-1.1998380647802367,NA,NA,NA,NA
2023-09-26,1.4553501692267639,0.9419873635841469,-0.7138840594356595,0.02410835491699822,-0.7379924143526577,NA,NA,NA,NA
2023-09-27,1.4848997656860192,0.9425617461229179,-0.5509030057891231,0.04578096401593018,-0.5966839698050532,NA,NA,NA,NA
2023-09-28,1.5074199427232493,0.9468696151636989,-0.4218690138265766,0.17805273533027327,-0.5999217491568498,NA,NA,NA,NA
2023-10-09,1.4457172611299143,0.935669155657668,-0.6927185389978453,-0.18582195216416142,-0.5068965868336839,NA,NA,NA,NA
2023-10-10,1.424759177297579,0.9359563469270535,-0.7678753106790487,-0.17884086899304522,-0.5890344416860035,NA,NA,NA,NA
2023-10-11,1.428404061442333,0.9319356691556577,-0.7243262592272998,-0.30389179708846603,-0.42043446213883373,NA,NA,NA,NA
2023-10-12,1.3885706847175217,0.9497415278575532,-0.8955946529043899,0.27039251628224814,-1.165987169186638,NA,NA,NA,NA
2023-10-13,1.3325956782088,0.9365307294658242,-1.1622666943253308,-0.16707081014224812,-0.9951958841830827,NA,NA,NA,NA
2023-10-16,1.3018745118458737,0.9279149913842619,-1.3131027756080853,-0.4533633841039105,-0.8597393915041748,NA,NA,NA,NA
2023-10-17,1.3090341057016404,0.9339460080413556,-1.278733789951668,-0.27358648654113915,-1.0051473034105287,NA,NA,NA,NA
2023-10-18,1.268549856808123,0.9330844342331993,-1.5056165436043867,-0.3222166705401866,-1.1833998730642001,NA,NA,NA,NA
2023-10-19,1.2319708409268422,0.9066628374497415,-1.7128751932140576,-1.1992982183152026,-0.513576974898855,NA,NA,NA,NA
2023-10-20,1.2245508982035929,0.9089603676048248,-1.688065135120356,-1.1215753496378604,-0.5664897854824955,NA,NA,NA,NA
2023-10-23,1.2509763082530592,0.8968983342906376,-1.4701400055977127,-1.4956897589220617,0.025549753324348945,NA,NA,NA,NA
2023-10-24,1.2470710752408227,0.8989086731763355,-1.4429142055938189,-1.4227624550350961,-0.02015175055872276,NA,NA,NA,NA
2023-10-25,1.1456651913564178,0.9023549684089605,-1.9796663794498457,-1.265304776105925,-0.7143616033439206,NA,NA,NA,NA
2023-10-26,1.1702681593335071,0.9046524985640436,-1.7553202097431855,-1.1518714188343655,-0.60344879090882,NA,NA,NA,NA
2023-10-27,1.1638896120801876,0.9055140723721999,-1.7200143054995525,-1.087023941979129,-0.6329903635204235,NA,NA,NA,NA
2023-10-30,1.1692267638635772,0.8874210224009189,-1.6222960649863607,-1.63062718995048,0.008331124964119363,NA,NA,NA,NA
2023-10-31,1.142280656079146,0.8834003446295233,-1.708488503966268,-1.7566868879472715,0.0481983839810034,NA,NA,NA,NA
2023-11-01,1.1093465243426193,0.8744974152785755,-1.8353053188052688,-2.0123652596331727,0.17705994082790388,NA,NA,NA,NA
2023-11-02,1.1185889091382455,0.8811028144744399,-1.726685627851709,-1.7203715479529753,-0.006314079898733782,NA,NA,NA,NA
2023-11-03,1.1539963551158554,0.8900057438253877,-1.4759131109817365,-1.3928439950588556,-0.08306911592288091,NA,NA,NA,NA
2023-11-06,1.1900546732621715,0.8943136128661688,-1.2529933361339296,-1.233150018247066,-0.019843317886863554,NA,NA,NA,NA
2023-11-07,1.2913303827128353,0.8845491097070649,-0.6258558942125311,-1.5664283132540804,0.9405724190415493,NA,NA,NA,NA
2023-11-08,1.258135902108826,0.8788052843193567,-0.820701910165004,-1.7373198025790546,0.9166178924140506,-0.5872878203590295,1.291496387555417,-2.466072028273476,0
2023-11-09,1.3146316063525125,0.8805284319356691,-0.41600683011877404,-1.6303280313687736,1.2143212012499995,-0.5535775803298292,1.3808344811025965,-2.4879896417622547,0
2023-11-10,1.3217912002082792,0.8661688684663986,-0.3408651407424869,-2.117745303115811,1.776880162373324,-0.505289975437733,1.514336336221581,-2.524916287097047,1
2023-11-13,1.365529809945327,0.8564043653072947,-0.0066802273341119755,-2.3443843903019936,2.337704162967882,-0.4619438367461769,1.6863679645002168,-2.6102556379925708,1
2023-11-14,1.3669617287164804,0.8673176335439402,0.0333910619543107,-1.8451409641521805,1.8785320261064913,-0.43852883739373005,1.7807162976188677,-2.657773972406328,1
2023-11-15,1.3538141109086177,0.8799540493968984,-0.035919003621626144,-1.3389592411356843,1.3030402375140582,-0.4241304552206619,1.829225587628585,-2.677486498069909,0
2023-11-16,1.3022650351470972,0.8770821367030442,-0.40056586765826097,-1.3930650401874114,0.9924991725291504,-0.4196213483953298,1.8441225328799407,-2.6833652296706,0
2023-11-17,1.3745118458734706,0.8710511200459505,0.19231650880521428,-1.547290995935497,1.7396075047407114,-0.40520700142953753,1.9026473184441695,-2.7130613213032446,0
2023-11-20,1.3323353293413174,0.8782309017805858,-0.12281985328053853,-1.2617671194520779,1.1389472661715394,-0.3916249817623747,1.9431219651700773,-2.7263719286948267,0
2023-11-21,1.3482166102577453,0.8739230327398047,0.031146949424823125,-1.3794810219175724,1.4106279713423955,-0.3863575207779275,1.9634067447708687,-2.7361217863267235,0
2023-11-22,1.267378286904452,0.8661688684663986,-0.6142516348514914,-1.5884282919171708,0.9741766570656795,-0.39115544173972205,1.9460593559863923,-2.7283702394658365,0
2023-11-23,1.2775318927362667,0.8655944859276278,-0.5005558722507328,-1.5736764975473656,1.0731206252966328,-0.3921747827421265,1.942385566629313,-2.726735132113566,0
2023-11-24,1.228846654517053,0.8615738081562321,-0.9138464613402805,-1.654381322931034,0.7405348615907535,-0.39598303515368277,1.9302756161043741,-2.72224168641174,0
2023-11-27,1.2741473574589952,0.8443423319931074,-0.4783827168714725,-2.0859639637840663,1.6075812469125939,-0.36231837582889737,2.0207479432551447,-2.7453846949129397,0
2023-11-28,1.2334027596979955,0.8374497415278576,-0.8257992342414937,-2.161677313000768,1.3358780787592743,-0.32737971777757685,2.093118222449313,-2.747877658004467,0
2023-11-29,1.233272585264254,0.8271108558299828,-0.8003470717738286,-2.3068527606019225,1.5065056888280939,-0.2961320143256712,2.1701878689519964,-2.762451897603339,0
2023-11-30,1.235615725071596,0.8268236645605973,-0.7530738505635174,-2.181168764172416,1.4280949136088985,-0.2720090439526524,2.2333306270452584,-2.777348714950563,0
2023-12-01,1.3017443374121325,0.8116025272831706,-0.08358499336950745,-2.415089116823671,2.331504123454163,-0.23194436983877126,2.361709399932852,-2.825598139610394,0
2023-12-04,1.3379328299921898,0.8064330844342331,0.30242488488433533,-2.3761642561492358,2.678589141033571,-0.17227856449907744,2.521509982101606,-2.866067111099761,1
2023-12-05,1.3121582921114294,0.7900631820792648,0.06791248545053075,-2.5861808439533376,2.654093329403868,-0.09422889607469148,2.6516056170723985,-2.8400634092217816,1
2023-12-06,1.310596198906535,0.7972429638139001,0.07130358405209847,-2.2781784458962244,2.349482029948323,-0.023903950401622315,2.752885779531814,-2.800693680335059,0
2023-12-07,1.3586305649570427,0.7986789201608271,0.5941148371413888,-2.131322344584983,2.725437181726372,0.055101662611205235,2.870929536028644,-2.760726210806234,0
2023-12-08,1.5295495964592556,0.7897759908098794,2.2867920373391173,-2.19733411462447,4.484126151963587,0.16314562539461877,3.1506858311751187,-2.824394580385881,1
2023-12-11,1.5640458214006772,0.7972429638139001,2.473451658133344,-1.9452179188452403,4.418669576978584,0.2705547278530393,3.398071326547353,-2.8569618708412743,1
2023-12-12,1.4964852902889874,0.805571510626077,1.7765354823710502,-1.6996953197041917,3.476230802075242,0.3535531588205847,3.5530256206574595,-2.8459193030162906,0
2023-12-13,1.4761780786253582,0.7817346352670879,1.5609036868964719,-2.0723991999383395,3.6333028868348114,0.4375097883178226,3.712838346851189,-2.837818770215544,0
2023-12-14,1.4684977870346265,0.7762780011487651,1.4557073790016477,-2.0671550806242927,3.5228624596259404,0.5204980633540048,3.852458018429603,-2.811461891721594,0
2023-12-15,1.4325696433220516,0.7820218265364733,1.096345970597235,-1.8707488505080996,2.9670948211053343,0.6029652925053168,3.9280060429963024,-2.722075457985669,0
2023-12-18,1.4760479041916168,0.7834577828834004,1.4408766572971201,-1.766980151874587,3.207856809171707,0.6910266517852762,4.007331737246536,-2.625278433675983,0
2023-12-19,1.4734444155167925,0.7837449741527858,1.3654850038939412,-1.6929106022731821,3.0583956061671236,0.7791076990926855,4.060755594269744,-2.5025401960843734,0
2023-12-20,1.4228065607914606,0.7771395749569213,0.8857676225504639,-1.7423326173054365,2.6281002398559004,0.8565677794640348,4.088531335038559,-2.3753957761104894,0
2023-12-21,1.486461858890914,0.795807007466973,1.3973274434259373,-1.3535909583497272,2.7509184017756647,0.9306344185919578,4.128421131963567,-2.2671522947796507,0
2023-12-22,1.4369955740692528,0.7929350947731189,0.9349004337436679,-1.3564279594010922,2.2913283931447603,0.9903045206542419,4.153040523980801,-2.172431482672317,0
2023-12-25,1.4481905753709972,0.7906375646180357,1.0316638842702919,-1.3573306321256977,2.3889945163959894,1.0520141778291288,4.176143376243656,-2.0721150205853984,0
2023-12-26,1.3923457432960167,0.7831705916140149,0.5471618113415078,-1.4459247174065428,1.9930865287480506,1.105229587721267,4.181740585035874,-1.9712814095933402,0
2023-12-27,1.3945587086696174,0.7840321654221711,0.5796057319357508,-1.384590257123443,1.9641959890591938,1.1502660611114646,4.195976884196425,-1.8954447619734962,0
2023-12-28,1.4190315022129656,0.8038483630097645,0.8125929249482623,-0.9910151353493383,1.8036080602976006,1.1902709282798423,4.2055453279913,-1.8250034714316152,0
2023-12-29,1.4697995313720387,0.7989661114302126,1.278663101303247,-1.0510951022631514,2.3297582035663984,1.2390989274918964,4.231244766803394,-1.753046911819602,0
2024-01-02,1.4398594116115595,0.7920735209649626,1.0128404530968118,-1.1457530071362494,2.158593460233061,1.2835237616096753,4.249253129484071,-1.6822056062647202,0
2024-01-03,1.3667013798489978,0.7975301550832854,0.3689776380311987,-1.0117581190971587,1.3807357571283574,1.316353264923248,4.241089173050891,-1.6083826432043946,0
2024-01-04,1.3538141109086177,0.7986789201608271,0.26602570803787584,-0.960095188939565,1.2261208969774409,1.3437958542418527,4.2329245890183005,-1.5453328805345954,0
2024-01-05,1.302134860713356,0.8124641010913268,-0.1895235048517444,-0.6674890857991868,0.47796558094744235,1.3711950667440875,4.193921416910252,-1.4515312834220764,0
2024-01-08,1.2861234053631867,0.8078690407811602,-0.3276159021822484,-0.7348375702663578,0.40722166808410937,1.3945686926152072,4.1602356052210165,-1.3710982199906019,0
2024-01-09,1.3189273626659723,0.809017805858702,-0.03255037964431916,-0.6857173967137862,0.653167017069467,1.419783799424768,4.1288532764706405,-1.2892856776211046,0
2024-01-10,1.3017443374121325,0.805571510626077,-0.18737336590164702,-0.7343569018964594,0.5469835359948124,1.4456526467481903,4.089384404785263,-1.1980791112888822,0
2024-01-11,1.3458734704504036,0.8150488225157955,0.20173626538362,-0.50316431345845,0.70490057884207,1.477124320946628,4.037179977416005,-1.0829313355227488,0
2024-01-12,1.3090341057016404,0.819643882825962,-0.14566723797932665,-0.3747699057335408,0.22910266775421415,1.4895023149908457,4.017384482589327,-1.038379852607635,0
2024-01-15,1.3262171309554804,0.8262492820218266,-0.004076587499902095,-0.19645349853847083,0.19237691103856874,1.5021500932661969,3.995546246419721,-0.9912460598873274,0
2024-01-16,1.3055193959906277,0.8365881677197012,-0.2038728399235638,0.07138422374546843,-0.27525706366903224,1.4971366463163072,4.003784473532064,-1.0095111808994492,0
2024-01-17,1.2889872429054934,0.8383113153360138,-0.36452011040958976,0.13976228733502347,-0.5042823977446133,1.4890678021965424,4.018595618370577,-1.040460013977492,0
2024-01-18,1.429705805779745,0.8495117748420448,0.9138378318924236,0.4457847953755265,0.4680530365168971,1.5087747128608895,3.98636382416439,-0.9688143984426112,0
2024-01-19,1.444936214527467,0.8538196438828259,1.026385917129764,0.590422989266953,0.435962927862811,1.5260982415070832,3.957719529944023,-0.9055230469298563,0
2024-01-22,1.4527466805519396,0.8687535898908673,1.0703077341852985,1.0143012512058664,0.056006482979432004,1.5375815222820808,3.9339789605707844,-0.8588159160066227,0
2024-01-23,1.4839885446498309,0.8612866168868466,1.3348288196461897,0.8405790627460256,0.49424975690016415,1.5456801661476816,3.924272958735183,-0.8329126264398197,0
2024-01-24,1.4800833116375944,0.8641585295807007,1.2691314212452158,0.9355201953126001,0.3336112259326157,1.5504370468468751,3.9179635531194794,-0.817089459425729,0
2024-01-25,1.5406144233272585,0.8874210224009189,1.8466007144635546,1.5449967785967902,0.30160393586676437,1.5525127800975227,3.915354962260899,-0.8103294020658538,0
2024-01-26,1.5095027336631086,0.8937392303273981,1.5142182138881515,1.6936070329936688,-0.1793888191055173,1.5496282011107432,3.92062004955982,-0.8213636473383337,0
2024-01-29,1.3514709711012758,0.9003446295232626,-0.20901181950916056,1.8495231870504432,-2.0585350065596035,1.516703769600131,4.030485911739482,-0.9970783725392198,-1
2024-01-30,1.317365269461078,0.8902929350947731,-0.6320951614159536,1.5913235267027896,-2.223418688118743,1.4799775134295996,4.144920603491031,-1.184965576631832,-1
2024-01-31,1.3381931788596721,0.8819643882825963,-0.40425530316830954,1.3747704004988137,-1.7790257036671233,1.4346508780511218,4.226408948301104,-1.3571071921988598,-1
2024-02-01,1.4455870866961729,0.8736358414704194,0.8088774774040001,1.160057099979227,-0.35117962257522695,1.4135209194679672,4.2402008604032,-1.4131590214672656,0
2024-02-02,1.4299661546472273,0.8681792073520965,0.6048988461722912,1.027543575550535,-0.42264472937824393,1.3862381539574964,4.252067524962479,-1.4795912170474865,0
2024-02-05,1.4579536579015882,0.8819643882825963,0.9025073408931884,1.3770110935743058,-0.47450375268111744,1.348715088706589,4.252443909432386,-1.5550137320192077,0
2024-02-06,1.6256183285602708,0.8997702469844916,2.632988124710592,1.7859078522353489,0.8470802724752433,1.3238713571983785,4.218673374827864,-1.5709306604311069,0
2024-02-07,1.6221036188492581,0.8991958644457209,2.4171488943162265,1.7250499951731193,0.6920988991431072,1.3040974717489888,4.199695986937472,-1.5915010434394947,0
2024-02-08,1.653215308513408,0.9017805858701895,2.537472710943952,1.7566941070682855,0.7807786038756663,1.295393111188349,4.1941427457055145,-1.603356523328816,0
2024-02-19,1.98385837021609,0.9080987937966686,4.565441608419001,1.864927557392725,2.700514051026276,1.3238600258299678,4.243977883876801,-1.5962578322168657,0
2024-02-20,2.0762822181723513,0.9017805858701895,4.2975958515755766,1.6692674396584368,2.6283284119171397,1.3386720409495747,4.276331440777434,-1.5989873588782846,0
2024-02-21,1.9520958083832338,0.9477311889718553,3.1272400717031874,2.6109540819946457,0.5162859897085417,1.328294353008525,4.273214110780427,-1.6166254047633772,0
2024-02-22,2.0113251757354855,0.9419873635841469,3.1206851026929896,2.3508168627285975,0.7698682399643921,1.3176150241522246,4.265965503697146,-1.6307354553926965,0
2024-02-23,1.923066909658943,0.9462952326249283,2.460492997462347,2.311530568764345,0.14896242869800203,1.3038614536794302,4.266393752875602,-1.6586708455167412,0
2024-02-26,1.939989586045301,0.9261918437679495,2.382481276036811,1.8199669240861127,0.5625143519506983,1.2953513491236646,4.263508042796213,-1.6728053445488837,0
2024-02-27,2.108044780005207,0.9241815048822516,2.935437046431039,1.7159717335566185,1.2194653128744204,1.3033335233117256,4.267994744220587,-1.6613276975971363,0
2024-02-28,1.9501431918771155,0.919586444572085,2.084415356884534,1.5651901942407769,0.519225162643757,1.2851942552405784,4.255595763727391,-1.6852072532462345,0
2024-02-29,2.0197865139286644,0.9201608271108558,2.2586556552410544,1.5183891560185514,0.740266499222503,1.2752673955816323,4.248959050925455,-1.6984242597621906,0
2024-03-01,2.097110127570945,0.9172889144170018,2.4278724370282,1.4105955270551311,1.017276909973069,1.2671135826007152,4.240908957721684,-1.7066817925202538,0
2024-03-04,2.1564696693569383,0.9052268811028145,2.4959549022146788,1.1463622602741494,1.3495926419405293,1.2658052114062424,4.239381547696855,-1.7077711248843703,0
2024-03-05,2.2020307211663632,0.9241815048822516,2.491241364523086,1.4426703854844365,1.0485709790386495,1.2444229923326504,4.205250281009936,-1.7164042963446349,0
2024-03-06,2.177557927623015,0.9152785755313039,2.252527934030394,1.2349360422855324,1.0175918917448616,1.216739704844505,4.153987198603943,-1.7205077889149325,0
2024-03-07,2.136683155428274,0.9190120620333142,1.9959387210922237,1.258276976704712,0.7376617443875118,1.184799178427566,4.100063567990429,-1.7304652111352974,0
2024-03-08,2.2779224160374905,0.9095347501435956,2.3377469165379203,1.0507486369190182,1.2869982796189021,1.1670911159220756,4.066441706956389,-1.7322594751122375,0
2024-03-11,2.2207758396250976,0.9040781160252729,2.030192889114061,0.9207878886315437,1.1094050004825173,1.140157246234678,4.010500147978378,-1.7301856555090225,0
2024-03-12,2.1459255402239004,0.9175761056863871,1.7070063761922607,1.1269831249213245,0.5800232512709362,1.0750888645564671,3.810926317635574,-1.66074858852264,0
2024-03-13,2.1478781567300183,0.9052268811028145,1.6428569018836612,0.8734428457349422,0.7694140561487189,1.0142679392093028,3.6062091777282976,-1.5776732993096918,0
2024-03-14,2.2068471752147882,0.8974727168294083,1.7449483346325971,0.7071389353837884,1.0378093992488089,0.9736275824955288,3.483716319661866,-1.5364611546708087,0
2024-03-15,2.308773756834158,0.8954623779437105,1.9501079074024603,0.6447048783919177,1.3054030290105425,0.9348292515317911,3.3477735708917686,-1.4781150678281865,0
2024-03-18,2.3430096329080974,0.8940264215967835,1.946213894091335,0.5926823260628975,1.3535315680284374,0.8986737366718327,3.217029257312361,-1.4196817839686957,0
2024-03-19,2.2625618328560275,0.8845491097070649,1.643151542843878,0.3895504028192284,1.2536011400246496,0.8701155086538211,3.1262042954797518,-1.3859732781721097,0
2024-03-20,2.199427232491539,0.8954623779437105,1.4113520258449055,0.5733186548629803,0.8380333709819252,0.8306184513506583,3.0015974366479945,-1.3403605339466778,0
2024-03-21,2.1827649049726636,0.9060884549109707,1.3166040693520709,0.7542878718535678,0.562316197498503,0.789017127872848,2.880551536985098,-1.3025172812394017,0
2024-03-22,2.1827649049726636,0.8960367604824813,1.2703766177935765,0.5290398463427739,0.7413367714508026,0.7575710700660963,2.7926003943356363,-1.277458254203444,0
2024-03-25,2.1675344962249414,0.9003446295232626,1.1876668757938402,0.5914812599642002,0.59618561582964,0.7216588569669959,2.6885036955116686,-1.2451859815776767,0
2024-03-26,2.06326477479823,0.9304997128087306,0.8788016964342447,1.1834424963292247,-0.30464079989498005,0.6783927037496669,2.618813251578511,-1.2620278440791777,0
2024-03-27,2.007289768289508,0.9276278001148764,0.7046083297056571,1.0934238397418206,-0.38881551003616344,0.6320958699757976,2.5387539910468386,-1.2745622510952437,0
2024-03-28,2.0136683155428274,0.9241815048822516,0.6964026028962335,0.995957143663969,-0.2995545407677356,0.5938851854838679,2.4813894131957075,-1.2936190422279719,0
2024-03-29,2.0380109346524344,0.9247558874210224,0.7355472944188952,0.9864857562086182,-0.250938461789723,0.5569662779697192,2.421962484531383,-1.308029928591945,0
2024-04-01,2.1218432699817757,0.9373923032739805,0.9301441137674668,1.2386465045326398,-0.30850239076517305,0.521764437118673,2.370706968641215,-1.3271780944038691,0
2024-04-02,2.115985420463421,0.9348075818495117,0.8845515723326195,1.1523035679989115,-0.26775199566629204,0.47847260046479484,2.276140089236376,-1.319194888306786,0
2024-04-03,2.0320229107003387,0.9256174612291785,0.6342722350308185,0.9172225062423424,-0.28295027121152383,0.43778020494071845,2.1907211782693694,-1.3151607683879325,0
2024-04-08,2.142150481645405,0.9304997128087306,0.901690399021434,1.0162042851400042,-0.11451388611857016,0.4128593775532696,2.1537422834371203,-1.3280235283305812,0
2024-04-09,2.1465764123926063,0.9279149913842619,0.8836988685097397,0.933805845462627,-0.05010697695288735,0.39158891298776416,2.1232135766605436,-1.3400357506850153,0
2024-04-10,2.0762822181723513,0.9330844342331993,0.6652048164425203,1.0468021634539768,-0.38159734701145653,0.37726286418844923,2.1201665502205813,-1.3656408218436826,0
2024-04-11,2.08474355636553,0.9276278001148764,0.6627567091201624,0.8825147518626277,-0.21975804274246535,0.3668132023413396,2.116491240995413,-1.3828648363127336,0
2024-04-12,2.204243686539964,0.922458357265939,0.9697049135365765,0.7193166342147641,0.2503882793218124,0.36010022337887876,2.108399303497844,-1.3881988567400865,0
2024-04-15,2.206456651913564,0.9428489373923032,0.9470684816689544,1.323193898508801,-0.37612541683984657,0.34471507416496777,2.1025451759914406,-1.4131150276615052,0
2024-04-16,2.1655818797188235,0.94055140723722,0.8012763231353678,1.2489785129184237,-0.44770218978305587,0.3255050280212156,2.092491513857519,-1.4414814578150876,0
2024-04-17,2.2729757875553247,0.9563469270534175,1.0874358466482994,1.7626713692195115,-0.6752355225712121,0.31043272484912526,2.096093426421234,-1.4752279767229837,0
2024-04-18,2.256964332205155,0.9663986214819069,1.011227662273403,2.082642736297438,-1.071415074024035,0.2893695250980818,2.1101639641674246,-1.5314249139712612,0
2024-04-19,2.22207758396251,0.9655370476737506,0.880089120674911,2.0159487448016105,-1.1358596241266996,0.275026149090454,2.127202033768368,-1.57714973558746,0
2024-04-22,2.061442332725853,0.9574956921309593,0.350384884010502,1.7124609030732976,-1.3620760190627956,0.260729588735151,2.150240545809116,-1.628781368338814,0
2024-04-23,2.0503775058578495,0.9586444572085009,0.28807458744663395,1.7232762717224643,-1.4352016842758304,0.22900867672193884,2.1676267208416693,-1.7096093673977915,0
2024-04-24,2.1904451965633953,0.9609419873635842,0.7273773637590616,1.7731214162161373,-1.0457440524570756,0.20431356038327414,2.1697714121926603,-1.761144291426112,0
2024-04-25,2.1368133298620156,0.9879379666858127,0.5199006846839526,2.6382198552549365,-2.118319170570984,0.16807479949076717,2.222807992826868,-1.8866583938453334,-1
2024-04-26,2.406404582140068,0.990235496840896,1.4180964631275133,2.5833654302867934,-1.1652689671592802,0.14041615408977628,2.2217938068909477,-1.9409614987113952,0
2024-04-29,2.4433741213225724,1.0017231476163124,1.5065651795430308,2.8084995484032675,-1.3019343688602367,0.11315706084322885,2.2268321152545294,-2.0005179935680717,0
2024-04-30,2.425279875032544,0.9853532452613442,1.401527056020013,2.1196141245045967,-0.7180870684845837,0.09616221077070637,2.2200466127735297,-2.027722191232117,0
2024-05-06,2.385055975006509,1.0017231476163124,1.2274114011297124,2.491467235577831,-1.2640558344481188,0.07808442718166299,2.2297918208529315,-2.0736229664896055,0
2024-05-07,2.3013538141109087,1.001435956346927,0.9106094154640957,2.324349544587759,-1.4137401291236635,0.08883100847226204,2.2032476728975046,-2.025585655952981,0
2024-05-08,2.2754491017964074,0.9928202182653647,0.8048484981188337,1.9583992532600751,-1.1535507551412414,0.1066621406885537,2.158888956627933,-1.9455646752508255,0
2024-05-09,2.254360843530331,1.000574382538771,0.712029695521885,2.086922712199983,-1.374893016678098,0.11339768547170426,2.142976915789937,-1.9161815448465287,0
2024-05-10,2.2285863056495705,1.0229753015508327,0.5806807099496013,2.5808715844157644,-2.000190874466163,0.08591416460685519,2.1845688379461845,-2.0127405087324743,0
2024-05-13,2.233142410830513,1.0313038483630097,0.59413176881359675,2.648247891602691,-2.054116122789094,0.05872297471667442,2.225356222420412,-2.107910272987063,0
2024-05-14,2.153475657380891,1.0149339460080415,0.12151820764374154,2.0928268486471002,-1.9713086410033587,0.03377622657797039,2.259058943284362,-2.191506490128422,0
2024-05-15,2.1709190315022133,1.0066053991958643,0.18751030472075966,1.7850073922054428,-1.5974970874846832,-0.006966729421361687,2.2470732081589024,-2.261006667001626,0
2024-05-16,2.2194740952876857,1.0410683515221137,0.4925304680377764,2.5129939777204084,-2.020463509682632,-0.05217610290179077,2.253059057382386,-2.3574112631859676,0
2024-05-17,2.2205154907576157,1.0582998276852384,0.49027539771478407,2.7168528540889922,-2.226577456374208,-0.10229870390595534,2.2593522709190887,-2.463949678731,0
2024-05-20,2.3022650351470975,1.0448018380241242,1.137620332693569,2.2509081192696545,-1.1132877865760855,-0.16586206786599467,2.091938010107772,-2.4236621458397614,0
2024-05-21,2.3096849778703468,1.0407811602527284,1.1595743126266203,2.0469083140306754,-0.8873340014040552,-0.2244564414213479,1.917893382997773,-2.3668062658404687,0
2024-05-22,2.2542306690965894,1.0356117174037909,0.6709739281825874,1.8427899743283345,-1.171816046145747,-0.2525914753522527,1.8945204504540871,-2.3997034011585923,0
2024-05-23,2.2623014839885447,1.0195290063182079,0.7136152903326938,1.4413180959924874,-0.7277028056597936,-0.2775509927793225,1.8559866944981591,-2.411088680056804,0
2024-05-24,2.1529549596459256,0.9977024698449167,-0.28238995766046304,0.9525658710003685,-1.2349558286608315,-0.3006162970686364,1.8440584640207425,-2.4452910581580154,0
2024-05-27,2.1920072897682896,1.009190120620333,0.03583272214698316,1.1548868270531565,-1.1190541049061733,-0.328642438016251,1.8140986871297267,-2.4713835631622287,0
2024-05-28,2.095938557667274,1.0002871912693854,-0.8732651702947233,0.93856659077406,-1.8118317610687833,-0.3791640559153043,1.7580339352090122,-2.5163620470396206,0
2024-05-29,2.0958083832335332,0.9928202182653647,-0.9326028387217573,0.7578777081372694,-1.6904805468590267,-0.4159924844070173,1.7343467517129905,-2.566331720527025,0
2024-05-30,2.082400416558188,0.9862148190695004,-1.0908296640789084,0.5988815516134501,-1.6897112156923586,-0.4564921129889318,1.6967931833981864,-2.60977740937605,0
2024-05-31,2.047253319448061,0.9844916714531878,-1.4197372665027874,0.5416211304838623,-1.9613583969866497,-0.5061360347715936,1.6462794059441936,-2.658551475487381,0
2024-06-03,2.191486592033325,0.9807581849511774,0.0022788147485286107,0.4413819599405126,-0.439103145191984,-0.5359476312238022,1.5607422700147984,-2.632637532462403,0
2024-06-04,2.252017703722989,0.9919586444572085,0.592086076303913,0.6543709137313649,-0.062284837427451945,-0.5544618948315705,1.5045932041158077,-2.6135169937789486,0
2024-06-05,2.1733923457432964,0.976163124641011,-0.1840225278395351,0.30190706329810096,-0.48592959113763606,-0.5795205862129456,1.4378843389041351,-2.596925511330026,0
2024-06-06,1.6326477479822965,0.9764503159103963,-4.4360446718643605,0.28954416035742625,-4.725588832221787,-0.6705747624897672,1.5841952419080343,-2.9253447668875685,-1
2024-06-07,1.5557146576412395,0.976163124641011,-4.170146002019026,0.2624592383939413,-4.432605240412967,-0.7659014878236317,1.6313337795548613,-3.1631367552021246,-1
2024-06-11,1.5492059359541788,0.95807007466973,-3.639047680585805,-0.15036675724651546,-3.48868092333929,-0.8425362532206617,1.6043053618871337,-3.289377868328457,-1
2024-06-12,1.5518094246290028,0.950315910396324,-3.2287054490232188,-0.3352546849323758,-2.893450764090843,-0.9004274868100247,1.573713226348242,-3.3745681999682917,0
2024-06-13,1.6102577453788078,0.9425617461229179,-2.6817186747811363,-0.5274534519384929,-2.1542652228426435,-0.9491554747932143,1.5062986996535388,-3.4046096492399673,0
2024-06-14,1.8003124186409791,0.9709936817920736,-1.6496467964995198,0.08412941917300831,-1.733776215672528,-0.9953485683752364,1.4118593426819195,-3.4025564794323926,0
2024-06-17,1.8551158552460296,0.9686961516369902,-1.3298880935566744,0.0037022497890164953,-1.3335903433456908,-1.0393317912478404,1.292118104270871,-3.3707816867665517,0
2024-06-18,1.9123926060921637,0.9681217690982195,-1.0155683597925331,-0.03976417865738829,-0.9758041811351449,-1.0781540537339,1.167199343283543,-3.323507450751343,0
2024-06-19,1.9005467326217134,0.9807581849511774,-1.0386085676262502,0.2344699817904007,-1.273078549416651,-1.120265381891255,1.040373045901989,-3.280903809684499,0
2024-06-20,1.8836240562353554,0.9767375071797817,-1.0857778296506528,0.10337747845997634,-1.1891553081106292,-1.154051859876131,0.9445288854185165,-3.2526326051707786,0
2024-06-21,1.8614944024993494,0.9678345778288341,-1.1544864673501891,-0.15692384537148207,-0.997562621978707,-1.1800498402007513,0.8701278743952614,-3.2302275547967643,0
2024-06-24,1.825175735485551,0.9784606547960942,-1.282434067109982,0.09149278861339948,-1.3739268557233815,-1.2153042339869875,0.7722658215718765,-3.2028742895458517,0
2024-06-25,1.7560531111689666,0.9850660539919586,-1.5444753401201685,0.2432448455868866,-1.787720185707055,-1.2550359973459326,0.6798420913900882,-3.1899140860819535,0
2024-06-26,1.8224420723769854,0.9781734635267089,-1.2042280029350125,0.024140009742680896,-1.2283680126776935,-1.2704314508923111,0.6483181228642705,-3.1891810246488927,0
2024-06-27,1.7721947409528769,0.983917288914417,-1.3931750182261635,0.16639613828376276,-1.5595711565099264,-1.289944045000207,0.6161053708785258,-3.19599346087894,0
2024-06-28,1.7948450924238482,0.9819069500287191,-1.2586594231319435,0.0804607170311383,-1.3391201401630817,-1.3072701383234628,0.5809744029043946,-3.1955146795513203,0
2024-07-01,1.88622754491018,0.9867892016082711,-0.8377527422672325,0.20127894798766557,-1.0390316902548982,-1.3204050254645492,0.5488177548999229,-3.189627805829021,0
2024-07-02,1.8954699297058062,1.0074669730040207,-0.7766288474030009,0.8118772364101378,-1.5885060838131386,-1.341738420348682,0.5096382181627725,-3.1931150588601365,0
2024-07-03,1.86800312418641,0.9896611143021252,-0.8733740057161766,0.23203545133798464,-1.1054094570541613,-1.3556993780384796,0.4752537503935339,-3.186652506470493,0
2024-07-04,1.8616245769330904,0.9968408960367605,-0.8829860586690697,0.4340496617572411,-1.3170357204263108,-1.3729341355253928,0.4362819145422503,-3.182150185593036,0
2024-07-05,1.8419682374381674,0.9730040206777715,-0.9400424740009763,-0.3765871227167729,-0.5634553512842033,-1.3804164932781533,0.4112572871028839,-3.1720902736591903,0
2024-07-08,1.8795886487893778,0.976163124641011,-0.756363319728602,-0.3070655617191051,-0.44929775800949695,-1.3870696729624301,0.38739139294462444,-3.1615307388694847,0
2024-07-09,2.008982035928144,0.9899483055715106,-0.19747883241278696,0.14010024084634817,-0.33757907325913517,-1.3863360350665581,0.38985159292188887,-3.162523663055005,0
2024-07-10,2.0506378547253323,0.9959793222286042,-0.01673745930582759,0.3258869363103973,-0.3426243956162249,-1.3883838076144541,0.3826085388674585,-3.1593761540963667,0
2024-07-11,1.995053371517834,0.9448592762780011,-0.24050991208468614,-1.6188084044837503,1.3782984923990642,-1.3695853040631667,0.49370609519817243,-3.232876703324506,1
2024-07-12,1.9541785993230931,0.9764503159103963,-0.39896804948733683,-0.4517649580782733,0.0527969085909365,-1.3624365986393203,0.5195565972052518,-3.2444297944838922,0
2024-07-15,1.9471491799010678,0.9701321079839174,-0.4138786537350219,-0.7350115730052333,0.3211329192702114,-1.3496226801550992,0.5678406288125988,-3.2670859891227972,0
2024-07-16,1.9281437125748506,0.9704192992533026,-0.47410585097396635,-0.7400450250804245,0.2659391741064581,-1.3339364352104712,0.6210016027872685,-3.288874473208211,0
2024-07-17,1.8447019005467329,0.9784606547960942,-0.8079538408399084,-0.42678730121544667,-0.38116653962446173,-1.3224322929704784,0.6468609226591033,-3.2917255086000603,0
2024-07-18,1.8224420723769854,0.9790350373348651,-0.8751918895712989,-0.415272924509161,-0.4599189650621379,-1.3111666153194024,0.6701651153063937,-3.2924983459451984,0
2024-07-19,1.757094506638896,0.9836300976450316,-1.1247884225784373,-0.249334171850802,-0.8754542507276353,-1.3030562525138165,0.6814091686205652,-3.2875216736481985,0
2024-07-22,1.7521478781567301,0.9574956921309593,-1.112794309408759,-1.3267428726362223,0.21394856322746336,-1.2755704150554281,0.7467714441484461,-3.2979122742593026,0
2024-07-23,1.7042436865399635,0.9574956921309593,-1.2702346780618627,-1.3203861353794808,0.05015145731761805,-1.2573054898925167,0.7930807351536522,-3.3076917149386853,0
2024-07-24,1.6966935693829734,0.9529006318207927,-1.2570145057394508,-1.458000676255748,0.2009861705162972,-1.2186504008743952,0.8530450681083539,-3.2903458698571444,0
2024-07-25,1.5916428013538142,0.9428489373923032,-1.6409424120519638,-1.7812582340060836,0.14031582195411985,-1.196890654389172,0.9043016082471604,-3.2980829170255044,0
2024-07-26,1.6174173392345745,0.9296381390005743,-1.4951655960365324,-2.1651157221764263,0.6699501261398939,-1.1640259128058363,0.9914658747355727,-3.3195177003472454,0
2024-07-29,1.6869304868523824,0.9319356691556577,-1.173460497606528,-1.9749559994246733,0.8014955018181453,-1.1386995366341242,1.073080388353183,-3.3504794616214313,0
2024-07-30,1.661806821140328,0.9310740953475015,-1.2502090503641397,-1.9062753869619848,0.6560663365978452,-1.1066975004500248,1.1527547574367827,-3.3661497583368325,0
2024-07-31,1.6857589169487115,0.939977024698449,-1.1117602363923151,-1.527883044348176,0.41612280795586076,-1.0761997848320328,1.2155612334869461,-3.3679608031510115,0
2024-08-01,1.69096589429836,0.9394026421596784,-1.0561439875356358,-1.4888666826335273,0.4327226950978915,-1.049761893994714,1.2747342240086814,-3.3742580119981094,0
2024-08-02,1.5488154126529552,0.9270534175761057,-1.6326716665121632,-1.8199824238666158,0.18731075735445257,-1.0237251644275047,1.3208665395256083,-3.3683168683806177,0
2024-08-05,1.4334808643582402,0.9218839747271683,-2.0458754007427857,-1.9052715281596346,-0.1406038725831511,-0.9927320477294544,1.348514322430968,-3.3339784178898766,0
2024-08-06,1.4902369174694092,0.9103963239517519,-1.7297829920134924,-2.1760780104580126,0.44629501844452024,-0.9510585287088942,1.4023194496272104,-3.304436507044999,0
2024-08-07,1.4751366831554282,0.9069500287191269,-1.7206320475834822,-2.16346926329653,0.4428372157130478,-0.9108227644302874,1.454120660665577,-3.275766189526152,0
2024-08-08,1.4384274928404062,0.9170017231476163,-1.7980808154283467,-1.7677610691389052,-0.030319746289441563,-0.8847031420770334,1.4840046021107902,-3.2534108862648567,0
2024-08-09,1.4648529028898725,0.9284893739230327,-1.6276080382709597,-1.386355082934191,-0.2412529553367686,-0.8550496328379359,1.5003303359312543,-3.2104296016071263,0
2024-08-12,1.475527206456652,0.922458357265939,-1.5311755886945984,-1.570613890374012,0.039438301679413534,-0.8172827035370421,1.5212480230372956,-3.1558134301113796,0
2024-08-13,1.5222598281697475,0.9172889144170018,-1.304642391991081,-1.7153729725990654,0.4107305806079844,-0.7918823974173075,1.5665916134058862,-3.1503564082405013,0
2024-08-14,1.507159593855767,0.9149913842619184,-1.3413456229045781,-1.7664661130160735,0.42512049011149533,-0.7700081558920484,1.609119601294891,-3.1491359130789878,0
2024-08-15,1.4983077323613643,0.9408385985066053,-1.3475791528551786,-0.8626510795949669,-0.4849280732602117,-0.7585600230106229,1.6193129553371857,-3.1364330013584314,0
2024-08-16,1.5615725071595938,0.9520390580126363,-1.043596672103204,-0.434211014430694,-0.60938565767251,-0.7565880705441681,1.6215852214507627,-3.134761362539099,0
2024-08-19,1.5834418120281177,0.9597932222860426,-0.9158132672167831,-0.12490039232988077,-0.7909128748869023,-0.7491873546479361,1.6256918008021461,-3.124066510098018,0
2024-08-20,1.584092684196824,0.9615163699023549,-0.8882109306536742,-0.031048751385693425,-0.8571621792679808,-0.7448224892206325,1.6282534139261502,-3.1178983923674153,0
2024-08-21,1.5909919291851082,0.9546237794371052,-0.8277503370830184,-0.2727223790961215,-0.5550279579868969,-0.7238757591692678,1.6330204124909242,-3.08077193082946,0
2024-08-22,1.5801874511845875,0.9563469270534175,-0.8525216634186618,-0.18341375239420077,-0.669107911024461,-0.7068528819053586,1.636358612262213,-3.05006437607293,0
2024-08-23,1.561051809424629,0.9678345778288341,-0.9182262071557427,0.2886942825778266,-1.2069204897335692,-0.6988063698060454,1.6339684222050013,-3.0315811618170923,0
2024-08-26,1.488414475397032,0.969844916714532,-1.2426772587892665,0.3817759050615988,-1.6244531638508652,-0.6931912825871155,1.6288184622031814,-3.0152010273774126,0
2024-08-27,1.4742254621192399,0.9678345778288341,-1.2957159026457306,0.3107750853073561,-1.6064909879530866,-0.712647746633134,1.6202394416490922,-3.04553493491536,0
2024-08-28,1.4652434261910963,0.9672601952900631,-1.3446286955762314,0.3083747802371902,-1.6530034758134216,-0.7391597239395667,1.5998096670638007,-3.0781291149429344,0
2024-08-29,1.388180161416298,0.9457208500861574,-1.750042285169498,-0.5586885315380208,-1.191353753631477,-0.7509167933144641,1.5899657426688951,-3.091799329297823,0
2024-08-30,1.4175995834418122,0.9233199310740953,-1.5330452576020455,-1.4266719857294472,-0.10637327187259826,-0.6739298673086443,1.4267210774027155,-2.774580812020004,0
2024-09-02,1.3555063785472534,0.9170017231476163,-1.8148170389751606,-1.6136331001320297,-0.2011839388431309,-0.603406178949147,1.253970593251538,-2.4607829511498323,0
2024-09-03,1.3708669617287166,0.9080987937966686,-1.6816734582589035,-1.8763643840563977,0.19469092579749425,-0.5420166481302007,1.1648248825184968,-2.248858178778898,0
2024-09-04,1.326477479822963,0.9006318207926479,-1.8490154028230386,-2.0553036747812383,0.20628827195819976,-0.49035433086271657,1.1113792915605931,-2.0920879532860264,0
2024-09-05,1.323483467846915,0.8960367604824813,-1.7904575720746043,-2.1156971102001045,0.3252395381255002,-0.44902925151324763,1.105319475373136,-2.003377978399631,0
2024-09-06,1.294194220255142,0.8974727168294083,-1.8449899920265764,-1.9578631102739241,0.11287311824734769,-0.4182517626145829,1.1054440956943083,-1.9419476209234743,0
2024-09-09,1.327779224160375,0.8684663986214819,-1.6116022400793562,-2.723229325820133,1.1116270857407768,-0.37749813879647515,1.1770982579894098,-1.93209453558236,0
2024-09-10,1.3854464983077326,0.8670304422745548,-1.2886859020056385,-2.562863445675964,1.2741775436703253,-0.33999844338305063,1.263663587765111,-1.9436604745312125,1
2024-09-11,1.3821921374642023,0.8638713383113152,-1.260876215160509,-2.4774256743198544,1.2165494591593453,-0.29850464324011744,1.335497295149964,-1.932506581630199,0
2024-09-12,1.405883884405103,0.8681792073520965,-1.1095372613828969,-2.212284338843813,1.102747077460916,-0.2603062701472582,1.3960046249259652,-1.9166171652204818,0
2024-09-13,1.5092423847956262,0.8788052843193567,-0.5879547709384488,-1.8220648466259108,1.234110075687462,-0.22311172518615546,1.4657625866555004,-1.9119860370278112,0
2024-09-18,1.4793022650351473,0.8934520390580126,-0.7075852102869795,-1.3682691808865062,0.6606839705995267,-0.1892015447474404,1.4873384324766858,-1.8657415219715667,0
2024-09-19,1.4323092944545692,0.8851234922458358,-0.9066994575825011,-1.534691674489145,0.6279922169066439,-0.14893967137054534,1.4869787830717,-1.7848581258127907,0
2024-09-20,1.4189013277792244,0.8885697874784607,-0.939804604105626,-1.3894157169498338,0.44961111284420774,-0.12097335261184698,1.497155953246537,-1.7391026584702312,0
2024-09-23,1.4175995834418122,0.9014933946008041,-0.9155379741743204,-1.0101903720042915,0.09465239782997115,-0.09340296003951541,1.4807930817356598,-1.6675990018146907,0
2024-09-24,1.5902108825826609,0.9514646754738657,-0.06378406361307364,0.3462100613855764,-0.40999412499865007,-0.07791752645344152,1.4643877067695477,-1.6202227596764307,0
2024-09-25,1.5879979172090601,0.9807581849511774,-0.05118299426070485,1.146080004879274,-1.197262999139979,-0.0805547149348595,1.4689598442340548,-1.630069274103774,0
2024-09-26,1.6881020567560534,1.016082711085583,0.4702927313278721,2.085635169414914,-1.6153424380870418,-0.08100198750609128,1.47029764729877,-1.6323016223109525,0
2024-09-27,1.7391304347826089,1.0232624928202183,0.7472786206558939,2.20341129895548,-1.456132678299586,-0.08684737452684832,1.482689950261488,-1.6563846993151847,0
2024-09-30,2.015881280916428,1.0801263641585295,2.0979660216727525,3.3521170896195858,-1.2541510679468333,-0.08579929698552372,1.4804770384268306,-1.652075632397878,0
2024-10-08,2.419031502212966,1.1487650775416427,3.620433128453943,4.154931676805699,-0.5344985483517561,-0.08531668360331626,1.4803786940549315,-1.6510120612615642,0
2024-10-09,2.1661025774537883,1.0628948879954048,2.3812133797896538,2.2852701929277397,0.09594318686191405,-0.07622933452212606,1.4872001390698393,-1.6396588081140915,0
2024-10-10,2.1180682114032807,1.1122917863296955,2.1353663518559935,2.969577630677112,-0.8342112788211185,-0.08450653794815915,1.4897723137937902,-1.6587853896901084,0
2024-10-11,2.078104660244728,1.1036760482481331,1.9576598540296868,2.6290111801741065,-0.6713513261444197,-0.08998532012362906,1.4902245141213526,-1.6701951543686109,0
2024-10-14,2.1088258266076543,1.1295232624928202,2.048354125705894,2.804045424014544,-0.7556912983086499,-0.12555181663542428,1.4158120869524717,-1.6669157202233205,0
2024-10-15,2.054152564436345,1.1056863871338312,1.795029025571251,2.286194551468117,-0.4911655258968659,-0.13461785721022096,1.4088763760490375,-1.6781120904694795,0
2024-10-16,1.9356938297318407,1.1344055140723721,1.312431232521917,2.5275886247677404,-1.2151573922458234,-0.16022269573548822,1.4033573675439073,-1.7238027590148837,0
2024-10-17,1.9591252278052593,1.1053991958644458,1.4022583701915754,2.009506215844194,-0.6072478456526187,-0.17477581273147283,1.3889237013651583,-1.7384753268281041,0
2024-10-18,2.1869304868523822,1.1214819069500286,2.225555717599907,2.112725055023413,0.11283066257649388,-0.16654252602812358,1.3979383624823547,-1.7310234145386016,0
2024-10-21,2.1474876334287947,1.1157380815623206,1.9886488883925235,1.9414130452493705,0.04723584314315299,-0.15808994589136877,1.4054230767073232,-1.7216029684900607,0
2024-10-22,2.212965373600625,1.1249282021826537,2.126451510874372,1.9614010231809338,0.16505048769343822,-0.14074820025101753,1.4134525668343594,-1.6949489673363947,0
2024-10-23,2.032803957302786,1.1390005743825387,1.4236995197473648,2.0227149477993107,-0.599015428051946,-0.15429760010567434,1.4014985445270751,-1.710093744738424,0
2024-10-24,2.0450403540744597,1.1289488799540495,1.4226252660237604,1.8154278362349092,-0.39280257021114884,-0.16168016723115378,1.3943733874600541,-1.7177337219223618,0
2024-10-25,2.03540744597761,1.1229178632969559,1.3471270818869556,1.6718253469886972,-0.3246982651017416,-0.17044157449145442,1.3832234550000797,-1.7241066039829887,0
2024-10-28,1.9596459255402239,1.1062607696726021,1.0507033219274484,1.428837613809829,-0.3781342918823807,-0.17908240972206274,1.373318527162923,-1.7314833466070483,0
2024-10-29,1.8676126008851863,1.1085582998276853,0.7140002007403924,1.4004300646640642,-0.6864298639236718,-0.20168874288978883,1.3398848594759527,-1.7432623452555305,0
2024-10-30,1.838713876594637,1.0878805284319357,0.603598136197961,1.1357622635250013,-0.5321641273270403,-0.22391640337554194,1.2971406888397985,-1.7449734955908822,0
2024-10-31,1.8617547513668318,1.0729465824238942,0.6688594051560058,0.9434826630340656,-0.27462325787805975,-0.23942789661680702,1.264005049007289,-1.742860842240903,0
2024-11-01,1.8319448060400938,1.091614014933946,0.5567926812171378,1.1080433022996181,-0.5512506210824804,-0.2555507871007794,1.2400126292925135,-1.7511142034940723,0
2024-11-04,1.8634470190054675,1.1128661688684665,0.6523415031208,1.2886546705409212,-0.6363131674201212,-0.2733680514760796,1.2142915554136233,-1.7610276583657827,0
2024-11-05,1.930356677948451,1.122343480758185,0.8545877062297866,1.3385957403035758,-0.4840080340737891,-0.2845566979998836,1.1991015590961602,-1.7682149550959276,0
2024-11-06,1.8601926581619372,1.1074095347501436,0.5942200854799662,1.1429360840855394,-0.5487159986055732,-0.291358566766924,1.1933567502769535,-1.7760738838108017,0
2024-11-07,1.8885706847175219,1.1364158529580701,0.6681421499079819,1.3909926484550197,-0.7228504985470378,-0.31084432538344997,1.1651527690257217,-1.786841419792622,0
2024-11-08,1.8512106222337936,1.1143021252153933,0.5209712111996403,1.1249981787546044,-0.6040269675549641,-0.32829206177125014,1.1361688333294246,-1.792752956871925,0
2024-11-11,1.88622754491018,1.100804135554279,0.6170935960514385,0.9544326783103225,-0.337339082258884,-0.3334090507040742,1.128960690946601,-1.7957787923547492,0
2024-11-12,1.9200728976828954,1.0795519816197587,0.7080454570316163,0.7120615881953571,-0.004016131163740888,-0.32945510363452374,1.13520929436441,-1.7941195016334575,0
2024-11-13,2.034626399375163,1.0861573808156233,1.0643291011264313,0.7533612419632014,0.3109678591632299,-0.32492961100979345,1.1460356423234381,-1.795894864343025,0
2024-11-14,1.9371257485029942,1.0930499712808732,0.7077510242148135,0.7963408454039302,-0.08858982118911674,-0.3332516177064118,1.126389670583072,-1.7928929059958956,0
2024-11-15,1.828950794064046,1.0861573808156233,0.3216608933559083,0.6995509499146509,-0.37789005655874264,-0.34663512681758246,1.0993826526148103,-1.7926529062499752,0
2024-11-18,1.718432699817756,1.0884549109707065,-0.06995565886885961,0.6988346330221041,-0.7687902918909637,-0.35136616379476165,1.098344888739028,-1.8010772163285511,0
2024-11-19,1.7547513668315546,1.083285468121769,0.0442319867698633,0.6232369321285249,-0.5790049453586616,-0.3508598185895308,1.0985058281827302,-1.800225465361792,0
2024-11-20,1.7982296277011194,1.0763928776565193,0.1825682510919898,0.5322343645076354,-0.3496661134156456,-0.34350570589834317,1.101247659489899,-1.7882590712865851,0
2024-11-21,1.7417339234574332,1.0749569213095922,-0.022332505422821832,0.4984834792509119,-0.5208159846737337,-0.33789993598843915,1.101345787210443,-1.7771456591873214,0
2024-11-22,1.7219474095287688,1.046812176909822,-0.09889956453406445,0.19043520720402635,-0.2893347717380908,-0.33347171621762567,1.1046910515601733,-1.7716344839954248,0
2024-11-25,1.6271804217651655,1.0402067777139574,-0.43228481989149836,0.10727220173037563,-0.539557021621874,-0.33131253472758254,1.1051884858584764,-1.7678135553136414,0
2024-11-26,1.653736006248373,1.0450890292935096,-0.3460128008663819,0.14555088324665402,-0.49156368411303597,-0.31938992130057364,1.0993133814683382,-1.7380932240694857,0
2024-11-27,1.6752147878156731,1.0511200459506032,-0.28368366184335075,0.19550268248473612,-0.4791863443280869,-0.30030214097519403,1.0771947385261704,-1.6777990204765585,0
2024-11-28,1.6244467586566,1.0473865594485927,-0.47436790579894283,0.14253486146884875,-0.6169027672677916,-0.28380900396377245,1.0531715460962354,-1.6207895540237802,0
2024-11-29,1.6497005988023954,1.0436530729465825,-0.3989420179832794,0.08974665634841146,-0.48868867433169083,-0.2644037572724103,1.0246785330992179,-1.5534860476440384,0
2024-12-02,1.7186930486852383,1.0485353245261344,-0.17478552796292193,0.12450751723844088,-0.2992930452013628,-0.2495360787985751,1.0164272665159464,-1.5154994241130963,0
2024-12-03,1.692267638635772,1.0660539919586445,-0.2911047009136636,0.29079562143277404,-0.5819003223464376,-0.25746152963980573,1.0108079095225344,-1.5257309688021459,0
2024-12-04,1.666493100755012,1.0571510626076968,-0.41272402426905586,0.17108841088713922,-0.5838124351561951,-0.2638386712450234,1.0071246997168908,-1.5348020422069375,0
2024-12-05,1.7162197344441554,1.0600229753015507,-0.2529083997346021,0.17817187486473274,-0.43108027459933485,-0.2742681912516373,0.991649450099672,-1.5401858326029467,0
2024-12-06,1.7119239781306952,1.0827110855829984,-0.30165029842359886,0.4081825055471116,-0.7098328039707105,-0.28953687585045246,0.9749016156025851,-1.55397536730349,0
2024-12-09,1.6284821661025775,1.0827110855829984,-0.6658715100505368,0.3820141972156803,-1.047885707266217,-0.31242229660698106,0.956451157229199,-1.5812957504431613,0
2024-12-10,1.6030981515230411,1.1085582998276853,-0.8131390157162656,0.6619580983850867,-1.4750971141013522,-0.338888467146126,0.9597939607992738,-1.637570895091526,0
2024-12-11,1.6288726894038013,1.099942561746123,-0.7485798485191424,0.5334088156619949,-1.2819886641811373,-0.37878206297815786,0.8852429687098601,-1.6428070946661757,0
2024-12-12,1.6944806040093725,1.1143021252153933,-0.5032517628670781,0.6956980995185102,-1.1989498623855883,-0.42000085307908985,0.7846626790820673,-1.624664385240247,0
2024-12-13,1.6545170528508202,1.0712234348075818,-0.7173738321965997,0.08370825127902252,-0.8010820834756222,-0.4536280454563393,0.6754780514034402,-1.5827341423161188,0
2024-12-16,1.5985420463420985,1.08385985066054,-1.005092906424691,0.22705698791760104,-1.232149894342292,-0.49254299498639276,0.5777783213540825,-1.562864311326868,0
2024-12-17,1.6400676907055456,1.0870189546237794,-0.8336233116429099,0.2400980587121684,-1.0737213703550783,-0.5310068524204351,0.44896506869046093,-1.5109787735313311,0
2024-12-18,1.606743035667795,1.1062607696726021,-1.0118556025832783,0.5373460270225383,-1.5492016296058166,-0.5678382790905241,0.3959216107663439,-1.531598168947392,-1
2024-12-19,1.653736006248373,1.0919012062033315,-0.8271860157523753,0.2476743482525474,-1.0748603640049226,-0.5962191554390502,0.3235826275195961,-1.5160209383976966,0
2024-12-20,1.6545170528508202,1.0887421022400918,-0.8661378967116914,0.13739822924167105,-1.0035361259533624,-0.6204382760856765,0.26315888594883863,-1.5040354381201917,0
2024-12-23,1.7259828169747464,1.10137851809305,-0.5556064211548948,0.41377970975923467,-0.9693861309141294,-0.6381722515647448,0.22961329897427585,-1.5059578021037654,0
2024-12-24,1.7132257224681076,1.1263641585295807,-0.6382374011352122,1.1340244109621103,-1.7722618120973226,-0.6608767130163893,0.25269989793384084,-1.5744533239666194,-1
2024-12-25,1.7572246810726375,1.131533601378518,-0.42982608494670754,1.3249724955708828,-1.7547985805175903,-0.6701689727060162,0.276348348988816,-1.6166862944008482,-1
2024-12-26,1.8328560270762826,1.1338311315336014,-0.04472791497056653,1.390074286569582,-1.4348022015401487,-0.6671599687635679,0.2682170400699567,-1.6025369775970923,0
2024-12-27,1.781437125748503,1.1298104537622058,-0.3210712656218283,1.238649327307786,-1.5597205929296143,-0.6688864340074018,0.27277554367495216,-1.6105484116897557,0
2024-12-30,1.7076282218172354,1.137851809304997,-0.6873005729135608,1.4676484577870264,-2.154949030700587,-0.683899733386631,0.3222357086260299,-1.690035175399292,-1
2024-12-31,1.6077844311377247,1.1286616886846639,-1.2379551214372484,1.1774217332222878,-2.4153768546595362,-0.7152477051584273,0.38477637379346963,-1.8152717841103243,-1
2025-01-02,1.589560010413955,1.1059735784032165,-1.3127532422575101,0.3421576262242811,-1.6549108684817913,-0.7444286060808225,0.3609396834623657,-1.8497968956240107,0
2025-01-03,1.601275709450664,1.1102814474439977,-1.2121418889248783,0.499859951864196,-1.7120018407890742,-0.7590584487802883,0.3740315566918435,-1.89214845425242,0
2025-01-06,1.6335589690184849,1.1214819069500286,-0.9905918114616454,0.889762211025198,-1.8803540224868436,-0.7792084937193287,0.38996246949298574,-1.948379456931643,0
2025-01-07,1.670788857068472,1.1171740379092474,-0.7413293884182071,0.7473368373718771,-1.4886662257900842,-0.791424742510686,0.3919772464141347,-1.9748267314355066,0
2025-01-08,1.6170268159333507,1.1280873061458931,-1.0439243750454592,1.1188370960095646,-2.162761471055024,-0.8192846749299886,0.4130572383295644,-2.0516265881895417,-1
2025-01-09,1.581749544389482,1.1200459506031017,-1.2223500001369416,0.8464815069956401,-2.0688315071325816,-0.8335125768447679,0.43655583999188374,-2.1035809936814194,0
2025-01-10,1.4726633689143453,1.1194715680643308,-1.8204295238529944,0.8131440169273265,-2.633573540780321,-0.8672846717635629,0.483507406916573,-2.218076750443699,-1
2025-01-13,1.4423327258526426,1.1220562894887995,-1.9797938298711777,0.9058783080718448,-2.8856721379430224,-0.9172597184388882,0.5059579386058692,-2.340477375483646,-1
2025-01-14,1.4885446498307733,1.1444572085008615,-1.6697685903908461,1.6631429332587182,-3.3329115236495643,-0.9735955078854335,0.5578055134546358,-2.5049965292255028,-1
2025-01-15,1.4389481905753712,1.167145318782309,-2.006593557281131,2.341866727899297,-4.348460285180428,-1.0488206874333315,0.6850924328635097,-2.782733807730173,-1
2025-01-16,1.555454308773757,1.1771970132107985,-1.186379488680146,2.550428989198408,-3.7368084778785544,-1.1011172382637748,0.7620687480741395,-2.9643032246016894,-1
2025-01-17,1.521739130434783,1.1691556576680069,-1.4002101130314109,2.189609944657555,-3.589820057688966,-1.1544008630550715,0.8066719696627187,-3.1154736957728617,-1
2025-01-20,1.5511585524602969,1.1522113727742676,-1.1714043613370126,1.6123028346418995,-2.783707195978912,-1.1953843452363577,0.7976731329299966,-3.1884418234027123,0
2025-01-21,1.5563655298099455,1.1527857553130385,-1.10501929897562,1.5720358613754022,-2.6770551603510224,-1.2336996930441686,0.7836902794799239,-3.2510896655682613,0
2025-01-22,1.7183025253840147,1.1329695577254453,0.15006989005104251,0.9542884281651818,-0.8042185381141392,-1.2356628376140095,0.7797891242096775,-3.2511147994376968,0
2025-01-23,1.662978391043999,1.1438828259620908,-0.2572326458636424,1.2384066991279412,-1.4956393449915837,-1.2517207579084186,0.7562699477970185,-3.259711463613856,0
2025-01-24,1.6694871127310598,1.1562320505456634,-0.1840781372254236,1.5405955038951398,-1.7246736411205634,-1.2758882642957938,0.7191278011884001,-3.270904329779988,0
2025-01-27,1.4946628482166102,1.1674325100516945,-1.5088195691656272,1.781683581220978,-3.290503150386605,-1.3215424731175291,0.7305722569824136,-3.373657203217472,0
2025-02-05,1.27896381150742,1.1487650775416427,-2.9315114214170994,1.2190353383666164,-4.150546759783715,-1.380113032990256,0.7896752826956583,-3.5499013486761704,-1
2025-02-06,1.3147617807862537,1.154508902929351,-2.5227755603370396,1.346294742115083,-3.8690703024521227,-1.436530737463228,0.8130440075403464,-3.686105482466802,-1
2025-02-07,1.4030200468627962,1.154508902929351,-1.8136292522748791,1.3050110226867087,-3.118640274961588,-1.4793628087358281,0.799126933010962,-3.7578525504826183,0
2025-02-10,1.439989586045301,1.1659965537047674,-1.5042242723606332,1.5788523280058908,-3.0830766003665238,-1.5186999104328198,0.7879830300049535,-3.825382850870593,0
2025-02-11,1.4514449362145276,1.176909821941413,-1.3769283832114996,1.7923599067011475,-3.169288289912647,-1.5614542658054478,0.7712133070515597,-3.894121838662455,0
2025-02-12,1.4566519135641762,1.195290063182079,-1.3033857946943397,2.1412846115405646,-3.4446704062349043,-1.6132431212050482,0.746688729245667,-3.973174971655763,0
2025-02-13,1.4074459776099977,1.197874784606548,-1.617043936171812,2.084570719265494,-3.7016146554373064,-1.6748697632762743,0.7071343647939625,-4.056873891346511,0
2025-02-14,1.3984639416818538,1.2070649052268811,-1.6970559070630278,2.171615479908096,-3.8686713869711236,-1.7445304173785137,0.645685900372702,-4.134746735129729,0
2025-02-17,1.5042957563134602,1.1981619758759334,-0.8680077523319369,1.8686484873550815,-2.7366562396870187,-1.7886648576868118,0.5748147752123536,-4.152144490585977,0
2025-02-18,1.4786513928664413,1.2076392877656519,-1.046173029215262,1.9749167750409915,-3.0210898042562535,-1.832718186815104,0.5223150036976627,-4.187751377327871,0
2025-02-19,1.48711273105962,1.2056289488799539,-0.9446705302654996,1.8386725339036547,-2.7833430641691543,-1.8662940663530736,0.48447615441141734,-4.217064287117564,0
2025-02-20,1.4897162197344442,1.2018954623779436,-0.893068757467863,1.6830524400492906,-2.5761211975171534,-1.8995793372223817,0.4335359297795658,-4.23269460422433,0
2025-02-21,1.5455610518094247,1.1889718552556001,-0.4057037346728267,1.3617885658360778,-1.7674923005089045,-1.923209773673936,0.37450107177095715,-4.220920619118829,0
2025-02-24,1.4904972663368916,1.18523836875359,-0.8424138453951927,1.2403950810602102,-2.082808926455403,-1.9492429893702972,0.31904028603350865,-4.2175262647741025,0
2025-02-25,1.4494923197084093,1.17834577828834,-1.1526787953868147,1.066795578203349,-2.2194743735901636,-1.9814119827344983,0.2454806165615171,-4.208304582030514,0
2025-02-26,1.4608174954438948,1.1912693854106835,-1.024347244518966,1.303383631136101,-2.327730875655067,-2.0112148803017185,0.18483234456629827,-4.207262105169735,0
2025-02-27,1.4082270242124448,1.2171165996553706,-1.4137856647157754,1.7916055123129806,-3.2053911770287558,-2.0564453385169803,0.12401744804548498,-4.236908125079445,0
2025-02-28,1.313069513147618,1.2076392877656519,-2.0856774004645264,1.5436248847911942,-3.6293022852557204,-2.1089472708657744,0.06872697955569551,-4.286621521287245,0
2025-03-03,1.3378026555584484,1.2076392877656519,-1.7984105677029945,1.503755742436589,-3.3021663101395835,-2.1537016632469705,0.009563420233223763,-4.316966746727164,0
2025-03-04,1.3337672481124707,1.2004595060310166,-1.7473848387941435,1.3208250378958208,-3.0682098766899646,-2.196693683286275,-0.06574392196686496,-4.327643444605685,0
2025-03-05,1.346784691486592,1.2317633543940265,-1.5849876069241031,1.9503296678385775,-3.5353172747626807,-2.2506274204456305,-0.15145535418315914,-4.349799486708102,0
2025-03-06,1.3690445196563397,1.2337736932797243,-1.3656161722159266,1.9200441813941664,-3.2856603536100932,-2.295690087633358,-0.2263657236126071,-4.365014451654108,0
2025-03-07,1.330903410570164,1.2512923607122344,-1.5860921368684187,2.2126841602497023,-3.798776297118121,-2.3492728186660568,-0.2938129454361005,-4.4047326918960135,0
2025-03-10,1.332725852642541,1.2369327972429638,-1.5159510045675497,1.8427878094447794,-3.3587388140123293,-2.3980671276562733,-0.3893706717169816,-4.4067635835955645,0
2025-03-11,1.3249153866180683,1.2495692130959217,-1.517005485558146,2.025433610948709,-3.542439096506855,-2.445277232531876,-0.4650370339564127,-4.425517431107339,0
2025-03-12,1.3324655037750588,1.250430786904078,-1.4070500256831466,1.9588836592388372,-3.365933684921984,-2.4839113654928053,-0.5242282312225426,-4.443594499763068,0
2025-03-13,1.3341577714136943,1.2590465249856406,-1.3445020903364489,2.0325196898739715,-3.3770217802104203,-2.5156101099279566,-0.5607824188850576,-4.470437800970855,0
2025-03-14,1.3536839364748763,1.2969557725445144,-1.1643319867701336,2.616995002005414,-3.7813269887755476,-2.5572657486711963,-0.602852446246396,-4.511679051095997,0
2025-03-17,1.3571986461858894,1.2935094773118896,-1.1029653943163737,2.384903399021722,-3.4878687933380954,-2.595414397520405,-0.6595842059459045,-4.531244589094905,0
2025-03-18,1.4170788857068473,1.296381390005744,-0.6521377464782588,2.3217916696615255,-2.9739294161397845,-2.6316285197314744,-0.7518579651471791,-4.5113990743157695,0
2025-03-19,1.3665712054152566,1.32165422171166,-0.981078261553369,2.609949379921962,-3.591027641475331,-2.6709431488503586,-0.8116769626054285,-4.530209335095289,0
2025-03-20,1.366831554282739,1.299253302699598,-0.9471042571316731,2.109716042952888,-3.0568203000845613,-2.703994797679183,-0.8902790189511303,-4.517710576407236,0
2025-03-21,1.3336370736787297,1.2837449741527858,-1.1437492612998539,1.7632712612955308,-2.907020522595385,-2.7266251125623424,-0.9378081192709093,-4.515442105853776,0
2025-03-24,1.3392345743296017,1.293796668581275,-1.0681446573232256,1.8596511060893344,-2.92779576341256,-2.7575073692191365,-1.021489190116778,-4.493525548321495,0
2025-03-25,1.327779224160375,1.2949454336588169,-1.1118967929914145,1.8105579829262481,-2.9224547759176627,-2.7894893467185415,-1.1153112037004744,-4.463667489736609,0
2025-03-26,1.3158031762561835,1.225157955198162,-1.1646232360434001,0.6033069792659603,-1.7679302153093603,-2.8027984147917957,-1.1754360241407338,-4.430160805442858,0
2025-03-27,1.2902889872429057,1.2423894313612867,-1.310854595151759,0.8698530616264827,-2.1807076567782415,-2.809605845536477,-1.1964237301882916,-4.422787960884663,0
2025-03-28,1.268029159073158,1.241240666283745,-1.4426928544441084,0.8214255209146588,-2.264118375358767,-2.8180945087838305,-1.2222232745570487,-4.413965743010612,0
2025-03-31,1.2840406144233274,1.2432510051694428,-1.3261229173465783,0.8275340036065592,-2.1536569209531375,-2.8300754207740466,-1.2659708497295183,-4.394179991818575,0
2025-04-01,1.2836500911221038,1.2311889718552556,-1.322475694065783,0.5933093148161972,-1.9157850088819801,-2.836009827706586,-1.2889020088293839,-4.383117646583789,0
2025-04-02,1.2986201510023434,1.2271682940838597,-1.1781763087729475,0.5003248218584634,-1.6785011306314108,-2.8280690293721,-1.261967259932835,-4.3941707988113645,0
2025-04-03,1.2220775839625098,1.2248707639287766,-1.7532519271649858,0.43651479917549996,-2.1897667263404856,-2.8243088605667825,-1.2531014168002934,-4.395516304333272,0
2025-04-07,0.9776099973965113,1.1726019529006317,-3.377294145849312,-0.5297471652891762,-2.847546980560136,-2.8441861291014217,-1.3032737588120138,-4.385098499390829,0
2025-04-08,0.9409008070814893,1.1817920735209648,-3.278118211995529,-0.39249196298570704,-2.8856262490098223,-2.8637465359051006,-1.351772168119199,-4.375720903691002,0
2025-04-09,0.937125748502994,1.1619758759333716,-3.0225039551111705,-0.7878293680483279,-2.234674587062843,-2.869651878648034,-1.3705886907935483,-4.36871506650252,0
2025-04-10,1.0087216870606612,1.180356117174038,-2.4200895590115294,-0.468656877962463,-1.9514326810490665,-2.8773646529023504,-1.4026398600612213,-4.35208944574348,0
2025-04-11,1.0201770372298882,1.1921309592188396,-2.225236667768977,-0.2656157943930637,-1.9596208733759135,-2.873978976274365,-1.391667380571725,-4.356290571977005,0
2025-04-14,1.0614423327258529,1.1912693854106835,-1.8815943789768796,-0.3137400627647766,-1.567854316212103,-2.8656293564256905,-1.3594180516446777,-4.371840661206703,0
2025-04-15,1.0436084353033066,1.209075244112579,-1.892330984990459,0.017565570924530288,-1.9098965559149894,-2.8535680733446016,-1.328328084281191,-4.378808062408012,0
2025-04-16,1.015230408747722,1.2133831131533601,-1.9547938262730433,0.07784490646677847,-2.0326387327398217,-2.839350849924548,-1.2994954164215535,-4.379206283427543,0
2025-04-17,1.010283780265556,1.2096496266513497,-1.8866261073475088,-0.026015456045655395,-1.8606106513018534,-2.8148125020520864,-1.2600988370073847,-4.369526167096788,0
2025-04-18,1.0302004686279616,1.2277426766226307,-1.6971375773325146,0.3492569723858606,-2.046394549718375,-2.7764447397943854,-1.2626035020083888,-4.290285977580382,0
2025-04-21,1.0568862275449102,1.2142446869615164,-1.4943325400544745,0.03922448440089288,-1.5335570244553673,-2.7397238822373327,-1.2138039506296099,-4.265643813845055,0
2025-04-22,1.0423066909658942,1.2064905226881102,-1.51351493907485,-0.1469332042770343,-1.3665817347978155,-2.702669910189147,-1.1529330775354727,-4.252406742842821,0
2025-04-23,1.087216870606613,1.2059161401493395,-1.2304396515972473,-0.1825046177328546,-1.0479350338643927,-2.6737403741539048,-1.0664221933711044,-4.281058554936705,1
2025-04-24,1.0587086696172872,1.2122343480758184,-1.3374999613600198,-0.06307348053339387,-1.274426480826626,-2.6503632294951647,-1.0029412679420109,-4.297785191048319,0
2025-04-25,1.1099973965113252,1.2085008615738082,-1.0429578785504974,-0.1835461296618354,-0.859411748888662,-2.6512831163414066,-1.0079979976548454,-4.294568235027968,1
2025-04-28,1.0855246029679773,1.2162550258472142,-1.1539933747541078,-0.028911811420157543,-1.1250815633339502,-2.6451071533137793,-0.9814949240681552,-4.308719382559404,0
2025-04-29,1.0816193699557408,1.2062033314187248,-1.1553686067945188,-0.29958132000468835,-0.8557872867898304,-2.630625714074934,-0.919959903829918,-4.34129152431995,1
2025-04-30,1.0868263473053892,1.1700172314761632,-1.0889836795671783,-1.2002881029701078,0.11130442340292945,-2.5739289211784415,-0.7317868481336776,-4.4160709942232055,1
2025-05-06,1.1279614683676127,1.188110281447444,-0.8268988360904912,-0.7833339848171155,-0.043564851273375726,-2.5054792227032694,-0.5976037293260685,-4.4133547160804705,1
2025-05-07,1.1279614683676127,1.2067777139574958,-0.8046345797005617,-0.3392435260091202,-0.4653910536914415,-2.448751235223925,-0.5037562419029118,-4.393746228544938,1
2025-05-08,1.2560531111689666,1.2291786329695575,-0.044116008573000805,0.21533118782546803,-0.25944719639846886,-2.401098017247873,-0.3840960033921763,-4.41810003110357,1
2025-05-09,1.2340536318667015,1.2487076392877656,-0.15431493583688982,0.7087189699068023,-0.8630339057436921,-2.3640973056708257,-0.316762769961799,-4.411431841379852,0
2025-05-12,1.2662067170007811,1.2578977599080987,0.054681958440128395,0.9258174112217396,-0.8711354527816112,-2.3257947583853085,-0.25389456926567266,-4.397694947504944,0
2025-05-13,1.2552720645665194,1.27972429638139,0.00948377084469723,1.4606310390074975,-1.4511472681628002,-2.292569372750773,-0.2297384522254884,-4.355400293276058,0
2025-05-14,1.2807862535797971,1.2869040781160253,0.17802300639258384,1.5853160183074297,-1.407293011914846,-2.2543306786920656,-0.21279873460139376,-4.295862622782737,0
2025-05-15,1.225201770372299,1.2900631820792647,-0.1443201117380008,1.5993910666379507,-1.7437111783759516,-2.2189146752154794,-0.2179792030600627,-4.219850147370896,0
2025-05-16,1.273496485290289,1.2713957495692132,0.17962926245441335,1.0806927128862382,-0.9010634504318249,-2.188321462061226,-0.1635975912600891,-4.213045332862363,0
2025-05-19,1.2403020046862798,1.2590465249856406,-0.0037445745836982704,0.7400326910283497,-0.7437772656120479,-2.150366253083823,-0.10388115465156922,-4.196851351516076,0
2025-05-20,1.2491538661806822,1.2607696726019528,0.0799127593950247,0.759443075048409,-0.6795303156533843,-2.1153027072752266,-0.04103052315389144,-4.189574891396562,0
2025-05-21,1.2461598542046344,1.2607696726019528,0.08898309090185409,0.7344547910606479,-0.6454717001587938,-2.0831252156525872,0.02174164167450776,-4.187992072979682,0
2025-05-22,1.2296277011195003,1.278288340034463,0.0141329533838322,1.143751443555123,-1.129618490171291,-2.0724939854802935,0.045261794032130265,-4.190249764992718,0
2025-05-23,1.195912522780526,1.265077541642734,-0.19190024683495147,0.7781922502750335,-0.9700924971099849,-2.05394871165787,0.08284228883946287,-4.190739712155203,0
2025-05-26,1.2022910700338454,1.2578977599080987,-0.11939096927693603,0.5678748888233269,-0.687265858100263,-2.0284119030663716,0.13676649900916837,-4.193590305141912,0
2025-05-27,1.1736526946107786,1.2561746122917863,-0.30246981950471813,0.499350076776285,-0.8018198962810031,-2.002980053410137,0.1836370641771441,-4.189597170997418,0
2025-05-28,1.205675605311117,1.2544514646754739,-0.03632858280942528,0.4376646730068246,-0.4739932558162499,-1.9574567547232622,0.24102898844169562,-4.15594249788822,0
2025-05-29,1.2358760739390784,1.2484204480183803,0.2065574801698781,0.26131185503954274,-0.05475437486966464,-1.8978809562168277,0.3100248830160086,-4.105786795449664,0
2025-05-30,1.2177818276490497,1.2472716829408386,0.0830223947123196,0.21434797652324672,-0.13132558181092713,-1.8450336107446836,0.37788462536367184,-4.067951846853039,0
2025-06-03,1.1944806040093727,1.2627800114876506,-0.08099676586919263,0.6051729456556013,-0.686169711524794,-1.8053329413252641,0.41380382267062665,-4.024469705321155,0
2025-06-04,1.2665972403020047,1.2653647329121196,0.5000221587538484,0.6575099934981881,-0.1574878347443397,-1.7490357839916253,0.46294642655007023,-3.9610179945333206,0
2025-06-05,1.3392345743296017,1.274267662263067,1.0844194967010716,0.8727512183698446,0.21166827833122703,-1.6907469734592697,0.540754055109302,-3.9222480020278416,0
2025-06-06,1.346654517052851,1.2771395749569212,1.1387677466834885,0.9313408044353504,0.20742694224813807,-1.6239769194698321,0.5906253989748684,-3.8385792379145327,0
2025-06-09,1.4130434782608696,1.2808730614589316,1.6317492075407547,1.0021666417072579,0.6295825658334968,-1.5575048964724016,0.684541011043142,-3.7995508039879455,0
2025-06-10,1.402889872429055,1.2828834003446297,1.5226670900510515,1.0310768110863717,0.49159027896467977,-1.490271073547876,0.7515874071621103,-3.7321295542578623,0
2025-06-11,1.4056235355376205,1.3012636415852958,1.516224157382257,1.4600757368319746,0.05614842055028246,-1.433236371790005,0.7885446352650356,-3.6550173788450455,0
2025-06-12,1.5100234313980736,1.2989661114302125,2.210536195672013,1.3637449005932996,0.8467912950787135,-1.3628394872018528,0.8760080690190515,-3.601687043422757,0
2025-06-13,1.5184847695912524,1.2975301550832854,2.179598196509671,1.3269461080799894,0.8526520884296818,-1.285606502581766,0.9334922791666789,-3.504705284330211,0
2025-06-16,1.569513147617808,1.31476163124641,2.4108372467416515,1.7282895568924317,0.6825476898492198,-1.2160995611953105,0.9835720634567164,-3.4157711858473374,0
2025-06-17,1.5537620411351212,1.3205054566341181,2.22435163054645,1.8319741652705408,0.39237746527590933,-1.1599944465050487,1.0289927125579013,-3.3489816055679986,0
2025-06-18,1.6279614683676127,1.3167719701321081,2.553606147622345,1.7491203581116417,0.8044857895107032,-1.0867358893219483,1.0651935842422817,-3.238665362886178,0
2025-06-19,1.670137984899766,1.310453762205629,2.634366069353826,1.5789410791275245,1.0554249902263013,-1.0181984678167673,1.140427660426907,-3.1768245960604418,0
2025-06-20,1.6857589169487115,1.3207926479035037,2.5462788577212434,1.7788002342231353,0.7674786234981081,-0.9569568153818756,1.1921627718438748,-3.106076402607626,0
2025-06-23,1.654386878417079,1.3282596209075244,2.242984787606568,1.9028909532747533,0.3400938343318145,-0.9024919887528027,1.2087562634586981,-3.0137402409643035,0
2025-06-24,1.6304347826086958,1.342619184376795,2.015956770756948,2.152937655999086,-0.1369808852421377,-0.8560674239082106,1.1961763025924919,-2.908311150408913,0
2025-06-25,1.6366831554282741,1.3641585295807008,1.9552998655149527,2.455832573056912,-0.5005327075419594,-0.8349441321120873,1.2051751431149218,-2.875063407339096,0
2025-06-26,1.6883624056235356,1.3750717978173463,2.099028865643917,2.49739669310595,-0.39836782746203303,-0.8052384682901506,1.2068833060123378,-2.817360242592639,0
2025-06-27,1.8016141629783913,1.327398047099368,2.4655998500301886,1.471996714876583,0.9936031351536057,-0.7509431097816112,1.2767962741408265,-2.778682493704049,0
2025-06-30,1.8987242905493364,1.3196438828259622,2.681524109193939,1.2742299701777045,1.4072941390162343,-0.6915939254487881,1.3771732638115792,-2.760361114709155,1
2025-07-01,1.8914345222598286,1.3340034462952326,2.4662141424409767,1.4960869515470197,0.970127190893957,-0.6434953887858559,1.4436059331040243,-2.7305967106757363,0
2025-07-02,1.8085134079666756,1.3469270534175761,2.019303303074839,1.6703215610368065,0.34898174203803234,-0.6097040075746983,1.474882582476507,-2.694290597625904,0
2025-07-03,1.8518614944024994,1.3385985066053991,2.068867604991167,1.4549489513944387,0.6139186535967283,-0.5629759179090781,1.5031477238263282,-2.6290995596444846,0
2025-07-04,1.8152824785212185,1.351809304997128,1.846300430036697,1.644898298297156,0.2014021317395409,-0.5121600993707502,1.4738223170600886,-2.498142515801589,0
2025-07-07,1.759307472012497,1.3555427914991385,1.5801237521745328,1.6541406108286596,-0.07401685865412677,-0.4652999428648221,1.4231616553290585,-2.3537615410587027,0
2025-07-08,1.8859671960426974,1.3676048248133257,1.9593881690891006,1.8214244155370605,0.13796375355204016,-0.4257559705212405,1.410639785112052,-2.262151726154533,0
2025-07-09,1.8914345222598286,1.3535324526134407,1.890472903230145,1.5122767401258959,0.3781961631042492,-0.38692882311868526,1.4164644002598297,-2.1903220464972004,0
2025-07-10,1.9082270242124448,1.3854106835152211,1.8640993268497419,2.0149476318187776,-0.15084830496903567,-0.35678261364523745,1.3995270011919696,-2.1130922284824445,0
2025-07-11,1.891174173392346,1.3107409534750143,1.7282960324151215,0.6156833117177991,1.1126127206973224,-0.3121081630300802,1.4552201024372284,-2.079436428497389,0
2025-07-14,1.9502733663108567,1.3087306145893165,1.8473197502469827,0.5534480809922467,1.2938716692547358,-0.2587120259439181,1.5058362245980814,-2.0232602764859178,0
2025-07-15,2.2755792762301486,1.298678920160827,2.730951967629272,0.3402770701408962,2.390674897488376,-0.1849901321067816,1.6464192602642078,-2.0163995244777713,1
2025-07-16,2.222858630564957,1.2955198161975876,2.4060229329679297,0.25618101207162436,2.1498419208963053,-0.11814925590347879,1.7567168821219923,-1.9930153939289497,1
2025-07-17,2.302134860713356,1.2923607122343481,2.4812814045578166,0.17523508235109933,2.306046322206717,-0.0456085747047276,1.8622863525076918,-1.9535035019171472,1
2025-07-18,2.3512106222337934,1.293796668581275,2.4580728921984116,0.1802636614592454,2.2778092307391664,0.017914196215181658,1.9773866468359391,-1.9415582544055758,1
2025-07-21,2.4466284821661026,1.288052843193567,2.546547005158297,0.0389542105568803,2.5075927946014165,0.08248377170516874,2.110501388308255,-1.9455338448979174,1
2025-07-22,2.400937255922937,1.2906375646180355,2.2804996164925053,0.06444389533145034,2.216055721161055,0.13688361762225945,2.216018703911834,-1.9422514686673151,1
2025-07-23,2.423587607393908,1.295807007466973,2.2122605731073963,0.1466728074805709,2.0655877656268253,0.19255052172981693,2.2966790731390083,-1.9115780296793745,0
2025-07-24,2.410830512887269,1.2889144170017233,2.0679735037180254,-0.030281819186750433,2.098255322904776,0.24184497292637433,2.3839618534974525,-1.9002719076447037,0
2025-07-25,2.4110908617547517,1.287478460654796,1.9709489558251019,-0.08997017329770196,2.0609191291228037,0.29494498446732015,2.4570872166469466,-1.8671972477123062,0
2025-07-28,2.4976568601926585,1.276278001148765,2.073077421012472,-0.379832938858611,2.4529103598710833,0.3500899452450021,2.561069366592946,-1.860889476102942,0
2025-07-29,2.7327518875292895,1.2676622630672028,2.463881625336333,-0.663172984391893,3.1270546097282264,0.40035244835042383,2.7235191590366106,-1.9228142623357631,1
2025-07-30,2.741473574589951,1.2757036186099944,2.3348770874261695,-0.5310128383989664,2.865889925825136,0.4488433613020656,2.8543174568443184,-1.956630734240187,1
2025-07-31,2.8327258526425414,1.2774267662263066,2.379736793175654,-0.5418619324097727,2.9215987255854268,0.5052931909566801,2.9814234069781267,-1.9708370250647662,0
2025-08-01,2.7418640978911744,1.2757036186099944,2.0709973701008733,-0.6287833243972457,2.699780694498119,0.5546136558049565,3.086049967288932,-1.9768226556790194,0
2025-08-04,2.713095548034366,1.289488799540494,1.9156910709548138,-0.258208972432615,2.173900043387429,0.6052292216238084,3.142799822832825,-1.9323413795852085,0
2025-08-05,2.7456391564696694,1.2995404939689834,1.8871597069216683,0.014088792800994288,1.873070914120674,0.6509659944055134,3.1791985915830234,-1.8772666027719969,0
2025-08-06,2.7404321791200212,1.295807007466973,1.7936121195022476,-0.10397456503792335,1.897586684540171,0.7067782269505629,3.1937571119571615,-1.7802006580560354,0
2025-08-07,2.713616245769331,1.2966685812751293,1.6697154862312913,-0.08344094787357931,1.7531564341048707,0.7594523843842248,3.1976905613339297,-1.6787857925654799,0
2025-08-08,2.724550898203593,1.2788627225732339,1.623847438331278,-0.6025379364984699,2.2263853748297477,0.8256206602709864,3.202232689726322,-1.5509913691843493,0
2025-08-11,2.795495964592554,1.266513497989661,1.684087612778088,-0.9620232758604098,2.6461108886384976,0.8847402325888252,3.26310655862597,-1.4936260934483199,0
2025-08-12,2.9377766206717006,1.263641585295807,1.8593136828939778,-1.0514268138016425,2.9107404966956203,0.9456488619606196,3.341482183990614,-1.4501844600693747,0
2025-08-13,3.2803957302785736,1.250430786904078,2.330649999841593,-1.4264214250639822,3.757071424905575,1.019592224303269,3.4842589772509776,-1.4450745286444395,1
2025-08-14,3.1172871648008336,1.257323377369328,1.9505011056055785,-1.2203999582245126,3.170901063830091,1.083198437036417,3.5699502402364764,-1.4035533661636423,0
2025-08-15,3.098802395209581,1.2435381964388281,1.8365107108434144,-1.576674968684974,3.4131856795283886,1.1589118398647449,3.6482295595114484,-1.330405879781959,0
2025-08-18,3.384535277271544,1.2495692130959217,2.195038451313801,-1.3839891687905435,3.5790276201043443,1.234730508484984,3.737349579359498,-1.26788856238953,0
2025-08-19,3.586305649570425,1.2464101091326822,2.3762604422181104,-1.457867895636526,3.8341283378546365,1.3100870784175653,3.8493094328755237,-1.2291352760403929,0
2025-08-20,3.4859411611559494,1.2478460654796095,2.110199565381972,-1.4061485411665666,3.5163481065485387,1.382056545131391,3.922568976364878,-1.1584558861020957,0
2025-08-21,3.4524863316844576,1.2484204480183803,1.9669581006551395,-1.3820253982446347,3.3489834988997744,1.445772824376658,3.988689810416494,-1.0971441616631779,0
2025-08-22,3.630564957042437,1.2423894313612867,2.126666413030665,-1.5415498249770063,3.6682162380076715,1.5078223345912805,4.083279636316815,-1.0676349671342549,0
2025-08-25,4.1655818797188235,1.2599080987937965,2.71140151109876,-1.0670600262111827,3.778461537309943,1.5729854532432952,4.177423415216269,-1.0314525087296784,0
2025-08-26,4.087477219474096,1.2498564043653073,2.445845232540036,-1.333711922757952,3.779557155297988,1.647414234357008,4.244459233117067,-0.949630764403051,0
2025-08-27,4.231970840926842,1.234922458357266,2.477961417339332,-1.7038764517363976,4.181837869075729,1.7197363294206758,4.353741885924654,-0.9142692270833019,0
2025-08-28,4.673652694610778,1.234348075818495,2.816089226475722,-1.6658566554911938,4.481945881966916,1.7909076228146041,4.489141746449668,-0.9073265008204605,0
2025-08-29,4.620151002343141,1.2317633543940265,2.563662774463618,-1.6766840300426937,4.240346804506312,1.8581229538522404,4.596527303515206,-0.880281395810725,0
2025-09-01,5.28638375423067,1.2056289488799539,3.0433842030818457,-2.2294053968242507,5.272789599906096,1.9355097377534503,4.792549513080442,-0.921530037573542,1
2025-09-02,4.998698255662588,1.247558874210224,2.5417575648883215,-1.1504663323589315,3.6922238972472528,1.988853631391493,4.855729118013295,-0.8780218552303096,0
2025-09-03,5.547904191616767,1.2320505456634119,2.8609435636587572,-1.478409128973356,4.339352692632113,2.0602403692595233,4.944606345441695,-0.8241256069226486,0
2025-09-04,4.805259047123145,1.2363584147041928,2.0216804330247116,-1.3277392413900313,3.349419674414743,2.1019508422484576,4.987317232742172,-0.7834155482452569,0
2025-09-05,5.298099453267379,1.228029867892016,2.3434024679113565,-1.471662473093256,3.8150649410046125,2.151324389791373,5.0510789207966,-0.7484301412138534,0
2025-09-08,4.8163238739911485,1.2185525560022976,1.8135291173545098,-1.62341213954539,3.4369412568998996,2.1972309492422175,5.08960036113314,-0.6951384626487047,0
2025-09-09,4.67703722988805,1.2300402067777139,1.6207279439450883,-1.310057600347139,2.9307855442922275,2.239537750559156,5.098585551488647,-0.6195100503703346,0
2025-09-10,5.01171569903671,1.234922458357266,1.835426209324673,-1.1584333916916294,2.993859601016302,2.2760273140842493,5.116396284701753,-0.5643416565332542,0
2025-09-11,5.7272845613121595,1.2435381964388281,2.3170910042563158,-0.9335227144887033,3.250613718745019,2.3126137928928947,5.145569352831208,-0.520341767045418,0
2025-09-12,5.494532673782869,1.221711659965537,2.0138096263107923,-1.372979336676115,3.3867889629869072,2.356268965217708,5.1730493358035705,-0.46051140536815405,0
2025-09-15,5.311377245508982,1.2125215393452038,1.7824655883281748,-1.517184661751313,3.2996502500794875,2.4055949054801693,5.182121636084874,-0.37093182512453504,0
2025-09-16,5.355636552980995,1.1990235496840895,1.7432786006249616,-1.7425903296922107,3.4858689303171726,2.4659757357394914,5.174315457969707,-0.24236398649072433,0
2025-09-17,5.287685498568082,1.199310740953475,1.623916480863406,-1.6856698719244974,3.3095863527879033,2.5294777200783223,5.1314631570630205,-0.07250771690637592,0
2025-09-18,5.3293413173652695,1.1726019529006317,1.594293689183356,-2.194190963028973,3.788484652212329,2.599258594739562,5.104615537913048,0.09390165156607555,0
2025-09-19,5.486852382192138,1.1774842044801839,1.6503316659198235,-1.9868380065860332,3.6371696725058564,2.6433180370287657,5.12669536722013,0.15994070683740214,0
2025-09-22,5.441291330382714,1.1751866743251005,1.5535082097040043,-1.9378100206301587,3.491318230334163,2.6780517718840646,5.149373617207052,0.20672992656107647,0
2025-09-23,5.65334548294715,1.1932797242963813,1.6489840774667892,-1.506035619648049,3.155019697114838,2.714466646987746,5.147509611231639,0.2814236827438532,0
2025-09-24,5.51288726894038,1.186674325100517,1.4873471370422982,-1.5926318469340626,3.0799789839763605,2.759983267686718,5.113909971018922,0.4060565643545151,0
2025-09-25,5.657380890393128,1.1723147616312464,1.5389163803637298,-1.820917717062565,3.359834097426295,2.8057485250838776,5.095858156117462,0.5156388940502938,0
2025-09-26,5.385316323873991,1.1717403790924754,1.2912128513785845,-1.7778333128065558,3.0690461641851403,2.8535425922913045,5.039902936626004,0.667182247956605,0
2025-09-29,5.4250195261650616,1.1682940838598506,1.2801065731739039,-1.8002283340938627,3.0803349072677664,2.9061151217233356,4.953395725719851,0.8588345177268204,0
2025-09-30,5.254881541265296,1.1605399195864445,1.1158514663515062,-1.9257837391583288,3.0416352055098352,2.9545096459226325,4.868556038614061,1.0404632532312044,0
2025-10-09,5.191486592033325,1.1582423894313612,1.0349836831447856,-1.9255161415249722,2.960499824669758,2.9975480402820573,4.788092262435411,1.2070038181287042,0
2025-10-10,5.076802915907316,1.1539345203905802,0.9173493538362077,-2.0273269751878567,2.9446763290240643,3.0491401175152757,4.637656285697399,1.4606239493331523,0
2025-10-13,4.907445977609998,1.1519241815048822,0.7588909514639225,-1.9834634896951122,2.742354441159035,3.076302479522971,4.5837893274853165,1.5688156315606259,0
2025-10-14,4.50533715178339,1.1849511774842043,0.41566003588533534,-1.2097482844142178,1.625408320299553,3.081828090373718,4.564972302657502,1.5986838780899342,0
2025-10-15,4.6097370476438435,1.1918437679494542,0.47553033599193734,-1.0217753163564331,1.4973056523483705,3.0669386029547177,4.595548006196978,1.5383291997124573,-1
2025-10-16,4.777011195001302,1.204192992533027,0.5871619404287031,-0.7157530491653374,1.3029149895940404,3.05282315409968,4.630727732614769,1.474918575584591,-1
2025-10-17,4.8633168445717265,1.1944284893739232,0.6332872082014017,-0.9086268523296017,1.5419140605310035,3.040087616405085,4.654424572933808,1.425750659876362,0
2025-10-20,5.246029679770894,1.189546237794371,0.9272957452642977,-0.9891812070487672,1.916476952313065,3.03406541176465,4.662603130736805,1.405527692792495,0
2025-10-21,5.747201249674564,1.2056289488799539,1.3142640535249137,-0.5905116490340045,1.9047757025589183,3.024018460230608,4.673076909879455,1.3749600105817612,0
2025-10-22,5.783650091122104,1.204767375071798,1.3056612407992099,-0.5855025197621843,1.891163760561394,3.0186035942206138,4.680537424904632,1.356669763536596,0
2025-10-23,5.739130434782609,1.2130959218839747,1.2308161489706588,-0.361517812725209,1.5923339616958678,3.0107160308217646,4.695385246956201,1.3260468146873279,0
2025-10-24,6.430617026815934,1.204767375071798,1.7707521057171407,-0.5392294149454576,2.3099815206625984,3.014244800784395,4.692012185362175,1.3364774162066155,0
2025-10-27,6.625097630825307,1.1944284893739232,1.8701679350382845,-0.7682922648212706,2.638460199859555,3.023870485296674,4.685942912363019,1.3617980582303293,0
2025-10-28,6.677948450924239,1.1947156806433086,1.847133043012419,-0.7341079284971904,2.5812409715096094,3.026009328823983,4.685421130812989,1.3665975268349766,0
2025-10-29,6.778443113772456,1.1708788052843195,1.8581474780982574,-1.2935760987626552,3.1517235768609124,3.0264204782761945,4.685946341282285,1.3668946152701047,0
2025-10-30,6.70059880239521,1.183228029867892,1.7281317624790045,-0.9500497143201698,2.6781814767991743,3.0232920041257616,4.684755478482007,1.3618285297695158,0
2025-10-31,6.157380890393127,1.1743251005169444,1.2289274068621132,-1.1414783372891402,2.3704057441512534,3.014105454435192,4.68393043895149,1.3442804699188937,0
2025-11-03,6.248372819578235,1.2001723147616312,1.2713625342902126,-0.45270052311225883,1.7240630574024713,2.9978434938169314,4.698834143631059,1.2968528440028038,0
2025-11-04,6.2197344441551685,1.2352096496266514,1.214768461884872,0.5010732334020565,0.7136952284828155,2.9735067469018546,4.761984168036251,1.1850293257674585,-1
2025-11-05,6.209450663889612,1.2291786329695575,1.1761072073792846,0.3868384522940657,0.7892687550852189,2.9554433775845967,4.809810077123586,1.1010766780456076,-1
2025-11-06,6.468107263733403,1.2159678345778289,1.375674546091098,0.05537078262794878,1.3203037634631491,2.9458219955666465,4.828293061748619,1.063350929384674,0
2025-11-07,6.379198125488155,1.2208500861573808,1.2683387475158343,0.24918032256831119,1.0191584249475232,2.933588695414024,4.856688903478988,1.0104884873490598,0
2025-11-10,6.378547253319448,1.2268811028144744,1.2450978781399313,0.48008858308001523,0.7650092950599161,2.9092324274178605,4.904432497465303,0.9140323573704183,-1
2025-11-11,6.092814371257486,1.2337736932797243,0.9508296485460805,0.7357959319198131,0.21503371662626747,2.86871447455099,4.980956683339517,0.7564722657624623,-1
2025-11-12,6.401327779224161,1.232912119471568,1.23727418379958,0.7399530868333457,0.4973210969662343,2.8284908178888335,5.027608965539558,0.62937267023810906,-1
2025-11-13,6.261390262952356,1.2409534750143596,1.0685036613113086,1.022054566210917,0.046449095100391524,2.7666471123920804,5.065958650061837,0.4673355747223238,-1
2025-11-14,6.024733142410831,1.2421022400919013,0.7995400321416578,1.0820613889365827,-0.28252135679492485,2.7090900720483297,5.136560446037061,0.2816196980595982,-1
2025-11-17,6.290028638375423,1.2248707639287766,1.076562164838537,0.5074515398366377,0.5691106250018994,2.661688821139555,5.143691591440691,0.1796860508384186,0
2025-11-18,6.156079146055715,1.2314761631246411,0.9046866829518552,0.75443196761899,0.15025471533286516,2.6045426060600305,5.157504743917059,0.051580468203002106,0
2025-11-19,6.360322832595679,1.241240666283745,1.1259131064770793,1.1024775518355416,0.02343555464153768,2.541031059673146,5.158353287955161,-0.07629116860886942,0
2025-11-20,6.404582140067691,1.2415278575531303,1.1663275537076767,1.121404429309197,0.044923124398479786,2.483173976637311,5.165463736479718,-0.19911578320509626,0
2025-11-21,6.040223900026035,1.234922458357266,0.685623049240295,0.9049988453566089,-0.21937579611631386,2.4237013217203764,5.184976329255855,-0.3375736858151024,0
2025-11-24,5.946368133298621,1.2242963813900059,0.5370269104374498,0.5431464541755434,-0.006119543738093647,2.362462392024614,5.173983902566425,-0.44905911851719704,0
2025-11-25,6.243946888831035,1.2421022400919013,0.9391761162860754,1.2125304027192547,-0.27335428643317927,2.294932128295562,5.162193155878414,-0.572328899287291,0
2025-11-26,7.071335589690186,1.2421022400919013,2.0945053339103596,1.225236791131943,0.8692685427784166,2.246427318086902,5.109988367038497,-0.6171337308646936,0
2025-11-27,6.821140328039574,1.2403790924755886,1.6851285311738524,1.1544841227665463,0.5306444084073061,2.1855740937424284,5.0369863854276,-0.6658381979427426,0
2025-11-28,6.6974746159854215,1.233486502010339,1.4522454861326686,0.9032978371125621,0.5489476490201065,2.120024123193315,4.93732006987186,-0.69727182348523,0
2025-12-01,7.003384535277272,1.247558874210224,1.8425511156307879,1.3934606725604146,0.44909044307037327,2.0568365171693825,4.850652306832898,-0.7369792724941329,0
2025-12-02,7.055454308773758,1.2458357265939115,1.8297240211241899,1.28816185422125,0.5415621669029398,1.9779827266193297,4.667704219871433,-0.711738766632773,0
2025-12-03,6.817625618328561,1.2352096496266514,1.4299754485534413,0.9241387664332671,0.5058366821201742,1.9248762730338786,4.60271689944346,-0.7529643533757031,0
2025-12-04,6.970840926841968,1.241240666283745,1.5846682539938335,1.1295595292314027,0.4551087247624308,1.8601388735693838,4.487876356438655,-0.7675986092998868,0
2025-12-05,6.991017964071856,1.2478460654796095,1.5587040411484905,1.3483424970636548,0.21036154408483565,1.8078212380638858,4.439935718952721,-0.8242932428249488,0
2025-12-08,7.419942723249155,1.2400919012062033,2.05105219715692,1.0592659926966086,0.9917862044603114,1.7607665924548137,4.347465692579137,-0.8259325076695097,0
2025-12-09,7.888570684717522,1.2360712234348075,2.5270812953579855,0.9013706005072816,1.6257106948507039,1.7305794164206603,4.279709319342324,-0.8185504865010036,0
2025-12-10,8.018745118458735,1.1975875933371627,2.540923845467892,-0.43053069574021935,2.9714545412081113,1.731257233035925,4.281706603528962,-0.8191921374571112,0
2025-12-11,7.638765946368133,1.1970132107983917,1.9602713853991636,-0.4307245444499823,2.390995929849146,1.721209505183139,4.256127882128768,-0.8137088717624892,0
2025-12-12,7.5761520437386105,1.1987363584147042,1.7940961263767443,-0.3475115317280356,2.14160765810478,1.7027260708391354,4.208284285174776,-0.8028321434965051,0
2025-12-15,7.431137724550899,1.2004595060310166,1.5518411746210816,-0.27357034011033216,1.8254115147314138,1.6767031133682104,4.14324156784747,-0.789835341111049,0
2025-12-16,7.182895079406404,1.1975875933371627,1.2107557827826125,-0.36715519797894963,1.577910980761562,1.6480074588795783,4.077524007931548,-0.7815090901723913,0
2025-12-17,7.680031241864099,1.1924181504882252,1.728151779204432,-0.5472180759544756,2.2753698551589077,1.6278324742936072,4.01500226516496,-0.7593373165777457,0
2025-12-18,7.4355636552981,1.216829408385985,1.3892449672395262,0.3141882629289211,1.075056704310605,1.5905903134856523,3.940463667241025,-0.7592830402697204,0
2025-12-19,7.442072376985162,1.2059161401493395,1.347721625610815,-0.0967208480520556,1.4444424736628707,1.5515229438431615,3.829600331113692,-0.7265544434273694,0
2025-12-22,8.038271283519917,1.1995979322228605,1.939466855569013,-0.34229032027969925,2.2817571758487123,1.5289327355655424,3.7490234391105286,-0.6911579679794437,0
2025-12-23,8.083832335329342,1.203618609994256,1.8964385142898714,-0.21531788736793386,2.1117564016578054,1.5059400384209363,3.6712575208359954,-0.6593774439941227,0
2025-12-24,8.258266076542567,1.201321079839173,1.9816699815101788,-0.3061174207141146,2.287787402224293,1.4914861668394273,3.623345127420868,-0.6403727937420136,0
2025-12-25,8.328560270762821,1.1998851234922459,1.9552422769853122,-0.3695009624036711,2.324743239388983,1.4788989044296377,3.5813209996199085,-0.6235231907606333,0
2025-12-26,8.16193699557407,1.1975875933371627,1.7036918580236649,-0.47819083250611727,2.181882690529782,1.4592663809813624,3.5116445496767508,-0.593111787714026,0
2025-12-29,8.044780005206977,1.2024698449167144,1.524273988066869,-0.318174489434734,1.842448477501603,1.4388230862033033,3.4499976320393255,-0.5723514596327188,0
2025-12-30,8.227024212444677,1.2142446869615164,1.6413664276905944,0.10908777298781787,1.5322786547027765,1.4130221486605536,3.3777168310386507,-0.5516725337175434,0
2025-12-31,7.940640458214007,1.209075244112579,1.3100242303921867,-0.1317083917473332,1.44173262213952,1.3863571056043815,3.3040031547888984,-0.5312889435801353,0
2026-01-05,8.116506118198387,1.2162550258472142,1.4381452730635478,0.1282065762180609,1.309938696845487,1.3588477534739771,3.2314633005909905,-0.5137677936430363,0
2026-01-06,7.8788076021869315,1.2271682940838597,1.1653927640686361,0.5742102001037829,0.5911825639648532,1.319622857389657,3.155347525392293,-0.5161018106129791,0
2026-01-07,8.065607914605572,1.210511200459506,1.3216436833384855,-0.24089102116172123,1.5625347045002067,1.2999591951120097,3.098592311066759,-0.4986739208427393,0
2026-01-08,7.751236657120542,1.1941412981045376,0.9816549375454162,-1.0560775816676107,2.037732519213027,1.306831265093901,3.113654581746707,-0.49999205155890514,0
2026-01-09,7.591772975787556,1.186099942561746,0.7928944964050483,-1.4379757672512465,2.230870263656295,1.3190573419490332,3.1409878472554853,-0.502873163357419,0
2026-01-12,7.7059359541786,1.1809304997128087,0.9056558142701946,-1.6370103055455474,2.542666119815742,1.3397198607860614,3.1888230843047864,-0.5093833627326638,0
2026-01-13,7.625097630825307,1.1812176909821943,0.7940452524447813,-1.5906772333787744,2.3847224858235556,1.3537666678742706,3.2218256534447347,-0.5142923176961935,0
2026-01-14,7.719343920853945,1.1507754164273407,0.8898114858711873,-2.8197026590724525,3.7095141449436397,1.3836506210847803,3.343442633261061,-0.5761413910915005,1
2026-01-15,8.13616245769331,1.1519241815048822,1.3817169091847077,-2.5719074637648505,3.953624372949558,1.4177980989246242,3.483085135277305,-0.6474889374280568,1
2026-01-16,8.031762561832856,1.1120045950603101,1.212398950603817,-3.6664314338330275,4.878830384436845,1.4675925426558818,3.7153138857870034,-0.7801288004752398,1
2026-01-19,7.882061963030462,1.107122343480758,0.9898063628019801,-3.3866682819897536,4.376474644791734,1.5139948873741462,3.8838271741268136,-0.8558373993785213,1
2026-01-20,7.6152043738609745,1.1122917863296955,0.6117127205338594,-2.9240540002628914,3.535766720796751,1.5344246407097155,3.9528072614578185,-0.8839579800383874,0
2026-01-21,7.574850299401198,1.0982194141298105,0.5377344322313059,-3.0343619624028686,3.5720963946341744,1.549985243955959,4.008938550264496,-0.908968062352578,0
2026-01-22,8.083832335329342,1.0870189546237794,1.1771054382838242,-3.02821495077818,4.205320389062004,1.5770532342484989,4.116618302973462,-0.9625118344764643,1
2026-01-23,7.6152043738609745,1.07696726019529,0.5373194014978302,-3.0029403446172074,3.5402597461150376,1.583528837069401,4.14134292639191,-0.974285252253108,0
2026-01-26,7.677688102056756,1.0919012062033315,0.5990932437990312,-2.475658441206796,3.074751685005827,1.5901383405395122,4.161472499977803,-0.981195818898779,0
2026-01-27,8.013538141109088,1.0941987363584147,1.0126114540947093,-2.2908162746492526,3.303427728743962,1.6056887069493904,4.207324242405798,-0.9959468285070181,0
2026-01-28,8.174954438948191,1.0855829982768523,1.1900465557269362,-2.3194303367110938,3.50947689243803,1.635445604199983,4.283025293533504,-1.0121340851335379,0
2026-01-29,7.990757615204375,1.1065479609419875,0.9127531130747953,-1.8021760797333994,2.714929192808195,1.6687995036054062,4.319564225045141,-0.9819652178343286,0
2026-01-30,8.44832074980474,1.110568638713383,1.484566979142198,-1.6483653364297455,3.1329323155719435,1.7078605629468515,4.374925607579016,-0.9592044816853122,0
2026-02-02,7.693309034105702,1.104250430786904,0.43529105415049485,-1.6947593034242505,2.1300503575747456,1.7213563395153781,4.388638916388707,-0.9459262373579516,0
2026-02-03,7.676386357719346,1.099942561746123,0.38815708094213,-1.6990613515423152,2.087218432484445,1.7391573396409934,4.401628559642077,-0.9233138803600902,0
2026-02-04,7.289768289507942,1.1203331418724871,-0.175605430657031,-1.271441729730677,1.095836299073646,1.7446711230412224,4.400297451547981,-0.9109552054655365,0
2026-02-05,7.315673001822443,1.140436530729466,-0.1730451373368468,-0.8699035492167851,0.6968584118799384,1.7527015346287835,4.3923783482141925,-0.8869752789566254,0
2026-02-06,7.029549596459256,1.1372774267662262,-0.6178125275852495,-0.8980887167829029,0.2802761891976534,1.7490841194993072,4.396343053588925,-0.8981748145903108,0
2026-02-09,7.367742775318928,1.1338311315336014,-0.14539607136766333,-0.9301981371263582,0.7848020657586949,1.7613900023436122,4.383195445272521,-0.8604154405852966,0
2026-02-10,7.233923457432962,1.1298104537622058,-0.39756916229054867,-0.9717810774301237,0.574211915139575,1.7756688902091875,4.3612754083331176,-0.8099376279147423,0
2026-02-11,6.924108305128873,1.131533601378518,-0.9320170235113305,-0.9093695305009615,-0.022647493010369057,1.7658062549089826,4.374545133347037,-0.842932623529072,0
2026-02-12,6.866180682114034,1.1197587593337164,-1.0812544119704672,-1.0900333208788122,0.008778908908344984,1.7634483248019073,4.378375528398939,-0.8514788787951246,0
2026-02-13,6.912262431658423,1.1117174037909248,-1.043557299253699,-1.1975781103471064,0.15402081109340737,1.7656247457427718,4.374872074122967,-0.8436225826374235,0
2026-02-24,7.211663629263214,1.118322802986789,-0.5648322120659807,-1.0410218112874332,0.47618959922145254,1.7728125203231546,4.365099129371471,-0.8194740887251613,0
2026-02-25,7.368784170788858,1.1137277426766226,-0.3451081680468384,-1.0892704215966416,0.7441622535498031,1.78887148781759,4.342607124997124,-0.7648641493619437,0
2026-02-26,7.448841447539704,1.1114302125215394,-0.2622146160998073,-1.0942964647548696,0.8320818486550623,1.8028415110241425,4.325616927245649,-0.7199339051973643,0
2026-02-27,6.951314761780787,1.1128661688684665,-1.3926422711747415,-1.0340999767617975,-0.35854229441294394,1.8014217108911466,4.329041453737353,-0.7261980319550594,0
2026-03-02,7.4274928404061455,1.110568638713383,-0.3659042322022164,-1.0432434585843056,0.6773392263820892,1.7982228889512075,4.331121624014157,-0.7346758461117424,0
2026-03-03,7.339234574329602,1.125215393452039,-0.5936869536942229,-0.7421583651452258,0.14847141145100295,1.791853339001936,4.339597259480046,-0.7558905814761738,0
2026-03-04,7.016401978651394,1.1085582998276853,-1.3651731927855837,-1.0241663789634525,-0.34100681382213116,1.7770207646212322,4.3642555826770435,-0.810214053434579,0
2026-03-05,7.250715959385578,1.1243538196438827,-0.8420272878291261,-0.6973017774410069,-0.1447255103881192,1.7671238320635907,4.379443366411346,-0.8451957022841645,0
2026-03-06,7.1007550117157,1.12578977599081,-1.1970455403196185,-0.6438193546961198,-0.5532261856234987,1.7488773595214833,4.410840362607035,-0.9130856435640686,0
2026-03-09,6.847045040354075,1.114014933946008,-1.7964754403037613,-0.8491848148853739,-0.9472906254183874,1.7246585710625073,4.4581070341962326,-1.008789892071218,0
2026-03-10,7.120541525644364,1.1263641585295807,-1.1694831633379692,-0.5754347028646826,-0.5940484604732866,1.7071726179752453,4.486691810106103,-1.0723465741556122,0
2026-03-11,7.220515490757615,1.1344055140723721,-0.9525714070445972,-0.38303551347589865,-0.5695358935686985,1.6941743273476866,4.509234230115956,-1.1208855754205822,0
2026-03-12,6.961728716480083,1.1344055140723721,-1.5252462294856313,-0.3560452764359544,-1.169200953049677,1.6581578747225199,4.56361773923357,-1.2473019897885305,0
2026-03-13,7.055714657641239,1.1418724870763928,-1.2589210914691045,-0.16328667236103217,-1.0956344191080722,1.612802122823207,4.604020021515076,-1.3784157758686626,0
2026-03-16,7.311897943243948,1.146180356117174,-0.6387143042236896,-0.04725011963165517,-0.5914641845920344,1.553420144059871,4.576217165434559,-1.469376877314817,0
2026-03-17,7.068471752147879,1.1522113727742676,-1.171510128570737,0.10841756140807815,-1.2799276899788152,1.492238083729405,4.593653114627088,-1.6091769471682784,0
2026-03-18,7.550117156990368,1.1464675473865595,-0.05800379294605042,-0.0039074494488058435,-0.05409634349724457,1.4556430170360382,4.577637723727889,-1.6663516896558135,0
2026-03-19,7.487633428794586,1.1421596783457784,-0.2046206931253966,-0.08284975293529813,-0.12177094019009847,1.4231899761206794,4.569932877088909,-1.72355292484755,0
2026-03-20,7.96667534496225,1.1415852958070074,0.8727946786156375,-0.0753427077933194,0.948137386408957,1.4126937495481362,4.561537946199622,-1.73615044710335,0
2026-03-23,7.805519395990628,1.1108558299827684,0.49444428215041786,-0.7837324005100368,1.2781766826604546,1.3960738633398286,4.536912607187736,-1.7447648805080782,0
2026-03-24,7.851991668836242,1.1272257323377368,0.5846235515655702,-0.3626936587535635,0.9473172103191337,1.393944871773304,4.535841759464799,-1.747952015918191,0
2026-03-25,8.180161416297839,1.1275129236071222,1.29477983274779,-0.3301629598768948,1.6249427926246849,1.3969532104226674,4.5393923883259495,-1.745485967480615,0
2026-03-26,7.995313720385318,1.1361286616886848,0.8775614223489052,-0.08725226214781318,0.9648136844967183,1.3750041522334677,4.510693621995213,-1.760685317528278,0
2026-03-27,7.784431137724551,1.1326823664560597,0.4123757855826087,-0.1491522434988359,0.5615280290814446,1.3491670126905286,4.485709162602231,-1.787375137221174,0
2026-03-30,7.66831554282739,1.1338311315336014,0.171619899771862,-0.09130976010663977,0.2629296598785018,1.3154193836514316,4.454452430395125,-1.8236136630922613,0
2026-03-31,7.412262431658423,1.1292360712234348,-0.4020484846278339,-0.188460320813669,-0.21358816381416487,1.2731138602647127,4.425205325286715,-1.878977604757289,0
2026-04-01,7.834808643582401,1.1435956346927054,0.6338898701740275,0.24096400052044376,0.3929258696535838,1.2432979132501096,4.394265691161451,-1.9076698646612311,0
2026-04-02,7.5761520437386105,1.1418724870763928,0.023768010748676512,0.22790047533781924,-0.20413246458914272,1.2091882308819304,4.378031089262305,-1.9596546274984445,0
2026-04-03,7.895339755272065,1.131533601378518,0.8372910274832813,-0.03727719289534904,0.8745682203786304,1.1982263903098613,4.367073243222254,-1.9706204626025317,0
2026-04-07,8.064696693569383,1.1197587593337164,1.2489592160147036,-0.37308834275527847,1.622047558769982,1.2012316392537024,4.371359640417603,-1.9688963619101982,0
2026-04-08,8.957823483467848,1.137851809304997,3.17677609944587,0.2752328372702962,2.901543262175574,1.2277583820092037,4.4280789970526255,-1.9725622330342183,0
2026-04-09,9.02134860713356,1.1275129236071222,3.0224810098106474,-0.029940662701585997,3.0524216725122333,1.2687790338183267,4.49886507239965,-1.9613070047629968,0
2026-04-10,9.56326477479823,1.1260769672601953,3.647193377530092,-0.03421076706018267,3.681404144590275,1.3040935244864946,4.5930386856766265,-1.9848516367036368,0
2026-04-13,9.606873210101536,1.1194715680643308,3.3083506020208584,-0.28457252876395295,3.5929231307848113,1.3300133680126909,4.666644354615589,-2.006617618590207,0
2026-04-14,10.062483728195783,1.123779437105112,3.5483573790479817,-0.040403698422976156,3.588761077470958,1.3526448815762686,4.732274642367429,-2.026984879214892,0
2026-04-15,10.15334548294715,1.1458931648477886,3.2720067847107326,1.1547575507086898,2.117249234002043,1.3455546001460403,4.7168033092333825,-2.025694108941302,0
2026-04-16,10.539052330122365,1.146180356117174,3.348923756615774,1.2889593469179492,2.059964409697825,1.3401419655439448,4.705641823628095,-2.025357892540205,0
2026-04-17,11.077844311377246,1.134979896611143,3.4965185854219936,0.6809779158397968,2.8155406695821967,1.3252424076212541,4.655807067840679,-2.0053222525981713,0
2026-04-20,11.064826868003125,1.1450315910396323,3.1296706054195575,1.2794562093207338,1.8502143960988238,1.2901855746737418,4.551777304628448,-1.9714061552809647,0
2026-04-21,11.258266076542569,1.1450315910396323,3.0030939053724883,1.2353112331148082,1.7677826722576802,1.238334779470756,4.363938516780484,-1.8872689578389719,0
2026-04-22,11.541525644363448,1.141298104537622,2.9536595939518344,0.986688805142828,1.9669707888090064,1.1981763818710438,4.219960095378937,-1.823607331636849,0
2026-04-23,11.676646706586828,1.14330844342332,2.801468612233665,1.0664458751338795,1.7350227370997855,1.168163982142761,4.130694837120514,-1.7943668728349922,0
2026-04-24,11.546342098411873,1.1309592188397473,2.5047278482280166,0.33444329912627624,2.1702845491017406,1.144800451383887,4.051803008582259,-1.7622021058144848,0
2026-04-27,11.156339494923198,1.1309592188397473,2.0964817595299006,0.3048234717962739,1.7916582877336267,1.1045727496950808,3.9041107108352984,-1.6949652114451368,0
2026-04-28,10.739390783650093,1.1372774267662262,1.7220314734842277,0.6810122797642406,1.041019193719987,1.0629187404884965,3.788431639008445,-1.6625941580314518,0
2026-04-29,11.01275709450664,1.1056863871338312,1.8201460284562283,-1.463664750992776,3.2838107794490043,1.0664030587292161,3.8028905324454483,-1.6700844149870162,0
2026-04-30,11.162457693309035,1.0990809879379668,1.8305570637178192,-1.9415536856710718,3.772110749388891,1.0742144424066316,3.8392047498500803,-1.6907758650368174,0
2026-05-06,11.142931528247853,1.0913268236645606,1.7387349529811262,-2.527831796067463,4.2665667490485895,1.0868326066834744,3.9034580081383874,-1.7297927947714387,1
2026-05-07,11.422416037490239,1.0898908673176335,1.8257278872006166,-2.509909605668654,4.335637492869271,1.1138444116844923,4.02353123223635,-1.795842408867366,1
2026-05-08,11.533454829471493,1.0896036760482481,1.8091033138795862,-2.403575651778049,4.212678965657635,1.1318401891859204,4.104988042274246,-1.8413076639024049,1
2026-05-11,12.23808903931268,1.0904652498564043,2.104086235626698,-2.2688753863999107,4.372961622026608,1.1692220435934513,4.2479497218704125,-1.9095056346835098,1
2026-05-12,13.251627180421766,1.0884549109707065,2.494376851706752,-2.326240124523763,4.820616976230515,1.2147786859892196,4.426771718989988,-1.9972143470115484,1
2026-05-13,13.657901588128093,1.0878805284319357,2.520566558540433,-2.2289781230705277,4.749544681610961,1.2756738256981746,4.614527725473466,-2.063180074077117,1
2026-05-14,14.032803957302788,1.085870189546238,2.51939000909815,-2.2092911400850626,4.728681149183212,1.3428708713198958,4.794713904811576,-2.108972162171784,0
2026-05-15,13.666623275188753,1.0812751292360712,2.2038338442295378,-2.3124781097551987,4.5163119539847365,1.4134714673996804,4.949168881716238,-2.1222259469168767,0
