date,cum_ret_high,cum_ret_low,z_high,z_low,spread,spread_mean,upper_band,lower_band,signal
2023-05-16,1,1,NA,NA,NA,NA,NA,NA,NA
2023-05-17,1.0520974289580516,0.9739810497819222,NA,NA,NA,NA,NA,NA,NA
2023-05-18,1.1062246278755077,0.9682659046473154,NA,NA,NA,NA,NA,NA,NA
2023-05-19,1.0933694181326117,0.9732290570010528,NA,NA,NA,NA,NA,NA,NA
2023-05-22,1.0426251691474966,0.9974432245450443,NA,NA,NA,NA,NA,NA,NA
2023-05-23,1.030446549391069,0.9822529703714845,NA,NA,NA,NA,NA,NA,NA
2023-05-24,1.0027063599458728,0.9685667017596633,NA,NA,NA,NA,NA,NA,NA
2023-05-25,1.1028416779431665,0.962249962400361,NA,NA,NA,NA,NA,NA,NA
2023-05-26,1.1359945872801083,0.9643555421867952,NA,NA,NA,NA,NA,NA,NA
2023-05-29,1.2110960757780784,0.951571664912017,NA,NA,NA,NA,NA,NA,NA
2023-05-30,1.2198917456021652,0.9314182583847196,NA,NA,NA,NA,NA,NA,NA
2023-05-31,1.2212449255751017,0.9099112648518575,NA,NA,NA,NA,NA,NA,NA
2023-06-01,1.2124492557510151,0.75379756354339,NA,NA,NA,NA,NA,NA,NA
2023-06-02,1.206359945872801,0.7644758610317341,NA,NA,NA,NA,NA,NA,NA
2023-06-05,1.280784844384303,0.7477816212964356,NA,NA,NA,NA,NA,NA,NA
2023-06-06,1.232746955345061,0.7437208602797414,NA,NA,NA,NA,NA,NA,NA
2023-06-07,1.2198917456021652,0.7414648819371334,NA,NA,NA,NA,NA,NA,NA
2023-06-08,1.2077131258457376,0.7411640848247858,NA,NA,NA,NA,NA,NA,NA
2023-06-09,1.3288227334235454,0.7331929613475712,NA,NA,NA,NA,NA,NA,NA
2023-06-12,1.4445196211096076,0.7432696646112198,NA,NA,NA,NA,NA,NA,NA
2023-06-13,1.489851150202977,0.7521431794254776,NA,NA,NA,NA,NA,NA,NA
2023-06-14,1.5419485791610283,0.7557527447736502,NA,NA,NA,NA,NA,NA,NA
2023-06-15,1.5317997293640055,0.7682358249360807,NA,NA,NA,NA,NA,NA,NA
2023-06-16,1.6278755074424898,0.7677846292675591,NA,NA,NA,NA,NA,NA,NA
2023-06-19,1.790257104194858,0.7581591216724319,NA,NA,NA,NA,NA,NA,NA
2023-06-20,1.7611637347767255,0.7553015491051286,NA,NA,NA,NA,NA,NA,NA
2023-06-21,1.6576454668470908,0.7467288314032186,NA,NA,NA,NA,NA,NA,NA
2023-06-26,1.5622462787550744,0.7316889757858325,NA,NA,NA,NA,NA,NA,NA
2023-06-27,1.556833558863329,0.7219130696345316,NA,NA,NA,NA,NA,NA,NA
2023-06-28,1.5548037889039243,0.7214618739660099,NA,NA,NA,NA,NA,NA,NA
2023-06-29,1.6102841677943167,0.7083771995788841,NA,NA,NA,NA,NA,NA,NA
2023-06-30,1.7050067658998647,0.7046172356745376,NA,NA,NA,NA,NA,NA,NA
2023-07-03,1.6488497970230043,0.7259738306512259,NA,NA,NA,NA,NA,NA,NA
2023-07-04,1.6630581867388363,0.7349977440216574,NA,NA,NA,NA,NA,NA,NA
2023-07-05,1.614343707713126,0.7163483230560987,NA,NA,NA,NA,NA,NA,NA
2023-07-06,1.6156968876860622,0.7023612573319297,NA,NA,NA,NA,NA,NA,NA
2023-07-07,1.600811907983762,0.6886749887201083,NA,NA,NA,NA,NA,NA,NA
2023-07-10,1.6102841677943167,0.692284554068281,NA,NA,NA,NA,NA,NA,NA
2023-07-11,1.6400541271989175,0.6781470897879381,NA,NA,NA,NA,NA,NA,NA
2023-07-12,1.5243572395128553,0.6656640096255076,NA,NA,NA,NA,NA,NA,NA
2023-07-13,1.6765899864682003,0.6820574522484585,NA,NA,NA,NA,NA,NA,NA
2023-07-14,1.8443843031123142,0.678297488344112,NA,NA,NA,NA,NA,NA,NA
2023-07-17,1.766576454668471,0.6767935027823734,NA,NA,NA,NA,NA,NA,NA
2023-07-18,1.7273342354533154,0.668521582192811,NA,NA,NA,NA,NA,NA,NA
2023-07-19,1.6975642760487146,0.6647616182884645,NA,NA,NA,NA,NA,NA,NA
2023-07-20,1.5730717185385656,0.6634080312828997,NA,NA,NA,NA,NA,NA,NA
2023-07-21,1.5588633288227334,0.6736351331027223,NA,NA,NA,NA,NA,NA,NA
2023-07-24,1.600811907983762,0.6579936832606408,NA,NA,NA,NA,NA,NA,NA
2023-07-25,1.6238159675236807,0.674988720108287,NA,NA,NA,NA,NA,NA,NA
2023-07-26,1.5730717185385656,0.6788990825688074,NA,NA,NA,NA,NA,NA,NA
2023-07-27,1.5345060893098783,0.6725823432095053,NA,NA,NA,NA,NA,NA,NA
2023-07-28,1.506089309878214,0.6880733944954129,NA,NA,NA,NA,NA,NA,NA
2023-07-31,1.5108254397834913,0.6963453150849752,NA,NA,NA,NA,NA,NA,NA
2023-08-01,1.5338294993234103,0.6925853511806287,NA,NA,NA,NA,NA,NA,NA
2023-08-02,1.510148849797023,0.6895773800571515,NA,NA,NA,NA,NA,NA,NA
2023-08-03,1.5223274695534508,0.69649571364114915,NA,NA,NA,NA,NA,NA,NA
2023-08-04,1.608254397834912,0.692284554068281,NA,NA,NA,NA,NA,NA,NA
2023-08-07,1.6901217861975644,0.685817416152805,NA,NA,NA,NA,NA,NA,NA
2023-08-08,1.6359945872801083,0.6879229959392391,NA,NA,NA,NA,NA,NA,NA
2023-08-09,1.5054127198917457,0.6954429237479322,0.17689665206629804,-0.6092418824794357,0.7861385345457337,NA,NA,NA,NA
2023-08-10,1.4546684709066307,0.693337343961498,-0.07679339152939427,-0.6057420029247733,0.5289486113953791,NA,NA,NA,NA
2023-08-11,1.4546684709066307,0.6667167995187246,-0.11008202543669264,-0.8415469252240222,0.7314648997873295,NA,NA,NA,NA
2023-08-14,1.4479025710419486,0.6513761467889909,-0.17176347425408467,-0.9749854390414516,0.803221964787367,NA,NA,NA,NA
2023-08-15,1.4472259810554804,0.6426530305309069,-0.20894230605053296,-1.0501324612410574,0.8411901551905244,NA,NA,NA,NA
2023-08-16,1.4133964817320706,0.6390434651827344,-0.4204331564845881,-1.088946590426971,0.6685134339423829,NA,NA,NA,NA
2023-08-17,1.4147496617050068,0.6426530305309069,-0.46824891507395394,-1.0492137432176336,0.5809648281436797,NA,NA,NA,NA
2023-08-18,1.3599458728010827,0.6218980297789142,-0.8394911133882929,-1.31565046585773,0.4761593524694371,NA,NA,NA,NA
2023-08-21,1.3809201623815968,0.6106181380658746,-0.7794395931279889,-1.4911909538831885,0.7117513607551995,NA,NA,NA,NA
2023-08-22,1.5189445196211095,0.6089637539479622,-0.004925840560779783,-1.5738996905073432,1.5689738499465635,NA,NA,NA,NA
2023-08-23,1.4438430311231394,0.5990374492404873,-0.5057354291527655,-1.8206052657593863,1.3148698366066207,NA,NA,NA,NA
2023-08-24,1.5175913396481733,0.6058053842683111,-0.07203111323538351,-1.8197043847771006,1.7476732715417171,NA,NA,NA,NA
2023-08-25,1.374830852503383,0.6027974131448338,-1.051702085886085,-2.0306560212062608,0.9789539353201757,NA,NA,NA,NA
2023-08-28,1.3991880920162383,0.5988870506843135,-0.9398279469711861,-2.016844112012856,1.07701616504167,NA,NA,NA,NA
2023-08-29,1.4607577807848444,0.601594224695443,-0.5653908804597372,-1.8810628086907353,1.315671928230998,NA,NA,NA,NA
2023-08-30,1.4749661705006767,0.5988870506843135,-0.49991794539797757,-1.8546830733712538,1.3547651279732762,NA,NA,NA,NA
2023-08-31,1.482408660351827,0.5880583546397955,-0.4978520771876112,-1.9836525396780005,1.4858004624903893,NA,NA,NA,NA
2023-09-01,1.4377537212449256,0.5933223041058807,-0.9236106525849342,-1.7944297858575233,0.8708191332725891,NA,NA,NA,NA
2023-09-04,1.4201623815967523,0.6021958189201384,-1.1685435469394427,-1.5537913812870492,0.38524783434760645,NA,NA,NA,NA
2023-09-05,1.3741542625169147,0.6014438261392692,-1.5990022004835507,-1.5098724208942502,-0.08912977958930046,NA,NA,NA,NA
2023-09-06,1.368064952638701,0.6027974131448338,-1.6176472475026709,-1.4322094151428513,-0.1854378323598196,NA,NA,NA,NA
2023-09-07,1.2990527740189446,0.5883591517521432,-2.11416840767564,-1.659540859712056,-0.4546275479635842,NA,NA,NA,NA
2023-09-08,1.290933694181326,0.5784328470446685,-2.066903202061461,-1.7905192779629275,-0.2763839240985333,NA,NA,NA,NA
2023-09-11,1.3166441136671179,0.5870055647465785,-1.7783805705953641,-1.5806771005269726,-0.1977034700683915,NA,NA,NA,NA
2023-09-12,1.3044654939106903,0.5895623402015342,-1.788035999992583,-1.49586638110757,-0.2921696188850129,NA,NA,NA,NA
2023-09-13,1.2760487144790258,0.591818318544142,-1.9424035715144556,-1.415699301311998,-0.5267042702024576,NA,NA,NA,NA
2023-09-14,1.2577807848443843,0.5868551661904047,-2.004476216534058,-1.4824493266585004,-0.5220268898755578,NA,NA,NA,NA
2023-09-15,1.226657645466847,0.5877575575274477,-2.1220639789597744,-1.4267784399480195,-0.6952855390117549,NA,NA,NA,NA
2023-09-18,1.2381596752368067,0.5874567604151001,-1.933324830195285,-1.39119985392282,-0.5421249762724649,NA,NA,NA,NA
2023-09-19,1.2503382949932342,0.5858023762971877,-1.7617841211583256,-1.3817803013352887,-0.3800038198230369,NA,NA,NA,NA
2023-09-20,1.2449255751014885,0.5815912167243196,-1.720038864120099,-1.4260600627482063,-0.2939788013718927,NA,NA,NA,NA
2023-09-21,1.2388362652232747,0.5688073394495413,-1.6855568736856195,-1.6367102357130232,-0.04884663797259625,NA,NA,NA,NA
2023-09-22,1.3491204330175914,0.5910663257632727,-0.9162097010381985,-1.1246375559751147,0.20842785493691618,NA,NA,NA,NA
2023-09-25,1.3051420838971584,0.5776808542637991,-1.1741305719367447,-1.3731634671726187,0.19903289523587397,NA,NA,NA,NA
2023-09-26,1.3349120433017592,0.5710633177921492,-0.9410963787098932,-1.482978929217879,0.5418825505079858,NA,NA,NA,NA
2023-09-27,1.3396481732070367,0.5870055647465785,-0.8788303493922918,-1.1014354914425004,0.22260514205020865,NA,NA,NA,NA
2023-09-28,1.3328822733423547,0.571364114904497,-0.8944566313927867,-1.4049871498267485,0.5105305184339618,NA,NA,NA,NA
2023-10-09,1.3031123139377538,0.5716649120168447,-1.061645187515889,-1.3506192367450094,0.2889740492291204,NA,NA,NA,NA
2023-10-10,1.2760487144790258,0.5755752744773651,-1.2041170829438466,-1.2231774579414212,0.019060374997574625,NA,NA,NA,NA
2023-10-11,1.29702300405954,0.6070085727177019,-1.0277610576762055,-0.4965091086402688,-0.5312519490359366,NA,NA,NA,NA
2023-10-12,1.2686062246278755,0.6032486088133554,-1.1810807452098084,-0.5597137097970614,-0.6213670354127471,NA,NA,NA,NA
2023-10-13,1.2097428958051422,0.5853511806286661,-1.528603231290068,-0.9337156741452275,-0.5948875571448404,NA,NA,NA,NA
2023-10-16,1.178619756427605,0.5391788238832907,-1.7392283739602188,-1.8947059518627303,0.1554775779025115,NA,NA,NA,NA
2023-10-17,1.16914749661705,0.548653932922244,-1.7800813294504365,-1.6176055431550724,-0.16247578629536408,NA,NA,NA,NA
2023-10-18,1.144790257104195,0.548653932922244,-1.912912560438871,-1.5546329441637166,-0.3582796162751545,NA,NA,NA,NA
2023-10-19,1.1184032476319352,0.5328620845239886,-2.0448725025058767,-1.8130876472946245,-0.23178485521125225,NA,NA,NA,NA
2023-10-20,1.09404600811908,0.5277485336140774,-2.112661478804867,-1.8340570646416503,-0.2786044141632167,NA,NA,NA,NA
2023-10-23,0.9844384303112315,0.5274477365017296,-2.6873643593541687,-1.7634350625197444,-0.9239292968344244,NA,NA,NA,NA
2023-10-24,0.9309878213802436,0.5202286058053843,-2.821921864354998,-1.8242058040249411,-0.9977160603300568,NA,NA,NA,NA
2023-10-25,0.9161028416779432,0.5271469393893818,-2.720584094520177,-1.62121540676096,-1.099368687759217,NA,NA,NA,NA
2023-10-26,0.935723951285521,0.530305309069033,-2.4385537990618027,-1.5049309525983643,-0.9336228464634384,NA,NA,NA,NA
2023-10-27,0.9519621109607579,0.5614378101970221,-2.2101318945842903,-0.854930821122734,-1.3552010734615563,NA,NA,NA,NA
2023-10-30,0.9878213802435725,0.5695593322304106,-1.9069657817145413,-0.6658861741991842,-1.2410796075153572,NA,NA,NA,NA
2023-10-31,0.9959404600811909,0.5662505639945856,-1.779374175928427,-0.7097893368611534,-1.0695848390672735,NA,NA,NA,NA
2023-11-01,0.983085250338295,0.5587306361858926,-1.7725346438170195,-0.8453400540775636,-0.9271945897394559,NA,NA,NA,NA
2023-11-02,0.9878213802435725,0.5543690780568507,-1.6752605268197234,-0.9171152632422573,-0.758145263577466,NA,NA,NA,NA
2023-11-03,0.9979702300405955,0.5644457813204994,-1.5597835474242665,-0.6698314686565148,-0.8899520787677517,NA,NA,NA,NA
2023-11-06,1.012855209742896,0.5706121221236277,-1.4378660811475379,-0.500946886683158,-0.9369191944643799,NA,NA,NA,NA
2023-11-07,1.0412719891745603,0.5730184990224094,-1.2639901013496617,-0.4150862114570335,-0.8489038898926282,NA,NA,NA,NA
2023-11-08,1.0351826792963466,0.5718153105730186,-1.2707141917300144,-0.41963777238552247,-0.851076419344492,0.004306124680539794,1.597921809742802,-1.5893095603817224,0
2023-11-09,1.0548037889039243,0.5791848398255377,-1.1237965933541623,-0.18041972137681364,-0.9433768719773487,-0.024519132094844992,1.5741296396374362,-1.6231679038271263,0
2023-11-10,1.0426251691474966,0.5769288614829298,-1.1540359149345274,-0.20879886668767772,-0.9452370482468497,-0.04908889308888214,1.5602361260754594,-1.6584139122532238,0
2023-11-13,1.0899864682002707,0.5752744773650174,-0.8548567784237475,-0.22777838050362767,-0.6270783979201199,-0.07173128138400645,1.5311362863304843,-1.6745988490984973,0
2023-11-14,1.107577807848444,0.5767784629267559,-0.7272812121496124,-0.1396249798171911,-0.5876562323324213,-0.09491258466933622,1.4966725645677308,-1.6864977339064031,0
2023-11-15,1.1102841677943167,0.5888103474206647,-0.6855221309578526,0.34874098373862106,-1.0342631146964738,-0.1261701391674528,1.4642957873034637,-1.7166360656383692,0
2023-11-16,1.0784844384303112,0.5767784629267559,-0.8417407835069237,-0.07548143406910093,-0.7662593494378228,-0.15008301889045614,1.4349147654184002,-1.7350808031993123,0
2023-11-17,1.1062246278755077,0.5730184990224094,-0.6540823749661872,-0.19080374083277146,-0.4632786341334157,-0.1674870765950745,1.4077600466632882,-1.7427341998534371,0
2023-11-20,1.090663058186739,0.5776808542637991,-0.7205592253324138,0.040317643193317834,-0.7608768685257317,-0.1881043469449939,1.385254965826312,-1.7614636597162998,0
2023-11-21,1.0798376184032477,0.5749736802526696,-0.7575860648058574,-0.05357580340488967,-0.7040102614009678,-0.2117003739809301,1.3491781333894504,-1.7725788813513104,0
2023-11-22,1.0534506089309879,0.5715145134606708,-0.888533828398851,-0.1840118490184477,-0.7045219793804033,-0.24959197113637943,1.2443952170590529,-1.7435791593318117,0
2023-11-23,1.0635994587280109,0.5701609264551061,-0.7993903584857334,-0.22598818485822003,-0.5734021736275133,-0.2810631713069484,1.1573882667709532,-1.7195146093848501,0
2023-11-24,1.0419485791610286,0.5712137163483231,-0.9091621545054035,-0.15353924478954642,-0.7556229097158571,-0.322784774327908,1.0182203210745586,-1.6637898697303746,0
2023-11-27,1.0074424898511503,0.563844187095804,-1.0910863023004547,-0.47509111643013985,-0.6159951858703148,-0.3493672596810829,0.9492342641897369,-1.6479687835519026,0
2023-11-28,1.0250338294993235,0.5712137163483231,-0.9486773577064312,-0.10410555362724509,-0.8445718040791862,-0.3813937258330971,0.8679590145743179,-1.630746466240512,0
2023-11-29,1.0115020297699595,0.5686569408933675,-1.0085256200870867,-0.20392701291307852,-0.8045986071740081,-0.41673156808984724,0.7548864130820078,-1.5883495492617024,0
2023-11-30,1.0216508795669825,0.5731688975785832,-0.9192213521711387,0.03816070588183799,-0.9573820580529766,-0.4552673545236181,0.6281096705297073,-1.5386443795769436,0
2023-12-01,1.0250338294993235,0.5612874116408483,-0.8762551507353872,-0.530384454100271,-0.34587069663511616,-0.4857952071757098,0.47091053200429245,-1.442500946355712,0
2023-12-04,1,0.5527146939389382,-1.027069640026822,-0.9252441380278847,-0.10182550199893725,-0.5020059510969019,0.3921077403630915,-1.3961196425568954,0
2023-12-05,0.9573748308525034,0.551962701158069,-1.303427300374539,-0.9333623919788596,-0.3700649083956793,-0.51459449680929,0.3494680576393082,-1.3786570512578882,0
2023-12-06,0.9641407307171854,0.5474507444728531,-1.2208599580706596,-1.1276324942502012,-0.09322746382045843,-0.514662791546476,0.349263606626775,-1.3785891897197269,0
2023-12-07,0.96955345060893106,0.5473003459166792,-1.1501421130146545,-1.104379505490525,-0.04576260752412953,-0.5123348711325478,0.3559419445479327,-1.3806116868130283,0
2023-12-08,1.0663058186738836,0.5466987516919838,-0.3971448035721015,-1.098038329238918,0.7008935256668165,-0.49307618657204116,0.429941431356826,-1.4160938045009084,1
2023-12-11,1.0548037889039243,0.5522634982704167,-0.4611481056332092,-0.7853450238019101,0.3241969181687009,-0.48306650586758726,0.46226638798704867,-1.428399399722223,0
2023-12-12,1.0324763193504736,0.5500075199278087,-0.6085989102664356,-0.8718722269659347,0.26327331669949905,-0.47538355942145577,0.4867274684428135,-1.437494587285725,0
2023-12-13,1.020297699594046,0.5263949466085126,-0.6786826083657803,-1.9913954380092032,1.3127128296434227,-0.44863551861264844,0.6177775704566251,-1.515048607681922,1
2023-12-14,1.0148849797023005,0.5238381711535569,-0.6957407665381717,-2.0197265327185123,1.3239857661803405,-0.4177906846729352,0.7423744465138613,-1.5779558158597315,1
2023-12-15,1,0.5217325913671229,-0.7887904293027056,-2.0172663019964525,1.228475872693747,-0.3886156386301135,0.8465062200159313,-1.6237374972761582,1
2023-12-18,1.016914749661705,0.5196270115806888,-0.6255178503970265,-2.0142057755677008,1.3886879251706743,-0.3538827475604063,0.9608032094219583,-1.6685687045427708,1
2023-12-19,1.0263870094722598,0.5164686419010378,-0.5235139368489176,-2.0536577277124164,1.530143790863499,-0.31934493477480697,1.0812950381049553,-1.7199849076545692,1
2023-12-20,0.9844384303112315,0.5107534967664311,-0.844476860028739,-2.187111543996448,1.342634683967709,-0.29063429304496124,1.1741032172368102,-1.7553718033267327,1
2023-12-21,0.9857916102841678,0.529252519175816,-0.8049781943166556,-1.3176994869295262,0.5127212926128706,-0.27718929147854837,1.2021600511611266,-1.7565386341182232,0
2023-12-22,0.9688768606224628,0.5387276282147692,-0.918449323375207,-0.8736300766333963,-0.0448192467418107,-0.2771221682913686,1.2022696844089897,-1.7565140209917272,0
2023-12-25,0.9614343707713127,0.5459467589111144,-0.966284256264318,-0.532198898042213,-0.43408535822210503,-0.2878307218440189,1.1865574471509914,-1.7622188908390295,0
2023-12-26,0.9384303112313938,0.544442773349376,-1.1495135628952864,-0.576711659613893,-0.5728019032813934,-0.3006946351526401,1.1698776171550598,-1.77126688746034,0
2023-12-27,0.942489851150203,0.5456459617987668,-1.1019029186383342,-0.5045362567632725,-0.5973666618750617,-0.3196821220256909,1.1359799278234974,-1.7753441718748793,0
2023-12-28,1.0013531799729365,0.5694089336742367,-0.5130382320332056,0.5791679788401498,-1.0922062108733555,-0.34159564457441693,1.1204309936991144,-1.8036222828479485,0
2023-12-29,1.0230040595399188,0.5707625206798016,-0.2560036210437727,0.6411640542318917,-0.8971676752756644,-0.36505728113624414,1.0864868942401622,-1.8166014565126503,0
2024-01-02,0.9607577807848444,0.5597834260791097,-0.9481569399533004,0.15297678958536853,-1.101133729538669,-0.38822574411570726,1.0652285205896117,-1.8416800088210263,0
2024-01-03,0.9391069012178621,0.557226650624154,-1.2102534431350802,0.05086901957500271,-1.261122462710083,-0.40956212474416814,1.0570969265778258,-1.876221176066162,0
2024-01-04,0.9113667117726658,0.5385772296585953,-1.6078040643560945,-0.7848784195839377,-0.8229256447721568,-0.4144233530064386,1.055805557871059,-1.884652263883936,0
2024-01-05,0.8998646820027064,0.5256429538276434,-1.8128697142607793,-1.3849269028673856,-0.42794281139339363,-0.41119961593944937,1.0580313839395903,-1.880430615818489,0
2024-01-08,0.884979702300406,0.5190254173559934,-2.0230482359279245,-1.652921457129071,-0.3701267787988536,-0.40745360296701627,1.0610182141075168,-1.8759254200415492,0
2024-01-09,0.8924221921515562,0.520529402917732,-1.8817251362862657,-1.5371282265370734,-0.3445969097491923,-0.41578817776121124,1.0453451491408958,-1.876921504663318,0
2024-01-10,0.8734776725304466,0.5236877725973831,-2.134127020039139,-1.342987420804511,-0.7911395992346282,-0.4262659079768657,1.036493636128864,-1.8890254520825955,0
2024-01-11,0.8897158322056834,0.5242893668220785,-1.8318567913679342,-1.2768648018298316,-0.5549919895381026,-0.42954444753124815,1.033477019137868,-1.8925659142003644,0
2024-01-12,0.8700947225981055,0.519476613024515,-2.0681617808928023,-1.4741890536205735,-0.5939727272722288,-0.4355809120655978,1.0271101461686247,-1.8982719702998203,0
2024-01-15,0.8606224627875508,0.5160174462325162,-2.116495185576093,-1.6057432429768916,-0.5107519425992015,-0.4394500375395309,1.0227800111291656,-1.9016800862082275,0
2024-01-16,0.8734776725304466,0.5167694390133855,-1.8296364939652678,-1.5462069341891866,-0.2834295597760812,-0.42877504192189175,1.0284106937016784,-1.8859607775454617,0
2024-01-17,0.857916102841678,0.5068431343059108,-1.9935318843594612,-1.9528294443261243,-0.040702440033336895,-0.41282481491694645,1.0399725645878146,-1.8656221944217075,0
2024-01-18,0.9276048714479027,0.5218829899232968,-0.9604262350556764,-1.2721986626311748,0.3117724275754984,-0.3893057963280346,1.0639700672819368,-1.842581659938006,0
2024-01-19,0.9607577807848444,0.5263949466085126,-0.4729086148186328,-1.065895562895388,0.5929869480767551,-0.3638622997523646,1.1040298600952112,-1.8317544595999404,0
2024-01-22,0.9742895805142084,0.5294029177319899,-0.27600422608760655,-0.9044975678527143,0.6284933417651077,-0.3308007261652536,1.1356227366650429,-1.7972241889955498,0
2024-01-23,0.9810554803788905,0.5288013235072944,-0.17242378219120666,-0.9005711533901,0.7281473711988933,-0.2979802765200161,1.17370732063025,-1.7696678736702822,0
2024-01-24,0.9810554803788905,0.5358700556474658,-0.16865270829446358,-0.5682584999432645,0.39960579164880095,-0.2734937660080815,1.194856559990194,-1.7418440920063567,0
2024-01-25,1.020297699594046,0.5387276282147692,0.41193363031530816,-0.4275338201038429,0.839467450419151,-0.24404939867210473,1.2417276150552605,-1.7298264123994702,0
2024-01-26,0.9749661705006767,0.5366220484283352,-0.26588806462324294,-0.5065561872613514,0.2406681226381085,-0.22740250890184513,1.257325305336238,-1.7121303231399285,0
2024-01-29,0.9194857916102842,0.5278989321702512,-1.0688489561737573,-0.8622463695442949,-0.2066025866294624,-0.21601335069954025,1.2584891277312502,-1.6905158291303308,0
2024-01-30,0.9133964817320704,0.5262445480523388,-1.123331716216315,-0.90415566881263,-0.21917604740368501,-0.2040509649151954,1.2582560779063368,-1.6663580077367275,0
2024-01-31,0.9005412719891747,0.5103023010979095,-1.2665580866575292,-1.5456854491946828,0.27912736253715353,-0.18525044404136567,1.2723296556053523,-1.6428305436880835,0
2024-02-01,0.9851150202976997,0.517371033238081,-0.020650414572144442,-1.1962473906410123,1.1755969760688678,-0.1514725541178097,1.3369479711858394,-1.6398930794214588,0
2024-02-02,0.9418132611637348,0.5209805985862537,-0.6307500967526071,-1.0075791765946898,0.3768290798420827,-0.12946912158748583,1.3503390907307133,-1.6092773339056852,0
2024-02-05,0.9993234100135319,0.5278989321702512,0.22819430237170268,-0.6766497887323606,0.9048440911040633,-0.09863443593163729,1.3891077262968685,-1.5863765981601432,0
2024-02-06,1.050744248985115,0.5533162881636337,1.012552120817394,0.4838337003276039,0.5287184204897901,-0.07937115562480548,1.4104669900872064,-1.5692093013368176,0
2024-02-07,1.0351826792963466,0.5644457813204994,0.8174363358124763,1.0111895131094186,-0.1937531772969423,-0.07280610470754748,1.4113818457285314,-1.5569940551436263,0
2024-02-08,1.0622462787550744,0.5618890058655437,1.2721133342818525,0.9449269552902139,0.3271863789916386,-0.05011527981274558,1.4157958236527233,-1.5160263832782144,0
2024-02-19,1.1684709066305818,0.5682057452248459,2.7731776815366675,1.2647916307201212,1.5083860508165463,-0.012204523141839422,1.4954266224360167,-1.5198356687196957,1
2024-02-20,1.2510148849797023,0.5686569408933675,3.6043349483142646,1.2963798426633146,2.30795510565095,0.033982705854566655,1.6512143725626018,-1.5832489608534683,1
2024-02-21,1.1874154262516916,0.5955782824484885,2.6027435081277477,2.5035432015571106,0.09920030657063705,0.04831732543950621,1.6520806349223238,-1.5554459840433115,0
2024-02-22,1.2307171853856564,0.6208452398856972,2.928195051383811,3.3480216539919336,-0.41982660260812255,0.05305371975272024,1.649440594362086,-1.5433331548566454,0
2024-02-23,1.22936400541272,0.6238532110091743,2.703144652679312,3.1693967784790154,-0.46625212579970343,0.05702488397906527,1.6469180570369866,-1.532868289078856,0
2024-02-26,1.1955345060893101,0.6049029929312679,2.206752181750067,2.3061780618429806,-0.09942588009291375,0.06492448887130857,1.6467654843685737,-1.5169165066259567,0
2024-02-27,1.3078484438430311,0.6059557828244849,3.103609023313351,2.2416255706041284,0.8619834527092225,0.09188459491172654,1.6719758368861122,-1.488206647062659,0
2024-02-28,1.2313937753721245,0.6077605654985712,2.2003340354152554,2.1935436455002804,0.006790389914975048,0.10226435450814801,1.6715853949227713,-1.467056685906475,0
2024-02-29,1.2645466847090665,0.6115205294029177,2.3596721091310453,2.2183978210016138,0.14127428812943155,0.11869512271162495,1.6682092213219806,-1.4308189758987309,0
2024-03-01,1.354533152909337,0.6074597683862235,2.89554406434964,1.9963157744123103,0.8992282899373296,0.14709223766348065,1.6902133888477038,-1.3960289135207424,0
2024-03-04,1.489851150202977,0.6009926304707476,3.523733691982626,1.7325611545305455,1.7911725374520804,0.1929014809218982,1.7655547488771814,-1.3797517870333849,1
2024-03-05,1.5392422192151556,0.6157316889757859,3.421766181943738,2.099009186353092,1.322756995590646,0.22071194245899423,1.8134956193734846,-1.372071734455496,0
2024-03-06,1.489174560216509,0.601594224695443,2.8174534212503173,1.5974221089577267,1.2200313122925905,0.24274288936385305,1.8538409400969973,-1.3683551613692913,0
2024-03-07,1.5297699594046008,0.5919687171003158,2.8051838596286705,1.2662712506268587,1.5389126090018117,0.27455918132047796,1.9116179465693386,-1.3624995839283827,0
2024-03-08,1.6826792963464141,0.5883591517521432,3.2770097597032373,1.1249972147260774,2.15201254497716,0.3119798481337716,2.0161119429785144,-1.3921522467109713,1
2024-03-11,1.7469553450608932,0.601594224695443,3.219941624030116,1.4634915085398001,1.7564501154903158,0.34201672685067896,2.083618526962302,-1.3995850732609445,0
2024-03-12,1.6779431664411368,0.6342307113851707,2.663089571142647,2.265216251674681,0.397873319467966,0.33696639008069823,2.0760905665589307,-1.4021577863975343,0
2024-03-13,1.6474966170500678,0.6276131749135209,2.3610298277089807,1.976040016036027,0.38498981167295376,0.3379796049724357,2.0771443545529724,-1.4011851446081012,0
2024-03-14,1.5460081190798378,0.619942848548654,1.8387992014306616,1.695119997811149,0.14367920361951247,0.33598636975443597,2.075773423224348,-1.4038006837154762,0
2024-03-15,1.5615696887686061,0.6166340803128291,1.8137749404450654,1.544050040887214,0.2697248995578514,0.31860323758634307,2.0394314916825755,-1.4022250165098895,0
2024-03-18,1.692151556156969,0.6188900586554369,2.1971006816944407,1.5387752586084236,0.6583254230860172,0.307508898534771,2.010460828236292,-1.3954430311667503,0
2024-03-19,1.7259810554803792,0.6122725221837871,2.1884491663661767,1.321909575337683,0.8665395910284936,0.3014766271736834,1.9936884914223958,-1.3907352370750292,0
2024-03-20,1.6968876860622462,0.6103173409535269,1.9728993645078685,1.2292512503197819,0.7436481141880866,0.29072596365730696,1.9629187241308974,-1.3814667968162835,0
2024-03-21,1.6907983761840324,0.6133253120770041,1.8568207139157755,1.2607071025797034,0.5961136113360721,0.2751587939985165,1.9175410473297498,-1.3672234593327168,0
2024-03-22,1.6529093369418133,0.5990374492404873,1.651801167271436,0.873304218443645,0.7784969488277911,0.2657564984128513,1.889635041442449,-1.3581220446167463,0
2024-03-25,1.617726657645467,0.5960294781170101,1.4732334470410218,0.770556945942034,0.7026765010989877,0.2689224185542866,1.8954979739790316,-1.3576531368704583,0
2024-03-26,1.6055480378890394,0.6166340803128291,1.3797592144800588,1.2469201671460504,0.13283904733400842,0.27188339012221685,1.896781663098218,-1.3530148828537842,0
2024-03-27,1.5162381596752368,0.6023462174763122,1.049788784061253,0.8618683293350757,0.18792045472617724,0.2822501536713549,1.896730225872136,-1.3322299185294262,0
2024-03-28,1.5866035182679297,0.5952774853361408,1.2363500982085678,0.6637573340559605,0.5725927641526073,0.3013400647952548,1.901718651489974,-1.2990385218994642,0
2024-03-29,1.540595399188092,0.5927207098811851,1.050671452679458,0.5804124344200149,0.47025901825944316,0.3191338261308299,1.9025164776523715,-1.2642488253907118,0
2024-04-01,1.577131258457375,0.5984358550157919,1.1303415018206202,0.7077549481483956,0.42258655367222464,0.3443803722065896,1.8839227352739432,-1.1951619908607638,0
2024-04-02,1.5493910690121786,0.5833959993984058,1.0074391386800998,0.3289013322899014,0.6785378063901983,0.370642130234354,1.877443692502581,-1.1361594320338733,0
2024-04-03,1.4830852503382952,0.5797864340502331,0.7680014105351064,0.23114468220465043,0.536856728330456,0.3979419711988394,1.8548003909920399,-1.058916448594361,0
2024-04-08,1.4884979702300407,0.5695593322304106,0.7585196655055622,-0.027628582641152307,0.7861482481467145,0.4320631497131194,1.8253714123965306,-0.9612451129702919,0
2024-04-09,1.4810554803788905,0.5706121221236277,0.7083110953016224,-0.014829012822864729,0.7231401081244871,0.4578309122613967,1.813401516001718,-0.8977396914789247,0
2024-04-10,1.4276048714479028,0.5624906000902391,0.5113295392401599,-0.23541219588290693,0.7467417351230669,0.4774089880366712,1.8147490832504114,-0.859931107177069,0
2024-04-11,1.4377537212449256,0.5548202737253722,0.5204439176096783,-0.45016911042393803,0.9706130280336164,0.499754651483879,1.824231700825648,-0.82472239785789,0
2024-04-12,1.506089309878214,0.5438411791246804,0.7202767413781117,-0.7488532166017171,1.469129957979829,0.5299834326126961,1.8588535815614198,-0.7988867163360277,0
2024-04-15,1.5047361299052773,0.5542186795006768,0.6894345877902985,-0.4996349196780503,1.1890695074683488,0.5629869177244123,1.856271756913689,-0.7302979214648643,0
2024-04-16,1.4756427604871447,0.5495563242592871,0.5656515018992866,-0.639543769659168,1.2051952715584546,0.5923233720760216,1.8620906212605215,-0.6774438771084784,0
2024-04-17,1.5223274695534508,0.560535418859979,0.7000578114357616,-0.37349164897447307,1.0735494604102347,0.620115408537396,1.856827618049965,-0.6165968009751729,0
2024-04-18,1.5493910690121786,0.5667017596631073,0.7681663353011431,-0.23528827576012493,1.003454611061268,0.6453521844317371,1.849564180857306,-0.5588598119938317,0
2024-04-19,1.4918809201623817,0.5593322304105881,0.537978004840717,-0.46693804128415267,1.0049160461248696,0.666824611196753,1.8494202363849745,-0.5157710139914687,0
2024-04-22,1.4100135317997293,0.5715145134606708,0.21249665202188353,-0.16062581139870907,0.37312246342059263,0.6737216929209852,1.8442978317211818,-0.49685444587921157,0
2024-04-23,1.3930987821380245,0.5710633177921492,0.12297793906465548,-0.20192999468521278,0.32490793374986826,0.6739406180238913,1.8442462776181143,-0.4963650415703319,0
2024-04-24,1.5047361299052773,0.5671529553316289,0.5243748398844533,-0.3447118031302965,0.8690866430147498,0.6785422796061912,1.8497240433797497,-0.49263948416736747,0
2024-04-25,1.5013531799729365,0.572416904797714,0.486091028136951,-0.21117138911859437,0.6972624172555454,0.6796884308643651,1.850805553742459,-0.49142869201372874,0
2024-04-26,1.651556156968877,0.5841479921792752,1.0502244005943917,0.12461527818980896,0.9256091224045827,0.6829794600511266,1.8557591442706798,-0.4898002241684264,0
2024-04-29,1.658998646820027,0.595127086779967,1.0495324168899822,0.44598621653533177,0.6035462003546505,0.6863784668628908,1.8569974710380328,-0.48424053731225125,0
2024-04-30,1.6576454668470908,0.5904647315385773,1.0131075754398666,0.27355870008097805,0.7395488753588886,0.6847131572785531,1.854730397218137,-0.485304082661031,0
2024-05-06,1.679296346414073,0.5967814708978795,1.0738838088372857,0.4539060663843906,0.6199777424528952,0.6910349842754662,1.8553777258311503,-0.473307757280218,0
2024-05-07,1.7171853856562922,0.5975334636787487,1.2099103910783002,0.45277057203277166,0.7571398190455285,0.7070973577033827,1.8474102330654767,-0.43321551765871125,0
2024-05-08,1.654939106901218,0.5879079560836217,0.9228741910283614,0.09411956645986465,0.8287546245684968,0.7245628689029191,1.838972003734867,-0.3898462659290287,0
2024-05-09,1.638700947225981,0.5855015791848399,0.8348410268237028,-0.03681735497985492,0.8716583818035577,0.7344383858906925,1.8432784155091166,-0.37440164372773144,0
2024-05-10,1.6184032476319352,0.584298390735449,0.7182859279150043,-0.13151052217520912,0.8497964500902134,0.7290083771243816,1.8322372006935126,-0.3742204464447494,0
2024-05-13,1.6238159675236807,0.5811400210557979,0.7298497068969554,-0.31687000703703627,1.0467197139339917,0.7401732210259134,1.8424623679259224,-0.36211592587409547,0
2024-05-14,1.6102841677943167,0.5760264701458866,0.640372343891032,-0.6017984767623725,1.2421708206534046,0.7457953331850691,1.8549207701659673,-0.3633301037958292,0
2024-05-15,1.6441136671177268,0.5700105278989321,0.8098455044968912,-0.8994124448414825,1.7092579493383737,0.7654709919992122,1.9005139957195878,-0.3695720117211634,0
2024-05-16,1.7307171853856562,0.5639945856519778,1.3084264789293543,-1.17364076847353,2.482067247402884,0.8100679990775426,2.0007099499546133,-0.38057395179952835,1
2024-05-17,1.7388362652232747,0.5715145134606708,1.3602069396083878,-0.8439560961380707,2.2041630357464586,0.8413509433567895,2.0781216350115725,-0.3954197482979934,1
2024-05-20,1.774018944519621,0.5767784629267559,1.5609492599440244,-0.6113462649251178,2.172295524869142,0.8524161012576662,2.1248289193938765,-0.419996716878544,1
2024-05-21,1.740189445196211,0.5859527748533615,1.3062477313234142,-0.201426291122859,1.5076740224462732,0.8390780832042548,2.065367845955081,-0.3872116795465712,0
2024-05-22,1.7205683355886334,0.5701609264551061,1.1612363516702997,-0.9128603310055423,2.074096682675842,0.8719930228060083,2.123262217368494,-0.3792761717564773,0
2024-05-23,1.7334235453315292,0.5578282448488495,1.2313597082225158,-1.4362010671744583,2.667560775396974,0.9234494791060933,2.2119935242598348,-0.36509456604764823,1
2024-05-24,1.6339648173207035,0.5415852007820725,0.4926586245887216,-2.092441282124192,2.5850999067129137,0.9743053463146368,2.28047667840841,-0.3318659857791365,1
2024-05-27,1.6820027063599459,0.5445931719055498,0.8491489756224453,-1.8615863297901296,2.710735305412575,1.0211413660730617,2.3714810806694544,-0.32919834852333074,1
2024-05-28,1.6319350473612992,0.5385772296585953,0.41823704253514027,-2.0182508062574005,2.4364878487925408,1.0473831060077836,2.4454923019544514,-0.3507260899388842,0
2024-05-29,1.638024357239513,0.5414348022258987,0.4465706409258016,-1.8089430288339872,2.2555136697597886,1.0848618273385306,2.4900442332805546,-0.3203205786034933,0
2024-05-30,1.6197564276048717,0.5432395848999849,0.24549507409928503,-1.6630694940138768,1.9085645681131618,1.1143166653382595,2.5131176779045123,-0.2844843472279932,0
2024-05-31,1.5500676589986468,0.5384268311024214,-0.4981629744545285,-1.7817118300951942,1.2835488556406656,1.1207220080999816,2.5190361951269886,-0.2775921789270255,0
2024-06-03,1.6150202976995942,0.5354188599789442,0.15497629297396162,-1.8161574322305523,1.9711337252045138,1.1237213612291888,2.528641872940078,-0.2811991504817002,0
2024-06-04,1.6096075778078485,0.5418859978944203,0.08629143372977899,-1.5039710116830458,1.590262445412825,1.1281797853928919,2.537360987706153,-0.2810014169203692,0
2024-06-05,1.6035182679296347,0.5417355993382464,0.002279615763021657,-1.452868604308736,1.4551482200717576,1.1320984005225447,2.5436242564951455,-0.27942745545005576,0
2024-06-06,1.7638700947225983,0.5375244397653783,1.636603515262619,-1.553606130010903,3.190209645273522,1.1596200177937397,2.6647041711070605,-0.3454641355195809,1
2024-06-07,1.6596752368064953,0.5333132801925102,0.5536449363477948,-1.6438764795537804,2.197521415901575,1.1603784989758132,2.6675414397412567,-0.3467844417896302,0
2024-06-11,1.638024357239513,0.5316588960745977,0.3520963968880041,-1.636079338290001,1.9881757351780052,1.164240592637275,2.678786312164738,-0.35030512689018845,0
2024-06-12,1.6488497970230043,0.5343660700857272,0.47427054924185047,-1.507425719064432,1.9816962683062824,1.19063764178458,2.7060583887748724,-0.3247831052057124,0
2024-06-13,1.7523680649526387,0.5325612874116409,1.533899421495152,-1.5411185301779409,3.075017951673093,1.235471444117916,2.811877830083314,-0.34093494184748185,1
2024-06-14,1.8423545331529094,0.5405324108888555,2.319567731630126,-1.2019861099455875,3.5215538415757135,1.2917693547505191,2.948774766386522,-0.3652360568854838,1
2024-06-17,1.8612990527740192,0.5408332080012033,2.3450944202316357,-1.159818766418473,3.504913186650109,1.3456891595353901,3.0763219880601067,-0.3849436689893262,1
2024-06-18,1.9364005412719894,0.5417355993382464,2.8222960463735762,-1.0982484832946895,3.9205445296682657,1.4000594779784274,3.2441084624004364,-0.4439895064435815,1
2024-06-19,1.926251691474966,0.5266957437208604,2.563967614815134,-1.664637735220913,4.228605350036046,1.4560939072952201,3.43368459234288,-0.5214967777524397,1
2024-06-20,1.935723951285521,0.5214317942547753,2.4768578148775924,-1.8187263997329872,4.29558421461058,1.515292842302262,3.6150121600622915,-0.5844264754577677,1
2024-06-21,1.926251691474966,0.5166190404572116,2.2668666731799254,-1.9518497814780928,4.2187164546580185,1.5756695563576275,3.7738968978256886,-0.6225577851104336,1
2024-06-24,1.864005412719892,0.5321100917431193,1.7161739249242107,-1.2723551191438611,2.9885290440680716,1.612503424611632,3.830370540883724,-0.6053636916604594,0
2024-06-25,1.7889039242219216,0.530305309069033,1.1197532884678343,-1.3039380766704707,2.423691365138305,1.6411870056789541,3.85570245591215,-0.5733284445542419,0
2024-06-26,1.8382949932341004,0.5253421567152956,1.4319449562769415,-1.4869084839040643,2.918853440181006,1.6876205788930707,3.8902863578152895,-0.5150452000291481,0
2024-06-27,1.8139377537212449,0.5245901639344263,1.2115753569625283,-1.4775936409470285,2.6891689979095568,1.7293080546127937,3.9110946325395046,-0.452478523313917,0
2024-06-28,1.8538565629228687,0.518423823131298,1.444271810779529,-1.6820919561236443,3.1263637669031734,1.7718709046586367,3.9614908010005148,-0.4177489916832413,0
2024-07-01,1.8944519621109608,0.517371033238081,1.6597912324309188,-1.665712831318928,3.3255040637498468,1.8194583220834768,4.018096256167665,-0.37917961200071115,0
2024-07-02,1.851150202976996,0.5136110693337345,1.3088925252903936,-1.7675081866794762,3.0764007119698698,1.863688558055104,4.054778433046487,-0.3274013169362793,0
2024-07-03,1.8525033829499324,0.5136110693337345,1.2719331004364673,-1.6963754484145488,2.968308548851016,1.9018514037627843,4.088732516162513,-0.28502970863694443,0
2024-07-04,1.8450608930987822,0.5146638592269515,1.1816046307463908,-1.5874033456197565,2.7690079763661473,1.939053924563379,4.1073435911030165,-0.2292357419762583,0
2024-07-05,1.8322056833558864,0.5069935328620846,1.0586108800765321,-1.817747471438482,2.876358351515014,1.9738907596195174,4.13398119928765,-0.18619968004861542,0
2024-07-08,1.8240866035182681,0.5014287862836517,0.9710668071080899,-1.9412187814975408,2.9122855886056307,2.0103765176275363,4.15844933094548,-0.13769629569040687,0
2024-07-09,1.962110960757781,0.5089487140923448,1.8621794727810141,-1.576796927830299,3.4389764006113133,2.055247095385674,4.208416152870301,-0.09792196209895332,0
2024-07-10,1.95872801082544,0.5133102722213867,1.7780490007788978,-1.3592439796281428,3.1372929804070404,2.091358427925231,4.243207000838964,-0.06049014498850225,0
2024-07-11,1.9458728010825441,0.5202286058053843,1.626493462414413,-1.0699373970255457,2.6964308594399586,2.1118134429495665,4.2629347281900305,-0.039307842290897455,0
2024-07-12,1.8443843031123142,0.5209805985862537,0.8996183797382966,-1.0119470426202313,1.9115654223585279,2.1238550415310695,4.262014458377353,-0.014304375315214113,0
2024-07-15,1.8240866035182681,0.5164686419010378,0.732713182326325,-1.147120625655047,1.8798338079813721,2.135099017138118,4.260665405066236,0.00953262920999931,0
2024-07-16,1.8579161028416782,0.515115054895473,0.9415349582546367,-1.157975407105556,2.0995103653601928,2.152198365553951,4.259454831612479,0.04494189949542271,0
2024-07-17,1.7557510148849798,0.5278989321702512,0.1894381932097765,-0.6658796680523948,0.8553178612621714,2.1497294197239656,4.262799895740874,0.03665894370705747,0
2024-07-18,1.719215155615697,0.5381260339900737,-0.10540327262824375,-0.27783624604324864,0.17243297341500488,2.135854701845468,4.2900353270485265,-0.018325923357590312,0
2024-07-19,1.6684709066305818,0.545495563242593,-0.541148031561662,0.009101837279081202,-0.5502498688407432,2.1204651629744458,4.338129402120054,-0.09719907617116252,-1
2024-07-22,1.6853856562922869,0.5369228455406829,-0.4769501249022393,-0.28953480121394304,-0.18741532368829628,2.111926442017143,4.361429942586607,-0.1375770585523215,-1
2024-07-23,1.6603518267929636,0.5176718303504287,-0.7293007791137529,-0.9751030982524284,0.24580231913867545,2.1015383699525416,4.3799591319728535,-0.17688239206777068,0
2024-07-24,1.6441136671177268,0.5109038953226049,-0.9183825671930624,-1.1860780778500422,0.2676955106569797,2.0943789215092323,4.3933562985777215,-0.20459845555925726,0
2024-07-25,1.5696887686062246,0.515115054895473,-1.5442699856643969,-0.9988613321230169,-0.54540865354138,2.0698619585767997,4.449500460802832,-0.30977654364923257,-1
2024-07-26,1.5899864682002707,0.5163182433448639,-1.3421229206354406,-0.9304299138140485,-0.4116930068213921,2.0529413051238654,4.488766794983891,-0.38288418473616037,-1
2024-07-29,1.6102841677943167,0.5045871559633027,-1.1519377090284857,-1.3523266985002886,0.20038898947180295,2.0439553070257475,4.503354176936838,-0.41544356288534345,0
2024-07-30,1.5460081190798378,0.5053391487441721,-1.6499951702040623,-1.3037241260329269,-0.3462710441711354,2.0278511605820135,4.5373232586645456,-0.4816209375005185,0
2024-07-31,1.6129905277401895,0.5285005263949467,-1.0614632401814081,-0.3327535588042789,-0.7287096813771292,2.003087002241636,4.591647431471439,-0.585473426988167,-1
2024-08-01,1.621786197564276,0.520529402917732,-0.9796255291880789,-0.6522592169316597,-0.3273663122564192,1.9838183199612207,4.62462192586999,-0.6569852859475487,0
2024-08-02,1.5108254397834913,0.5211309971424275,-1.8390397073267315,-0.6025441081091916,-1.23649559921754,1.948682420277536,4.703322813021128,-0.8059579724660562,-1
2024-08-05,1.3815967523680652,0.524890961046774,-2.692481755671532,-0.4000843149475609,-2.292397440723971,1.8963125220972994,4.848339072371528,-1.055714028176929,-1
2024-08-06,1.4079837618403248,0.5307565047375545,-2.356674302028188,-0.07599986971987299,-2.2806744323083152,1.840855952993261,4.977076093232931,-1.2953641872464092,-1
2024-08-07,1.3802435723951285,0.5268461422770342,-2.416833737491244,-0.24567140964291026,-2.1711623278483336,1.7839670671848988,5.083919490129803,-1.5159853557600058,-1
2024-08-08,1.3856562922868743,0.5373740412092044,-2.2504551045838785,0.362900789306551,-2.6133558938904295,1.7119235031310855,5.201786009980205,-1.7779390037180345,-1
2024-08-09,1.4066305818673883,0.5337644758610318,-2.0011344416913075,0.19534289500688956,-2.196477336698197,1.6339477600627341,5.260217098727837,-1.9923215786023696,-1
2024-08-12,1.3964817320703655,0.5336140773048579,-1.9617028898876732,0.2345227202463342,-2.1962256101340074,1.5606079492980596,5.315670893847705,-2.1944549952515864,-1
2024-08-13,1.4059539918809203,0.5265453451646864,-1.8131442104994622,-0.1534266673626951,-1.659717543136767,1.4967410648312947,5.338826808276643,-2.345344678614054,0
2024-08-14,1.4465493910690121,0.5202286058053843,-1.507241996307821,-0.5642485157377636,-0.9429934805700574,1.4558966064476886,5.349272346372063,-2.4374791334766854,0
2024-08-15,1.3978349120433018,0.5294029177319899,-1.719825610412717,0.18641668270503278,-1.9062422931177498,1.3895576235177958,5.374646620476241,-2.5955313734406493,0
2024-08-16,1.4248985115020298,0.524890961046774,-1.503555790454366,-0.14595345177079966,-1.3576023386835663,1.3224715716164532,5.3552806159754995,-2.7103374727425935,0
2024-08-19,1.4059539918809203,0.5218829899232968,-1.5574329705185979,-0.38328180157997155,-1.1741511689386264,1.2598173870222606,5.329471156596829,-2.809836382552308,0
2024-08-20,1.3971583220568335,0.517371033238081,-1.547062271661427,-0.7531244186940491,-0.793937852967378,1.2014061677159287,5.286922064932702,-2.884109729500844,0
2024-08-21,1.405277401894452,0.5203790043615582,-1.4557208948759917,-0.4614166419317901,-0.9943042529442015,1.1442262993536496,5.255379277235132,-2.9669266785278325,0
2024-08-22,1.3795669824086605,0.5169198375695593,-1.5386168145760872,-0.7467248649291865,-0.7918919496469007,1.0934362056968714,5.22399289365922,-3.037120482265477,0
2024-08-23,1.3843031123139378,0.5214317942547753,-1.466196751308471,-0.3078279180733999,-1.1583688332350712,1.0423206490077341,5.207605161860755,-3.1229638638452872,0
2024-08-26,1.361299052774019,0.5160174462325162,-1.5411089957838369,-0.7871093466147127,-0.7539996491691242,1.0083615072609045,5.198793785390199,-3.182070770868391,0
2024-08-27,1.3362652232746957,0.5143630621146038,-1.6082163614385763,-0.9124200547327347,-0.6957963067058416,0.9639126733957318,5.169353790352107,-3.241528443560644,0
2024-08-28,1.337618403247632,0.5083471198676492,-1.5470059310335214,-1.4397667318406455,-0.10723919919287583,0.9356209793189696,5.1467572902054535,-3.275515331567514,0
2024-08-29,1.3004059539918809,0.5112046924349527,-1.662949400716909,-1.1362711504859184,-0.5266782502309906,0.9025905381472574,5.128215097789408,-3.323034021494893,0
2024-08-30,1.384979702300406,0.5564746578432848,-1.2193374662782308,3.0116206222428694,-4.2309580885211,0.7789044092506805,5.163598843226128,-3.605790024724768,-1
2024-09-02,1.3159675236806496,0.5406828094450294,-1.4869840025780734,1.5478207221498481,-3.0348047247279215,0.6916989735735222,5.168777384857118,-3.7853794377100742,0
2024-09-03,1.3152909336941814,0.5426379906752895,-1.4389701244161779,1.6725089386901706,-3.1114790631063487,0.6067047269354496,5.1763338600095885,-3.9629244061386895,0
2024-09-04,1.280108254397835,0.5325612874116409,-1.5378402747103892,0.7941875350711238,-2.332027809781513,0.5348093256339863,5.1519306598102546,-4.0823120085422815,0
2024-09-05,1.277401894451962,0.5364716498721613,-1.4894561309177996,1.1255583080011546,-2.615014438918954,0.4399754524574523,5.078552169715082,-4.198601264800177,0
2024-09-06,1.2422192151556157,0.5337644758610318,-1.5771146814499333,0.9099101301874135,-2.4870248116373466,0.33983247490390095,4.9672108311021725,-4.287545881294371,0
2024-09-09,1.2584573748308527,0.5304557076252069,-1.4521274846355028,0.6436872856924867,-2.0958147703279897,0.2464870089542663,4.839983798826579,-4.3470097809180475,0
2024-09-10,1.273342354533153,0.5334636787486841,-1.3446925953782454,0.9420123027017177,-2.286704898079963,0.1430328518251292,4.679172739988665,-4.393107036338407,0
2024-09-11,1.2706359945872803,0.544292374793202,-1.313676071751671,1.8497424473126471,-3.163418519064318,0.019832454006789554,4.505851056113811,-4.466186148100232,0
2024-09-12,1.2746955345060893,0.5403820123326817,-1.2577086678407676,1.4481369765783332,-2.705845644419101,-0.09685804364370507,4.300094833416575,-4.493810920703985,0
2024-09-13,1.3024357239512856,0.5391788238832907,-1.104983166315488,1.2957318500107258,-2.400715016326214,-0.20718190149344207,4.080110419940916,-4.4944742229278,0
2024-09-18,1.2686062246278755,0.5435403820123327,-1.2124502590025406,1.6237623731364688,-2.8362126321390093,-0.3042609294302271,3.952352563009394,-4.5608744218698485,0
2024-09-19,1.2753721244925578,0.5441419762370282,-1.1436774477463652,1.62078512482152,-2.764462572567885,-0.3907301617253302,3.851222854018387,-4.632683177469048,0
2024-09-20,1.2760487144790258,0.5402316137765079,-1.1047031274438688,1.2589848776003794,-2.3636880050442484,-0.4787725191457512,3.7026072798931913,-4.660152318184694,0
2024-09-23,1.2658998646820028,0.5456459617987668,-1.1123014887229286,1.6335288184538745,-2.745830307176803,-0.56935584089719,3.5681079558145488,-4.706819637608929,0
2024-09-24,1.392422192151556,0.5763272672582344,-0.5321112255373043,3.5507748337827594,-4.082886059320064,-0.6895100046675775,3.4300570135651736,-4.809077022900329,0
2024-09-25,1.425575101488498,0.5805384268311025,-0.3580998641861221,3.3908096243599526,-3.7489094885460745,-0.8074168972058425,3.249176340551488,-4.8640101349631735,0
2024-09-26,1.465493910690122,0.6215972326665664,-0.14946396903155224,4.676104802981387,-4.825568772012939,-0.9391163886055561,3.1176508237989946,-4.995883601010107,0
2024-09-27,1.5561569688768606,0.65874567604151,0.3044203089728837,4.928127142986483,-4.623706834013599,-1.0656499783199669,2.9688928649962456,-5.100192821636179,0
2024-09-30,1.7043301759133966,0.7244698450894872,1.040857787963831,5.293877908561509,-4.253020120597678,-1.1826837799360304,2.806509821773944,-5.171877381646005,0
2024-10-08,1.874830852503383,0.7790645209805986,1.8546892826417316,5.042162325373189,-3.1874730427314573,-1.2837476365068046,2.5927971316493554,-5.160292404662965,0
2024-10-09,1.7591339648173208,0.7016092645510603,1.3111992059116357,3.074777637111411,-1.763578431199775,-1.3616787035035616,2.3564968829357076,-5.079854289942831,0
2024-10-10,1.7456021650879567,0.7071740111294933,1.3051002093809783,2.8951937436763386,-1.5900935342953604,-1.4454965357520064,2.052692788785916,-4.9436858602899285,0
2024-10-11,1.6637347767253046,0.6921341555121072,0.9585225289661403,2.4428292324308516,-1.4843067034647113,-1.5225231971498687,1.7622042373316387,-4.807250631631376,0
2024-10-14,1.702300405953992,0.6979996992028876,1.23186325063545,2.373272994205823,-1.141409743570373,-1.5864872072000407,1.5080059514944657,-4.680980365894547,0
2024-10-15,1.6644113667117728,0.6820574522484585,1.068466090271898,2.002051452898566,-0.9335853626266679,-1.6339063869497943,1.3268463868184603,-4.594659160718049,0
2024-10-16,1.5920162381596754,0.6495713641149045,0.7043920135208406,1.4348951566516512,-0.7305031431308107,-1.677412002801664,1.146883841770906,-4.501707847374234,0
2024-10-17,1.604194857916103,0.6352835012783878,0.8315227138948432,1.172747787559009,-0.3412250736641659,-1.7180909267854032,0.9509596878157835,-4.38714154138659,0
2024-10-18,1.7645466847090663,0.648067378553166,1.7935879128783414,1.3206362526379758,0.4729516602403656,-1.7244636968024334,0.9213171856479956,-4.370244579252862,0
2024-10-21,1.7726657645466848,0.6495713641149045,1.8204779650275962,1.2973948778047946,0.5230830872228016,-1.71861952823897,0.9456895641282992,-4.382928620606239,0
2024-10-22,1.776725304465494,0.6539329222439465,1.804240146890344,1.316242769954642,0.487997376935702,-1.7013154074760293,1.0069846148298318,-4.409615429781891,0
2024-10-23,1.732746955345061,0.6611520529402919,1.5316823315714148,1.3713117630876415,0.1603705684837733,-1.6955189759398284,1.027410381365422,-4.418448333245079,0
2024-10-24,1.715155615696888,0.6539329222439465,1.4142435087489815,1.2229226114768057,0.19132089727217583,-1.6964269996376031,1.0239040503547367,-4.416758049629943,0
2024-10-25,1.736129905277402,0.6667167995187246,1.5095733809147922,1.3557799125805994,0.15379346833419283,-1.6983253670096496,1.0165837195180638,-4.413234453537363,0
2024-10-28,1.7090663058186741,0.6823582493608061,1.324597517256008,1.5165112583989313,-0.19191374114292326,-1.692433785136342,1.0341617052237546,-4.419029275496438,0
2024-10-29,1.6948579161028419,0.6767935027823734,1.222951633447426,1.3854302605408513,-0.1624786270934253,-1.6882802121408758,1.0469971046092286,-4.42355752889098,0
2024-10-30,1.6806495263870096,0.6640096255075951,1.1298017822888264,1.1674581124892798,-0.037656330200453336,-1.6922476341354136,1.03255667124087,-4.417051939511698,0
2024-10-31,1.6407307171853858,0.6582944803729885,0.8939698524172917,1.0526236966267917,-0.15865384420950002,-1.6891206808027195,1.0423892161112098,-4.420630577716649,0
2024-11-01,1.6021650879566982,0.6652128139569861,0.6822386799986944,1.1101670047441328,-0.4279283247454384,-1.6841076581921914,1.0556636699158708,-4.423878986300254,0
2024-11-04,1.6461434370771313,0.6734847345465484,0.9215128529122353,1.182347431687369,-0.2608345787751337,-1.6829987959675035,1.0590591053183323,-4.425056697253339,0
2024-11-05,1.6745602165087958,0.6841630320348926,1.0534179242906376,1.2818000349427698,-0.2283821106521322,-1.6661969044914131,1.0992449060393827,-4.431638715022209,0
2024-11-06,1.6359945872801083,0.6798014739058506,0.816659570240378,1.181093846457153,-0.36443427621677493,-1.63406418508296,1.1465419814736837,-4.414670351639604,0
2024-11-07,1.6671177266576456,0.7330425627913972,0.9567005362041215,1.811989474532632,-0.8552889383285104,-1.6103077601832965,1.172181567296735,-4.392797087663328,0
2024-11-08,1.7577807848443845,0.7337945555722666,1.3942594832105615,1.74176629828664,-0.3475068150760785,-1.5799135016370922,1.2174559754525998,-4.377282978726784,0
2024-11-11,1.8274695534506091,0.712738757707926,1.689403841036593,1.4144976427730371,0.2749061982635559,-1.5317758001011925,1.2925271979395245,-4.35607879814191,0
2024-11-12,1.740189445196211,0.7053692284554068,1.192052363413964,1.2740631545982706,-0.08201079118430665,-1.4965346910092943,1.3467340630722848,-4.339803445090873,0
2024-11-13,1.790933694181326,0.7080764024665364,1.4004899513905853,1.2628579545733971,0.13763199681718818,-1.4576370642267744,1.4104428542423035,-4.325716982695853,0
2024-11-14,1.6826792963464141,0.6957437208602798,0.8222747659090041,1.0710391722661394,-0.24876440635713537,-1.4341211786137806,1.450309528623899,-4.31855188585146,0
2024-11-15,1.6184032476319352,0.6934877425176719,0.48054701721159637,1.0087577572772182,-0.5282107400656217,-1.4272081329387067,1.4639909302789886,-4.318407196156402,0
2024-11-18,1.5723951285520974,0.6844638291472402,0.2327385696098636,0.8651508669548301,-0.6324122973449665,-1.4059776330091602,1.4896169751405495,-4.30157224115887,0
2024-11-19,1.604871447902571,0.6828094450293277,0.38336086264110797,0.815655945684327,-0.432295083043219,-1.3905558454151545,1.5159226299508866,-4.297034320781195,0
2024-11-20,1.6238159675236807,0.6798014739058506,0.4622231437145122,0.7501231625566329,-0.28790001884212074,-1.375784992913546,1.54414396881123,-4.295713954638321,0
2024-11-21,1.5852503382949932,0.678297488344112,0.25005807071835384,0.7042976572461631,-0.45423958652780927,-1.370123355139553,1.5557061802014436,-4.2959528904805495,0
2024-11-22,1.5453315290933696,0.65468491502481585,0.03349872332075562,0.3739890611676647,-0.34049033784690913,-1.3592264565545982,1.5771478446154483,-4.295600757724644,0
2024-11-25,1.4959404600811907,0.6572416904797714,-0.23201655792272938,0.3833154948618129,-0.6153320527845423,-1.3562837916068924,1.582755921552605,-4.29532350476639,0
2024-11-26,1.4945872801082545,0.667468792299594,-0.2498173856844118,0.4956598823278013,-0.745477268012213,-1.3494022655198448,1.5934535004936006,-4.29225803153329,0
2024-11-27,1.510148849797023,0.6691231764175065,-0.18311718478771769,0.4929729730749445,-0.6760901578626621,-1.3481037739980704,1.5958891864812121,-4.292096734477353,0
2024-11-28,1.4783491204330177,0.6625056399458565,-0.3655920632463411,0.3752927982168964,-0.7408848614632375,-1.3488552499106936,1.5944833424897344,-4.2921938423111214,0
2024-11-29,1.5013531799729365,0.6788990825688074,-0.26095959978723515,0.5830564699360508,-0.8440160697232859,-1.3611348644195336,1.5672420837374132,-4.28951181257648,0
2024-12-02,1.5263870094722598,0.7076252067980148,-0.1495813032800356,0.9763131232028744,-1.12589442648291,-1.3711218006903991,1.54975641944545,-4.292000020826248,0
2024-12-03,1.5047361299052773,0.7098811851406227,-0.2797726826106972,0.9776860441057708,-1.257458726716468,-1.3215634779936551,1.5011885788067922,-4.144315534794103,0
2024-12-04,1.4803788903924222,0.7008572717701911,-0.433600839192543,0.8148253356631777,-1.2484261748557208,-1.2917905021624518,1.4949082069808939,-4.078489211305797,0
2024-12-05,1.5250338294993233,0.6945405324108889,-0.20890460073581857,0.6924500199438163,-0.9013546206796348,-1.2549550947886734,1.4920455610116365,-4.001955750588984,0
2024-12-06,1.5290933694181328,0.6996540833208003,-0.214022593488087,0.7468656842317567,-0.9608882777198438,-1.232102769254312,1.5012287402354016,-3.9654342787440258,0
2024-12-09,1.4972936400541272,0.6958941194164537,-0.4274951972208109,0.6620931330894716,-1.0895883303102825,-1.2066790007775008,1.5025997878045796,-3.915957789359581,0
2024-12-10,1.4979702300405955,0.7133403519326215,-0.4628151849511249,0.9239807051992303,-1.3867958901503552,-1.1883418520860511,1.5005027370589243,-3.877186441231027,0
2024-12-11,1.5108254397834913,0.7196570912919237,-0.423318550467428,1.0097249381732896,-1.4330434886407175,-1.17729566405793,1.5018119252794069,-3.856403253395267,0
2024-12-12,1.5115020297699595,0.7283802075500075,-0.4577444811597157,1.1422827556330097,-1.6000272367927255,-1.1658510363698094,1.4998114993146898,-3.8315135720543085,0
2024-12-13,1.4445196211096076,0.7095803880282749,-0.9350659005686286,0.7832739124562209,-1.7183398130248495,-1.1417663912691516,1.4761649426100905,-3.759697725148394,0
2024-12-16,1.4248985115020298,0.7028124530004513,-1.1119488720089408,0.6361099480711696,-1.7480588200801104,-1.1258032775301683,1.4648714366990025,-3.716477991759339,0
2024-12-17,1.4614343707713127,0.7038652428936683,-0.904533882105681,0.6381230247116874,-1.5426569068173683,-1.1115023090383542,1.4599462598373587,-3.682950877914067,0
2024-12-18,1.4485791610284169,0.7128891562640999,-1.0531685749644766,0.8140353767294853,-1.8672039516939618,-1.09535216436427,1.4440050056420757,-3.6347093343706156,0
2024-12-19,1.5013531799729365,0.7058204241239284,-0.7281398089440865,0.6457645904521634,-1.3739043993962499,-1.0721761948114095,1.4303293036191453,-3.5746816932419643,0
2024-12-20,1.489851150202977,0.7016092645510603,-0.8833547836732812,0.5329801182441756,-1.4163349019174567,-1.056386976425963,1.42483548878274,-3.537609441634666,0
2024-12-23,1.4918809201623817,0.7020604602195819,-0.9502908679542761,0.5371631400665232,-1.4874540080207992,-1.0354140381066963,1.4087150850432177,-3.4795431612566103,0
2024-12-24,1.5561569688768606,0.7134907504887953,-0.4429717343741194,0.8811077933934047,-1.3240795277675241,-0.9894339292474873,1.3216661476032385,-3.3005340060982133,0
2024-12-25,1.537212449255751,0.7058204241239284,-0.6346779446293703,0.6313588029038563,-1.2660367475332266,-0.9480527168972731,1.248115240922408,-3.1442206747169545,0
2024-12-26,1.5784844384303112,0.6989020905399308,-0.29109858620446744,0.3546708498944875,-0.645769436098955,-0.8783893946320401,1.0684739283430589,-2.825252717607139,0
2024-12-27,1.5297699594046008,0.7028124530004513,-0.7208597984166804,0.4790842589703158,-1.1999440573869962,-0.8213266816882633,0.8618343529853406,-2.5044877163618673,0
2024-12-30,1.5189445196211095,0.6970973078658446,-0.7903465498281554,0.28280318807553667,-1.073149737903692,-0.7683288419766969,0.6555731017676454,-2.1922307857210392,0
2024-12-31,1.4546684709066307,0.6903293728380208,-1.34864477019285,0.08805670634871134,-1.4367014765415613,-0.7391493158735319,0.5483118206037952,-2.0266104523508592,0
2025-01-02,1.4012178619756428,0.6778462926755904,-1.7718475706678354,-0.4360433199817019,-1.3358042506861334,-0.7320197461983046,0.5369701330921964,-2.0010096254888055,0
2025-01-03,1.3903924221921518,0.6662656038502031,-1.7955054852758716,-0.9077290006117589,-0.8877764846641127,-0.7203144620377838,0.5292873618072128,-1.9699162858827806,0
2025-01-06,1.39851150202977,0.6551361106933374,-1.6486489543188825,-1.3423567397614582,-0.3062922145574243,-0.7006808872226622,0.537053407904043,-1.9384151823493674,0
2025-01-07,1.4377537212449256,0.6446082117611671,-1.2558081024141432,-1.7121399282086163,0.45633182579447307,-0.6740518610665817,0.593501137855685,-1.9416048599888485,0
2025-01-08,1.395805142083897,0.641449842081516,-1.5609420850867042,-1.766367817002283,0.20542573191557878,-0.6550683428242108,0.6306600251754797,-1.9407967108239013,0
2025-01-09,1.3897158322056833,0.6358850955030833,-1.5516272897852277,-1.9515206238064728,0.39989333402124516,-0.6362284015383433,0.677819408967995,-1.9502762120446815,0
2025-01-10,1.3362652232746957,0.6316739359302151,-1.9072211977497746,-2.1066112743485976,0.19939007659882302,-0.6272181490339601,0.7023798406978736,-1.9568161387657939,0
2025-01-13,1.334235453315291,0.6358850955030833,-1.8515216033157786,-1.9051366621900088,0.053615058874230126,-0.6342070923900623,0.6761359611237884,-1.944550145903913,0
2025-01-14,1.391745602165088,0.6465633929914274,-1.3432013366536961,-1.48087522990905,0.13767389325535384,-0.6406305789561865,0.6502694635000595,-1.9315306214124326,0
2025-01-15,1.3626522327469555,0.6385922695142128,-1.5412327585839538,-1.7557825934046551,0.21454983482070134,-0.6451880379914364,0.6313545467076317,-1.9217306226905047,0
2025-01-16,1.4100135317997293,0.6301699503684765,-1.1119945643852314,-2.001169152683057,0.8891745882978255,-0.633041304327869,0.687783187221498,-1.953865795877236,1
2025-01-17,1.3978349120433018,0.6378402767333433,-1.178091757264769,-1.6805542142504737,0.5024624569857048,-0.6278556116659768,0.7084864229995849,-1.9641976463315385,0
2025-01-20,1.405277401894452,0.6334787186043014,-1.0843469283742384,-1.776455788107593,0.6921088597333547,-0.6188836884759907,0.7457345717464743,-1.9835019486984558,0
2025-01-21,1.4350473612990529,0.6367874868401264,-0.8000504681063572,-1.5941221312439253,0.7940716631375682,-0.6024505984046492,0.8061220869331437,-2.011023283742442,0
2025-01-22,1.5784844384303112,0.6181380658745677,0.4824672986470155,-2.127736432709795,2.6102037313568105,-0.5562392257638119,1.075326081603972,-2.1878045331315956,1
2025-01-23,1.5561569688768606,0.6191908557677847,0.30680201238352306,-2.00022128844455,2.3070233008280727,-0.5171612319133366,1.269840757888601,-2.304163221715274,1
2025-01-24,1.5798376184032479,0.6173860730936983,0.5346439877818805,-1.9760814610489656,2.510725448830846,-0.47267157702933077,1.4762195998743186,-2.4215627539329803,1
2025-01-27,1.4512855209742896,0.6164836817566552,-0.6171842997919758,-1.9186363431061773,1.3014520433142014,-0.4438485708950034,1.5581635492704606,-2.445860691060467,0
2025-02-05,1.3531799729364007,0.6092645510603099,-1.4596220867079266,-2.031709761589705,0.5720876748817783,-0.4299665333340548,1.5886895808503831,-2.448622647518493,0
2025-02-06,1.3856562922868743,0.6164836817566552,-1.1294629147810573,-1.7379017728406463,0.608438858059589,-0.4160195171888596,1.6197924485051147,-2.451831482882834,0
2025-02-07,1.4580514208389717,0.6294179575876072,-0.4442611109612072,-1.320321041138509,0.8760599301773018,-0.3953446137489583,1.6676133410516971,-2.458302568549614,0
2025-02-10,1.469553450608931,0.6280643705820425,-0.31327968532590633,-1.3196211055549047,1.0063414202289984,-0.36431744110633313,1.7263137635199022,-2.454948645732568,0
2025-02-11,1.472936400541272,0.6139269063016995,-0.24929587356437022,-1.6693714355739602,1.42007556200959,-0.33485773482157194,1.8059499874902802,-2.4756654571334242,0
2025-02-12,1.4986468200270635,0.6196420514363064,0.0664829147217363,-1.451264763071019,1.5177476777927552,-0.31414371016275194,1.874187310011296,-2.5024747303368,0
2025-02-13,1.4742895805142084,0.6175364716498722,-0.16297695336992643,-1.4548552068175702,1.2918782534476438,-0.2912455594188861,1.9353830082599555,-2.517874127097728,0
2025-02-14,1.4952638700947227,0.6202436456610018,0.1598568648261326,-1.3305706918090192,1.4904275566351517,-0.26869896675525334,2.002544628763594,-2.5399425622741005,0
2025-02-17,1.5493910690121786,0.6200932471048278,0.9612852895044238,-1.2876194444101623,2.248904733914586,-0.22707114775072462,2.135382814469644,-2.589525109971093,1
2025-02-18,1.5345060893098783,0.6143781019702211,0.7934258535592563,-1.3929390459660207,2.186364899525277,-0.18182822042420976,2.259812056598601,-2.623468497447021,0
2025-02-19,1.5723951285520974,0.6158820875319598,1.341065719614959,-1.3039170644578255,2.644982784072784,-0.12720496906724732,2.4178802820046266,-2.672290220139121,1
2025-02-20,1.530446549391069,0.6185892615430892,0.770907694568129,-1.1893678099202487,1.9602755044883777,-0.0873287926083875,2.5126921652920116,-2.687349750508787,0
2025-02-21,1.5696887686062246,0.6235524138968267,1.3990318946289098,-1.0233386289321842,2.422370523561094,-0.04215761690166705,2.636667615265956,-2.7209828490692902,0
2025-02-24,1.5703653585926929,0.6226500225597834,1.4213754374600758,-1.0152145723006758,2.4365900097607516,0.006022876369809035,2.7576958942722887,-2.745650141532671,0
2025-02-25,1.5615696887686061,0.6100165438411792,1.2768118770375827,-1.3104366897624675,2.58724856680005,0.05481852478059176,2.8842334322740357,-2.774596382712852,0
2025-02-26,1.540595399188092,0.6082117611670929,0.9403829815025522,-1.3161685430222947,2.2565515245248466,0.10268325106908138,2.9826961757775696,-2.777329673639407,0
2025-02-27,1.485791610284168,0.619942848548654,0.11619233419416473,-0.9863925530779588,1.1025848872721236,0.13348428699048695,3.016126705573056,-2.7491581315920817,0
2025-02-28,1.4336941813261166,0.6182884644307415,-0.6494823460334899,-0.9988813936921758,0.3493990476586859,0.15057577374917622,3.025843591957472,-2.7246920444591196,0
2025-03-03,1.425575101488498,0.609114152504136,-0.7547920300911725,-1.1935470755841742,0.4387550454930017,0.1702364388651135,3.03682759772888,-2.6963547199986526,0
2025-03-04,1.4235453315290933,0.6085125582794406,-0.7628817008019732,-1.168359458013942,0.4054777572119689,0.1910613359807011,3.045809941486579,-2.663687269525177,0
2025-03-05,1.4235453315290933,0.6070085727177019,-0.7376290197410617,-1.167032418964837,0.42940339922377524,0.21698296640914583,3.051259428801927,-2.617293495983635,0
2025-03-06,1.4424898511502031,0.6185892615430892,-0.439265886695232,-0.8509487862866046,0.41168289959137266,0.24480199351427664,3.0528541089488197,-2.563250121920267,0
2025-03-07,1.412043301759134,0.6166340803128291,-0.8715435145225906,-0.8701829015027707,-0.001360613019819934,0.2655864195448748,3.0470140154157663,-2.515841176326017,0
2025-03-10,1.4228687415426253,0.6068581741615281,-0.6866126454054261,-1.0802078018136474,0.3935951564082213,0.28716891582967236,3.0518087617447396,-2.4774709300853948,0
2025-03-11,1.408660351826793,0.6154308918634381,-0.868359716737932,-0.835027237514073,-0.03333247922385896,0.30262817913793866,3.0491937245079606,-2.4439373662320834,0
2025-03-12,1.4147496617050068,0.6046021958189203,-0.7549098013641635,-1.0746546989843304,0.3197448976201669,0.3261170662701129,3.048246732980818,-2.396012600440592,0
2025-03-13,1.39851150202977,0.6043013987065725,-0.9651825075849232,-1.05253576982985,0.0873532622449269,0.3506862188100343,3.0362921709203037,-2.3349197333002354,0
2025-03-14,1.4384303112313939,0.6255075951270869,-0.36019750353850555,-0.47726205958841794,0.1170645560499124,0.37652135288821154,3.0218486727466907,-2.268805966970268,0
2025-03-17,1.456021650879567,0.6325763272672583,-0.086890734434915,-0.2571776111025296,0.1702868766676146,0.40602658811255055,3.0006816558515736,-2.1886284796264728,0
2025-03-18,1.4573748308525034,0.6234020153406529,-0.070018477582858,-0.4882305230920263,0.4182120455091683,0.44163578575478435,2.975629753343661,-2.0923581818340926,0
2025-03-19,1.422192151556157,0.6234020153406529,-0.5917437272589725,-0.46235446317652507,-0.12938926408244744,0.46861361168807864,2.941507189074316,-2.0042799656981583,0
2025-03-20,1.4106901217861978,0.613475710633178,-0.7463686696440311,-0.7322849168617361,-0.014083752782295011,0.49408983092199654,2.9136161103323763,-1.9254364484883835,0
2025-03-21,1.395805142083897,0.6027974131448338,-0.9462309959884833,-1.0409975535646685,0.09476655757618524,0.5267893394098322,2.868274883720252,-1.8146962049005877,0
2025-03-24,1.4100135317997293,0.6070085727177019,-0.7145821982934664,-0.8882522247876851,0.1736700264942187,0.5525822465080067,2.842424514655722,-1.7372600216397087,0
2025-03-25,1.387686062246279,0.6088133553917883,-1.0095346545362642,-0.8088457741261418,-0.20068888041012245,0.5728430135331289,2.812788117644766,-1.6671020905785081,0
2025-03-26,1.3788903924221922,0.6095653481726576,-1.1008547325086824,-0.7650182230724414,-0.335836509436241,0.5920366385095382,2.779283859247038,-1.5952105822279612,0
2025-03-27,1.368064952638701,0.6215972326665664,-1.2186508103155582,-0.30279958350462177,-0.9158512268109364,0.5988404435254814,2.7642728873473077,-1.5665920002963452,0
2025-03-28,1.3518267929634642,0.6163332832004813,-1.4038142755096452,-0.48683361390628227,-0.9169806616033629,0.6046580449576459,2.75150605580851,-1.5421899658932183,0
2025-03-31,1.3437077131258457,0.6103173409535269,-1.4820091817339236,-0.7334430904691013,-0.7485660912648223,0.6029447673715479,2.754011939466608,-1.5481224047235118,0
2025-04-01,1.354533152909337,0.6118213265152656,-1.2798475795782691,-0.6672398632050842,-0.6126077163731849,0.6127337063884448,2.735587358464132,-1.510119945687242,0
2025-04-02,1.3531799729364007,0.6142277034140473,-1.2557190384920858,-0.5401953098236323,-0.7155237286684535,0.6186941398756989,2.7242303570162862,-1.4868420772648883,0
2025-04-03,1.2889039242219216,0.6116709279590916,-2.071503944093819,-0.7086774106285164,-1.3628265334653027,0.6199253889269698,2.720653314668783,-1.4808025368148436,0
2025-04-07,1.1603518267929633,0.5910663257632727,-3.4189403834628713,-2.193507727040814,-1.2254326564220572,0.6217649154980377,2.7157088494141868,-1.4721790184181116,0
2025-04-08,1.0446549391069013,0.6196420514363064,-4.067640912383386,-0.02907819942232747,-4.038562712961058,0.5692518116930886,2.9549059482986046,-1.8164023249124273,-1
2025-04-09,1.104871447902571,0.6345315084975185,-3.0874352306192527,1.303669051836666,-4.3911042824559186,0.5011716105614472,3.200924378769704,-2.1985811576468093,-1
2025-04-10,1.215155615696888,0.6346819070536924,-1.9143914652233176,1.3672635245638534,-3.281654989787171,0.43887183030175303,3.3099160461045045,-2.4321723855009987,-1
2025-04-11,1.2043301759133966,0.6322755301549106,-1.922765046861774,1.1909586768914777,-3.113723723753252,0.3835526727072726,3.3972561227654445,-2.6301507773508996,-1
2025-04-14,1.2124492557510151,0.633929914272823,-1.7725270523339585,1.3521295098058648,-3.1246565621398235,0.32481017443792143,3.4716757045638085,-2.822055355687966,-1
2025-04-15,1.2246278755074427,0.6431042261994285,-1.6166667553972942,2.120270157309197,-3.736936912706491,0.2592047246161661,3.576233863034334,-3.0578244138020017,-1
2025-04-16,1.1840324763193506,0.6531809294630772,-1.8943909551877525,2.836909150907777,-4.73130010609553,0.1794561385333366,3.7378869975955595,-3.3789747205288867,-1
2025-04-17,1.1772665764546684,0.6531809294630772,-1.863329650686204,2.7612294283861027,-4.624559079072307,0.10008558899454224,3.8685513609116455,-3.6683801829225606,-1
2025-04-18,1.1880920162381596,0.6337795157166491,-1.7076841178894897,1.1694428626939757,-2.8771269805834656,0.048557642071139814,3.8944100450417727,-3.7972947608994927,0
2025-04-21,1.2050067658998647,0.6340803128289968,-1.514040422075516,1.1824413140207926,-2.6964817360963087,-0.011203296668762519,3.8925140760078887,-3.9149206693454137,0
2025-04-22,1.2029769959404601,0.6345315084975185,-1.4759620406516167,1.232438847392136,-2.7084008880437525,-0.06471768575258702,3.897943485687968,-4.027378857193142,0
2025-04-23,1.2341001353179972,0.6289667619190856,-1.1991736459249127,0.7773455834805878,-1.9765192294055005,-0.10919482057156787,3.8787368747429465,-4.097126515886083,0
2025-04-24,1.2124492557510151,0.6399458565197774,-1.3167782042119704,1.6864835550790833,-3.0032617592910538,-0.1724837109453782,3.8771866450243926,-4.222154066915149,0
2025-04-25,1.2341001353179972,0.6316739359302151,-1.1191479032972842,0.9674767508699624,-2.0866246541672466,-0.250764184037446,3.761508586513319,-4.263036954588211,0
2025-04-28,1.2178619756427604,0.6205444427733494,-1.2021723499073371,0.041422751852129305,-1.2435951017594664,-0.309941157413905,3.653311488497207,-4.273193803325017,0
2025-04-29,1.2239512855209744,0.6385922695142128,-1.122162984012547,1.4825159785086386,-2.6046789625211857,-0.3951978976031053,3.541222819643517,-4.331618614849727,0
2025-04-30,1.2219215155615697,0.6304707474808242,-1.1004299661465944,0.7980070733122299,-1.8984370394588241,-0.4485293823159888,3.481086297271871,-4.378145061903849,0
2025-05-06,1.2726657645466848,0.6283651676943902,-0.7021229128572987,0.6039502792391073,-1.306073192096406,-0.4798320634322922,3.446633131980914,-4.406297258845498,0
2025-05-07,1.260487144790257,0.6498721612272523,-0.7745321240717715,2.213281622298992,-2.9878137463707635,-0.5397696068394646,3.4286885722332965,-4.508227785912226,0
2025-05-08,1.2875507442489853,0.6408482478568206,-0.5505714463481691,1.4710047603659446,-2.021576206714114,-0.5880635424543214,3.3808322948992133,-4.556959379807856,0
2025-05-09,1.2645466847090665,0.6376898781771695,-0.6992783747769378,1.2032940691437912,-1.902572443920729,-0.6365454401901505,3.32418344134389,-4.597274321724191,0
2025-05-12,1.3037889039242219,0.6397954579636036,-0.38389691565999595,1.3147114401902835,-1.6986083558502796,-0.6885235054878147,3.2441724715985396,-4.621219482574169,0
2025-05-13,1.2916102841677943,0.6324259287110844,-0.45403030284728746,0.741975036558652,-1.1960053394059396,-0.7337527224411264,3.157934242729199,-4.625439687611452,0
2025-05-14,1.3227334235453316,0.639494660851256,-0.19796774703337505,1.2283116793583295,-1.4262794263917047,-0.779055350438449,3.0798579712933454,-4.637968672170244,0
2025-05-15,1.2922868741542626,0.648969769890209,-0.41059999904842526,1.8376109853769247,-2.24821098442535,-0.8413659927894573,2.989112014340266,-4.67184399991918,0
2025-05-16,1.3004059539918809,0.640397052188299,-0.3219025770243011,1.1845028747003894,-1.5064054517246905,-0.9039544958834452,2.842933488132321,-4.650842479899212,0
2025-05-19,1.2889039242219216,0.6453602045420364,-0.38835590101950335,1.4767754809914853,-1.8651313820109885,-0.9714794339090499,2.6940074330585406,-4.63696630087664,0
2025-05-20,1.2895805142083896,0.6464129944352535,-0.35563569687736696,1.4898182462914376,-1.8454539431688044,-1.0463200460297428,2.5002412058442802,-4.592881297903766,0
2025-05-21,1.2834912043301758,0.659948864490901,-0.3808460848464408,2.267610946012667,-2.6484570308591078,-1.123132254952201,2.357566542104096,-4.603831052008498,0
2025-05-22,1.2889039242219216,0.660851255827944,-0.30567350139606086,2.1898039698884846,-2.4954774712845453,-1.205096388199628,2.165864345956037,-4.5760571223552935,0
2025-05-23,1.2713125845737483,0.6673183937434201,-0.435633433708379,2.418587060268635,-2.854220493977014,-1.2932765632619243,1.9650997184414,-4.551652844965249,0
2025-05-26,1.2692828146143438,0.6734847345465484,-0.4278319100503295,2.5840777957369547,-3.0119097057872843,-1.3865958678050465,1.7376526621724266,-4.5108443977825194,0
2025-05-27,1.2496617050067658,0.6695743720860281,-0.5946779100227394,2.2278822783452066,-2.822560188367946,-1.471247729686593,1.5240391361905559,-4.466534595563742,0
2025-05-28,1.257104194857916,0.6826590464731539,-0.49387384363581166,2.7039850425408773,-3.197858886176689,-1.5429217925774066,1.4073043607686833,-4.493147945923496,0
2025-05-29,1.3328822733423547,0.6712287562039405,0.31347548178907075,2.005980198591624,-1.6925047168025533,-1.576953521985094,1.3312880006568506,-4.485195044627039,0
2025-05-30,1.280784844384303,0.6680703865242894,-0.21207726905381058,1.769081654007241,-1.9811589230610516,-1.6172854214609949,1.2439844799912714,-4.478555322913261,0
2025-06-03,1.2713125845737483,0.6677695894119416,-0.29017950459308506,1.682848979315575,-1.97302848390866,-1.6569271921463384,1.1558398202348386,-4.469694204527515,0
2025-06-04,1.3146143437077131,0.6643104226199429,0.20119989037665356,1.462788544801451,-1.2615886544247974,-1.6851103930404816,1.076034285785383,-4.4462550718663465,0
2025-06-05,1.3910690121786198,0.6482177771093398,1.0647700470528485,0.6706026786721151,0.3941673683807334,-1.6854023185606588,1.0748441437912033,-4.445648780912521,0
2025-06-06,1.3741542625169147,0.6441570160926455,0.8904102731246963,0.4564643520349444,0.43394592108975194,-1.6781472096588326,1.1023191597000896,-4.458613579017754,0
2025-06-09,1.3822733423545333,0.6334787186043014,0.9985333315242854,-0.07885828582991432,1.0773916173541997,-1.6667506019763998,1.153577963989822,-4.487079167942621,0
2025-06-10,1.3640054127198917,0.627462776357347,0.8072700547634741,-0.38463958877769405,1.1919096435411682,-1.646329899930316,1.2390992850342502,-4.531759084894882,0
2025-06-11,1.3802435723951285,0.6276131749135209,1.0075881305065286,-0.4035085800042609,1.4110967105107894,-1.6281407030488053,1.320764924260997,-4.577046330358607,1
2025-06-12,1.3978349120433018,0.620995638441871,1.2106778625638093,-0.7610491123156625,1.9717269748794717,-1.5967344745048964,1.464489403532728,-4.65795835254252,1
2025-06-13,1.4140730717185386,0.6176868702060461,1.4129542747240544,-0.918228710447149,2.3311829851712034,-1.5598325006862082,1.6358565942733803,-4.755521595645797,1
2025-06-16,1.4357239512855209,0.6033990073695292,1.68035310092655,-1.581942602633882,3.262295703560432,-1.5082990202379947,1.8939294623953449,-4.910527502871334,1
2025-06-17,1.3937753721244928,0.608061362610919,1.226553982220151,-1.3220511212975836,2.5486051035177346,-1.4727924692711851,2.053428663914218,-4.999013602456588,1
2025-06-18,1.4316644113667119,0.6050533914874417,1.671719344412756,-1.4323383870568915,3.1040577314696476,-1.4189016860119836,2.28518260055064,-5.122985972574607,1
2025-06-19,1.4079837618403248,0.5818920138366672,1.3915515235816456,-2.4148620827503953,3.8064136063320406,-1.3552267300267449,2.571739428982957,-5.2821928890364465,1
2025-06-20,1.3930987821380245,0.5791848398255377,1.2156555200391037,-2.433917468321872,3.6495729883609758,-1.2959799561803313,2.8225652146459828,-5.4145251270066455,1
2025-06-23,1.3667117726657645,0.5781320499323207,0.9192286083161281,-2.366928449934276,3.2861570582504043,-1.2441051723177283,3.0253786629271904,-5.513589007562647,1
2025-06-24,1.3728010825439783,0.5862535719657092,0.9988184298225596,-1.9545510155396717,2.9533694453622314,-1.1915375335548555,3.205954312791377,-5.589029379901088,0
2025-06-25,1.4194857916102843,0.5934727026620545,1.5378530395339,-1.617509507024516,3.155362546558416,-1.1333508826216112,3.400474600764394,-5.667176366007617,0
2025-06-26,1.4235453315290933,0.5858023762971877,1.5536525912543422,-1.854838707482557,3.408491298736899,-1.061278507195814,3.6216444391488736,-5.7442014535405015,0
2025-06-27,1.4445196211096076,0.5829448037298842,1.7428874859784544,-1.8924434351288069,3.6353309211072613,-0.9854066474839704,3.851990004229921,-5.822803299197862,0
2025-06-30,1.4465493910690121,0.585200782072492,1.707076217173629,-1.7508471777108165,3.4579233948844452,-0.9152984893814828,4.056132932115702,-5.8867299108786675,0
2025-07-01,1.4479025710419486,0.5880583546397955,1.6698080002643068,-1.5981841384944384,3.2679921387587454,-0.8506218251292842,4.236453773170647,-5.937697423429215,0
2025-07-02,1.4316644113667119,0.5850503835163182,1.4540123626874804,-1.6574698892726927,3.1114822519601733,-0.7868383921188071,4.402076815690095,-5.975753599927709,0
2025-07-03,1.5751014884979704,0.5853511806286661,2.7596598398290184,-1.6004045365754667,4.360064376404485,-0.69145687695431,4.66216944363553,-6.045083197544149,0
2025-07-04,1.6109607577807847,0.5844487892916228,2.873499219217594,-1.6190518185861862,4.49255103780378,-0.5961571487172131,4.919910467095113,-6.1122247645295396,0
2025-07-07,1.6224627875507442,0.5805384268311025,2.8444242487811584,-1.6939968908825573,4.538421139663716,-0.45320741784013335,5.143922229380266,-6.050337065060532,0
2025-07-08,1.7848443843031123,0.5847495864039706,3.82418385825712,-1.489245622170854,5.313429480427974,-0.29146518845873537,5.402798209205323,-5.985728586122794,0
2025-07-09,1.7997293640054128,0.5805384268311025,3.471223185364126,-1.5688185080712733,5.040041693435399,-0.15277024373835954,5.649584211407119,-5.955124698883838,0
2025-07-10,1.769959404600812,0.5818920138366672,2.9535883761810746,-1.4676338602806016,4.421222236461676,-0.027187811068110433,5.840279715844715,-5.894655337980935,0
2025-07-11,1.7591339648173208,0.5818920138366672,2.6580577678970654,-1.414788039213566,4.072845807110632,0.09277056175273012,5.996824878194486,-5.8112837546890255,0
2025-07-14,1.7537212449255752,0.5793352383817116,2.444773016032285,-1.4406581171154764,3.8854311331477613,0.21981002918363413,6.11667888820504,-5.6770588298377715,0
2025-07-15,1.843707713125846,0.5773800571514514,2.7758981368422972,-1.4464507968101283,4.222348933652426,0.3690375131794343,6.209129021132472,-5.4710539947736025,0
2025-07-16,1.8085250338294994,0.5772296585952775,2.4051083899624053,-1.3980468552022627,3.803155245164668,0.5094994185833835,6.265832702844228,-5.24683386567746,0
2025-07-17,1.8606224627875507,0.5793352383817116,2.520467539158216,-1.2868032643866847,3.8072708035449008,0.6209060483188565,6.369350916773146,-5.127538820135434,0
2025-07-18,1.834235453315291,0.5835463979545796,2.2383063459014028,-1.1204829718245677,3.3587893177259707,0.7218272325492281,6.44592413825742,-5.002269673158964,0
2025-07-21,1.8281461434370772,0.5850503835163182,2.0903742839591657,-1.0413251143221496,3.1316993982813153,0.8191622373213127,6.504472074288812,-4.866147599646188,0
2025-07-22,1.8240866035182681,0.59407429688675,1.9663366809408704,-0.7476639328724493,2.7140006138133197,0.897337568041626,6.55520101349339,-4.760525877410139,0
2025-07-23,1.7983761840324763,0.593021506993533,1.7586361309145713,-0.7547210063699222,2.5133571372844936,0.9892812163178852,6.568042714782817,-4.589480282147046,0
2025-07-24,1.9248985115020298,0.6002406376898781,2.2424353042833505,-0.5213221973843141,2.7637575016676648,1.0701209189151337,6.607993719844953,-4.467751882014686,0
2025-07-25,1.9391069012178621,0.5913671228756204,2.1819937413577892,-0.7694907064501932,2.9514844478079825,1.1400389114079248,6.664998940176126,-4.3849211173602765,0
2025-07-28,2.0006765899864685,0.5873063618589262,2.31647923622248,-0.8628647737845843,3.179344010007064,1.2364392942833948,6.697082611839498,-4.2242040232727085,0
2025-07-29,2.1102841677943167,0.5845991878477966,2.601041002574404,-0.9155324829644229,3.516573485538827,1.3266894697000227,6.755473907201572,-4.102094967801526,0
2025-07-30,2.2516914749661705,0.5895623402015342,2.9119050424529767,-0.7465525526092034,3.6584575950621803,1.4094316494859993,6.826307409076215,-4.007444110104215,0
2025-07-31,2.341677943166441,0.5767784629267559,2.9662832870189755,-1.0871531559385903,4.053436442957565,1.526785819308138,6.860599816305736,-3.8070281776894594,0
2025-08-01,2.232746955345061,0.5728681004662356,2.400083946939997,-1.1619217005325728,3.56200564747257,1.6198455168779162,6.896354529874157,-3.656663496118324,0
2025-08-04,2.2307171853856564,0.5754248759211912,2.250880676844727,-1.0513447998572591,3.3022254767019863,1.7065921488882947,6.918275887170459,-3.5050915893938703,0
2025-08-05,2.3714479025710418,0.5775304557076252,2.5278139613010984,-0.9576522111267488,3.4854661724278473,1.7929933910262632,6.946602564442539,-3.3606157823900134,0
2025-08-06,2.3207036535859267,0.5767784629267559,2.226704549339122,-0.948495402017584,3.175199951356706,1.865846812538974,6.970934438474328,-3.2392408133963793,0
2025-08-07,2.412043301759134,0.5767784629267559,2.3457606750461344,-0.9175045613678482,3.2632652364139827,1.944005890252402,6.987286149810696,-3.099274369305892,0
2025-08-08,2.475642760487145,0.5754248759211912,2.369629960728744,-0.9254594808464183,3.295089441575162,2.0363942306857443,6.9691630809125975,-2.8963746195411093,0
2025-08-11,2.4594046008119084,0.57888404271319,2.190322492530985,-0.7969645701938445,2.9872870627248296,2.1112891059265695,6.9610054272628865,-2.738427215409747,0
2025-08-12,2.6867388362652234,0.579936832606407,2.600058479933569,-0.739312540698867,3.339371020632436,2.198030812637293,6.943491492769425,-2.5474298674948384,0
2025-08-13,2.955345060893099,0.5803880282749286,2.986157632466859,-0.6997292079394255,3.685886840406284,2.290219825696878,6.929880278459649,-2.3494406270658925,0
2025-08-14,2.924221921515562,0.5830952022860582,2.6869616753537158,-0.5939946959235618,3.2809563712772776,2.389043382399151,6.849948425195215,-2.071861660396913,0
2025-08-15,3.0351826792963466,0.5848999849601444,2.7066560863974876,-0.5137868137033449,3.2204429001008323,2.484308721922241,6.761234123644927,-1.7926166798004455,0
2025-08-18,3.0081190798376185,0.5913671228756204,2.4707934555208904,-0.2839046895184539,2.7546981450393444,2.5777906992391797,6.618743969066376,-1.4631625705880165,0
2025-08-19,3.3092016238159676,0.5904647315385773,2.823742021517137,-0.2821167071195521,3.105858728636689,2.6797535064795794,6.446400574429148,-1.086893561469989,0
2025-08-20,3.2415426251691475,0.5939238983305761,2.510805623047938,-0.12882635561581363,2.639631978663752,2.7707900425967744,6.249504388879764,-0.7079243036862146,0
2025-08-21,3.064276048714479,0.5978342607910965,2.075582974534912,0.06657527535998684,2.0090076991749255,2.8575711523526346,5.971238387035069,-0.2560960823298002,0
2025-08-22,3.1008119079837617,0.5993382463528351,2.029132747850023,0.18580405221865245,1.8433286956313706,2.9165017092265337,5.8056075180718505,0.027395900381216975,0
2025-08-25,3.2476319350473615,0.6181380658745677,2.155173264745486,1.09510169350874,1.060071571236746,2.9671888841314966,5.602314769048657,0.3320629992143358,0
2025-08-26,3.0771312584573747,0.6176868702060461,1.7911147264194733,1.223210654074115,0.5679040723453583,3.009537760069064,5.391184657292662,0.627890862845466,-1
2025-08-27,3.0933694181326117,0.6076101669423973,1.7400380268119446,0.8607345368312025,0.8793034899807421,3.045219295809156,5.221899329400406,0.8685392622179058,0
2025-08-28,3.311231393775372,0.6027974131448338,1.984023971887997,0.6916597969167092,1.2923641749712877,3.060189242585665,5.174154659805154,0.9462238253661761,0
2025-08-29,3.6420838971583223,0.6232516167844789,2.3442747953836913,2.0939372307636255,0.25033756462006584,3.0571291033111705,5.1870305879911776,0.9272276186311634,-1
2025-09-01,3.76319350473613,0.619942848548654,2.3663263437003885,1.9621687373572454,0.4041576063431431,3.0459085364609866,5.2247657725681815,0.8670513003537912,-1
2025-09-02,3.6454668470906633,0.6157316889757859,2.0820148791823625,1.7395735246019841,0.3424413545803784,3.031750731644973,5.269846538784381,0.7936549245055655,-1
2025-09-03,3.6698240866035188,0.6043013987065725,2.0099645978805962,1.0206116307602537,0.9893529671203425,3.024721669255132,5.286050648953863,0.7633926895564018,0
2025-09-04,3.594722598105548,0.6079109640547451,1.822457638994193,1.3408628327457364,0.48159480624845674,2.999886133111282,5.339629959613328,0.6601423066092362,-1
2025-09-05,3.777401894451962,0.6082117611670929,1.9656140164873197,1.4053541118540294,0.5602599046332903,2.9703707484356503,5.3878180653742715,0.552923431497029,0
2025-09-08,3.4776725304465494,0.6191908557677847,1.5156762378541948,2.1614184603269893,-0.6457422224727944,2.905236783001763,5.495129351964341,0.3153442140391851,-1
2025-09-09,3.301082543978349,0.6215972326665664,1.2449795836094475,2.254889280566717,-1.0099096969572694,2.8459282029938464,5.625105038162575,0.06675136782511748,-1
2025-09-10,3.631258457374831,0.6158820875319598,1.605296404261893,1.7931790534756253,-0.18788264921373243,2.7910625299824567,5.677420450348645,-0.09529539038373125,-1
2025-09-11,3.9945872801082545,0.620995638441871,1.970356661636134,2.040532330491501,-0.07017566885536697,2.726452708729333,5.692800067589511,-0.23989465013084432,0
2025-09-12,4.188092016238159,0.6113701308467439,2.0996017411617545,1.328738508006029,0.7708632331557255,2.678474212809246,5.677033286198894,-0.3200848605804021,0
2025-09-15,4.05277401894452,0.6142277034140473,1.8526822963327396,1.4659478817622345,0.38673441457050517,2.6301505020812472,5.681854006583647,-0.42155300242115246,0
2025-09-16,4.04127198917456,0.6065573770491803,1.7652464937978536,0.9207100421919189,0.8445364516059347,2.5950032855186422,5.679958775822708,-0.48995220478542345,0
2025-09-17,4.13531799729364,0.6059557828244849,1.7993658377348032,0.8609137547294605,0.9384520830053427,2.558054777792758,5.6687064171348975,-0.5525968615493819,0
2025-09-18,4.354533152909337,0.5984358550157919,1.9628582230031142,0.34650140934394436,1.61635681365917,2.528185869708129,5.640036260365756,-0.5836645209494975,0
2025-09-19,4.472259810554804,0.5985862535719657,2.001313232397992,0.34019440544848367,1.6611188269495085,2.4952823348054998,5.601256524940624,-0.6106918553296237,0
2025-09-22,4.7699594046008125,0.5942246954429238,2.2138864758597343,0.038646314880485935,2.175240160979248,2.47390428090708,5.570569453183022,-0.6227608913688618,0
2025-09-23,4.794993234100136,0.5910663257632727,2.130854272811324,-0.1765952149473359,2.3074494877586598,2.457895236723745,5.547785239076579,-0.6319947656290887,0
2025-09-24,4.643437077131258,0.5835463979545796,1.8871546987162007,-0.6787403099073169,2.5658950086235177,2.4488021160014677,5.53407577874212,-0.6364715467391848,0
2025-09-25,4.631935047361299,0.5805384268311025,1.7984325607196714,-0.8715632620534273,2.6699958227730987,2.420634306774278,5.4655230266333215,-0.6242544130847651,0
2025-09-26,4.389039242219216,0.5835463979545796,1.4912652938452526,-0.6693007907233676,2.1605660845686203,2.381767890887025,5.378223803773734,-0.614688021999684,0
2025-09-29,4.504736129905277,0.5847495864039706,1.5548626963520664,-0.5957876460013491,2.1506503423534156,2.3419717109318534,5.284860542871954,-0.6009171210082465,0
2025-09-30,4.466170500676591,0.5859527748533615,1.4615541349739625,-0.516965793874654,1.9785199288486166,2.2863898850721975,5.125116587556649,-0.5523368174122538,0
2025-10-09,4.631258457374831,0.5916679199879682,1.5717388011275275,-0.14741600008467587,1.7191548012122033,2.231041770201811,4.979431740528063,-0.5173482001244407,0
2025-10-10,4.493234100135318,0.590765528650925,1.3830869803016455,-0.21939352741542226,1.6024805077170676,2.1840627413894005,4.875947301014361,-0.50782181823556,0
2025-10-13,4.294993234100136,0.5850503835163182,1.1439779769532092,-0.6120189980546745,1.7559969750078839,2.1454485941876884,4.793227993874902,-0.5023308054995255,0
2025-10-14,4.040595399188092,0.5880583546397955,0.8535852143971491,-0.42044698936223174,1.2740322037593808,2.101925278697882,4.719033565854936,-0.515183008459172,0
2025-10-15,4.2882273342354535,0.5939238983305761,1.077949438768576,-0.03819292259434418,1.1161423613629202,2.0501551691597237,4.619086697801556,-0.5187763594821093,0
2025-10-16,4.302435723951286,0.5981350579034442,1.0605537298464918,0.23209593602603554,0.8284577938204563,2.0005768783039866,4.546605230736763,-0.5454514741287895,0
2025-10-17,4.06021650879567,0.5877575575274477,0.776135642573042,-0.5091979777646921,1.2853336203377341,1.9585445919172007,4.466224560559364,-0.5491353767249623,0
2025-10-20,4.198917456021651,0.5856519777410137,0.8978351587060023,-0.661677049461033,1.5595122081670354,1.9285566400912184,4.411028789374263,-0.5539155091918262,0
2025-10-21,4.600811907983762,0.5858023762971877,1.3020175845018949,-0.6523170115759745,1.9543345960778695,1.9089338933878277,4.371251410833766,-0.5533836240581105,0
2025-10-22,4.428958051420839,0.5812904196119717,1.0823847716508426,-0.9493889852115449,2.0317737568623873,1.8975634457719788,4.351043318885024,-0.5559164273410659,0
2025-10-23,4.329499323410014,0.580989622499624,0.9448249091253641,-0.9491092706349487,1.8939341797603126,1.8872397298132422,4.3353864241968125,-0.560906964570328,0
2025-10-24,4.550067658998647,0.5805384268311025,1.1700804159706018,-0.9514454321250521,2.121525848095654,1.8765358689203755,4.314688965732922,-0.5616172278921716,0
2025-10-27,4.922868741542626,0.582192810949015,1.5669156758999756,-0.8216835946548054,2.388599270554781,1.8671544492994887,4.292782084863428,-0.558473186264451,0
2025-10-28,5.006089309878214,0.5775304557076252,1.6212929104264642,-1.1215319156133887,2.742824826039853,1.8598791295667019,4.2720784269013015,-0.5523201677678975,0
2025-10-29,5.466847090663058,0.5781320499323207,2.089498091429781,-1.0662797414569063,3.1557778328866872,1.8538658686891663,4.251017470637644,-0.5432857332593111,0
2025-10-30,5.2753721244925575,0.5712137163483231,1.7980741732295427,-1.4869076524506022,3.284981825680145,1.847641272532799,4.227609509577691,-0.5323269645120929,0
2025-10-31,4.871447902571042,0.5731688975785832,1.2817880311561853,-1.345937420310754,2.6277254514669393,1.823879422674622,4.141926400154983,-0.49416755480573893,0
2025-11-03,5.066982408660352,0.5737704918032787,1.4782852071114236,-1.3088432489275779,2.7871284560390013,1.8109648028173957,4.0980479141442645,-0.47611830850947334,0
2025-11-04,4.972259810554804,0.5677545495563243,1.3327436599776838,-1.6786918486377016,3.0114355086153854,1.8061183033492858,4.081549531420408,-0.4693129247218364,0
2025-11-05,5.090663058186739,0.5668521582192811,1.4427878999236952,-1.6985490724101673,3.141336972333862,1.8003828166810527,4.060276891999635,-0.4595112586375294,0
2025-11-06,5.156968876860622,0.5671529553316289,1.492707037792623,-1.6453646530289352,3.1380716908215582,1.7997640123388001,4.058146582833844,-0.4586185581562441,0
2025-11-07,4.918809201623817,0.5710633177921492,1.1629221107817544,-1.3803956138133344,2.543317724595089,1.7877648871418188,4.022038774603809,-0.4465090003201708,0
2025-11-10,4.837618403247632,0.5812904196119717,1.0333393493470038,-0.745392857717949,1.778732207064953,1.7624922665666485,3.96143552691227,-0.4364509937789729,0
2025-11-11,4.602841677943167,0.5808392239434501,0.6947865551530776,-0.7774765910498234,1.472263146202901,1.7372418679579498,3.9136529981048636,-0.43916926218896424,0
2025-11-12,4.641407307171853,0.5784328470446685,0.7251311262241658,-0.9275974615009771,1.652728587725143,1.7091311607428281,3.844550013327735,-0.4262876918420786,0
2025-11-13,4.600135317997293,0.5805384268311025,0.6400568055798027,-0.7941401287406944,1.434196934320497,1.6716029956413982,3.743918097358263,-0.4007121060754666,0
2025-11-14,4.348443843031123,0.577831252819973,0.24025753606983663,-0.9562104473970658,1.1964679834669025,1.6368615225112255,3.6689272250501084,-0.39520418002765734,0
2025-11-17,4.393775372124493,0.5743720860279742,0.28218580580401753,-1.1530091955106114,1.435195001314629,1.6071073908647886,3.5966881054364754,-0.38247332370689824,0
2025-11-18,4.378890392422193,0.5710633177921492,0.23029055432409845,-1.318939932103686,1.5492304864277846,1.5870162632212628,3.553670988665184,-0.3796384622226583,0
2025-11-19,4.401894451962112,0.5685065423371936,0.24259898042273736,-1.4284942287245095,1.6710932091472468,1.5631035045631054,3.489105893474701,-0.3628988843484897,0
2025-11-20,4.461434370771313,0.5677545495563243,0.3143109829290105,-1.4223289373299288,1.7366399202589393,1.5480536369230251,3.4538435332507844,-0.3577362594047342,0
2025-11-21,4.104871447902571,0.5608362159723267,-0.32594619303973305,-1.751500865895619,1.425554672855886,1.5383294198177078,3.440502519227257,-0.3638436795918416,0
2025-11-24,3.7848443843031125,0.5546698751691984,-0.9322177946496678,-1.997788418295017,1.0655706236453493,1.5253667852846076,3.4296842065573054,-0.37895063598809053,0
2025-11-25,3.8301759133964817,0.5579786434050233,-0.8903001219483132,-1.7462897344937236,0.8559896125454104,1.5219654193064185,3.430388113662867,-0.3864572750500299,0
2025-11-26,3.9871447902571044,0.5539178823883291,-0.6565381804247085,-1.8949170147684284,1.2383788343437199,1.533139998673058,3.4266316963253276,-0.3603516989792115,0
2025-11-27,4.077807848443843,0.5563242592871109,-0.5392134274781758,-1.6888456112569084,1.1496321837787327,1.5376454769030243,3.4260883389572565,-0.35079738515120784,0
2025-11-28,4.108254397834912,0.5558730636185893,-0.5233921369552273,-1.6415935503308339,1.1182014133756066,1.534742764209763,3.425253544418047,-0.35576801599852126,0
2025-12-01,4.046684709066306,0.5588810347420665,-0.6773039012217816,-1.446258291435021,0.7689543902132394,1.5433863779696493,3.4146536869999373,-0.327880931060639,0
2025-12-02,4.124492557510149,0.5545194766130245,-0.5306348176143941,-1.6362040678604537,1.1055692502460595,1.555076572034698,3.4060470329736328,-0.29589388890423707,0
2025-12-03,4.173207036535859,0.547601143029027,-0.4534259425072351,-1.9381982206628492,1.484772278155614,1.5741154207609518,3.3976445313777814,-0.24941368985587808,0
2025-12-04,4.154262516914749,0.5447435704617236,-0.5227267740311592,-1.9911218303710279,1.4683950563398687,1.5820994555812773,3.3993980026286668,-0.23519909146611218,0
2025-12-05,4.13531799729364,0.5491051285907655,-0.6001324778503618,-1.6922796511193667,1.092147173269005,1.5922753283649531,3.3912523726548267,-0.20670171592492026,0
2025-12-08,4.290257104194858,0.5491051285907655,-0.2682652185730421,-1.6308200290036314,1.3625548104305893,1.6056469101282413,3.385242831057375,-0.1739490108008923,0
2025-12-09,4.600135317997293,0.5485035343660701,0.4295522971003552,-1.6227043730443111,2.0522566701446663,1.6506135583385324,3.332462248617322,-0.031235131940257288,0
2025-12-10,4.412043301759134,0.5477515415852009,-0.07874122391160032,-1.632999974901807,1.5542587509902066,1.693349699137657,3.223684526657977,0.1630148716173374,0
2025-12-11,4.2151556156968875,0.54654835313581,-0.6407087680818564,-1.6579176707200527,1.0172089026381963,1.713434558335189,3.1733467040042465,0.2535224126661315,0
2025-12-12,4.177943166441137,0.5488043314784179,-0.7560022278080637,-1.5178121456174642,0.7618099178094005,1.727300984779602,3.133102609640054,0.3214993599191496,0
2025-12-15,4.001353179972937,0.5491051285907655,-1.219076479403089,-1.4680613082105722,0.24898482880748318,1.7186030113737978,3.1546099462181076,0.2825960765294879,-1
2025-12-16,3.988497970230041,0.5525642953827644,-1.246685190357433,-1.2505047339830173,0.003819543625584343,1.7122210968580491,3.1754511997520183,0.2489909939640802,-1
2025-12-17,4.161028416779432,0.5569258535118063,-0.7909450334159495,-0.965858050594002,0.17491301717805252,1.7010607062842513,3.200966706862122,0.20115470570638094,-1
2025-12-18,3.9431664411366714,0.5566250563994586,-1.3594548870750687,-0.9616604871897748,-0.39779439988529386,1.6787899315694073,3.262118377124034,0.09546148601478066,-1
2025-12-19,3.9445196211096074,0.5682057452248459,-1.3180433891314733,-0.2025546421818589,-1.1154887469496144,1.6332591722259275,3.3732555620944056,-0.10673721764255051,-1
2025-12-22,4.10148849797023,0.5692585351180629,-0.8805829109315728,-0.10552408103116975,-0.7750588299004031,1.592656211278429,3.4403706602874857,-0.25505823773062786,-1
2025-12-23,4.253044654939107,0.5682057452248459,-0.4619323641270046,-0.14990417285011226,-0.31202819127689235,1.5512017387408266,3.4564581309744535,-0.3540546534928004,0
2025-12-24,4.407307171853857,0.5617386073093699,-0.037881181468927445,-0.5648060327028371,0.5269248512339096,1.5215263281320808,3.434318643346569,-0.39126598708240756,0
2025-12-25,4.514208389715832,0.5624906000902391,0.2530337949488083,-0.49141161192485633,0.7444454068736646,1.4911688347695833,3.394329046593284,-0.4119913770541175,0
2025-12-26,4.319350473612991,0.562791397202587,-0.2535975730159548,-0.4514672286213961,0.19786965560544129,1.4499667319834557,3.3563504784167,-0.45641701444978877,0
2025-12-29,4.414073071718539,0.5597834260791097,-0.0013873162671903332,-0.6366096400868313,0.6352223238196409,1.4245443359709726,3.333062071227891,-0.48397339928594585,0
2025-12-30,4.345737483085251,0.5606858174161529,-0.17710464815752985,-0.5498230434335261,0.3727183952759962,1.3949121368530155,3.3127572030391814,-0.5229329293331502,0
2025-12-31,4.198240866035182,0.5567754549556325,-0.5583258374066267,-0.797651396180477,0.2393255587738503,1.3659255640184362,3.300390532649959,-0.5685394046130863,0
2026-01-05,4.307848443843032,0.5704617235674538,-0.2521029319846124,0.20595188979764675,-0.4580548217822592,1.3296387369685285,3.3180784040844116,-0.6588009301473545,0
2026-01-06,4.333558863328823,0.5772296585952775,-0.17624672543679332,0.7306331085258968,-0.9068798339626901,1.2878160646071994,3.356837549529887,-0.7812054203154881,-1
2026-01-07,4.272665764546685,0.5743720860279742,-0.33808523560235204,0.5379553372666941,-0.8760405728690461,1.2439487721425837,3.3830149064377224,-0.895117362152555,0
2026-01-08,4.149526387009472,0.5718153105730186,-0.6750643106988612,0.373257222722743,-1.0483215334216043,1.2052428765229006,3.4246315124692246,-1.0141457594234233,-1
2026-01-09,4.159675236806495,0.5698601293427583,-0.6402843778028067,0.26352516376233276,-0.9038095415651395,1.1715770114740998,3.4567692416917577,-1.113615218743558,0
2026-01-12,4.122462787550744,0.5763272672582344,-0.7289800784900147,0.8522000010774051,-1.5811800795674198,1.1314163802509685,3.5233405794947377,-1.260507818992801,-1
2026-01-13,4.020974289580514,0.5742216874718004,-0.9963026160727807,0.711467041401963,-1.7077696574747439,1.0815313256207604,3.582746908054398,-1.4196842568128771,-1
2026-01-14,4.059539918809202,0.5683561437810197,-0.8834980499182034,0.23628387492572464,-1.119781924843928,1.0368764234039112,3.5983225415011493,-1.5245696946933267,0
2026-01-15,4.112990527740189,0.5653481726575426,-0.7188903947853984,4.5591903281616455e-4,-0.7193463138182146,0.992315074905643,3.5817104975972938,-1.5970803477860076,0
2026-01-16,4.2625169147496615,0.5563242592871109,-0.31557905564711713,-0.792609749925754,0.4770306942786368,0.9664026905292471,3.544577635661148,-1.6117722546026538,0
2026-01-19,4.120433017591339,0.5543690780568507,-0.6795167090828427,-0.94267062103076,0.2631539119479174,0.9392230193990405,3.512000510991464,-1.6335544721933826,0
2026-01-20,4.037212449255751,0.5546698751691984,-0.8720225682090952,-0.8857805063443499,0.013757938135254721,0.9040935542330341,3.4687498756350297,-1.6605627671689613,0
2026-01-21,4.165087956698241,0.5489547300345917,-0.5118636462558218,-1.3856128161627554,0.8737491699069336,0.8788460525555696,3.4137078322432743,-1.6560157271321354,0
2026-01-22,4.2456021650879565,0.5435403820123327,-0.2704433200881016,-1.822127724711454,1.5516844046233524,0.858993712198628,3.352797970025557,-1.634810545628301,0
2026-01-23,4.066982408660352,0.5390284253271169,-0.7556755761168248,-2.135136268752895,1.3794606926360704,0.8293884265277843,3.253479525539613,-1.5947026724840443,0
2026-01-26,4.009472259810555,0.5366220484283352,-0.924008982147016,-2.2163954054305983,1.2923864232835824,0.7961785031545083,3.1365748869794867,-1.5442178806704698,0
2026-01-27,4.125169147496617,0.5325612874116409,-0.5306528444957453,-2.407833831020889,1.8771809865251439,0.7836694287388117,3.092048832703698,-1.5247099752260747,0
2026-01-28,4.106224627875507,0.525943750939991,-0.5715658869450494,-2.7343732738299296,2.16280738688488,0.7732640775862432,3.0503236649525665,-1.50379550978008,0
2026-01-29,3.8971583220568338,0.5474507444728531,-1.2809783330902873,-0.986860166219022,-0.29411816687126535,0.7181715163281321,2.9340852614814086,-1.4977422288251443,0
2026-01-30,3.903924221921516,0.5309069032937284,-1.2722893879036683,-2.164563261110692,0.8922738732070237,0.6806871313426849,2.8040169996826907,-1.4426427369973207,0
2026-02-02,3.767253044654939,0.5349676643104226,-1.874478014728182,-1.7698382016015308,-0.10463981312665127,0.6266419396102147,2.658649548129034,-1.4053656689086047,0
2026-02-03,3.7719891745602165,0.5394796209956384,-1.8697515260121258,-1.3818562390657143,-0.4878952869464115,0.5761217227511899,2.5645453333132577,-1.4123018878108782,0
2026-02-04,3.6136671177266577,0.5456459617987668,-2.530718070791188,-0.9001151730443251,-1.6306028977468627,0.5192994710043262,2.5620394917618565,-1.5234405497532044,-1
2026-02-05,3.6454668470906633,0.5709129192359754,-2.284288665720884,1.0272736634193262,-3.31156232914021,0.4395690464152743,2.6935230278265423,-1.8143849349959935,-1
2026-02-06,3.6806495263870094,0.5578282448488495,-2.0641987393809926,0.05485910092432763,-2.11905784030532,0.37670593928143314,2.7022787373312687,-1.9488668587684022,-1
2026-02-09,3.7564276048714484,0.5588810347420665,-1.6824368390750477,0.17030774695003428,-1.852744586025082,0.32192358060900694,2.7004198497128846,-2.0565726884948705,0
2026-02-10,3.793640054127199,0.550759512708678,-1.4564345688327542,-0.45784159340178104,-0.9985929754309733,0.2853392312940425,2.676608486375576,-2.105930023787491,0
2026-02-11,3.734776725304466,0.5477515415852009,-1.6554195921896786,-0.679633498605456,-0.9757860935842226,0.24515621304572824,2.6388538121130587,-2.148541386021602,0
2026-02-12,3.743572395128552,0.5405324108888555,-1.5559095987955756,-1.2421623646996527,-0.31374723409592287,0.21410658437033303,2.5872371703055412,-2.159024001564875,0
2026-02-13,3.704330175913397,0.5360204542036396,-1.664704945178925,-1.5578244666833112,-0.10688047849561388,0.1844736895762853,2.527813774800987,-2.158866395648416,0
2026-02-24,3.7469553450608934,0.5439915776808544,-1.4340536756158562,-0.8674947404083463,-0.5665589352075099,0.14608704198517786,2.461287345207187,-2.1691132612368316,0
2026-02-25,3.8829499323410017,0.5396300195518123,-0.8111215510083548,-1.188974670781082,0.3778531197727272,0.12862534943379184,2.4202553962403246,-2.1630046973727413,0
2026-02-26,3.920838971583221,0.5390284253271169,-0.6606709482363876,-1.2018228292232902,0.5411518809869026,0.11988503705615117,2.400954665910144,-2.161184591797842,0
2026-02-27,3.768606224627876,0.5408332080012033,-1.325573455130627,-1.0235072035173192,-0.3020662516133079,0.10058410598683912,2.3759079086065658,-2.174739696632887,0
2026-03-02,3.7571041948579165,0.5361708527598136,-1.3397727027019382,-1.3537694835305802,0.013996780828642086,0.08017773842825451,2.335869399509612,-2.175513922653103,0
2026-03-03,3.7131258457374834,0.5423371935629419,-1.476416696246403,-0.8411461276831786,-0.6352705685632243,0.05042935922255519,2.2958038489346717,-2.1949451304895615,0
2026-03-04,3.6373477672530448,0.5339148744172056,-1.7217439253424582,-1.4505659205079124,-0.2711780048345458,0.02727303558571939,2.2564523107710777,-2.201906239599639,0
2026-03-05,3.728010825439784,0.5411340051135509,-1.302468714762131,-0.8642304830080875,-0.43823823175404353,0.007153158552931371,2.230886688721174,-2.216580371615311,0
2026-03-06,3.6759133964817323,0.5567754549556325,-1.4594164459132737,0.3395960334731386,-1.7990124793864122,-0.04125653694094321,2.2114814728886616,-2.2939945467705476,0
2026-03-09,3.571718538565629,0.5611370130846745,-1.7920927615494378,0.6568242378448518,-2.4489169993942896,-0.10681802490010824,2.1937182046243984,-2.407354254424615,-1
2026-03-10,3.677943166441137,0.5606858174161529,-1.3258597557501828,0.6017017100452366,-1.9275614657954194,-0.16341730026902973,2.146553558192695,-2.4733881587307542,0
2026-03-11,3.6461434370771313,0.5623402015340653,-1.3959457150474905,0.709394531796898,-2.1053402468443885,-0.21670875727091962,2.122778554118775,-2.556196068660614,0
2026-03-12,3.554803788903924,0.5567754549556325,-1.6728229235267775,0.2731974897637489,-1.9460204132905266,-0.27185167766627155,2.0721809748143274,-2.61588433014687,0
2026-03-13,3.5514208389715836,0.5683561437810197,-1.655592401795344,1.124266388291782,-2.7798587900871263,-0.3523869353368015,1.9988576434148793,-2.703631514088482,-1
2026-03-16,3.5656292286874156,0.5791848398255377,-1.5512944950465724,1.8521727987722492,-3.4034672938188217,-0.43501570275028517,1.9909360910031577,-2.860967496503728,-1
2026-03-17,3.4438430311231394,0.5858023762971877,-1.9226482399392815,2.2000309331203756,-4.122679173059657,-0.5206805040119161,2.0550460728693754,-3.096407080893208,-1
2026-03-18,3.522327469553451,0.579936832606407,-1.5621418373127007,1.7062900191000685,-3.2684318564127692,-0.5878512002489522,2.0609932654315943,-3.2366956659294988,-1
2026-03-19,3.414073071718539,0.5746728831403219,-1.8686544461714125,1.2960412594767148,-3.1646957056481275,-0.6447458758232126,2.0766343026594116,-3.3661260543058367,0
2026-03-20,3.4032476319350473,0.5692585351180629,-1.818920907286045,0.9018564996824338,-2.720777406968479,-0.6901558249997801,2.0777316962840775,-3.4580433462836373,0
2026-03-23,3.2205683355886334,0.5457963603549406,-2.3027594463621894,-0.672088625141731,-1.6306708212204586,-0.7202488889730887,2.0486413425036125,-3.48913912044979,0
2026-03-24,3.3044654939106906,0.5512107083771997,-1.9223886345108188,-0.30047273763017374,-1.621915896880645,-0.7406509139230111,2.0366012382164396,-3.5179030660624617,0
2026-03-25,3.403924221921516,0.5564746578432848,-1.5391131780164031,0.06801536859845024,-1.6071285466148533,-0.7488449105840986,2.0357971345289467,-3.5334869556971436,0
2026-03-26,3.3653585926928282,0.5557226650624155,-1.5928636738719506,0.0325533127560044,-1.625416986627955,-0.7630175465295578,2.0308079891912443,-3.5568430822503596,0
2026-03-27,3.351150202976996,0.5970822680102272,-1.5746597488508167,2.6659509506313466,-4.240610699482163,-0.8284939216663124,2.103082677084,-3.760070520416625,-1
2026-03-30,3.333558863328823,0.6067077756053543,-1.5784861073100909,2.9833024168441975,-4.561788524154288,-0.9133058112561155,2.150228539768161,-3.976840162280392,-1
2026-03-31,3.481732070365359,0.6166340803128291,-1.0973749136119773,3.1976331227964976,-4.295008036408475,-0.9972967019774844,2.156359586308764,-4.1509529902637325,-1
2026-04-01,3.607577807848444,0.6280643705820425,-0.6712752819774253,3.370509710168852,-4.041784992146277,-1.0679576127733466,2.165739345255206,-4.301654570801899,0
2026-04-02,3.5182679296346415,0.6349827041660401,-0.9359251337279962,3.2879091631892603,-4.223834296917256,-1.148941889785628,2.1538865827288745,-4.451770362300131,0
2026-04-03,3.530446549391069,0.6270115806888255,-0.8697630887279868,2.703214912923527,-3.5729780016515136,-1.2147034964010865,2.1218327723001447,-4.551239765102318,0
2026-04-07,3.557510148849797,0.6246052037900437,-0.7507022127801299,2.4260670180265738,-3.1767692308067037,-1.2716384095607625,2.0805175059702607,-4.623794325091786,0
2026-04-08,3.8301759133964817,0.6188900586554369,0.22080159430644739,2.09187273673795,-1.8710711424315027,-1.2951886815715834,2.053569007008572,-4.643946370151739,0
2026-04-09,3.7225981055480384,0.6188900586554369,-0.12863040826292935,1.998616838509388,-2.1272472467723174,-1.3155281384517437,2.038456008166806,-4.669512285070293,0
2026-04-10,3.824086603518268,0.6218980297789142,0.2798623243756354,2.0076881365606987,-1.7278258121850634,-1.3297245591070106,2.023903278431145,-4.683352396645166,0
2026-04-13,3.768606224627876,0.6164836817566552,0.0957404009705826,1.746467299421678,-1.6507268984510954,-1.339764648524169,2.014043172776959,-4.693572469825297,0
2026-04-14,3.9864682002706364,0.6131749135208303,0.9624752658416275,1.5753151994110193,-0.6128399335693918,-1.334915155057573,2.022296646508455,-4.692126956623602,0
2026-04-15,3.9120433017591343,0.6154308918634381,0.6951580873164606,1.5942015321469662,-0.8990434448305057,-1.3235462111452911,2.03489300463722,-4.681985426927802,0
2026-04-16,4.013531799729364,0.6127237178523087,1.1002989372211036,1.4587108153256314,-0.3584118781045278,-1.3010569148224542,2.064979244355917,-4.667093074000825,0
2026-04-17,4.125169147496617,0.6006918333583998,1.531075332787062,1.0475464793553908,0.4835288534316713,-1.274335068517861,2.122867008918038,-4.67153714595376,0
2026-04-20,4.1617050067659,0.6059557828244849,1.6639336261365278,1.1782281701047779,0.48570545603174997,-1.2542508723536947,2.1704352963127826,-4.6789370410201725,0
2026-04-21,4.154939106901217,0.6113701308467439,1.666671219305553,1.3008340164704286,0.36583720283512444,-1.2561040972110868,2.164889463603448,-4.677097658025621,0
2026-04-22,4.525710419485792,0.5990374492404873,2.9381112945369066,0.8933798376976093,2.044731456839297,-1.2264111381295637,2.2781295006300226,-4.7309517768891505,0
2026-04-23,4.595399188092016,0.5952774853361408,2.9492431638607393,0.755088340728136,2.194154823132603,-1.1900711900462746,2.410678653769004,-4.790821033861554,0
2026-04-24,4.398511502029771,0.6003910362460521,2.190640176000908,0.882496975764779,1.3081432002361293,-1.182831289540788,2.4364973999572643,-4.802159979038841,0
2026-04-27,4.550067658998647,0.5993382463528351,2.593311174364125,0.8224189282493748,1.77089224611475,-1.1791778255159313,2.451803021323489,-4.810158672355351,0
2026-04-28,4.614343707713126,0.5904647315385773,2.6274510933281006,0.5293258438265989,2.0981252495015017,-1.1672000829015072,2.5026477370999687,-4.837047902902983,0
2026-04-29,4.483085250338296,0.5906151300947512,2.117244248452082,0.5107704543546773,1.6064737940974045,-1.1619652933879439,2.5230189545586548,-4.846949541334543,0
2026-04-30,4.2543978349120435,0.5811400210557979,1.4112292949553304,0.19525646004823427,1.2159728349070962,-1.1729854292482444,2.4788332438723115,-4.8248041023688,0
2026-05-06,4.2679296346414075,0.5826440066175366,1.4295376056795654,0.21718095742003451,1.212356648259531,-1.1888262748920002,2.4120214274312044,-4.789673977215204,0
2026-05-07,4.34235453315291,0.5824936080613626,1.5931249944336647,0.19498971558726122,1.3981352788464034,-1.160622050796706,2.494828259960461,-4.816072361553873,0
2026-05-08,4.2814614343707715,0.5742216874718004,1.3769455557344557,-0.09688006994829948,1.473825625682755,-1.1509295215887771,2.5296606259199166,-4.831519669097471,0
2026-05-11,4.455345060893099,0.5737704918032787,1.7882387655704859,-0.13520237321154885,1.9234411387820347,-1.117128172390299,2.639023414607307,-4.873279759387906,0
2026-05-12,4.357239512855211,0.5691081365618891,1.4620375595500323,-0.31169738129557745,1.7737349408456098,-1.079434335260432,2.7471352084567515,-4.906003878977615,0
2026-05-13,4.7929634641407315,0.5676041510001505,2.460359704857489,-0.3785908093253011,2.8389505141827898,-1.0049417783949377,2.9498524634636167,-4.959736020253493,0
2026-05-14,4.641407307171853,0.5617386073093699,1.9625065416208936,-0.5726524634612574,2.535159005082151,-0.9074964228245649,3.103826047387572,-4.918818893036701,0
2026-05-15,4.575101488497971,0.5536170852759814,1.717227940980985,-0.8457495953468785,2.5629775363278635,-0.8294624998806785,3.267240542070116,-4.926165541831473,0
