ts_code,trade_date,open,high,low,close,pre_close,change,pct_chg,vol,amount
300583.SZ,20240709,11.6,11.8,11.31,11.71,11.69,0.02,0.1711,14644.84,16924.445
300899.SZ,20240709,17.36,18.06,16.99,17.97,17.46,0.51,2.921,12683,22220.234
603059.SH,20240709,19.2,20.15,19.2,20.02,19.27,0.75,3.8921,6069.4,11995.339
300657.SZ,20240709,14.17,14.88,14.15,14.83,14.32,0.51,3.5615,98431.54,143463.004
000852.SZ,20240709,5.31,5.37,5.16,5.37,5.29,0.08,1.5123,38944.67,20543.77
000718.SZ,20240709,1.67,1.69,1.62,1.67,1.67,0,0,215205.5,35566.1
000620.SZ,20240709,1.62,1.64,1.57,1.59,1.62,-0.03,-1.8519,430518,68445.801
002266.SZ,20240709,2.69,2.82,2.68,2.8,2.71,0.09,3.321,230647.11,63454.87
603373.SH,20240709,25.44,26.51,24.71,26.09,25.31,0.78,3.0818,15621.4,39998.63
300350.SZ,20240709,4.36,4.48,4.3,4.47,4.33,0.14,3.2333,119187.4,52479.843
688661.SH,20240709,25.86,27.52,25.84,27.25,26.45,0.8,3.0246,16285.21,43833.032
600894.SH,20240709,10.37,10.53,10.29,10.44,10.43,0.01,0.0959,67032.64,69754.508
300822.SZ,20240709,10.35,11.01,10.17,10.93,10.25,0.68,6.6341,148968.87,158495.665
000659.SZ,20240709,1.41,1.42,1.34,1.39,1.44,-0.05,-3.4722,283035.7,39003.206
920367.BJ,20240709,9.3,9.49,9,9.4,9.3,0.1,1.0753,8227.38,7599.273
601566.SH,20240709,8.09,8.15,7.86,8.02,8.04,-0.02,-0.2488,15722,12597.01
300737.SZ,20240709,4.08,4.08,3.9,4.03,4.06,-0.03,-0.7389,133252.39,53336.109
002712.SZ,20240709,3.56,3.59,3.39,3.56,3.55,0.01,0.2817,202698.5,70811.059
002958.SZ,20240709,2.6,2.64,2.56,2.63,2.58,0.05,1.938,435216.19,113234.652
600429.SH,20240709,3.74,3.74,3.62,3.71,3.74,-0.03,-0.8021,52660.83,19394.294
688033.SH,20240709,5.43,5.51,5.32,5.46,5.43,0.03,0.5525,90372.36,48995.935
300563.SZ,20240709,31,34.16,29.51,34.16,28.47,5.69,19.986,430777.25,1374039.285
600420.SH,20240709,11.42,11.7,11.3,11.7,10.64,1.06,9.9624,541920.79,627885.509
000766.SZ,20240709,15.91,16.16,15.87,16.15,15.98,0.17,1.0638,104141.98,167173.001
001379.SZ,20240709,12.65,12.82,12.2,12.76,12.7,0.06,0.4724,23768.39,29796.082
688469.SH,20240709,3.81,3.93,3.78,3.93,3.81,0.12,3.1496,347762.35,134605.04
002545.SZ,20240709,6.78,6.91,6.7,6.88,6.8,0.08,1.1765,70041.15,47688.197
300443.SZ,20240709,13.85,14.16,13.51,14.05,13.86,0.19,1.3709,45893.59,63588.296
601162.SH,20240709,2.13,2.17,2.1,2.16,2.13,0.03,1.4085,1335796.23,285788.532
300148.SZ,20240709,2.32,2.37,2.22,2.31,2.31,0,0,236849,54116.346
603388.SH,20240709,1.74,1.75,1.65,1.7,1.74,-0.04,-2.2989,73833.6,12397.602
002198.SZ,20240709,7.67,8,7.65,7.98,7.62,0.36,4.7244,129634.21,101443.727
603351.SH,20240709,20.19,20.3,19.6,20.21,20.24,-0.03,-0.1482,4656,9309.959
002497.SZ,20240709,8.49,8.63,8.34,8.57,8.52,0.05,0.5869,94816,80678.316
003000.SZ,20240709,12.52,12.85,12.4,12.76,12.71,0.05,0.3934,44047.99,55897.305
301070.SZ,20240709,38.13,38.88,37.66,38.51,38.5,0.01,0.026,2174,8340.423
600725.SH,20240709,2.96,3.01,2.86,2.99,2.96,0.03,1.0135,133516.1,39230.317
300426.SZ,20240709,6.45,6.51,6.22,6.49,6.39,0.1,1.5649,45777.82,29322.951
605003.SH,20240709,15.5,16.29,14.88,16,15.3,0.7,4.5752,10162,15957.773
300690.SZ,20240709,17.01,17.57,16.65,17.48,17,0.48,2.8235,53545,92245.744
300429.SZ,20240709,11.2,11.83,11.01,11.82,11.32,0.5,4.417,346803.34,401412.049
001288.SZ,20240709,27.59,28.06,27,28.05,27.65,0.4,1.4467,12324.37,34032.407
688595.SH,20240709,27.03,29.6,26.65,29.16,27.17,1.99,7.3243,33417.53,94703.063
002703.SZ,20240709,10.34,10.66,10.34,10.63,10.37,0.26,2.5072,103931.8,109639.751
600405.SH,20240709,3.48,3.53,3.34,3.5,3.45,0.05,1.4493,44402.43,15281.787
300730.SZ,20240709,10.47,10.99,9.9,10.75,10.84,-0.09,-0.8303,422025.79,438437.548
000558.SZ,20240709,2.12,2.15,2.06,2.15,2.12,0.03,1.4151,143418.39,30322.223
002428.SZ,20240709,12.23,12.69,12.04,12.41,12.26,0.15,1.2235,853914.23,1058544.872
002175.SZ,20240709,1.71,1.72,1.63,1.71,1.75,-0.04,-2.2857,328689.2,55343.997
000688.SZ,20240709,9.22,9.54,9.12,9.47,9.25,0.22,2.3784,50014,46613.789
603676.SH,20240709,7.76,7.82,7.5,7.77,7.74,0.03,0.3876,33556,25750.124
002037.SZ,20240709,6.38,6.5,6.19,6.42,6.43,-0.01,-0.1555,119626,76117.711
600323.SH,20240709,22.59,23.02,22.37,22.99,22.54,0.45,1.9965,119856.69,272662.366
603883.SH,20240709,17.32,17.35,16.85,16.98,17.32,-0.34,-1.963,130968.59,222660.201
920429.BJ,20240709,9.88,10.17,9.85,10.17,9.97,0.2,2.006,3398.54,3404.786
300748.SZ,20240709,12.1,12.26,11.76,12.19,12.14,0.05,0.4119,137899.09,166430.471
600777.SH,20240709,1.81,1.83,1.77,1.81,1.82,-0.01,-0.5495,460393,82880.4
002552.SZ,20240709,14.3,15.16,14.02,15.01,14.44,0.57,3.9474,201881.82,296627.815
001206.SZ,20240709,12.7,13.27,12.61,13.09,12.7,0.39,3.0709,32952.08,42774.81
002945.SZ,20240709,9.38,9.63,9.35,9.6,9.45,0.15,1.5873,63598.17,60483.25
600056.SH,20240709,10,10.06,9.77,10.03,9.97,0.06,0.6018,73287.84,72657.891
600104.SH,20240709,13.37,13.5,13.2,13.5,13.38,0.12,0.8969,136996.69,182889.362
300496.SZ,20240709,41.69,43.63,41.39,43.47,41.55,1.92,4.6209,166628.99,708891.8
002047.SZ,20240709,1.4,1.42,1.34,1.42,1.41,0.01,0.7092,145125.8,20133.671
600776.SH,20240709,9.06,9.52,9.06,9.48,9.09,0.39,4.2904,102886.87,95872.778
002837.SZ,20240709,20.1,21.97,19.95,21.73,20.16,1.57,7.7877,182427.15,384993
601369.SH,20240709,7.54,7.74,7.48,7.72,7.61,0.11,1.4455,75631.3,57674.146
600939.SH,20240709,2.2,2.24,2.16,2.23,2.22,0.01,0.4505,88667,19528.949
688720.SH,20240709,39.76,42,38.9,41.86,39.1,2.76,7.0588,46765.01,190912.774
002594.SZ,20240709,245.2,253.51,241.51,252.6,244.99,7.61,3.1062,140762.55,3506898.661
603958.SH,20240709,7.77,8.5,7.5,8.5,7.73,0.77,9.9612,52106,41822.37
000615.SZ,20240709,1.99,1.99,1.89,1.93,1.98,-0.05,-2.5253,117878.02,22800.653
300072.SZ,20240709,1.8,1.82,1.73,1.81,1.8,0.01,0.5556,231010.09,41164.623
600141.SH,20240709,18.12,18.65,18,18.55,18.12,0.43,2.3731,87480.01,160669.219
603829.SH,20240709,13.2,13.83,12.5,13.73,13.46,0.27,2.0059,116659.74,153919.928
601000.SH,20240709,4.98,5.18,4.96,5.16,4.99,0.17,3.4068,431195.6,218697.916
600758.SH,20240709,2.8,2.87,2.77,2.86,2.8,0.06,2.1429,70760.11,19964.819
603759.SH,20240709,5.78,5.85,5.63,5.82,5.76,0.06,1.0417,18564.74,10679.362
688468.SH,20240709,5.94,6.02,5.81,6.01,5.9,0.11,1.8644,34581.86,20511.426
301041.SZ,20240709,24.5,26.22,24.5,25.97,24.7,1.27,5.1417,69831.04,178649.892
601888.SH,20240709,63.07,63.4,62.02,63.15,63.1,0.05,0.0792,242878.86,1523087.141
603189.SH,20240709,10.53,10.86,10.22,10.81,10.29,0.52,5.0534,50745,53592.823
605055.SH,20240709,3.95,4.03,3.86,4.02,3.96,0.06,1.5152,14112.2,5587.691
920270.BJ,20240709,6.61,6.9,6.61,6.88,6.82,0.06,0.8798,1614.57,1094.948
002107.SZ,20240709,3.88,3.9,3.73,3.88,3.87,0.01,0.2584,50468.21,19318.434
002821.SZ,20240709,61.51,61.76,59.82,61.18,61.57,-0.39,-0.6334,40299.24,244804.572
920870.BJ,20240709,7.78,8.13,7.55,8.02,7.58,0.44,5.8047,44827.62,35192.631
603656.SH,20240709,10.11,10.18,9.65,10.16,9.96,0.2,2.008,23291.55,23116.799
300845.SZ,20240709,9.71,10.04,9.52,10.01,9.73,0.28,2.8777,39359.2,38564.44
603920.SH,20240709,20.78,22.3,20.22,22.08,20.9,1.18,5.6459,415891.43,892291.787
600847.SH,20240709,6.74,6.76,6.68,6.76,6.74,0.02,0.2967,42680,28712.574
000567.SZ,20240709,5.12,5.25,5.02,5.23,5.12,0.11,2.1484,108785.59,55858.422
300411.SZ,20240709,11.4,12.3,10.97,11.85,11.28,0.57,5.0532,353303.89,409625.189
002058.SZ,20240709,6.85,7,6.6,6.92,6.85,0.07,1.0219,23854.01,16221.198
601311.SH,20240709,7.35,7.57,7.28,7.54,7.32,0.22,3.0055,69415.41,51651.995
603866.SH,20240709,4.92,4.98,4.84,4.95,4.93,0.02,0.4057,88095.49,43309.219
920478.BJ,20240709,11.4,11.69,11.11,11.58,11.62,-0.04,-0.3442,8569.28,9740.918
300128.SZ,20240709,2.93,3.01,2.93,3,2.96,0.04,1.3514,97747.43,29091.966
688683.SH,20240709,14.77,15.2,14.68,15.13,14.7,0.43,2.9252,4010.09,6005.883
002931.SZ,20240709,8.22,8.4,7.81,8.33,8.65,-0.32,-3.6994,166970.78,135690.048
600909.SH,20240709,4.02,4.08,3.93,4.06,4.01,0.05,1.2469,332193.14,133135.642
601456.SH,20240709,9.48,9.68,9.32,9.62,9.46,0.16,1.6913,317235.44,301984.313
300875.SZ,20240709,17.76,17.96,17,17.87,17.77,0.1,0.5627,31501.31,55080.62
001236.SZ,20240709,6.72,6.72,6.32,6.54,6.56,-0.02,-0.3049,65080.63,42072.484
002415.SZ,20240709,29.2,29.43,28.86,29.41,29.33,0.08,0.2728,290273.38,845499.745
603811.SH,20240709,6.09,6.13,5.92,6.11,6.1,0.01,0.1639,44996.25,27179.675
300750.SZ,20240709,175.3,177.3,173.09,175.77,175.91,-0.14,-0.0796,164439.15,2876833.39
000536.SZ,20240709,1.92,1.98,1.89,1.97,1.92,0.05,2.6042,371698.16,72066.958
300979.SZ,20240709,60.16,60.99,59.1,59.89,60.28,-0.39,-0.647,21124,126190.708
601500.SH,20240709,5.22,5.55,5.09,5.5,5.1,0.4,7.8431,591514.63,315127.675
002831.SZ,20240709,24.08,24.95,23.92,24.65,24.18,0.47,1.9438,34213.04,83878.524
600727.SH,20240709,7.24,7.24,7.07,7.24,6.58,0.66,10.0304,313617.3,226417.087
920781.BJ,20240709,3.87,3.94,3.8,3.9,3.87,0.03,0.7752,3524.35,1364.097
600857.SH,20240709,5.47,5.51,5.2,5.41,5.47,-0.06,-1.0969,29314,15769.333
001268.SZ,20240709,15.25,15.73,15,15.64,15.25,0.39,2.5574,9376.15,14402.524
000609.SZ,20240709,1.76,1.82,1.71,1.71,1.8,-0.09,-5,65047,11480.085
002741.SZ,20240709,11.33,12.74,10.89,11.37,11.59,-0.22,-1.8982,420797.97,488698.898
000915.SZ,20240709,29.18,29.45,28.5,29.3,29.19,0.11,0.3768,23371.5,67737.194
600901.SH,20240709,5.12,5.35,5.12,5.31,5.15,0.16,3.1068,368137.21,192485.354
688628.SH,20240709,29.08,29.88,28.5,29.25,29,0.25,0.8621,10586.11,30922.533
920699.BJ,20240709,17.13,17.63,16.54,17.51,17.09,0.42,2.4576,8903.25,15267.458
000910.SZ,20240709,5.75,5.86,5.65,5.84,5.78,0.06,1.0381,25066.67,14470.07
002691.SZ,20240709,4.1,4.17,3.93,4.16,4.1,0.06,1.4634,54405,22099.297
002014.SZ,20240709,9.53,9.62,9.28,9.52,9.53,-0.01,-0.1049,27969.04,26447.319
601028.SH,20240709,13.91,14.07,13.56,14,13.92,0.08,0.5747,259251.12,359588.69
688506.SH,20240709,169.8,172.8,166.47,170.64,172.43,-1.79,-1.0381,12984.07,219358.759
300294.SZ,20240709,34.58,34.95,34.21,34.58,34.67,-0.09,-0.2596,36367.65,125710.681
603863.SH,20240709,18.61,18.65,17.31,18.13,18.44,-0.31,-1.6811,82187,147071.21
301053.SZ,20240709,20.91,21.88,20.6,21.83,21.15,0.68,3.2151,40355.27,86072.573
603978.SH,20240709,8.93,8.99,8.26,8.53,8.51,0.02,0.235,18845,15993.414
300324.SZ,20240709,2.15,2.16,1.99,2.11,2.17,-0.06,-2.765,1158616.82,240519.037
601677.SH,20240709,11.11,11.82,11.1,11.74,11.13,0.61,5.4807,204532.55,236292.844
000737.SZ,20240709,9.75,10.04,9.66,9.98,9.77,0.21,2.1494,900080.71,891593.093
603067.SH,20240709,11.14,11.86,11.06,11.85,11.33,0.52,4.5896,146541.12,170429.597
605298.SH,20240709,7.98,8.07,7.73,8.05,7.88,0.17,2.1574,10223,8093.944
301272.SZ,20240709,34.5,35.79,34.09,35.61,34.44,1.17,3.3972,3408.69,11937.437
301429.SZ,20240709,14.44,14.59,13.85,14.52,14.42,0.1,0.6935,10359.86,14787.747
601211.SH,20240709,13.35,13.49,13.12,13.45,13.33,0.12,0.9002,307461.41,408666.107
688418.SH,20240709,15.42,16.1,15.21,16.04,15.43,0.61,3.9533,39579.67,62312.734
300850.SZ,20240709,13.94,14.21,13.68,14.06,13.99,0.07,0.5004,46565.66,65012.349
603518.SH,20240709,8.15,8.38,7.98,8.23,8.2,0.03,0.3659,54545.81,44643.536
300418.SZ,20240709,29.8,30.68,29.5,30.52,29.68,0.84,2.8302,337937.98,1018645.448
600980.SH,20240709,12.57,12.78,12.28,12.77,12.6,0.17,1.3492,17762,22292.571
600679.SH,20240709,8.42,8.66,8.3,8.61,8.45,0.16,1.8935,21778,18486.327
601399.SH,20240709,2.49,2.53,2.45,2.52,2.5,0.02,0.8,281355.48,70200.442
002298.SZ,20240709,4.31,4.37,4.14,4.35,4.29,0.06,1.3986,172298.85,73599.203
600331.SH,20240709,5.66,5.89,5.66,5.76,5.71,0.05,0.8757,243993,140784.58
920208.BJ,20240709,32.92,33.9,31.69,33.61,32.47,1.14,3.5109,771.67,2514.124
600771.SH,20240709,17.71,18.05,17.44,17.91,17.8,0.11,0.618,58854.86,104519.705
300866.SZ,20240709,63.76,64.99,63.17,63.97,64.03,-0.06,-0.0937,35187.96,224679.864
300780.SZ,20240709,12.24,12.56,11.87,12.54,12.15,0.39,3.2099,42403,52201.084
300288.SZ,20240709,10.05,10.29,9.74,10.27,10.06,0.21,2.0875,58653.23,58981.826
301163.SZ,20240709,18.55,19.5,18.31,19.4,18.73,0.67,3.5771,15001,28318.7
300905.SZ,20240709,26.13,27.11,25.64,26.93,25.9,1.03,3.9768,52273,138755.705
603877.SH,20240709,12.95,13.15,12.66,13.15,12.95,0.2,1.5444,14820.5,19141.884
920953.BJ,20240709,11.49,11.88,11.26,11.75,11.5,0.25,2.1739,19280.42,22378.006
920926.BJ,20240709,9.95,10.25,9.38,10.23,9.81,0.42,4.2813,10894.83,10711.824
605566.SH,20240709,14.45,14.93,14.3,14.8,14.43,0.37,2.5641,5795,8491.321
600824.SH,20240709,2.87,2.92,2.84,2.9,2.88,0.02,0.6944,38264.68,11021.089
600586.SH,20240709,5.61,5.67,5.44,5.64,5.6,0.04,0.7143,120059,66770.552
000927.SZ,20240709,2.29,2.35,2.27,2.34,2.29,0.05,2.1834,235506,54389.168
002229.SZ,20240709,9.73,9.84,9.4,9.79,9.68,0.11,1.1364,286877.4,277436.848
600114.SH,20240709,14,14.25,13.49,14.13,13.59,0.54,3.9735,373161.77,518055.187
002310.SZ,20240709,1.31,1.34,1.28,1.28,1.35,-0.07,-5.1852,856206.36,110848.818
300768.SZ,20240709,10.69,11.01,10.54,10.97,10.8,0.17,1.5741,52272.16,56369.943
301301.SZ,20240709,12.6,12.64,12.1,12.52,12.36,0.16,1.2945,366070.18,454711.799
603233.SH,20240709,13.57,13.64,13.31,13.55,13.58,-0.03,-0.2209,90844.96,122625.946
002502.SZ,20240709,0.82,0.84,0.82,0.82,0.86,-0.04,-4.6512,204839,16825.264
001239.SZ,20240709,12.7,12.99,12.28,12.9,12.75,0.15,1.1765,29420.58,37202.302
600773.SH,20240709,12.21,12.21,11.75,12.06,12.25,-0.19,-1.551,93574.01,111944.695
002500.SZ,20240709,4.49,4.57,4.45,4.56,4.47,0.09,2.0134,210013.03,94967.095
300582.SZ,20240709,7.87,8.36,7.77,8.29,7.86,0.43,5.4707,46958.97,38035.745
600329.SH,20240709,32,33.07,31.87,33,32.08,0.92,2.8678,58714.45,191805.275
688676.SH,20240709,46.04,46.72,44.98,46.47,46.69,-0.22,-0.4712,47171.9,216612.184
603858.SH,20240709,15.03,15.15,14.68,15.09,15.04,0.05,0.3324,43364.5,64652.699
301499.SZ,20240709,20.77,22.13,20.62,22.1,20.71,1.39,6.7117,24236.08,52399.595
002506.SZ,20240709,1.87,1.9,1.83,1.88,1.88,0,0,489297.5,91466.659
600641.SH,20240709,10.15,10.54,10,10.46,10.15,0.31,3.0542,78355.01,80809.881
002333.SZ,20240709,5.15,5.23,5.01,5.2,5.17,0.03,0.5803,39493,20264.231
920491.BJ,20240709,10.64,11.38,10.64,11.18,10.74,0.44,4.0968,8419.62,9307.519
002442.SZ,20240709,4.23,4.36,4.19,4.36,4.25,0.11,2.5882,71649.19,30805.882
000531.SZ,20240709,4.9,5.01,4.76,4.99,4.88,0.11,2.2541,59619.98,29158.252
300570.SZ,20240709,30.08,34.6,29.84,33.47,30.06,3.41,11.344,179086.52,576906.375
600589.SH,20240709,2.89,2.92,2.78,2.87,2.89,-0.02,-0.692,138437,39586.558
002627.SZ,20240709,4.64,4.68,4.49,4.61,4.62,-0.01,-0.2165,26043,11955.715
002928.SZ,20240709,6.02,6.22,5.96,6.19,6.05,0.14,2.314,116794,71281.963
603223.SH,20240709,6.09,6.25,5.97,6.2,6.15,0.05,0.813,34608.05,21191.341
002031.SZ,20240709,2.3,2.32,2.21,2.31,2.29,0.02,0.8734,526294.9,119731.198
000400.SZ,20240709,33.74,35.4,33.4,35.05,33.85,1.2,3.5451,191141.52,660384.32
920346.BJ,20240709,10.93,11.64,10.8,11.48,10.8,0.68,6.2963,24124.51,27068.613
600108.SH,20240709,2.37,2.41,2.32,2.39,2.37,0.02,0.8439,127450.23,30159.001
600674.SH,20240709,20,20.17,19.79,20.1,19.99,0.11,0.5503,153620.35,306635.385
600388.SH,20240709,11.28,11.42,11.11,11.34,11.3,0.04,0.354,50493,56939.579
300168.SZ,20240709,4.65,4.7,4.42,4.61,4.64,-0.03,-0.6466,136737.68,62111.954
603928.SH,20240709,7.34,7.49,7.25,7.48,7.4,0.08,1.0811,21416.5,15860.778
600339.SH,20240709,3.08,3.09,2.95,3.07,3.09,-0.02,-0.6472,494908.14,149867.114
601008.SH,20240709,3.44,3.49,3.38,3.49,3.43,0.06,1.7493,61738.14,21203.433
603323.SH,20240709,4.72,4.85,4.66,4.83,4.72,0.11,2.3305,221378.28,104991.943
002881.SZ,20240709,17.86,18.98,17.76,18.93,17.92,1.01,5.6362,30530.27,56539.086
920405.BJ,20240709,9.97,10.36,9.72,10.08,9.88,0.2,2.0243,1871.38,1897.932
000838.SZ,20240709,2.18,2.24,2.12,2.2,2.2,0,0,86954.1,18911.195
300553.SZ,20240709,22.1,22.75,21.64,22.67,22.05,0.62,2.8118,12446.1,27708.512
688021.SH,20240709,8.49,8.66,8.31,8.63,8.49,0.14,1.649,8946.72,7627.414
300203.SZ,20240709,10.43,10.73,9.96,10.72,10.4,0.32,3.0769,111984.2,115781.625
300708.SZ,20240709,8.31,8.84,8.31,8.82,8.36,0.46,5.5024,130834.03,112647.396
603960.SH,20240709,19.85,20.45,19.41,20.41,19.71,0.7,3.5515,141746.89,283878.219
600200.SH,20240709,8.65,8.75,8.46,8.7,8.65,0.05,0.578,120860.34,104289.964
600423.SH,20240709,2.27,2.29,2.19,2.27,2.26,0.01,0.4425,40710,9154.017
600956.SH,20240709,7.98,8.02,7.72,8.01,8.02,-0.01,-0.1247,60827.06,47930.153
000776.SZ,20240709,11.25,11.43,11.13,11.4,11.25,0.15,1.3333,206714.7,233324.599
603565.SH,20240709,8.38,8.46,8.2,8.3,8.38,-0.08,-0.9547,81633.38,67950.198
000560.SZ,20240709,2.34,2.35,2.24,2.33,2.35,-0.02,-0.8511,2362959.4,542516.142
920978.BJ,20240709,9,9.25,8.9,9.15,9.04,0.11,1.2168,5758.48,5252.442
301077.SZ,20240709,17,17.35,16.54,17.34,16.88,0.46,2.7251,11226.65,19115.625
603088.SH,20240709,7.39,7.65,7.39,7.65,7.46,0.19,2.5469,42393.3,32003.937
300522.SZ,20240709,10.24,10.49,10.11,10.45,10.19,0.26,2.5515,32934.2,34057.554
603737.SH,20240709,36.62,36.62,34.32,34.65,36.25,-1.6,-4.4138,56119.66,195802.227
000998.SZ,20240709,9.54,9.64,9.37,9.61,9.51,0.1,1.0515,142097.52,135485.329
002815.SZ,20240709,8.28,9.13,8.26,9.06,8.36,0.7,8.3732,430643.47,378479.749
603505.SH,20240709,26.02,26.76,25.65,26.7,26.1,0.6,2.2989,33461.7,87632.554
301279.SZ,20240709,17.58,18.14,17.01,18.12,17.48,0.64,3.6613,51633,91262.881
300477.SZ,20240709,2.33,2.34,2.16,2.3,2.33,-0.03,-1.2876,306388.86,68915.964
002210.SZ,20240709,1.33,1.37,1.31,1.37,1.32,0.05,3.7879,167561.62,22474.311
000563.SZ,20240709,2.66,2.73,2.65,2.71,2.66,0.05,1.8797,358739.59,96395.973
002690.SZ,20240709,15,15.7,14.95,15.58,15.01,0.57,3.7975,45136.33,69347.642
301512.SZ,20240709,43,46.16,41.58,45.21,40.93,4.28,10.4569,28647,124966.842
300244.SZ,20240709,11.6,11.79,11.46,11.73,11.7,0.03,0.2564,67071.31,78147.666
002265.SZ,20240709,8.34,8.65,8.25,8.61,8.35,0.26,3.1138,30578.47,25982.183
002584.SZ,20240709,5.75,5.94,5.58,5.94,5.4,0.54,10,260566.5,150708.219
603896.SH,20240709,22.15,22.5,21.43,22.36,22.15,0.21,0.9481,30143.71,66011.385
605028.SH,20240709,13.52,13.64,13.06,13.64,13.53,0.11,0.813,10423.64,13969.129
000926.SZ,20240709,2.27,2.3,2.22,2.3,2.31,-0.01,-0.4329,157476.76,35686.695
300163.SZ,20240709,1.28,1.33,1.26,1.29,1.29,0,0,110633,14281.896
000039.SZ,20240709,8.33,8.51,8.18,8.4,8.39,0.01,0.1192,278158.6,232402.381
603320.SH,20240709,15.45,15.89,14.72,15.65,15.58,0.07,0.4493,119780.4,183115.498
603191.SH,20240709,13.67,14,13.46,13.95,13.75,0.2,1.4545,41034,56563.456
000514.SZ,20240709,3.08,3.13,3.01,3.12,3.08,0.04,1.2987,153809.48,47353.148
000812.SZ,20240709,3.68,3.69,3.51,3.65,3.67,-0.02,-0.545,180653.66,65129.647
300151.SZ,20240709,14.65,14.96,14.25,14.87,14.67,0.2,1.3633,36716,53751.04
600996.SH,20240709,7.32,7.44,7.12,7.4,7.33,0.07,0.955,153216,111975.323
300669.SZ,20240709,12.9,12.94,12.69,12.79,12.92,-0.13,-1.0062,7061.5,9038.115
300584.SZ,20240709,15.03,15.3,14.61,15.23,15.32,-0.09,-0.5875,17688,26480.3
300406.SZ,20240709,14.94,15.26,14.78,15.14,14.98,0.16,1.0681,38389,57604.729
002080.SZ,20240709,11.69,11.75,10.95,11.15,12.06,-0.91,-7.5456,368891.38,414122.21
603511.SH,20240709,11.17,11.49,11,11.22,11.35,-0.13,-1.1454,10341,11574.707
002912.SZ,20240709,16.4,16.72,15.94,16.61,16.48,0.13,0.7888,21968.57,36055.128
600973.SH,20240709,3.36,3.48,3.33,3.47,3.38,0.09,2.6627,100933.82,34451.933
603119.SH,20240709,17.08,17.48,16.76,17.45,17.09,0.36,2.1065,11692.32,20037.733
002929.SZ,20240709,27.1,28.35,26.96,28.23,27.13,1.1,4.0546,51843.9,143433.302
002201.SZ,20240709,4.47,4.58,4.42,4.58,4.46,0.12,2.6906,66074.97,29815.451
600509.SH,20240709,5.04,5.1,4.87,5.08,4.99,0.09,1.8036,187617.4,93620.69
688602.SH,20240709,6.82,7.08,6.71,7.04,6.82,0.22,3.2258,42383.68,29332.438
002051.SZ,20240709,6.59,6.71,6.42,6.68,6.61,0.07,1.059,78849.09,51986.026
300903.SZ,20240709,6.83,7.1,6.7,7.07,6.75,0.32,4.7407,285783.52,197888.313
600285.SH,20240709,24.26,24.68,24.02,24.61,24.26,0.35,1.4427,57980.51,141681.468
301413.SZ,20240709,35.88,38.01,35.7,38.01,35.88,2.13,5.9365,17087.42,62838.98
688373.SH,20240709,4.11,4.13,3.95,4.05,4.08,-0.03,-0.7353,40912.32,16486.933
002444.SZ,20240709,25.27,26.07,25.25,26.02,25.4,0.62,2.4409,83505.16,214469.785
001324.SZ,20240709,15.2,15.36,14.67,15.35,15.1,0.25,1.6556,10648,16056.75
002083.SZ,20240709,4.41,4.45,4.29,4.4,4.23,0.17,4.0189,201135.4,88234.551
603051.SH,20240709,20.22,20.53,19.67,20.45,20.22,0.23,1.1375,13330,26864.75
301291.SZ,20240709,32.58,33.8,31.51,33.62,32.58,1.04,3.1921,92928.78,304993.333
920873.BJ,20240709,2.71,2.74,2.69,2.73,2.72,0.01,0.3676,5079.99,1382.172
002861.SZ,20240709,8.42,9.26,8.35,9.26,8.42,0.84,9.9762,201628.19,177410.36
002774.SZ,20240709,6.02,6.1,5.88,6.08,6.03,0.05,0.8292,20725.5,12444.015
002162.SZ,20240709,2.78,2.83,2.72,2.77,2.83,-0.06,-2.1201,88607.53,24554.306
601515.SH,20240709,3.4,3.41,3.3,3.38,3.4,-0.02,-0.5882,101297.08,33990.112
688611.SH,20240709,25.07,26.15,24.6,25.92,25.28,0.64,2.5316,2603.17,6629.933
300961.SZ,20240709,7.28,7.32,7,7.29,7.25,0.04,0.5517,18080.94,13010.663
688981.SH,20240709,46.55,48.56,46.55,48.16,46.7,1.46,3.1263,360703.97,1723195.832
605358.SH,20240709,22.37,23.56,22.25,23.51,22.63,0.88,3.8886,156951.01,364284.732
600531.SH,20240709,6.38,6.65,6.36,6.64,6.46,0.18,2.7864,407976.56,266506.79
301314.SZ,20240709,33.87,35.27,33.54,35.16,33.89,1.27,3.7474,24260.71,83880.508
920089.BJ,20240709,8.4,8.6,8.32,8.51,8.48,0.03,0.3538,1269.49,1075.814
301132.SZ,20240709,27.68,30.8,27.51,30.18,28.02,2.16,7.7088,188246.19,546630.571
003040.SZ,20240709,11.02,11.27,10.68,11.22,11.02,0.2,1.8149,79787.42,87823.781
605020.SH,20240709,17.35,17.73,17.1,17.69,17.46,0.23,1.3173,30703.35,53442.069
002922.SZ,20240709,18.31,18.92,17.88,18.85,18.42,0.43,2.3344,198989.44,367324.433
301037.SZ,20240709,8.42,8.74,8.2,8.68,8.41,0.27,3.2105,17647.54,15041.183
000413.SZ,20240709,1.36,1.36,1.36,1.36,1.43,-0.07,-4.8951,4158,565.488
002728.SZ,20240709,7.5,7.5,7.22,7.34,8.02,-0.68,-8.4788,320748.6,232917.772
002134.SZ,20240709,8.23,8.79,8.07,8.68,8.34,0.34,4.0767,161343,137746.201
603107.SH,20240709,14.62,15.06,14.45,15.06,14.62,0.44,3.0096,25697.95,37979.44
000712.SZ,20240709,7.92,8.03,7.59,7.91,7.88,0.03,0.3807,323223.53,252705.412
000892.SZ,20240709,2.46,2.47,2.33,2.44,2.43,0.01,0.4115,106010.8,25440.806
603989.SH,20240709,12.62,13.24,12.58,13.15,12.65,0.5,3.9526,52990.82,68857.863
301370.SZ,20240709,10.9,11.15,10.6,11.03,10.72,0.31,2.8918,42483.17,46207.063
600192.SH,20240709,4.22,4.37,4.11,4.34,4.22,0.12,2.8436,133852,56845.175
688660.SH,20240709,2.85,2.88,2.79,2.88,2.83,0.05,1.7668,33122.74,9392.148
688015.SH,20240709,15.95,16.82,15.9,16.8,16.11,0.69,4.2831,18126.73,29721.431
300006.SZ,20240709,2.31,2.33,2.23,2.32,2.33,-0.01,-0.4292,123822.37,28253.003
002550.SZ,20240709,5.33,5.37,5.13,5.29,5.32,-0.03,-0.5639,191611.34,100618.093
603668.SH,20240709,11.19,11.37,11.04,11.31,11.25,0.06,0.5333,50513.42,56547.438
600600.SH,20240709,66.38,66.7,65.28,66.56,66.12,0.44,0.6655,66596.19,439815.671
600578.SH,20240709,3.44,3.58,3.43,3.55,3.39,0.16,4.7198,629935.36,220629.794
300264.SZ,20240709,3.93,4.2,3.78,4.19,4.19,0,0,486282.36,192595.781
688662.SH,20240709,20.98,22.17,20.74,22.11,21.1,1.01,4.7867,10429.46,22477.606
920394.BJ,20240709,12.56,12.91,12.31,12.74,12.65,0.09,0.7115,3851.7,4894.738
603228.SH,20240709,29.53,31.43,29.32,31.24,29.39,1.85,6.2947,344344.76,1056687.106
600963.SH,20240709,3.57,3.61,3.45,3.55,3.56,-0.01,-0.2809,195777.68,69005.927
002482.SZ,20240709,1.61,1.64,1.61,1.62,1.61,0.01,0.6211,87341,14183.664
300503.SZ,20240709,11.49,11.98,11.4,11.97,11.48,0.49,4.2683,100199.5,117641.831
002544.SZ,20240709,17.58,18.34,17.45,18.27,17.59,0.68,3.8658,55236.02,99100.081
603508.SH,20240709,18.1,18.67,17.85,18.65,18.08,0.57,3.1527,58662.14,107654.427
301256.SZ,20240709,5.92,6.02,5.8,5.99,5.91,0.08,1.3536,20038.62,11862.676
000545.SZ,20240709,1.73,1.83,1.66,1.69,1.66,0.03,1.8072,175810.14,29959.705
600861.SH,20240709,16.47,16.6,16.11,16.4,16.47,-0.07,-0.425,22105,36159.289
002283.SZ,20240709,4.1,4.2,4.03,4.17,4.09,0.08,1.956,101617.48,41945.002
600684.SH,20240709,2.64,2.7,2.59,2.68,2.63,0.05,1.9011,84977.4,22533.815
600199.SH,20240709,11.42,11.73,11.2,11.64,11.48,0.16,1.3937,96063.55,110122.038
300453.SZ,20240709,6.36,6.41,6.16,6.39,6.35,0.04,0.6299,27164.85,17136.417
300664.SZ,20240709,4.38,4.43,4.29,4.42,4.35,0.07,1.6092,40553.61,17707.676
600662.SH,20240709,3.83,3.89,3.78,3.86,3.83,0.03,0.7833,70582.83,27121.55
603053.SH,20240709,9.29,9.5,9.17,9.5,9.35,0.15,1.6043,29118.69,27195.584
300241.SZ,20240709,3.77,3.97,3.7,3.96,3.73,0.23,6.1662,283167.75,109098.421
301270.SZ,20240709,22.44,22.95,21.86,22.87,22.33,0.54,2.4183,14495.04,32491.471
002006.SZ,20240709,12.1,12.33,11.91,12.26,12.11,0.15,1.2386,45448.46,55191.679
300268.SZ,20240709,6.86,6.95,6.76,6.84,6.93,-0.09,-1.2987,6871,4707.199
300253.SZ,20240709,5.57,5.66,5.44,5.65,5.55,0.1,1.8018,179785.71,99962.526
000544.SZ,20240709,7.83,7.95,7.65,7.92,7.83,0.09,1.1494,89482.74,69943.112
600379.SH,20240709,7.83,7.94,7.59,7.92,7.83,0.09,1.1494,25858.51,20125.252
920725.BJ,20240709,9.22,9.36,8.62,9.36,9.22,0.14,1.5184,6300.17,5695.494
300727.SZ,20240709,21.2,24.52,21,24.49,21.6,2.89,13.3796,90102.74,207977.854
301230.SZ,20240709,21.73,22.08,20.92,21.89,21.85,0.04,0.1831,39022.31,83554.208
603203.SH,20240709,21.2,22.96,20.99,22.95,21.13,1.82,8.6133,34463.08,76775.317
600711.SH,20240709,3.94,4.29,3.91,4.25,3.97,0.28,7.0529,1762412.03,733227.683
000893.SZ,20240709,15.63,15.95,15.43,15.91,15.6,0.31,1.9872,78983.69,124000.717
600259.SH,20240709,25.49,25.87,25.02,25.69,25.48,0.21,0.8242,22596.51,57598.947
000790.SZ,20240709,3.42,3.44,3.3,3.4,3.41,-0.01,-0.2933,57533.08,19409.414
600602.SH,20240709,10.41,10.72,10.28,10.68,10.46,0.22,2.1033,153310.17,161554.512
600106.SH,20240709,4.01,4.11,3.83,4.03,4.01,0.02,0.4988,333199.69,132262.005
002368.SZ,20240709,20.66,21.13,20.48,20.9,20.83,0.07,0.3361,98044.58,204562.732
000837.SZ,20240709,6.86,7.03,6.75,7.01,6.86,0.15,2.1866,101674,70348.613
600352.SH,20240709,8.46,8.73,8.45,8.72,8.51,0.21,2.4677,140726.07,121178.237
605208.SH,20240709,5.86,6.05,5.78,6.03,5.96,0.07,1.1745,40001.33,23749.934
600318.SH,20240709,6.01,6.2,6.01,6.17,6.01,0.16,2.6622,158774.23,97033.196
301408.SZ,20240709,10.05,10.12,9.82,10.07,9.99,0.08,0.8008,44019.48,43949.563
603488.SH,20240709,6.58,6.75,6.48,6.71,6.58,0.13,1.9757,23050,15381.224
002868.SZ,20240709,12.68,12.68,12.1,12.59,12.58,0.01,0.0795,14237.81,17643.359
002372.SZ,20240709,15.07,15.2,14.86,14.99,15.07,-0.08,-0.5309,83608.4,125617.42
002667.SZ,20240709,4.58,4.67,4.41,4.56,4.59,-0.03,-0.6536,50661.7,22844.346
300133.SZ,20240709,5.62,5.84,5.5,5.78,5.62,0.16,2.847,665195.09,377801.194
002165.SZ,20240709,3.62,3.68,3.55,3.66,3.63,0.03,0.8264,590699.26,214220.494
300677.SZ,20240709,27.21,29.08,27.08,28.92,27.23,1.69,6.2064,150920.54,426059.534
300619.SZ,20240709,18.5,19.06,17.9,19.06,18.52,0.54,2.9158,31848.39,58816.131
600095.SH,20240709,5.83,6.01,5.75,5.99,5.82,0.17,2.921,170510,100182.948
300076.SZ,20240709,3.23,3.27,3.09,3.24,3.33,-0.09,-2.7027,254636.19,80870.304
600882.SH,20240709,11.95,12.43,11.84,12.35,11.96,0.39,3.2609,47998,58159.323
300508.SZ,20240709,18.23,19.59,17.79,19.21,17.99,1.22,6.7815,28124,52883.25
688328.SH,20240709,12.49,13.09,12.23,13.02,12.38,0.64,5.1696,37879.94,48244.912
600851.SH,20240709,4.43,4.52,4.35,4.49,4.47,0.02,0.4474,32355.01,14401.489
920924.BJ,20240709,6.86,7.07,6.82,7.01,6.82,0.19,2.7859,5816.59,4039.991
002168.SZ,20240709,2.11,2.12,1.97,2.05,2.1,-0.05,-2.381,156579.45,31948.537
300468.SZ,20240709,8.12,8.26,7.85,8.24,8.13,0.11,1.353,172926.04,139975.57
300342.SZ,20240709,12.59,13,12.18,12.91,12.65,0.26,2.0553,248203.78,312793.385
001358.SZ,20240709,19.18,19.57,18.81,19.53,19.05,0.48,2.5197,14718.61,28364.09
600893.SH,20240709,35.27,35.55,34.85,35.04,35.27,-0.23,-0.6521,108659.13,381392.642
600792.SH,20240709,3.2,3.22,3.08,3.18,3.2,-0.02,-0.625,73943,23275.302
002236.SZ,20240709,14.27,14.7,14.22,14.69,14.27,0.42,2.9432,315926.36,457696.256
688589.SH,20240709,23.33,24.92,23,24.83,23.33,1.5,6.4295,33210.41,80783.911
003008.SZ,20240709,16.37,16.84,16,16.74,16.53,0.21,1.2704,44813.4,73444.887
300165.SZ,20240709,2.45,2.55,2.37,2.46,2.57,-0.11,-4.2802,670119.3,162404.181
688768.SH,20240709,21.82,22.35,21.1,22.18,21.38,0.8,3.7418,4946.06,10771.865
002474.SZ,20240709,4.16,4.21,3.98,4.19,4.16,0.03,0.7212,148024,60784.793
300529.SZ,20240709,27.6,27.99,26.26,26.59,26.93,-0.34,-1.2625,120648.24,323405.049
300720.SZ,20240709,11.64,12.08,11.35,12.07,11.55,0.52,4.5022,26211.8,30823.123
300804.SZ,20240709,20.53,20.86,19.89,20.86,20.6,0.26,1.2621,5304.65,10823.52
920640.BJ,20240709,12.14,12.3,11.88,12.23,12.15,0.08,0.6584,2879.43,3480.553
002009.SZ,20240709,10.6,10.93,10.45,10.89,10.67,0.22,2.0619,76595,82184.961
301003.SZ,20240709,20.5,21.22,20.21,21.18,20.6,0.58,2.8155,6567.7,13659.347
920263.BJ,20240709,3.76,3.87,3.75,3.86,3.8,0.06,1.5789,4025.43,1526.872
002501.SZ,20240709,1.03,1.03,1.01,1.03,1.02,0.01,0.9804,257043,26262.856
600926.SH,20240709,13.07,13.37,12.99,13.34,13.05,0.29,2.2222,231273.68,305090.909
601808.SH,20240709,16.17,16.33,15.77,16.3,16.06,0.24,1.4944,80420.92,129300.77
300967.SZ,20240709,9.47,9.65,9.2,9.62,9.7,-0.08,-0.8247,67606.83,63830.863
002615.SZ,20240709,5.87,6.07,5.83,6.02,5.86,0.16,2.7304,78516.19,46815.026
600210.SH,20240709,4.93,5.09,4.88,5.08,4.95,0.13,2.6263,150983.25,75322.971
300201.SZ,20240709,3.4,3.52,3.39,3.5,3.42,0.08,2.3392,87048.67,30211.749
605108.SH,20240709,19.1,19.39,19.04,19.34,19.06,0.28,1.469,26047.74,50097.054
688581.SH,20240709,47.99,49.77,47.01,49.13,47.6,1.53,3.2143,5373.98,26030.785
920914.BJ,20240709,7.63,7.63,7.39,7.55,7.55,0,0,3707.29,2778.778
300847.SZ,20240709,13.54,13.87,13.35,13.87,13.51,0.36,2.6647,35602.5,48550.137
301255.SZ,20240709,28.22,29.03,27.53,28.97,28.2,0.77,2.7305,14304.03,40603.049
000036.SZ,20240709,2.92,2.97,2.87,2.93,2.91,0.02,0.6873,79535.1,23219.736
688008.SH,20240709,59.4,60.75,59.2,59.78,59.53,0.25,0.42,297622.7,1787789.033
000031.SZ,20240709,2.3,2.34,2.23,2.28,2.31,-0.03,-1.2987,145084,33079.814
301533.SZ,20240709,24.36,25.46,23.46,25.19,24.36,0.83,3.4072,17040.45,41691.205
002805.SZ,20240709,9.47,9.66,9.21,9.59,9.69,-0.1,-1.032,78599.77,74076.466
300172.SZ,20240709,4.51,4.6,4.39,4.54,4.62,-0.08,-1.7316,229999.3,103738.5
000721.SZ,20240709,7.29,7.51,7.21,7.48,7.67,-0.19,-2.4772,234355,172836.799
300759.SZ,20240709,18.46,18.73,17.96,18.7,18.55,0.15,0.8086,128504.11,235840.272
920806.BJ,20240709,8.29,8.49,8.11,8.36,8.07,0.29,3.5936,68879.6,57115.478
605589.SH,20240709,19.9,20.08,19.38,19.99,19.85,0.14,0.7053,89058.95,176387.639
001223.SZ,20240709,34.62,35.5,33.98,35.44,34.6,0.84,2.4277,5219,18172.517
300284.SZ,20240709,6.71,7.02,6.61,6.99,6.77,0.22,3.2496,641789.17,439786.088
002389.SZ,20240709,12.3,12.5,11.92,12.44,12.34,0.1,0.8104,186866.5,227745.517
300836.SZ,20240709,35.21,36.99,34.43,36.7,34.97,1.73,4.9471,22356.75,80223.519
688359.SH,20240709,36,36.94,35.32,35.91,36.65,-0.74,-2.0191,7462.71,26960.519
002384.SZ,20240709,21.91,23.87,21.47,23.87,21.7,2.17,10,1095398.65,2529873.352
300735.SZ,20240709,19.9,21.88,19.79,21.67,20.06,1.61,8.0259,603604.94,1274719.383
300141.SZ,20240709,7.97,8.5,7.76,8.49,8.2,0.29,3.5366,212197.33,173943.772
603327.SH,20240709,12.65,13.47,12.56,13.46,12.74,0.72,5.6515,304919.38,401056.515
000875.SZ,20240709,5.32,5.53,5.23,5.51,5.28,0.23,4.3561,863816.27,465995.784
300189.SZ,20240709,1.81,1.9,1.76,1.85,1.86,-0.01,-0.5376,480723.3,87259.268
603105.SH,20240709,8.07,8.2,7.89,8.18,8.08,0.1,1.2376,119079.6,96033.871
300234.SZ,20240709,3.82,4.13,3.73,3.97,3.83,0.14,3.6554,82905.62,32424.771
000158.SZ,20240709,5.92,6,5.73,5.98,5.9,0.08,1.3559,264376.82,155648.413
300898.SZ,20240709,16.25,16.58,16,16.54,16.25,0.29,1.7846,15116.91,24595.804
000628.SZ,20240709,39.81,41.76,39.1,40.99,39.6,1.39,3.5101,199020,805073.496
300078.SZ,20240709,2.27,2.29,2.2,2.28,2.26,0.02,0.885,82412.15,18516.681
920171.BJ,20240709,5.6,5.75,5.36,5.75,5.6,0.15,2.6786,18304.66,10233.917
002642.SZ,20240709,4.96,5.07,4.81,5.06,4.95,0.11,2.2222,136615.64,67782.755
603060.SH,20240709,5.63,5.66,5.46,5.62,5.62,0,0,20599.37,11489.605
300293.SZ,20240709,13,13.76,12.62,13.67,12.89,0.78,6.0512,207411.91,277496.516
300932.SZ,20240709,9.04,9.55,8.87,9.53,8.89,0.64,7.1991,136240.8,126687.89
688616.SH,20240709,8.33,8.78,8.26,8.71,8.43,0.28,3.3215,22979.15,19571.262
920493.BJ,20240709,39.98,40.76,38.66,40.3,40.08,0.22,0.5489,3801.84,15127.203
600661.SH,20240709,10.51,10.9,9.75,10.71,10.32,0.39,3.7791,151213.98,155331.46
002342.SZ,20240709,2.85,2.91,2.8,2.9,2.86,0.04,1.3986,78439.01,22475.949
600873.SH,20240709,9.85,10.15,9.78,10.11,9.85,0.26,2.6396,168751.24,168951.441
300472.SZ,20240709,4.18,4.25,4.02,4.22,4.18,0.04,0.9569,61507,25493.922
605305.SH,20240709,23.96,24.56,23.45,24.4,23.96,0.44,1.8364,22733.27,54598.66
300922.SZ,20240709,11.97,12.27,11.77,12.21,11.95,0.26,2.1757,33767.33,40731.023
688699.SH,20240709,29.71,31.9,29.63,31.26,29.71,1.55,5.2171,23353.21,72243.458
688573.SH,20240709,19.24,20.12,19.13,20.06,19.63,0.43,2.1905,6836.38,13530.451
603596.SH,20240709,39.34,43.41,39.34,43.05,39.46,3.59,9.0978,163188.18,684480.597
300568.SZ,20240709,7.55,7.88,7.52,7.81,7.6,0.21,2.7632,214458.9,165472.643
603290.SH,20240709,75.44,79.87,75.12,79.32,75.07,4.25,5.6614,54727.85,424277.63
300516.SZ,20240709,26.49,27.34,26.28,27.19,26.56,0.63,2.372,15014,40392.596
002021.SZ,20240709,1.67,1.69,1.64,1.68,1.63,0.05,3.0675,524751.58,87547.326
002603.SZ,20240709,14.87,14.95,14.46,14.8,14.9,-0.1,-0.6711,112068.36,164896.559
688680.SH,20240709,27.25,27.58,26.36,26.94,27.21,-0.27,-0.9923,14700.62,39569.838
002492.SZ,20240709,4.42,4.49,4.35,4.48,4.43,0.05,1.1287,37800.42,16727.365
300322.SZ,20240709,7.84,8.49,7.75,8.48,7.95,0.53,6.6667,367764.08,304887.033
002651.SZ,20240709,5.06,5.1,4.88,5.07,5.09,-0.02,-0.3929,76954.29,38550.025
603167.SH,20240709,8.1,8.27,7.95,8.24,8.03,0.21,2.6152,78993.16,64342.964
000797.SZ,20240709,2.29,2.31,2.23,2.3,2.28,0.02,0.8772,170999.56,38860.292
000521.SZ,20240709,7.1,7.2,7,7.19,7.13,0.06,0.8415,193941.72,138113.344
600976.SH,20240709,45.65,46.69,44.86,46.05,45.7,0.35,0.7659,23758,109019.272
300854.SZ,20240709,9.74,9.95,9.41,9.95,9.66,0.29,3.0021,28099.52,27315.334
301235.SZ,20240709,16.84,17.32,16.56,17.32,16.85,0.47,2.7893,8604.5,14534.533
600305.SH,20240709,6.79,6.94,6.72,6.9,6.79,0.11,1.62,40672.38,27773.373
300785.SZ,20240709,16.4,16.68,15.8,16.61,16.36,0.25,1.5281,33557.5,54542.05
300915.SZ,20240709,24.65,25.56,24.37,25.49,24.72,0.77,3.1149,5909,14731.505
000685.SZ,20240709,7.07,7.21,7.02,7.19,7.06,0.13,1.8414,96650.54,68708.85
605180.SH,20240709,11.03,11.2,10.72,11.19,11.03,0.16,1.4506,19689,21643.45
600895.SH,20240709,17.29,18.34,17.28,18.29,17.35,0.94,5.4179,406014.02,728145.708
301282.SZ,20240709,18.31,19.28,17.9,19.07,18.39,0.68,3.6977,97594.34,182433.632
300441.SZ,20240709,5.39,5.57,5.33,5.55,5.43,0.12,2.2099,53918,29366.174
001323.SZ,20240709,28.19,28.5,27.8,28.22,28.19,0.03,0.1064,5831.82,16433.48
601519.SH,20240709,5.38,5.49,5.27,5.45,5.4,0.05,0.9259,132096.94,71338.146
600236.SH,20240709,8.25,8.38,8.12,8.3,8.31,-0.01,-0.1203,157414.45,129807.126
600206.SH,20240709,8.39,8.98,8.38,8.9,8.42,0.48,5.7007,161582,141205.533
301372.SZ,20240709,24.08,24.73,23.4,24.56,24.83,-0.27,-1.0874,13563.04,32773.916
301227.SZ,20240709,17.42,17.68,17.03,17.52,17.42,0.1,0.5741,6548,11393.198
300323.SZ,20240709,4.11,4.24,4.03,4.23,4.05,0.18,4.4444,119118.99,49381.608
600787.SH,20240709,4.73,4.83,4.66,4.82,4.75,0.07,1.4737,125651.13,59714.098
600419.SH,20240709,7.47,7.49,7.27,7.45,7.45,0,0,29249,21641.359
002999.SZ,20240709,5.28,5.36,5.15,5.33,5.3,0.03,0.566,43721.08,22985.034
000900.SZ,20240709,3.65,3.72,3.62,3.72,3.65,0.07,1.9178,92589.56,34012.104
300829.SZ,20240709,13.8,14.17,13.61,14.17,13.89,0.28,2.0158,18206.29,25402.981
001314.SZ,20240709,34.55,35.52,34,35.29,34.53,0.76,2.201,41862.15,146198.019
301315.SZ,20240709,28.77,29.26,27.96,29.14,28.77,0.37,1.2861,28512.85,82018.901
600729.SH,20240709,21.69,21.86,21.18,21.63,21.8,-0.17,-0.7798,35104.49,75527.594
300014.SZ,20240709,36.22,36.39,34.95,35.54,36.24,-0.7,-1.9316,279754.76,993523.393
300681.SZ,20240709,11.78,12.34,11.64,12.31,11.72,0.59,5.0341,44383.3,53076.224
300387.SZ,20240709,5.83,5.98,5.65,5.95,5.83,0.12,2.0583,73180.44,42723.36
002300.SZ,20240709,4.94,5.03,4.79,5.02,4.94,0.08,1.6194,66099.52,32450.615
002033.SZ,20240709,8.89,9.05,8.8,9.04,8.91,0.13,1.459,105221.35,94340.376
002186.SZ,20240709,8.64,8.77,8.42,8.77,8.68,0.09,1.0369,37271.99,32042.094
002263.SZ,20240709,1.97,2,1.92,1.98,1.97,0.01,0.5076,90551.52,17774.222
300286.SZ,20240709,19.39,20.37,19.14,20.17,19.45,0.72,3.7018,27266,53808.38
002155.SZ,20240709,18.27,18.96,18.19,18.89,18.33,0.56,3.0551,390783.78,727812.334
300140.SZ,20240709,5.65,5.84,5.55,5.8,5.65,0.15,2.6549,43944,25015.486
300814.SZ,20240709,26.12,27.5,25.5,27.39,26.03,1.36,5.2247,55487.22,149919.411
300543.SZ,20240709,7.18,7.67,7.1,7.67,7.18,0.49,6.8245,79358.8,58997.062
300515.SZ,20240709,8.97,9.41,8.89,9.4,8.94,0.46,5.1454,35828.36,32871.156
605183.SH,20240709,14.42,15.18,14.32,15.04,14.53,0.51,3.51,23938,35533.823
300094.SZ,20240709,2.52,2.55,2.38,2.5,2.52,-0.02,-0.7937,372207,91548.59
300415.SZ,20240709,18.7,18.89,18.35,18.74,18.7,0.04,0.2139,50728.1,94723.888
300620.SZ,20240709,34.28,36.49,34.07,36.43,34.3,2.13,6.2099,55429.77,196292.506
600981.SH,20240709,1.64,1.66,1.58,1.59,1.64,-0.05,-3.0488,153728.56,24706.193
601975.SH,20240709,3.57,3.63,3.5,3.61,3.56,0.05,1.4045,566473.92,201717.872
002339.SZ,20240709,5.56,5.68,5.4,5.67,5.56,0.11,1.9784,156142.1,86751.539
603359.SH,20240709,3.44,3.47,3.25,3.34,3.45,-0.11,-3.1884,107945.08,35999.252
603713.SH,20240709,50.78,52.3,49.8,51.99,50.78,1.21,2.3828,11465.9,58693.348
002890.SZ,20240709,7.51,7.6,7.22,7.57,7.52,0.05,0.6649,15084,11224.044
603004.SH,20240709,16.15,16.44,15.86,16.4,16.16,0.24,1.4851,18742,30394.764
301208.SZ,20240709,24.5,25.43,23.98,25.36,24.59,0.77,3.1314,38463.11,95126.05
002813.SZ,20240709,25.03,26,24.55,25.78,24.5,1.28,5.2245,22955.03,58247.867
603190.SH,20240709,21.34,21.95,21.12,21.94,21.35,0.59,2.7635,9681.99,20897.102
002759.SZ,20240709,6.54,6.59,6.34,6.57,6.54,0.03,0.4587,45547.29,29446.953
603755.SH,20240709,21.73,22.5,21.7,22.5,22.15,0.35,1.5801,7071,15604.965
003002.SZ,20240709,10.1,10.27,9.88,10.25,10.11,0.14,1.3848,12707,12812.25
002024.SZ,20240709,1.24,1.26,1.22,1.25,1.25,0,0,185027.64,22975.595
000417.SZ,20240709,4.15,4.19,4.04,4.17,4.15,0.02,0.4819,109375.66,45123.749
300930.SZ,20240709,23.1,24.89,23.1,24.58,23.4,1.18,5.0427,81939.86,197585.503
603766.SH,20240709,6.24,6.4,6.13,6.37,6.25,0.12,1.92,249101.95,156077.966
600864.SH,20240709,4.6,4.82,4.56,4.81,4.6,0.21,4.5652,267325.01,125341.903
300219.SZ,20240709,5.15,5.35,5.06,5.33,5.13,0.2,3.8986,86945.86,45347.452
300059.SZ,20240709,9.98,10.21,9.87,10.13,9.96,0.17,1.7068,2138942.89,2150374.98
002535.SZ,20240709,3.19,3.23,3.08,3.21,3.19,0.02,0.627,469113.95,148240.071
002290.SZ,20240709,13.28,13.35,12.45,13.19,13.08,0.11,0.841,18569,24032.995
600710.SH,20240709,7.28,7.44,7.1,7.41,7.23,0.18,2.4896,85174.71,61955.248
600644.SH,20240709,6.33,6.39,6.12,6.38,6.32,0.06,0.9494,137656,86379.17
300044.SZ,20240709,3.95,4.03,3.83,4.03,3.94,0.09,2.2843,319250.29,126304.04
600798.SH,20240709,2.67,2.73,2.65,2.72,2.68,0.04,1.4925,43860.5,11799.987
301168.SZ,20240709,25.7,26.02,25.22,25.7,25.65,0.05,0.1949,21647.05,55657.492
603286.SH,20240709,14.59,15,14.31,15,14.51,0.49,3.377,33874,49836.786
000650.SZ,20240709,5.76,5.77,5.57,5.75,5.75,0,0,240282.01,136331.785
000970.SZ,20240709,7.5,7.68,7.4,7.62,7.55,0.07,0.9272,89955.71,68037.436
603162.SH,20240709,8.77,8.95,8.61,8.94,8.79,0.15,1.7065,38007.34,33393.155
300959.SZ,20240709,23.85,24.42,22.88,24.42,23.75,0.67,2.8211,22550,53626.801
002908.SZ,20240709,7.19,7.35,7.01,7.35,7.25,0.1,1.3793,66872.22,48259.666
920522.BJ,20240709,11.38,11.76,11.3,11.65,11.45,0.2,1.7467,5464.05,6332.134
001287.SZ,20240709,15.14,15.97,15.1,15.94,15.15,0.79,5.2145,60657.87,94559.974
000919.SZ,20240709,6.29,6.33,6.14,6.3,6.29,0.01,0.159,47897.04,29862.502
920247.BJ,20240709,12.43,13.15,12.43,13,12.52,0.48,3.8339,21057.08,27045.664
300061.SZ,20240709,3.65,3.8,3.52,3.73,3.78,-0.05,-1.3228,430651.5,157049.174
000709.SZ,20240709,1.94,1.97,1.92,1.96,1.93,0.03,1.5544,459559.98,89277.103
300693.SZ,20240709,18.52,18.7,18.03,18.54,18.48,0.06,0.3247,83350.1,153403.762
600230.SH,20240709,9.47,9.64,9.23,9.61,9.48,0.13,1.3713,30823.15,29150.845
600719.SH,20240709,9.02,9.02,8.54,8.86,9.08,-0.22,-2.4229,513118,452105.896
300270.SZ,20240709,5.72,5.87,5.53,5.87,5.75,0.12,2.087,125340,71758.75
300771.SZ,20240709,8.21,8.45,8.01,8.44,8.17,0.27,3.3048,42393.4,35020.668
002277.SZ,20240709,2.16,2.18,2.07,2.16,2.16,0,0,289835.6,61561.735
000011.SZ,20240709,7.45,7.52,7.26,7.48,7.44,0.04,0.5376,18406.59,13596.308
601933.SH,20240709,2.18,2.19,2.11,2.18,2.18,0,0,968028.47,208320.437
301387.SZ,20240709,29.84,32.26,29.52,32.22,29.75,2.47,8.3025,40983.65,127948.998
000966.SZ,20240709,4.34,4.46,4.28,4.45,4.34,0.11,2.5346,165235.25,72409.216
920152.BJ,20240709,8.27,8.39,8.1,8.3,8.21,0.09,1.0962,5650.22,4646.653
002937.SZ,20240709,21.12,22.7,21.02,22.53,21.12,1.41,6.6761,84834.75,187162.614
920030.BJ,20240709,3.01,3.07,2.92,3.04,3,0.04,1.3333,27820.3,8365.5
000078.SZ,20240709,2.14,2.15,2.07,2.13,2.13,0,0,130576.9,27479.282
603738.SH,20240709,12.49,13.63,12.38,13.38,12.39,0.99,7.9903,237971.18,317253.511
002416.SZ,20240709,8.64,9.09,8.58,9,8.67,0.33,3.8062,113105.2,100338.039
002589.SZ,20240709,2.21,2.22,2.12,2.2,2.21,-0.01,-0.4525,146291.49,31775.779
300096.SZ,20240709,2.15,2.21,2.12,2.19,2.17,0.02,0.9217,88339.25,19137.651
000877.SZ,20240709,5.08,5.29,4.94,5.18,5.32,-0.14,-2.6316,180835.38,93295.978
300901.SZ,20240709,9.01,9.1,8.31,8.52,9.01,-0.49,-5.4384,92483.1,79318.83
600998.SH,20240709,4.81,4.84,4.69,4.75,4.83,-0.08,-1.6563,359409.67,170531.189
601158.SH,20240709,4.88,4.9,4.8,4.89,4.87,0.02,0.4107,66955,32519.007
002367.SZ,20240709,5.58,5.65,5.45,5.64,5.59,0.05,0.8945,48837,27117.459
002719.SZ,20240709,5.8,5.89,5.59,5.86,5.84,0.02,0.3425,36813.58,21164.407
688788.SH,20240709,22.03,22.55,21.66,22.48,22.08,0.4,1.8116,3923.45,8673.862
000803.SZ,20240709,3.4,3.44,3.28,3.37,3.41,-0.04,-1.173,38266.4,12810.76
600399.SH,20240709,5.45,5.6,5.22,5.54,5.39,0.15,2.7829,985092.77,536512.519
688651.SH,20240709,25.78,25.9,24.72,25.75,25.4,0.35,1.378,4010.12,10199.775
301303.SZ,20240709,11.1,11.12,10.7,11.05,10.95,0.1,0.9132,14952.22,16318.625
603212.SH,20240709,10.23,10.41,10.09,10.38,10.22,0.16,1.5656,55785.37,57211.851
002853.SZ,20240709,7.98,8.02,7.59,7.7,8.43,-0.73,-8.6595,176402.87,135349.854
600884.SH,20240709,7.54,7.64,7.37,7.5,7.54,-0.04,-0.5305,168307.85,126075.179
002485.SZ,20240709,3.02,3.08,2.98,3.04,3.02,0.02,0.6623,25169.6,7617.15
002187.SZ,20240709,4.16,4.17,4.01,4.14,4.16,-0.02,-0.4808,48004,19670.846
300359.SZ,20240709,4.03,4.12,3.9,4.1,4.04,0.06,1.4851,118222,47326.74
301555.SZ,20240709,25.61,26.45,25.19,26.44,25.6,0.84,3.2813,10962.98,28498.967
688677.SH,20240709,33.54,34.18,32.59,33.2,33.72,-0.52,-1.5421,7651.82,25430.809
300374.SZ,20240709,14.23,14.6,14.03,14.56,14.39,0.17,1.1814,112049,161022.481
688392.SH,20240709,36.58,37.85,34.85,36.4,36.59,-0.19,-0.5193,8169.79,29784.512
300818.SZ,20240709,24.18,25.05,23.93,25.03,23.85,1.18,4.9476,21662.22,53241.365
600869.SH,20240709,3.35,3.37,3.2,3.31,3.35,-0.04,-1.194,272793.87,89561.248
300800.SZ,20240709,9.59,9.88,9.43,9.87,9.61,0.26,2.7055,17800,17134.463
301446.SZ,20240709,17.94,18.47,17.06,18.32,18.07,0.25,1.3835,28157.5,50114.283
688571.SH,20240709,4.95,5.17,4.95,5.13,5,0.13,2.6,33049.04,16764.41
920718.BJ,20240709,9,9.25,8.93,9.24,9.07,0.17,1.8743,3187.88,2914.752
300225.SZ,20240709,5.24,5.8,5.05,5.49,4.95,0.54,10.9091,334442.1,177467.059
688488.SH,20240709,9.82,10,9.33,9.51,9.82,-0.31,-3.1568,59232.83,56603.898
300020.SZ,20240709,1.71,1.75,1.65,1.73,1.72,0.01,0.5814,359118.96,61308.777
002810.SZ,20240709,10.93,11.29,10.81,11.23,10.84,0.39,3.5978,34436.37,38003.588
000637.SZ,20240709,3.06,3.09,2.95,3.07,3.13,-0.06,-1.9169,55533.4,16745.501
000990.SZ,20240709,7.53,7.74,7.41,7.71,7.53,0.18,2.3904,138778.47,105331.118
301217.SZ,20240709,11.66,12.35,11.06,12.11,11.75,0.36,3.0638,497081.08,577678.389
603232.SH,20240709,9.9,9.96,9.55,9.95,9.8,0.15,1.5306,36521,35741.242
300575.SZ,20240709,6.48,6.55,6.25,6.51,6.52,-0.01,-0.1534,73139.61,46687.292
600718.SH,20240709,7.78,7.94,7.62,7.91,7.76,0.15,1.933,130695,101812.943
002700.SZ,20240709,8.18,8.25,7.97,8.22,8.19,0.03,0.3663,49065,39851.053
300223.SZ,20240709,52.66,55.39,52.38,55.27,52.89,2.38,4.4999,86942.9,472157.928
601799.SH,20240709,115.16,122.01,114.41,120.95,115.45,5.5,4.764,15156.41,179911.934
601766.SH,20240709,7.73,7.82,7.61,7.81,7.7,0.11,1.4286,1208525.13,934820.497
002571.SZ,20240709,3.89,3.96,3.75,3.91,3.83,0.08,2.0888,167285.78,64896.876
603992.SH,20240709,17.77,17.97,17.54,17.91,17.95,-0.04,-0.2228,10418.6,18576.811
002570.SZ,20240709,2.35,2.4,2.3,2.39,2.37,0.02,0.8439,174682.49,41036.937
920665.BJ,20240709,7.02,7.17,6.9,7.08,7.06,0.02,0.2833,2522.5,1774.791
301095.SZ,20240709,39.21,40.83,39.01,40.68,39.47,1.21,3.0656,33800.96,135579.375
000166.SZ,20240709,4.21,4.25,4.16,4.22,4.19,0.03,0.716,604262.74,254589.721
301049.SZ,20240709,16.68,17.11,16.11,17.05,16.67,0.38,2.2795,19931.92,33230.534
600512.SH,20240709,1.88,1.89,1.84,1.89,1.88,0.01,0.5319,75258,14063.29
600568.SH,20240709,1.27,1.3,1.25,1.27,1.28,-0.01,-0.7813,28782,3664.022
600377.SH,20240709,13,13.44,13,13.38,13.11,0.27,2.0595,71992,95358.704
920123.BJ,20240709,10,10.06,9.6,9.82,9.98,-0.16,-1.6032,8615.63,8444.675
603214.SH,20240709,10.92,11.23,10.63,11.17,11.01,0.16,1.4532,16988.69,18587.914
300476.SZ,20240709,34.06,38.3,33.82,38.28,33.88,4.4,12.987,479274.09,1751197.06
688517.SH,20240709,14.46,15.14,14.21,14.96,14.46,0.5,3.4578,38526.29,56695.505
000559.SZ,20240709,4.3,4.45,4.27,4.42,4.29,0.13,3.0303,150302.24,65717.646
600348.SH,20240709,9.34,9.58,9.21,9.57,9.34,0.23,2.4625,350404.48,330021.634
600540.SH,20240709,3.3,3.34,3.21,3.32,3.3,0.02,0.6061,59387,19512.107
300007.SZ,20240709,12.84,13.1,12.56,13.09,12.79,0.3,2.3456,61846.89,79713.552
603980.SH,20240709,3.67,3.75,3.61,3.75,3.66,0.09,2.459,51438,18986.541
000056.SZ,20240709,1.67,1.72,1.62,1.7,1.71,-0.01,-0.5848,179329.97,30040.173
000895.SZ,20240709,22.99,23.27,22.91,23.22,23.04,0.18,0.7813,48192.96,111345.866
002666.SZ,20240709,3.45,3.71,3.4,3.59,3.48,0.11,3.1609,112643,40072
300475.SZ,20240709,27.75,29.07,27.48,28.99,27.62,1.37,4.9602,110764.26,314670.021
603230.SH,20240709,11.09,11.33,10.88,11.31,11.18,0.13,1.1628,27403.53,30477.227
000880.SZ,20240709,7.24,7.34,7.06,7.32,7.21,0.11,1.5257,26117.81,18858.269
688766.SH,20240709,90.17,93.69,88.5,93.2,89.9,3.3,3.6707,19287.5,177197.557
601218.SH,20240709,2.59,2.64,2.53,2.63,2.59,0.04,1.5444,87832.08,22819.488
002334.SZ,20240709,5.59,5.74,5.5,5.74,5.61,0.13,2.3173,86276.27,48691.436
300535.SZ,20240709,11.1,12.15,11,12,11.2,0.8,7.1429,48111.91,55883.072
300745.SZ,20240709,13.6,13.87,13.2,13.83,13.58,0.25,1.8409,36619.41,49628.649
603915.SH,20240709,9.38,9.61,9.2,9.58,9.38,0.2,2.1322,59081.3,55712.807
301026.SZ,20240709,21.64,25.97,21.63,25.97,21.64,4.33,20.0092,46729.52,117093.745
001299.SZ,20240709,11.18,11.5,10.91,11.46,11.22,0.24,2.139,19611,22003.053
001387.SZ,20240709,13.5,13.98,13.34,13.61,13.52,0.09,0.6657,32860.62,44796.779
600070.SH,20240709,0.99,1,0.97,0.98,0.98,0,0,35794,3513.977
600170.SH,20240709,2.1,2.12,2.07,2.11,2.09,0.02,0.9569,449537.18,94253.086
920260.BJ,20240709,5.68,5.72,5.54,5.71,5.64,0.07,1.2411,2637.79,1487.344
603221.SH,20240709,8.48,8.62,8.26,8.59,8.43,0.16,1.898,21291,17984.784
002426.SZ,20240709,1.56,1.68,1.54,1.66,1.57,0.09,5.7325,916436.84,148467.153
300062.SZ,20240709,4.61,4.99,4.58,4.94,4.62,0.32,6.9264,179156.4,86559.914
600663.SH,20240709,8.65,8.75,8.5,8.69,8.66,0.03,0.3464,61550.71,53130.762
601007.SH,20240709,6.21,6.31,6.07,6.29,6.26,0.03,0.4792,32685,20275.835
688381.SH,20240709,18.63,19.8,18.41,19.67,18.5,1.17,6.3243,65252.77,126422.883
600478.SH,20240709,3.56,3.64,3.48,3.61,3.58,0.03,0.838,144771.52,51640.689
002057.SZ,20240709,6.63,6.79,6.49,6.76,6.63,0.13,1.9608,63289,42102.675
300782.SZ,20240709,70.71,74.44,70.71,73.96,71.2,2.76,3.8764,105156.04,768616.028
002312.SZ,20240709,6.56,6.9,6.55,6.89,6.61,0.28,4.236,182157.24,122733.488
600626.SH,20240709,2.3,2.33,2.23,2.31,2.29,0.02,0.8734,44870.01,10265.15
600133.SH,20240709,9.69,10.33,9.68,10.26,9.77,0.49,5.0154,325964.39,328679.365
002609.SZ,20240709,6.92,7.3,6.88,7.17,6.9,0.27,3.913,95148.71,67490.027
600123.SH,20240709,8.59,8.77,8.49,8.77,8.59,0.18,2.0955,109954.51,94815.872
600217.SH,20240709,3.65,3.72,3.57,3.69,3.65,0.04,1.0959,56662.93,20698.852
920982.BJ,20240709,163,164.3,159,161.29,164.13,-2.84,-1.7303,4730.33,76082.27
002750.SZ,20240709,1.56,1.62,1.53,1.57,1.61,-0.04,-2.4845,87127.24,13583.437
002984.SZ,20240709,22.88,24.03,22.81,24.01,22.79,1.22,5.3532,174052.67,408659.177
688519.SH,20240709,23.09,23.39,22.52,23.29,22.66,0.63,2.7802,10364.54,23790.764
301004.SZ,20240709,85.98,86.8,83.58,85.89,86.29,-0.4,-0.4636,5780.39,49257.207
920765.BJ,20240709,5.89,5.95,5.74,5.88,5.75,0.13,2.2609,2132.03,1246.995
920274.BJ,20240709,8,8.15,7.85,8.07,8.07,0,0,2409.52,1936.571
300943.SZ,20240709,9.76,10.25,9.56,10.25,9.7,0.55,5.6701,34027.5,33873.562
601989.SH,20240709,4.89,4.99,4.81,4.94,4.89,0.05,1.0225,1272275.66,624150.638
002807.SZ,20240709,3.68,3.79,3.66,3.78,3.68,0.1,2.7174,275572.12,102768.982
002726.SZ,20240709,6.47,6.52,6.23,6.5,6.5,0,0,127300.22,81579.355
603125.SH,20240709,17.89,18.2,17.62,18.16,17.9,0.26,1.4525,21316.27,38369.834
300345.SZ,20240709,5.65,5.75,5.3,5.64,5.7,-0.06,-1.0526,48734.07,26745.385
000818.SZ,20240709,20.75,21.08,20.14,20.94,20.81,0.13,0.6247,100161.15,207497.702
300137.SZ,20240709,4.18,4.25,4.11,4.24,4.22,0.02,0.4739,61094.6,25632.154
002348.SZ,20240709,2.24,2.31,2.22,2.29,2.22,0.07,3.1532,95381,21689.289
600353.SH,20240709,5.58,5.92,5.53,5.92,5.59,0.33,5.9034,123267.03,70914.361
603886.SH,20240709,14.43,14.52,14.2,14.47,14.42,0.05,0.3467,9272,13333.071
688356.SH,20240709,56.2,57.39,55.16,57.31,56.23,1.08,1.9207,2760.39,15582.813
002753.SZ,20240709,5.88,6.14,5.73,6.02,5.71,0.31,5.4291,112360.33,66424.908
603881.SH,20240709,12.16,12.54,12.04,12.53,12.2,0.33,2.7049,44179.46,54404.468
920981.BJ,20240709,9.18,9.35,8.88,9.29,9.15,0.14,1.5301,5239.98,4804.609
300314.SZ,20240709,10.42,10.45,10.1,10.4,10.34,0.06,0.5803,28268,29136.891
002026.SZ,20240709,7.78,8.11,7.75,8.09,7.81,0.28,3.5851,46119,36692.11
600611.SH,20240709,3.25,3.25,3.12,3.21,2.95,0.26,8.8136,2043565.3,660326.131
301331.SZ,20240709,22.05,22.28,21.31,22.05,21.98,0.07,0.3185,4897.24,10687.361
600097.SH,20240709,8,8.08,7.76,8.06,8,0.06,0.75,31213,24801.137
002239.SZ,20240709,2.3,2.34,2.26,2.34,2.3,0.04,1.7391,363351.37,83921.825
605077.SH,20240709,14.28,14.54,14,14.45,14.28,0.17,1.1905,12387.42,17668.687
688459.SH,20240709,7.9,7.96,7.73,7.95,7.88,0.07,0.8883,4784.14,3763.065
601518.SH,20240709,2.4,2.46,2.38,2.46,2.39,0.07,2.9289,163099.97,39415.578
002583.SZ,20240709,3.87,4.05,3.85,4.03,3.88,0.15,3.866,375465.21,149288.151
002276.SZ,20240709,6.75,6.87,6.6,6.85,6.75,0.1,1.4815,146418.06,98781.826
603010.SH,20240709,8.72,8.8,8.57,8.7,8.71,-0.01,-0.1148,15796.46,13736.477
300531.SZ,20240709,9.5,9.77,9.24,9.74,9.51,0.23,2.4185,50003.5,47751.808
000762.SZ,20240709,17.38,17.54,16.95,17.37,17.34,0.03,0.173,81864.08,141541.733
600753.SH,20240709,5.13,5.19,4.88,5.04,5.12,-0.08,-1.5625,24418.4,12174.909
920445.BJ,20240709,4.04,4.1,3.91,4.02,4.02,0,0,5100.06,2040.157
003015.SZ,20240709,8.56,8.95,8.51,8.93,8.55,0.38,4.4444,87880,76994.156
301232.SZ,20240709,22.45,22.96,21.86,22.9,22.47,0.43,1.9137,11810.16,26552.753
002494.SZ,20240709,3.02,3.05,2.89,2.97,3.02,-0.05,-1.6556,112606.5,33312.655
600159.SH,20240709,2.12,2.14,2.05,2.14,2.11,0.03,1.4218,164160,34534.832
003816.SZ,20240709,4.95,5.1,4.88,5.04,4.96,0.08,1.6129,1955660.61,974963.664
603639.SH,20240709,11.96,12.19,11.71,12.16,11.92,0.24,2.0134,11658.8,13968.943
002060.SZ,20240709,3.31,3.36,3.24,3.35,3.31,0.04,1.2085,169256.38,55947.207
000421.SZ,20240709,4.52,4.56,4.32,4.54,4.34,0.2,4.6083,202497.01,90279.643
300718.SZ,20240709,12.61,12.78,12.31,12.76,12.61,0.15,1.1895,30639.47,38550.712
603898.SH,20240709,7.39,7.39,7.14,7.33,7.34,-0.01,-0.1362,13400,9763.709
600023.SH,20240709,7.59,7.65,7.45,7.63,7.53,0.1,1.328,401361.79,303027.283
000422.SZ,20240709,12.3,12.96,12.13,12.84,12.36,0.48,3.8835,437251.11,548158.135
002722.SZ,20240709,11.14,11.57,11.04,11.54,11.02,0.52,4.7187,70117.73,79208.396
601117.SH,20240709,7.74,7.77,7.51,7.67,7.73,-0.06,-0.7762,678065.61,517183.938
603079.SH,20240709,10.95,10.95,10.15,10.51,11.02,-0.51,-4.6279,105146.24,109434.124
300871.SZ,20240709,9.05,9.27,8.74,8.98,9.04,-0.06,-0.6637,28613.01,25640.075
603685.SH,20240709,10.65,11.07,10.45,10.98,10.58,0.4,3.7807,17210,18629.089
300772.SZ,20240709,9.14,9.33,8.98,9.28,9.14,0.14,1.5317,48038.86,44007.48
605006.SH,20240709,4.27,4.32,4.18,4.28,4.28,0,0,17450.11,7434.658
920092.BJ,20240709,21.3,22,19.34,21.39,20.72,0.67,3.2336,39866.02,82825.834
002481.SZ,20240709,3.79,3.86,3.7,3.86,3.81,0.05,1.3123,113938,43097.074
600616.SH,20240709,4.46,4.5,4.34,4.46,4.47,-0.01,-0.2237,43585.99,19303.5
003037.SZ,20240709,5.73,5.73,5.34,5.56,5.75,-0.19,-3.3043,124370.56,68491.834
600749.SH,20240709,12.34,12.68,12.01,12.54,12.62,-0.08,-0.6339,128425,158302.904
002633.SZ,20240709,5.63,5.8,5.52,5.77,5.71,0.06,1.0508,23389,13270.358
600622.SH,20240709,1.81,1.83,1.73,1.79,1.81,-0.02,-1.105,116228.4,20629.276
301295.SZ,20240709,18.3,19.32,17.9,19.29,18.4,0.89,4.837,37572.71,70340.444
002972.SZ,20240709,8.6,8.8,8.35,8.79,8.63,0.16,1.854,22584,19420.201
300809.SZ,20240709,18.49,19.09,18.22,19.09,18.52,0.57,3.0778,30258.6,56730.153
002616.SZ,20240709,4.28,4.34,4.17,4.33,4.27,0.06,1.4052,49341.4,21023.687
601858.SH,20240709,18.18,18.66,17.76,18.61,18.23,0.38,2.0845,56942.82,103938.751
300489.SZ,20240709,21.75,22.8,21.56,22.8,22.4,0.4,1.7857,74421.8,164902.812
301296.SZ,20240709,6.81,7.05,6.78,7.03,6.85,0.18,2.6277,26148,18169.278
002491.SZ,20240709,3.21,3.28,3.15,3.28,3.21,0.07,2.1807,69676.44,22486.21
300455.SZ,20240709,11.06,11.5,10.94,11.46,11.06,0.4,3.6166,196615.28,220855.237
300791.SZ,20240709,23.03,23.44,22.5,23.34,23.01,0.33,1.4342,16975.04,39024.684
301172.SZ,20240709,26.31,27.21,25.7,27.12,26.56,0.56,2.1084,16884.75,44856.57
600848.SH,20240709,8.87,9.11,8.74,9.06,8.87,0.19,2.1421,77251.14,69179.366
920454.BJ,20240709,6.65,6.81,6.55,6.78,6.65,0.13,1.9549,7637.57,5116.172
688617.SH,20240709,445,457.9,434.23,454.8,441.95,12.85,2.9076,3994.65,179198.99
688376.SH,20240709,28.05,29.75,27.9,29.4,28.05,1.35,4.8128,8714.13,25276.587
600026.SH,20240709,15.2,15.2,14.83,14.91,15.15,-0.24,-1.5842,212051.47,316682.993
600624.SH,20240709,2.92,2.94,2.78,2.88,2.92,-0.04,-1.3699,91946.47,26178.579
920748.BJ,20240709,13.53,14.55,13.53,14,13.6,0.4,2.9412,17625.69,24957.467
301031.SZ,20240709,71.85,74.84,71.42,73.9,71.85,2.05,2.8532,6106,44736.495
300687.SZ,20240709,12.83,13.15,12.5,13.11,12.83,0.28,2.1824,83994.8,107775.293
600525.SH,20240709,4.03,4.07,3.93,4.06,3.99,0.07,1.7544,53894.85,21536.558
300192.SZ,20240709,9.07,9.32,8.83,9.28,9.08,0.2,2.2026,83303,75726.877
603707.SH,20240709,11.46,11.55,11.16,11.43,11.44,-0.01,-0.0874,58210.54,66090.28
600038.SH,20240709,38.99,39.16,37.89,38.59,39.19,-0.6,-1.531,87452.67,336255.672
300155.SZ,20240709,3.31,3.34,3.15,3.31,3.29,0.02,0.6079,144038,47021.205
002698.SZ,20240709,11.55,11.71,11.3,11.66,11.48,0.18,1.5679,83986.21,96808.511
600496.SH,20240709,2.33,2.36,2.29,2.35,2.34,0.01,0.4274,163271.19,38051.734
600713.SH,20240709,4.27,4.29,4.18,4.29,4.27,0.02,0.4684,55936.86,23730.155
603307.SH,20240709,32.62,33.19,31.62,32.98,32.9,0.08,0.2432,5084,16528.359
301335.SZ,20240709,15.3,15.63,15.06,15.57,15.45,0.12,0.7767,11494.62,17647.632
000796.SZ,20240709,3.26,3.41,3.23,3.37,3.27,0.1,3.0581,142353.69,46880.325
300167.SZ,20240709,1.38,1.42,1.33,1.4,1.39,0.01,0.7194,82313,11380.016
301536.SZ,20240709,32.4,34.28,32.3,34.2,32.46,1.74,5.3604,46333.26,155437.313
002228.SZ,20240709,2.3,2.34,2.27,2.33,2.32,0.01,0.431,64820.85,14958.904
688613.SH,20240709,11.72,11.97,11.58,11.94,11.83,0.11,0.9298,8944.99,10544.089
600653.SH,20240709,1.19,1.21,1.17,1.2,1.19,0.01,0.8403,297749.53,35465.48
600526.SH,20240709,3.61,3.65,3.49,3.64,3.61,0.03,0.831,47842,17107.616
002181.SZ,20240709,3.21,3.24,3.08,3.17,3.2,-0.03,-0.9375,75080.44,23713.046
600597.SH,20240709,7.61,7.68,7.47,7.66,7.64,0.02,0.2618,70067.63,53136.945
603698.SH,20240709,11.22,11.57,11.1,11.57,11.3,0.27,2.3894,16279.96,18473.798
600021.SH,20240709,10,10.25,9.87,10.23,10,0.23,2.3,389275.49,393324.741
301151.SZ,20240709,13.6,13.97,13.41,13.95,13.6,0.35,2.5735,17935,24554.948
601827.SH,20240709,8.88,8.95,8.7,8.87,8.89,-0.02,-0.225,97843,86387.06
002425.SZ,20240709,2.49,2.53,2.43,2.53,2.5,0.03,1.2,205408.51,51071.452
603192.SH,20240709,13.37,13.98,13.37,13.97,13.49,0.48,3.5582,23421.4,32216.19
603367.SH,20240709,13.6,13.98,13.44,13.96,13.74,0.22,1.6012,27099,37170.786
300313.SZ,20240709,5.68,5.77,5.51,5.76,5.74,0.02,0.3484,42772,24248.149
300035.SZ,20240709,8.08,8.27,7.96,8.24,8.07,0.17,2.1066,56306.36,45770.702
605033.SH,20240709,11.66,11.96,11.5,11.96,11.66,0.3,2.5729,8851,10381.752
000826.SZ,20240709,1.39,1.41,1.35,1.4,1.4,0,0,185843.58,25570.419
300604.SZ,20240709,28.29,30.55,28.21,30.43,28.42,2.01,7.0725,258978.01,773660.827
605567.SH,20240709,7.39,7.44,7.2,7.39,7.39,0,0,14908,10937.671
002991.SZ,20240709,56.99,57.35,55.7,57.1,56.99,0.11,0.193,7860.7,44485.879
605288.SH,20240709,29.1,29.88,28.71,29.78,28.96,0.82,2.8315,3964.6,11635.095
688365.SH,20240709,5.61,5.74,5.45,5.7,5.61,0.09,1.6043,52151.08,29297.434
600433.SH,20240709,2.6,2.64,2.55,2.64,2.61,0.03,1.1494,87001.69,22572.402
600628.SH,20240709,5.39,5.46,5.32,5.44,5.38,0.06,1.1152,24189.15,13029.656
002208.SZ,20240709,4.19,4.24,4.06,4.21,4.16,0.05,1.2019,70577.82,29424.807
300444.SZ,20240709,5.78,6,5.77,5.99,5.81,0.18,3.0981,170921.51,100961.933
688648.SH,20240709,20.25,20.96,20,20.88,20.25,0.63,3.1111,7603.99,15595.385
688435.SH,20240709,23.22,23.49,22.32,23.35,22.75,0.6,2.6374,4998.44,11531.63
601375.SH,20240709,3.3,3.39,3.28,3.38,3.3,0.08,2.4242,300948.35,100492.754
002876.SZ,20240709,22.41,23.68,22.16,23.58,22.36,1.22,5.4562,39117.92,90405.144
600301.SH,20240709,19.69,20.1,18.7,19.97,19.4,0.57,2.9381,173169,336301.32
605117.SH,20240709,76.49,76.5,73.24,76.35,75.86,0.49,0.6459,111188.9,829916.46
603199.SH,20240709,30.9,31.44,30.43,31.31,30.98,0.33,1.0652,11456.95,35576.795
002443.SZ,20240709,5.34,5.41,5.25,5.39,5.36,0.03,0.5597,31323.71,16734.536
603275.SH,20240709,28.47,29.08,28.08,28.98,28.32,0.66,2.3305,3150.33,9007.763
600860.SH,20240709,7.77,7.8,7.5,7.8,7.69,0.11,1.4304,37582,28917.53
300910.SZ,20240709,41.99,42.38,40.78,42.2,41.53,0.67,1.6133,12338.24,51574.872
688620.SH,20240709,7.33,7.73,7.32,7.7,7.37,0.33,4.4776,31636.07,23992.224
600797.SH,20240709,4.42,4.51,4.3,4.5,4.42,0.08,1.81,96129,42460.827
300640.SZ,20240709,3.78,3.84,3.63,3.82,3.77,0.05,1.3263,43671.47,16395.704
600354.SH,20240709,4.62,4.67,4.43,4.63,4.63,0,0,83964.36,38187.645
300393.SZ,20240709,5.37,5.42,5.24,5.38,5.35,0.03,0.5607,138217.8,73812.829
688508.SH,20240709,35.38,38.14,35.05,37.9,35.42,2.48,7.0017,56579.03,210905.902
002157.SZ,20240709,2.88,2.89,2.78,2.88,2.88,0,0,455417.2,129219.921
301268.SZ,20240709,13.99,14.33,13.66,14.3,14,0.3,2.1429,16936.67,23786.279
603939.SH,20240709,24.1,24.2,22.99,23.61,24.37,-0.76,-3.1186,178087.3,416529.584
688011.SH,20240709,13,13.58,12.81,13.5,13.13,0.37,2.818,8534.53,11242.687
002402.SZ,20240709,9.79,10.36,9.77,10.3,9.79,0.51,5.2094,178072.04,179856.146
920575.BJ,20240709,20.31,21.27,20.24,21.01,20.34,0.67,3.294,21853.35,45716.306
002088.SZ,20240709,12.03,12.52,11.93,12.44,11.99,0.45,3.7531,31661.81,39033.275
002652.SZ,20240709,2.18,2.29,2.15,2.25,2.21,0.04,1.81,175120.67,38810.725
600664.SH,20240709,2.61,2.64,2.54,2.64,2.61,0.03,1.1494,287669.12,74775.039
600072.SH,20240709,12.4,12.65,12.17,12.61,12.4,0.21,1.6935,95511.65,118721.181
603165.SH,20240709,10.65,10.85,10.48,10.82,10.74,0.08,0.7449,16840.7,17998.78
600885.SH,20240709,26.7,27.5,26.5,27.23,26.59,0.64,2.4069,61944.6,167213.31
301290.SZ,20240709,19.41,19.74,19.02,19.69,19.34,0.35,1.8097,6039.38,11716.042
920199.BJ,20240709,9.78,10.14,9.72,10.1,9.83,0.27,2.7467,1913.19,1898.82
601998.SH,20240709,6.71,6.77,6.62,6.72,6.71,0.01,0.149,533849.54,357653.246
001328.SZ,20240709,23.5,24.2,23.21,24,23.63,0.37,1.5658,17142.67,40766.361
300940.SZ,20240709,12.62,13.13,12.46,13.05,12.84,0.21,1.6355,39249.94,50553.946
301526.SZ,20240709,3.26,3.3,3.16,3.28,3.27,0.01,0.3058,241522.11,78119.703
001311.SZ,20240709,22.71,23.58,22.6,23.56,22.71,0.85,3.7428,17072.05,39519.113
301357.SZ,20240709,26.76,27.8,26.1,27.8,27.34,0.46,1.6825,54331.25,146278.494
688489.SH,20240709,24.87,25.65,24.67,25.65,24.87,0.78,3.1363,5266.49,13302.923
300154.SZ,20240709,5.04,5.25,4.9,5.18,5.04,0.14,2.7778,37952,19286.62
002335.SZ,20240709,19.45,19.63,19.14,19.4,19.45,-0.05,-0.2571,67312.21,131012.737
601169.SH,20240709,5.79,5.83,5.74,5.8,5.79,0.01,0.1727,742708.01,429622.646
601019.SH,20240709,11.59,12,11.51,11.85,11.6,0.25,2.1552,96161,113339.569
920729.BJ,20240709,4.96,5.05,4.88,5.04,5,0.04,0.8,2517.65,1255.519
601020.SH,20240709,11.74,12.15,11.6,12.09,11.85,0.24,2.0253,366549.87,434744.496
301321.SZ,20240709,10.24,10.85,10.18,10.8,10.21,0.59,5.7786,35642.31,37701.554
002577.SZ,20240709,11.47,11.89,11.17,11.88,11.39,0.49,4.302,33608.37,38830.836
300565.SZ,20240709,9.51,9.72,9.39,9.66,9.5,0.16,1.6842,26922.1,25769.37
000987.SZ,20240709,4.77,4.92,4.74,4.92,4.78,0.14,2.9289,132668.48,64273.558
002343.SZ,20240709,4.86,4.94,4.7,4.85,4.86,-0.01,-0.2058,124619.2,60148.573
600436.SH,20240709,198.9,202.99,197.1,200.85,199.53,1.32,0.6616,16704.19,334276.08
000802.SZ,20240709,4.9,4.94,4.71,4.88,4.91,-0.03,-0.611,52033,25074.202
600575.SH,20240709,3.75,3.88,3.64,3.86,3.73,0.13,3.4853,639778,240983.325
000755.SZ,20240709,4.12,4.14,4,4.1,4.1,0,0,37171.81,15122.796
002478.SZ,20240709,5.01,5.04,4.89,5.04,4.99,0.05,1.002,79662,39665.659
301345.SZ,20240709,51.68,52.3,50.37,51.52,51.68,-0.16,-0.3096,12395.66,63744.71
300826.SZ,20240709,11.45,11.66,10.9,11.65,11.45,0.2,1.7467,81930,92573.377
600221.SH,20240709,1.12,1.15,1.1,1.13,1.13,0,0,1485118.63,166799.913
300449.SZ,20240709,4.47,5.32,4.36,4.85,4.51,0.34,7.5388,306193.49,145623.881
603516.SH,20240709,29.62,32.58,29.23,32.58,29.62,2.96,9.9932,113632.45,353916.097
300843.SZ,20240709,25.75,30.76,25.73,30.76,25.63,5.13,20.0156,224095.75,637271.904
000960.SZ,20240709,15.5,16.21,15.5,16.18,15.6,0.58,3.7179,310999.33,493461.92
600467.SH,20240709,1.4,1.43,1.37,1.41,1.41,0,0,213599,29977.244
000025.SZ,20240709,13.08,13.22,12.75,13.2,13.09,0.11,0.8403,26834.13,34974.696
603803.SH,20240709,6.18,6.52,6.1,6.49,6.16,0.33,5.3571,107490.83,68064.129
300955.SZ,20240709,11.46,11.85,11.25,11.84,11.6,0.24,2.069,9041.65,10463.72
603601.SH,20240709,2.67,2.69,2.57,2.66,2.67,-0.01,-0.3745,86269.6,22730.117
688582.SH,20240709,25.12,26.6,25.03,26.56,25.1,1.46,5.8167,33172.93,86044.041
600491.SH,20240709,2.47,2.49,2.41,2.49,2.48,0.01,0.4032,200499.07,49279.07
688326.SH,20240709,56.99,58.69,55.5,58.51,55.5,3.01,5.4234,15552.09,89158.836
600794.SH,20240709,3.05,3.09,2.98,3.08,3.04,0.04,1.3158,98990.4,30024.5
300334.SZ,20240709,4.47,4.53,4.28,4.47,4.47,0,0,45142.06,19854.55
300707.SZ,20240709,11.52,11.85,11.19,11.83,11.51,0.32,2.7802,66670.6,76968.001
603633.SH,20240709,7.21,7.79,7.15,7.73,7.21,0.52,7.2122,95857.75,71880.531
002773.SZ,20240709,21.33,21.82,21.06,21.69,21.43,0.26,1.2133,53477.28,114778.73
688332.SH,20240709,52.11,54.87,52.11,54.59,52.65,1.94,3.6847,9563.6,51558.597
301520.SZ,20240709,38.74,39.29,37.84,39.15,38.85,0.3,0.7722,7708.32,29796.192
301233.SZ,20240709,34.84,36.34,34.56,36.27,34.89,1.38,3.9553,9770,34860.928
002933.SZ,20240709,21.17,21.95,20.85,21.94,21.54,0.4,1.857,14663,31472.099
301158.SZ,20240709,11.52,11.85,11.31,11.81,11.63,0.18,1.5477,10413.15,12095.799
002612.SZ,20240709,13.1,13.25,12.79,13.22,13.13,0.09,0.6855,37875.78,49407.94
300627.SZ,20240709,28.69,29.98,28.45,29.93,28.7,1.23,4.2857,124826.35,366756.379
601512.SH,20240709,7.2,7.36,7.15,7.35,7.22,0.13,1.8006,30049,21832.417
688022.SH,20240709,11.75,11.8,11.15,11.63,11.73,-0.1,-0.8525,42437.83,48645.027
301025.SZ,20240709,9.34,9.67,9.05,9.6,9.32,0.28,3.0043,93100,87827.527
002826.SZ,20240709,7.79,7.86,7.46,7.82,7.76,0.06,0.7732,36855,28278.18
603887.SH,20240709,5.9,5.91,5.43,5.66,5.85,-0.19,-3.2479,255075.28,143103.443
000978.SZ,20240709,6.07,6.16,5.98,6.14,6.07,0.07,1.1532,39149,23865.597
920221.BJ,20240709,10.42,10.96,10.36,10.91,10.52,0.39,3.7072,7103.82,7560.474
300354.SZ,20240709,30.96,32.18,30.8,32.1,31.06,1.04,3.3484,24284,77298.775
000779.SZ,20240709,6.58,6.68,6.4,6.66,6.58,0.08,1.2158,61505.46,40423.612
001376.SZ,20240709,17.38,17.82,16.94,17.72,17.39,0.33,1.8976,33605.04,58427.62
301248.SZ,20240709,14.45,15.15,13.9,14.92,14.64,0.28,1.9126,102447.64,149137.413
603159.SH,20240709,9.53,9.66,9.11,9.63,9.5,0.13,1.3684,12066.6,11374.69
301278.SZ,20240709,30.29,30.97,29.51,30.83,30.35,0.48,1.5815,9944.7,30104.556
002640.SZ,20240709,1.33,1.36,1.29,1.34,1.34,0,0,401995,53263.265
000759.SZ,20240709,3.36,3.4,3.17,3.34,3.38,-0.04,-1.1834,254442,83724.297
300412.SZ,20240709,2.89,2.91,2.77,2.85,2.91,-0.06,-2.0619,166888.8,47214.662
603270.SH,20240709,17.93,18.4,17.7,18.33,17.81,0.52,2.9197,24536.94,44550.181
605299.SH,20240709,7.57,7.65,7.29,7.63,7.63,0,0,22831,17087.96
002441.SZ,20240709,7.27,7.47,7.19,7.45,7.26,0.19,2.6171,43137.3,31667.742
601100.SH,20240709,43.2,43.2,41.7,42.14,42.82,-0.68,-1.588,65222.45,274609.081
688345.SH,20240709,15.56,16,15.41,15.9,15.52,0.38,2.4485,2859.38,4478.105
002166.SZ,20240709,6.71,6.88,6.64,6.87,6.64,0.23,3.4639,113467.63,76711.495
603880.SH,20240709,3.28,3.33,3.13,3.27,3.29,-0.02,-0.6079,51857.6,16693.365
000831.SZ,20240709,24.15,24.53,23.71,24.37,24.37,0,0,177009.1,427272.815
300602.SZ,20240709,13.75,14.7,13.71,14.7,13.72,0.98,7.1429,195164.2,279468.516
603097.SH,20240709,23.85,24.46,23.1,24.37,23.85,0.52,2.1803,31790,75460.805
003033.SZ,20240709,21.51,21.84,20.93,21.67,21.42,0.25,1.1671,5278.87,11309.243
001278.SZ,20240709,14.22,14.88,14.11,14.86,14.67,0.19,1.2952,24941.99,36297.535
601801.SH,20240709,6.46,6.53,6.24,6.48,6.5,-0.02,-0.3077,99454,63693.672
000949.SZ,20240709,3.4,3.46,3.29,3.45,3.41,0.04,1.173,314480.15,106464.351
600081.SH,20240709,8.2,8.48,8.05,8.44,8.17,0.27,3.3048,29948.98,24856.568
002775.SZ,20240709,1.8,1.84,1.76,1.8,1.82,-0.02,-1.0989,63982.08,11447.186
000828.SZ,20240709,8.92,9.19,8.86,9.17,8.93,0.24,2.6876,73437.91,66430.449
603222.SH,20240709,5.5,5.55,5.36,5.55,5.5,0.05,0.9091,48440.02,26480.043
002281.SZ,20240709,37.08,38.7,36.3,38.49,36.96,1.53,4.1396,355092.88,1347105.309
603211.SH,20240709,12.95,13.52,12.84,13.48,12.92,0.56,4.3344,21173.87,27927.558
600905.SH,20240709,4.52,4.54,4.47,4.51,4.51,0,0,986074.54,444394.462
300626.SZ,20240709,6.88,7.19,6.7,7.18,7.06,0.12,1.6997,83564.6,58297.525
600802.SH,20240709,2.72,2.75,2.63,2.71,2.72,-0.01,-0.3676,48094.2,12918.752
688035.SH,20240709,28.38,29.65,28.02,29.57,28.48,1.09,3.8272,17336.57,50262.376
001212.SZ,20240709,18.53,19,18.17,18.97,18.56,0.41,2.2091,10051.5,18747.044
688416.SH,20240709,29.16,30.54,28.73,30.32,29.16,1.16,3.9781,20744.1,61292.068
000007.SZ,20240709,5.39,5.57,5.21,5.41,5.47,-0.06,-1.0969,150025.5,80399.871
000062.SZ,20240709,8.3,8.75,8.29,8.72,8.32,0.4,4.8077,68176.74,58195.206
688355.SH,20240709,12.06,12.45,11.82,12.42,12.16,0.26,2.1382,6936.37,8405.119
300879.SZ,20240709,14.33,15.28,14.06,15.19,14.75,0.44,2.9831,77160.37,113797.172
002598.SZ,20240709,7.03,7.14,6.88,7.12,7.04,0.08,1.1364,32660,22991.26
300267.SZ,20240709,2.11,2.13,2.03,2.1,2.12,-0.02,-0.9434,202047.3,42141.386
002617.SZ,20240709,4.56,4.69,4.48,4.68,4.55,0.13,2.8571,190567.03,87645.248
600276.SH,20240709,39.12,39.48,38.01,38.99,39.21,-0.22,-0.5611,401062.62,1555216.747
002940.SZ,20240709,13.8,13.8,13.05,13.44,13.61,-0.17,-1.2491,30421.87,40571.308
000568.SZ,20240709,134.3,136.9,132.51,135.95,134.31,1.64,1.2211,103827.36,1395010.629
003042.SZ,20240709,11.91,12.15,11.58,11.98,12.42,-0.44,-3.5427,44384.7,52539.842
603358.SH,20240709,28.48,29.39,28.45,29.3,28.72,0.58,2.0195,23457.23,68048.843
003035.SZ,20240709,4.25,4.31,4.17,4.29,4.26,0.03,0.7042,101003,42812.076
002574.SZ,20240709,4.07,4.16,3.93,4.03,4.16,-0.13,-3.125,97573,39139.895
605166.SH,20240709,10.85,10.98,10.39,10.74,10.07,0.67,6.6534,105993.06,113625.221
300682.SZ,20240709,8.15,8.39,7.87,8.33,8.16,0.17,2.0833,190558.76,154852.316
002097.SZ,20240709,5.65,5.87,5.58,5.84,5.67,0.17,2.9982,157709.37,90506.173
600452.SH,20240709,12.11,12.34,11.69,12.25,12.11,0.14,1.1561,96595.31,116018.609
000968.SZ,20240709,6.03,6.22,6,6.2,6.04,0.16,2.649,57508.3,35193.727
002895.SZ,20240709,17.05,17.15,16.39,17.03,17.07,-0.04,-0.2343,70387.06,117996.227
920508.BJ,20240709,12.53,12.89,12.2,12.76,12.53,0.23,1.8356,9855.44,12452.568
300697.SZ,20240709,10.6,11.14,10.49,11.12,10.77,0.35,3.2498,111440.71,121743.327
300490.SZ,20240709,6.94,7.12,6.84,7.09,6.95,0.14,2.0144,62254.24,43528.954
002600.SZ,20240709,7.03,7.8,6.96,7.55,7.2,0.35,4.8611,4759583.87,3498092.303
000792.SZ,20240709,16.37,16.39,15.92,16.07,16.36,-0.29,-1.7726,331671.44,534912.401
603833.SH,20240709,47.19,48.2,45.62,47.05,46.34,0.71,1.5322,31828.68,149012.374
000965.SZ,20240709,2.53,2.55,2.43,2.53,2.52,0.01,0.3968,180882.11,45110.82
688663.SH,20240709,21.16,22.01,20.8,21.8,21.4,0.4,1.8692,16076.53,34411.799
603227.SH,20240709,6.57,6.87,6.56,6.87,6.6,0.27,4.0909,136526.25,91997.547
002016.SZ,20240709,6.39,6.43,6.19,6.29,6.39,-0.1,-1.5649,155301.73,97297.033
601658.SH,20240709,5.1,5.11,5.04,5.07,5.11,-0.04,-0.7828,1272938.25,645172.102
600470.SH,20240709,3.84,3.87,3.73,3.85,3.8,0.05,1.3158,47884.23,18244.639
300701.SZ,20240709,7.89,8.18,7.69,8.18,7.79,0.39,5.0064,55662.38,44375.906
600796.SH,20240709,4.26,4.33,4.13,4.3,4.26,0.04,0.939,33327,14137.022
002067.SZ,20240709,2.7,2.76,2.61,2.76,2.7,0.06,2.2222,207624,55627.347
601016.SH,20240709,2.93,3.01,2.91,3,2.94,0.06,2.0408,455425.74,134961.87
300760.SZ,20240709,280.3,282.49,276.2,281.11,280.3,0.81,0.289,27912.49,779986.381
605369.SH,20240709,27.14,27.23,26.2,26.98,27.14,-0.16,-0.5895,8472.4,22645.303
301517.SZ,20240709,46.62,49.04,46.58,48.71,46.83,1.88,4.0145,30349.52,145119.003
000561.SZ,20240709,5.84,5.98,5.74,5.97,5.89,0.08,1.3582,52331.75,30817.725
603161.SH,20240709,14.17,14.43,13.8,14.36,14.16,0.2,1.4124,27117,38379.174
300673.SZ,20240709,12.76,13.2,12.73,13.07,12.87,0.2,1.554,19737,25613.473
600735.SH,20240709,3.68,3.73,3.53,3.65,3.69,-0.04,-1.084,56736.81,20560.632
300344.SZ,20240709,3.11,3.29,2.96,3.26,3.16,0.1,3.1646,316902.63,98536.624
600261.SH,20240709,2.64,2.65,2.57,2.65,2.62,0.03,1.145,60488,15823.344
000901.SZ,20240709,7.93,8.35,7.92,8.35,7.98,0.37,4.6366,192257.02,156799.946
603387.SH,20240709,7.39,7.56,7.27,7.5,7.4,0.1,1.3514,28090.8,20809.383
688548.SH,20240709,8.56,8.76,8.34,8.69,8.6,0.09,1.0465,36136.91,30875.486
000751.SZ,20240709,2.61,2.65,2.55,2.64,2.65,-0.01,-0.3774,177426.55,46184.352
300493.SZ,20240709,7.21,7.72,7.17,7.63,7.26,0.37,5.0964,138426.15,104016.165
002546.SZ,20240709,3.16,3.21,3.07,3.2,3.16,0.04,1.2658,91453.01,28814.381
600302.SH,20240709,3.26,3.29,3.12,3.24,3.26,-0.02,-0.6135,58657,18803.21
300653.SZ,20240709,20.2,20.63,19.91,20.55,20.38,0.17,0.8342,11823.81,24035.88
000839.SZ,20240709,2.48,2.48,2.41,2.46,2.48,-0.02,-0.8065,417849.78,102271.318
600223.SH,20240709,6.25,6.4,6.22,6.37,6.27,0.1,1.5949,118545.32,74718.837
688458.SH,20240709,23.76,25.42,23.73,25.22,23.76,1.46,6.1448,20663.04,51131.609
300956.SZ,20240709,18.41,22.14,18.02,22.14,18.45,3.69,20,350747.88,714180.161
688691.SH,20240709,50.01,52.99,49.91,52.97,50.3,2.67,5.3082,31940.61,165609.427
002678.SZ,20240709,3.54,3.56,3.38,3.53,3.55,-0.02,-0.5634,40823.22,14197.005
603800.SH,20240709,17.58,17.77,17.02,17.53,17.62,-0.09,-0.5108,11785.77,20655.117
600635.SH,20240709,2.66,2.73,2.64,2.72,2.65,0.07,2.6415,190496.72,51278.526
920163.BJ,20240709,15.23,15.33,14.87,15.22,15.23,-0.01,-0.0657,1517.88,2288.62
600426.SH,20240709,25.68,25.68,25.02,25.4,25.5,-0.1,-0.3922,102081.23,258842.561
600392.SH,20240709,7.95,8.11,7.78,8.06,7.96,0.1,1.2563,138625.6,110411.528
601928.SH,20240709,11.44,11.6,11.31,11.55,11.43,0.12,1.0499,129602.82,148781.842
300113.SZ,20240709,9.81,10,9.56,9.95,9.74,0.21,2.1561,85411,83630.049
601567.SH,20240709,32.1,32.99,31.59,32.8,32.11,0.69,2.1489,87879.87,284126.723
002946.SZ,20240709,8.07,8.3,7.95,8.16,8.1,0.06,0.7407,43359.14,35001.621
600149.SH,20240709,3.16,3.19,3.05,3.18,3.15,0.03,0.9524,55600.01,17389.71
301000.SZ,20240709,12.55,12.97,12.28,12.91,12.64,0.27,2.1361,43305.46,54790.718
000419.SZ,20240709,4.07,4.14,3.98,4.12,4.08,0.04,0.9804,58847,23912.577
688018.SH,20240709,95,99.82,94.38,99.11,95.67,3.44,3.5957,30890.22,303754.269
000651.SZ,20240709,37.98,38.46,37.73,38.38,37.95,0.43,1.1331,301847.04,1151948.246
603112.SH,20240709,10.08,10.53,9.92,10.46,10.01,0.45,4.4955,22613,23107.766
600715.SH,20240709,1.41,1.43,1.37,1.39,1.43,-0.04,-2.7972,182004,25410.994
605588.SH,20240709,36.81,38.76,36.19,38.62,36.85,1.77,4.8033,31853,120661.886
301316.SZ,20240709,13.8,14.16,13.4,14.13,13.8,0.33,2.3913,58953.1,81513.136
002841.SZ,20240709,26.98,27.98,26.84,27.82,27.12,0.7,2.5811,24742.18,67803.003
600202.SH,20240709,3.44,3.51,3.35,3.49,3.44,0.05,1.4535,47488,16265.907
300254.SZ,20240709,7.71,7.81,7.45,7.81,7.75,0.06,0.7742,62535.67,47853.536
603779.SH,20240709,8.16,8.17,7.94,8.1,8.1,0,0,34571.27,27842.147
600775.SH,20240709,7.38,7.64,7.3,7.6,7.39,0.21,2.8417,157997.83,118576.309
002851.SZ,20240709,24.42,25.86,24.31,25.59,24.65,0.94,3.8134,121520.3,306449.323
300793.SZ,20240709,11.78,12.39,11.73,12.38,11.83,0.55,4.6492,100162.78,121398.755
000733.SZ,20240709,34.99,37.37,34.95,37.02,34.35,2.67,7.7729,180362.22,654156.648
300399.SZ,20240709,9.16,9.88,8.96,9.81,9.19,0.62,6.7465,137032.78,131280.534
000735.SZ,20240709,4.32,4.33,4.16,4.29,4.3,-0.01,-0.2326,127842.28,54314.157
301369.SZ,20240709,39.29,43.98,39.03,42.65,39.42,3.23,8.1938,29279.5,122998.769
300136.SZ,20240709,18.27,21.6,18.2,21.2,18.25,2.95,16.1644,1055772.61,2124506.466
301568.SZ,20240709,27.68,28.98,27.15,28.94,27.68,1.26,4.552,14998.44,42281.615
603665.SH,20240709,21.37,21.86,21.2,21.83,21.37,0.46,2.1526,31002,66925.412
603336.SH,20240709,2.9,2.95,2.78,2.87,2.92,-0.05,-1.7123,92037,26242.963
000717.SZ,20240709,1.7,1.72,1.66,1.71,1.7,0.01,0.5882,113435,19182.988
002556.SZ,20240709,4.97,5.07,4.81,5.04,5,0.04,0.8,325412.55,161088.029
603168.SH,20240709,6.99,7.08,6.75,6.96,7,-0.04,-0.5714,58316.42,40375.039
600241.SH,20240709,5.16,5.23,4.98,5.16,5.17,-0.01,-0.1934,24199,12358.974
600322.SH,20240709,1.31,1.32,1.24,1.28,1.31,-0.03,-2.2901,215955.67,27575.93
688350.SH,20240709,11.01,11.2,10.64,11.11,10.93,0.18,1.6468,5368.94,5863.716
002967.SZ,20240709,12.01,12.56,11.91,12.55,12.19,0.36,2.9532,114931.23,140965.297
000967.SZ,20240709,4.02,4.13,3.99,4.11,4.02,0.09,2.2388,129319.65,52534.356
688551.SH,20240709,28.01,29.04,27.58,28.76,27.98,0.78,2.7877,7139.25,20316.004
001267.SZ,20240709,5,5.15,4.88,5.11,5.03,0.08,1.5905,142962.73,71610.74
300844.SZ,20240709,23.75,24.08,22.76,24.02,23.68,0.34,1.4358,16685.42,39265.644
002191.SZ,20240709,3.55,3.62,3.48,3.59,3.57,0.02,0.5602,129714,46096.404
300400.SZ,20240709,10.2,10.79,10.13,10.77,10.23,0.54,5.2786,55218.09,57996.9
600919.SH,20240709,7.56,7.7,7.49,7.69,7.55,0.14,1.8543,1268403.01,963404.923
000035.SZ,20240709,4.36,4.55,4.31,4.54,4.34,0.2,4.6083,243312.92,108057.541
688391.SH,20240709,29.21,30.1,28.91,29.97,29.46,0.51,1.7312,7366.46,21798.663
601890.SH,20240709,6.6,6.73,6.47,6.71,6.57,0.14,2.1309,113578.3,75208.94
600326.SH,20240709,4.29,4.31,4.08,4.23,4.29,-0.06,-1.3986,473822.41,198578.337
605598.SH,20240709,21.07,21.36,20.6,21.36,20.9,0.46,2.201,6748.34,14222.022
300740.SZ,20240709,13.03,13.19,12.58,12.84,13.1,-0.26,-1.9847,117791.5,150647.279
920425.BJ,20240709,9.53,9.99,9.27,9.99,9.5,0.49,5.1579,12225.1,11820.327
600750.SH,20240709,22.89,23.43,22.78,23.35,23,0.35,1.5217,53726.31,124446.379
600061.SH,20240709,5.4,5.49,5.32,5.48,5.38,0.1,1.8587,158469.09,85751.211
002829.SZ,20240709,12.94,13.05,12.44,13.05,11.86,1.19,10.0337,143302.61,183774.773
300403.SZ,20240709,6.18,6.42,6.15,6.41,6.21,0.2,3.2206,93944.2,59232.105
002249.SZ,20240709,4.5,4.67,4.48,4.64,4.5,0.14,3.1111,194111.87,88908.593
601700.SH,20240709,4.12,4.19,4.02,4.17,4.12,0.05,1.2136,79210.66,32555.436
920436.BJ,20240709,10.63,10.85,10.02,10.8,10.68,0.12,1.1236,6224.62,6636.217
002717.SZ,20240709,1.09,1.15,1.07,1.09,1.05,0.04,3.8095,1114895.17,122897.692
000962.SZ,20240709,9.7,10.01,9.5,10,9.69,0.31,3.1992,79097.26,77752.658
000876.SZ,20240709,9.25,9.3,8.99,9.14,9.27,-0.13,-1.4024,212750.65,194027.279
001331.SZ,20240709,12.4,12.46,11.85,12.42,12.33,0.09,0.7299,15909.8,19408.189
600292.SH,20240709,4.6,4.67,4.48,4.65,4.56,0.09,1.9737,39286.61,17972.559
301112.SZ,20240709,19.63,20.1,18.83,19.99,19.75,0.24,1.2152,26669,52032.616
000898.SZ,20240709,2.14,2.16,2.11,2.15,2.14,0.01,0.4673,196222.68,41897.021
002068.SZ,20240709,6.5,6.82,6.38,6.77,6.51,0.26,3.9939,141341.34,93385.743
688336.SH,20240709,18.93,19.35,18.63,19.06,19.04,0.02,0.105,14778,28079.975
300348.SZ,20240709,7.16,7.33,6.91,7.3,7.21,0.09,1.2483,304590.03,217723.668
600468.SH,20240709,4,4.13,3.97,4.13,4,0.13,3.25,117320.1,47715.607
300615.SZ,20240709,8.66,8.98,8.51,8.97,8.75,0.22,2.5143,18892.8,16609.811
301363.SZ,20240709,27.34,28.56,27.02,28.07,27.62,0.45,1.6293,19760.76,54834.996
600593.SH,20240709,18.6,18.8,17.82,18.8,18.66,0.14,0.7503,49089.22,90199.941
601880.SH,20240709,1.23,1.26,1.23,1.26,1.23,0.03,2.439,424292.29,52837.655
002173.SZ,20240709,6.24,6.42,6.14,6.38,6.28,0.1,1.5924,111866.92,70287.422
002971.SZ,20240709,17.09,17.99,16.92,17.87,17.09,0.78,4.5641,18867.5,33079.083
920753.BJ,20240709,22.5,22.83,21.5,22.83,22.75,0.08,0.3516,17764.51,39573.611
600769.SH,20240709,6.02,6.12,5.84,6.1,5.97,0.13,2.1776,37483,22427.214
002898.SZ,20240709,8.6,8.66,8.32,8.59,8.6,-0.01,-0.1163,24938,21158.402
002673.SZ,20240709,5.95,6.13,5.94,6.12,5.96,0.16,2.6846,348668.66,210775.075
603155.SH,20240709,15.17,15.17,14.82,15.17,13.79,1.38,10.0073,101181.01,153332.756
002262.SZ,20240709,23.5,23.67,23.11,23.49,23.76,-0.27,-1.1364,56038.32,131214.901
603789.SH,20240709,6.85,7.18,6.68,7.02,6.95,0.07,1.0072,98770.6,68228.702
002660.SZ,20240709,6.78,7.1,6.71,7.07,6.8,0.27,3.9706,61007,42319.297
002733.SZ,20240709,10.18,10.3,9.89,10.26,10.17,0.09,0.885,26640.67,27058.503
002025.SZ,20240709,42.43,44.05,42.36,43.91,42.6,1.31,3.0751,48321.06,208935.374
301051.SZ,20240709,23.64,24.99,23.32,24.82,23.64,1.18,4.9915,24504.99,59456.468
688687.SH,20240709,22.3,22.78,21.33,21.92,22.3,-0.38,-1.704,42313.16,92028.708
605186.SH,20240709,20,20.29,19.49,19.81,19.99,-0.18,-0.9005,20482,40754.024
603103.SH,20240709,13.3,13.56,12.99,13.45,13.37,0.08,0.5984,30890.55,41086.226
600084.SH,20240709,4.34,4.38,4.17,4.26,4.37,-0.11,-2.5172,52341.18,22319.189
300498.SZ,20240709,20.01,20.22,19.23,19.31,20.08,-0.77,-3.8347,425268.03,829932.598
603919.SH,20240709,17.5,18.18,17.5,17.84,18.01,-0.17,-0.9439,31978.42,57342.671
300327.SZ,20240709,18.4,19.48,18.24,19.46,18.44,1.02,5.5315,101166.88,192769.809
300317.SZ,20240709,3.62,3.67,3.44,3.66,3.61,0.05,1.385,158905.9,56650.637
000096.SZ,20240709,9.34,9.45,9.11,9.35,9.34,0.01,0.1071,56873.11,52915.62
600117.SH,20240709,2.17,2.17,2.17,2.17,2.07,0.1,4.8309,24253.61,5263.033
300011.SZ,20240709,4.74,4.91,4.7,4.9,4.75,0.15,3.1579,54502.05,26241.318
601366.SH,20240709,5.18,5.22,5.17,5.21,5.17,0.04,0.7737,27329,14199.896
300993.SZ,20240709,8.41,8.6,8.2,8.56,8.41,0.15,1.7836,52731.84,44377.881
301027.SZ,20240709,7.37,7.5,7.13,7.42,7.31,0.11,1.5048,72944.86,53583.691
300721.SZ,20240709,12.88,13.63,12.81,13.59,12.99,0.6,4.6189,68557.79,91410.239
920371.BJ,20240709,4.03,4.07,3.94,4.07,4.01,0.06,1.4963,3947.34,1579.698
603595.SH,20240709,17.67,18.78,17.46,18.74,17.68,1.06,5.9955,44993.81,81966.179
300278.SZ,20240709,2.79,2.81,2.69,2.79,2.76,0.03,1.087,99153.27,27359.142
002828.SZ,20240709,7.99,8.14,7.78,8.14,8,0.14,1.75,63742,50785.043
603527.SH,20240709,6.86,7.1,6.73,7.06,6.87,0.19,2.7656,41910.04,29131.565
002462.SZ,20240709,10.74,10.77,10.36,10.64,10.74,-0.1,-0.9311,39472.95,41834.396
000598.SZ,20240709,7.91,8.15,7.84,8.13,7.91,0.22,2.7813,221574.22,177790.554
300370.SZ,20240709,1.64,1.68,1.6,1.65,1.65,0,0,129115.4,21166.759
601128.SH,20240709,7.65,7.93,7.59,7.92,7.61,0.31,4.0736,331643.06,257751.804
301123.SZ,20240709,16.78,17.83,16.56,17.77,16.66,1.11,6.6627,74224.06,128741.809
920895.BJ,20240709,6.84,7.04,6.74,6.97,6.87,0.1,1.4556,4618.08,3178.173
605255.SH,20240709,10.97,11.37,10.75,11.28,11.06,0.22,1.9892,10442,11592.694
603096.SH,20240709,16.6,16.87,16.12,16.82,16.67,0.15,0.8998,12816,21229.68
300222.SZ,20240709,5.17,5.21,4.95,5.19,5.08,0.11,2.1654,67673.79,34571.912
002585.SZ,20240709,4.59,4.65,4.43,4.55,4.59,-0.04,-0.8715,152398.4,69307.932
603882.SH,20240709,25.06,25.33,24.61,25.01,25.14,-0.13,-0.5171,67923,169583.959
002668.SZ,20240709,8.61,8.99,8.58,8.92,8.69,0.23,2.6467,179060.39,157387.335
300702.SZ,20240709,16.32,16.44,15.66,16.3,16.28,0.02,0.1229,20119.8,32339.871
002724.SZ,20240709,4.21,4.34,4.12,4.26,4.21,0.05,1.1876,50897.82,21560.372
300825.SZ,20240709,8.69,9.07,8.49,9.07,8.69,0.38,4.3728,88167.85,77659.519
600403.SH,20240709,2.5,2.52,2.4,2.47,2.51,-0.04,-1.5936,108502.51,26602.159
688509.SH,20240709,2.74,2.8,2.65,2.8,2.75,0.05,1.8182,84119.77,22919.256
600268.SH,20240709,5.31,5.51,5.25,5.5,5.34,0.16,2.9963,180091.97,97180.095
300795.SZ,20240709,15.87,16.18,15.44,15.98,15.97,0.01,0.0626,24021.75,37870.835
002046.SZ,20240709,9.28,9.61,9.13,9.59,9.32,0.27,2.897,82667.99,77654.368
300562.SZ,20240709,8.43,8.49,8.02,8.49,8.43,0.06,0.7117,78862,65457.279
600029.SH,20240709,5.81,5.9,5.77,5.9,5.81,0.09,1.5491,300816.82,175696.321
688428.SH,20240709,8.49,8.59,8.15,8.23,8.45,-0.22,-2.6036,99149.78,82365.518
603681.SH,20240709,12.08,12.6,12.01,12.6,12.08,0.52,4.3046,24458.23,30157.504
002893.SZ,20240709,8.83,9.08,8.68,9.07,8.88,0.19,2.1396,38814,34553.504
300803.SZ,20240709,33.61,34.68,33.2,34.44,33.55,0.89,2.6528,64315,218582.02
600136.SH,20240709,1.5,1.52,1.43,1.48,1.49,-0.01,-0.6711,42485,6203.498
300941.SZ,20240709,15.59,16.2,15.41,16.17,16.54,-0.37,-2.237,96176.81,152167.449
000977.SZ,20240709,37.1,39.33,36.3,39.1,36.94,2.16,5.8473,1193427.85,4576417.721
002114.SZ,20240709,4.35,4.52,4.31,4.5,4.58,-0.08,-1.7467,230663.01,102015.851
600617.SH,20240709,2.37,2.43,2.32,2.41,2.39,0.02,0.8368,124911.44,29708.663
600667.SH,20240709,5.31,5.61,5.26,5.59,5.31,0.28,5.2731,320233,175141.255
920946.BJ,20240709,5.96,6.04,5.74,6.01,5.95,0.06,1.0084,8222.85,4852.065
300856.SZ,20240709,31.6,32.92,31.32,32.85,31.6,1.25,3.9557,42327,136556.582
920593.BJ,20240709,17.42,17.9,17.01,17.64,17.55,0.09,0.5128,15011.56,26205.393
603296.SH,20240709,52.43,56.13,52.38,56.07,52.43,3.64,6.9426,34867.88,190396.315
002985.SZ,20240709,18.76,19.45,18.3,19.19,19.99,-0.8,-4.002,69535.12,132414.594
002743.SZ,20240709,3.58,3.64,3.49,3.62,3.6,0.02,0.5556,57479,20598.182
300986.SZ,20240709,6.6,6.82,6.36,6.79,6.62,0.17,2.568,31804.83,20924.339
603587.SH,20240709,10.73,10.8,10.43,10.71,10.72,-0.01,-0.0933,22782.4,24169.242
603390.SH,20240709,7,7.17,6.81,7.15,6.98,0.17,2.4355,115325,81052.837
300862.SZ,20240709,20.34,20.71,19.6,20.4,20.3,0.1,0.4926,21971.6,44221.877
688420.SH,20240709,19.29,19.43,18.63,19.07,19.12,-0.05,-0.2615,2068.36,3955.447
603598.SH,20240709,11.94,12.27,11.67,12.23,12.02,0.21,1.7471,97648.01,117311.603
300021.SZ,20240709,3.26,3.32,3.17,3.29,3.28,0.01,0.3049,147923.54,47837.762
603377.SH,20240709,1.1,1.11,1.05,1.05,1.11,-0.06,-5.4054,309271.56,32786.085
301206.SZ,20240709,24.06,24.59,23.63,24.25,24,0.25,1.0417,6077.83,14648.343
603282.SH,20240709,15.51,15.84,15.26,15.78,15.51,0.27,1.7408,3819.95,5959.532
601339.SH,20240709,5.4,5.45,5.29,5.33,5.37,-0.04,-0.7449,35609.25,19064.945
300416.SZ,20240709,10.98,11.29,10.68,11.17,10.97,0.2,1.8232,131370.8,144586.431
000862.SZ,20240709,4.58,4.58,4.38,4.54,4.56,-0.02,-0.4386,68979.17,31002.567
301167.SZ,20240709,10.81,11.06,10.43,10.99,10.81,0.18,1.6651,17788.88,19141.22
600152.SH,20240709,4.58,4.68,4.47,4.67,4.56,0.11,2.4123,74988.48,34619.467
002307.SZ,20240709,2.72,2.75,2.64,2.73,2.72,0.01,0.3676,102956.6,27789.651
301388.SZ,20240709,21.14,22.27,20.86,22.1,21.48,0.62,2.8864,95872.89,207527.226
603868.SH,20240709,34.56,35.46,33.88,35.32,34.9,0.42,1.2034,15741,54769.069
601778.SH,20240709,2.18,2.23,2.14,2.21,2.18,0.03,1.3761,350667.13,76694.728
300966.SZ,20240709,16.18,16.23,15.46,16.2,16.09,0.11,0.6837,29321,46450.021
300618.SZ,20240709,25.17,25.77,24.72,25.71,25.26,0.45,1.7815,42965.52,108730.435
920819.BJ,20240709,2.87,2.9,2.82,2.86,2.85,0.01,0.3509,6527.19,1862.937
002164.SZ,20240709,3.56,3.62,3.45,3.6,3.56,0.04,1.1236,62902.34,22309.295
301191.SZ,20240709,62.79,65.4,62.31,65.4,62.51,2.89,4.6233,14106.78,90664.834
301297.SZ,20240709,19.49,20.54,19.31,20.53,19.49,1.04,5.3361,121643.64,245874.659
920370.BJ,20240709,1.88,1.94,1.82,1.91,1.93,-0.02,-1.0363,55308.71,10408.445
002882.SZ,20240709,14.5,14.8,14.2,14.8,14.36,0.44,3.0641,56179,81777.786
300341.SZ,20240709,8.07,8.3,7.96,8.29,8.07,0.22,2.7261,33258.01,27077.041
605098.SH,20240709,37,37.69,36.39,37.6,37.04,0.56,1.5119,16992,63105.257
000887.SZ,20240709,11.66,12.31,11.66,12.25,11.65,0.6,5.1502,135872.75,163331.81
600135.SH,20240709,4.7,4.71,4.51,4.66,4.65,0.01,0.2151,45086.1,20871.437
600774.SH,20240709,7.7,7.73,7.31,7.67,7.72,-0.05,-0.6477,94746,71533.011
600030.SH,20240709,17.47,17.91,17.35,17.86,17.5,0.36,2.0571,641411.61,1131167.617
301098.SZ,20240709,7.27,7.38,7.06,7.36,7.26,0.1,1.3774,17313,12521.51
002079.SZ,20240709,7.95,8.34,7.9,8.32,7.97,0.35,4.3915,176269.44,143963.102
603029.SH,20240709,13.64,13.89,13.35,13.84,13.63,0.21,1.5407,21033.2,28793.984
002554.SZ,20240709,2.14,2.16,2.07,2.15,2.13,0.02,0.939,109461.02,23184.859
600282.SH,20240709,5.25,5.26,5.1,5.16,5.28,-0.12,-2.2727,396193.01,204319.763
603777.SH,20240709,8.81,8.93,8.59,8.82,8.81,0.01,0.1135,21110.39,18494.552
002968.SZ,20240709,8.44,8.5,8.15,8.49,8.4,0.09,1.0714,40846.42,33970.09
301498.SZ,20240709,50.61,51.73,49.67,51.38,50.48,0.9,1.7829,12471.09,63411.802
300613.SZ,20240709,32.5,34.28,32.22,34,32.72,1.28,3.912,90857.57,304798.194
600105.SH,20240709,3.44,3.62,3.41,3.61,3.45,0.16,4.6377,210558.32,74464.996
300043.SZ,20240709,2.24,2.27,2.15,2.26,2.24,0.02,0.8929,348387,76914.584
688335.SH,20240709,7.73,8.05,7.69,7.99,7.79,0.2,2.5674,2912.44,2293.87
000557.SZ,20240709,3.69,3.81,3.6,3.74,3.68,0.06,1.6304,77040.05,28544.28
600760.SH,20240709,39.74,39.93,39.28,39.58,39.74,-0.16,-0.4026,106920.93,423055.373
002819.SZ,20240709,19.06,19.2,18.19,19.04,19.05,-0.01,-0.0525,33808.62,62965.409
600703.SH,20240709,11.26,11.76,11.21,11.73,11.27,0.46,4.0816,339364.97,391877.202
603285.SH,20240709,32.11,34.65,30.16,32.26,34.95,-2.69,-7.6967,198033.61,636725.728
300251.SZ,20240709,7.67,7.76,7.48,7.69,7.69,0,0,314674.79,240273.365
002109.SZ,20240709,3.15,3.22,3.08,3.18,3.19,-0.01,-0.3135,38580,12149.084
920110.BJ,20240709,17.36,17.96,17.18,17.89,17.57,0.32,1.8213,2479.31,4368.319
603153.SH,20240709,16.06,16.38,16,16.3,16.06,0.24,1.4944,13406.24,21757.496
688386.SH,20240709,25.26,26.22,24.86,26.15,25.48,0.67,2.6295,3989.25,10175.374
605499.SH,20240709,202.12,210.18,201.38,208.74,202.8,5.94,2.929,11576.57,240356.423
002624.SZ,20240709,7.06,7.17,6.92,7.12,7.12,0,0,324359.05,228726.197
920010.BJ,20240709,3.55,3.65,3.51,3.6,3.56,0.04,1.1236,10491.21,3758.983
688586.SH,20240709,8.75,8.95,8.61,8.9,8.67,0.23,2.6528,38314.55,33651.212
002856.SZ,20240709,8.18,8.3,7.52,7.52,8.36,-0.84,-10.0478,134132.2,103831.972
301188.SZ,20240709,13.25,13.49,12.95,13.25,13.38,-0.13,-0.9716,23129,30486.712
603057.SH,20240709,14.19,14.45,13.91,14.33,14.19,0.14,0.9866,10160.03,14420.886
600479.SH,20240709,10.17,10.22,9.91,10.14,10.17,-0.03,-0.295,44256.2,44568.585
300015.SZ,20240709,9.88,9.9,9.67,9.82,9.88,-0.06,-0.6073,764545.58,749097.28
605005.SH,20240709,14.95,15.35,14.83,15.33,14.87,0.46,3.0935,23461,35589.985
000988.SZ,20240709,28.89,30.47,28.7,30.45,28.93,1.52,5.2541,434571.7,1301562.392
688707.SH,20240709,8.88,9.1,8.69,9.03,8.89,0.14,1.5748,31767.82,28250.791
920608.BJ,20240709,7.88,8.12,7.6,7.98,7.97,0.01,0.1255,16980.69,13375.602
002394.SZ,20240709,6.1,6.13,5.9,6.1,6.08,0.02,0.3289,26345,15845.252
300445.SZ,20240709,14.62,15.25,14.55,15.25,14.6,0.65,4.4521,21683.6,32396.701
920634.BJ,20240709,10.01,10.48,9.85,10.44,10.18,0.26,2.554,22353.53,22628.381
600587.SH,20240709,15.69,16.17,15.46,15.99,15.69,0.3,1.912,63538.93,100836.086
300465.SZ,20240709,6.82,6.96,6.59,6.94,6.83,0.11,1.6105,122675.31,83147.126
300519.SZ,20240709,10.77,10.77,10.2,10.63,10.66,-0.03,-0.2814,24364.8,25483.803
002749.SZ,20240709,14.85,14.98,14.35,14.97,14.88,0.09,0.6048,38449.84,56480.979
600717.SH,20240709,4.36,4.45,4.31,4.43,4.36,0.07,1.6055,223707.3,98472.424
601886.SH,20240709,4.66,4.74,4.59,4.71,4.66,0.05,1.073,98992.23,46292.313
300174.SZ,20240709,12.8,12.95,12.58,12.88,12.77,0.11,0.8614,34274.57,43812.975
920225.BJ,20240709,8.17,8.3,8.01,8.25,8.17,0.08,0.9792,11319.18,9256.162
301261.SZ,20240709,38.18,40.46,37.78,40.1,40.31,-0.21,-0.521,48618.49,191245.911
301121.SZ,20240709,33.29,34.79,33.18,34.69,33.29,1.4,4.2055,14087,47995.659
301128.SZ,20240709,36,37.9,36,37.77,35.99,1.78,4.9458,22391.83,83395.492
000622.SZ,20240709,1.72,1.79,1.64,1.77,1.72,0.05,2.907,139620,23909.559
000663.SZ,20240709,4.16,4.18,3.91,4.07,4.13,-0.06,-1.4528,111399.25,44853.63
688370.SH,20240709,15.36,15.59,15.2,15.52,15.38,0.14,0.9103,1627.42,2505.434
603299.SH,20240709,9.74,9.97,9.63,9.96,9.77,0.19,1.9447,88937.52,87353.354
003023.SZ,20240709,15.25,15.63,15,15.61,15.21,0.4,2.6298,15622.5,23977.231
688429.SH,20240709,14.26,14.35,13.89,14.17,14.22,-0.05,-0.3516,7752.55,10947.131
002472.SZ,20240709,20.65,21.64,20.5,21.58,20.35,1.23,6.0442,156563.4,329772.167
300846.SZ,20240709,9.04,9.35,8.86,9.34,9.04,0.3,3.3186,78521.48,71758.244
603556.SH,20240709,44.12,44.52,43.22,44.24,44.1,0.14,0.3175,30519.24,134045.853
301386.SZ,20240709,19.32,20.01,18.98,20.01,19.31,0.7,3.6251,12387.71,24284.079
002723.SZ,20240709,5.7,5.8,5.47,5.64,5.75,-0.11,-1.913,82788.8,46587.557
301538.SZ,20240709,90.03,96.74,89.36,95.05,91.1,3.95,4.3359,18784.2,174823.563
600018.SH,20240709,5.95,6.18,5.92,6.16,5.93,0.23,3.8786,657159.06,399628.614
688686.SH,20240709,55.98,58.72,55,58.1,55.63,2.47,4.4401,11353.67,64385.356
600995.SH,20240709,9.35,9.43,9.13,9.4,9.35,0.05,0.5348,90340.22,83979.388
603015.SH,20240709,6.98,7.22,6.8,7.22,6.95,0.27,3.8849,54648,38465.852
605333.SH,20240709,26.35,27.52,26,27.39,26.35,1.04,3.9469,28628.99,76598.878
001696.SZ,20240709,9.48,10.44,9.4,10.44,9.49,0.95,10.0105,1548587.49,1565476.606
600256.SH,20240709,6.05,6.07,5.85,6.02,6.05,-0.03,-0.4959,1061558.45,631406.534
000157.SZ,20240709,7.25,7.46,7.18,7.42,7.27,0.15,2.0633,489955.19,359479.028
601138.SH,20240709,27.1,29.18,26.75,29,26.96,2.04,7.5668,1595198.49,4499603.103
603611.SH,20240709,15.2,15.57,15.08,15.49,15.26,0.23,1.5072,36395,55893.547
688396.SH,20240709,37.15,38.5,36.85,38.29,37.15,1.14,3.0686,53293.09,202352.092
600119.SH,20240709,6,6.07,5.81,6.05,5.9,0.15,2.5424,96628,57470.946
300518.SZ,20240709,7.31,7.36,6.98,7.25,7.31,-0.06,-0.8208,46125.56,32923.807
301516.SZ,20240709,16.37,16.72,15.99,16.7,16.33,0.37,2.2658,46459.51,76262.278
002867.SZ,20240709,13.6,13.86,13.24,13.82,13.75,0.07,0.5091,131056.13,177438.881
600225.SH,20240709,1.65,1.68,1.59,1.64,1.66,-0.02,-1.2048,242220.11,39513.114
600573.SH,20240709,8.26,8.44,8.11,8.43,8.34,0.09,1.0791,24789,20521.077
300776.SZ,20240709,44.56,45.6,44.01,45.42,44.5,0.92,2.0674,35362.62,158691.476
301366.SZ,20240709,28.01,29.6,27.8,29.51,28.2,1.31,4.6454,37881.63,109353.882
601012.SH,20240709,13.06,13.23,12.78,13.16,13.09,0.07,0.5348,1489449.3,1937575.32
002672.SZ,20240709,3.5,3.53,3.38,3.52,3.5,0.02,0.5714,38097,13189.071
000411.SZ,20240709,9.14,9.3,8.97,9.28,9.17,0.11,1.1996,30481.51,27894.884
002106.SZ,20240709,9.79,10.53,9.73,10.48,9.8,0.68,6.9388,250567.39,255535.379
300365.SZ,20240709,4.5,4.59,4.28,4.58,4.49,0.09,2.0045,121675.9,54132.072
301216.SZ,20240709,11.3,11.66,11.26,11.64,11.39,0.25,2.1949,28100.65,32399.992
002769.SZ,20240709,5.15,5.25,5.01,5.23,5.13,0.1,1.9493,87888.25,45241.93
000922.SZ,20240709,11.12,11.5,11.12,11.44,11.2,0.24,2.1429,70063.53,79415.079
603308.SH,20240709,11.58,11.82,11.31,11.79,11.6,0.19,1.6379,64426.07,74734.301
600557.SH,20240709,15.21,15.49,14.99,15.42,15.25,0.17,1.1148,76517.94,116877.562
300396.SZ,20240709,18.08,18.1,17.22,17.77,17.96,-0.19,-1.0579,60932.46,107375.585
301207.SZ,20240709,16.67,16.86,16.17,16.72,16.67,0.05,0.2999,18135.96,29942.829
001313.SZ,20240709,7.05,7.17,6.93,7.13,7.12,0.01,0.1404,13870,9796.505
000516.SZ,20240709,4.55,4.59,4.4,4.53,4.58,-0.05,-1.0917,204101,91544.649
300904.SZ,20240709,40.98,42.12,40.5,41.64,41.13,0.51,1.24,16591.4,68690.625
601038.SH,20240709,15.1,15.55,14.94,15.55,15.19,0.36,2.37,49232.03,75138.793
603535.SH,20240709,15.21,15.63,14.9,15.63,15.28,0.35,2.2906,10444.5,16012.007
688327.SH,20240709,10.61,11.11,10.49,10.97,10.64,0.33,3.1015,163184.45,176841.016
300274.SZ,20240709,58.38,58.57,56.99,58.28,58.15,0.13,0.2236,244874.61,1414431.14
000338.SZ,20240709,13.7,14.2,13.66,14.2,13.59,0.61,4.4886,867128.78,1215505.6
002430.SZ,20240709,19.5,19.7,19.19,19.22,19.62,-0.4,-2.0387,95757.92,185793.626
300276.SZ,20240709,3.23,3.31,3.15,3.31,3.25,0.06,1.8462,172858.92,55994.633
600733.SH,20240709,9.55,9.78,9.36,9.63,9.6,0.03,0.3125,4757980.52,4535023.322
301326.SZ,20240709,29.39,34.81,28.81,34.81,29.01,5.8,19.9931,55539.32,181847.55
001215.SZ,20240709,27.41,27.95,26.85,27.48,27.8,-0.32,-1.1511,14251,38923.792
601155.SH,20240709,8.65,8.75,8.42,8.66,8.65,0.01,0.1156,173510.1,149489.237
603916.SH,20240709,6.58,6.62,6.42,6.5,6.59,-0.09,-1.3657,30420.4,19844.207
002806.SZ,20240709,7.89,8.34,7.67,8.28,7.89,0.39,4.943,105460.69,84539.6
688526.SH,20240709,13.41,13.53,12.99,13.09,13.44,-0.35,-2.6042,31345.36,41315.285
002274.SZ,20240709,7.16,7.38,7.09,7.37,7.18,0.19,2.6462,138160.13,100230.542
300873.SZ,20240709,13.58,14.03,13.58,14.03,13.66,0.37,2.7086,16438,22746.226
600158.SH,20240709,7.23,7.35,7.04,7.32,7.2,0.12,1.6667,126895,91481.53
002863.SZ,20240709,3.78,3.88,3.65,3.85,3.78,0.07,1.8519,88521.03,33427.95
002519.SZ,20240709,4.65,4.81,4.58,4.79,4.67,0.12,2.5696,147464.5,69442.121
300614.SZ,20240709,8.39,8.62,8.21,8.58,8.47,0.11,1.2987,21942.45,18488.623
002212.SZ,20240709,4.5,4.57,4.38,4.54,4.51,0.03,0.6652,215012.15,96675.402
300129.SZ,20240709,6.41,6.54,6.3,6.49,6.42,0.07,1.0903,66425.78,42756.184
603568.SH,20240709,19.35,19.63,18.98,19.5,19.33,0.17,0.8795,39114.61,75562.428
600985.SH,20240709,15.77,15.83,15.42,15.58,15.7,-0.12,-0.7643,318188.79,494726.998
603937.SH,20240709,7.65,7.68,7.33,7.68,7.59,0.09,1.1858,26358,19916.728
002919.SZ,20240709,10.89,11.24,10.66,10.97,10.95,0.02,0.1826,47302,51648.847
300588.SZ,20240709,7.53,7.64,7.14,7.6,7.43,0.17,2.288,60527,44745.877
688353.SH,20240709,15.86,16.25,15.71,15.95,16.04,-0.09,-0.5611,5679.11,9079.998
002221.SZ,20240709,8.1,8.34,8.04,8.24,8.19,0.05,0.6105,75353,61649.941
603110.SH,20240709,10.15,10.27,9.78,10.04,10.15,-0.11,-1.0837,59291,59493.308
301251.SZ,20240709,31,32.82,30.82,32.59,31.11,1.48,4.7573,67030.06,214999.54
002319.SZ,20240709,7.97,7.99,7.57,7.92,8,-0.08,-1,33143.11,25823.727
002419.SZ,20240709,4.13,4.2,4.03,4.18,4.13,0.05,1.2107,81435.37,33492.222
300376.SZ,20240709,3.21,3.21,3.21,3.21,4.01,-0.8,-19.9501,10337,3318.177
002408.SZ,20240709,5.5,5.68,5.43,5.66,5.47,0.19,3.4735,346741.29,193416.686
002172.SZ,20240709,2.43,2.45,2.33,2.39,2.43,-0.04,-1.6461,121393,28765.766
600255.SH,20240709,1.79,1.83,1.75,1.81,1.75,0.06,3.4286,290277.26,52206.278
300108.SZ,20240709,1.38,1.47,1.3,1.34,1.38,-0.04,-2.8986,576621.06,78930.763
920469.BJ,20240709,7.33,7.58,7.25,7.46,7.41,0.05,0.6748,11228.27,8393.791
920396.BJ,20240709,8.74,9.09,8.74,8.93,8.82,0.11,1.2472,1884.32,1676.701
600548.SH,20240709,10.92,10.94,10.63,10.91,10.84,0.07,0.6458,81584.76,87948.871
600050.SH,20240709,4.74,4.79,4.67,4.77,4.72,0.05,1.0593,1665296.3,790694.39
600834.SH,20240709,6.47,6.57,6.4,6.54,6.42,0.12,1.8692,10419.3,6767.579
600887.SH,20240709,25.1,25.16,24.73,25,25.2,-0.2,-0.7937,604087.65,1506820.11
300572.SZ,20240709,12.06,12.15,11.51,11.92,12.07,-0.15,-1.2428,80360.28,95509.852
688515.SH,20240709,51.18,53.35,50.62,53,50.92,2.08,4.0848,10206.46,52989.243
600463.SH,20240709,7.6,7.69,7.15,7.55,7.62,-0.07,-0.9186,32613,24232.161
600172.SH,20240709,1.87,1.89,1.82,1.87,1.88,-0.01,-0.5319,164063.45,30490.543
600977.SH,20240709,10.53,10.62,10.24,10.54,10.54,0,0,81551.23,85204.935
603083.SH,20240709,30.31,31.78,29.7,31.51,30.29,1.22,4.0277,135565.63,417900.24
002028.SZ,20240709,65.5,66.7,64.05,66.05,65.06,0.99,1.5217,87684.85,576314.283
000525.SZ,20240709,6.01,6.23,6.01,6.19,6.11,0.08,1.3093,39144,24044.411
002139.SZ,20240709,10.51,10.98,10.38,10.94,10.44,0.5,4.7893,394291.92,424236.478
600528.SH,20240709,6.98,7.16,6.93,7.15,6.97,0.18,2.5825,100949.41,71206.901
600280.SH,20240709,2.31,2.33,2.19,2.28,2.3,-0.02,-0.8696,290121.02,65162.734
002451.SZ,20240709,4.93,4.97,4.74,4.96,4.91,0.05,1.0183,90243.66,44042.585
002452.SZ,20240709,8.5,8.99,8.49,8.98,8.62,0.36,4.1763,330843.74,290820.481
300611.SZ,20240709,7.16,7.43,7.05,7.4,7.16,0.24,3.352,51772.7,37584.748
600761.SH,20240709,19.06,19.16,18.6,19.04,19.1,-0.06,-0.3141,141315.62,267105.37
600071.SH,20240709,15.03,15.48,14.78,15.41,15.11,0.3,1.9854,24336.45,36891.578
603131.SH,20240709,12.64,13.17,12.58,13.16,12.81,0.35,2.7322,85605,110414.83
002218.SZ,20240709,2.72,2.75,2.64,2.73,2.71,0.02,0.738,127061.29,34358.694
300363.SZ,20240709,11.24,11.35,10.93,11.22,11.29,-0.07,-0.62,96191.44,107286.402
603520.SH,20240709,9.09,9.27,8.85,9.21,9.11,0.1,1.0977,36074.06,32698.857
301021.SZ,20240709,13.81,14.44,13.53,14.42,13.8,0.62,4.4928,27421,38453.078
002515.SZ,20240709,3.97,4.03,3.84,3.98,3.99,-0.01,-0.2506,80758.8,31808.907
000983.SZ,20240709,9.91,10.08,9.82,10.05,9.96,0.09,0.9036,245122.34,244420.103
300715.SZ,20240709,6.8,6.8,6.52,6.66,6.82,-0.16,-2.346,14368.05,9546.509
601009.SH,20240709,10.07,10.17,10,10.14,10.08,0.06,0.5952,189110.35,190807.88
000975.SZ,20240709,18,18.23,17.8,18.1,18.04,0.06,0.3326,235147.15,424104.466
002056.SZ,20240709,11.54,11.93,11.44,11.85,11.53,0.32,2.7754,95015.01,111018.039
301519.SZ,20240709,15.17,15.17,13.98,14.66,16,-1.34,-8.375,88644.79,129190.605
300963.SZ,20240709,9.87,10.26,9.76,10.25,9.93,0.32,3.2226,27283.69,27489.782
601528.SH,20240709,4.64,4.76,4.63,4.76,4.66,0.1,2.1459,134369.97,63127.443
603261.SH,20240709,25.71,26.38,24.89,26.18,25.72,0.46,1.7885,25635.12,65496.389
603023.SH,20240709,1.76,1.82,1.74,1.8,1.8,0,0,64868.73,11603.979
688334.SH,20240709,14.6,15.15,14.5,15.05,14.6,0.45,3.0822,16757.94,24909.493
300726.SZ,20240709,20.18,21.28,20.13,21.17,20.22,0.95,4.6983,57743.34,120149.402
603843.SH,20240709,2.52,2.53,2.4,2.5,2.54,-0.04,-1.5748,162289,40080.418
301396.SZ,20240709,21.09,21.22,19.65,20.99,21.45,-0.46,-2.1445,73868.1,151059.438
920639.BJ,20240709,3.78,3.85,3.74,3.84,3.79,0.05,1.3193,5112.42,1945.293
001389.SZ,20240709,44.15,46.46,43.51,46.46,44.19,2.27,5.1369,76095.07,343975.03
002768.SZ,20240709,18,18.39,17.8,18.24,17.97,0.27,1.5025,22767,41263.455
300533.SZ,20240709,13.54,13.55,12.92,13.3,13.33,-0.03,-0.2251,40175.5,52960.021
300798.SZ,20240709,5.82,5.95,5.64,5.93,5.82,0.11,1.89,47240,27453.667
688329.SH,20240709,13.54,13.86,13.24,13.69,13.53,0.16,1.1826,5839.05,7921.02
300861.SZ,20240709,17.48,17.62,17.11,17.56,17.49,0.07,0.4002,40935.55,71174.001
688772.SH,20240709,14.56,15.55,14.41,15.41,14.56,0.85,5.8379,286605,432696.552
601600.SH,20240709,7.77,8.08,7.74,8.06,7.74,0.32,4.1344,1605134.11,1275453.424
600096.SH,20240709,19.2,19.93,19.2,19.82,19.28,0.54,2.8008,225736.32,442425.23
002449.SZ,20240709,6.62,7.01,6.62,7,6.65,0.35,5.2632,92740.67,63670.271
000863.SZ,20240709,3.75,3.93,3.71,3.83,3.75,0.08,2.1333,209111.92,79899.509
000973.SZ,20240709,3.57,3.61,3.43,3.59,3.57,0.02,0.5602,80889.07,28580.229
002278.SZ,20240709,4.04,4.12,3.94,4.11,4.07,0.04,0.9828,111014.01,44825.109
000401.SZ,20240709,4.16,4.2,4.05,4.16,4.2,-0.04,-0.9524,130670.68,53973.955
301361.SZ,20240709,25.47,27.3,24.78,27.18,25.1,2.08,8.2869,85568.85,224917.389
920580.BJ,20240709,5.03,5.11,4.86,5.08,4.96,0.12,2.4194,5274.78,2620.319
301055.SZ,20240709,13.3,13.63,13.02,13.54,13.3,0.24,1.8045,29825.72,39934.848
300817.SZ,20240709,9.3,9.67,9.11,9.62,9.3,0.32,3.4409,61001.5,57516.799
603936.SH,20240709,7.18,7.77,6.95,7.7,7.3,0.4,5.4795,485584.39,361920.554
300333.SZ,20240709,4.97,5.28,4.78,5.2,5.02,0.18,3.5857,466000.48,234639.101
002983.SZ,20240709,15.04,15.89,14.95,15.88,15.03,0.85,5.6554,28554.37,44204.854
605259.SH,20240709,12.72,13.05,12.62,12.99,12.74,0.25,1.9623,4396.8,5662.867
301456.SZ,20240709,23.91,24.68,22.6,24.42,24.3,0.12,0.4938,53519.82,125518.462
002677.SZ,20240709,7.86,7.96,7.68,7.94,7.86,0.08,1.0178,25633.98,20033.451
002689.SZ,20240709,2.27,2.34,2.18,2.34,2.39,-0.05,-2.0921,736243.17,166397.392
002374.SZ,20240709,1.73,1.76,1.62,1.7,1.74,-0.04,-2.2989,196759,32959.214
300981.SZ,20240709,9.1,9.15,8.82,9.13,9.05,0.08,0.884,24439.86,22018.569
688510.SH,20240709,16.72,17.35,16.48,17.2,16.71,0.49,2.9324,18396.12,31129.896
000929.SZ,20240709,5.7,5.75,5.46,5.68,5.72,-0.04,-0.6993,38734,21732.682
301179.SZ,20240709,18,18.87,17.78,18.68,18.09,0.59,3.2615,44771.08,82135.924
920212.BJ,20240709,6.46,7.98,6.38,7.66,6.46,1.2,18.5759,66832.69,48728.095
600819.SH,20240709,4.06,4.12,3.95,4.08,4.06,0.02,0.4926,57568.01,23297.838
000532.SZ,20240709,11.25,11.65,11.1,11.63,11.25,0.38,3.3778,68396.01,78019.532
300181.SZ,20240709,14.86,15.28,14.77,15.21,14.9,0.31,2.0805,116047.97,174758.563
301558.SZ,20240709,7.98,8.06,7.66,8.03,7.92,0.11,1.3889,46702.77,36851.214
688377.SH,20240709,12.08,12.28,11.68,12.18,12.1,0.08,0.6612,17430.42,20884.012
002605.SZ,20240709,18.57,18.79,17.86,18.7,18.5,0.2,1.0811,89624.09,164334.18
002255.SZ,20240709,4.59,4.7,4.53,4.69,4.61,0.08,1.7354,91034,42077.264
301130.SZ,20240709,23.18,23.64,22.73,23.48,23.16,0.32,1.3817,4102,9508.697
002870.SZ,20240709,27.4,28.36,26.95,28.36,27.51,0.85,3.0898,16856,46757.387
300624.SZ,20240709,48.95,50.16,48.19,49.96,48.63,1.33,2.7349,69909.62,344614.007
000012.SZ,20240709,4.96,5.05,4.91,5.03,4.95,0.08,1.6162,114729.42,57253.628
600686.SH,20240709,7.23,7.34,6.9,7.33,7.23,0.1,1.3831,185773.01,133059.708
301193.SZ,20240709,14.56,14.99,14.5,14.87,14.65,0.22,1.5017,19968.52,29505.037
300255.SZ,20240709,9.3,9.37,8.89,9.34,9.34,0,0,213186.18,195111.005
300056.SZ,20240709,8.6,8.84,8.31,8.61,8.6,0.01,0.1163,61608.34,52624.577
603885.SH,20240709,10.74,11.27,10.62,11.24,10.79,0.45,4.1705,147362.15,161558.049
688348.SH,20240709,38.32,39.63,38.3,39.56,38.6,0.96,2.487,16105.92,62809.248
301099.SZ,20240709,39.02,41.6,39.02,41.44,39.4,2.04,5.1777,30685.62,124409.721
300511.SZ,20240709,2.6,2.61,2.48,2.59,2.6,-0.01,-0.3846,149166.97,37992.611
603028.SH,20240709,5.34,5.43,5.19,5.43,5.34,0.09,1.6854,21392.9,11389.029
920679.BJ,20240709,11.21,11.45,10.91,11.36,11.24,0.12,1.0676,4032.31,4511.384
002852.SZ,20240709,7.16,7.62,6.99,7.25,7.35,-0.1,-1.3605,150627.37,108841.978
603313.SH,20240709,6.82,6.9,6.58,6.83,6.8,0.03,0.4412,53827.77,36216.802
002977.SZ,20240709,26.3,27.26,26.06,27.14,26.32,0.82,3.1155,23516.92,62780.647
603341.SH,20240709,34.52,36.33,34.35,36.22,34.43,1.79,5.199,40453.8,143250.42
301063.SZ,20240709,13.27,13.6,12.91,13.58,13.35,0.23,1.7228,14977.54,19940.694
000681.SZ,20240709,11.06,11.28,10.82,11.24,11.04,0.2,1.8116,90805.89,100570.67
301045.SZ,20240709,17.2,18.68,16.87,18.57,17.21,1.36,7.9024,27748,50259.663
600755.SH,20240709,6.7,6.82,6.61,6.79,6.7,0.09,1.3433,104923,70509.633
600082.SH,20240709,1.93,1.95,1.86,1.93,1.93,0,0,117846,22447.721
603679.SH,20240709,10.8,11.29,10.8,11.23,10.92,0.31,2.8388,113016,125631.496
301368.SZ,20240709,41.79,42.64,40.16,42.51,41.26,1.25,3.0296,58907.87,245359.749
300590.SZ,20240709,11.05,12.35,10.97,12.25,11.01,1.24,11.2625,476883.72,564174.748
920002.BJ,20240709,50.01,52.9,49.12,50.3,50.39,-0.09,-0.1786,12098.44,61367.709
920690.BJ,20240709,10.84,11.02,10.68,10.93,10.77,0.16,1.4856,3443.89,3726.357
603215.SH,20240709,12.03,12.06,11.5,11.94,12.03,-0.09,-0.7481,17636,20769.355
002755.SZ,20240709,9.5,9.5,9.04,9.24,9.49,-0.25,-2.6344,38323.08,35315.338
301323.SZ,20240709,29.92,31,29.73,30.99,30.05,0.94,3.1281,10549.79,32287.999
002824.SZ,20240709,11.8,12.23,11.63,12.23,11.8,0.43,3.6441,26009.74,31090.048
300419.SZ,20240709,4.55,4.59,4.31,4.59,4.52,0.07,1.5487,189997,84409.79
300595.SZ,20240709,15.04,15.25,14.75,15.15,15.1,0.05,0.3311,70266.92,105565.252
603439.SH,20240709,12.7,12.77,12.32,12.75,12.72,0.03,0.2358,39921.75,50226.312
605296.SH,20240709,33.88,34.21,32.1,32.28,34.24,-1.96,-5.7243,36655.44,119950.571
601921.SH,20240709,7.57,7.68,7.42,7.65,7.51,0.14,1.8642,79124.02,59898.729
002159.SZ,20240709,12.93,13.18,12.76,13.15,13.01,0.14,1.0761,31792.38,41308.338
301182.SZ,20240709,19.1,23.28,18.55,23.28,19.4,3.88,20,143419.85,302123.929
601607.SH,20240709,19.1,19.27,18.9,19.17,19.05,0.12,0.6299,87907.15,167789.912
603609.SH,20240709,6.63,6.66,6.42,6.46,6.64,-0.18,-2.7108,72184.14,46872.268
300911.SZ,20240709,25.48,25.48,24.88,25.36,25.48,-0.12,-0.471,13188.3,33275.641
002496.SZ,20240709,2.09,2.12,2.03,2.09,2.09,0,0,137073.8,28437.785
600690.SH,20240709,26.31,26.42,26.08,26.3,26.43,-0.13,-0.4919,312296.14,820691.181
688568.SH,20240709,28.99,30.64,28.95,30.44,29.15,1.29,4.4254,34530.86,103575.752
300688.SZ,20240709,24.04,24.31,23.12,24.3,23.65,0.65,2.7484,34674.64,82575.651
301015.SZ,20240709,22.64,23,22.35,22.77,22.7,0.07,0.3084,21210.01,48156.967
603778.SH,20240709,2.83,2.85,2.74,2.82,2.84,-0.02,-0.7042,87492.5,24437.545
600757.SH,20240709,8.32,8.6,8.28,8.59,8.37,0.22,2.6284,174857.04,147958.544
002424.SZ,20240709,3.06,3.12,2.98,3.1,3.07,0.03,0.9772,239285.73,73269.579
603955.SH,20240709,8.01,8.1,7.49,7.88,8.01,-0.13,-1.623,32870.7,25507.938
603416.SH,20240709,26.66,27.65,26.38,27.6,26.59,1.01,3.7984,17293.92,46824.339
300100.SZ,20240709,12.3,12.86,11.91,12.79,12.2,0.59,4.8361,332005.11,409386.611
002383.SZ,20240709,5.21,5.34,5.1,5.32,5.22,0.1,1.9157,75600,39645.908
002553.SZ,20240709,8.61,8.82,8.4,8.8,8.53,0.27,3.1653,50904,43916.191
920476.BJ,20240709,8.18,8.88,7.77,8.2,8.5,-0.3,-3.5294,17402.45,14458.578
000632.SZ,20240709,2.64,2.67,2.53,2.63,2.63,0,0,118132.01,30716.453
300447.SZ,20240709,11.05,11.48,11.02,11.48,11.14,0.34,3.0521,36187,40838.915
603132.SH,20240709,14.38,14.99,14.2,14.92,14.44,0.48,3.3241,64028,93815.663
300757.SZ,20240709,79.58,84,78.45,83.87,79.85,4.02,5.0344,79675,656482.273
002523.SZ,20240709,2.07,2.1,2.01,2.07,2.07,0,0,212086.25,43480.617
601118.SH,20240709,4.53,4.55,4.4,4.54,4.51,0.03,0.6652,279681.41,125406.613
688685.SH,20240709,22.12,22.87,22,22.63,22.57,0.06,0.2658,19531.45,43800.104
002697.SZ,20240709,4.56,4.58,4.43,4.55,4.56,-0.01,-0.2193,131050.1,59169.936
603797.SH,20240709,3.13,3.15,3.03,3.13,3.13,0,0,60604.65,18746.405
300696.SZ,20240709,14.51,14.75,13.86,14.73,14.51,0.22,1.5162,135067.9,193757.638
603109.SH,20240709,12.49,12.51,11.98,12.27,12.58,-0.31,-2.4642,24069.4,29426.704
300877.SZ,20240709,10.23,10.44,9.85,10.35,10.22,0.13,1.272,10100.18,10254.407
301178.SZ,20240709,20.72,20.84,19.21,20.4,21.05,-0.65,-3.0879,78179.58,156283.927
002811.SZ,20240709,6.37,6.4,6.14,6.35,6.37,-0.02,-0.314,42185,26555.251
002536.SZ,20240709,9.37,10.23,9.25,10.05,9.3,0.75,8.0645,366309.42,366160.641
300004.SZ,20240709,4.1,4.31,4.01,4.26,4.13,0.13,3.1477,54781,22846.969
688383.SH,20240709,45,45.18,42.82,43.7,43.24,0.46,1.0638,13509.96,58954.517
002739.SZ,20240709,11.75,11.96,11.5,11.93,11.75,0.18,1.5319,184130.11,216758.333
688618.SH,20240709,22.28,23.2,22.02,22.85,22.2,0.65,2.9279,10043.61,22711.293
600083.SH,20240709,1.54,1.59,1.53,1.53,1.61,-0.08,-4.9689,100753.8,15493.436
603127.SH,20240709,12.88,12.96,12.32,12.6,12.95,-0.35,-2.7027,139917.96,175730.042
688408.SH,20240709,88.32,88.94,85.36,86.89,89.01,-2.12,-2.3818,19082.72,165467.552
600398.SH,20240709,8.44,8.48,8.16,8.19,8.47,-0.28,-3.3058,475892.68,394149.517
002917.SZ,20240709,8.2,8.45,8.02,8.43,8.2,0.23,2.8049,52854,43784.84
605099.SH,20240709,18.4,18.59,17.88,18.42,18.36,0.06,0.3268,9613,17529.859
000151.SZ,20240709,9.76,9.76,9.16,9.49,10.04,-0.55,-5.4781,98620.71,92940.761
002318.SZ,20240709,22.6,22.78,22.19,22.44,22.74,-0.3,-1.3193,55455,124537.496
600518.SH,20240709,2.04,2.08,1.98,2.02,2.06,-0.04,-1.9417,2803413.79,564812.806
603035.SH,20240709,11.95,12.43,11.95,12.41,12.02,0.39,3.2446,43678.38,53354.799
300027.SZ,20240709,1.61,1.64,1.55,1.6,1.61,-0.01,-0.6211,350958.7,55990.245
002587.SZ,20240709,5.37,5.45,5.23,5.44,5.33,0.11,2.0638,160168.61,86119.187
002243.SZ,20240709,5.12,5.19,4.99,5.17,5.12,0.05,0.9766,142584,72735.544
001326.SZ,20240709,32.85,33.95,32.49,33.89,32.89,1,3.0404,7552.86,25196.693
301392.SZ,20240709,50.95,54.54,49.52,53.43,50.95,2.48,4.8675,61194.11,317791.664
688679.SH,20240709,6.55,6.7,6.38,6.62,6.53,0.09,1.3783,7387.16,4836.724
002302.SZ,20240709,5.01,5.05,4.85,5,5.01,-0.01,-0.1996,79659.42,39359.934
603888.SH,20240709,20.99,21.27,20.26,21.26,20.63,0.63,3.0538,73754.37,153823.207
003011.SZ,20240709,12.4,12.48,11.92,12.37,12.33,0.04,0.3244,13229.2,16202.562
002370.SZ,20240709,2.48,2.48,2.34,2.41,2.45,-0.04,-1.6327,72003.42,17277.971
601113.SH,20240709,3.22,3.31,3.22,3.3,3.2,0.1,3.125,125670.26,41074.98
002538.SZ,20240709,4.36,4.4,4.24,4.38,4.39,-0.01,-0.2278,68325.06,29609.971
688578.SH,20240709,61.87,62.28,60.48,61.08,61.67,-0.59,-0.9567,43939.22,269634.413
600933.SH,20240709,13.4,13.88,13.28,13.82,13.44,0.38,2.8274,67974.19,92546.981
002555.SZ,20240709,12.31,12.64,12.18,12.59,12.35,0.24,1.9433,282351.42,351027.057
000752.SZ,20240709,7.15,7.32,7.15,7.24,7.19,0.05,0.6954,29074,20955.64
300810.SZ,20240709,13.88,14.09,13.45,13.94,13.88,0.06,0.4323,19477,26816.988
301076.SZ,20240709,18.08,18.77,17.9,18.67,18.13,0.54,2.9785,24620.61,45211.492
002438.SZ,20240709,10.27,10.85,10.26,10.76,10.37,0.39,3.7608,74015.47,78411.347
688387.SH,20240709,4.85,4.98,4.83,4.95,4.86,0.09,1.8519,90306.77,44431.105
605286.SH,20240709,20.32,21.15,20.04,20.96,20.42,0.54,2.6445,20199,41474.608
000682.SZ,20240709,11.12,11.63,11.02,11.51,11.17,0.34,3.0439,237375.63,270287.067
603156.SH,20240709,20.66,21.09,20.45,21,20.8,0.2,0.9615,28829.54,59976.511
600156.SH,20240709,2.95,2.99,2.84,2.91,2.95,-0.04,-1.3559,62079,17998.915
600714.SH,20240709,7.07,7.65,6.95,7.4,6.97,0.43,6.1693,86128.01,62825.207
300160.SZ,20240709,4.49,4.58,4.38,4.56,4.48,0.08,1.7857,61520.6,27633.629
300931.SZ,20240709,5.15,5.31,5.02,5.29,5.17,0.12,2.3211,28779,14881.876
002891.SZ,20240709,19.83,20.1,19.61,19.99,19.85,0.14,0.7053,25213.86,50155.758
300876.SZ,20240709,16.24,16.45,15.6,16.41,16.05,0.36,2.243,5949,9564.61
002522.SZ,20240709,3.05,3.32,3,3.18,3.08,0.1,3.2468,138455.25,43422.342
688450.SH,20240709,20.6,21.7,20.22,21.32,20.66,0.66,3.1946,6884.83,14421.438
688711.SH,20240709,13.88,15.39,13.7,14.92,13.94,0.98,7.0301,49813.83,72437.73
301156.SZ,20240709,12.85,13.2,12.4,13.2,12.96,0.24,1.8519,50846.9,65294.539
600570.SH,20240709,16.39,16.66,16.13,16.54,16.37,0.17,1.0385,171792.23,282442.751
300705.SZ,20240709,25.1,25.34,24.6,25.18,25.1,0.08,0.3187,38799.8,96704.394
300018.SZ,20240709,4.34,4.44,4.24,4.44,4.32,0.12,2.7778,45151.67,19718.183
002976.SZ,20240709,21.76,23.2,21.73,22.65,21.76,0.89,4.0901,29680.01,66542.737
002119.SZ,20240709,10.95,11.67,10.74,11.67,11.18,0.49,4.3828,344013.86,391802.541
002601.SZ,20240709,18.45,18.68,18.18,18.65,18.46,0.19,1.0293,138894.72,256501.488
603100.SH,20240709,22.2,22.54,21.62,22.28,22.09,0.19,0.8601,34632.29,76516.664
603657.SH,20240709,10.33,10.63,10.2,10.61,10.43,0.18,1.7258,16791,17564.367
002406.SZ,20240709,4.71,4.81,4.6,4.8,4.68,0.12,2.5641,114839.57,54206.134
002240.SZ,20240709,12.73,12.88,12.27,12.67,12.81,-0.14,-1.0929,147766.62,185379.032
601718.SH,20240709,2.44,2.45,2.38,2.41,2.44,-0.03,-1.2295,368549,88939.818
300065.SZ,20240709,6.06,6.27,5.97,6.25,6.02,0.23,3.8206,121305.95,74298.768
000830.SZ,20240709,11.66,12.18,11.65,12.17,11.68,0.49,4.1952,407017.16,487788.5
300329.SZ,20240709,4.15,4.18,3.84,4.04,4.25,-0.21,-4.9412,169796.49,67868.777
002418.SZ,20240709,1.6,1.62,1.53,1.56,1.6,-0.04,-2.5,219801,34417.963
002011.SZ,20240709,9.93,10.53,9.86,10.38,9.95,0.43,4.3216,179640.13,183598.943
002591.SZ,20240709,3.54,3.57,3.35,3.5,3.51,-0.01,-0.2849,79780,27568.201
601033.SH,20240709,15.86,16.51,15.7,16.49,15.92,0.57,3.5804,63329.42,102483.045
300925.SZ,20240709,9.3,9.48,9.03,9.47,9.21,0.26,2.823,98643.62,91725.212
002772.SZ,20240709,5.91,5.94,5.71,5.94,5.89,0.05,0.8489,30981,18096.591
601636.SH,20240709,6.29,6.37,6.2,6.33,6.31,0.02,0.317,283009,178348.539
002019.SZ,20240709,12.02,12.22,11.86,12.06,12.02,0.04,0.3328,78835,94933.552
300743.SZ,20240709,12.19,12.78,12.04,12.77,12.21,0.56,4.5864,34650.15,43125.012
300542.SZ,20240709,11.45,11.9,11.29,11.89,11.45,0.44,3.8428,87741,102271.681
688025.SH,20240709,34.83,36.56,34.38,36.25,34.69,1.56,4.497,15836.19,56440.656
300111.SZ,20240709,2.32,2.39,2.21,2.35,2.47,-0.12,-4.8583,999053.92,227602.954
603389.SH,20240709,4.8,4.96,4.7,4.92,4.86,0.06,1.2346,159958,78026.385
300892.SZ,20240709,15.72,15.72,14.68,15.62,15.82,-0.2,-1.2642,51414.89,78319.494
301028.SZ,20240709,8.07,8.19,7.77,8.15,7.97,0.18,2.2585,25562.23,20480.418
300087.SZ,20240709,5.99,6.06,5.83,6.01,6.02,-0.01,-0.1661,86624.33,51538.018
688010.SH,20240709,14.1,14.63,13.99,14.6,14.3,0.3,2.0979,3849.6,5534.7
002269.SZ,20240709,1.09,1.15,1.08,1.13,1.1,0.03,2.7273,1240771.23,137548.062
603082.SH,20240709,27.62,28.08,26.91,28.08,27.63,0.45,1.6287,15134.9,41684.159
600444.SH,20240709,11.32,11.52,11.19,11.37,11.32,0.05,0.4417,16732,19008.393
002295.SZ,20240709,5.04,5.12,4.88,5.1,5.07,0.03,0.5917,49155.78,24664.636
002317.SZ,20240709,11.01,11.06,10.72,10.96,11.03,-0.07,-0.6346,149281.81,162848.439
000564.SZ,20240709,1.69,1.72,1.65,1.71,1.69,0.02,1.1834,1638172.27,276411.431
920184.BJ,20240709,4.81,5,4.71,4.94,4.8,0.14,2.9167,4090.36,1998.686
002205.SZ,20240709,6.01,6.09,5.79,6.05,6.08,-0.03,-0.4934,52890,31481.242
300765.SZ,20240709,23.93,24.4,23.15,23.6,23.93,-0.33,-1.379,102226,242439.89
300645.SZ,20240709,11.87,12.1,11.45,11.91,11.9,0.01,0.084,60706.8,71336.783
605068.SH,20240709,13.25,14.69,13.17,14.69,13.35,1.34,10.0375,35277.13,50520.734
600396.SH,20240709,2.58,2.64,2.55,2.64,2.57,0.07,2.7237,176647,45880.696
002099.SZ,20240709,5.02,5.09,4.89,5.04,5.05,-0.01,-0.198,96887,48442.426
301257.SZ,20240709,25.99,26.5,25.16,26.44,26.09,0.35,1.3415,13330.4,34581.598
301117.SZ,20240709,22.88,23.12,22.1,22.99,22.6,0.39,1.7257,17114,38908.104
603506.SH,20240709,7.8,7.93,7.6,7.87,7.82,0.05,0.6394,31406,24380.535
300378.SZ,20240709,15.17,15.47,14.53,15.36,15.22,0.14,0.9198,85656.2,128300.668
300534.SZ,20240709,7.68,7.75,7.43,7.65,7.75,-0.1,-1.2903,119833,90877.922
002216.SZ,20240709,10.62,10.78,10.49,10.7,10.62,0.08,0.7533,22413.32,23831.491
300126.SZ,20240709,4.28,4.38,4.14,4.37,4.28,0.09,2.1028,35856,15365.83
920261.BJ,20240709,6.54,6.54,6.48,6.54,6.48,0.06,0.9259,1748.59,1137.262
002679.SZ,20240709,6.62,6.71,6.26,6.55,6.57,-0.02,-0.3044,37498.4,24209.39
688331.SH,20240709,36,37.14,28.85,28.85,36.06,-7.21,-19.9945,113806.63,347273.172
300698.SZ,20240709,33.72,35,32.82,34.8,33.64,1.16,3.4483,25790.5,87687.304
000153.SZ,20240709,5.22,5.27,5.06,5.26,5.22,0.04,0.7663,72000.85,37346.442
600648.SH,20240709,8.9,9.1,8.74,9.05,8.94,0.11,1.2304,48856.89,43578.702
600529.SH,20240709,24.5,24.6,23.61,23.94,24.62,-0.68,-2.762,102927.79,247074.78
920169.BJ,20240709,5.28,5.33,5.15,5.29,5.22,0.07,1.341,4768.41,2499.179
300436.SZ,20240709,15.76,15.92,15.28,15.83,15.76,0.07,0.4442,15708.1,24605.249
603219.SH,20240709,13.64,14.36,13.42,14.22,13.5,0.72,5.3333,47862.5,66801.154
600233.SH,20240709,14.25,14.71,14.15,14.61,14.24,0.37,2.5983,135304.52,195106.536
300257.SZ,20240709,9,9.15,8.86,9.06,9.05,0.01,0.1105,64025.38,57792.994
000756.SZ,20240709,14.17,14.22,13.68,14.21,14.16,0.05,0.3531,76980.8,107474.884
002865.SZ,20240709,35.29,35.5,34.22,35.29,35.39,-0.1,-0.2826,72364.55,252413.561
603182.SH,20240709,10.24,10.25,9.92,10.22,10.24,-0.02,-0.1953,13403.61,13539.524
300331.SZ,20240709,14.56,15.39,14.38,15.39,14.52,0.87,5.9917,51836.98,77705.653
600343.SH,20240709,7.23,7.38,7.14,7.37,7.23,0.14,1.9364,39810.38,28904.379
301086.SZ,20240709,35.62,41.66,35.35,40.36,35.58,4.78,13.4345,51798.29,203235.432
603617.SH,20240709,6.05,6.28,5.85,6.28,6.07,0.21,3.4596,303052,184817.751
000800.SZ,20240709,7.49,7.72,7.48,7.7,7.54,0.16,2.122,74453.21,56732.67
002096.SZ,20240709,11.13,11.55,10.93,11.47,11.13,0.34,3.0548,66585.62,74740.431
601878.SH,20240709,10.32,10.59,10.26,10.55,10.35,0.2,1.9324,421176.33,439947.717
603626.SH,20240709,5.09,5.29,4.98,5.28,5.01,0.27,5.3892,119268.76,61440.861
600066.SH,20240709,24.53,25.45,24.31,25.4,24.54,0.86,3.5045,203519.29,508745.872
600601.SH,20240709,3.02,3.23,3,3.15,3.04,0.11,3.6184,2345486.66,727717.78
300960.SZ,20240709,13.9,14.42,13.69,14.38,13.97,0.41,2.9349,10508,14837.59
603269.SH,20240709,8.62,8.94,8.33,8.87,8.62,0.25,2.9002,65799.54,56894.964
300295.SZ,20240709,8.87,8.92,8.4,8.92,8.8,0.12,1.3636,107414,93197.933
603618.SH,20240709,4.94,5,4.73,4.94,5,-0.06,-1.2,408128.29,198456.271
000957.SZ,20240709,10.14,10.49,9.8,10.44,10.16,0.28,2.7559,523975.99,535970.35
301336.SZ,20240709,27.79,28.98,27.3,28.81,27.79,1.02,3.6704,3497.7,9846.161
603008.SH,20240709,15.86,15.95,15.3,15.81,15.89,-0.08,-0.5035,45831,71741.678
002586.SZ,20240709,1.64,1.64,1.57,1.6,1.6,0,0,29269,4683.859
301185.SZ,20240709,13.52,13.89,13.23,13.84,13.55,0.29,2.1402,25284.4,34464.29
603273.SH,20240709,16.69,17.03,16.2,17.03,16.75,0.28,1.6716,20653.61,34369.497
301459.SZ,20240709,34.96,35.97,34.61,35.9,34.96,0.94,2.6888,4432.06,15692.484
920033.BJ,20240709,16.71,17.55,16.68,16.72,16.71,0.01,0.0598,6398.48,10878.676
002721.SZ,20240709,2.21,2.26,2.19,2.23,2.23,0,0,39039,8642.981
603063.SH,20240709,13.77,14.05,13.5,13.96,13.75,0.21,1.5273,73366.55,101253.603
600833.SH,20240709,10.51,10.51,10.21,10.45,10.55,-0.1,-0.9479,16617.8,17265.234
000523.SZ,20240709,2.64,2.68,2.59,2.68,2.64,0.04,1.5152,59555.2,15716.796
001211.SZ,20240709,14.83,15.06,14.41,15.04,14.83,0.21,1.416,9241,13636.918
000524.SZ,20240709,8,8.17,7.83,8.17,8.02,0.15,1.8703,66243.8,53129.663
300240.SZ,20240709,5.6,5.7,5.25,5.35,5,0.35,7,165474.28,89214.549
600726.SH,20240709,2.03,2.05,1.99,2.04,2.04,0,0,178615,36084.807
688038.SH,20240709,8.69,8.86,8.45,8.81,8.68,0.13,1.4977,20676.61,18021.796
603280.SH,20240709,17.74,18.09,17.28,18.02,17.74,0.28,1.5784,13335.04,23649.363
000739.SZ,20240709,12.85,13.05,12.7,13,12.85,0.15,1.1673,76722,99012.627
600618.SH,20240709,8.62,8.9,8.54,8.87,8.56,0.31,3.6215,41471.01,36210.624
300741.SZ,20240709,14.3,14.49,14.06,14.42,14.27,0.15,1.0512,12931,18502.75
600702.SH,20240709,51.99,52.8,51.09,52.49,52.1,0.39,0.7486,70288.14,365660.211
002116.SZ,20240709,8.76,8.93,8.53,8.91,8.76,0.15,1.7123,48748,42657.698
300036.SZ,20240709,12.72,13.14,12.58,13.1,12.76,0.34,2.6646,68070.9,87773.771
000661.SZ,20240709,88.23,91,87.87,90.2,88.52,1.68,1.8979,42626.01,381611.109
600100.SH,20240709,4.62,4.71,4.51,4.7,4.62,0.08,1.7316,347147.82,160844.253
600970.SH,20240709,11.5,11.5,10.39,10.4,11.54,-1.14,-9.8787,363905.78,380773.74
600756.SH,20240709,10.7,11.15,10.39,11.06,10.72,0.34,3.1716,138853.93,150069.602
600489.SH,20240709,16.5,17,16.41,16.9,16.61,0.29,1.7459,698501.61,1169505.399
688702.SH,20240709,37.7,38.9,36.5,38.9,37.84,1.06,2.8013,23606.36,89295.159
688037.SH,20240709,82.4,85.21,80.5,85,82.4,2.6,3.1553,45641.42,378472.163
601899.SH,20240709,18.6,18.86,18.55,18.82,18.45,0.37,2.0054,1649306.63,3089185.866
300641.SZ,20240709,31,31.8,30.01,31.19,32.32,-1.13,-3.4963,711379.06,2204458.894
002532.SZ,20240709,8.35,8.77,8.17,8.71,8.09,0.62,7.6638,949438.5,807255.411
002960.SZ,20240709,11.65,11.91,11.35,11.83,11.63,0.2,1.7197,62097.41,72123.306
603158.SH,20240709,6.53,6.8,6.46,6.8,6.52,0.28,4.2945,74289.6,49437.829
600741.SH,20240709,15.42,15.76,15.41,15.73,15.49,0.24,1.5494,106282.46,166010.229
000890.SZ,20240709,2.61,2.61,2.45,2.6,2.66,-0.06,-2.2556,273478.31,69695.612
603725.SH,20240709,5.96,6.27,5.88,6.27,5.92,0.35,5.9122,57384.4,34990.992
300450.SZ,20240709,15.33,15.65,15.05,15.62,15.32,0.3,1.9582,183548.74,282240.893
000601.SZ,20240709,4,4.03,3.75,3.88,3.69,0.19,5.1491,240546.38,93406.599
002146.SZ,20240709,1.43,1.45,1.39,1.44,1.43,0.01,0.6993,902490,128368.759
603801.SH,20240709,12.5,12.58,11.8,11.92,12.45,-0.53,-4.257,129949.91,155359.166
300783.SZ,20240709,20.48,20.64,20.12,20.54,20.45,0.09,0.4401,47010.1,95878.215
301276.SZ,20240709,20.4,20.62,19.86,20.47,20.5,-0.03,-0.1463,3710.68,7538.553
603839.SH,20240709,4.16,4.23,4.05,4.18,4.18,0,0,20850.38,8650.101
603628.SH,20240709,11.72,11.86,11.35,11.85,11.72,0.13,1.1092,103737.64,120778.311
300675.SZ,20240709,10.83,11.11,10.4,11.07,10.86,0.21,1.9337,48642.14,52223.806
600391.SH,20240709,14.14,14.37,13.87,14.34,14.2,0.14,0.9859,34582.04,49010.278
688017.SH,20240709,72.22,73,70.81,72.6,71.98,0.62,0.8614,31233.12,224710.958
688019.SH,20240709,120.2,125.15,120.15,124.34,121.8,2.54,2.0854,15335.78,189085.573
300379.SZ,20240709,7.57,7.69,7.3,7.6,7.57,0.03,0.3963,146713.03,110174.767
600965.SH,20240709,3.51,3.54,3.37,3.45,3.51,-0.06,-1.7094,64624.52,22284.123
603259.SH,20240709,36.8,37.44,36.36,37.26,36.87,0.39,1.0578,384347.55,1419450.103
002207.SZ,20240709,3.99,4.04,3.84,4.02,3.99,0.03,0.7519,52725.35,20793.684
000553.SZ,20240709,4.41,4.47,4.3,4.42,4.41,0.01,0.2268,48656.02,21374.42
300634.SZ,20240709,15.96,16.73,15.75,16.67,16.02,0.65,4.0574,91374.67,148510.522
688737.SH,20240709,14.91,15.23,14.5,15.14,14.95,0.19,1.2709,17117.15,25421.131
301332.SZ,20240709,8.52,8.65,8.31,8.58,8.47,0.11,1.2987,27735.83,23575.103
300894.SZ,20240709,12.02,12.38,11.81,12.37,12.08,0.29,2.4007,52374,63480.573
000948.SZ,20240709,12.06,12.35,11.78,12.3,12.1,0.2,1.6529,65134.18,78649.396
600538.SH,20240709,4.13,4.16,4.04,4.06,4.12,-0.06,-1.4563,55235.2,22536.312
001289.SZ,20240709,17.6,17.69,17.18,17.66,17.61,0.05,0.2839,59496.75,103759.709
301371.SZ,20240709,28.76,29.45,28.36,29.22,28.79,0.43,1.4936,5884.17,17009.58
000727.SZ,20240709,1.97,2.03,1.95,2.02,1.96,0.06,3.0612,539213.62,107338.841
300950.SZ,20240709,14.06,14.85,14,14.76,14.17,0.59,4.1637,26879.42,38832.471
600193.SH,20240709,3.59,3.66,3.48,3.55,3.77,-0.22,-5.8355,154285.89,54932.812
301222.SZ,20240709,22.53,23.16,21.88,23.11,22.53,0.58,2.5743,12525.72,28256.525
920570.BJ,20240709,21.53,22.38,20.8,22.15,21.53,0.62,2.8797,5673.41,12260.611
300430.SZ,20240709,13.65,14.36,13.58,14.36,13.7,0.66,4.8175,140622.1,197043.677
301136.SZ,20240709,10.5,10.85,10.1,10.81,10.57,0.24,2.2706,83344.29,87265.973
002738.SZ,20240709,25.52,26.14,25.28,26.03,25.69,0.34,1.3235,83710.94,215559.099
300001.SZ,20240709,19.41,20.08,19.31,19.94,19.44,0.5,2.572,175650.39,346546.77
600968.SH,20240709,4.2,4.26,4.15,4.24,4.23,0.01,0.2364,281030,118253.138
002470.SZ,20240709,1.47,1.49,1.39,1.41,1.35,0.06,4.4444,557048.02,80041.698
300964.SZ,20240709,30.85,32.08,30.31,31.98,30.45,1.53,5.0246,33863,105947.552
920278.BJ,20240709,4.57,4.67,4.5,4.62,4.56,0.06,1.3158,5374.18,2478.35
300801.SZ,20240709,14.67,15.08,14.2,14.97,14.67,0.3,2.045,19337.68,28385.36
600251.SH,20240709,7.19,7.32,7.1,7.31,7.18,0.13,1.8106,48531.14,35015.3
002573.SZ,20240709,3.76,3.81,3.67,3.77,3.78,-0.01,-0.2646,75382.56,28161.728
002763.SZ,20240709,6.5,6.57,6.3,6.48,6.55,-0.07,-1.0687,46934.9,30194.362
601069.SH,20240709,11.4,11.72,11.26,11.69,11.58,0.11,0.9499,126581,145766.836
600608.SH,20240709,1.9,2.02,1.89,1.99,1.94,0.05,2.5773,21313.9,4169.914
000572.SZ,20240709,2.69,2.78,2.68,2.77,2.7,0.07,2.5926,192101.75,52686.703
603551.SH,20240709,9.45,9.66,9.33,9.65,9.42,0.23,2.4416,17810,16959.669
002291.SZ,20240709,4.21,4.5,4.13,4.28,4.2,0.08,1.9048,377891.93,162090.64
002189.SZ,20240709,13.33,13.86,12.93,13.78,12.72,1.06,8.3333,85800.44,115495.387
002747.SZ,20240709,13.05,13.66,12.9,13.63,13.05,0.58,4.4444,145432.12,193977.952
300975.SZ,20240709,8.2,8.61,8.12,8.57,8.18,0.39,4.7677,253270.63,213294.412
000060.SZ,20240709,4.22,4.37,4.2,4.35,4.22,0.13,3.0806,399395.3,171418.058
603708.SH,20240709,8.04,8.1,7.83,8.03,8.04,-0.01,-0.1244,34270.9,27313.517
603889.SH,20240709,7.62,7.72,7.57,7.72,7.62,0.1,1.3123,26454.94,20281.132
600389.SH,20240709,13.31,13.59,13.04,13.47,13.45,0.02,0.1487,41961.3,55927.819
688819.SH,20240709,21.94,22.71,21.91,22.6,22.19,0.41,1.8477,19718.05,44109.335
300694.SZ,20240709,8.08,8.36,7.95,8.33,8.14,0.19,2.3342,30881,25219.592
600678.SH,20240709,4.95,5,4.75,4.98,4.89,0.09,1.8405,110875.95,54121.012
002800.SZ,20240709,8.49,8.56,8.1,8.45,8.37,0.08,0.9558,25972.92,21659.642
688610.SH,20240709,29.01,30.15,28.7,29.75,29.11,0.64,2.1986,5081.67,15047.335
688793.SH,20240709,31,32.55,30.72,32.4,30.92,1.48,4.7865,20702.25,66377.432
000670.SZ,20240709,4.2,4.35,4.2,4.35,4.23,0.12,2.8369,123370.89,52919.863
600935.SH,20240709,2.29,2.31,2.22,2.29,2.28,0.01,0.4386,60998.9,13841.179
603726.SH,20240709,11.7,12.44,11.6,12.37,11.78,0.59,5.0085,43804.6,52761.19
300079.SZ,20240709,3.93,4,3.85,4,3.93,0.07,1.7812,204303.2,80538.766
600418.SH,20240709,17.75,18.05,17.3,18.03,17.65,0.38,2.153,1272326.18,2254284.982
002248.SZ,20240709,5.4,5.56,5.26,5.53,5.44,0.09,1.6544,152333.02,82820.569
603650.SH,20240709,27.91,29.22,27.61,29.22,27.99,1.23,4.3944,101142.18,289884.698
600059.SH,20240709,7.6,7.7,7.48,7.68,7.61,0.07,0.9198,56235.5,42780.632
301165.SZ,20240709,28.55,29.98,28.33,29.82,28.55,1.27,4.4483,25568.11,74819.615
001336.SZ,20240709,23.81,23.99,20.57,20.57,22.86,-2.29,-10.0175,73047.23,159282.801
000420.SZ,20240709,3.01,3.12,2.99,3.12,3.02,0.1,3.3113,374799.29,114586.935
002582.SZ,20240709,5.36,5.36,5.15,5.32,5.32,0,0,38465.01,20201.522
603339.SH,20240709,8.94,9.16,8.86,9.11,8.95,0.16,1.7877,21817,19742.585
603458.SH,20240709,4.93,4.95,4.6,4.83,4.99,-0.16,-3.2064,112870.05,53696.506
000722.SZ,20240709,9.18,9.28,8.89,9.27,9.1,0.17,1.8681,95650.09,86934.029
002771.SZ,20240709,15.25,15.56,14.85,15.54,15.17,0.37,2.439,73699,112507.467
603113.SH,20240709,5.29,5.39,5.15,5.38,5.3,0.08,1.5094,63159,33324.176
002093.SZ,20240709,5.73,5.87,5.58,5.86,5.72,0.14,2.4476,79181.1,45421.724
000639.SZ,20240709,2.42,2.44,2.27,2.35,2.44,-0.09,-3.6885,276549.83,64853.577
300576.SZ,20240709,35.92,37.6,35.27,37.6,36,1.6,4.4444,197914.01,732391.628
002596.SZ,20240709,1.37,1.38,1.32,1.37,1.36,0.01,0.7353,99195,13376.363
301024.SZ,20240709,18.67,18.96,17.81,18.87,18.41,0.46,2.4986,8660,15981.331
600862.SH,20240709,18.04,18.43,17.8,18.39,18.07,0.32,1.7709,82737.21,150388.519
600780.SH,20240709,5.64,5.74,5.55,5.71,5.66,0.05,0.8834,49175.32,27866.458
000925.SZ,20240709,6,6.06,5.8,6.06,5.93,0.13,2.1922,112463.8,67054.165
301307.SZ,20240709,18.54,18.74,18,18.73,18.2,0.53,2.9121,20311.7,37606.629
300987.SZ,20240709,11.5,11.98,11.45,11.94,11.73,0.21,1.7903,16040.1,18814.179
688608.SH,20240709,144.26,150.18,144.26,149.34,144.99,4.35,3.0002,15878.5,235038.114
920871.BJ,20240709,5.39,5.41,5.22,5.41,5.35,0.06,1.1215,1049.4,559.547
300580.SZ,20240709,13.59,14.05,13.3,14.02,13.64,0.38,2.7859,132770.66,181446.719
601728.SH,20240709,6.23,6.3,6.17,6.27,6.23,0.04,0.6421,925323,578842.082
002254.SZ,20240709,8.15,8.37,7.99,8.31,8.16,0.15,1.8382,90052.13,73863.631
002567.SZ,20240709,5.37,5.42,5.12,5.21,5.39,-0.18,-3.3395,642609.3,334770.784
002566.SZ,20240709,6.1,6.2,5.94,6.16,6.11,0.05,0.8183,25506.5,15517.052
000913.SZ,20240709,14.93,15.62,14.81,15.56,14.92,0.64,4.2895,103278.96,157476.998
300402.SZ,20240709,12.06,12.39,11.82,12.38,12.19,0.19,1.5587,35621.14,43220.339
300670.SZ,20240709,5.24,5.37,5.03,5.37,5.2,0.17,3.2692,98727.7,51439.569
600239.SH,20240709,1.93,1.95,1.89,1.94,1.98,-0.04,-2.0202,165054.19,31792.535
002655.SZ,20240709,10.03,10.9,10.03,10.83,10.09,0.74,7.334,201502,212236.254
605398.SH,20240709,19.2,19.77,18.87,19.73,19.4,0.33,1.701,11119.4,21562.433
002344.SZ,20240709,3.01,3.06,2.95,3.04,3.01,0.03,0.9967,87095,26119.984
000050.SZ,20240709,6.75,7.07,6.7,7.04,6.82,0.22,3.2258,194023.59,134025.976
301138.SZ,20240709,24.08,24.69,23.19,24.58,23.87,0.71,2.9744,43560.12,104410.449
002949.SZ,20240709,9,9.06,8.69,9.01,8.96,0.05,0.558,14770,13151.587
688352.SH,20240709,11.09,11.68,11.01,11.63,11.09,0.54,4.8693,93967.92,107495.366
300271.SZ,20240709,4.64,4.71,4.5,4.71,4.63,0.08,1.7279,178746.88,82464.06
002105.SZ,20240709,3.97,3.97,3.73,3.9,3.9,0,0,79109.5,30367.473
920833.BJ,20240709,7.63,7.63,7.3,7.55,7.45,0.1,1.3423,2286.89,1704.521
002579.SZ,20240709,6.48,6.87,6.46,6.86,6.5,0.36,5.5385,213643.49,143053.301
002516.SZ,20240709,3.54,3.6,3.4,3.52,3.51,0.01,0.2849,188319,65869.197
600032.SH,20240709,7.15,7.45,7.06,7.43,7.05,0.38,5.3901,124841.86,90622.679
688323.SH,20240709,9.51,9.55,9.12,9.46,9.33,0.13,1.3934,10573.13,9861.715
002358.SZ,20240709,3.29,3.36,3.18,3.35,3.29,0.06,1.8237,128168.06,42014.466
300988.SZ,20240709,19.26,20.47,18.66,20.44,19.01,1.43,7.5224,116311.6,231447.113
601727.SH,20240709,3.46,3.57,3.45,3.56,3.48,0.08,2.2989,285384.89,100260.843
002373.SZ,20240709,8.18,8.38,7.96,8.33,8.17,0.16,1.9584,504324.31,414352.898
603986.SH,20240709,92,97,90.7,96.42,91.96,4.46,4.8499,208468.16,1977904.903
300920.SZ,20240709,13.79,14.48,13.6,14.45,13.84,0.61,4.4075,22633.86,31897.156
300012.SZ,20240709,10.93,11.35,10.86,11.27,10.95,0.32,2.9224,323006.32,359276.315
603991.SH,20240709,31.8,33.6,31.01,32.79,31.8,0.99,3.1132,21910,70508.079
301308.SZ,20240709,95.39,99.57,94.6,99.42,95.35,4.07,4.2685,101034.07,987690.07
300609.SZ,20240709,18.9,18.95,17.99,18.62,18.65,-0.03,-0.1609,30805,56803.548
300407.SZ,20240709,7.31,7.55,7.12,7.53,7.35,0.18,2.449,50922.1,37560.783
605158.SH,20240709,5.98,6.24,5.89,6.15,6,0.15,2.5,81417.32,49469.715
000678.SZ,20240709,3.58,3.64,3.5,3.62,3.58,0.04,1.1173,52633.01,18828.836
300125.SZ,20240709,1.87,1.91,1.75,1.83,1.86,-0.03,-1.6129,148691,27227.532
600691.SH,20240709,1.63,1.66,1.54,1.59,1.63,-0.04,-2.454,365419.6,58151.828
600234.SH,20240709,2.19,2.19,2.07,2.18,2.18,0,0,16458,3521.713
000610.SZ,20240709,12.41,12.7,12.23,12.63,12.6,0.03,0.2381,81390.49,101437.457
688597.SH,20240709,6.3,6.42,6.15,6.42,6.27,0.15,2.3923,13984.22,8858.73
002730.SZ,20240709,6.39,6.63,6.37,6.63,6.41,0.22,3.4321,83942.2,54644.96
002151.SZ,20240709,22.99,23.73,22.85,23.65,23.02,0.63,2.7368,51274.05,119712.36
002090.SZ,20240709,7.8,8.15,7.72,8.14,7.92,0.22,2.7778,72853.9,57949.67
600801.SH,20240709,13.9,14.18,13.87,14.1,14.01,0.09,0.6424,43960.2,61587.294
300088.SZ,20240709,4.35,4.64,4.33,4.62,4.35,0.27,6.2069,546743.27,246174.538
300947.SZ,20240709,16.06,16.6,15.08,16.58,16.7,-0.12,-0.7186,159765.6,252700.066
300655.SZ,20240709,6.75,7.09,6.68,7.05,6.75,0.3,4.4444,218779.06,151892.575
002323.SZ,20240709,1.14,1.16,1.11,1.15,1.14,0.01,0.8772,438537.87,49809.105
600446.SH,20240709,9.32,9.51,9.13,9.44,9.35,0.09,0.9626,87295.9,81556.63
300401.SZ,20240709,14.46,14.82,14.17,14.8,14.5,0.3,2.069,695532.19,1010390.857
301389.SZ,20240709,14.84,15.98,14.81,15.9,15.25,0.65,4.2623,191008.59,295923.495
688539.SH,20240709,25.38,26.37,25.33,26.35,25.67,0.68,2.649,8855.48,22973.538
600148.SH,20240709,11.6,11.86,11.43,11.84,11.71,0.13,1.1102,9946.01,11608.566
000501.SZ,20240709,7.16,7.32,7.09,7.22,7.22,0,0,85408.69,61550.474
301339.SZ,20240709,18.2,18.3,17.43,18.25,17.88,0.37,2.0694,86686.36,155883.539
002543.SZ,20240709,9.44,9.6,9.27,9.57,9.37,0.2,2.1345,26304.5,24828.261
601698.SH,20240709,13.45,14.04,13.4,13.97,13.28,0.69,5.1958,185276.02,254624.195
601628.SH,20240709,30.32,30.67,29.83,30.57,30.25,0.32,1.0579,73060.8,221330.905
605169.SH,20240709,7.65,7.7,7.46,7.65,7.65,0,0,16121.88,12236.781
300057.SZ,20240709,3.85,3.94,3.75,3.91,3.86,0.05,1.2953,127854.45,49238.892
300918.SZ,20240709,8.3,8.42,8,8.35,8.27,0.08,0.9674,58907,48625.764
600545.SH,20240709,1.42,1.47,1.37,1.41,1.52,-0.11,-7.2368,604606.77,84248.975
603178.SH,20240709,19.64,20.2,19.31,20.18,19.75,0.43,2.1772,40174,79710.82
603589.SH,20240709,35.7,36.57,35.41,36.44,35.7,0.74,2.0728,43504.08,156031.416
603444.SH,20240709,168.24,168.5,155.79,161.13,166.93,-5.8,-3.4745,20338.63,328552.874
002196.SZ,20240709,3.95,4.07,3.91,4.05,3.98,0.07,1.7588,65624,26207.254
603000.SH,20240709,19.36,19.76,19.05,19.64,19.37,0.27,1.3939,150621.05,293472.676
920122.BJ,20240709,34.4,35.51,33.51,35.37,35.16,0.21,0.5973,12093.77,41805.603
301008.SZ,20240709,16.59,16.83,15.93,16.78,16.32,0.46,2.8186,12389.8,20389.936
603677.SH,20240709,11.09,11.48,10.94,11.47,11.23,0.24,2.1371,13519,15185.824
300212.SZ,20240709,16,16.36,15.58,16.2,16.14,0.06,0.3717,173053.6,276961.903
603130.SH,20240709,17.15,17.66,17.09,17.57,17.12,0.45,2.6285,2958.99,5131.962
002479.SZ,20240709,3.49,3.56,3.41,3.55,3.46,0.09,2.6012,65349.76,22845.272
300997.SZ,20240709,11.21,11.53,11.15,11.23,11.3,-0.07,-0.6195,25994,29396.975
002808.SZ,20240709,1.51,1.53,1.45,1.49,1.53,-0.04,-2.6144,50537.56,7487.435
603375.SH,20240709,34.58,35.79,34.4,35.66,34.63,1.03,2.9743,14666.72,51684.903
002630.SZ,20240709,2.08,2.14,2.05,2.12,2.08,0.04,1.9231,142935.8,29919.411
300937.SZ,20240709,20.19,20.38,19.29,20.02,20.19,-0.17,-0.842,11512.47,22768.049
301503.SZ,20240709,29.87,32,29.18,31.81,30.78,1.03,3.3463,39653,123485.921
600063.SH,20240709,3.4,3.49,3.33,3.47,3.45,0.02,0.5797,170696.63,58096.992
300978.SZ,20240709,8.8,10.5,8.8,9.89,8.75,1.14,13.0286,249543.02,252407.556
002656.SZ,20240709,0.96,0.98,0.93,0.93,0.98,-0.05,-5.102,88681.95,8355.963
688330.SH,20240709,18.65,19.48,18.65,19.35,18.77,0.58,3.09,8309.52,15885.818
002465.SZ,20240709,9.52,9.8,9.45,9.73,9.52,0.21,2.2059,294608.1,285010.925
300332.SZ,20240709,5.22,5.3,5.14,5.3,5.23,0.07,1.3384,53191,27820.051
003004.SZ,20240709,24.7,25,23.46,23.98,23.45,0.53,2.2601,39878.86,96141.085
301348.SZ,20240709,28.29,34.32,28.06,34.32,28.6,5.72,20,136658.14,462020.526
300077.SZ,20240709,8.13,8.6,8.08,8.57,8.15,0.42,5.1534,124602,104702.554
300957.SZ,20240709,43.77,44.54,43,44.25,43.77,0.48,1.0966,18587.38,81577.231
600039.SH,20240709,7.68,7.76,7.59,7.73,7.66,0.07,0.9138,123291.99,94694.596
002351.SZ,20240709,11.98,12.8,11.83,12.79,12.01,0.78,6.4946,354610.41,442317.773
003025.SZ,20240709,11.36,11.73,11.15,11.7,11.43,0.27,2.3622,40668.2,46609.89
002163.SZ,20240709,5.28,5.37,5.12,5.32,5.25,0.07,1.3333,75661.11,39780.121
000581.SZ,20240709,16.16,16.95,16.13,16.93,16.18,0.75,4.6354,143861.54,239695.672
002354.SZ,20240709,2.84,2.87,2.72,2.85,2.82,0.03,1.0638,454034.69,127318.937
605118.SH,20240709,13.71,14.33,13.6,14.26,13.7,0.56,4.0876,20223,28349.251
603025.SH,20240709,13.21,13.58,13.11,13.43,13.3,0.13,0.9774,113206.59,151302.009
300867.SZ,20240709,10.16,10.67,10.06,10.6,10.2,0.4,3.9216,24733,25768.627
600929.SH,20240709,5.3,5.41,5.22,5.38,5.28,0.1,1.8939,119643,63500.359
000586.SZ,20240709,7.18,7.37,6.96,7.36,7.15,0.21,2.9371,24040,17259.936
002022.SZ,20240709,5.33,5.36,5.09,5.27,5.34,-0.07,-1.3109,93892.98,48879.42
300277.SZ,20240709,6.34,6.42,6.1,6.4,6.32,0.08,1.2658,31995.74,20118.79
000055.SZ,20240709,3.36,3.39,3.26,3.37,3.36,0.01,0.2976,45248.56,15021.286
301066.SZ,20240709,7.81,7.92,7.54,7.88,7.83,0.05,0.6386,29073.51,22489.866
603081.SH,20240709,9.94,10.13,9.61,9.79,10.03,-0.24,-2.3928,44815,44077.051
300109.SZ,20240709,11.24,11.42,11.07,11.41,11.28,0.13,1.1525,58722.22,66271.956
688600.SH,20240709,11.88,12.01,11.5,11.87,11.84,0.03,0.2534,10098.96,11965.022
002410.SZ,20240709,8.6,8.65,8.35,8.59,8.6,-0.01,-0.1163,386613.66,329125.862
003010.SZ,20240709,10.36,10.52,10.09,10.51,10.33,0.18,1.7425,18824.4,19436.741
600186.SH,20240709,3.46,3.6,3.4,3.51,3.38,0.13,3.8462,479166,166900.121
688678.SH,20240709,9.69,10.44,9.66,10.38,9.78,0.6,6.135,42102.66,42577.741
603682.SH,20240709,3.86,3.98,3.81,3.94,3.86,0.08,2.0725,75759,29501.772
688536.SH,20240709,84.8,88.4,84.15,88,85.21,2.79,3.2743,19219.73,166735.702
920564.BJ,20240709,8.43,8.63,8,8.54,8.43,0.11,1.3049,18938.58,15826.389
600037.SH,20240709,5.82,5.89,5.66,5.83,5.86,-0.03,-0.5119,130424.88,75561.26
301175.SZ,20240709,4.33,4.41,4.25,4.38,4.33,0.05,1.1547,87972,38223.996
000928.SZ,20240709,5.2,5.35,5.11,5.29,5.23,0.06,1.1472,216809.97,113010.764
301162.SZ,20240709,38.38,40.01,37.5,39.68,38.4,1.28,3.3333,21904.71,85015.904
920834.BJ,20240709,4.36,4.42,4.18,4.42,4.36,0.06,1.3761,7380.88,3170.873
688668.SH,20240709,38.13,41.59,38.13,40.81,38.05,2.76,7.2536,94504.77,380786.591
603256.SH,20240709,7.1,7.87,6.65,7.87,7.15,0.72,10.0699,529158.01,390451.462
301353.SZ,20240709,23.67,24.83,23.55,24.8,23.67,1.13,4.774,9775,23771.016
002682.SZ,20240709,3.43,3.49,3.32,3.47,3.39,0.08,2.3599,127613.05,43694.966
601997.SH,20240709,5.25,5.34,5.19,5.33,5.27,0.06,1.1385,336262.25,177199.474
600336.SH,20240709,4.11,4.18,4,4.16,4.12,0.04,0.9709,57182,23437.69
301135.SZ,20240709,18.81,20.08,18.74,20.01,18.73,1.28,6.834,30088,58761.239
000829.SZ,20240709,7.5,8.06,7.47,8.01,7.65,0.36,4.7059,395743.88,311466.752
600015.SH,20240709,6.38,6.42,6.3,6.4,6.38,0.02,0.3135,321307.95,204271.67
300157.SZ,20240709,1.81,1.84,1.73,1.8,1.82,-0.02,-1.0989,123819.34,22048.74
301073.SZ,20240709,17.05,17.52,16.6,17.41,17.1,0.31,1.8129,68403.14,116926.166
300933.SZ,20240709,5.86,5.92,5.6,5.89,5.77,0.12,2.0797,130633.77,75637.968
300591.SZ,20240709,3.06,3.09,2.94,3.08,3.06,0.02,0.6536,63795.2,19296.711
603979.SH,20240709,51.03,52.76,50.8,52.54,51.55,0.99,1.9205,45760.84,237205.291
301010.SZ,20240709,10.59,10.74,10.15,10.69,10.53,0.16,1.5195,16290.16,17096.867
300752.SZ,20240709,12.65,13.57,12.51,13.51,12.59,0.92,7.3074,65852.93,86137.134
601288.SH,20240709,4.49,4.53,4.44,4.53,4.5,0.03,0.6667,3752905.16,1685758.194
300127.SZ,20240709,14.55,14.85,14.22,14.84,14.49,0.35,2.4155,38224.38,55799.617
002285.SZ,20240709,1.56,1.58,1.49,1.54,1.56,-0.02,-1.2821,229780.2,35068.579
920970.BJ,20240709,6.83,6.9,6.61,6.88,6.86,0.02,0.2915,3820.85,2593.154
688410.SH,20240709,11.14,11.33,10.65,11.14,11.32,-0.18,-1.5901,38658.53,42234.987
002407.SZ,20240709,11.34,11.55,11.08,11.51,11.37,0.14,1.2313,126408.23,143321.423
300551.SZ,20240709,5.27,5.33,5,5.23,5.29,-0.06,-1.1342,163495,84130.082
000959.SZ,20240709,2.73,2.74,2.67,2.71,2.73,-0.02,-0.7326,203641.22,55069.956
002803.SZ,20240709,10.65,10.74,10.28,10.66,10.58,0.08,0.7561,60307.55,63564.235
300226.SZ,20240709,16.3,16.58,15.92,16.44,16.3,0.14,0.8589,63788.4,103862.682
300815.SZ,20240709,10.96,11.18,10.82,11.16,10.95,0.21,1.9178,21951.12,24263.752
601860.SH,20240709,2.5,2.56,2.49,2.55,2.5,0.05,2,429133,108339.052
600967.SH,20240709,7,7.03,6.85,7.02,7.03,-0.01,-0.1422,144444.61,100398.193
920592.BJ,20240709,14.34,14.68,13.85,14.37,14.09,0.28,1.9872,19725.96,28280.893
601061.SH,20240709,6.79,6.93,6.69,6.93,6.77,0.16,2.3634,83829.45,57268.846
920026.BJ,20240709,15.41,16.27,15.1,16.01,15.4,0.61,3.961,4093.03,6446.108
300819.SZ,20240709,10.92,11.44,10.65,11.14,10.91,0.23,2.1082,19575.5,21638.528
605011.SH,20240709,22.51,22.88,21.76,22.78,22.51,0.27,1.1995,50747,113256.715
300869.SZ,20240709,12.53,12.7,12.22,12.59,12.61,-0.02,-0.1586,23375.9,29190.851
002352.SZ,20240709,34.47,34.72,33.96,34.65,34.42,0.23,0.6682,113550.47,390274.549
603687.SH,20240709,6.8,7.01,6.66,6.91,6.87,0.04,0.5822,66046.25,45020.961
301252.SZ,20240709,26.58,27.55,26.12,27.47,26.27,1.2,4.5679,24785.21,66711.587
600561.SH,20240709,3.67,3.72,3.43,3.59,3.5,0.09,2.5714,53189,18964.006
000550.SZ,20240709,20.32,21.36,20.3,21.3,20.3,1,4.9261,95510.4,199075.361
002126.SZ,20240709,17.13,18.07,17,17.98,16.97,1.01,5.9517,164500.32,290348.072
301380.SZ,20240709,30.73,31.5,29.98,31.45,30.88,0.57,1.8459,10029,30941.536
000931.SZ,20240709,3.37,3.41,3.28,3.39,3.4,-0.01,-0.2941,79818.5,26811.525
002915.SZ,20240709,9.3,9.5,9.12,9.49,9.34,0.15,1.606,37357.13,34957.87
003019.SZ,20240709,24.4,24.63,23.28,24.2,24.6,-0.4,-1.626,85722.76,205101.614
300207.SZ,20240709,13.66,14.12,13.53,14.11,13.61,0.5,3.6738,231475.8,321090.295
002836.SZ,20240709,5.56,5.75,5.41,5.64,5.59,0.05,0.8945,24576.92,13672.682
300135.SZ,20240709,2.43,2.48,2.36,2.47,2.43,0.04,1.6461,183677,44680.703
920832.BJ,20240709,3.86,3.9,3.71,3.87,3.87,0,0,1400.71,535.669
600169.SH,20240709,1.77,1.79,1.73,1.78,1.77,0.01,0.565,151657,26807.863
301338.SZ,20240709,28,29.96,27.72,29.94,28.07,1.87,6.6619,33904,99164.816
301529.SZ,20240709,33,33.65,32.25,33.52,33.1,0.42,1.2689,16873.11,55917.232
002272.SZ,20240709,4.26,4.39,4.16,4.37,4.28,0.09,2.1028,106298,45537.184
688592.SH,20240709,36.66,37.79,36.1,37.46,36.46,1,2.7427,5617.78,20914.156
603380.SH,20240709,18.2,19.66,18.1,19.52,18.23,1.29,7.0762,29358.57,55668.5
003007.SZ,20240709,23.69,23.89,22.93,23.87,23.39,0.48,2.0522,14575.5,34192.717
300719.SZ,20240709,15.7,16.03,15.18,16,15.53,0.47,3.0264,128020.99,200549.568
601065.SH,20240709,8.48,8.6,8.33,8.59,8.49,0.1,1.1779,35563.77,30202.661
002044.SZ,20240709,3.58,3.62,3.52,3.6,3.58,0.02,0.5587,356293.3,127332.691
000607.SZ,20240709,2.96,2.97,2.83,2.91,2.97,-0.06,-2.0202,130271.34,37805.521
603332.SH,20240709,7.08,7.22,6.83,7.19,7.06,0.13,1.8414,38627.54,27188.349
003030.SZ,20240709,14.12,14.12,13.52,13.86,13.91,-0.05,-0.3595,7221,9939.043
600017.SH,20240709,2.68,2.74,2.66,2.73,2.68,0.05,1.8657,227566.08,61527.912
301153.SZ,20240709,23.42,23.98,22.51,23.52,23.65,-0.13,-0.5497,96723.21,224190.592
300302.SZ,20240709,8.84,9.22,8.81,9.2,8.88,0.32,3.6036,103663.21,94088.588
002230.SZ,20240709,38.69,39.1,37.9,39,38.7,0.3,0.7752,399023.45,1541676.079
605123.SH,20240709,48.01,49.26,47.08,49.03,48.57,0.46,0.9471,11453.56,55339.836
601208.SH,20240709,6.61,6.81,6.5,6.77,6.61,0.16,2.4206,142054.87,94709.834
300617.SZ,20240709,26.45,27.4,25.01,27.39,26.67,0.72,2.6997,37296,98787.836
600992.SH,20240709,15.71,16.26,15.69,16.2,15.8,0.4,2.5316,109475.98,175925.692
300821.SZ,20240709,6.59,7.05,6.59,7,6.56,0.44,6.7073,203815.69,139395.202
601226.SH,20240709,4.58,4.66,4.46,4.64,4.58,0.06,1.31,70669.98,32277.925
688375.SH,20240709,41.56,43.66,41.56,43.41,41.99,1.42,3.3818,10472.75,44672.931
300177.SZ,20240709,5.7,5.86,5.53,5.79,5.45,0.34,6.2385,453870.69,257993.026
002569.SZ,20240709,6.48,6.48,6.39,6.48,6.17,0.31,5.0243,32329,20931.374
600559.SH,20240709,16.59,17.15,16.4,17.04,16.6,0.44,2.6506,174987.08,293322.467
600877.SH,20240709,9.81,10.42,9.75,10.31,9.8,0.51,5.2041,121100,121895.006
603085.SH,20240709,8.23,8.33,7.7,7.96,8.23,-0.27,-3.2807,133286.25,106737.608
603011.SH,20240709,5.5,5.62,5.37,5.61,5.48,0.13,2.3723,68420,37724.935
301263.SZ,20240709,12.02,12.39,11.92,12.34,12.13,0.21,1.7312,11565.2,14073.407
603166.SH,20240709,4.55,4.68,4.47,4.66,4.56,0.1,2.193,66576.2,30506.839
002095.SZ,20240709,11.62,11.8,11.18,11.65,11.62,0.03,0.2582,31292.56,35990.25
300147.SZ,20240709,3.45,3.5,3.29,3.44,3.58,-0.14,-3.9106,330359.37,111940.17
300982.SZ,20240709,16.8,17.27,16.42,17.13,17,0.13,0.7647,35839.4,60328.805
002049.SZ,20240709,48.5,51.46,48.39,51.18,48.76,2.42,4.9631,217371.65,1093352.278
600011.SH,20240709,9.7,9.79,9.55,9.75,9.72,0.03,0.3086,351897.71,340360.042
600598.SH,20240709,12.51,12.6,12.27,12.55,12.5,0.05,0.4,108670.79,135231.793
600549.SH,20240709,16.64,17.01,16.34,16.88,16.61,0.27,1.6255,137746.44,230026.29
300261.SZ,20240709,5.22,5.27,5.02,5.21,5.22,-0.01,-0.1916,99668.08,51302.448
601857.SH,20240709,10.66,10.69,10.53,10.64,10.67,-0.03,-0.2812,1128519.26,1199119.687
002965.SZ,20240709,28.2,29.44,28.11,29.35,28.25,1.1,3.8938,31477.3,90702.926
300352.SZ,20240709,3.69,3.76,3.59,3.75,3.68,0.07,1.9022,152910.66,56340.682
003027.SZ,20240709,11.81,11.87,11.33,11.86,11.67,0.19,1.6281,17200,19975.209
301312.SZ,20240709,33.09,39.62,32.4,39.62,33.02,6.6,19.9879,65783.93,247586.915
603966.SH,20240709,6.29,6.42,6.1,6.39,6.32,0.07,1.1076,47756.92,29937.835
002129.SZ,20240709,7.87,7.98,7.66,7.91,7.85,0.06,0.7643,701905.49,548838.245
688403.SH,20240709,7.8,8.26,7.73,8.19,7.8,0.39,5,93796.18,75699.441
688513.SH,20240709,31.07,31.07,29.9,30.78,30.61,0.17,0.5554,7922.89,24073.335
002683.SZ,20240709,19,19.49,18.79,19.18,19.08,0.1,0.5241,35551.01,68452.11
002902.SZ,20240709,19.88,20.79,19.7,20.71,20.02,0.69,3.4466,116714,237545.864
600523.SH,20240709,9.31,9.51,9.13,9.5,9.36,0.14,1.4957,36358,34110.179
920670.BJ,20240709,9.18,9.38,9.04,9.29,9.1,0.19,2.0879,5244.73,4829.124
301183.SZ,20240709,39,41.4,38.68,41.23,38.66,2.57,6.6477,67126,270701.459
300893.SZ,20240709,29,30.06,28.78,30.06,29.17,0.89,3.0511,13247.15,39210.595
002476.SZ,20240709,3.66,3.72,3.58,3.7,3.65,0.05,1.3699,58573.17,21478.877
920857.BJ,20240709,10.36,11.1,10.25,11.02,10.33,0.69,6.6796,9000.15,9667.767
300597.SZ,20240709,6.57,6.83,6.44,6.82,6.52,0.3,4.6012,101951,67863.17
002030.SZ,20240709,4.83,4.87,4.72,4.81,4.83,-0.02,-0.4141,102727.32,49371.25
002531.SZ,20240709,8.35,8.62,8.31,8.58,8.33,0.25,3.0012,146288.63,124023.057
002517.SZ,20240709,9.08,9.18,8.88,9.12,9.12,0,0,562896.97,509322.215
002020.SZ,20240709,10.3,10.43,10.12,10.41,10.3,0.11,1.068,92650.2,95365.401
000785.SZ,20240709,2.31,2.36,2.24,2.32,2.29,0.03,1.31,332177.18,76084.307
688562.SH,20240709,13.53,13.82,13.18,13.75,13.53,0.22,1.626,19196.79,25911.449
601615.SH,20240709,8.82,8.97,8.65,8.93,8.82,0.11,1.2472,185248.07,163279.276
688433.SH,20240709,18.55,19.17,18.1,19.07,18.55,0.52,2.8032,10675.7,19941.17
301159.SZ,20240709,30.59,31.8,29.5,30.95,32.16,-1.21,-3.7624,77154.12,234383.453
600858.SH,20240709,3.98,4.04,3.89,4.03,3.96,0.07,1.7677,67077,26573.724
002785.SZ,20240709,24.7,25.88,24.7,25.63,24.93,0.7,2.8079,35220,89545.305
002493.SZ,20240709,9.25,9.29,9.03,9.23,9.27,-0.04,-0.4315,256632.59,235343.704
300824.SZ,20240709,6.99,7.1,6.81,7.08,7,0.08,1.1429,17843.05,12465.503
600650.SH,20240709,7.79,7.79,7.5,7.79,7.08,0.71,10.0282,159489.65,123496.833
002990.SZ,20240709,18.13,18.75,17.74,18.68,18.12,0.56,3.0905,29212,53411.462
600421.SH,20240709,6.54,6.56,6.12,6.34,6.61,-0.27,-4.0847,58603.28,37179.572
002250.SZ,20240709,4.69,4.75,4.57,4.71,4.69,0.02,0.4264,118504.7,55319.309
301507.SZ,20240709,12.45,12.5,11.68,12.17,12.82,-0.65,-5.0702,88723.2,106947.716
300435.SZ,20240709,10.86,11.04,10.63,10.99,10.92,0.07,0.641,27419.33,29759.966
002458.SZ,20240709,8.3,8.35,8.03,8.19,8.39,-0.2,-2.3838,114810.69,93650.181
603690.SH,20240709,20.68,21.7,20.62,21.63,20.9,0.73,3.4928,52927.45,112669.694
002694.SZ,20240709,3.85,3.89,3.73,3.81,3.89,-0.08,-2.0566,56463,21441.079
300709.SZ,20240709,23.19,24.98,23.13,24.87,23.25,1.62,6.9677,99193,241440.975
600636.SH,20240709,7.1,7.25,6.93,7.2,7.18,0.02,0.2786,43025,30479.026
688317.SH,20240709,14.12,14.12,13.65,13.98,13.96,0.02,0.1433,13347.88,18521.478
603386.SH,20240709,10.76,11.1,10.71,11.06,10.82,0.24,2.2181,135304.84,147713.622
301378.SZ,20240709,22.04,23.29,21.32,23.14,22.46,0.68,3.0276,62881.84,141133.688
000923.SZ,20240709,17.04,17.48,16.83,17.44,17.12,0.32,1.8692,78009.09,133896.861
300068.SZ,20240709,8.12,8.26,7.9,8.2,8.19,0.01,0.1221,189352.65,153004.642
301083.SZ,20240709,13.78,14.38,13.34,14.31,13.62,0.69,5.0661,73611,102334.587
688638.SH,20240709,28.51,29.16,28.3,28.85,28.61,0.24,0.8389,1634.85,4693.687
600226.SH,20240709,1.94,1.95,1.89,1.94,1.92,0.02,1.0417,122391.03,23536.77
920407.BJ,20240709,8.24,8.48,8.02,8.4,8.27,0.13,1.5719,2936.14,2416.619
600592.SH,20240709,7.86,8.02,7.68,8.01,7.89,0.12,1.5209,53414,42135.014
600605.SH,20240709,22.96,23.53,22.47,23.28,23.2,0.08,0.3448,27778.4,63738.098
002152.SZ,20240709,9.9,10.19,9.84,10.17,9.96,0.21,2.1084,158338.55,159079.556
600006.SH,20240709,6.17,6.39,6.11,6.39,6.17,0.22,3.5656,338591.39,212279.178
300110.SZ,20240709,3.06,3.08,2.98,3.07,3.06,0.01,0.3268,166460.55,50481.5
600235.SH,20240709,4.52,4.66,4.4,4.64,4.52,0.12,2.6549,105742,48015.246
600576.SH,20240709,4.35,4.37,4.19,4.31,4.34,-0.03,-0.6912,48956.4,20924.204
920726.BJ,20240709,7.25,7.45,7.25,7.38,7.26,0.12,1.6529,985.26,724.16
000156.SZ,20240709,6.11,6.21,6.02,6.18,6.1,0.08,1.3115,73626.41,45181.812
002213.SZ,20240709,9.04,9.4,8.95,9.39,9.05,0.34,3.7569,43307.55,39812.339
300812.SZ,20240709,19.37,20.7,19.29,20.58,19.6,0.98,5,59873.6,120900.542
603344.SH,20240709,21.95,22.32,21.43,22.3,21.95,0.35,1.5945,25157.63,55249.26
603002.SH,20240709,5.1,5.41,4.94,5.4,5.15,0.25,4.8544,956920.66,502432.51
301093.SZ,20240709,18.1,18.16,17.58,18.08,18.1,-0.02,-0.1105,8701.09,15574.456
002120.SZ,20240709,7,7.1,6.77,7.05,7.03,0.02,0.2845,286122,198979.123
002969.SZ,20240709,2.79,2.84,2.74,2.83,2.81,0.02,0.7117,93178.99,26071.272
688005.SH,20240709,21.32,21.66,20.82,21.41,21.46,-0.05,-0.233,70225.94,149299.027
600356.SH,20240709,5.83,5.92,5.7,5.91,5.83,0.08,1.3722,23384.19,13605.294
002454.SZ,20240709,5.25,5.42,5.15,5.41,5.23,0.18,3.4417,55649.41,29464.601
002366.SZ,20240709,3.19,3.28,3.17,3.26,3.22,0.04,1.2422,110393.41,35700.313
300667.SZ,20240709,13.5,13.61,12.55,13.28,13.81,-0.53,-3.8378,149520.82,195620.451
300272.SZ,20240709,4.61,4.71,4.55,4.69,4.62,0.07,1.5152,82324,38236.281
002695.SZ,20240709,6.26,6.33,6.06,6.22,6.26,-0.04,-0.639,39840.85,24675.62
688786.SH,20240709,23.95,24.67,22.93,24.3,23.66,0.64,2.705,18230.81,43325.491
600791.SH,20240709,3.08,3.14,3.06,3.13,3.1,0.03,0.9677,67531.61,20907.943
000528.SZ,20240709,10.4,10.63,10.13,10.56,10.44,0.12,1.1494,348724.67,361741.096
600712.SH,20240709,3.6,3.61,3.39,3.58,3.65,-0.07,-1.9178,207153,72869.91
605268.SH,20240709,6.81,6.83,6.56,6.75,6.79,-0.04,-0.5891,17590,11817.842
001238.SZ,20240709,19.34,19.76,19.21,19.75,19.34,0.41,2.12,6966.1,13594.947
000409.SZ,20240709,7.58,7.79,7.4,7.79,7.65,0.14,1.8301,101851.94,77502.335
002537.SZ,20240709,4.93,5.06,4.85,5.06,4.99,0.07,1.4028,128231.44,63663.499
300282.SZ,20240709,0.2,0.21,0.19,0.21,0.2,0.01,5,171202.44,3455.257
601156.SH,20240709,18.25,18.63,18.07,18.54,18.25,0.29,1.589,69625,127606.194
300556.SZ,20240709,15.87,16.25,15.45,16.19,15.82,0.37,2.3388,39800.64,63272.707
920179.BJ,20240709,15.88,16.36,15.82,16.3,15.86,0.44,2.7743,1363.86,2189.78
603019.SH,20240709,38.8,40.55,38.38,40.4,38.75,1.65,4.2581,446487.2,1777902.616
002846.SZ,20240709,7.74,8.48,7.68,7.95,7.72,0.23,2.9793,363772.48,286786.256
600125.SH,20240709,5.81,5.97,5.72,5.95,5.81,0.14,2.4096,132182.22,77371.195
688563.SH,20240709,50.6,52.27,49.83,51.72,50.6,1.12,2.2134,6777.18,34613.906
300527.SZ,20240709,6.1,6.25,6.03,6.23,6.14,0.09,1.4658,83416.09,51240.268
301152.SZ,20240709,24.43,25.4,23.77,25.35,24.86,0.49,1.971,43870.82,108214.106
603040.SH,20240709,18,18.36,17.65,18.32,18.03,0.29,1.6084,8759.82,15780.62
300098.SZ,20240709,4.07,4.18,4.01,4.17,4,0.17,4.25,1456471.56,596564.37
600025.SH,20240709,11.68,11.78,11.61,11.75,11.67,0.08,0.6855,311429.98,364421.559
600984.SH,20240709,2.27,2.3,2.18,2.28,2.27,0.01,0.4405,128700.3,28824.995
920925.BJ,20240709,11.33,11.4,10.78,11.4,11.11,0.29,2.6103,7273.46,8055.624
300049.SZ,20240709,49.4,49.83,47.85,49.28,49.46,-0.18,-0.3639,57238.94,279692.779
300968.SZ,20240709,8.46,9.12,8.33,9.12,8.37,0.75,8.9606,155209.36,136641.62
601666.SH,20240709,10.94,11.09,10.75,10.99,10.94,0.05,0.457,214217.16,233431.942
002832.SZ,20240709,22.89,23,22.34,22.85,22.89,-0.04,-0.1747,48260.81,109602.012
300237.SZ,20240709,1.14,1.18,1.13,1.16,1.15,0.01,0.8696,223114.58,25711.736
300851.SZ,20240709,21.52,21.9,20.72,21.56,21,0.56,2.6667,4324,9206.496
301082.SZ,20240709,9.41,9.64,9.11,9.64,9.32,0.32,3.4335,80197.61,75483.453
300926.SZ,20240709,20.75,21.65,20.46,21.65,20.75,0.9,4.3373,89135.71,188408.068
002840.SZ,20240709,16.58,16.67,15.57,15.87,16.75,-0.88,-5.2537,104519.83,166267.935
300347.SZ,20240709,48.7,49.08,46.9,48.3,49,-0.7,-1.4286,85808.77,411100.733
600281.SH,20240709,2.59,2.61,2.46,2.57,2.58,-0.01,-0.3876,86653,21931.852
301097.SZ,20240709,33.97,34.99,33.54,34.89,34.2,0.69,2.0175,1960,6753.442
300482.SZ,20240709,24.43,24.9,23.7,24.61,24.75,-0.14,-0.5657,96294.8,234369.13
688512.SH,20240709,7.48,7.81,7.4,7.77,7.47,0.3,4.0161,58085.12,44346.231
601179.SH,20240709,7.75,8.05,7.63,8.05,7.78,0.27,3.4704,1640020.15,1287682.173
301176.SZ,20240709,20.4,22.58,20.22,22.02,20.28,1.74,8.5799,158748.93,343880.535
603226.SH,20240709,3.18,3.23,3.12,3.22,3.21,0.01,0.3115,56334.76,17927.891
300878.SZ,20240709,14.85,15.09,14.44,15.07,15.5,-0.43,-2.7742,41631.11,61261.527
603268.SH,20240709,12.44,12.63,12.1,12.63,12.3,0.33,2.6829,10357.4,12806.565
688371.SH,20240709,8.98,9.39,8.88,9.36,8.97,0.39,4.3478,17106.38,15715.799
001306.SZ,20240709,48.59,50.45,47.68,50.25,48.88,1.37,2.8028,11977.77,58862.702
600211.SH,20240709,31.54,32.12,31.23,32.01,31.7,0.31,0.9779,20897.91,66391.427
300470.SZ,20240709,32.58,33.1,31.97,32.86,32.59,0.27,0.8285,8106.43,26399.827
003020.SZ,20240709,15.97,16.23,15.6,16.19,15.96,0.23,1.4411,14465.84,23072.004
300501.SZ,20240709,10.28,10.59,10.11,10.54,10.31,0.23,2.2308,11184.39,11587.653
000657.SZ,20240709,8.83,9,8.67,8.97,8.84,0.13,1.4706,162099.89,143473.904
688580.SH,20240709,24.75,24.94,24,24.71,24.75,-0.04,-0.1616,5733.09,14059.071
688575.SH,20240709,21.3,21.94,20.93,21.74,21.31,0.43,2.0178,25269.84,54223.961
000626.SZ,20240709,4.12,4.19,3.96,4.05,4.12,-0.07,-1.699,49117,19857.23
603331.SH,20240709,8.46,8.52,8.18,8.5,8.45,0.05,0.5917,24494.71,20465.696
300849.SZ,20240709,12.66,13.12,12.54,13.06,12.68,0.38,2.9968,29259.51,37653.558
688485.SH,20240709,7.14,7.21,6.87,7.15,7.14,0.01,0.1401,11420.63,8050.122
600960.SH,20240709,2.77,2.78,2.63,2.71,2.8,-0.09,-3.2143,225960,60995.855
603123.SH,20240709,5.69,5.74,5.53,5.73,5.69,0.04,0.703,85815.3,48469.14
300200.SZ,20240709,7.25,7.65,7.25,7.63,7.31,0.32,4.3776,77917.39,58205.029
002306.SZ,20240709,2.56,2.57,2.45,2.53,2.55,-0.02,-0.7843,130623.69,32687.164
002226.SZ,20240709,4.33,4.48,4.32,4.45,4.34,0.11,2.5346,116653.48,51358.66
000014.SZ,20240709,8.64,8.69,8.2,8.57,8.61,-0.04,-0.4646,57745.15,48794.968
601985.SH,20240709,11.36,11.52,11.25,11.46,11.35,0.11,0.9692,1347991.28,1535085.28
000791.SZ,20240709,6.01,6.23,5.93,6.22,5.99,0.23,3.8397,250617.35,152799.09
002010.SZ,20240709,3.69,3.76,3.61,3.75,3.67,0.08,2.1798,133604,49345.777
920950.BJ,20240709,10.61,11.08,10.45,10.89,10.74,0.15,1.3966,1861.31,2000.102
300784.SZ,20240709,61.09,64.69,61.09,64,62.05,1.95,3.1426,32053.94,203755.01
001205.SZ,20240709,15.55,15.93,15.33,15.74,15.63,0.11,0.7038,10502.8,16382.855
603686.SH,20240709,7.47,7.61,7.34,7.57,7.46,0.11,1.4745,27268.2,20410.367
603585.SH,20240709,9.46,9.66,9.13,9.47,9.46,0.01,0.1057,6927,6497.026
300628.SZ,20240709,36.23,37.12,35.9,36.93,36.4,0.53,1.456,58724.78,215596.815
688559.SH,20240709,29.6,30.58,29.29,30.23,29.75,0.48,1.6134,36966.34,110846.753
300689.SZ,20240709,12.66,13.02,12.25,13.01,12.53,0.48,3.8308,35964.4,45706.085
002644.SZ,20240709,6.4,6.45,6.21,6.39,6.39,0,0,33834.31,21472.462
301137.SZ,20240709,13.59,13.9,13.1,13.9,13.48,0.42,3.1157,20488.5,27775.03
000767.SZ,20240709,2.29,2.34,2.25,2.32,2.3,0.02,0.8696,129073.63,29681.7
920392.BJ,20240709,7.72,7.87,7.52,7.82,7.72,0.1,1.2953,1278.87,987.236
000885.SZ,20240709,11.91,12.15,11.76,12.12,11.95,0.17,1.4226,33548,40246.763
300385.SZ,20240709,3.33,3.34,3.19,3.3,3.3,0,0,35484.84,11588.048
600188.SH,20240709,16.4,16.4,16.03,16.23,16.36,-0.13,-0.7946,255662.24,414017.423
002467.SZ,20240709,3.2,3.27,3.14,3.27,3.2,0.07,2.1875,174005.61,55922.419
603927.SH,20240709,16.45,16.98,16.27,16.92,16.5,0.42,2.5455,76322.92,127118.764
301509.SZ,20240709,30.71,31.37,29.65,31.22,31.08,0.14,0.4505,25246.2,76927.625
301108.SZ,20240709,23.9,24.5,23.58,24.45,24,0.45,1.875,2484.67,5991.176
300316.SZ,20240709,28.74,29.49,28.2,29.05,28.62,0.43,1.5024,177242.03,510014.171
300252.SZ,20240709,5.82,6.12,5.78,6.09,5.8,0.29,5,162182.97,96902.837
301373.SZ,20240709,21.36,22.9,21.36,22.72,21.66,1.06,4.8938,6807,15175.027
002745.SZ,20240709,7.65,8.08,7.64,8.05,7.66,0.39,5.0914,130504.08,103246.755
603041.SH,20240709,9.74,10.13,9.31,10.11,9.85,0.26,2.6396,57407.3,56084.48
001366.SZ,20240709,10.55,10.61,10.18,10.51,10.55,-0.04,-0.3791,18581,19348.359
300305.SZ,20240709,5.41,5.59,5.29,5.57,5.44,0.13,2.3897,45864,24958.585
301511.SZ,20240709,14.41,15.22,14.38,15.18,14.7,0.48,3.2653,89779.35,132996.52
000810.SZ,20240709,7.9,8.07,7.78,8.05,7.86,0.19,2.4173,123765.96,98212.739
000612.SZ,20240709,6.36,6.68,6.35,6.67,6.4,0.27,4.2188,332455.58,217410.541
920242.BJ,20240709,11.99,12.75,11.8,12.53,11.99,0.54,4.5038,4613,5742.039
301016.SZ,20240709,15.86,16.19,15.39,16.18,15.86,0.32,2.0177,13981.75,22162.384
600818.SH,20240709,12.96,13.35,12.65,13.29,13,0.29,2.2308,71636.01,93324.453
300912.SZ,20240709,8.98,10.72,8.88,10.72,8.93,1.79,20.0448,63307.96,65164.443
920976.BJ,20240709,8.39,8.8,8.27,8.73,8.43,0.3,3.5587,3266.26,2788.375
300249.SZ,20240709,6.19,6.4,6.1,6.38,6.21,0.17,2.7375,69604,43697.075
603408.SH,20240709,12.66,13.03,12.52,12.95,12.65,0.3,2.3715,37715,48549.399
301085.SZ,20240709,39.4,40.55,38.31,40.41,39.09,1.32,3.3768,14554.07,57611.158
600520.SH,20240709,13.92,14.62,13.73,14.6,13.92,0.68,4.8851,98213,140232.022
002387.SZ,20240709,5.67,5.88,5.61,5.86,5.67,0.19,3.351,105891.58,61159.146
000513.SZ,20240709,35.78,35.9,34.84,35.47,35.91,-0.44,-1.2253,66663.29,235064.182
920505.BJ,20240709,10.65,11.19,10,11.01,10.63,0.38,3.5748,39250.9,41643.415
300816.SZ,20240709,23.64,24.25,23.41,24.05,23.75,0.3,1.2632,6478.82,15479.746
300502.SZ,20240709,112.67,120.1,111.67,118.56,113.45,5.11,4.5042,285715.18,3327035.783
300150.SZ,20240709,2.48,2.53,2.37,2.47,2.5,-0.03,-1.2,143211.1,35037.932
300983.SZ,20240709,14.66,15.21,14.27,15.18,14.67,0.51,3.4765,6680.4,9898.686
002565.SZ,20240709,2.33,2.37,2.27,2.36,2.32,0.04,1.7241,149615,34733.883
000627.SZ,20240709,1.63,1.73,1.61,1.68,1.68,0,0,457375.5,76295.689
920006.BJ,20240709,10.8,11.08,10.69,11,10.86,0.14,1.2891,5507.88,6029.199
688543.SH,20240709,39.06,40.09,38.35,40,39.3,0.7,1.7812,9497.26,37358.999
300009.SZ,20240709,8.31,8.45,8.16,8.4,8.3,0.1,1.2048,111012.39,92261.3
600543.SH,20240709,4.33,4.41,4.15,4.28,4.35,-0.07,-1.6092,141370.01,60379.692
000088.SZ,20240709,4.49,4.55,4.42,4.53,4.46,0.07,1.5695,72399.41,32519.284
001368.SZ,20240709,18.01,18.25,17.45,18.2,17.94,0.26,1.4493,6761,12087.37
920821.BJ,20240709,16.05,20.05,15.79,20.05,15.43,4.62,29.9417,122016.84,218754.52
920402.BJ,20240709,6.32,6.61,6,6.38,6.31,0.07,1.1094,20983,13109.658
603616.SH,20240709,2.79,2.9,2.73,2.85,2.91,-0.06,-2.0619,182292,51094.967
002211.SZ,20240709,2.45,2.57,2.41,2.55,2.47,0.08,3.2389,164989.38,41268.304
300485.SZ,20240709,6.04,6.07,5.73,5.95,6.03,-0.08,-1.3267,51895.35,30443.292
301306.SZ,20240709,33.24,33.92,32.33,33.8,33.3,0.5,1.5015,47482.33,157880.862
000703.SZ,20240709,7.16,7.27,7.1,7.26,7.19,0.07,0.9736,200211.61,143829.921
001373.SZ,20240709,23.29,24.17,22.88,24.04,23.26,0.78,3.3534,12263.38,28972.311
601988.SH,20240709,4.69,4.75,4.66,4.74,4.69,0.05,1.0661,1755526.8,828292.41
603303.SH,20240709,11.12,11.4,10.85,11.36,11.12,0.24,2.1583,10063,11228.347
920855.BJ,20240709,7.14,7.26,7,7.25,7.11,0.14,1.9691,1398.72,998.63
000952.SZ,20240709,5.01,5.02,4.82,5.01,4.99,0.02,0.4008,59663.81,29419.334
000729.SZ,20240709,8.21,8.38,8.1,8.33,8.26,0.07,0.8475,170448.08,140494.741
600969.SH,20240709,5.5,5.54,5.25,5.44,5.24,0.2,3.8168,169473,91191.488
002830.SZ,20240709,9.31,9.41,8.9,9.2,9.33,-0.13,-1.3934,21936,20074.684
003036.SZ,20240709,7.35,7.54,7.2,7.49,7.38,0.11,1.4905,19365,14312.094
301393.SZ,20240709,39.53,40.4,39.16,40.4,39.84,0.56,1.4056,11117.8,44362.134
300573.SZ,20240709,152.95,154.79,149.03,154.2,153.16,1.04,0.679,35417.07,539211.066
002541.SZ,20240709,15.03,15.08,14.05,14.24,15.01,-0.77,-5.1299,105046.02,150810.661
603231.SH,20240709,16,16.25,15.56,16.17,16.01,0.16,0.9994,19564.91,31205.609
300389.SZ,20240709,11.5,11.93,11.3,11.87,11.48,0.39,3.3972,37663.2,43925.253
002401.SZ,20240709,13.67,13.86,13.26,13.82,13.6,0.22,1.6176,39061.98,53121.792
300789.SZ,20240709,11.92,12.42,11.54,12.34,11.91,0.43,3.6104,13448.34,16228.807
301489.SZ,20240709,64.42,68.57,63.5,68.56,64.51,4.05,6.2781,21763.6,145269.228
688339.SH,20240709,27.29,27.77,26.75,27.54,27.25,0.29,1.0642,10226.23,27966.41
301038.SZ,20240709,13.57,13.85,13.22,13.67,13.71,-0.04,-0.2918,25423,34440.779
301113.SZ,20240709,18.19,18.6,17.61,18.53,18.19,0.34,1.8692,5365,9748.734
603020.SH,20240709,6.75,6.75,6.51,6.73,6.67,0.06,0.8996,16669.16,11059.351
002098.SZ,20240709,5.25,5.56,5.22,5.53,5.28,0.25,4.7348,38519,21004.994
600053.SH,20240709,12.91,13.17,12.48,13.16,12.92,0.24,1.8576,71511.8,92568.837
920227.BJ,20240709,17.97,18.17,17.5,18.13,17.86,0.27,1.5118,1329.69,2380.145
000786.SZ,20240709,27.7,27.79,26.88,27.3,27.9,-0.6,-2.1505,141310.31,386294.349
300115.SZ,20240709,11.45,12.34,11.41,12.3,11.44,0.86,7.5175,1074473.13,1286219.878
600988.SH,20240709,18.19,19.08,18.03,18.85,18.2,0.65,3.5714,525721.41,979722.832
603878.SH,20240709,6.2,6.34,6.1,6.3,6.2,0.1,1.6129,52294.24,32563.986
300310.SZ,20240709,3.53,3.65,3.46,3.62,3.53,0.09,2.5496,172923.63,61657.753
301080.SZ,20240709,32.46,32.94,31.71,32.66,32.46,0.2,0.6161,14056,45436.427
300300.SZ,20240709,1.12,1.16,1.11,1.12,1.12,0,0,261677.62,29519.288
300808.SZ,20240709,16.75,17.37,16.62,17.37,16.75,0.62,3.7015,19336.09,33037.296
002860.SZ,20240709,7.67,7.95,7.62,7.94,7.67,0.27,3.5202,32282.27,25129.311
600510.SH,20240709,3.55,3.58,3.44,3.55,3.55,0,0,57949.61,20391.774
002548.SZ,20240709,3.84,3.89,3.66,3.82,3.83,-0.01,-0.2611,128288.59,48317.626
688399.SH,20240709,66.45,68,65,67.98,66.45,1.53,2.3025,8203.39,54746.806
603429.SH,20240709,3.95,4.01,3.82,3.91,3.95,-0.04,-1.0127,56595.8,22060.123
000530.SZ,20240709,3.43,3.51,3.36,3.51,3.46,0.05,1.4451,83125,28628.752
600361.SH,20240709,4,4.31,3.94,4.27,4.01,0.26,6.4838,819636.26,341442.12
600643.SH,20240709,3.72,3.78,3.64,3.76,3.71,0.05,1.3477,77123.38,28664.265
000631.SZ,20240709,2.26,2.31,2.22,2.3,2.27,0.03,1.3216,81366.38,18474.438
688577.SH,20240709,33.04,33.78,31.8,32.99,33.28,-0.29,-0.8714,9852.17,32238.732
002848.SZ,20240709,6.46,6.67,6.3,6.6,6.4,0.2,3.125,37112,24119.117
000503.SZ,20240709,6.51,6.55,6.25,6.47,6.53,-0.06,-0.9188,173164.19,110563.11
688718.SH,20240709,8,8.3,8,8.16,8.07,0.09,1.1152,8275.25,6697.175
000702.SZ,20240709,4.09,4.15,3.86,4.03,4.08,-0.05,-1.2255,208158,83297.145
601669.SH,20240709,5.49,5.54,5.38,5.53,5.49,0.04,0.7286,1404083.24,767817.884
600035.SH,20240709,4.35,4.43,4.33,4.43,4.33,0.1,2.3095,151339.44,66428.84
300358.SZ,20240709,7.01,7.2,6.9,7.17,7.01,0.16,2.2825,53753.5,37881.481
601011.SH,20240709,1.55,1.58,1.5,1.56,1.55,0.01,0.6452,356174.5,54842.342
301161.SZ,20240709,14.4,14.71,13.93,14.65,14.45,0.2,1.3841,14018.6,20180.674
301035.SZ,20240709,39.99,39.99,38.66,39.17,39.85,-0.68,-1.7064,9180.27,35963.683
600816.SH,20240709,2.56,2.61,2.54,2.58,2.57,0.01,0.3891,286241.63,73808.772
600132.SH,20240709,58.42,60.78,57.21,60.29,58.5,1.79,3.0598,58822.1,346675.185
300184.SZ,20240709,4.38,4.58,4.35,4.57,4.38,0.19,4.3379,318861.13,142926.196
001283.SZ,20240709,41.19,41.48,40.28,40.42,41.31,-0.89,-2.1544,11719,47736.263
300890.SZ,20240709,23.65,24.07,22.99,23.96,23.52,0.44,1.8707,31174,73606.126
920974.BJ,20240709,4.57,5.03,4.51,5.03,4.59,0.44,9.5861,17752.91,8579.582
000029.SZ,20240709,10.6,10.73,10.35,10.62,10.62,0,0,25472,26867.732
000761.SZ,20240709,2.52,2.56,2.46,2.54,2.53,0.01,0.3953,74796.95,18807.055
002639.SZ,20240709,4.82,4.86,4.6,4.83,4.85,-0.02,-0.4124,96980.95,45992.787
002459.SZ,20240709,9.9,9.96,9.66,9.88,9.89,-0.01,-0.1011,666033.99,654207.648
001282.SZ,20240709,18.72,18.76,17.88,18.71,18.69,0.02,0.107,16732.52,30811.472
300796.SZ,20240709,14.2,14.35,13.94,14.23,14.23,0,0,23166.12,32880.543
688692.SH,20240709,204.81,214.96,199.6,210.96,205.3,5.66,2.7569,10628.81,219625.558
002140.SZ,20240709,7.41,7.6,7.31,7.6,7.4,0.2,2.7027,38444.2,28757.758
603383.SH,20240709,28.5,28.74,27.2,27.71,28.53,-0.82,-2.8742,80213.04,222446.264
301419.SZ,20240709,22.93,24.15,22.7,24.04,22.92,1.12,4.8866,13119.75,30959.445
300622.SZ,20240709,11.69,11.77,11.33,11.67,11.61,0.06,0.5168,9581.31,11110.87
002075.SZ,20240709,4.46,4.61,4.35,4.59,4.52,0.07,1.5487,882504.08,395966.665
300454.SZ,20240709,47.35,49.86,46.77,49.27,47.03,2.24,4.7629,38293.65,186094.335
000159.SZ,20240709,5.26,5.26,4.83,4.99,5.28,-0.29,-5.4924,93466.11,46498.755
002606.SZ,20240709,7.49,7.84,7.42,7.82,7.51,0.31,4.1278,182845.2,140138.864
603968.SH,20240709,9.64,9.76,9.28,9.69,9.64,0.05,0.5187,15650,14903.264
600337.SH,20240709,1.99,2.07,1.96,2.02,1.95,0.07,3.5897,129414.2,26135.584
301215.SZ,20240709,5.14,5.37,5.14,5.37,5.11,0.26,5.0881,231911,122370.734
002693.SZ,20240709,4.32,4.38,4.17,4.32,4.32,0,0,47895.66,20428.124
603236.SH,20240709,42.32,44.73,41.94,44.26,42.25,2.01,4.7574,58228.95,253377.676
002475.SZ,20240709,39.37,41.61,39.06,41.39,39.37,2.02,5.1308,1142993.94,4665735.421
001266.SZ,20240709,17.67,18.72,17.55,18.57,17.8,0.77,4.3258,40998.42,74875.084
301001.SZ,20240709,17.13,17.96,16.6,17.88,17.4,0.48,2.7586,25910,45013.899
300224.SZ,20240709,8.78,9,8.66,8.92,8.78,0.14,1.5945,48675.75,43012.195
600058.SH,20240709,6.44,6.51,6.27,6.47,6.45,0.02,0.3101,43399.12,27755.813
300661.SZ,20240709,75.45,77.63,75.02,76.77,75.92,0.85,1.1196,40902.02,313499.289
600428.SH,20240709,6,6.11,5.9,6.09,5.97,0.12,2.0101,243616.04,146478.585
300052.SZ,20240709,11.31,11.37,10.81,11.31,11.27,0.04,0.3549,46122.55,51337.981
301079.SZ,20240709,11.86,12.49,11.7,12.43,12.07,0.36,2.9826,31433.3,38207.576
002102.SZ,20240709,2.35,2.48,2.33,2.43,2.36,0.07,2.9661,283591.3,68200.828
000010.SZ,20240709,1.67,1.7,1.62,1.7,1.69,0.01,0.5917,326785.01,54268.449
601816.SH,20240709,5.48,5.53,5.4,5.52,5.47,0.05,0.9141,1321093.44,723824.296
603101.SH,20240709,4.69,4.78,4.5,4.65,4.84,-0.19,-3.9256,49322.08,22793.177
603600.SH,20240709,10.68,11.01,10.61,10.86,10.79,0.07,0.6487,34159,37093.359
600599.SH,20240709,8.13,8.38,8,8.37,8.14,0.23,2.8256,9174.01,7553.416
688382.SH,20240709,6.72,6.83,6.5,6.73,6.79,-0.06,-0.8837,63131.79,42070.98
600830.SH,20240709,6.47,7.16,6.47,7.04,6.68,0.36,5.3892,319599.16,220900.432
000920.SZ,20240709,7.23,7.36,7.11,7.31,7.23,0.08,1.1065,22974.01,16628.212
601818.SH,20240709,3.24,3.27,3.22,3.27,3.24,0.03,0.9259,1192512.4,386838.281
603703.SH,20240709,9.2,9.21,8.74,8.84,9.18,-0.34,-3.7037,87440.1,77764.376
301002.SZ,20240709,14.79,15.39,14.5,15.35,14.64,0.71,4.8497,25672.19,38545.59
300662.SZ,20240709,14.59,14.78,14.27,14.71,14.57,0.14,0.9609,34104,49669.476
920267.BJ,20240709,10.4,11.58,10.09,11.33,10.29,1.04,10.1069,9781.7,10830.551
600375.SH,20240709,3.97,4.03,3.86,3.97,3.96,0.01,0.2525,18263,7208.035
600055.SH,20240709,11.94,12.08,11.62,11.99,11.91,0.08,0.6717,34711.84,41237.198
301090.SZ,20240709,6.44,6.59,6.37,6.57,6.47,0.1,1.5456,37987.25,24692.117
600990.SH,20240709,16.07,16.43,15.73,16.35,16.14,0.21,1.3011,51970.52,83674.197
300258.SZ,20240709,7.57,7.81,7.47,7.8,7.58,0.22,2.9024,57271.02,43901.815
000037.SZ,20240709,8.62,8.84,8.33,8.73,8.66,0.07,0.8083,161526,138426.782
301126.SZ,20240709,8.99,9.02,8.62,8.98,8.99,-0.01,-0.1112,41200,36477.884
003031.SZ,20240709,39.8,42.78,39.7,42.6,40.1,2.5,6.2344,32903.46,136443.483
600196.SH,20240709,21.9,22.13,21.62,22.04,21.9,0.14,0.6393,87471.13,191490.222
600743.SH,20240709,1.16,1.18,1.15,1.18,1.17,0.01,0.8547,114873,13426.66
301502.SZ,20240709,34.98,35.97,34.62,35.87,34.98,0.89,2.5443,9803.38,34915.229
601200.SH,20240709,8.37,8.53,8.3,8.51,8.38,0.13,1.5513,37635.05,31651.212
300700.SZ,20240709,6.93,7.18,6.82,7.12,6.94,0.18,2.5937,61532.42,43471.096
688653.SH,20240709,13.88,14.99,13.55,14.83,14,0.83,5.9286,99508.08,143412.294
002142.SZ,20240709,21.54,21.8,21.31,21.7,21.51,0.19,0.8833,284063.73,613766.277
688626.SH,20240709,29.19,29.57,28.67,29.31,28.96,0.35,1.2086,4845.34,14066.805
600130.SH,20240709,3.06,3.16,3.03,3.16,3.07,0.09,2.9316,110705.94,34303.557
600831.SH,20240709,2.67,2.67,2.67,2.67,2.81,-0.14,-4.9822,938,250.446
603078.SH,20240709,12.26,13.27,12.14,13.21,12.3,0.91,7.3984,140312.95,180599.117
300717.SZ,20240709,14.67,15.05,14.37,14.96,14.76,0.2,1.355,29608.8,43798.765
002286.SZ,20240709,6.1,6.24,6.05,6.23,6.22,0.01,0.1608,114577.45,70570.875
605167.SH,20240709,7.14,7.3,7.02,7.25,7.14,0.11,1.5406,27230,19560.203
920651.BJ,20240709,13.15,13.15,12.64,13.14,13.04,0.1,0.7669,641.95,830.452
920284.BJ,20240709,5.66,5.66,5.2,5.48,5.43,0.05,0.9208,7017.13,3841.135
000605.SZ,20240709,4.49,4.58,4.38,4.58,4.47,0.11,2.4609,52402,23546.267
000676.SZ,20240709,5.5,5.64,5.34,5.6,5.53,0.07,1.2658,389602.65,214278.692
688601.SH,20240709,39.7,44.62,39.42,44.13,40.02,4.11,10.2699,65691.83,280089.227
002518.SZ,20240709,16.32,16.67,16.02,16.56,16.3,0.26,1.5951,50845.45,83126.178
300643.SZ,20240709,12.08,12.84,11.89,12.76,11.9,0.86,7.2269,239017,295919.163
301148.SZ,20240709,16.5,16.68,16,16.59,16.8,-0.21,-1.25,17079,27937.283
002150.SZ,20240709,11.75,12.14,11.63,12.05,11.85,0.2,1.6878,23169.33,27582.576
603038.SH,20240709,6.85,6.97,6.64,6.89,6.84,0.05,0.731,26445.3,18020.895
920058.BJ,20240709,15.73,15.95,15.37,15.84,15.65,0.19,1.2141,1592.37,2498.451
002053.SZ,20240709,11.69,11.99,11.47,11.97,11.69,0.28,2.3952,70313.92,82446.241
920230.BJ,20240709,8.64,8.84,8.52,8.8,8.7,0.1,1.1494,6239.68,5448.37
600846.SH,20240709,6.19,6.35,6.15,6.34,6.22,0.12,1.9293,51286.45,32154.208
300092.SZ,20240709,9.74,10.07,9.62,10,9.73,0.27,2.7749,63859,63050.604
600584.SH,20240709,31.13,33.27,30.91,33.11,31.22,1.89,6.0538,706996.87,2298503.398
300660.SZ,20240709,23.78,24.88,23.6,24.75,23.91,0.84,3.5132,36768.48,89363.995
920427.BJ,20240709,8.38,8.58,8.11,8.33,8.41,-0.08,-0.9512,1945.86,1616.482
300601.SZ,20240709,14.86,15.03,14.63,14.94,14.85,0.09,0.6061,89926.62,133255.357
301068.SZ,20240709,19.27,20.03,19.11,19.96,19.66,0.3,1.5259,1961.79,3861.739
600160.SH,20240709,24.77,24.77,23.16,23.95,24.58,-0.63,-2.5631,422213.37,1002912.856
300236.SZ,20240709,30.31,32.06,30.13,31.93,30.31,1.62,5.3448,50309.94,157516.998
301115.SZ,20240709,12.48,12.58,12.19,12.52,12.48,0.04,0.3205,8323.2,10313.581
600246.SH,20240709,6.73,6.85,6.45,6.75,6.72,0.03,0.4464,359855.98,239635.989
001896.SZ,20240709,4.06,4.14,4.01,4.14,4.07,0.07,1.7199,147593.11,60355.552
002820.SZ,20240709,7.28,7.42,7.1,7.4,7.26,0.14,1.9284,24482.06,17812.463
002978.SZ,20240709,26.6,27.6,26.53,27.36,26.86,0.5,1.8615,13575.04,36714.274
600190.SH,20240709,1.38,1.41,1.36,1.4,1.39,0.01,0.7194,224617.53,31170.919
920533.BJ,20240709,11.24,11.67,10.94,11.44,11.24,0.2,1.7794,4102.26,4650.024
300238.SZ,20240709,8.79,8.95,8.52,8.9,8.82,0.08,0.907,44209.03,38675.301
605138.SH,20240709,4.71,4.77,4.55,4.75,4.71,0.04,0.8493,25745,12054.738
688006.SH,20240709,16.18,16.68,16.04,16.56,16.29,0.27,1.6575,22087.5,36069.528
000552.SZ,20240709,3.31,3.43,3.25,3.4,3.31,0.09,2.719,553745.78,184870.262
600439.SH,20240709,2.08,2.12,2.04,2.12,2.08,0.04,1.9231,92442.07,19273.481
002480.SZ,20240709,2.99,3,2.87,2.99,2.98,0.01,0.3356,78372,23031.273
301379.SZ,20240709,16.55,17.54,16.47,17.52,16.67,0.85,5.099,35189.75,60552.524
300458.SZ,20240709,22.72,24.48,22.54,24.46,22.84,1.62,7.0928,499756.7,1192920.698
001316.SZ,20240709,27.55,27.98,26.87,27.84,27.55,0.29,1.0526,5671,15633.013
688593.SH,20240709,8.9,9.38,8.85,9.35,8.93,0.42,4.7032,18718.32,17184.859
920892.BJ,20240709,7.5,7.61,7.24,7.61,7.55,0.06,0.7947,3536.66,2620.614
002258.SZ,20240709,7.57,7.66,7.35,7.57,7.59,-0.02,-0.2635,65717.18,49344.106
688046.SH,20240709,9.38,9.47,9.09,9.14,9.38,-0.24,-2.5586,34764.87,32194.824
688001.SH,20240709,21.56,22.79,21.36,22.65,21.56,1.09,5.0557,16106.98,35797.883
002664.SZ,20240709,11.44,11.85,11.25,11.84,11.37,0.47,4.1337,39079.72,45261.252
600892.SH,20240709,3.86,3.9,3.71,3.87,3.86,0.01,0.2591,47778,18148.774
000700.SZ,20240709,5,5.16,4.96,5.16,4.99,0.17,3.4068,145186.81,73633.483
603316.SH,20240709,3.58,3.6,3.39,3.56,3.55,0.01,0.2817,35332,12400.001
300275.SZ,20240709,9.36,9.53,9.07,9.5,9.4,0.1,1.0638,30845.05,28736.103
600668.SH,20240709,7.67,7.72,7.47,7.62,7.68,-0.06,-0.7813,23195.14,17593.011
688388.SH,20240709,9.43,9.57,9.16,9.51,9.46,0.05,0.5285,58711.87,55157.966
002294.SZ,20240709,26.62,26.9,26.01,26.67,26.76,-0.09,-0.3363,32478.6,86114.476
600299.SH,20240709,9.55,9.82,9.51,9.82,9.53,0.29,3.043,67503.28,65380.268
300946.SZ,20240709,25.77,27.66,25.47,27.38,25.86,1.52,5.8778,54116.82,145126.986
600507.SH,20240709,3.78,3.87,3.76,3.86,3.78,0.08,2.1164,133560.61,51104.086
301116.SZ,20240709,9.5,9.5,9,9.28,9.46,-0.18,-1.9027,58623.15,54075.534
603281.SH,20240709,22.41,23.06,22.41,23.05,22.55,0.5,2.2173,10918.14,24981.988
920471.BJ,20240709,8.9,9.12,8.76,9.08,8.8,0.28,3.1818,4047.95,3641.032
300170.SZ,20240709,5.87,6.05,5.73,6.02,5.87,0.15,2.5554,245574.59,144749.767
002782.SZ,20240709,10.08,10.65,10.02,10.6,10.12,0.48,4.7431,54208.35,56231.088
601919.SH,20240709,14.29,14.64,14.16,14.52,14.4,0.12,0.8333,1599657.21,2301868.419
600383.SH,20240709,3.27,3.31,3.19,3.29,3.26,0.03,0.9202,916083.06,298338.205
002304.SZ,20240709,76.63,77.92,76.03,77.6,76.81,0.79,1.0285,49388.69,379530.669
002823.SZ,20240709,15.2,15.95,14.87,15.95,14.5,1.45,10,536916.06,835377.106
301398.SZ,20240709,36.68,37.81,36.11,37.77,36.64,1.13,3.0841,9659.88,35824.253
688337.SH,20240709,22.45,23.22,22.04,23,22.45,0.55,2.4499,8306.81,18864.571
920300.BJ,20240709,6.63,6.78,6.42,6.7,6.64,0.06,0.9036,3112.03,2068.046
300989.SZ,20240709,10.8,11.19,10.5,11.11,10.92,0.19,1.7399,41591.1,45250.56
002320.SZ,20240709,4.99,5.05,4.85,5,4.99,0.01,0.2004,177387.25,87801.984
300742.SZ,20240709,0.25,0.25,0.23,0.24,0.25,-0.01,-4,68089.8,1646.687
603338.SH,20240709,53,53.53,51.29,53.35,53.12,0.23,0.433,56374.95,295617.617
301237.SZ,20240709,22.87,25.8,22.46,24.52,22.53,1.99,8.8327,31495.23,76610.295
301007.SZ,20240709,11.23,11.8,11.15,11.77,11.28,0.49,4.344,77923.11,89822.044
600645.SH,20240709,15.71,15.99,15.44,15.93,15.7,0.23,1.465,47636,74991.919
600180.SH,20240709,3.69,3.74,3.6,3.73,3.67,0.06,1.6349,51863,19057.886
002996.SZ,20240709,5.74,5.89,5.62,5.88,5.72,0.16,2.7972,28825.25,16625.969
300647.SZ,20240709,4.41,4.76,4.37,4.71,4.46,0.25,5.6054,329097.6,150449.406
600577.SH,20240709,3.72,3.9,3.66,3.86,3.69,0.17,4.607,407427.53,153997.654
002575.SZ,20240709,4.14,4.17,4.03,4.05,4.12,-0.07,-1.699,63079,25716.094
002340.SZ,20240709,6.08,6.35,6.06,6.33,6.12,0.21,3.4314,660385.37,410507.356
301383.SZ,20240709,24.31,26.7,24.31,26.7,24.68,2.02,8.1848,70579.71,181837.564
300636.SZ,20240709,9.38,9.48,8.88,9.41,9.39,0.02,0.213,64351.5,59292.942
301189.SZ,20240709,19.99,21.3,19.99,21.25,19.99,1.26,6.3032,30471,62951.774
600987.SH,20240709,6.77,6.9,6.74,6.89,6.77,0.12,1.7725,62653.89,42802.399
002602.SZ,20240709,3.25,3.27,3.15,3.26,3.24,0.02,0.6173,790385.54,254358.422
002877.SZ,20240709,6.71,6.86,6.56,6.85,6.69,0.16,2.3916,46988,31637.478
600064.SH,20240709,5.96,6.04,5.88,6.02,5.95,0.07,1.1765,113068.27,67434.562
600155.SH,20240709,5.7,5.86,5.66,5.84,5.7,0.14,2.4561,221212,127718.334
300050.SZ,20240709,2.63,2.64,2.51,2.62,2.63,-0.01,-0.3802,184418.13,47760.836
300132.SZ,20240709,3.37,3.44,3.31,3.43,3.39,0.04,1.1799,39433,13349.545
603876.SH,20240709,8.51,8.74,8.39,8.67,8.56,0.11,1.285,79531.72,68314.199
300204.SZ,20240709,5.61,5.65,5.41,5.63,5.61,0.02,0.3565,41194,22860.51
300319.SZ,20240709,9.68,10.22,9.63,10.04,9.79,0.25,2.5536,918637.81,911893.243
301418.SZ,20240709,34.73,36.85,34.4,36.45,34.78,1.67,4.8016,11584.86,41542.571
000881.SZ,20240709,6.16,6.3,6.11,6.26,6.19,0.07,1.1309,48494.37,30142.576
002371.SZ,20240709,317.02,326,314.36,324.79,316.6,8.19,2.5869,51259.86,1647796.716
603058.SH,20240709,8.58,8.85,8.52,8.65,8.5,0.15,1.7647,247746,214624.043
002513.SZ,20240709,3.38,3.48,3.28,3.38,3.41,-0.03,-0.8798,37887,12713.71
002716.SZ,20240709,3.13,3.29,3.1,3.24,3.19,0.05,1.5674,508612,162148.312
601599.SH,20240709,2.76,2.79,2.69,2.78,2.76,0.02,0.7246,141614.9,38843.751
600704.SH,20240709,4.15,4.27,4.13,4.24,4.17,0.07,1.6787,292235.3,122895.83
000993.SZ,20240709,9.08,9.15,8.61,9.08,9.08,0,0,108228,96185.045
301258.SZ,20240709,24,24.32,23.22,24.3,24,0.3,1.25,23962,56850
688533.SH,20240709,24.54,25.66,24.34,25.56,24.71,0.85,3.4399,10271.24,25822.926
002127.SZ,20240709,2.57,2.59,2.5,2.56,2.57,-0.01,-0.3891,220656.39,56156.079
002349.SZ,20240709,6.51,6.59,6.31,6.51,6.52,-0.01,-0.1534,82683.92,53410.975
600585.SH,20240709,24.6,24.87,24.43,24.7,24.7,0,0,191426.95,471312.78
603042.SH,20240709,9.91,10.71,9.59,10.6,10.19,0.41,4.0236,216954,220305.258
300668.SZ,20240709,15.46,17.56,15.44,16.31,15,1.31,8.7333,23010.64,38020.684
603693.SH,20240709,11.53,11.76,11.2,11.74,11.47,0.27,2.354,59182.53,68006.95
002718.SZ,20240709,9.39,9.68,9.06,9.35,9.8,-0.45,-4.5918,18828.5,17592.741
002135.SZ,20240709,3.77,3.81,3.68,3.77,3.78,-0.01,-0.2646,76022.8,28529.985
301181.SZ,20240709,21.81,23.67,21.7,23.62,22.15,1.47,6.6366,64077.76,147373.666
600999.SH,20240709,13.62,13.84,13.48,13.82,13.61,0.21,1.543,123953.66,169377.9
301071.SZ,20240709,26.28,26.66,25.75,26.57,26.19,0.38,1.4509,21429.04,56402.816
300514.SZ,20240709,13.19,13.75,12.89,13.68,13.18,0.5,3.7936,58006.34,77763.528
688599.SH,20240709,15.92,15.98,15.38,15.8,15.9,-0.1,-0.6289,257261.82,402435.145
300842.SZ,20240709,37.62,38.5,37.1,38.35,37.6,0.75,1.9947,33793.68,127899.107
601918.SH,20240709,10.06,10.44,9.96,10.36,10.08,0.28,2.7778,231137.08,236964.504
600746.SH,20240709,5.91,6.04,5.82,6.03,5.9,0.13,2.2034,25238.94,15000.64
300173.SZ,20240709,3.48,3.59,3.42,3.57,3.5,0.07,2,102972,36212.216
002780.SZ,20240709,8.38,8.58,8.2,8.46,8.51,-0.05,-0.5875,26086.95,21915.267
688448.SH,20240709,16.29,17.07,15.94,16.84,16.37,0.47,2.8711,12336.1,20314.328
601003.SH,20240709,2.62,2.65,2.57,2.63,2.62,0.01,0.3817,40365,10564.207
600187.SH,20240709,1.36,1.38,1.31,1.35,1.37,-0.02,-1.4599,319686,42815.603
301265.SZ,20240709,7.51,7.65,7.33,7.54,7.52,0.02,0.266,15174.35,11349.555
300593.SZ,20240709,8.89,9.07,8.5,8.99,8.91,0.08,0.8979,127962.81,112022.718
301170.SZ,20240709,22.95,23.97,22.9,23.88,23.09,0.79,3.4214,24015.37,56540.208
301052.SZ,20240709,19.94,20.01,18.93,19.91,19.64,0.27,1.3747,41646.75,81420.148
002282.SZ,20240709,5.99,6.27,5.97,6.26,6.05,0.21,3.4711,37218,22775.663
601609.SH,20240709,5.59,5.75,5.53,5.73,5.62,0.11,1.9573,58394.83,33054.373
600004.SH,20240709,9.4,9.74,9.4,9.72,9.26,0.46,4.9676,267417.78,256300.185
301286.SZ,20240709,26.87,27.39,26.42,26.83,26.66,0.17,0.6377,3783.13,10184.802
300625.SZ,20240709,9.82,10.16,9.73,10.14,9.85,0.29,2.9442,14149.43,14090.782
600609.SH,20240709,3.29,3.3,3.13,3.3,3.25,0.05,1.5385,112720.31,36379.098
300424.SZ,20240709,11.24,11.6,10.93,11.57,11.24,0.33,2.9359,79175.8,89452.824
301421.SZ,20240709,39.35,40.93,38.78,40.91,39,1.91,4.8974,35184.66,141654.025
600060.SH,20240709,23.18,23.25,22.67,22.72,23.2,-0.48,-2.069,66757.23,152528.377
002539.SZ,20240709,7,7.12,6.85,7.08,7.02,0.06,0.8547,95665.51,66920.641
003017.SZ,20240709,15.6,15.78,15.1,15.74,15.5,0.24,1.5484,8873,13738.95
002507.SZ,20240709,11.87,12.08,11.72,12.04,11.91,0.13,1.0915,84990.83,101163.137
605007.SH,20240709,12.41,12.6,12.2,12.59,12.35,0.24,1.9433,20025,24807.971
001202.SZ,20240709,10.66,10.9,10.33,10.9,10.66,0.24,2.2514,9398,9992.969
002297.SZ,20240709,5.62,5.74,5.51,5.72,5.63,0.09,1.5986,79319,44824.424
002242.SZ,20240709,9.92,10.11,9.84,10.08,9.94,0.14,1.4085,33983.47,33972.755
600637.SH,20240709,5.91,6.01,5.84,5.98,5.91,0.07,1.1844,165799.01,98325.233
301525.SZ,20240709,53.27,54.28,52.03,54.08,53.34,0.74,1.3873,7440.42,39607.453
600676.SH,20240709,2.78,2.94,2.77,2.8,2.74,0.06,2.1898,67646.33,19197.577
600638.SH,20240709,3.72,3.77,3.63,3.7,3.72,-0.02,-0.5376,75202.41,27756.715
002131.SZ,20240709,1.38,1.45,1.35,1.45,1.38,0.07,5.0725,1626671.22,228358.074
605058.SH,20240709,17.6,18.4,17.54,18.4,17.69,0.71,4.0136,30352,54958.663
600078.SH,20240709,5.89,6.01,5.76,5.97,5.83,0.14,2.4014,51984,30679.417
688689.SH,20240709,19.8,21.23,19.66,21.12,19.85,1.27,6.398,23617.82,48975.022
002315.SZ,20240709,24.97,25.94,24.81,25.82,24.9,0.92,3.6948,47473,120612.928
600080.SH,20240709,5.99,6.04,5.84,6.03,5.99,0.04,0.6678,15499.13,9220.932
600807.SH,20240709,2.86,2.87,2.77,2.85,2.85,0,0,63973,17987.828
002206.SZ,20240709,3.74,3.85,3.68,3.83,3.76,0.07,1.8617,127850.1,48221.13
300860.SZ,20240709,20.15,20.68,19.9,20.57,20.35,0.22,1.0811,14372.2,29223.042
603093.SH,20240709,8.38,8.69,8.24,8.69,8.32,0.37,4.4471,49199.94,41659.583
603239.SH,20240709,14,14.62,13.99,14.61,14.17,0.44,3.1052,54706.83,78496.328
300731.SZ,20240709,13.63,14.52,13.52,14.51,13.85,0.66,4.7653,53612,75884.478
300938.SZ,20240709,18.67,19.5,18.45,19.4,18.68,0.72,3.8544,19499.64,37282.694
300995.SZ,20240709,14.48,15.1,14.34,15.01,14.47,0.54,3.7319,11379,16802.865
600262.SH,20240709,15.45,16,15.31,15.98,15.55,0.43,2.7653,17864.88,28037.805
002241.SZ,20240709,19.9,20.8,19.68,20.68,19.71,0.97,4.9214,1255071.62,2572939.777
600171.SH,20240709,16.21,18.13,16.13,18.03,16.48,1.55,9.4053,1266876.07,2217120.864
300494.SZ,20240709,9.22,9.39,8.93,9.36,9.23,0.13,1.4085,158969.4,145872.507
300921.SZ,20240709,17.4,18.6,17.2,18.45,17.77,0.68,3.8267,82536.5,148590.649
603135.SH,20240709,12,12.2,11.87,12.17,12.01,0.16,1.3322,10132.97,12230.726
000958.SZ,20240709,3.55,3.65,3.52,3.63,3.56,0.07,1.9663,146323.91,52549.979
300289.SZ,20240709,3.79,3.81,3.65,3.76,3.8,-0.04,-1.0526,49538.92,18466.981
002581.SZ,20240709,9.22,9.35,8.86,9.16,9.21,-0.05,-0.5429,42809.02,38750.654
002576.SZ,20240709,10.64,10.85,10.33,10.84,10.6,0.24,2.2642,21135,22480.3
688636.SH,20240709,18.35,18.89,18.01,18.85,18.47,0.38,2.0574,29723.8,54912.597
300806.SZ,20240709,9.98,10.62,9.87,10.6,10,0.6,6,176739.97,183298.861
600665.SH,20240709,2.1,2.12,2.02,2.1,2.1,0,0,190442.4,39305.421
301171.SZ,20240709,14.04,14.5,13.79,14.47,14.09,0.38,2.6969,88423.52,125445.962
603662.SH,20240709,21.64,22.59,21.4,22.55,21.67,0.88,4.0609,60966.83,134211.929
002706.SZ,20240709,6.29,6.43,6.21,6.38,6.28,0.1,1.5924,154458.1,97847.969
603200.SH,20240709,20,21.09,19.65,21.09,19.9,1.19,5.9799,43134.25,88104.182
600683.SH,20240709,3.58,3.66,3.52,3.64,3.6,0.04,1.1111,78569.5,28252.783
300166.SZ,20240709,5.85,6.03,5.69,6.02,5.84,0.18,3.0822,164012.96,96335.018
002957.SZ,20240709,12.31,13.05,12.24,13.03,12.35,0.68,5.5061,51719.72,65816.353
002267.SZ,20240709,8.2,8.33,8.09,8.33,8.22,0.11,1.3382,111014.31,91403.473
301325.SZ,20240709,38.62,38.76,37.56,38.36,38.62,-0.26,-0.6732,27495.38,104624.022
301155.SZ,20240709,37.37,38.25,36.02,38,37,1,2.7027,15811.8,58867.237
300404.SZ,20240709,7.44,7.47,7.06,7.37,7.39,-0.02,-0.2706,151136.07,109251.863
688550.SH,20240709,22.2,22.89,22.11,22.85,22.14,0.71,3.2069,15716.51,35438.046
688622.SH,20240709,14.42,14.9,14.23,14.74,14.52,0.22,1.5152,3559.22,5201.088
920014.BJ,20240709,6.94,7.03,6.79,7,6.89,0.11,1.5965,2306.34,1597.438
301139.SZ,20240709,19.99,21.08,19.46,20.82,19.93,0.89,4.4656,38534.66,78211.464
603277.SH,20240709,28.48,29.04,28.3,28.9,28.54,0.36,1.2614,7678,22089.803
002247.SZ,20240709,1.42,1.47,1.41,1.46,1.43,0.03,2.0979,220839.04,31865.423
301337.SZ,20240709,24.77,25.67,24.38,25.67,24.77,0.9,3.6334,33445.17,84095.53
000155.SZ,20240709,10.41,10.69,10.21,10.58,10.4,0.18,1.7308,88177.93,92311.9
601898.SH,20240709,12.61,12.77,12.41,12.76,12.65,0.11,0.8696,176512.53,222580.862
301012.SZ,20240709,21.98,23.09,21.9,23.05,22.23,0.82,3.6887,60680.8,137031.143
688502.SH,20240709,82.81,87,81.3,86.74,82.8,3.94,4.7585,8637.83,73265.796
300382.SZ,20240709,5.37,5.47,5.25,5.44,5.36,0.08,1.4925,72314.34,38867.297
603170.SH,20240709,11.6,11.7,11.3,11.57,11.51,0.06,0.5213,11912.5,13706.847
603987.SH,20240709,5.94,6.04,5.8,6.01,6,0.01,0.1667,48672.56,28917.599
601916.SH,20240709,2.78,2.82,2.76,2.81,2.77,0.04,1.444,825671.97,230575.836
301280.SZ,20240709,36.34,37.4,35.4,37.23,36.35,0.88,2.4209,13573.69,49496.647
600623.SH,20240709,5.94,6.21,5.85,6.16,5.77,0.39,6.7591,327752.91,197760.803
301528.SZ,20240709,39.23,40.19,38.51,40,39.23,0.77,1.9628,4053.5,15997.273
600048.SH,20240709,8.56,8.63,8.38,8.56,8.55,0.01,0.117,998540.42,849792.364
300977.SZ,20240709,16.43,17.03,15.95,16.9,16.68,0.22,1.3189,104825.81,173329.7
301550.SZ,20240709,42.18,43.74,41.75,43.68,42.05,1.63,3.8763,43393.68,185742.67
605580.SH,20240709,8.36,8.45,8.11,8.4,8.38,0.02,0.2387,13552.2,11295.589
603121.SH,20240709,6.57,6.83,6.5,6.8,6.55,0.25,3.8168,40568.3,27123.922
000021.SZ,20240709,14.05,15.07,14.02,15.01,14.14,0.87,6.1528,782883.46,1149457.184
300033.SZ,20240709,95.98,97.87,95.25,97.17,95.31,1.86,1.9515,67258.85,651175.041
688032.SH,20240709,102.66,103.45,100.5,101.52,102.82,-1.3,-1.2643,13565.89,138120.149
600546.SH,20240709,14,14.2,13.81,14.11,14.01,0.1,0.7138,138946,194483.951
600728.SH,20240709,3.63,3.69,3.55,3.68,3.62,0.06,1.6575,158810.85,57679.025
603790.SH,20240709,9.01,9.28,9,9.16,9.14,0.02,0.2188,13406.5,12238.484
300432.SZ,20240709,6.13,6.31,6,6.27,6.14,0.13,2.1173,116823.52,71985.134
002314.SZ,20240709,2,2.03,1.95,2.01,2.03,-0.02,-0.9852,128208,25592.459
688004.SH,20240709,10.06,10.28,9.66,10.21,10,0.21,2.1,13652.12,13665.644
600415.SH,20240709,7.27,7.37,7.17,7.35,7.29,0.06,0.823,221615.95,161285.355
603799.SH,20240709,21.12,21.58,20.82,21.44,21.13,0.31,1.4671,221798.02,470796.206
002233.SZ,20240709,7.21,7.33,7.15,7.25,7.34,-0.09,-1.2262,108406.13,78553.364
301177.SZ,20240709,18.14,18.32,17.6,18.15,18.14,0.01,0.0551,11457.73,20565.295
601326.SH,20240709,3.24,3.37,3.24,3.36,3.24,0.12,3.7037,280861.94,92872.642
300633.SZ,20240709,33.45,33.45,32.06,32.34,33.56,-1.22,-3.6353,55844.23,181763.453
300187.SZ,20240709,4.12,4.2,4.05,4.17,4.12,0.05,1.2136,48577.23,20087.424
603602.SH,20240709,11.66,12.43,11.57,12.39,11.66,0.73,6.2607,45694.22,55458.776
601579.SH,20240709,9.49,9.58,9.2,9.56,9.47,0.09,0.9504,90020.82,84486.674
300210.SZ,20240709,7.63,7.84,7.47,7.8,7.63,0.17,2.228,123157.07,94559.679
600456.SH,20240709,24.49,24.73,23.87,24.56,24.45,0.11,0.4499,53396,130173.636
600918.SH,20240709,5.35,5.47,5.3,5.45,5.35,0.1,1.8692,159945.15,86384.644
600829.SH,20240709,5.55,5.57,5.37,5.55,5.51,0.04,0.726,32006,17511.474
002103.SZ,20240709,4.7,4.8,4.6,4.78,4.75,0.03,0.6316,73585,34665.298
002862.SZ,20240709,13.17,13.24,12.64,13.15,13,0.15,1.1538,20033,25971.877
600681.SH,20240709,3.32,3.34,3.26,3.32,3.33,-0.01,-0.3003,42573.26,14030.97
300440.SZ,20240709,4.97,5.06,4.78,5.02,4.99,0.03,0.6012,56197.12,27827.821
301328.SZ,20240709,33.9,39.97,33.71,37.16,34.06,3.1,9.1016,29128.33,107680.684
002528.SZ,20240709,1.73,1.78,1.69,1.71,1.78,-0.07,-3.9326,334508.83,57287.271
000590.SZ,20240709,5.07,5.14,4.92,5.1,5.07,0.03,0.5917,38069.18,19173.732
300130.SZ,20240709,15.19,15.89,15.09,15.8,15.19,0.61,4.0158,122141.46,189279.245
301157.SZ,20240709,29.29,30.37,28.59,30.28,29.38,0.9,3.0633,5590.07,16621.896
688486.SH,20240709,51.44,54.4,51.41,53.95,52.19,1.76,3.3723,6185.74,32980.973
600506.SH,20240709,12.13,12.69,12.04,12.63,12.12,0.51,4.2079,57743,71352.617
301266.SZ,20240709,27.82,28.8,27.23,28.59,27.82,0.77,2.7678,27047.9,75980.605
600582.SH,20240709,6.38,6.54,6.28,6.51,6.39,0.12,1.8779,266934.77,171268.776
603048.SH,20240709,13.76,14.3,13.57,14.27,13.73,0.54,3.933,17007,23835.447
300230.SZ,20240709,3.19,3.26,3.13,3.25,3.2,0.05,1.5625,78512,25175.097
300513.SZ,20240709,7.46,7.57,7.15,7.56,7.43,0.13,1.7497,66425.59,49189.197
300145.SZ,20240709,2.42,2.56,2.36,2.51,2.41,0.1,4.1494,276429,67690.871
002463.SZ,20240709,37.99,40.54,37.54,40.44,37.89,2.55,6.73,442993.46,1743513.69
300596.SZ,20240709,25.02,25.73,24.86,25.63,25.29,0.34,1.3444,20474.5,51909.717
600315.SH,20240709,17.1,17.37,16.95,17.3,17.09,0.21,1.2288,41931,71995.955
300306.SZ,20240709,8.74,9.06,8.63,9.06,8.78,0.28,3.1891,34367,30548.736
300674.SZ,20240709,10.35,10.59,10.1,10.54,10.35,0.19,1.8357,79141.8,81981.302
300442.SZ,20240709,22.16,23.05,21.94,22.89,22.16,0.73,3.2942,131975.05,297294.96
600089.SH,20240709,13.16,13.45,13.02,13.35,13.14,0.21,1.5982,323015.2,427391.878
002756.SZ,20240709,32.39,32.54,31.77,32.21,32.42,-0.21,-0.6477,67074.16,215771.501
601866.SH,20240709,2.52,2.57,2.5,2.56,2.53,0.03,1.1858,463061.55,117387.302
688682.SH,20240709,26.24,26.99,25.6,26.73,26.4,0.33,1.25,6473.02,17070.787
301096.SZ,20240709,49.8,50.39,47.5,49.22,50.1,-0.88,-1.7565,18861.35,92003.868
603018.SH,20240709,8.35,8.57,8.21,8.53,8.35,0.18,2.1557,194710.24,163503.834
000507.SZ,20240709,4.39,4.46,4.33,4.44,4.39,0.05,1.139,38116.24,16801.247
920786.BJ,20240709,4.31,4.35,4.24,4.33,4.3,0.03,0.6977,7231.82,3114.123
600176.SH,20240709,10.26,10.28,9.57,10.09,10.53,-0.44,-4.1785,565415.75,563015.013
000672.SZ,20240709,6.15,6.26,6.05,6.19,6.15,0.04,0.6504,49905.6,30761.711
002818.SZ,20240709,11.88,12,11.68,11.96,11.82,0.14,1.1844,22224.21,26383.701
300413.SZ,20240709,19.62,19.98,19.1,19.84,19.53,0.31,1.5873,133707.37,261261.658
002705.SZ,20240709,12.91,13.1,12.67,13.08,12.97,0.11,0.8481,46706.56,60331.658
002802.SZ,20240709,8.31,8.44,8.07,8.35,8.38,-0.03,-0.358,23459.07,19377.312
600731.SH,20240709,4.5,4.54,4.35,4.47,4.51,-0.04,-0.8869,30189.6,13424.207
000040.SZ,20240709,2.29,2.29,2.29,2.29,2.41,-0.12,-4.9793,9656,2211.224
002629.SZ,20240709,1.63,1.68,1.5,1.58,1.63,-0.05,-3.0675,329829,51827.645
000686.SZ,20240709,5.29,5.41,5.21,5.39,5.29,0.1,1.8904,122200.42,65057.625
605378.SH,20240709,14.21,14.75,14.04,14.75,14.2,0.55,3.8732,24316.74,35106.89
603360.SH,20240709,11.51,11.94,11.27,11.88,11.52,0.36,3.125,85200.37,99249.572
688361.SH,20240709,49.98,51.5,49.08,50.91,49.71,1.2,2.414,43533.83,220602.385
603701.SH,20240709,9.97,10.07,9.48,10.05,9.82,0.23,2.3422,27166,26538.304
600381.SH,20240709,2.32,2.33,2.22,2.23,2.29,-0.06,-2.6201,104044,23556.815
600157.SH,20240709,1.16,1.17,1.14,1.16,1.16,0,0,2217832.71,256754.241
688681.SH,20240709,8.93,9.08,8.6,9.07,8.8,0.27,3.0682,14358.66,12770.332
000638.SZ,20240709,3.27,3.28,3.12,3.26,3.27,-0.01,-0.3058,127080,40805.555
002082.SZ,20240709,4.18,4.22,4.03,4.13,4.17,-0.04,-0.9592,47339,19449.611
603272.SH,20240709,8.39,8.54,8.2,8.5,8.38,0.12,1.432,13982,11703.03
601187.SH,20240709,5.2,5.3,5.17,5.27,5.18,0.09,1.7375,129557,67902.07
603629.SH,20240709,17.03,17.79,16.88,17.71,17.03,0.68,3.993,55281.31,95974.359
920223.BJ,20240709,3.02,3.67,3.01,3.42,3.25,0.17,5.2308,91478.38,29989.574
002420.SZ,20240709,4.96,5.14,4.92,5.13,5.05,0.08,1.5842,248870,125390.687
002597.SZ,20240709,19.26,19.65,18.99,19.53,19.35,0.18,0.9302,30143,58209.501
300684.SZ,20240709,16.66,17.99,16.5,17.99,16.64,1.35,8.113,243682.4,423963.451
601939.SH,20240709,7.66,7.7,7.62,7.67,7.66,0.01,0.1305,847309.49,649270.584
301377.SZ,20240709,17.5,18.5,16.72,18.13,17.2,0.93,5.407,134063.15,235406.628
002427.SZ,20240709,2.85,2.91,2.76,2.84,2.86,-0.02,-0.6993,61880.25,17511.74
300958.SZ,20240709,10.1,10.26,9.65,10.26,10.14,0.12,1.1834,27889.43,27918.171
688484.SH,20240709,34.88,36.8,34.66,36.8,35.24,1.56,4.4268,83347.85,300163.365
688639.SH,20240709,66,66.87,63.82,66.15,66,0.15,0.2273,23538.09,154055.987
300227.SZ,20240709,5.05,5.29,4.97,5.28,5.05,0.23,4.5545,125200.8,64493.134
002590.SZ,20240709,12.1,12.71,12.1,12.71,12.16,0.55,4.523,159278,197978.01
301067.SZ,20240709,24.51,28.5,23,26.49,24.65,1.84,7.4645,219051.55,560614.741
603173.SH,20240709,20.54,20.84,20.26,20.7,20.34,0.36,1.7699,12693.83,26209.75
603578.SH,20240709,11.47,11.55,11.12,11.45,11.47,-0.02,-0.1744,4809.83,5455.627
002793.SZ,20240709,4.3,4.64,4.15,4.3,4.35,-0.05,-1.1494,610865.25,267094.853
301092.SZ,20240709,21.02,21.88,20.91,21.86,21.25,0.61,2.8706,13083.35,28052.19
603087.SH,20240709,42.92,45.33,42.9,45.12,42.22,2.9,6.8688,143919.27,638727.067
002063.SZ,20240709,5.06,5.2,4.99,5.18,5.07,0.11,2.1696,250603.07,127901.233
300880.SZ,20240709,17.61,18.28,16.96,18.19,17.6,0.59,3.3523,53393,94515.146
300532.SZ,20240709,11.43,11.75,11.15,11.64,11.42,0.22,1.9264,46777,53610.016
603733.SH,20240709,18.34,18.49,17.58,18.21,17.51,0.7,3.9977,110459.63,199490.337
601601.SH,20240709,28.26,29.1,27.87,28.91,28.24,0.67,2.3725,188979.97,539794.248
002930.SZ,20240709,11.34,11.6,11.1,11.55,11.34,0.21,1.8519,15296.4,17401.863
601929.SH,20240709,1.09,1.11,1.05,1.08,1.12,-0.04,-3.5714,1379253.36,148843.486
688368.SH,20240709,49.8,55.59,48.82,55.3,49.15,6.15,12.5127,15026.68,79733.075
002637.SZ,20240709,8.28,8.35,8,8.19,8.28,-0.09,-1.087,32832.03,26761.096
002084.SZ,20240709,2.35,2.41,2.3,2.39,2.39,0,0,83193.99,19557.151
603477.SH,20240709,26.67,26.8,24.19,24.4,26.88,-2.48,-9.2262,145338.48,364281.737
300112.SZ,20240709,6.5,6.65,6.31,6.63,6.49,0.14,2.1572,43955,28648.691
000858.SZ,20240709,125.91,128.2,125.18,127.07,125.91,1.16,0.9213,195404.37,2475816.884
300479.SZ,20240709,14.04,14.1,13.52,13.95,13.87,0.08,0.5768,43862.96,60841.932
601678.SH,20240709,3.43,3.52,3.38,3.51,3.43,0.08,2.3324,132792.4,45849.385
300366.SZ,20240709,6.83,7.02,6.6,6.95,6.81,0.14,2.0558,123166.81,84091.411
000426.SZ,20240709,13.83,14.69,13.71,14.68,13.87,0.81,5.8399,355641.27,508893.41
920985.BJ,20240709,4.93,5.04,4.88,4.97,4.92,0.05,1.0163,11802.59,5853.373
002141.SZ,20240709,1,1.01,0.96,0.96,1.01,-0.05,-4.9505,183130.35,17850.874
300658.SZ,20240709,4.1,4.14,3.96,4.13,4.08,0.05,1.2255,36088.4,14678.477
300896.SZ,20240709,155.39,159.77,154.1,158.08,155.16,2.92,1.8819,28698.63,448824.836
300889.SZ,20240709,9.8,10.06,9.57,10.01,9.8,0.21,2.1429,35160,34674.919
002270.SZ,20240709,19.06,19.34,18.75,19.24,19.13,0.11,0.575,105981.65,202000.119
300656.SZ,20240709,17.29,18.28,17.1,18.24,17.3,0.94,5.4335,41875.58,74749.995
600959.SH,20240709,2.63,2.66,2.58,2.65,2.63,0.02,0.7605,218870.57,57447.125
300229.SZ,20240709,12.75,13.23,12.55,13.16,12.7,0.46,3.622,144275.49,186670.74
300452.SZ,20240709,10.73,10.82,10.42,10.74,10.75,-0.01,-0.093,19685,20943.761
300710.SZ,20240709,14.06,14.4,13.51,14.35,13.93,0.42,3.0151,23914.89,33392.428
301209.SZ,20240709,20.48,21.6,19.66,20.66,19.9,0.76,3.8191,33560,68641.998
301062.SZ,20240709,10.2,10.28,9.87,10.2,10.19,0.01,0.0981,19146.23,19293.933
300233.SZ,20240709,14.43,14.7,14.13,14.65,14.5,0.15,1.0345,42644,61634.05
002896.SZ,20240709,25.85,26.58,25.3,26.47,25.86,0.61,2.3589,39307.24,101898.859
000002.SZ,20240709,6.66,6.77,6.56,6.71,6.67,0.04,0.5997,1385601,925420.799
002786.SZ,20240709,7.36,7.55,7.16,7.54,7.38,0.16,2.168,167264,123442.915
600101.SH,20240709,9.51,9.67,9.08,9.63,9.48,0.15,1.5823,731845.96,685952.194
920057.BJ,20240709,3.04,3.04,2.94,3.03,3.01,0.02,0.6645,9629.77,2878.708
002324.SZ,20240709,7.9,8.22,7.88,8.18,7.97,0.21,2.6349,65058,52383.608
000048.SZ,20240709,14.1,14.25,13.78,14.07,14.03,0.04,0.2851,66692.3,93424.199
300554.SZ,20240709,21.03,22.23,20.67,22.2,20.94,1.26,6.0172,56552,121720.388
603922.SH,20240709,16.31,16.91,16.03,16.9,16.98,-0.08,-0.4711,7945,13188.441
600416.SH,20240709,9.24,9.38,8.99,9.23,9.3,-0.07,-0.7527,148423.37,135793.733
003026.SZ,20240709,29.75,31.99,29.3,31.96,30.43,1.53,5.0279,91254.52,284580.739
300434.SZ,20240709,7.42,7.48,7.2,7.47,7.45,0.02,0.2685,45810.32,33682.503
600493.SH,20240709,4.19,4.25,4.07,4.24,4.19,0.05,1.1933,41977,17571.1
600989.SH,20240709,17.32,17.61,17.1,17.57,17.32,0.25,1.4434,151844.26,264732.673
301105.SZ,20240709,23.21,23.96,22.89,23.91,23.21,0.7,3.0159,5267,12364.185
300703.SZ,20240709,7.72,7.86,7.51,7.79,7.76,0.03,0.3866,30585.3,23528.863
600793.SH,20240709,8.85,9.28,8.72,9.08,8.85,0.23,2.5989,12450.56,11180.541
600770.SH,20240709,2.21,2.23,2.11,2.16,2.21,-0.05,-2.2624,163184,35356.071
600629.SH,20240709,4.21,4.26,4.13,4.25,4.21,0.04,0.9501,74027.29,31106.128
603976.SH,20240709,13.53,13.72,13.09,13.49,13.53,-0.04,-0.2956,5904,7898.012
600449.SH,20240709,11.22,11.58,10.99,11.5,11.3,0.2,1.7699,71130.23,80298.425
600721.SH,20240709,5.2,5.33,5.07,5.29,5.31,-0.02,-0.3766,176352,91686.536
688579.SH,20240709,7.17,7.3,6.96,7.24,7.14,0.1,1.4006,45090.89,32285.493
603330.SH,20240709,4.62,4.68,4.45,4.66,4.59,0.07,1.5251,47006.4,21441.849
000680.SZ,20240709,7.79,7.98,7.52,7.81,7.86,-0.05,-0.6361,491624.56,382644.892
300245.SZ,20240709,6.95,6.98,6.36,6.82,7.15,-0.33,-4.6154,530926.28,353443.822
600116.SH,20240709,7.16,7.26,7.01,7.26,6.81,0.45,6.6079,397574.66,283609.847
600657.SH,20240709,2.94,2.98,2.87,2.95,2.94,0.01,0.3401,126859,37154.3
301329.SZ,20240709,18.23,19.17,17.63,19.08,17.9,1.18,6.5922,62275.24,115785.701
300351.SZ,20240709,13.87,14.38,13.73,14.31,13.85,0.46,3.3213,74610.73,105387.526
603860.SH,20240709,27.85,29,26.76,28.9,28.25,0.65,2.3009,68465,191683.062
002192.SZ,20240709,28.17,28.25,27.1,28.02,28.16,-0.14,-0.4972,69898,193842.394
603288.SH,20240709,33.4,33.93,33.18,33.84,33.34,0.5,1.4997,90590.44,304288.889
300198.SZ,20240709,1.2,1.21,1.12,1.16,1.2,-0.04,-3.3333,449153,51772.122
001330.SZ,20240709,5.09,5.16,4.98,5.14,5.09,0.05,0.9823,64850,32897.114
603680.SH,20240709,6.17,6.3,6.06,6.29,6.22,0.07,1.1254,25302.14,15715.482
301317.SZ,20240709,14.7,15.34,14.5,15.28,14.69,0.59,4.0163,5569,8371.706
002158.SZ,20240709,15.55,15.9,15.31,15.8,15.55,0.25,1.6077,37475.05,58746.337
603298.SH,20240709,18.4,18.57,18,18.35,18.4,-0.05,-0.2717,63670.5,116494.197
300857.SZ,20240709,63.7,68.12,62.18,67.79,63.3,4.49,7.0932,128295.8,837711.997
600562.SH,20240709,12.83,13.4,12.8,13.33,12.85,0.48,3.7354,64427.61,84417.188
688378.SH,20240709,20.77,21.76,20.5,21.33,20.61,0.72,3.4934,29107.52,61673.428
301212.SZ,20240709,19.2,21.91,18.6,20.29,19.02,1.27,6.6772,15095,29833.582
002117.SZ,20240709,6.75,6.9,6.54,6.81,6.74,0.07,1.0386,80138.96,53830.692
300488.SZ,20240709,18.8,19.34,18.51,19.31,18.95,0.36,1.8997,6076.46,11550.261
301330.SZ,20240709,21.02,21.68,20.53,21.66,21.02,0.64,3.0447,15793.7,33533.257
300054.SZ,20240709,22.14,23.06,22.06,22.87,22.14,0.73,3.2972,136603.19,309893.725
601229.SH,20240709,7.27,7.33,7.2,7.33,7.25,0.08,1.1034,319517,232181.466
603160.SH,20240709,65.72,70.2,65.7,70.1,66.6,3.5,5.2553,67630.76,465960.163
600425.SH,20240709,3.11,3.13,2.98,3.09,3.12,-0.03,-0.9615,156343.4,47685.74
002658.SZ,20240709,4.9,4.98,4.77,4.96,4.9,0.06,1.2245,26999.55,13169.069
301047.SZ,20240709,60.39,61.31,59.6,60.77,60.84,-0.07,-0.1151,5313.8,32133.753
600111.SH,20240709,16.89,17.18,16.69,17.12,16.96,0.16,0.9434,191921.4,325393.65
300747.SZ,20240709,16.33,17.04,16.19,16.96,16.31,0.65,3.9853,62066.7,103150.877
002883.SZ,20240709,8.34,8.41,8.07,8.36,8.3,0.06,0.7229,27083.47,22370.035
603605.SH,20240709,101.7,103.28,100.5,103.18,101.49,1.69,1.6652,20354.46,207703.62
300405.SZ,20240709,3.48,3.55,3.36,3.5,3.49,0.01,0.2865,80508.5,27923.228
600716.SH,20240709,2.56,2.63,2.52,2.62,2.58,0.04,1.5504,76956.35,19825.138
300217.SZ,20240709,3.57,3.65,3.44,3.63,3.58,0.05,1.3966,185856.88,65907
603365.SH,20240709,15.25,15.25,14.8,15.05,15.08,-0.03,-0.1989,15664,23473.574
601177.SH,20240709,6.62,6.74,6.45,6.7,6.63,0.07,1.0558,24841,16431.292
600369.SH,20240709,3.48,3.58,3.48,3.56,3.48,0.08,2.2989,315705.67,111432.275
603507.SH,20240709,22.68,24.79,22.59,24.2,22.58,1.62,7.1745,131265.1,317193.158
002495.SZ,20240709,1.4,1.43,1.38,1.41,1.42,-0.01,-0.7042,239207.05,33671.25
300665.SZ,20240709,4.8,5.2,4.77,5.18,5,0.18,3.6,108747.07,54106.954
002185.SZ,20240709,7.89,8.45,7.84,8.43,7.9,0.53,6.7089,807034,666602.917
601318.SH,20240709,40.83,41.59,40.46,41.52,40.84,0.68,1.665,381402.75,1565430.222
600365.SH,20240709,2.46,2.5,2.34,2.42,2.46,-0.04,-1.626,31554,7607.911
300383.SZ,20240709,7.97,8.27,7.91,8.27,7.97,0.3,3.7641,135638.45,110035.887
603871.SH,20240709,17.09,17.25,16.85,17.2,17.14,0.06,0.3501,68132.88,116303.239
301020.SZ,20240709,19.03,23.71,18.66,22.06,19.79,2.27,11.4704,156193.23,331435.964
601083.SH,20240709,9,9.15,8.82,9.1,8.99,0.11,1.2236,46395.32,41759.636
300599.SZ,20240709,4.8,4.93,4.7,4.91,4.81,0.1,2.079,19770.96,9539.294
920262.BJ,20240709,9.38,9.63,9.32,9.55,9.37,0.18,1.921,2113.35,2006.266
002916.SZ,20240709,105.16,109.75,104.29,109.75,105.15,4.6,4.3747,71864.22,775327.354
000538.SZ,20240709,50.82,51.45,50.36,51.01,50.84,0.17,0.3344,60183.78,305658.923
002498.SZ,20240709,3.18,3.25,3.12,3.23,3.18,0.05,1.5723,145503.6,46485.632
603076.SH,20240709,20,20.44,19.5,20.16,20.05,0.11,0.5486,7743,15512.504
603136.SH,20240709,9.91,10.16,9.66,10.13,10.01,0.12,1.1988,43895.35,43509.327
688619.SH,20240709,6.51,6.83,6.48,6.83,6.64,0.19,2.8614,12103.6,8080.951
000816.SZ,20240709,1.46,1.48,1.39,1.43,1.45,-0.02,-1.3793,235518.22,33501.456
920414.BJ,20240709,5.28,5.59,5.28,5.47,5.47,0,0,5761.04,3137.28
002993.SZ,20240709,34.6,36.68,34.3,36.66,34.7,1.96,5.6484,36037.4,129593.804
688669.SH,20240709,10.2,10.47,10.03,10.43,10.2,0.23,2.2549,8513.12,8728.648
002199.SZ,20240709,5.72,6.04,5.72,6.01,5.71,0.3,5.2539,222695.06,131432.181
002901.SZ,20240709,24.68,24.79,24.03,24.59,24.57,0.02,0.0814,8441,20629.294
600455.SH,20240709,14.26,14.42,13.65,14.1,14.33,-0.23,-1.605,20090,28115.011
688700.SH,20240709,24.3,25.36,23.69,24.46,24.41,0.05,0.2048,35109.75,85417.959
603819.SH,20240709,9.8,10.08,9.59,10.07,9.79,0.28,2.8601,9037,8901.485
301309.SZ,20240709,23.33,24.31,23.13,24.18,23.53,0.65,2.7624,3433,8164.968
600054.SH,20240709,10.9,11.04,10.73,11.01,10.95,0.06,0.5479,38337,41784.116
300671.SZ,20240709,28.75,30.5,28.38,30.11,28.14,1.97,7.0007,327278.59,968213.561
301349.SZ,20240709,27.03,27.94,26.6,27.74,27.28,0.46,1.6862,4573.29,12446.132
601811.SH,20240709,14.45,14.82,14.23,14.76,14.45,0.31,2.1453,30929.5,45010.811
002731.SZ,20240709,7.98,8.01,7.65,7.92,7.98,-0.06,-0.7519,31441,24692.534
300909.SZ,20240709,19.4,20.67,19.22,20.62,19.36,1.26,6.5083,29374.37,59183.829
603052.SH,20240709,27.15,28.48,27.1,28.48,27.33,1.15,4.2078,15568.04,43603.172
000017.SZ,20240709,6.04,6.09,5.76,6,6.11,-0.11,-1.8003,287386.28,170496.218
002822.SZ,20240709,1.11,1.15,1.07,1.12,1.11,0.01,0.9009,191818.28,21275.943
301518.SZ,20240709,16.24,16.68,15.84,16.58,16.04,0.54,3.3666,10062,16368.017
301060.SZ,20240709,7.81,7.87,7.47,7.75,7.76,-0.01,-0.1289,40570.51,31075.386
601881.SH,20240709,9.88,10.07,9.79,10.03,9.88,0.15,1.5182,535856.98,532089.015
301305.SZ,20240709,14.61,14.83,14.34,14.78,14.6,0.18,1.2329,7654.03,11190.641
002110.SZ,20240709,2.92,2.96,2.86,2.95,2.92,0.03,1.0274,88349.5,25781.997
920509.BJ,20240709,6.93,7.68,6.93,7.54,6.97,0.57,8.1779,16259.55,12048.711
603906.SH,20240709,7.5,7.55,7.26,7.47,7.51,-0.04,-0.5326,59976,44445.876
002178.SZ,20240709,3.34,3.36,3.17,3.36,3.31,0.05,1.5106,361761.76,118694.956
688698.SH,20240709,22.16,23.3,22.16,23.06,22.35,0.71,3.1767,22470.98,51132.745
920339.BJ,20240709,3.71,3.77,3.69,3.76,3.71,0.05,1.3477,654.14,244.327
605188.SH,20240709,7.95,8.04,7.18,7.18,7.98,-0.8,-10.0251,82225,60868.683
688031.SH,20240709,32.01,32.71,31.03,32.45,31.88,0.57,1.788,19309.11,61652.745
300417.SZ,20240709,8.64,9.16,8.4,9.03,8.78,0.25,2.8474,169305.95,150007.447
603999.SH,20240709,4.64,4.73,4.53,4.72,4.65,0.07,1.5054,54334.8,25236.407
600406.SH,20240709,24.73,25.28,24.5,25.2,24.79,0.41,1.6539,294558.03,734837.343
002948.SZ,20240709,3.27,3.36,3.25,3.35,3.27,0.08,2.4465,297026.6,98148.96
688475.SH,20240709,30.3,30.44,29.7,30.07,30.42,-0.35,-1.1506,36276.21,109218.23
603381.SH,20240709,24.29,24.67,23.9,24.46,24.28,0.18,0.7414,108156.22,263330.862
603963.SH,20240709,2.46,2.51,2.38,2.4,2.51,-0.11,-4.3825,53697.12,12963.806
000403.SZ,20240709,26.88,28.21,26.76,28.13,26.85,1.28,4.7672,73363.68,203215.641
605177.SH,20240709,20.21,20.56,20.06,20.49,20.41,0.08,0.392,10630.4,21597.628
601388.SH,20240709,2.13,2.17,2.1,2.16,2.14,0.02,0.9346,209959.24,44934.297
002308.SZ,20240709,1.87,1.87,1.87,1.87,1.97,-0.1,-5.0761,775,144.925
000719.SZ,20240709,10.23,10.57,10.1,10.57,10.15,0.42,4.1379,127874.71,132710.86
301057.SZ,20240709,10.87,11.3,10.77,11.23,10.92,0.31,2.8388,13191.07,14608.253
002732.SZ,20240709,14.26,14.28,13.9,14.22,14.27,-0.05,-0.3504,8799,12398.399
300003.SZ,20240709,13.4,13.47,13.04,13.28,13.4,-0.12,-0.8955,158038.39,209608.523
603137.SH,20240709,9.95,10.06,9.72,10.02,9.95,0.07,0.7035,7353.03,7292.122
603278.SH,20240709,5.44,5.51,5.26,5.48,5.45,0.03,0.5505,104743.14,56487.52
000506.SZ,20240709,0.98,1.02,0.98,0.98,1.03,-0.05,-4.8544,720859.82,70981.123
603659.SH,20240709,13.32,13.42,13.05,13.37,13.35,0.02,0.1498,153892.58,203754.247
600335.SH,20240709,5.43,5.49,5.29,5.45,5.43,0.02,0.3683,124332.55,67200.834
300885.SZ,20240709,7.9,8.38,7.8,8.34,7.85,0.49,6.242,92475.13,74921.163
301042.SZ,20240709,30.16,32.32,30.16,32.3,30.27,2.03,6.7063,13766,43117.651
920237.BJ,20240709,9.8,9.98,9.64,9.94,9.81,0.13,1.3252,3081.44,3023.175
300555.SZ,20240709,5.54,5.55,5.29,5.44,5.41,0.03,0.5545,4784,2594.196
600222.SH,20240709,4.16,4.21,4.03,4.17,4.19,-0.02,-0.4773,101303.3,41756.19
920374.BJ,20240709,8.18,8.67,8.05,8.51,8.11,0.4,4.9322,11867.16,9922.343
301018.SZ,20240709,17.34,18.15,17.19,18.09,17.35,0.74,4.2651,31023,54911.808
688690.SH,20240709,16.38,16.42,15.87,16.23,16.32,-0.09,-0.5515,22229.11,35957.044
300287.SZ,20240709,2.03,2.05,1.9,1.97,2.05,-0.08,-3.9024,1317959.62,256920.328
605389.SH,20240709,19.24,19.79,18.9,19.69,19.4,0.29,1.4948,5922,11466.831
000009.SZ,20240709,8.04,8.15,7.85,8.07,8.1,-0.03,-0.3704,164411.66,131664.349
603990.SH,20240709,8.1,8.18,7.82,8.14,8.14,0,0,66005.92,53052.885
300433.SZ,20240709,17.99,19.67,17.91,19.46,17.84,1.62,9.0807,1057836,2008365.06
600151.SH,20240709,4.1,4.18,4,4.15,4.12,0.03,0.7282,143957.81,58860.921
300882.SZ,20240709,15.51,16.05,15.1,16,15.58,0.42,2.6958,66169.78,103504.621
600488.SH,20240709,3.42,3.43,3.32,3.41,3.4,0.01,0.2941,55830.01,18867.177
600804.SH,20240709,1.18,1.23,1.16,1.19,1.22,-0.03,-2.459,255267.39,30271.409
688472.SH,20240709,9.25,9.4,9.06,9.32,9.25,0.07,0.7568,153587.04,141875.642
300420.SZ,20240709,2.24,2.25,2.14,2.24,2.21,0.03,1.3575,155474.82,34162.333
000099.SZ,20240709,15.14,15.96,15.09,15.89,15.15,0.74,4.8845,498034.01,777254.72
688535.SH,20240709,65.11,68.5,64.55,68.23,65.68,2.55,3.8825,20914.43,140536.626
003001.SZ,20240709,17.54,17.68,16.25,16.72,16.86,-0.14,-0.8304,25728.67,42753.509
300510.SZ,20240709,3.29,3.34,3.15,3.31,3.29,0.02,0.6079,117964.32,38387.185
603366.SH,20240709,3.41,3.45,3.33,3.45,3.4,0.05,1.4706,50368,17145.138
600522.SH,20240709,15.37,16.05,15.25,15.99,15.3,0.69,4.5098,650874.96,1028497.024
001208.SZ,20240709,7.94,8.06,7.8,8.06,8.1,-0.04,-0.4938,256744.74,203528.896
300051.SZ,20240709,7.08,7.19,6.83,7.18,7.08,0.1,1.4124,22488,15849.79
688525.SH,20240709,63.52,67.37,62.88,67.36,63.87,3.49,5.4642,279993.62,1826516.755
603225.SH,20240709,15.03,15.11,14.51,15.05,15.1,-0.05,-0.3311,119245.86,176763.12
601900.SH,20240709,11.92,12.32,11.7,12.24,11.91,0.33,2.7708,66482.18,79987.809
000529.SZ,20240709,5.67,5.71,5.42,5.59,5.67,-0.08,-1.4109,67537.63,37437.379
300991.SZ,20240709,17.24,19.22,16.91,18.89,17.58,1.31,7.4516,295680.2,541050.193
600552.SH,20240709,8.7,9.11,8.6,9.08,8.7,0.38,4.3678,108860.55,97038.37
000795.SZ,20240709,5.34,5.52,5.26,5.5,5.36,0.14,2.6119,113794.57,61335.8
600007.SH,20240709,21.88,22.65,21.88,22.5,21.95,0.55,2.5057,16697,37205.818
300448.SZ,20240709,4.31,4.54,4.18,4.46,4.31,0.15,3.4803,615131.34,269329.076
300865.SZ,20240709,15.38,16.56,15.2,16.3,15.38,0.92,5.9818,12591,20059.535
301061.SZ,20240709,42.58,43.39,42.03,43.07,42.24,0.83,1.965,9145.51,39294.824
000008.SZ,20240709,1.89,1.9,1.83,1.89,1.9,-0.01,-0.5263,227993.2,42532.422
603808.SH,20240709,6.08,6.18,5.96,6.14,6.08,0.06,0.9868,18212.35,11059.122
002767.SZ,20240709,10.79,11.26,10.52,11.23,10.69,0.54,5.0514,58117,63591.526
603073.SH,20240709,13.9,13.9,13.31,13.8,13.69,0.11,0.8035,6959.42,9504.103
603129.SH,20240709,147,150.39,145,148.4,147.52,0.88,0.5965,12759.18,188233.869
002388.SZ,20240709,2.89,3.19,2.84,3.19,2.9,0.29,10,213927,64624.258
601198.SH,20240709,7.79,8.06,7.67,8.02,7.6,0.42,5.5263,534489.67,421681.885
002237.SZ,20240709,11.6,11.91,11.44,11.88,11.7,0.18,1.5385,143985.71,168727.717
600827.SH,20240709,7.34,7.45,7.24,7.4,7.36,0.04,0.5435,80908.54,59459.846
300723.SZ,20240709,19.23,19.59,18.9,19.5,19.43,0.07,0.3603,17964.48,34628.574
002789.SZ,20240709,9.06,9.06,8.42,8.43,9.36,-0.93,-9.9359,59177.14,50394.394
002193.SZ,20240709,2.85,2.96,2.75,2.84,2.92,-0.08,-2.7397,134644,38000.828
601777.SH,20240709,3.36,3.67,3.32,3.67,3.34,0.33,9.8802,629806.48,224083.519
300142.SZ,20240709,10.81,10.93,10.61,10.85,10.87,-0.02,-0.184,158951.85,171486.197
300972.SZ,20240709,20.78,20.86,19.71,20.44,20.63,-0.19,-0.921,19178.73,38840.873
001319.SZ,20240709,15.04,15.88,14.83,15.71,14.96,0.75,5.0134,30473,46746.377
002273.SZ,20240709,17.5,19.19,17.33,18.7,17.62,1.08,6.1294,720013.08,1317503.247
688590.SH,20240709,11.48,11.7,11.09,11.67,11.5,0.17,1.4783,82795.19,94755.167
002200.SZ,20240709,5.14,5.23,5.06,5.19,5.2,-0.01,-0.1923,7711.01,3974.028
600368.SH,20240709,3.58,3.7,3.55,3.69,3.58,0.11,3.0726,153826.44,55859.089
301202.SZ,20240709,25.35,26.55,25,26.46,25.41,1.05,4.1322,23395.9,60665.012
300019.SZ,20240709,12.75,13.36,12.68,13.34,13,0.34,2.6154,59492.64,78480.403
002662.SZ,20240709,2.85,2.95,2.85,2.94,2.88,0.06,2.0833,142214.29,41254.361
300190.SZ,20240709,2.82,2.89,2.78,2.87,2.85,0.02,0.7018,41141.8,11667.326
301360.SZ,20240709,40.19,43.6,39.6,43,40.19,2.81,6.9918,27243.46,115285.781
301267.SZ,20240709,19.61,19.8,19.19,19.65,19.6,0.05,0.2551,31494.3,61437.249
002115.SZ,20240709,4.55,4.72,4.5,4.7,4.56,0.14,3.0702,142330.39,65758.595
002015.SZ,20240709,7.25,7.36,7,7.35,7.23,0.12,1.6598,187796.09,134658.776
001210.SZ,20240709,12.59,12.78,12.25,12.77,12.58,0.19,1.5103,16258.68,20402.808
601577.SH,20240709,7.89,8.09,7.88,8.06,7.9,0.16,2.0253,165867,132405.794
300176.SZ,20240709,5.1,5.36,5.06,5.25,5.38,-0.13,-2.4164,313579.6,163126.523
002792.SZ,20240709,9.58,10.32,9.55,10.24,9.6,0.64,6.6667,119891.81,119426.065
300235.SZ,20240709,7.69,7.84,7.4,7.8,7.62,0.18,2.3622,43313.5,33085.569
301141.SZ,20240709,30,31.29,29.48,31.15,30.76,0.39,1.2679,57332.66,174632.857
603186.SH,20240709,21.81,22.7,21.54,22.7,21.8,0.9,4.1284,24958,55528.687
603322.SH,20240709,28.5,28.62,27.7,28.5,28.16,0.34,1.2074,68686.6,193935.273
000882.SZ,20240709,1.07,1.08,1.01,1.06,1.08,-0.02,-1.8519,1167735.46,121977.082
002403.SZ,20240709,6.07,6.32,5.92,6.18,6.11,0.07,1.1457,90904.41,55515.613
601279.SH,20240709,3.5,3.66,3.5,3.65,3.55,0.1,2.8169,90948.53,32627.617
688455.SH,20240709,7.68,7.92,7.51,7.87,7.69,0.18,2.3407,5448.84,4212.601
300739.SZ,20240709,11.92,12.84,11.79,12.75,11.93,0.82,6.8734,143639.66,178160.609
301310.SZ,20240709,21.2,21.75,20.83,21.68,21.2,0.48,2.2642,12410.14,26547.286
002399.SZ,20240709,8.33,8.39,8.1,8.27,8.33,-0.06,-0.7203,30892.8,25479.053
920438.BJ,20240709,11.39,11.99,11.36,11.88,11.48,0.4,3.4843,23403.54,27478.921
300355.SZ,20240709,2.21,2.24,2.15,2.23,2.22,0.01,0.4505,200581.03,44175.355
300813.SZ,20240709,16.29,16.6,15.53,16.14,16.31,-0.17,-1.0423,22753.5,36451.433
601015.SH,20240709,2.78,2.83,2.73,2.8,2.8,0,0,79920.92,22196.566
002379.SZ,20240709,5.57,5.66,5.32,5.6,5.57,0.03,0.5386,167672.34,92108.129
603583.SH,20240709,19.6,19.98,19.25,19.79,18.84,0.95,5.0425,172426.03,338277.082
688733.SH,20240709,13.45,13.86,13.22,13.8,13.45,0.35,2.6022,18152.53,24709.414
600876.SH,20240709,8.77,8.93,8.61,8.91,8.78,0.13,1.4806,18919.51,16624.078
002170.SZ,20240709,5.95,6.04,5.85,5.96,5.95,0.01,0.1681,85702,51003.716
301399.SZ,20240709,18.38,19.37,18.1,19.26,18.4,0.86,4.6739,14326.45,27002.719
001367.SZ,20240709,22.53,22.8,21.96,22.74,22.38,0.36,1.6086,7062.42,15809.612
600107.SH,20240709,2.99,3.04,2.71,2.85,3.01,-0.16,-5.3156,141302.22,40181.935
002647.SZ,20240709,3.22,3.24,3.08,3.24,3.22,0.02,0.6211,108411,34299.963
688389.SH,20240709,15.85,16.03,15.5,15.91,15.83,0.08,0.5054,21419.03,33781.53
300962.SZ,20240709,13.83,14.02,13.41,13.98,14.07,-0.09,-0.6397,32456.12,44723.061
002377.SZ,20240709,1.8,1.81,1.75,1.79,1.79,0,0,82508.15,14689.666
920174.BJ,20240709,15.59,16.1,15.2,15.83,15.68,0.15,0.9566,5192.67,8209.199
300191.SZ,20240709,13.15,13.33,12.78,13.29,13.2,0.09,0.6818,19195,25154.538
300724.SZ,20240709,54.92,55.59,54.14,55.5,54.92,0.58,1.0561,86928.71,478114.534
920510.BJ,20240709,10.58,10.97,10.49,10.82,10.58,0.24,2.2684,25265.54,27138.217
603005.SH,20240709,18.87,20.76,18.87,20.76,18.87,1.89,10.0159,398189.28,813812.483
300713.SZ,20240709,11.06,11.59,10.59,11.54,11.34,0.2,1.7637,65612,74034.571
601186.SH,20240709,8.2,8.28,8.11,8.27,8.23,0.04,0.486,595770.7,488635.546
605100.SH,20240709,10.86,11.06,10.58,11.06,10.88,0.18,1.6544,11866.72,12874.531
603180.SH,20240709,18.24,18.41,17.53,18.18,18.24,-0.06,-0.3289,10586.9,19028.517
002350.SZ,20240709,4.76,4.94,4.74,4.92,4.81,0.11,2.2869,169117.94,81927.848
002907.SZ,20240709,12.4,12.47,11.91,12.29,12.43,-0.14,-1.1263,32624.23,39703.055
002735.SZ,20240709,8.42,8.61,8.2,8.6,8.41,0.19,2.2592,108514.12,91742.064
300891.SZ,20240709,8.54,8.88,7.73,8,7.47,0.53,7.095,134618.19,106898.283
600620.SH,20240709,3.99,4.06,3.82,3.9,3.99,-0.09,-2.2556,77642,30279.407
000004.SZ,20240709,9.58,10.22,9.31,9.99,9.7,0.29,2.9897,95354,92513.765
300246.SZ,20240709,5.66,5.74,5.49,5.67,5.67,0,0,32313.5,18195.496
300517.SZ,20240709,8.35,8.55,8.21,8.49,8.36,0.13,1.555,59481,50159.886
600067.SH,20240709,1.72,1.74,1.66,1.72,1.72,0,0,145388.68,24696.924
920866.BJ,20240709,4.95,5.03,4.85,5,4.95,0.05,1.0101,1682.08,831.422
603003.SH,20240709,4.66,5.15,4.66,5.13,4.9,0.23,4.6939,193984.38,95909.922
002859.SZ,20240709,17.61,18.79,17.53,18.65,17.72,0.93,5.2483,49382.6,90248.111
688016.SH,20240709,101.41,102.95,100.65,102.58,101.21,1.37,1.3536,21069.68,214588.373
001218.SZ,20240709,14.5,14.82,14.23,14.79,14.57,0.22,1.51,7652.2,11118.801
300732.SZ,20240709,7.12,7.34,6.85,7.33,7.16,0.17,2.3743,150610.93,107353.304
000917.SZ,20240709,4.88,4.96,4.76,4.95,4.87,0.08,1.6427,190879.77,93059.185
603798.SH,20240709,8,8.06,7.76,8.06,7.96,0.1,1.2563,25881,20531.65
600266.SH,20240709,3.83,3.9,3.7,3.88,3.82,0.06,1.5707,514119.71,195650.422
600692.SH,20240709,5.02,5.51,4.98,5.51,5.01,0.5,9.98,228290,120308.793
601137.SH,20240709,14.81,15.73,14.75,15.66,14.83,0.83,5.5968,170426.19,261513.201
301166.SZ,20240709,26.5,26.5,25.29,26.26,26.16,0.1,0.3823,5281.31,13711.212
920021.BJ,20240709,3.03,3.09,2.93,3.07,3.04,0.03,0.9868,39847.35,12072.875
603486.SH,20240709,42.89,43.02,41.77,42.83,42.68,0.15,0.3515,41351.11,175448.09
300149.SZ,20240709,3.87,3.88,3.7,3.82,3.86,-0.04,-1.0363,63685,24167.091
603045.SH,20240709,9.22,9.42,8.96,9.37,9.31,0.06,0.6445,25521,23553.031
605133.SH,20240709,17.17,17.47,16.88,17.45,16.94,0.51,3.0106,17102.22,29423.618
000023.SZ,20240709,1.88,1.89,1.79,1.87,1.88,-0.01,-0.5319,20266.1,3724.562
300248.SZ,20240709,6.15,6.28,5.99,6.27,6.15,0.12,1.9512,46332.51,28558.599
688466.SH,20240709,11.04,11.27,10.95,11.27,10.97,0.3,2.7347,4510.09,5023.79
920556.BJ,20240709,3.76,3.82,3.7,3.79,3.76,0.03,0.7979,4242.82,1599.705
600805.SH,20240709,3.95,4.01,3.88,3.99,3.96,0.03,0.7576,40744.45,16163.501
301259.SZ,20240709,19.81,20,19.54,19.86,19.98,-0.12,-0.6006,10667.4,21069.485
002330.SZ,20240709,3.58,3.62,3.48,3.57,3.6,-0.03,-0.8333,71821.1,25493.785
688777.SH,20240709,35.98,37.1,35.43,37.03,35.98,1.05,2.9183,84904.86,309078.928
300762.SZ,20240709,15.81,15.96,14.86,15.7,15.87,-0.17,-1.0712,377590.72,582495.895
002007.SZ,20240709,15.04,15.18,14.86,15.15,14.96,0.19,1.2701,100690.18,151439.355
300761.SZ,20240709,22.6,22.75,22.1,22.38,22.61,-0.23,-1.0172,33863.67,75808.422
000032.SZ,20240709,14.4,14.91,14.34,14.87,14.46,0.41,2.8354,107375.98,157054.154
000909.SZ,20240709,3.32,3.38,3.17,3.26,3.34,-0.08,-2.3952,84081.22,27154.542
301056.SZ,20240709,7.29,7.54,7.15,7.5,7.24,0.26,3.5912,31510.45,23155.725
600293.SH,20240709,2.43,2.47,2.37,2.45,2.44,0.01,0.4098,76801.51,18617.201
603655.SH,20240709,14.02,14.54,13.74,14.52,13.76,0.76,5.5233,13428,19039.19
605136.SH,20240709,5.3,5.36,5.1,5.22,5.3,-0.08,-1.5094,66570,34624.232
300965.SZ,20240709,25.9,27,25.9,26.9,26.85,0.05,0.1862,2507,6689.741
600273.SH,20240709,6.85,6.98,6.75,6.98,6.83,0.15,2.1962,79575.31,54698.154
001380.SZ,20240709,17.71,18.45,17.65,18.23,17.8,0.43,2.4157,8668.81,15651.945
688039.SH,20240709,21.86,22.54,21.27,22.47,21.85,0.62,2.8375,23739.63,52208.369
000600.SZ,20240709,5.95,6.16,5.84,6.14,5.98,0.16,2.6756,251899.11,151163.607
601233.SH,20240709,14.82,14.87,13.94,14.56,14.85,-0.29,-1.9529,463585.35,667817.262
300545.SZ,20240709,22.21,23.63,22.14,23.56,22.35,1.21,5.4139,41635,95995.588
603697.SH,20240709,5.63,5.69,5.48,5.63,5.59,0.04,0.7156,23146.17,12950.205
688132.SH,20240709,15.87,16.38,15.51,16.2,15.93,0.27,1.6949,5353.7,8562.865
688300.SH,20240709,47.18,51.48,46.99,51.09,47.15,3.94,8.3563,39726.25,198460.936
688120.SH,20240709,124.7,129.87,124.52,128.91,125.56,3.35,2.668,18362.36,234814.846
688078.SH,20240709,21.11,21.55,20.55,21.47,21.31,0.16,0.7508,11862.65,24983.347
688048.SH,20240709,28.5,29.94,27.78,29.77,28.1,1.67,5.9431,28853.36,83620.972
688047.SH,20240709,86,89.72,86,89.56,86.5,3.06,3.5376,22576.35,199157.524
688216.SH,20240709,16.53,17.62,16.52,17.51,16.75,0.76,4.5373,41638.56,71841.759
688199.SH,20240709,11.88,12.34,11.71,12.21,11.88,0.33,2.7778,17345.42,20869.071
688060.SH,20240709,28.21,29.65,27.88,29.52,28.45,1.07,3.761,5641.47,16233.323
688287.SH,20240709,4.36,4.46,4.3,4.44,4.36,0.08,1.8349,57584.33,25284.465
688061.SH,20240709,23.73,25.08,23.7,24.95,23.73,1.22,5.1412,12899.8,31644.384
688217.SH,20240709,18.52,18.66,17.8,18.3,18.29,0.01,0.0547,4800.6,8693.277
688168.SH,20240709,23.3,23.58,22.31,23.32,23.41,-0.09,-0.3845,9761.05,22408.855
688276.SH,20240709,29.86,30.24,29.02,29.91,30.1,-0.19,-0.6312,44839.15,132677.15
688196.SH,20240709,22.66,22.66,21.39,22.1,22.38,-0.28,-1.2511,4584.53,9991.938
688302.SH,20240709,24.61,25.25,23.53,24.75,24.77,-0.02,-0.0807,12566.22,30601.642
688049.SH,20240709,19.86,21.58,19.6,21.45,19.96,1.49,7.4649,49160.14,102345.468
688070.SH,20240709,26.26,26.38,25.18,25.94,25.93,0.01,0.0386,6568.03,16966.537
688051.SH,20240709,15.58,16.98,14.97,16.22,15.58,0.64,4.1078,7613.29,12039.444
688066.SH,20240709,13.4,13.92,13.25,13.82,13.4,0.42,3.1343,106901.89,145612.444
688226.SH,20240709,15.29,15.75,14.97,15.72,15.29,0.43,2.8123,29134.02,44682.063
688069.SH,20240709,13,13.27,12.75,13.24,12.95,0.29,2.2394,1702.91,2222.035
688303.SH,20240709,18.58,18.88,18.13,18.6,18.54,0.06,0.3236,45581.93,84507.355
688105.SH,20240709,18.7,18.86,18.17,18.75,18.88,-0.13,-0.6886,14065.06,26087.916
688310.SH,20240709,11.69,11.85,11.17,11.34,11.79,-0.45,-3.8168,30063.32,34341.814
688219.SH,20240709,7.15,7.3,6.98,7.25,7.16,0.09,1.257,26298.42,18858.819
688193.SH,20240709,25.2,25.95,24.86,25.92,25.23,0.69,2.7348,2387.44,6081.206
688305.SH,20240709,58.37,59.94,57.01,59.31,58.65,0.66,1.1253,5360.75,31454.343
688176.SH,20240709,5.07,5.15,4.93,5.12,5.07,0.05,0.9862,48984.8,24775.251
688150.SH,20240709,18,19.11,17.81,19,18.09,0.91,5.0304,48517.42,89620.827
688237.SH,20240709,18.78,18.78,17.63,18.2,18.78,-0.58,-3.0884,9777.39,17753.081
688055.SH,20240709,2.89,3.01,2.83,2.99,2.88,0.11,3.8194,61944.55,18169.63
688173.SH,20240709,9.5,10.39,9.44,10.32,9.53,0.79,8.2896,73070.57,73027.917
688271.SH,20240709,103.31,105.6,102.32,105.02,104.11,0.91,0.8741,22506.56,233510.663
688314.SH,20240709,17.81,17.96,17.27,17.88,17.76,0.12,0.6757,5783.89,10187.267
688162.SH,20240709,18.04,18.5,17.55,18.45,17.95,0.5,2.7855,5504.9,9973.811
688146.SH,20240709,27.7,28.88,27.61,28.81,27.79,1.02,3.6704,14363.38,40790.578
688180.SH,20240709,29.8,30.32,29.55,30.11,29.8,0.31,1.0403,52852.14,158420.145
688301.SH,20240709,100.43,102.78,99.17,100.43,101.75,-1.32,-1.2973,15031.44,150772.075
688273.SH,20240709,18.76,19.4,18.75,19.38,18.89,0.49,2.594,6683.26,12776.001
688160.SH,20240709,35.6,37.39,35.02,36.7,35.59,1.11,3.1189,16967.38,60987.076
002391.SZ,20240709,4.47,4.48,4.34,4.47,4.41,0.06,1.3605,16134.31,7122.638
600730.SH,20240709,3.93,4,3.87,4,3.93,0.07,1.7812,46881.81,18522.728
301439.SZ,20240709,11.71,12.17,11.58,12.13,11.71,0.42,3.5867,20746.57,24711.423
920001.BJ,20240709,6.78,7.08,6.64,7.02,6.83,0.19,2.7818,10724.84,7402.234
300600.SZ,20240709,4.98,5.07,4.84,5.06,4.99,0.07,1.4028,33733.31,16768.72
605336.SH,20240709,11.02,11.21,10.81,11.18,11.02,0.16,1.4519,8604.1,9490.398
002607.SZ,20240709,1.48,1.5,1.34,1.45,1.49,-0.04,-2.6846,3148435.28,447252.506
920195.BJ,20240709,6.86,6.97,6.82,6.89,6.85,0.04,0.5839,3844.53,2644.29
002440.SZ,20240709,5.29,5.34,5.18,5.33,5.29,0.04,0.7561,29034.91,15313.95
300349.SZ,20240709,11.05,11.35,10.97,11.32,11.07,0.25,2.2584,54263.1,60722.249
605507.SH,20240709,16.05,16.45,15.97,16.4,16.02,0.38,2.372,19029.03,30839.796
301302.SZ,20240709,15.66,15.82,15,15.8,15.63,0.17,1.0877,30427.44,47061.95
300414.SZ,20240709,5.75,6.14,5.75,6.13,5.98,0.15,2.5084,47512.8,28426.796
603899.SH,20240709,28.99,29.32,28.73,29.15,29.19,-0.04,-0.137,32848.8,95408.302
600742.SH,20240709,7.32,7.62,7.29,7.61,7.32,0.29,3.9617,75212.36,56234.153
001213.SZ,20240709,3.94,4,3.88,3.98,3.99,-0.01,-0.2506,194152.17,76502.84
600707.SH,20240709,6.45,6.82,6.38,6.81,6.46,0.35,5.418,256604.8,170240.895
600697.SH,20240709,9.77,9.95,9.54,9.91,9.73,0.18,1.8499,16709.73,16299.628
920062.BJ,20240709,4.81,4.92,4.73,4.83,4.8,0.03,0.625,9320.19,4517.481
600519.SH,20240709,1420,1454.89,1410.1,1438.03,1420,18.03,1.2697,33620.71,4807957.927
002638.SZ,20240709,1.46,1.49,1.41,1.46,1.49,-0.03,-2.0134,128651,18703.914
002674.SZ,20240709,9.31,9.39,9.06,9.3,9.31,-0.01,-0.1074,18878,17441.778
603718.SH,20240709,5.91,6.02,5.74,5.97,5.89,0.08,1.3582,67765,40018.478
603183.SH,20240709,3.11,3.12,2.99,3.1,3.1,0,0,70548.45,21553.57
300832.SZ,20240709,60.94,61.26,59.6,60.13,60.94,-0.81,-1.3292,26610.24,160166.131
300736.SZ,20240709,9.21,9.48,8.84,9.35,9.35,0,0,141784.51,130855.358
601398.SH,20240709,5.89,5.94,5.85,5.94,5.89,0.05,0.8489,2955343.19,1746477.244
603817.SH,20240709,4.65,4.71,4.5,4.68,4.65,0.03,0.6452,46930.64,21632.841
688320.SH,20240709,23.62,23.73,22.5,23.6,23.28,0.32,1.3746,12558.24,29028.359
301195.SZ,20240709,26.8,27.77,26.76,27.68,26.88,0.8,2.9762,8518,23243.54
600179.SH,20240709,2.21,2.23,2.16,2.21,2.22,-0.01,-0.4505,269651.58,59246.271
603869.SH,20240709,4.32,4.38,4.2,4.31,4.31,0,0,22196.05,9509.988
300461.SZ,20240709,16.02,18.8,16,18.03,16.26,1.77,10.8856,180997.32,313001.213
601238.SH,20240709,7.21,7.38,7.09,7.37,7.23,0.14,1.9364,256302.79,185333.934
605155.SH,20240709,8.57,8.84,8.53,8.81,8.76,0.05,0.5708,13755.12,11971.838
003018.SZ,20240709,7.39,7.65,7.3,7.49,7.37,0.12,1.6282,49749,37191.652
003022.SZ,20240709,13.15,13.28,12.91,13.17,13.16,0.01,0.076,35859.65,47036.139
301022.SZ,20240709,18.8,19.31,18.19,19.3,18.58,0.72,3.8751,16182.63,30520.099
002395.SZ,20240709,13.76,14.59,13.66,14.5,13.79,0.71,5.1487,102137,145097.005
000698.SZ,20240709,3.07,3.08,2.96,3.04,3.03,0.01,0.33,69354.95,20930.53
300263.SZ,20240709,5.2,5.34,5.05,5.29,5.2,0.09,1.7308,100178,52074.063
603666.SH,20240709,14.68,14.9,14.26,14.77,14.68,0.09,0.6131,22334.8,32713.349
002623.SZ,20240709,15.47,15.56,14.91,15.4,15.43,-0.03,-0.1944,13683.01,20879.899
600571.SH,20240709,9.38,10.2,9.28,9.8,9.41,0.39,4.1445,290721.49,283449.959
301356.SZ,20240709,11.76,11.98,11.45,11.85,11.76,0.09,0.7653,7426.66,8697.081
601968.SH,20240709,4.54,4.56,4.42,4.54,4.51,0.03,0.6652,32055,14398.98
301043.SZ,20240709,22.42,23.21,22.27,23.1,22.61,0.49,2.1672,5402,12322.5
603612.SH,20240709,12.55,12.69,12.24,12.67,12.51,0.16,1.279,59049.56,73606.888
300391.SZ,20240709,4.7,4.86,4.23,4.45,4.91,-0.46,-9.3686,665190,301222.197
002599.SZ,20240709,4.81,4.95,4.69,4.93,4.88,0.05,1.0246,137157.74,66464.95
603098.SH,20240709,7.34,7.41,7.16,7.36,7.34,0.02,0.2725,40676.29,29681.639
002279.SZ,20240709,4.69,4.87,4.48,4.75,4.98,-0.23,-4.6185,804771.71,375046.723
920779.BJ,20240709,19.07,19.24,18.3,18.85,19.07,-0.22,-1.1536,2387.76,4474.186
600502.SH,20240709,4.2,4.23,4.09,4.22,4.2,0.02,0.4762,196553.62,81820.126
002293.SZ,20240709,7.89,7.95,7.77,7.92,7.91,0.01,0.1264,27450.3,21533.372
605116.SH,20240709,24.36,25.3,24.2,25.28,24.94,0.34,1.3633,37043,91956.895
300971.SZ,20240709,16.88,17.48,16.45,17.45,16.97,0.48,2.8285,31125.5,52950.969
002484.SZ,20240709,11.87,12.41,11.84,12.41,11.86,0.55,4.6374,103229.96,125468.903
601798.SH,20240709,4.77,4.87,4.64,4.85,4.77,0.08,1.6771,44627,21291.82
301367.SZ,20240709,60.07,60.68,58.03,59.57,60.22,-0.65,-1.0794,6916.26,41068.53
600971.SH,20240709,11.53,12.05,11.5,12.02,11.54,0.48,4.1594,78369.55,92385.436
300456.SZ,20240709,14.28,15.14,14.16,15.05,14.28,0.77,5.3922,171198.75,252607.756
603599.SH,20240709,11.64,11.64,11.09,11.15,11.63,-0.48,-4.1273,130651.82,146921.212
300121.SZ,20240709,7.71,7.89,7.61,7.86,7.71,0.15,1.9455,22234.3,17270.063
001301.SZ,20240709,40.7,41.18,39.8,40,40.9,-0.9,-2.2005,29602.74,119588.315
601828.SH,20240709,2.55,2.57,2.46,2.55,2.54,0.01,0.3937,130687.4,32959.093
000713.SZ,20240709,5.25,5.32,5.11,5.25,5.29,-0.04,-0.7561,52995.8,27621.755
300039.SZ,20240709,5.29,5.33,5.13,5.32,5.28,0.04,0.7576,121729.4,63787.526
002017.SZ,20240709,7.87,8.19,7.81,8.18,7.86,0.32,4.0712,61868.49,49585.808
920475.BJ,20240709,6.45,6.47,6.28,6.39,6.34,0.05,0.7886,1766.89,1122.284
002685.SZ,20240709,2.29,2.32,2.21,2.31,2.29,0.02,0.8734,122347,27723.864
300099.SZ,20240709,4.14,4.23,4.04,4.19,4.16,0.03,0.7212,74118,30758.769
300666.SZ,20240709,47.32,49.89,47.31,49.89,47.71,2.18,4.5693,120140.68,586450.074
002941.SZ,20240709,8.91,8.93,8.63,8.84,8.85,-0.01,-0.113,52254.56,45982.048
002702.SZ,20240709,3.54,3.58,3.42,3.53,3.56,-0.03,-0.8427,122606.71,42905.326
600845.SH,20240709,30.11,30.35,29.68,30,30.45,-0.45,-1.4778,95226.3,285405.466
301234.SZ,20240709,20.75,21.18,20.13,21.1,20.8,0.3,1.4423,7785,16112.895
002101.SZ,20240709,9.64,9.83,9.36,9.76,9.64,0.12,1.2448,57979.7,55736.586
002453.SZ,20240709,4.03,4.1,3.86,3.99,4.02,-0.03,-0.7463,143154,56899.447
002489.SZ,20240709,2.34,2.37,2.3,2.36,2.35,0.01,0.4255,105525.32,24674.775
600530.SH,20240709,2.37,2.51,2.32,2.45,2.37,0.08,3.3755,69353.53,16771.304
600795.SH,20240709,6.03,6.09,5.95,6.06,6.05,0.01,0.1653,1394568.97,839436.156
600759.SH,20240709,2.54,2.61,2.51,2.59,2.55,0.04,1.5686,156976.9,40071.419
601136.SH,20240709,19.91,20.51,19.52,20.35,19.41,0.94,4.8429,487608.22,977771.445
300188.SZ,20240709,10.8,11.24,10.59,11.17,10.81,0.36,3.3302,114511.02,125353.152
601089.SH,20240709,13.55,13.6,13.11,13.56,13.55,0.01,0.0738,24629.06,33003.129
600740.SH,20240709,3.82,3.85,3.73,3.84,3.81,0.03,0.7874,120722.38,45742.56
600558.SH,20240709,3.46,3.51,3.36,3.51,3.46,0.05,1.4451,105508.53,36308.628
001231.SZ,20240709,13.33,13.72,13.11,13.62,13.5,0.12,0.8889,7847.88,10550.311
605089.SH,20240709,19.2,19.58,18.95,19.4,19.5,-0.1,-0.5128,7208.06,13915.776
688565.SH,20240709,4.69,4.79,4.51,4.78,4.69,0.09,1.919,25676.09,12006.265
002414.SZ,20240709,5.59,5.78,5.54,5.74,5.59,0.15,2.6834,207211.29,117512.912
300610.SZ,20240709,8.52,9.27,8.31,9.17,8.64,0.53,6.1343,85452.4,76860.558
600736.SH,20240709,4.06,4.12,3.99,4.11,4.07,0.04,0.9828,68947.17,28011.776
300171.SZ,20240709,11.44,11.59,11.15,11.48,11.48,0,0,47374.61,54018.491
000783.SZ,20240709,4.7,4.78,4.64,4.77,4.69,0.08,1.7058,299016.48,141137.764
601101.SH,20240709,8.87,9.13,8.83,9.09,8.92,0.17,1.9058,108740.8,97678.393
000061.SZ,20240709,4.91,5.03,4.8,5.02,4.96,0.06,1.2097,130070,63686.93
002580.SZ,20240709,5.8,6,5.71,5.97,5.8,0.17,2.931,50951.4,29836.733
002708.SZ,20240709,7.36,7.37,6.94,7.37,6.7,0.67,10,389995.47,282021.446
301289.SZ,20240709,38.69,39.95,38.68,39.76,38.69,1.07,2.7656,13801.24,54289.71
603209.SH,20240709,12.96,13.06,12.45,12.66,12.96,-0.3,-2.3148,35930.43,45535.466
301210.SZ,20240709,26.68,26.68,25.45,25.87,26.29,-0.42,-1.5976,12447.5,32323.478
000980.SZ,20240709,1.37,1.4,1.32,1.37,1.38,-0.01,-0.7246,727262.39,99054.852
920363.BJ,20240709,8.58,8.84,8.51,8.73,8.53,0.2,2.3447,4246.56,3699.866
601991.SH,20240709,3.09,3.19,3.06,3.19,3.08,0.11,3.5714,1400770.07,438525.966
603739.SH,20240709,12.24,12.38,11.9,12.35,12.26,0.09,0.7341,70206.4,85451.06
000851.SZ,20240709,1.54,1.57,1.54,1.54,1.62,-0.08,-4.9383,682343.73,105393.064
000028.SZ,20240709,31.62,32.6,31.62,32.38,31.73,0.65,2.0485,31563.14,101658.859
688585.SH,20240709,5.17,5.17,4.79,5,4.92,0.08,1.626,19173.06,9402.965
601058.SH,20240709,13.51,14.35,13.48,14.25,13.44,0.81,6.0268,550387.1,772034.783
300561.SZ,20240709,8.38,8.69,8.09,8.65,8.54,0.11,1.2881,282794.42,237728.363
000850.SZ,20240709,3.03,3.06,2.98,3.05,3.04,0.01,0.3289,47909,14526.037
002125.SZ,20240709,9.2,9.4,9,9.37,9.18,0.19,2.0697,95669,88272.712
300311.SZ,20240709,4.32,4.63,4.05,4.49,4.44,0.05,1.1261,811818.07,351763.818
002313.SZ,20240709,6.47,6.62,6.23,6.59,6.4,0.19,2.9688,63270.08,40881.631
603197.SH,20240709,30,31.68,29.99,31.21,30.22,0.99,3.276,42557,131561.296
603579.SH,20240709,14.4,14.78,14.18,14.71,14.5,0.21,1.4483,20503.1,29637.846
300919.SZ,20240709,28.58,28.66,27.84,28.28,28.62,-0.34,-1.188,59280.57,167425.435
600073.SH,20240709,5.33,5.39,5.24,5.35,5.31,0.04,0.7533,58685.08,31252.394
920190.BJ,20240709,13.09,13.95,12.97,13.73,12.96,0.77,5.9414,27807.49,37389.293
920942.BJ,20240709,7.71,7.79,7.51,7.75,7.65,0.1,1.3072,1096.77,835.432
600814.SH,20240709,5.81,5.87,5.7,5.84,5.83,0.01,0.1715,48587.53,28147.437
600370.SH,20240709,1.31,1.32,1.27,1.31,1.3,0.01,0.7692,111664,14460.968
002111.SZ,20240709,10.24,10.59,10,10.59,10.25,0.34,3.3171,98924.97,102431.722
003041.SZ,20240709,11.98,11.98,11.28,11.62,11.76,-0.14,-1.1905,9114.36,10509.403
600387.SH,20240709,2.45,2.54,2.38,2.43,2.48,-0.05,-2.0161,59712,14657.151
002040.SZ,20240709,5.3,5.35,5.16,5.33,5.31,0.02,0.3766,36747.1,19344.23
600639.SH,20240709,10.24,10.29,10.03,10.27,10.2,0.07,0.6863,52686.74,53738.779
002872.SZ,20240709,3.32,3.37,3.27,3.32,3.35,-0.03,-0.8955,7482.5,2485.108
002268.SZ,20240709,12.9,13.11,12.56,13.06,12.9,0.16,1.2403,106682.93,137500.516
600754.SH,20240709,21.7,22.15,21.47,22,21.75,0.25,1.1494,79205.96,172767.224
000908.SZ,20240709,0.92,0.92,0.92,0.92,0.88,0.04,4.5455,17230.64,1585.219
002864.SZ,20240709,25.43,25.43,24.5,25.24,25.26,-0.02,-0.0792,15479,38602.79
000571.SZ,20240709,2.85,2.93,2.84,2.92,2.86,0.06,2.0979,44107.46,12715.481
002563.SZ,20240709,5.3,5.44,5.26,5.42,5.35,0.07,1.3084,133855,71802.066
301075.SZ,20240709,15.26,15.5,14.63,15.3,15.31,-0.01,-0.0653,13489.34,20316.592
600838.SH,20240709,5.35,5.42,5.24,5.4,5.33,0.07,1.3133,26882.03,14347.4
000951.SZ,20240709,13.45,13.84,13.44,13.73,13.51,0.22,1.6284,131749.34,180349.43
300243.SZ,20240709,8.48,8.72,8.28,8.71,8.51,0.2,2.3502,64442,54806.591
601825.SH,20240709,6.91,7.02,6.83,7,6.91,0.09,1.3025,173302.65,120060.863
603995.SH,20240709,17.23,17.89,17.18,17.81,17.64,0.17,0.9637,30183.5,53197.25
002886.SZ,20240709,13.48,14.54,13.32,14.44,13.48,0.96,7.1217,124967.95,175285.808
000498.SZ,20240709,4.97,5.05,4.87,5.01,4.97,0.04,0.8048,88692.45,44015.494
920415.BJ,20240709,4.81,4.98,4.62,4.89,4.82,0.07,1.4523,43708.27,21065.978
600027.SH,20240709,6.88,6.92,6.65,6.87,6.88,-0.01,-0.1453,742555.06,504388.788
301196.SZ,20240709,27.13,28.17,27.03,28.17,27.25,0.92,3.3761,9140.61,25332.092
300579.SZ,20240709,21.64,22.28,20.91,21.89,22.03,-0.14,-0.6355,152892.66,329379.545
300692.SZ,20240709,4.41,4.46,4.27,4.41,4.42,-0.01,-0.2262,30029.54,13142.4
300318.SZ,20240709,4.8,4.84,4.62,4.82,4.8,0.02,0.4167,42064.78,19912.379
688351.SH,20240709,19.95,20.76,19.51,20.56,20.07,0.49,2.4415,33130.71,66622.596
600768.SH,20240709,6.73,6.85,6.43,6.74,6.73,0.01,0.1486,23277,15490.445
920808.BJ,20240709,33.6,34.95,33.1,34.55,33.7,0.85,2.5223,8880.41,30364.974
301246.SZ,20240709,12.9,12.92,12.48,12.85,12.81,0.04,0.3123,27811.88,35421.624
301277.SZ,20240709,12.45,12.67,12.12,12.64,12.45,0.19,1.5261,37607.65,46672.199
600487.SH,20240709,15.57,16.5,15.55,16.44,15.59,0.85,5.4522,750925.08,1217749.319
603206.SH,20240709,11.82,12.08,11.54,12.05,11.93,0.12,1.0059,23991.58,28472.967
920663.BJ,20240709,8.68,9.03,8.5,8.9,8.67,0.23,2.6528,5013.41,4353.832
600497.SH,20240709,5.61,5.75,5.59,5.72,5.66,0.06,1.0601,1356694.73,771011.471
002219.SZ,20240709,1.79,1.8,1.72,1.75,1.78,-0.03,-1.6854,224394.21,39393.991
002798.SZ,20240709,3.14,3.17,2.97,3.04,3.14,-0.1,-3.1847,107543,32652.092
600737.SH,20240709,9.37,9.61,9.34,9.6,9.44,0.16,1.6949,225326.44,213617.806
688529.SH,20240709,12.29,12.56,12.08,12.49,12.32,0.17,1.3799,8846.05,10936.469
605319.SH,20240709,17.01,18.35,16.8,18.19,17,1.19,7,21811.68,38405.676
002975.SZ,20240709,26.5,28.05,26.23,28.05,26.5,1.55,5.8491,16387.64,44616.416
002714.SZ,20240709,43.8,43.93,42.33,42.79,44.04,-1.25,-2.8383,297269.24,1274481.052
301219.SZ,20240709,37.52,38.6,37,38.5,37.55,0.95,2.53,23377.97,88622.392
002635.SZ,20240709,14.2,15.32,14.11,15.26,14.2,1.06,7.4648,208919.5,311326.462
601952.SH,20240709,8.92,9.02,8.78,8.97,8.93,0.04,0.4479,56632,50446.972
688623.SH,20240709,52.99,53.86,52.28,53.76,53,0.76,1.434,699.25,3713.365
300439.SZ,20240709,8.86,9.01,8.66,8.97,8.85,0.12,1.3559,30470.66,26983.55
600366.SH,20240709,5.06,5.17,4.93,5.13,5.07,0.06,1.1834,89765.13,45469.938
002390.SZ,20240709,3.32,3.34,3.23,3.29,3.33,-0.04,-1.2012,181284.58,59500.115
002527.SZ,20240709,6.26,6.38,6.04,6.37,6.3,0.07,1.1111,376919.22,234003.595
300206.SZ,20240709,7.98,8.1,7.82,8.08,7.98,0.1,1.2531,31540.24,25170.057
600372.SH,20240709,11.29,11.52,11.16,11.49,11.3,0.19,1.6814,235771.36,267637.991
600865.SH,20240709,6.6,6.6,6.34,6.5,6.49,0.01,0.1541,16701.16,10759.17
002942.SZ,20240709,12.13,12.2,11.41,11.79,12.26,-0.47,-3.8336,71220,83554.016
300164.SZ,20240709,3.33,3.4,3.25,3.39,3.35,0.04,1.194,160287,53418.517
300138.SZ,20240709,8.13,8.21,7.81,8.04,8.18,-0.14,-1.7115,58982.1,46938.778
301091.SZ,20240709,23.44,24.4,23.31,24.28,23.23,1.05,4.52,114383.8,273121.04
002122.SZ,20240709,1.96,1.99,1.89,1.93,1.96,-0.03,-1.5306,330242.29,63566.847
688012.SH,20240709,137.99,142.33,137.33,141.9,138.06,3.84,2.7814,56877.18,797560.36
600859.SH,20240709,13.4,13.4,13.01,13.34,13.44,-0.1,-0.744,365389.23,482647.493
605366.SH,20240709,5.7,6.04,5.6,6,5.83,0.17,2.916,136825.89,80112.938
603879.SH,20240709,2.34,2.45,2.29,2.29,2.35,-0.06,-2.5532,180778.98,42803.229
600906.SH,20240709,5.55,5.71,5.49,5.68,5.54,0.14,2.5271,192335.12,107866.993
000541.SZ,20240709,4.57,4.64,4.47,4.63,4.55,0.08,1.7582,96697.51,44153.584
001286.SZ,20240709,12.15,12.54,12.1,12.51,12.17,0.34,2.7938,398736.68,493472.915
920578.BJ,20240709,11.6,11.9,11.06,11.75,11.61,0.14,1.2059,9922.84,11500.992
600330.SH,20240709,6.32,6.6,6.27,6.57,6.32,0.25,3.9557,165825.61,107090.223
601869.SH,20240709,22.75,24.18,22.58,24.01,22.75,1.26,5.5385,31062.46,73351.335
603266.SH,20240709,15.38,15.98,15.18,15.96,15.38,0.58,3.7711,45282,70758.978
301448.SZ,20240709,20.17,20.8,19.35,20.8,20.2,0.6,2.9703,27220.64,54763.046
300037.SZ,20240709,27.47,30.62,27.31,30.11,27.48,2.63,9.5706,124704.64,364608.97
600303.SH,20240709,2.49,2.52,2.43,2.5,2.56,-0.06,-2.3438,95560.62,23644.966
002100.SZ,20240709,6.87,6.9,6.49,6.63,6.85,-0.22,-3.2117,377703.67,250509.765
601555.SH,20240709,5.62,5.82,5.59,5.79,5.6,0.19,3.3929,399361.76,227126.406
002029.SZ,20240709,4.87,4.92,4.76,4.9,4.87,0.03,0.616,35009.07,17009.324
920403.BJ,20240709,8.81,8.94,8.75,8.92,8.85,0.07,0.791,2273.75,2012.84
600198.SH,20240709,4.8,4.98,4.8,4.97,4.86,0.11,2.2634,55403.85,27211.302
000617.SZ,20240709,5.28,5.36,5.21,5.35,5.29,0.06,1.1342,372332.69,197175.915
000589.SZ,20240709,4.93,5.13,4.91,5.11,4.91,0.2,4.0733,407059.99,204783.4
300841.SZ,20240709,49.99,50.66,49.12,50.52,50.3,0.22,0.4374,16556.5,82762.293
002939.SZ,20240709,6.4,6.59,6.34,6.56,6.4,0.16,2.5,158168.3,102454.927
002529.SZ,20240709,4.77,4.82,4.58,4.77,4.76,0.01,0.2101,64281,30240.612
002998.SZ,20240709,5.45,5.56,5.33,5.53,5.45,0.08,1.4679,37599.58,20487.827
300083.SZ,20240709,5.28,5.58,5.23,5.57,5.29,0.28,5.293,443771.79,240461.36
300308.SZ,20240709,143.89,156,142.41,154.33,144.39,9.94,6.8841,310067.87,4642266.377
688596.SH,20240709,30.9,33.72,30.52,33.37,30.91,2.46,7.9586,74359.85,243029.271
600216.SH,20240709,10.9,11.23,10.82,11.14,11,0.14,1.2727,186558.84,205808.511
000799.SZ,20240709,38.71,39.22,37.84,39,38.78,0.22,0.5673,63212.77,243883.007
002982.SZ,20240709,14.56,14.7,13.99,14.34,14.64,-0.3,-2.0492,20673.6,29516.431
000551.SZ,20240709,8.48,8.72,8.25,8.68,8.5,0.18,2.1176,43441,36899.547
300820.SZ,20240709,34.7,35.86,34.14,35.47,34.84,0.63,1.8083,25822,90575.296
002244.SZ,20240709,7.49,7.76,7.41,7.69,7.57,0.12,1.5852,478205.57,363475.706
603926.SH,20240709,7.72,8.12,7.72,8.11,7.82,0.29,3.7084,23085,18366.669
600928.SH,20240709,3.18,3.25,3.14,3.23,3.19,0.04,1.2539,183371.95,58506.977
920149.BJ,20240709,5.2,5.2,4.78,5.07,5.13,-0.06,-1.1696,23019.23,11412.897
600173.SH,20240709,3.66,3.73,3.59,3.72,3.66,0.06,1.6393,34968.12,12825.944
301365.SZ,20240709,10.06,10.2,9.59,10.05,10.04,0.01,0.0996,20204.92,20008.99
603590.SH,20240709,24.3,24.5,23.72,24.46,24.21,0.25,1.0326,7753.73,18673.553
603607.SH,20240709,11.68,12,11.53,11.95,11.68,0.27,2.3116,19619.78,23184.608
688372.SH,20240709,35,36.3,34.4,35.51,34.96,0.55,1.5732,21729.56,77018.987
688501.SH,20240709,12.09,12.67,11.56,12.45,12.16,0.29,2.3849,21940.2,26382.134
600782.SH,20240709,3.32,3.36,3.29,3.32,3.33,-0.01,-0.3003,172482,57380.942
002027.SZ,20240709,6.14,6.19,6.02,6.08,6.14,-0.06,-0.9772,776971.14,472488.326
600477.SH,20240709,2.25,2.26,2.17,2.23,2.26,-0.03,-1.3274,219515.35,48661.33
301587.SZ,20240709,24.16,25.18,24.1,25.14,24.16,0.98,4.0563,32622.8,80285.607
600019.SH,20240709,7.09,7.1,6.99,7.05,7.06,-0.01,-0.1416,542384.62,382800.028
603026.SH,20240709,31.4,32.1,30.74,31.97,31.32,0.65,2.0754,20189.38,63426.966
600986.SH,20240709,3.98,4.02,3.86,4.01,3.96,0.05,1.2626,213677.11,84403.889
600079.SH,20240709,16.65,16.92,16.34,16.83,16.6,0.23,1.3855,125433.41,208058.513
300648.SZ,20240709,15.86,16.34,15.64,16.28,15.86,0.42,2.6482,12274,19644.309
002364.SZ,20240709,5.93,6.45,5.82,6.23,5.93,0.3,5.059,582092.43,358357.425
600238.SH,20240709,7.62,7.74,7.37,7.6,7.62,-0.02,-0.2625,41404.78,31178.484
300695.SZ,20240709,34.6,35.2,34.15,35.19,34.72,0.47,1.3537,2148.41,7466.082
300397.SZ,20240709,8.69,8.9,8.53,8.86,8.71,0.15,1.7222,105351.87,91971.328
603530.SH,20240709,24.8,25.45,24.28,25.41,24.33,1.08,4.439,83030.55,207444.343
301186.SZ,20240709,34.33,35.64,33.03,35.53,35.01,0.52,1.4853,34724.12,119515.226
688789.SH,20240709,93.49,96.09,92.3,95.62,93.31,2.31,2.4756,6175.94,58160.969
300183.SZ,20240709,10.66,11.19,10.58,11.14,10.66,0.48,4.5028,49858.86,54323.484
600898.SH,20240709,1.04,1.06,1.02,1.05,1.06,-0.01,-0.9434,22121.69,2306.213
920810.BJ,20240709,5.41,5.56,5.37,5.46,5.42,0.04,0.738,2673.57,1464.007
600462.SH,20240709,1.27,1.31,1.26,1.3,1.28,0.02,1.5625,71126.98,9151.858
300152.SZ,20240709,1.58,1.61,1.52,1.58,1.61,-0.03,-1.8634,285423.22,44700.201
300346.SZ,20240709,28.11,29.83,27.63,29.71,28.01,1.7,6.0693,401052.95,1167966.87
001227.SZ,20240709,2.38,2.42,2.37,2.42,2.39,0.03,1.2552,331554.99,79443.224
300022.SZ,20240709,3.64,3.76,3.61,3.76,3.68,0.08,2.1739,113220.99,41843.58
300459.SZ,20240709,3.29,3.34,3.21,3.33,3.27,0.06,1.8349,633754.14,208061.075
605179.SH,20240709,8.94,8.94,8.63,8.9,8.9,0,0,30585,26884.987
688380.SH,20240709,15.95,16.35,15.32,16.28,15.22,1.06,6.9645,43869.96,69758.072
603297.SH,20240709,55.38,58.4,55.38,58,55.96,2.04,3.6455,12990.17,74023.893
300827.SZ,20240709,20.85,21.35,20.51,21.25,20.83,0.42,2.0163,46469.96,97202.488
300487.SZ,20240709,38.68,38.87,37.38,38.4,38.66,-0.26,-0.6725,36902.85,140870.929
300144.SZ,20240709,7.7,7.81,7.57,7.77,7.68,0.09,1.1719,206619.73,159277.139
688419.SH,20240709,27.42,29.66,26.72,29.3,27.4,1.9,6.9343,17153.98,48852.072
688800.SH,20240709,24.58,26.14,24.58,26.05,24.7,1.35,5.4656,17726.89,45009.321
000813.SZ,20240709,2.43,2.44,2.31,2.37,2.44,-0.07,-2.8689,556954.68,131021.075
300250.SZ,20240709,12.13,12.49,11.8,12.45,12.51,-0.06,-0.4796,212236,257614.215
688561.SH,20240709,21.81,22.22,21.33,21.98,21.86,0.12,0.5489,42110.32,91984.083
300777.SZ,20240709,19.97,20.29,19.46,20.2,19.97,0.23,1.1517,55902.8,111412.34
002203.SZ,20240709,7.92,8.16,7.83,8.11,7.94,0.17,2.1411,103048.1,82671.818
300338.SZ,20240709,1.6,1.7,1.55,1.59,1.62,-0.03,-1.8519,167411.77,26983.875
601336.SH,20240709,29.86,30.48,29.53,30.45,29.86,0.59,1.9759,91509.68,275019.243
002197.SZ,20240709,3.45,3.49,3.28,3.41,3.45,-0.04,-1.1594,187508,63384.871
301318.SZ,20240709,25.57,26.52,25,26.51,25.47,1.04,4.0832,24017.15,62109.116
601877.SH,20240709,18.18,18.49,17.82,18.42,18.14,0.28,1.5436,95091.07,172909.157
002289.SZ,20240709,2.63,2.7,2.53,2.65,2.66,-0.01,-0.3759,24833.5,6473.584
000822.SZ,20240709,5.57,5.71,5.49,5.7,5.59,0.11,1.9678,80215.95,44966.374
300985.SZ,20240709,14.83,15.38,14.68,15.34,14.74,0.6,4.0706,23623.8,35562.587
002549.SZ,20240709,4.82,4.92,4.71,4.89,4.85,0.04,0.8247,75308,36338.636
300480.SZ,20240709,13.88,14.11,13.3,14.05,13.99,0.06,0.4289,90019.88,123810.228
605577.SH,20240709,14.1,14.43,13.76,14.39,14.11,0.28,1.9844,62386.1,88019.353
301199.SZ,20240709,22.56,23.62,22.26,23.6,22.45,1.15,5.1225,23011.02,53060.43
600075.SH,20240709,3.78,3.78,3.59,3.75,3.71,0.04,1.0782,95562.8,35318.142
002866.SZ,20240709,11.52,11.83,11.27,11.8,11.46,0.34,2.9668,48665.5,56322.758
300321.SZ,20240709,14.33,15.16,14.11,14.9,14.23,0.67,4.7084,28276.34,41554.906
300859.SZ,20240709,30.33,30.77,29,30.4,30.49,-0.09,-0.2952,60333,181157.851
301192.SZ,20240709,15.88,16.58,15.66,16.52,16,0.52,3.25,9533.85,15464.606
002892.SZ,20240709,8.63,9.01,8.3,8.92,8.74,0.18,2.0595,234159.07,204118.911
000505.SZ,20240709,5.33,5.36,5.15,5.31,5.31,0,0,49419.05,25997.136
002568.SZ,20240709,15.22,15.5,15,15.4,15.26,0.14,0.9174,96720.64,147340.348
301065.SZ,20240709,15.44,15.68,14.93,15.53,15.53,0,0,9556,14669.842
300558.SZ,20240709,31.42,31.64,30.43,31.25,31.51,-0.26,-0.8251,76972.19,238039.06
600033.SH,20240709,3.5,3.63,3.5,3.62,3.51,0.11,3.1339,364545.28,130162.176
600308.SH,20240709,3.11,3.17,3.08,3.17,3.12,0.05,1.6026,70176.84,21892.976
002871.SZ,20240709,7.82,7.88,7.48,7.8,7.83,-0.03,-0.3831,32865.64,25221.489
605198.SH,20240709,24.18,24.45,23.64,24.27,24.17,0.1,0.4137,11116,26759.187
300457.SZ,20240709,15.61,16.31,15.47,16.23,15.66,0.57,3.6398,196661.82,312949.294
600579.SH,20240709,5.33,5.4,5.14,5.39,5.32,0.07,1.3158,91714,48609.547
000423.SZ,20240709,60.39,60.59,58.19,58.67,60.5,-1.83,-3.0248,102178.83,602024.333
000716.SZ,20240709,3.54,3.84,3.39,3.83,3.54,0.29,8.1921,243760.02,88874.456
300738.SZ,20240709,9.58,10.09,9.54,10.08,9.63,0.45,4.6729,342076.15,337010.045
603213.SH,20240709,7.48,7.53,7.28,7.52,7.41,0.11,1.4845,16003,11844.358
002757.SZ,20240709,11.23,11.55,11.03,11.52,11.26,0.26,2.3091,39860.75,45150.281
600927.SH,20240709,10.69,10.88,10.56,10.84,10.73,0.11,1.0252,23917.3,25732.104
300606.SZ,20240709,19.56,22.89,19.1,21.52,19.56,1.96,10.0204,256777.47,538156.177
603669.SH,20240709,4.59,4.7,4.5,4.65,4.69,-0.04,-0.8529,23049.17,10572.957
002137.SZ,20240709,4.47,4.65,4.44,4.64,4.47,0.17,3.8031,105913.06,48349.684
301129.SZ,20240709,19.77,20.86,19.3,20.72,19.67,1.05,5.3381,69588.2,139950.004
301285.SZ,20240709,23.5,24.34,23.05,24.17,23.38,0.79,3.379,28766,68435.416
920856.BJ,20240709,4.25,4.31,4.12,4.24,4.25,-0.01,-0.2353,5442.04,2298.017
002675.SZ,20240709,11.62,11.79,11.33,11.7,11.69,0.01,0.0855,82528.72,95530.388
002059.SZ,20240709,4.75,4.83,4.63,4.78,4.73,0.05,1.0571,62489.6,29452.848
600185.SH,20240709,5.46,5.46,5.18,5.46,4.96,0.5,10.0806,1179952.25,629793.466
605289.SH,20240709,22.43,23.48,21.96,23.33,22.24,1.09,4.9011,16280,37011.598
000020.SZ,20240709,9.23,9.55,9.06,9.54,9.22,0.32,3.4707,25349,23723.532
300073.SZ,20240709,31.46,31.68,30.58,31.3,31.4,-0.1,-0.3185,142684.78,444460.5
600516.SH,20240709,4.18,4.28,4.15,4.26,4.18,0.08,1.9139,180899.91,76306.761
301106.SZ,20240709,26.41,26.9,25.62,26.74,26.1,0.64,2.4521,25858.3,68386.867
600633.SH,20240709,8.28,8.42,8.12,8.38,8.31,0.07,0.8424,76895,63871.344
603658.SH,20240709,43.25,43.53,42.45,43.21,43.25,-0.04,-0.0925,40087.78,172411.389
688591.SH,20240709,18.54,19.6,18.31,19.5,18.49,1.01,5.4624,32010,61262.061
002245.SZ,20240709,7.14,7.48,7.11,7.44,7.17,0.27,3.7657,165291.34,120805.995
920964.BJ,20240709,2.72,2.74,2.65,2.72,2.72,0,0,11983.02,3233.504
920576.BJ,20240709,15.68,15.81,15.03,15.76,15.77,-0.01,-0.0634,5451.8,8484.074
001378.SZ,20240709,22.45,22.95,22.12,22.95,22.44,0.51,2.2727,6871.24,15523.651
300232.SZ,20240709,4.89,5.04,4.87,5.01,4.92,0.09,1.8293,150847.49,75009.18
688338.SH,20240709,21.07,21.4,20.72,21.2,21.07,0.13,0.617,5623.16,11859.034
600400.SH,20240709,2.11,2.17,2.11,2.15,2.12,0.03,1.4151,124933.15,26731.868
600826.SH,20240709,5.13,5.13,4.91,5.06,5.3,-0.24,-4.5283,70233.26,35327.407
600763.SH,20240709,38.15,39.4,37.73,38.99,38.35,0.64,1.6688,49677.02,191470.761
002845.SZ,20240709,12.01,12.68,11.85,12.68,11.97,0.71,5.9315,82091.42,101336.334
603369.SH,20240709,45.72,46.58,45,46.24,45.59,0.65,1.4258,36600.13,167911.933
600982.SH,20240709,3.48,3.54,3.42,3.54,3.49,0.05,1.4327,72309,25219.33
002214.SZ,20240709,11.52,12.13,11.27,11.68,11.52,0.16,1.3889,102079.2,118952.661
920717.BJ,20240709,4.6,4.77,4.48,4.68,4.55,0.13,2.8571,3258.22,1513.33
001317.SZ,20240709,21.51,22.19,21.2,22,21.75,0.25,1.1494,10687,23173.224
000905.SZ,20240709,5.54,5.62,5.43,5.6,5.55,0.05,0.9009,47127,26030.36
003016.SZ,20240709,6.02,6.16,5.9,6.16,6.05,0.11,1.8182,19490,11689.719
300678.SZ,20240709,24.16,25.25,23.89,25.23,24.16,1.07,4.4288,85359,210246.754
002779.SZ,20240709,25.09,25.44,24.22,25.1,24.96,0.14,0.5609,16113,40037.054
002353.SZ,20240709,33.09,33.42,31.99,32.8,33.32,-0.52,-1.5606,169929.99,550934.659
688369.SH,20240709,14.82,15.13,14.44,15.11,14.81,0.3,2.0257,21789.11,32220.784
603317.SH,20240709,10.7,10.88,10.55,10.79,10.7,0.09,0.8411,51447.88,55191.44
300952.SZ,20240709,16.4,16.7,15.81,16.7,16.25,0.45,2.7692,11007,17949.682
002748.SZ,20240709,5.1,5.21,4.99,5.17,5.12,0.05,0.9766,22472,11503.879
603938.SH,20240709,11.01,11.4,10.86,11.25,11.02,0.23,2.0871,17454.08,19460.891
300081.SZ,20240709,4.33,4.38,4.12,4.36,4.26,0.1,2.3474,176578.25,75353.197
603977.SH,20240709,10.5,10.93,10.41,10.87,10.67,0.2,1.8744,106841.25,114724.633
300900.SZ,20240709,16.49,17.04,16.2,16.87,16.55,0.32,1.9335,74635,124546.743
001222.SZ,20240709,11.87,11.98,11.5,11.85,11.84,0.01,0.0845,8432.2,9931.423
002918.SZ,20240709,8.25,8.35,8.03,8.13,8.31,-0.18,-2.1661,42438.5,34703.97
300969.SZ,20240709,61.9,63.15,61.11,62.92,61.7,1.22,1.9773,12276,76734.67
002050.SZ,20240709,18.18,19.33,17.85,19.2,18.29,0.91,4.9754,792546.36,1480382.818
601108.SH,20240709,6.29,6.49,6.25,6.47,6.26,0.21,3.3546,345137.06,219933.756
002734.SZ,20240709,6.84,6.91,6.76,6.9,6.87,0.03,0.4367,16878.83,11568.206
300581.SZ,20240709,6.9,7.05,6.75,7.01,6.92,0.09,1.3006,64023.29,44398.045
000868.SZ,20240709,3.83,3.98,3.73,3.9,3.77,0.13,3.4483,113551.74,44073.414
600689.SH,20240709,6.47,6.55,6.25,6.51,6.45,0.06,0.9302,29147.18,18710.97
603901.SH,20240709,6.43,6.55,6.25,6.55,6.43,0.12,1.8663,62340.5,40050.324
603163.SH,20240709,24.68,25.3,24.62,25.25,24.83,0.42,1.6915,3712.25,9329.474
000886.SZ,20240709,4.09,4.15,4.02,4.13,4.08,0.05,1.2255,72380.47,29646.672
300353.SZ,20240709,6.58,6.79,6.47,6.77,6.61,0.16,2.4206,100092.03,66636.629
300970.SZ,20240709,11.09,11.18,10.67,11.12,11.06,0.06,0.5425,20610.22,22523.707
603661.SH,20240709,39.83,41.14,39.83,40.99,40,0.99,2.475,4977.8,20187.915
600448.SH,20240709,1.94,1.94,1.85,1.92,1.92,0,0,109014.82,20641.819
002094.SZ,20240709,2.23,2.24,2.02,2.05,2.15,-0.1,-4.6512,874065.7,182938.831
600560.SH,20240709,12.43,12.7,12.23,12.69,12.45,0.24,1.9277,24837,31056.749
920023.BJ,20240709,2.3,2.32,2.25,2.3,2.3,0,0,23070.04,5278.841
603357.SH,20240709,8.36,8.55,8.16,8.52,8.36,0.16,1.9139,110643.12,92611.322
688739.SH,20240709,23.15,23.29,22.68,23.21,23.13,0.08,0.3459,15378.34,35354.111
300980.SZ,20240709,14.28,17.33,14,15.99,14.45,1.54,10.6574,47657.5,75563.103
300788.SZ,20240709,23.53,23.99,22.95,23.94,23.52,0.42,1.7857,21058.43,49644.648
920252.BJ,20240709,6.85,7.09,6.81,6.94,6.81,0.13,1.909,7642.43,5303.703
300428.SZ,20240709,17.73,18.5,17.69,18.38,17.73,0.65,3.6661,49645.5,90020.989
603557.SH,20240709,1.87,1.87,1.8,1.83,1.85,-0.02,-1.0811,29710.83,5424.574
002625.SZ,20240709,16.62,17.26,16.61,17.22,16.71,0.51,3.0521,204829.98,348045.063
301040.SZ,20240709,9.22,9.3,8.94,9.2,9.15,0.05,0.5464,26920,24568.31
600475.SH,20240709,8.45,8.62,8.29,8.6,8.43,0.17,2.0166,69610.48,58970.094
001914.SZ,20240709,9.56,9.68,9.32,9.52,9.59,-0.07,-0.7299,73680,69862.727
601002.SH,20240709,2.83,2.85,2.72,2.84,2.83,0.01,0.3534,62263.54,17383.938
002943.SZ,20240709,18.03,19.7,17.92,19.46,18.09,1.37,7.5732,73620.03,139129.104
601068.SH,20240709,4.09,4.18,4.02,4.17,4.13,0.04,0.9685,71352.73,29338.988
000889.SZ,20240709,1.66,1.69,1.59,1.62,1.67,-0.05,-2.994,258377.52,41790.563
002858.SZ,20240709,10.1,10.15,9.68,10.11,10.02,0.09,0.8982,38907,38686.352
920204.BJ,20240709,7.58,8.24,7.57,8.01,7.9,0.11,1.3924,47105.83,36913.026
300712.SZ,20240709,20.61,21.78,20.06,21.65,20.64,1.01,4.8934,19539.64,41124.911
603768.SH,20240709,10.41,10.71,10.21,10.64,10.45,0.19,1.8182,20454.29,21484.67
600651.SH,20240709,2.62,2.68,2.59,2.67,2.62,0.05,1.9084,110400.99,29127.433
300505.SZ,20240709,12.27,12.7,12.06,12.7,12.2,0.5,4.0984,136486.5,170054.202
002956.SZ,20240709,12.8,12.8,12.36,12.65,12.7,-0.05,-0.3937,23135.16,29059.739
000859.SZ,20240709,3.14,3.18,3.05,3.14,3.15,-0.01,-0.3175,162205.73,50539.414
920566.BJ,20240709,6.55,6.68,6.5,6.64,6.55,0.09,1.374,4952.33,3258.817
000715.SZ,20240709,4.9,4.96,4.68,4.89,4.97,-0.08,-1.6097,164831.7,79443.827
300835.SZ,20240709,24.33,25.44,24.16,25.4,24.3,1.1,4.5267,71010.2,177036.478
600810.SH,20240709,6.01,6.07,5.88,6.05,5.97,0.08,1.34,41908.78,25057.2
603070.SH,20240709,12.39,13.04,12.09,12.82,12.7,0.12,0.9449,85114.82,106806.762
002905.SZ,20240709,5.97,6.05,5.74,6.01,5.97,0.04,0.67,39979.6,23543.582
300053.SZ,20240709,8.5,8.82,8.42,8.79,8.51,0.28,3.2902,131094.26,113438.328
600131.SH,20240709,15.49,16.46,15.42,16.35,15.54,0.81,5.2124,140147.31,225418.931
688333.SH,20240709,47.57,48.88,46.5,48.13,47.57,0.56,1.1772,19624.44,94377.461
300197.SZ,20240709,1.37,1.39,1.29,1.34,1.37,-0.03,-2.1898,965748.12,128876.981
300942.SZ,20240709,6.99,7.58,6.43,6.7,6.87,-0.17,-2.4745,198061.44,137190.328
600511.SH,20240709,30.3,30.77,30.08,30.58,30.25,0.33,1.0909,30934.91,94063.152
920299.BJ,20240709,6.21,6.26,5.9,6.26,6.24,0.02,0.3205,17530.16,10743.19
300654.SZ,20240709,8.01,8.26,7.82,8.25,8.02,0.23,2.8678,93195.14,75221.98
002783.SZ,20240709,7.07,7.19,6.95,7.19,7.06,0.13,1.8414,28589.48,20267.946
600309.SH,20240709,79.2,79.48,78,78.58,79.24,-0.66,-0.8329,111466.5,876192.561
605178.SH,20240709,11.57,11.9,11.45,11.8,11.72,0.08,0.6826,54188.44,63534.86
600800.SH,20240709,1.97,2.03,1.94,1.99,1.97,0.02,1.0152,66614.18,13191.179
600177.SH,20240709,7.01,7.13,6.97,7.11,7.01,0.1,1.4265,162488.69,114641.267
600297.SH,20240709,0.91,0.92,0.82,0.82,0.91,-0.09,-9.8901,8249969.18,692210.455
300699.SZ,20240709,25.7,26.5,25.47,26.27,25.71,0.56,2.1781,86981.55,226186.056
003012.SZ,20240709,5.82,5.86,5.62,5.65,5.8,-0.15,-2.5862,74866,42723.224
000655.SZ,20240709,5.42,5.58,5.3,5.54,5.42,0.12,2.214,43216.3,23582.029
300075.SZ,20240709,14.2,14.56,13.67,14.46,14.2,0.26,1.831,176554.59,251294.874
002938.SZ,20240709,39.09,42,38.61,41.52,38.95,2.57,6.5982,336937.39,1367523.66
300395.SZ,20240709,28.65,29.25,27.78,28.82,28.76,0.06,0.2086,78854.48,224249.226
688202.SH,20240709,25.9,27.04,25.05,26.1,26.14,-0.04,-0.153,28085.79,72243.845
300852.SZ,20240709,26.01,27.3,25.55,27.26,25.68,1.58,6.1526,70328.93,188389.135
300756.SZ,20240709,13.44,13.45,12.92,13.4,13.38,0.02,0.1495,21790,28865.261
600879.SH,20240709,7.1,7.26,6.96,7.25,7.13,0.12,1.683,457085.94,325929.117
001225.SZ,20240709,26.28,26.76,25.82,26.69,26.32,0.37,1.4058,2591,6808.328
600606.SH,20240709,1.34,1.37,1.31,1.35,1.35,0,0,675418.4,90570.107
002174.SZ,20240709,7.3,7.42,7.12,7.36,7.33,0.03,0.4093,108194.52,78803.749
603325.SH,20240709,61.35,62.45,60.32,61.91,61.92,-0.01,-0.0161,2360,14519.357
000757.SZ,20240709,2.37,2.43,2.31,2.39,2.39,0,0,112512,26714.086
000570.SZ,20240709,4.28,4.35,4.17,4.33,4.29,0.04,0.9324,76312.01,32653.074
300571.SZ,20240709,19.3,19.91,18.88,19.85,19.3,0.55,2.8497,16105.24,31383.624
300221.SZ,20240709,4.8,4.98,4.7,4.95,4.75,0.2,4.2105,131145,63828.981
603345.SH,20240709,70.11,72.5,70.11,71.71,70.8,0.91,1.2853,32077.62,229172.611
603201.SH,20240709,15.91,15.91,14.81,15.7,15.33,0.37,2.4136,13450.36,20827.94
600265.SH,20240709,13.55,13.96,13.23,13.85,13.49,0.36,2.6686,5842,7946.049
002593.SZ,20240709,2.77,2.82,2.68,2.82,2.77,0.05,1.8051,196631,54315.349
300384.SZ,20240709,12.06,12.23,11.8,12.21,12.06,0.15,1.2438,19817.96,23849.563
301109.SZ,20240709,14.62,14.78,14.38,14.7,14.63,0.07,0.4785,10091.9,14720.443
603810.SH,20240709,8.01,8.1,7.76,8.01,8,0.01,0.125,22583,17950.198
603378.SH,20240709,5.14,5.34,5.11,5.32,5.13,0.19,3.7037,46183.6,24334.427
000429.SZ,20240709,11.08,11.37,11.03,11.35,11.1,0.25,2.2523,110080.99,123404.737
300659.SZ,20240709,11.93,12.21,11.67,12.18,11.94,0.24,2.0101,31321,37507.779
688390.SH,20240709,51.68,54,50.85,53.41,52.21,1.2,2.2984,39092.82,205155.646
688658.SH,20240709,17.07,17.57,16.75,17.4,17.2,0.2,1.1628,37849.94,64940.544
001296.SZ,20240709,13.73,14.06,13.46,14.02,13.76,0.26,1.8895,11831.82,16344.961
600881.SH,20240709,1.06,1.08,1.02,1.05,1.06,-0.01,-0.9434,860181.94,89654.806
300492.SZ,20240709,86.8,88.47,84.88,87.4,86.32,1.08,1.2512,7063.51,61192.27
600127.SH,20240709,5.92,5.92,5.71,5.88,5.9,-0.02,-0.339,78195.04,45425.973
002225.SZ,20240709,3.61,3.61,3.42,3.59,3.61,-0.02,-0.554,278363,98333.737
002622.SZ,20240709,1.2,1.26,1.19,1.26,1.22,0.04,3.2787,217871,26850.939
000619.SZ,20240709,3.93,3.97,3.78,3.89,3.92,-0.03,-0.7653,43566.35,16848.046
000778.SZ,20240709,3.45,3.49,3.4,3.48,3.46,0.02,0.578,260105.8,89705.062
688505.SH,20240709,6.25,6.31,6.11,6.27,6.24,0.03,0.4808,15707.87,9742.642
300929.SZ,20240709,6.85,7.01,6.66,7.01,6.83,0.18,2.6354,15104.2,10374.921
300013.SZ,20240709,1.61,1.66,1.58,1.64,1.61,0.03,1.8634,59227.33,9632.21
603321.SH,20240709,6.54,6.57,6.28,6.56,6.55,0.01,0.1527,35269,22686.755
600961.SH,20240709,9.5,9.72,9.21,9.66,9.57,0.09,0.9404,197820.44,187988.519
002817.SZ,20240709,5.17,5.23,4.97,5.17,5.22,-0.05,-0.9579,42902.51,21881.725
300388.SZ,20240709,5.42,5.53,5.31,5.52,5.42,0.1,1.845,27160.78,14761.65
601688.SH,20240709,11.9,12.25,11.88,12.23,11.88,0.35,2.9461,543435.61,655329.089
002321.SZ,20240709,1.69,1.76,1.56,1.66,1.64,0.02,1.2195,630311.86,104172.779
600355.SH,20240709,2.95,3.02,2.87,3.02,2.97,0.05,1.6835,210851,62424.515
000599.SZ,20240709,3.35,3.45,3.31,3.45,3.37,0.08,2.3739,73112,24795.011
000415.SZ,20240709,2.47,2.58,2.47,2.56,2.47,0.09,3.6437,765127.08,193954.662
301120.SZ,20240709,9.09,9.43,8.96,9.42,9.19,0.23,2.5027,100854.85,93116.821
689009.SH,20240709,38.11,38.55,36.91,37.99,38.62,-0.63,-1.6313,78033.67,293890.616
000042.SZ,20240709,4.06,4.15,3.95,4.08,4.06,0.02,0.4926,124938.04,50366.717
688321.SH,20240709,16.43,16.69,16.07,16.6,16.56,0.04,0.2415,34806.66,57049.503
603983.SH,20240709,25.18,25.63,24.95,25.49,25.18,0.31,1.2311,12496.93,31644.066
603150.SH,20240709,24.85,24.92,24.03,24.87,24.49,0.38,1.5517,4886.52,11999.516
688767.SH,20240709,25.23,26.16,24.84,26,25.39,0.61,2.4025,9666.43,24710.463
002661.SZ,20240709,7.56,7.65,7.31,7.51,7.43,0.08,1.0767,38710.31,28920.633
300680.SZ,20240709,17.19,17.85,16.92,17.77,17.18,0.59,3.4342,65902.23,114835.665
300047.SZ,20240709,6.29,6.49,6.16,6.47,6.32,0.15,2.3734,142458.67,90242.094
002885.SZ,20240709,9.78,10.1,9.44,10.08,9.77,0.31,3.173,59655.31,58465.472
001207.SZ,20240709,13.5,14.08,13.32,14.05,13.6,0.45,3.3088,22417,30724.101
600706.SH,20240709,9.9,10.11,9.61,10.05,10.09,-0.04,-0.3964,83884.4,83013.789
000750.SZ,20240709,2.77,2.84,2.75,2.82,2.78,0.04,1.4388,378738.36,106007.758
600109.SH,20240709,7.04,7.24,6.97,7.23,7.02,0.21,2.9915,237950.88,169164.777
002632.SZ,20240709,7.06,7.45,6.93,7.43,7.06,0.37,5.2408,273927,198674.238
920378.BJ,20240709,3.83,3.94,3.78,3.91,3.83,0.08,2.0888,8221.9,3184.655
002161.SZ,20240709,4.35,4.5,4.28,4.49,4.37,0.12,2.746,98189,43302.194
600825.SH,20240709,3.62,3.71,3.57,3.7,3.63,0.07,1.9284,85563.6,31176.278
301322.SZ,20240709,18.27,18.59,18,18.35,18.32,0.03,0.1638,12373.48,22682.144
000608.SZ,20240709,1.4,1.43,1.35,1.42,1.43,-0.01,-0.6993,146354.46,20342.907
603326.SH,20240709,5.35,5.4,5.18,5.38,5.37,0.01,0.1862,31964,16928.717
600536.SH,20240709,27.96,28.79,27.9,28.72,28.2,0.52,1.844,107924.12,307215.223
600228.SH,20240709,4.62,4.72,4.48,4.72,4.61,0.11,2.3861,69942.87,32205.142
603466.SH,20240709,7.69,7.84,7.5,7.78,7.69,0.09,1.1704,75549.76,57970.815
002144.SZ,20240709,8.13,8.34,8.03,8.32,8.17,0.15,1.836,15374,12586.883
002360.SZ,20240709,5.06,5.13,5,5.11,5.05,0.06,1.1881,24013,12169.58
301122.SZ,20240709,18.17,18.35,17.53,18.21,18.22,-0.01,-0.0549,11483,20634.986
603220.SH,20240709,25.68,27.03,25.48,27.02,25.68,1.34,5.2181,127205.38,336073.213
002959.SZ,20240709,44.4,45.99,44.07,45.8,44.47,1.33,2.9908,16406,74219.58
920351.BJ,20240709,5.86,5.93,5.6,5.84,5.81,0.03,0.5164,6502.43,3743.02
603893.SH,20240709,56.78,61.95,56.6,61.71,57.14,4.57,7.9979,75765.59,453666.245
920357.BJ,20240709,13.1,14.35,12.92,13.95,13.09,0.86,6.5699,41620.48,57067.585
688696.SH,20240709,68.7,69.46,66.93,68.47,68.83,-0.36,-0.523,9070.82,61891.427
603950.SH,20240709,12.13,12.39,11.69,12.28,12.08,0.2,1.6556,59238.4,71526.149
600138.SH,20240709,9.56,9.69,9.4,9.66,9.54,0.12,1.2579,71540.67,68410.085
300377.SZ,20240709,4.93,5.03,4.77,5.01,4.92,0.09,1.8293,145151.52,71284.535
002988.SZ,20240709,14.98,15.25,14.58,15.2,14.97,0.23,1.5364,23867,35722.654
003032.SZ,20240709,8.84,9.07,8.58,9,8.88,0.12,1.3514,151699.61,134114.798
603529.SH,20240709,26.61,27.7,26.34,27.5,26.61,0.89,3.3446,50203.82,136015.51
603728.SH,20240709,36.8,37.94,36.34,37.64,36.85,0.79,2.1438,46290.24,171749.63
603229.SH,20240709,9.8,9.98,9.6,9.93,9.93,0,0,63237.71,61963.824
600508.SH,20240709,13.68,13.92,13.41,13.86,13.67,0.19,1.3899,46456,63397.585
600596.SH,20240709,7.46,7.61,7.35,7.57,7.47,0.1,1.3387,70473.2,52910.106
920792.BJ,20240709,5.14,5.3,5.12,5.26,5.17,0.09,1.7408,2185.94,1132.718
002378.SZ,20240709,5.58,5.73,5.5,5.7,5.56,0.14,2.518,109876.85,61910.788
600128.SH,20240709,6.02,6.07,5.8,6.02,6.01,0.01,0.1664,36510.68,21792.051
000861.SZ,20240709,0.86,0.88,0.79,0.79,0.88,-0.09,-10.2273,3030060.26,245026.531
600121.SH,20240709,3.1,3.15,3.03,3.13,3.1,0.03,0.9677,91566.8,28265.404
603090.SH,20240709,16.78,17.18,16.52,17.08,16.77,0.31,1.8485,12606,21275.818
603122.SH,20240709,4.92,4.94,4.71,4.86,4.96,-0.1,-2.0161,49061.85,23753.256
920304.BJ,20240709,6.08,6.24,6.08,6.23,6.11,0.12,1.964,11608.41,7147.747
603638.SH,20240709,13.82,14.18,13.76,14.14,13.87,0.27,1.9466,25216.93,35272.675
600031.SH,20240709,15.41,15.47,14.88,15.3,15.56,-0.26,-1.671,773770.81,1171632.387
920375.BJ,20240709,10.13,10.56,10.07,10.45,10.31,0.14,1.3579,3159.5,3264.552
300467.SZ,20240709,12.46,12.83,12.38,12.78,12.46,0.32,2.5682,26944,34076.245
600841.SH,20240709,3.16,3.19,3.06,3.17,3.14,0.03,0.9554,58796.28,18415.022
603089.SH,20240709,7.73,7.93,7.62,7.92,7.74,0.18,2.3256,26453,20614.037
002648.SZ,20240709,17.83,18.18,17.68,18.16,17.91,0.25,1.3959,145703.03,261627.48
600267.SH,20240709,6.95,7,6.76,6.96,6.95,0.01,0.1439,90963,62658.305
301009.SZ,20240709,7.17,7.36,7.04,7.3,7.22,0.08,1.108,15615.79,11250.399
003039.SZ,20240709,11.93,12.13,11.72,12.12,11.91,0.21,1.7632,22216.7,26585.275
300041.SZ,20240709,7.25,7.48,7.15,7.48,7.25,0.23,3.1724,73582.92,53883.671
600312.SH,20240709,20.29,21.09,19.86,20.92,19.92,1,5.0201,440064.33,900808.859
600167.SH,20240709,5.12,5.25,5.05,5.25,5.19,0.06,1.1561,48765,25149.544
600310.SH,20240709,3.89,3.92,3.74,3.85,3.82,0.03,0.7853,526006.62,201837.945
600803.SH,20240709,21.04,21.22,20.83,20.94,21.17,-0.23,-1.0864,52556.62,110181.186
002001.SZ,20240709,19.08,19.47,18.93,19.45,19.1,0.35,1.8325,177030.7,339942.563
301127.SZ,20240709,7.89,7.89,7.48,7.78,7.85,-0.07,-0.8917,62489.62,47902.58
601665.SH,20240709,4.66,4.8,4.65,4.77,4.66,0.11,2.3605,257253.04,121556.082
688625.SH,20240709,33.66,34.65,33.13,34.29,33.62,0.67,1.9929,2219.06,7560.146
300552.SZ,20240709,32.87,33.45,31.73,33.32,32.02,1.3,4.06,150968.84,494450.726
002787.SZ,20240709,6.56,6.56,6.31,6.53,6.46,0.07,1.0836,44570.24,28810.927
002375.SZ,20240709,3.15,3.18,3.05,3.16,3.15,0.01,0.3175,64173,20052.255
603075.SH,20240709,16.76,17.15,16.4,17.09,16.84,0.25,1.4846,7579.74,12801.158
300848.SZ,20240709,15.06,15.42,14.23,14.86,15.16,-0.3,-1.9789,45587.46,67515.944
603566.SH,20240709,12.78,12.85,12.32,12.63,12.78,-0.15,-1.1737,41482.92,52095.806
601319.SH,20240709,5.15,5.24,5.11,5.24,5.15,0.09,1.7476,581366.66,301050.828
920249.BJ,20240709,3.4,3.54,3.26,3.45,3.38,0.07,2.071,28903.66,9788.172
301048.SZ,20240709,7.92,8.08,7.72,8.04,7.91,0.13,1.6435,24320.58,19265.488
002592.SZ,20240709,3.86,3.92,3.71,3.8,3.9,-0.1,-2.5641,46170,17387.711
603683.SH,20240709,7.61,7.82,7.34,7.77,7.57,0.2,2.642,42170.76,31956.956
688499.SH,20240709,17.97,18.47,17.71,18.44,18.08,0.36,1.9912,16936.72,30620.964
002167.SZ,20240709,5.35,5.47,5.24,5.46,5.35,0.11,2.0561,162699.56,87467.786
301017.SZ,20240709,9.41,9.53,9.14,9.44,9.48,-0.04,-0.4219,26864,25081.956
003021.SZ,20240709,42.57,45.09,42.3,44.82,42.58,2.24,5.2607,42018.21,184368.44
600835.SH,20240709,10.65,10.99,10.49,10.97,10.69,0.28,2.6193,67447,72433.15
300984.SZ,20240709,19.56,20.87,19.54,20.87,19.56,1.31,6.6973,8389.56,17035.586
000728.SZ,20240709,5.76,5.99,5.74,5.96,5.76,0.2,3.4722,349621.08,204570.458
920932.BJ,20240709,10.4,10.67,10.15,10.5,10.3,0.2,1.9417,2333.48,2430.207
603193.SH,20240709,16.5,17.37,16,17.09,16.43,0.66,4.017,34459.41,57297.651
600917.SH,20240709,5.32,5.37,5.19,5.35,5.33,0.02,0.3752,35013.42,18503.549
300093.SZ,20240709,13.28,13.46,11.38,12.48,13.18,-0.7,-5.3111,236423.01,289851.33
301287.SZ,20240709,25.03,25.73,24.59,25.7,25.03,0.67,2.6768,6027,15196.365
002486.SZ,20240709,1.45,1.46,1.37,1.43,1.42,0.01,0.7042,173007.01,24470.815
600052.SH,20240709,4.09,4.09,3.79,4.01,4.11,-0.1,-2.4331,209951,82307.298
002078.SZ,20240709,14.01,14.2,13.68,14.04,14.07,-0.03,-0.2132,231056.29,322772.285
600360.SH,20240709,3.01,3.01,3.01,3.01,2.87,0.14,4.878,66798.2,20106.258
002385.SZ,20240709,3.96,3.99,3.86,3.97,3.97,0,0,348214.16,136837.231
300623.SZ,20240709,16.37,17.46,16.2,17.4,16.41,0.99,6.0329,193676.3,330113.074
300560.SZ,20240709,10.1,10.48,9.96,10.45,10.12,0.33,3.2609,48822.9,50004.135
688656.SH,20240709,22.52,23.8,22.38,23.7,22.79,0.91,3.993,5500.49,12835.44
301211.SZ,20240709,14.25,14.99,13.63,14.53,14.06,0.47,3.3428,32788.34,46633.704
002855.SZ,20240709,18.01,19.92,17.5,19.92,18.11,1.81,9.9945,113868.7,216519.489
603267.SH,20240709,31.89,33.33,31.4,33.12,32.03,1.09,3.4031,47210.95,153869.523
603861.SH,20240709,7.57,7.88,7.49,7.85,7.6,0.25,3.2895,44748,34403.981
300550.SZ,20240709,9.34,9.52,9.25,9.49,9.34,0.15,1.606,12032.46,11293.272
002043.SZ,20240709,9.83,9.83,9.39,9.69,9.81,-0.12,-1.2232,163034.85,156315.635
002305.SZ,20240709,1.48,1.51,1.43,1.5,1.47,0.03,2.0408,590701,87078.849
603099.SH,20240709,22.4,22.8,21.5,22.78,22.23,0.55,2.4741,123004,274535.418
688558.SH,20240709,16.16,16.93,15.99,16.84,16.16,0.68,4.2079,8394.63,13843.069
600722.SH,20240709,3.8,3.85,3.69,3.84,3.76,0.08,2.1277,50257.36,18953.726
300369.SZ,20240709,4.77,4.82,4.58,4.8,4.76,0.04,0.8403,161926.27,76376.122
603663.SH,20240709,13.45,13.85,13.2,13.82,13.39,0.43,3.2114,86098.75,116786.064
603116.SH,20240709,4.25,4.3,4.15,4.27,4.25,0.02,0.4706,31412.4,13268.196
603917.SH,20240709,10.21,11.23,10.11,10.84,10.21,0.63,6.1704,51108.21,55198.697
002631.SZ,20240709,3.33,3.42,3.26,3.33,3.38,-0.05,-1.4793,55525.28,18518.467
603806.SH,20240709,13.42,13.65,13.03,13.29,13.38,-0.09,-0.6726,253905.92,337461.06
601377.SH,20240709,4.86,4.92,4.82,4.91,4.86,0.05,1.0288,353860.66,172664.636
600213.SH,20240709,5.68,5.95,5.66,5.87,5.67,0.2,3.5273,32151,18731.668
600688.SH,20240709,2.59,2.64,2.55,2.62,2.59,0.03,1.1583,200488.25,52123.286
603867.SH,20240709,23.34,23.56,22.71,23.4,23.34,0.06,0.2571,12323.2,28478.647
920720.BJ,20240709,7.1,7.35,7.01,7.29,7.09,0.2,2.8209,11109.94,7988.026
300537.SZ,20240709,14.52,15.5,14.31,15.44,14.6,0.84,5.7534,113411,170817.467
002235.SZ,20240709,3.95,3.98,3.76,3.94,3.94,0,0,198340,76721.399
300976.SZ,20240709,42.1,45.28,42.01,45.24,42.1,3.14,7.4584,24355.72,107621.287
002422.SZ,20240709,30.33,30.96,30.09,30.68,30.52,0.16,0.5242,111816.07,341497.33
603355.SH,20240709,19.76,20.1,19.48,20,19.76,0.24,1.2146,23453.57,46361.949
001979.SZ,20240709,8.71,8.81,8.63,8.74,8.73,0.01,0.1145,421559.39,368081.751
600243.SH,20240709,2.59,2.62,2.47,2.57,2.59,-0.02,-0.7722,86589.02,21893.989
600666.SH,20240709,1.34,1.37,1.33,1.36,1.35,0.01,0.7407,131910.68,17851.171
603688.SH,20240709,26.11,26.83,26.03,26.52,26.12,0.4,1.5314,95260.8,251691.316
600197.SH,20240709,16.11,16.41,15.95,16.3,16.12,0.18,1.1166,46778,75689.325
002986.SZ,20240709,11.35,11.57,11.06,11.52,11.31,0.21,1.8568,8416.89,9533.337
600751.SH,20240709,2.2,2.23,2.13,2.2,2.23,-0.03,-1.3453,250605.82,54568.627
603117.SH,20240709,4.56,4.56,4.26,4.51,4.48,0.03,0.6696,111794.83,48941.804
603300.SH,20240709,5.02,5.18,4.98,5.15,5.03,0.12,2.3857,164336.25,83431.704
301228.SZ,20240709,12.13,12.63,11.07,11.26,10.91,0.35,3.2081,178536.67,208939.441
605081.SH,20240709,13.1,13.8,12.91,13.8,13.05,0.75,5.7471,54857.65,72821.277
301559.SZ,20240709,13.61,14.06,13.61,14.02,13.82,0.2,1.4472,10477.58,14578.047
002847.SZ,20240709,40.95,41.59,40.13,41.55,40.95,0.6,1.4652,18950.5,77528.288
002936.SZ,20240709,1.73,1.76,1.72,1.75,1.73,0.02,1.1561,500201.68,86929.58
301487.SZ,20240709,24.28,24.62,23.74,24.57,24.4,0.17,0.6967,28723.73,69522.653
300122.SZ,20240709,26,26.3,25.63,26.08,26.06,0.02,0.0767,153149.92,398073.586
002707.SZ,20240709,5.98,6.2,5.97,6.18,6.02,0.16,2.6578,191233.22,117170.33
002701.SZ,20240709,4,4.06,3.95,4.04,4,0.04,1,149963.62,59987.572
601390.SH,20240709,6.18,6.25,6.09,6.24,6.2,0.04,0.6452,977383.8,603592.163
603016.SH,20240709,14.61,14.99,14.3,14.88,14.82,0.06,0.4049,10061,14799.618
300124.SZ,20240709,49.4,50.5,48.51,50.29,49.57,0.72,1.4525,124036.51,612445.106
002681.SZ,20240709,3.41,3.61,3.39,3.6,3.43,0.17,4.9563,300148.19,105260.906
002316.SZ,20240709,3.02,3.02,2.86,3,2.98,0.02,0.6711,109512,32150.964
002812.SZ,20240709,29.6,29.89,28.92,29.59,29.64,-0.05,-0.1687,133018.14,390968.297
300409.SZ,20240709,8.31,8.57,8.17,8.53,8.25,0.28,3.3939,64603.07,54179.415
605050.SH,20240709,8.74,8.75,8.27,8.57,8.58,-0.01,-0.1166,22659,19122.027
000656.SZ,20240709,1.11,1.15,1.11,1.14,1.12,0.02,1.7857,1035231,117106.712
002345.SZ,20240709,4.59,4.6,4.39,4.55,4.6,-0.05,-1.087,163317.05,73159.889
605069.SH,20240709,5.89,5.97,5.68,5.95,5.89,0.06,1.0187,31295.7,18292.557
001332.SZ,20240709,21.49,21.81,20.97,21.74,21.5,0.24,1.1163,4740.3,10162.981
002112.SZ,20240709,8.36,8.72,8.23,8.7,8.45,0.25,2.9586,89426.68,76140.131
301327.SZ,20240709,56.04,57.63,55.12,57.18,56.04,1.14,2.0343,3897.35,21933.956
300291.SZ,20240709,4.1,4.12,3.93,4.08,4.04,0.04,0.9901,142836.5,57623.441
605303.SH,20240709,6.39,6.48,6.14,6.3,6.39,-0.09,-1.4085,22956,14423.638
300067.SZ,20240709,3.83,3.92,3.76,3.92,3.83,0.09,2.3499,365307.62,140700.184
601022.SH,20240709,8.41,8.51,8.26,8.5,8.39,0.11,1.3111,91840.66,77072.26
603489.SH,20240709,17.24,17.93,17.05,17.88,17.26,0.62,3.5921,22753.24,39739.796
920703.BJ,20240709,13.8,14.13,13.55,14.06,13.91,0.15,1.0784,6749.25,9365.5
301131.SZ,20240709,32.81,34.03,31.6,33.8,33.34,0.46,1.3797,29275.97,96189.123
920418.BJ,20240709,11.87,12.32,11.75,12.26,11.89,0.37,3.1119,7738.01,9299.221
002608.SZ,20240709,7.85,7.98,7.66,7.95,7.78,0.17,2.1851,166215.71,130282.2
601999.SH,20240709,5.13,5.18,5,5.17,5.13,0.04,0.7797,36053,18409.417
002614.SZ,20240709,5.3,5.33,5.17,5.33,5.29,0.04,0.7561,50684,26741.331
300746.SZ,20240709,5.84,5.93,5.63,5.88,5.83,0.05,0.8576,29407.56,17069.622
603258.SH,20240709,15.39,15.78,15.02,15.67,15.38,0.29,1.8856,30036,46083.967
000938.SZ,20240709,21,22.28,20.79,22.2,21.13,1.07,5.0639,599568.81,1301749.092
002887.SZ,20240709,6.24,6.29,5.86,6.1,6.26,-0.16,-2.5559,111725.45,67619.83
605222.SH,20240709,15.13,15.54,14.91,15.5,15.13,0.37,2.4455,18906.15,28879.667
002469.SZ,20240709,5.5,5.65,5.44,5.63,5.55,0.08,1.4414,66775,36968.312
688522.SH,20240709,51.4,52.4,48.82,50.96,51.87,-0.91,-1.7544,51336.26,259418.138
688556.SH,20240709,10.93,11.03,10.61,10.8,10.9,-0.1,-0.9174,101859.23,110218.802
601908.SH,20240709,2.41,2.45,2.37,2.42,2.42,0,0,172216,41648.758
688701.SH,20240709,4.61,4.72,4.47,4.68,4.64,0.04,0.8621,26745.29,12333.273
603027.SH,20240709,12.71,12.95,12.61,12.87,12.66,0.21,1.6588,72557.74,92656.69
000019.SZ,20240709,5.74,5.79,5.62,5.79,5.74,0.05,0.8711,33247.99,19005.894
603006.SH,20240709,8.8,8.92,8.5,8.92,8.74,0.18,2.0595,37806,33107.549
603859.SH,20240709,18.32,18.47,16.68,17.53,18.35,-0.82,-4.4687,135533.17,237900.235
920541.BJ,20240709,4.55,4.62,4.44,4.57,4.55,0.02,0.4396,8188.83,3717.357
300491.SZ,20240709,13.15,13.48,12.85,13.45,13.07,0.38,2.9074,31750,41988.865
000407.SZ,20240709,2.6,2.62,2.53,2.61,2.61,0,0,69135.56,17826.816
600258.SH,20240709,11.93,12.21,11.86,12.16,11.97,0.19,1.5873,96423.25,115914.627
002066.SZ,20240709,7.58,7.75,7.44,7.72,7.6,0.12,1.5789,27490,20920.583
300996.SZ,20240709,14,14.82,13.56,14.59,14.23,0.36,2.5299,159178.62,223475.488
002409.SZ,20240709,64.59,67.52,63.63,67.48,64.6,2.88,4.4582,138311.34,908974.417
603721.SH,20240709,20.13,20.63,19.49,20.5,20.13,0.37,1.8381,75015.21,150599.697
600594.SH,20240709,3.07,3.08,2.96,3.05,3.06,-0.01,-0.3268,106911.02,32320.034
688518.SH,20240709,15.2,17.05,14.9,16.78,15.37,1.41,9.1737,300947.25,480436.147
920799.BJ,20240709,9,9.26,8.82,9.14,9,0.14,1.5556,15158.21,13753.205
600137.SH,20240709,11.32,11.54,11.04,11.5,11.4,0.1,0.8772,10756.21,12180.266
688629.SH,20240709,25.02,27.35,24.98,27.05,25.01,2.04,8.1567,89616.98,237221.714
600345.SH,20240709,16.11,16.92,16.05,16.86,16.12,0.74,4.5906,92328.51,152487.016
000856.SZ,20240709,5.76,5.84,5.54,5.81,5.78,0.03,0.519,40721.11,23276.318
001309.SZ,20240709,92.6,99.5,91.8,99.48,93,6.48,6.9677,99195.86,955517.661
603368.SH,20240709,17.17,17.5,16.92,17.43,17.18,0.25,1.4552,46762.96,80532.12
600328.SH,20240709,6.68,6.91,6.67,6.91,6.68,0.23,3.4431,91446.01,62278.738
603348.SH,20240709,26.96,28.15,26.8,28.15,27.07,1.08,3.9897,49669.99,136555.482
300069.SZ,20240709,9.94,10.04,9.3,9.84,9.8,0.04,0.4082,38510.69,37142.582
603648.SH,20240709,7.58,7.87,7.57,7.85,7.59,0.26,3.4256,38616,29837.727
001255.SZ,20240709,20.43,21.99,20.3,21.61,20.53,1.08,5.2606,18060,38626.103
301591.SZ,20240709,36.33,37.57,35.2,37.57,35.8,1.77,4.9441,22126.32,80727.605
603106.SH,20240709,4.03,4.15,3.92,4.1,4.02,0.08,1.99,187310.19,75816.012
002524.SZ,20240709,3.09,3.11,2.9,3.01,3.07,-0.06,-1.9544,76841.39,22997.045
301428.SZ,20240709,24.42,25.16,23.83,25.08,24.4,0.68,2.7869,24656.74,60608.982
600822.SH,20240709,7.43,7.55,7.3,7.55,7.44,0.11,1.4785,25616.29,19069.391
600671.SH,20240709,7.41,7.53,7.24,7.53,7.41,0.12,1.6194,3791,2785.633
688709.SH,20240709,18.11,18.97,18,18.88,18.14,0.74,4.0794,39736.94,73429.592
300162.SZ,20240709,6.04,6.38,5.98,6.37,6.04,0.33,5.4636,308859.09,191595.938
605277.SH,20240709,12.15,13.37,12.1,13.37,12.15,1.22,10.0412,260011.33,340908.933
603499.SH,20240709,12.56,12.99,12.48,12.95,12.72,0.23,1.8082,36545.79,46697.597
002188.SZ,20240709,4.12,4.19,3.96,4.19,4.11,0.08,1.9465,90165,36855.116
002540.SZ,20240709,5.26,5.42,5.19,5.4,5.24,0.16,3.0534,116319.99,62005.069
920273.BJ,20240709,9.35,9.43,9.25,9.41,9.34,0.07,0.7495,739.81,691.198
300773.SZ,20240709,11.96,12.33,11.85,12.29,12,0.29,2.4167,73174.56,88632.19
603727.SH,20240709,12.65,12.93,12.42,12.92,12.74,0.18,1.4129,34139,43395.975
920077.BJ,20240709,9.05,9.3,8.99,9.15,9.04,0.11,1.2168,3992.11,3647.477
000517.SZ,20240709,2.63,2.71,2.62,2.69,2.65,0.04,1.5094,212215,56624.755
002547.SZ,20240709,2.27,2.31,2.2,2.27,2.28,-0.01,-0.4386,155483.84,35084.746
301281.SZ,20240709,21.18,21.65,20.56,21.53,21.17,0.36,1.7005,12287,25923.05
920802.BJ,20240709,7.87,7.87,7.55,7.79,7.74,0.05,0.646,2662.01,2049.139
300994.SZ,20240709,9.65,9.89,9.45,9.85,9.63,0.22,2.2845,25833.67,25092.458
300631.SZ,20240709,18.59,18.85,18.1,18.79,18.46,0.33,1.7876,12114.64,22478.268
301023.SZ,20240709,27.22,28.65,26.92,28.6,27.23,1.37,5.0312,6328.21,17671.588
301577.SZ,20240709,63.78,71.88,63.5,70.36,65.45,4.91,7.5019,43150.64,295792.282
301299.SZ,20240709,39.79,41.1,39.25,40.98,39.79,1.19,2.9907,12655.71,51089.574
688318.SH,20240709,73.82,76.9,73.82,76.3,73.95,2.35,3.1778,29209.76,220620.158
603699.SH,20240709,16.49,16.87,16.3,16.66,16.46,0.2,1.2151,53675,89177.97
002766.SZ,20240709,4.3,4.49,4.22,4.45,4.19,0.26,6.2053,703119.08,305691.605
000690.SZ,20240709,4.96,5.16,4.95,5.16,4.96,0.2,4.0323,285206.5,144309.279
002526.SZ,20240709,2.23,2.3,2.19,2.3,2.25,0.05,2.2222,404154.7,91111.322
000520.SZ,20240709,2.34,2.38,2.26,2.35,2.37,-0.02,-0.8439,369751.83,85574.362
002533.SZ,20240709,9.55,10.05,9.46,9.99,9.55,0.44,4.6073,165470.1,162597.905
688379.SH,20240709,12.74,13.04,12.55,12.96,12.72,0.24,1.8868,6064.11,7771.505
002955.SZ,20240709,21.77,23,21.41,22.85,21.75,1.1,5.0575,38152.33,84639.091
300923.SZ,20240709,15.39,16.04,15.22,15.95,15.39,0.56,3.6387,7429,11625.844
002136.SZ,20240709,9.1,9.76,9.01,9.43,8.99,0.44,4.8943,34819.58,32365.842
920433.BJ,20240709,3.85,3.85,3.7,3.81,3.79,0.02,0.5277,23131.68,8711.208
300686.SZ,20240709,7.64,8.39,7.64,8.12,8.42,-0.3,-3.5629,413032.1,329480.33
600983.SH,20240709,6.99,7.14,6.97,7.1,7,0.1,1.4286,12708,8995.741
301293.SZ,20240709,33.82,34.83,33.3,34.81,34.05,0.76,2.232,40854.47,139481.159
000547.SZ,20240709,5.68,5.75,5.52,5.73,5.68,0.05,0.8803,138313.5,78031.627
002643.SZ,20240709,9.3,9.59,9.26,9.55,9.32,0.23,2.4678,76873,72664.343
002275.SZ,20240709,12.35,12.42,12.07,12.34,12.29,0.05,0.4068,19119,23423.935
300265.SZ,20240709,6.7,7.25,6.65,7.15,6.83,0.32,4.6852,355359.52,248597.568
001965.SZ,20240709,12.05,12.1,11.91,12.08,12.01,0.07,0.5828,151489.37,181980.438
603187.SH,20240709,10.86,11.14,10.76,11.07,10.9,0.17,1.5596,37483.99,41189.078
000593.SZ,20240709,4.58,4.66,4.47,4.65,4.59,0.06,1.3072,38183,17453.802
301566.SZ,20240709,14.54,15.29,14.46,15.27,14.52,0.75,5.1653,43417.25,64799.487
301107.SZ,20240709,24.83,25.62,24.43,25.62,24.71,0.91,3.6827,15076.56,37878.604
688521.SH,20240709,30.85,35.36,30.63,34.35,30.84,3.51,11.3813,206006.2,684620.884
300478.SZ,20240709,7.19,7.45,7.03,7.4,7.19,0.21,2.9207,15643.9,11352.727
688385.SH,20240709,30.32,31.92,30.2,31.6,30.45,1.15,3.7767,94820.37,296260.472
002072.SZ,20240709,2.8,2.85,2.68,2.81,2.8,0.01,0.3571,84584.01,23394.028
002171.SZ,20240709,6.26,6.4,6.2,6.38,6.27,0.11,1.7544,97654,61799.099
002156.SZ,20240709,21.03,22.94,20.9,22.81,20.89,1.92,9.191,1496880.82,3311759.898
300603.SZ,20240709,6.63,6.77,6.49,6.75,6.65,0.1,1.5038,53142.24,35386.737
603001.SH,20240709,4.27,4.37,4.08,4.15,4.32,-0.17,-3.9352,35967,14945.195
001337.SZ,20240709,23.05,23.75,22.86,23.71,23.31,0.4,1.716,58023.66,135385.048
688787.SH,20240709,52.21,54.47,51.4,54.16,52.31,1.85,3.5366,12545.71,66456.718
001217.SZ,20240709,9.91,10.35,9.59,10.13,10.05,0.08,0.796,186806.75,185537.753
002932.SZ,20240709,16.2,16.46,16,16.36,16.2,0.16,0.9877,15426.11,25084.847
002869.SZ,20240709,27.89,28.73,27.03,28.66,27.79,0.87,3.1306,343155.89,960566.829
002365.SZ,20240709,6.96,7.12,6.89,7.09,7.02,0.07,0.9972,26260.6,18421.647
002121.SZ,20240709,3.55,3.62,3.47,3.59,3.57,0.02,0.5602,82325.28,29178.246
600016.SH,20240709,3.86,3.88,3.81,3.87,3.85,0.02,0.5195,1239269.69,477664.732
300031.SZ,20240709,14.66,15.45,14.6,15.45,14.59,0.86,5.8944,391291.83,590422.955
002069.SZ,20240709,2.46,2.52,2.37,2.46,2.45,0.01,0.4082,70472.02,17224.299
002742.SZ,20240709,1.53,1.59,1.46,1.59,1.51,0.08,5.298,83361.61,13023.971
301469.SZ,20240709,23,23.82,22.85,23.77,23.33,0.44,1.886,8360.29,19525.648
002041.SZ,20240709,8.06,8.12,7.79,7.99,8.06,-0.07,-0.8685,80780.98,64071.701
002086.SZ,20240709,2.02,2.05,1.98,2.03,2.04,-0.01,-0.4902,69014,13918.528
002913.SZ,20240709,25.38,26.67,25.22,26.67,25.25,1.42,5.6238,85749.81,224481.241
000789.SZ,20240709,4.38,4.42,4.25,4.36,4.39,-0.03,-0.6834,50954.03,22068.02
603218.SH,20240709,9.62,9.79,9.41,9.7,9.65,0.05,0.5181,82347,79115.189
000301.SZ,20240709,7.58,7.65,7.4,7.58,7.61,-0.03,-0.3942,106299.49,80093.584
002396.SZ,20240709,12.05,12.64,12.05,12.59,12.1,0.49,4.0496,54487.45,67371.71
600938.SH,20240709,34.52,34.7,34.01,34.59,34.77,-0.18,-0.5177,388301.44,1336650.202
300048.SZ,20240709,4.35,4.49,4.3,4.48,4.35,0.13,2.9885,54489,23983.095
600490.SH,20240709,2.52,2.56,2.46,2.55,2.53,0.02,0.7905,373236.28,94000.894
600319.SH,20240709,3.2,3.25,3.11,3.24,3.19,0.05,1.5674,33595.15,10714.996
002645.SZ,20240709,6.15,6.17,5.88,6.16,6.07,0.09,1.4827,97618.05,59115.138
688360.SH,20240709,10.96,11.22,10.7,11.18,11.01,0.17,1.5441,13670.64,15040.545
300371.SZ,20240709,7.7,7.91,7.52,7.91,7.71,0.2,2.594,12311.2,9505.307
300106.SZ,20240709,5.85,5.93,5.59,5.91,5.86,0.05,0.8532,55506,32044.519
600110.SH,20240709,2.98,3.01,2.9,2.99,2.96,0.03,1.0135,204411.89,60582.326
002564.SZ,20240709,3.43,3.46,3.29,3.42,3.44,-0.02,-0.5814,99197,33550.207
300024.SZ,20240709,9.2,9.57,9.17,9.56,9.2,0.36,3.913,206725.05,194271.204
300778.SZ,20240709,9.5,9.58,9.08,9.58,9.46,0.12,1.2685,63481.45,59536.039
000972.SZ,20240709,2.16,2.19,2.1,2.17,2.17,0,0,73343.1,15720.187
300002.SZ,20240709,8.21,8.48,8.15,8.43,8.22,0.21,2.5547,383672.3,318766.501
002398.SZ,20240709,3.63,3.66,3.51,3.62,3.63,-0.01,-0.2755,34570.33,12402.041
002900.SZ,20240709,8.67,8.8,8.43,8.79,8.67,0.12,1.3841,41207,35665.622
603615.SH,20240709,11.86,11.99,11.31,11.62,11.81,-0.19,-1.6088,46869,54165.337
605016.SH,20240709,19.11,19.49,18.89,19.38,19.11,0.27,1.4129,14726.97,28273.821
600458.SH,20240709,9.69,9.95,9.52,9.93,9.68,0.25,2.5826,44797.9,43668.996
301300.SZ,20240709,27.7,30.84,27.54,30.84,25.7,5.14,20,59170.83,173814.211
002879.SZ,20240709,12.49,13.25,12.49,13.24,12.53,0.71,5.6664,34801.41,45037.429
002649.SZ,20240709,7.47,7.63,7.33,7.6,7.45,0.15,2.0134,70629,52922.897
688007.SH,20240709,14.77,15.54,14.7,15.5,14.77,0.73,4.9425,69116.64,105132.776
002209.SZ,20240709,7.38,7.41,7.06,7.37,7.28,0.09,1.2363,28145,20358.626
002963.SZ,20240709,9.59,9.76,9.24,9.62,9.66,-0.04,-0.4141,38144,36372.032
601111.SH,20240709,7.12,7.17,7.04,7.14,7.14,0,0,374973.45,266566.383
301500.SZ,20240709,17.01,17.65,16.61,17.52,17.24,0.28,1.6241,35377.26,60510.217
600694.SH,20240709,16.91,17.19,16.62,17.1,16.96,0.14,0.8255,21817.47,36853.613
301565.SZ,20240709,22.3,23.1,21.83,22.93,22.51,0.42,1.8658,128002.25,288109.876
001298.SZ,20240709,19,20.68,18.76,20.62,19.33,1.29,6.6736,228745.08,456477.817
601330.SH,20240709,5.77,5.78,5.52,5.71,5.74,-0.03,-0.5226,39463,22275.293
002160.SZ,20240709,2.73,2.75,2.64,2.75,2.71,0.04,1.476,82283,22297.171
000534.SZ,20240709,9.69,9.79,9.2,9.58,9.69,-0.11,-1.1352,53309.73,50334.885
000410.SZ,20240709,5.64,5.72,5.52,5.71,5.64,0.07,1.2411,46918.1,26457.526
000936.SZ,20240709,5.41,5.55,5.32,5.53,5.41,0.12,2.2181,160428.5,87564.476
600219.SH,20240709,4.03,4.11,4.01,4.07,4.01,0.06,1.4963,1723846.35,699566.502
002765.SZ,20240709,4.45,4.57,4.38,4.56,4.43,0.13,2.9345,88134.74,39495.563
301036.SZ,20240709,24.07,24.99,23.52,24.86,23.84,1.02,4.2785,118618.1,290205.734
002222.SZ,20240709,20.8,22.02,20.73,21.98,20.9,1.08,5.1675,141233.6,304562.236
600604.SH,20240709,3.38,3.44,3.33,3.42,3.39,0.03,0.885,56192.35,19063.406
002303.SZ,20240709,2.33,2.38,2.3,2.36,2.35,0.01,0.4255,136972,32063.674
002077.SZ,20240709,11.3,11.44,10.68,11.27,11.78,-0.51,-4.3294,289763.28,321946.314
688646.SH,20240709,27.32,28.52,27.1,28.52,27.44,1.08,3.9359,8118.15,22722.571
600660.SH,20240709,46.8,48.85,46.71,48.73,47.29,1.44,3.045,129742.77,624935.723
603151.SH,20240709,9.94,10.32,9.7,9.96,10.04,-0.08,-0.7968,18001.3,17850.79
001228.SZ,20240709,19.38,19.58,18.8,19.36,19.66,-0.3,-1.5259,16596,31873.302
603515.SH,20240709,16.28,16.7,16.03,16.68,16.25,0.43,2.6462,21570.68,35528.862
300992.SZ,20240709,14.27,14.98,14.01,14.88,14.35,0.53,3.6934,13785.11,20054.059
002380.SZ,20240709,18.36,19,17.88,18.95,18.36,0.59,3.2135,80142,148510.289
300034.SZ,20240709,15.42,16.2,15.42,16,15.53,0.47,3.0264,192179.77,305684.251
301050.SZ,20240709,44.3,45.75,43.81,45.43,44.59,0.84,1.8838,30995.89,139256.318
600333.SH,20240709,3.67,3.7,3.56,3.69,3.67,0.02,0.545,30979.11,11267.154
605368.SH,20240709,13.87,13.87,13.61,13.77,13.81,-0.04,-0.2896,22513,30935.34
600118.SH,20240709,19.99,19.99,18.88,19.78,20.75,-0.97,-4.6747,215607.26,418225.736
002133.SZ,20240709,2.14,2.16,2.06,2.12,2.14,-0.02,-0.9346,115648,24293.67
002687.SZ,20240709,4.08,4.17,4.01,4.15,4.09,0.06,1.467,51966.69,21260.13
002104.SZ,20240709,5.01,5.12,4.92,5.12,5.03,0.09,1.7893,80071.65,40386.396
300463.SZ,20240709,10.95,11.5,10.91,11.45,10.99,0.46,4.1856,96434.03,108896.394
601021.SH,20240709,53.08,54.18,52.38,54.1,53.25,0.85,1.5962,34334.04,182813.307
603719.SH,20240709,11.13,11.25,10.83,11.17,11.21,-0.04,-0.3568,45744.69,50537.748
688325.SH,20240709,29.38,30.58,28.7,30.39,29.2,1.19,4.0753,11939.88,35716.792
605122.SH,20240709,9.27,9.45,9.05,9.42,9.26,0.16,1.7279,10071.6,9323.861
600812.SH,20240709,4.13,4.17,4.03,4.14,4.14,0,0,102125.53,41933.037
002488.SZ,20240709,4.42,4.55,4.32,4.51,4.47,0.04,0.8949,244621.32,108665.668
600409.SH,20240709,5.32,5.5,5.3,5.47,5.34,0.13,2.4345,262351.6,141935.02
002309.SZ,20240709,1.65,1.65,1.56,1.62,1.63,-0.01,-0.6135,128561.78,20724.795
301596.SZ,20240709,71.8,74.38,70.71,74.17,71.92,2.25,3.1285,26055,189024.722
600503.SH,20240709,1.71,1.73,1.66,1.71,1.72,-0.01,-0.5814,193961,32908.77
600115.SH,20240709,3.85,3.88,3.78,3.84,3.84,0,0,305808.16,117078.662
603897.SH,20240709,17.17,17.68,16.73,17.67,17.19,0.48,2.7923,45138.3,77494.982
300507.SZ,20240709,4.96,5.13,4.86,5.11,4.99,0.12,2.4048,258324.63,129588.359
002725.SZ,20240709,7.92,8.18,7.82,8.16,7.96,0.2,2.5126,37571,30216.982
300886.SZ,20240709,15.23,15.87,14.86,15.8,15.18,0.62,4.0843,10071.01,15551.563
300032.SZ,20240709,3.01,3.38,2.94,3.19,3,0.19,6.3333,227349,70316.281
600422.SH,20240709,17.34,17.48,17,17.28,17.33,-0.05,-0.2885,83062.77,143211.413
601990.SH,20240709,7.32,7.48,7.26,7.45,7.33,0.12,1.6371,141995.94,104858.588
301197.SZ,20240709,12.35,12.88,12.06,12.88,12.35,0.53,4.2915,26283,32865.864
002042.SZ,20240709,3.43,3.54,3.38,3.53,3.44,0.09,2.6163,201632.75,69981.843
600993.SH,20240709,26.05,26.72,25.78,26.59,26.15,0.44,1.6826,37054.36,97254.415
600732.SH,20240709,8.39,8.54,8.2,8.47,8.39,0.08,0.9535,288952.73,241840.28
300902.SZ,20240709,17.65,18.4,17.29,18.24,17.88,0.36,2.0134,20473.25,36360.707
920689.BJ,20240709,9.68,9.83,9.45,9.71,9.59,0.12,1.2513,4905.86,4719.518
301187.SZ,20240709,24.3,25.37,23.9,25.23,24.31,0.92,3.7845,31389.35,77779.616
920627.BJ,20240709,7.04,7.2,6.81,7.13,7.02,0.11,1.567,13600.59,9583.374
300451.SZ,20240709,3.21,3.26,3.1,3.23,3.21,0.02,0.6231,507371.04,161597.169
600295.SH,20240709,9.74,9.94,9.65,9.9,9.76,0.14,1.4344,62748.4,61531.748
002034.SZ,20240709,12.61,12.79,12.39,12.77,12.61,0.16,1.2688,26175,32962.327
605088.SH,20240709,19.07,19.59,18.82,19.54,19.05,0.49,2.5722,22783.27,43935.659
300927.SZ,20240709,12.8,13.13,12.41,13.05,12.83,0.22,1.7147,21992.6,28164.096
688553.SH,20240709,11.82,12,11.45,11.66,11.9,-0.24,-2.0168,13595.62,15906.543
300070.SZ,20240709,4.15,4.26,4.1,4.24,4.16,0.08,1.9231,223981.18,93507.778
002439.SZ,20240709,14.52,15.01,14.43,14.98,14.54,0.44,3.0261,156679.14,231053.272
300787.SZ,20240709,11.05,12.02,10.97,11.99,11.04,0.95,8.6051,100063.63,115987.651
688036.SH,20240709,74,76.8,73.37,76.35,74.58,1.77,2.3733,70350.01,528554.579
600809.SH,20240709,189.02,190.98,184.23,189.8,190,-0.2,-0.1053,99166.69,1858001.733
000633.SZ,20240709,3.91,3.96,3.74,3.92,3.91,0.01,0.2558,74693,28806.114
301089.SZ,20240709,28.66,28.7,27.46,28.42,28.42,0,0,22759.03,63861.77
300840.SZ,20240709,8.4,8.57,8.14,8.54,8.35,0.19,2.2754,100366,83516.633
601236.SH,20240709,6.32,6.62,6.19,6.62,6.02,0.6,9.9668,571882.97,368836.665
301205.SZ,20240709,56.05,65.5,55.39,61.83,55.85,5.98,10.7073,47538.73,284334.252
002271.SZ,20240709,12.33,12.36,11.73,12.12,12.33,-0.21,-1.7032,696871.15,836515.77
605009.SH,20240709,39.25,39.99,38.8,39.61,39.48,0.13,0.3293,5532.72,21808.515
000543.SZ,20240709,9.18,9.68,9.06,9.55,9.18,0.37,4.0305,398750.27,373900.828
600658.SH,20240709,3.15,3.2,3.02,3.11,3.13,-0.02,-0.639,118081.4,36520.532
300504.SZ,20240709,11.02,11.55,10.95,11.55,11.06,0.49,4.4304,22408.66,25309.914
000969.SZ,20240709,7.58,7.83,7.47,7.81,7.57,0.24,3.1704,108577.66,83382.98
688655.SH,20240709,8.9,9.37,8.61,9.36,8.96,0.4,4.4643,31475.89,28738.147
920885.BJ,20240709,4.73,4.95,4.66,4.86,4.8,0.06,1.25,7487.68,3597.017
600346.SH,20240709,13.66,13.87,13.54,13.87,13.72,0.15,1.0933,138210.45,189448.664
601788.SH,20240709,13.68,14.05,13.49,14.01,13.63,0.38,2.788,258032.96,355790.897
300755.SZ,20240709,13.49,13.61,13.12,13.57,13.44,0.13,0.9673,24581.8,32895.519
605300.SH,20240709,10.59,10.7,10.36,10.66,10.6,0.06,0.566,7914.97,8352.889
000597.SZ,20240709,3.86,3.86,3.72,3.84,3.84,0,0,109086.36,41403.831
000726.SZ,20240709,5.84,5.86,5.68,5.8,5.83,-0.03,-0.5146,76816,44255.082
002234.SZ,20240709,8.82,8.93,8.43,8.73,8.81,-0.08,-0.9081,34506.9,29708.963
300462.SZ,20240709,9.83,10.47,9.61,9.95,9.35,0.6,6.4171,377359.53,376464.204
603608.SH,20240709,2.19,2.25,2.17,2.24,2.24,0,0,14668.8,3248.939
300725.SZ,20240709,27.83,28.3,26.51,27.56,28.41,-0.85,-2.9919,78809.64,215530.088
301118.SZ,20240709,18.66,19.29,18.18,18.5,20.09,-1.59,-7.9144,137150.08,256962.804
600279.SH,20240709,3.55,3.63,3.48,3.62,3.56,0.06,1.6854,54886,19457.673
000408.SZ,20240709,25.32,25.33,24.49,25.11,25.29,-0.18,-0.7117,131952.86,328660.933
301213.SZ,20240709,25.11,25.59,24.33,25.58,25.1,0.48,1.9124,11463,28799.013
600022.SH,20240709,1.22,1.23,1.2,1.22,1.22,0,0,345621.75,42060.551
300030.SZ,20240709,3.55,3.59,3.32,3.44,3.56,-0.12,-3.3708,117142.91,40082.933
600195.SH,20240709,7,7.12,6.88,7.02,7.04,-0.02,-0.2841,102463.16,71799.364
605196.SH,20240709,9.63,10.08,9.43,10.08,9.63,0.45,4.6729,97878,96007.327
688030.SH,20240709,10.09,10.22,9.78,10.16,10,0.16,1.6,14752.86,14755.646
600588.SH,20240709,8.99,9.03,8.73,8.92,9,-0.08,-0.8889,308295.51,274356.04
600036.SH,20240709,33.99,34.55,33.72,34.47,33.99,0.48,1.4122,621037.01,2124005.154
002669.SZ,20240709,7.78,8.12,7.61,8.1,7.9,0.2,2.5316,70864.54,56219.989
603176.SH,20240709,3.56,3.63,3.45,3.58,3.56,0.02,0.5618,26018,9206.724
002878.SZ,20240709,11.99,12.27,11.7,12.25,11.94,0.31,2.5963,45064.45,54223.92
002657.SZ,20240709,11.51,11.82,11.15,11.76,11.53,0.23,1.9948,141835,163619.548
601098.SH,20240709,12.69,13.1,12.65,12.89,12.75,0.14,1.098,106400.14,137112.43
002521.SZ,20240709,11.65,12.16,11.58,12.12,11.65,0.47,4.0343,51669.76,61898.258
301298.SZ,20240709,11.97,12.31,11.78,12.3,11.9,0.4,3.3613,21632.31,26136.637
603970.SH,20240709,14.96,15.02,14.02,14.47,15.02,-0.55,-3.6618,49216.68,70988.39
002153.SZ,20240709,5.35,5.41,5.23,5.38,5.37,0.01,0.1862,127618.97,68148.239
301382.SZ,20240709,16.71,17.18,16.4,17.18,16.67,0.51,3.0594,30921.6,52197.2
603385.SH,20240709,5.34,5.38,5.16,5.3,5.32,-0.02,-0.3759,25481.5,13421
600076.SH,20240709,1.53,1.54,1.41,1.49,1.53,-0.04,-2.6144,374112,55003.108
300368.SZ,20240709,2.3,2.35,2.22,2.29,2.29,0,0,137800,31498.704
001216.SZ,20240709,11.55,11.73,11.21,11.65,11.56,0.09,0.7785,24948,28658.068
002405.SZ,20240709,5.93,6.01,5.76,5.97,5.88,0.09,1.5306,292868.55,173292.87
601216.SH,20240709,3.64,3.72,3.62,3.71,3.66,0.05,1.3661,296756.62,109178.736
600673.SH,20240709,6.73,6.94,6.68,6.88,6.74,0.14,2.0772,123988.8,84589.25
920000.BJ,20240709,7.38,7.68,7.21,7.67,7.54,0.13,1.7241,9106.08,6741.98
300605.SZ,20240709,9.14,9.38,8.74,9.26,9.14,0.12,1.3129,83620.59,75808.066
600693.SH,20240709,2.97,3.04,2.88,3.04,3,0.04,1.3333,155648.68,46322.166
600997.SH,20240709,6.71,6.83,6.61,6.8,6.71,0.09,1.3413,53275.28,35793.221
605086.SH,20240709,16.58,17.06,16.33,17.02,16.75,0.27,1.6119,17079.4,28560.08
600112.SH,20240709,0.91,0.91,0.91,0.91,0.87,0.04,4.5977,8414.24,765.696
688439.SH,20240709,61.7,63.4,59.58,62.95,62.01,0.94,1.5159,22047.96,136051.721
300422.SZ,20240709,4.49,4.49,4.24,4.39,4.59,-0.2,-4.3573,147222.17,63944.641
600720.SH,20240709,8.8,8.98,8.67,8.94,8.49,0.45,5.3004,162034.5,143253.743
002925.SZ,20240709,11.39,12.12,11.28,12.04,11.39,0.65,5.7068,68263.8,80380.148
002332.SZ,20240709,11.23,11.24,10.84,11.1,11.14,-0.04,-0.3591,162130.33,179242.245
688400.SH,20240709,14.96,15.22,14.64,15.13,14.74,0.39,2.6459,24649.04,37034.611
000402.SZ,20240709,2.2,2.23,2.15,2.2,2.21,-0.01,-0.4525,346896.6,76046.932
300802.SZ,20240709,14.19,14.83,13.99,14.82,14.11,0.71,5.0319,18434.28,26726.404
000488.SZ,20240709,3.33,3.39,3.28,3.37,3.34,0.03,0.8982,112651.27,37531.385
688507.SH,20240709,43.5,44.47,42.85,44.07,43.83,0.24,0.5476,5895.9,25787.876
601199.SH,20240709,4.87,4.91,4.71,4.9,4.86,0.04,0.823,82757,40056.467
603496.SH,20240709,22.61,23.58,22.37,23.54,22.61,0.93,4.1132,79787.29,183848.979
600539.SH,20240709,3.68,3.76,3.44,3.58,3.64,-0.06,-1.6484,96684,34452.778
300473.SZ,20240709,12.66,13.46,12.66,13.43,12.98,0.45,3.4669,24723,32581.101
600300.SH,20240709,2.36,2.39,2.32,2.38,2.38,0,0,145762.08,34356.506
002264.SZ,20240709,5.14,5.39,4.96,5.33,5.14,0.19,3.6965,162304.81,83542.714
002709.SZ,20240709,15.99,16.16,15.55,15.99,16.05,-0.06,-0.3738,264370.04,419099.052
300908.SZ,20240709,26.15,26.51,25.61,26.32,26.11,0.21,0.8043,9077.27,23729.241
000950.SZ,20240709,4.7,4.71,4.49,4.62,4.77,-0.15,-3.1447,333722,153481.391
300594.SZ,20240709,12.71,13.5,12.52,13.34,12.59,0.75,5.9571,36917,48275.901
300676.SZ,20240709,33.7,34.56,33.33,34.45,33.7,0.75,2.2255,18382.55,62513.523
301011.SZ,20240709,15,15.3,14.55,15.01,15,0.01,0.0667,15289.73,22771.231
301029.SZ,20240709,17.9,18.5,17.65,18.36,17.9,0.46,2.5698,35181.27,63744.439
603773.SH,20240709,18.6,19.99,18.51,19.92,18.85,1.07,5.6764,76668.49,149670.062
603069.SH,20240709,15,15.3,14.58,15.13,14.92,0.21,1.4075,29454.6,44230.719
002180.SZ,20240709,26.18,27.31,25.9,26.99,26.38,0.61,2.3124,66133.02,176018.049
920496.BJ,20240709,4.77,4.84,4.66,4.79,4.75,0.04,0.8421,12676.67,6027.68
300630.SZ,20240709,7.9,8.55,7.9,7.94,9.88,-1.94,-19.6356,858611.16,686703.477
301381.SZ,20240709,21.51,21.78,21.01,21.77,21.5,0.27,1.2558,10901.48,23418.037
300082.SZ,20240709,4.23,4.26,4.05,4.23,4.18,0.05,1.1962,35761.9,14932.074
601608.SH,20240709,3.63,3.68,3.54,3.67,3.62,0.05,1.3812,241382.42,87424.535
603637.SH,20240709,5.81,5.86,5.63,5.85,5.82,0.03,0.5155,18451.32,10629.68
600547.SH,20240709,29.2,29.65,29.02,29.48,29.42,0.06,0.2039,229331.95,674066.836
920675.BJ,20240709,5.42,5.55,5.25,5.39,5.36,0.03,0.5597,4302.65,2315.61
920305.BJ,20240709,9.98,10.2,9.72,10.17,9.98,0.19,1.9038,11344.66,11388.277
603809.SH,20240709,7.99,8.36,7.96,8.32,7.99,0.33,4.1302,149396.32,122228.384
920344.BJ,20240709,14.07,14.1,13.8,13.99,14,-0.01,-0.0714,980.39,1366.703
600537.SH,20240709,2.38,2.43,2.34,2.42,2.4,0.02,0.8333,205658.07,49260.229
605339.SH,20240709,13.97,14.13,13.76,14.1,13.92,0.18,1.2931,8007.43,11173.46
000591.SZ,20240709,4.42,4.49,4.32,4.49,4.44,0.05,1.1261,294087.13,129787.981
601328.SH,20240709,7.7,7.77,7.62,7.74,7.69,0.05,0.6502,1124408.54,866045.566
002202.SZ,20240709,6.53,6.7,6.46,6.69,6.53,0.16,2.4502,193215.63,127470.014
603017.SH,20240709,8.3,8.47,8.12,8.46,8.31,0.15,1.8051,55332,46044.085
600556.SH,20240709,3.52,3.56,3.44,3.56,3.49,0.07,2.0057,168531.53,59330.947
002362.SZ,20240709,15.63,16.15,15.42,16.14,15.73,0.41,2.6065,46535.22,73727.313
300390.SZ,20240709,16.2,16.49,15.99,16.38,16.25,0.13,0.8,74435.99,121145.719
603786.SH,20240709,59.99,62.63,59.71,62.51,60.13,2.38,3.9581,17283.79,106520.345
000016.SZ,20240709,1.95,2.02,1.88,1.98,2.05,-0.07,-3.4146,447447.08,87152.799
301292.SZ,20240709,11.87,12.09,11.53,12.07,11.88,0.19,1.5993,15054.61,17865.01
688722.SH,20240709,10.46,10.72,10.29,10.64,10.48,0.16,1.5267,15887.24,16757.511
300025.SZ,20240709,9.97,10.06,9.5,9.92,9.95,-0.03,-0.3015,84743,82754.294
605189.SH,20240709,10.1,10.48,10.08,10.46,10.23,0.23,2.2483,11558.78,11914.155
600359.SH,20240709,5.49,5.57,5.35,5.52,5.51,0.01,0.1815,40046,21935.172
300587.SZ,20240709,3.87,3.95,3.8,3.92,3.9,0.02,0.5128,127856.91,49790.127
688023.SH,20240709,27.57,28.26,26.92,28.17,27.48,0.69,2.5109,27636.32,76263.76
603328.SH,20240709,7.25,8.03,7.24,8.03,7.3,0.73,10,657106.09,507893.873
300945.SZ,20240709,8.71,8.79,8.36,8.78,8.73,0.05,0.5727,74519.31,64050.25
688671.SH,20240709,18.44,19.19,18.24,18.93,18.61,0.32,1.7195,9191.38,17160.447
600499.SH,20240709,7.59,7.79,7.42,7.75,7.7,0.05,0.6494,218686.5,166850.255
002992.SZ,20240709,55.95,56.81,52.9,54.35,56.73,-2.38,-4.1953,44926.73,244685.183
003009.SZ,20240709,36.78,37.3,36.28,37.04,36.79,0.25,0.6795,6012,22181.85
301397.SZ,20240709,27.79,28.37,27.35,28.34,28,0.34,1.2143,7666.99,21420.309
002301.SZ,20240709,4.6,4.65,4.46,4.63,4.61,0.02,0.4338,69629.72,31833.835
002903.SZ,20240709,15.62,16.3,15.35,16.26,15.49,0.77,4.9709,54247,86269.664
688538.SH,20240709,1.98,2.02,1.96,2.01,1.98,0.03,1.5152,344989.75,68789.98
601689.SH,20240709,53.9,57.5,53.09,57.23,53.89,3.34,6.1978,141537.87,790593.852
300769.SZ,20240709,26.53,26.65,25.7,26.28,26.55,-0.27,-1.0169,75247.57,197037.844
003028.SZ,20240709,33.58,34.78,33.21,34.56,33.58,0.98,2.9184,6044,20574.286
600955.SH,20240709,13.83,14.08,13.72,14.07,13.92,0.15,1.0776,6328.07,8823.267
600612.SH,20240709,58.21,58.21,55.85,56.65,57.98,-1.33,-2.2939,23929.04,135447.967
600590.SH,20240709,3.48,3.5,3.23,3.37,3.59,-0.22,-6.1281,244388.18,81537.355
920807.BJ,20240709,4.47,4.54,4.36,4.48,4.45,0.03,0.6742,4589.34,2028.077
000629.SZ,20240709,2.47,2.5,2.41,2.48,2.48,0,0,529405.08,130032.42
000554.SZ,20240709,4.88,4.97,4.79,4.97,4.9,0.07,1.4286,67503.48,32978.868
301101.SZ,20240709,22.16,22.49,21.78,22.35,22.17,0.18,0.8119,10329,22985.728
601702.SH,20240709,18.03,18.85,18.03,18.61,18.25,0.36,1.9726,49020.71,90947.564
300481.SZ,20240709,13.06,13.58,12.93,13.52,13.06,0.46,3.5222,53113.5,70596.561
603606.SH,20240709,47.85,49,45.84,48.69,46.57,2.12,4.5523,128024.5,614104.616
001339.SZ,20240709,26.05,27.08,25.63,27.05,25.95,1.1,4.2389,62025.23,163911.029
600057.SH,20240709,6.43,6.68,6.36,6.62,6.43,0.19,2.9549,123071.67,79961.929
300642.SZ,20240709,11.2,11.37,10.82,11.22,11.2,0.02,0.1786,10424.88,11575.842
300811.SZ,20240709,40.14,42.15,38.76,41.94,40.41,1.53,3.7862,72733.2,294923.836
600521.SH,20240709,18,18.02,17.3,17.6,17.95,-0.35,-1.9499,266971.9,468953.646
002641.SZ,20240709,3.77,3.88,3.76,3.87,3.77,0.1,2.6525,58725.6,22432.833
688362.SH,20240709,18.45,19.79,18.18,19.69,18.43,1.26,6.8367,66287.1,127407.799
600789.SH,20240709,6.77,6.93,6.64,6.93,6.76,0.17,2.5148,331795.76,225383.517
002909.SZ,20240709,3.93,4.05,3.84,4.05,3.93,0.12,3.0534,60165.4,23752.152
920809.BJ,20240709,3.65,3.69,3.62,3.66,3.66,0,0,4789.5,1750.534
603567.SH,20240709,10.62,10.83,10.48,10.79,10.69,0.1,0.9355,44152.97,47153.822
000677.SZ,20240709,2.56,2.65,2.53,2.63,2.57,0.06,2.3346,172941.32,44859.436
600880.SH,20240709,3.46,3.51,3.34,3.49,3.45,0.04,1.1594,118673.05,40690.524
603610.SH,20240709,9.52,9.68,9.39,9.63,9.52,0.11,1.1555,27083.22,25856.139
688479.SH,20240709,14.82,15.48,14.55,15.3,14.82,0.48,3.2389,6496.61,9753.584
601139.SH,20240709,6.69,6.87,6.63,6.84,6.75,0.09,1.3333,78030.39,52728.008
002085.SZ,20240709,12.3,12.87,12.25,12.84,12.32,0.52,4.2208,1452193.82,1835315.208
600376.SH,20240709,2.07,2.11,2.02,2.08,2.07,0.01,0.4831,86639.01,17919.003
601969.SH,20240709,6.06,6.2,5.97,6.18,6.06,0.12,1.9802,64562,39383.474
600382.SH,20240709,3.83,3.84,3.73,3.8,3.84,-0.04,-1.0417,50932.68,19244.151
600866.SH,20240709,5.5,5.63,5.39,5.63,5.47,0.16,2.925,280788.01,154996.418
002052.SZ,20240709,1.06,1.09,1.02,1.03,1.07,-0.04,-3.7383,337516,34764.019
000576.SZ,20240709,5.68,5.75,5.51,5.68,5.67,0.01,0.1764,32817.12,18494.971
002194.SZ,20240709,7.4,7.8,7.37,7.78,7.4,0.38,5.1351,141365.17,108058.734
601133.SH,20240709,9.95,10.46,9.81,10.3,9.88,0.42,4.251,61272.91,62063.384
002227.SZ,20240709,7.46,7.48,7.09,7.4,7.39,0.01,0.1353,33442.76,24329.324
603080.SH,20240709,13.18,13.44,12.92,13.43,13.17,0.26,1.9742,15258,20132.127
605258.SH,20240709,28.04,29.2,27.8,29.06,28.02,1.04,3.7116,74261.57,213350.833
301320.SZ,20240709,13.5,13.92,13.13,13.89,13.37,0.52,3.8893,30668,41744.018
301160.SZ,20240709,33.95,35.8,33.92,35.74,34.3,1.44,4.1983,9717.39,33894.659
300638.SZ,20240709,15.5,16.57,15.33,16.54,15.45,1.09,7.055,286029.44,459801.121
001229.SZ,20240709,24.8,25.48,23.94,25.27,24.88,0.39,1.5675,26845.34,66686.201
920701.BJ,20240709,12.82,15.48,12.81,15.28,12.95,2.33,17.9923,85941.37,123170.84
600619.SH,20240709,4.88,5.04,4.83,5.01,4.89,0.12,2.454,67856.91,33457.074
688041.SH,20240709,70.6,73.67,70.05,73.11,70.98,2.13,3.0008,159530.52,1151723.78
300269.SZ,20240709,2.42,2.46,2.33,2.41,2.42,-0.01,-0.4132,207390.52,49487.75
002777.SZ,20240709,14.2,14.48,13.89,14.36,14.2,0.16,1.1268,77820.58,110726.859
601992.SH,20240709,1.35,1.37,1.33,1.35,1.35,0,0,277374,37475.799
603111.SH,20240709,5.47,5.71,5.43,5.7,5.51,0.19,3.4483,96970.6,54074.827
601965.SH,20240709,15.83,16.58,15.64,16.57,15.82,0.75,4.7408,73577.9,118277.626
920017.BJ,20240709,10.66,10.69,10.35,10.62,10.46,0.16,1.5296,2961.44,3107.39
000823.SZ,20240709,7.85,8.39,7.8,8.38,7.86,0.52,6.6158,238799.13,195500.468
003043.SZ,20240709,35.12,36.76,34.95,36.74,35.43,1.31,3.6974,12185.58,44086.612
600367.SH,20240709,9.62,9.86,9.42,9.83,9.62,0.21,2.183,40100.62,38841.907
002511.SZ,20240709,6.74,6.83,6.62,6.81,6.77,0.04,0.5908,74287.52,50014.579
920185.BJ,20240709,16.82,17.16,16.52,17.02,16.94,0.08,0.4723,8432.43,14245.992
603255.SH,20240709,21.48,21.96,21.33,21.71,21.48,0.23,1.0708,11225.1,24338.495
300427.SZ,20240709,4.19,4.25,4.05,4.2,4.19,0.01,0.2387,52051.98,21572.183
301333.SZ,20240709,36.87,36.88,35.06,36.16,36.65,-0.49,-1.337,24051.2,86258.241
300304.SZ,20240709,6.12,6.46,6.11,6.45,6.14,0.31,5.0489,181729,114794.191
300758.SZ,20240709,10.31,10.57,10.08,10.56,10.26,0.3,2.924,89488,92771.909
000848.SZ,20240709,7.6,7.71,7.48,7.67,7.61,0.06,0.7884,100293.73,76206.188
600844.SH,20240709,2.27,2.31,2.23,2.3,2.3,0,0,49953,11375.701
002108.SZ,20240709,2.95,3.01,2.93,3,2.97,0.03,1.0101,97160.08,28882.566
002920.SZ,20240709,84.7,92.1,84,92.1,83.73,8.37,9.9964,115280.69,1026473.1
605018.SH,20240709,8.37,8.72,8.3,8.7,8.39,0.31,3.6949,28214.9,24036.4
300328.SZ,20240709,4.11,4.28,4.03,4.28,4.1,0.18,4.3902,110826.71,46220.493
920971.BJ,20240709,8.59,8.95,8.54,8.89,8.54,0.35,4.0984,6647.08,5845.674
600438.SH,20240709,16.74,16.78,16.24,16.42,16.73,-0.31,-1.853,416232.83,684346.813
688603.SH,20240709,43.96,46.98,43.07,46.55,43.99,2.56,5.8195,9598.56,43664.803
600779.SH,20240709,34.84,35.66,34.44,35.51,34.84,0.67,1.9231,29482.31,103114.32
002054.SZ,20240709,4.7,4.87,4.6,4.86,4.73,0.13,2.7484,34289,16280.49
000679.SZ,20240709,2.56,2.84,2.55,2.71,2.83,-0.12,-4.2403,510918.67,134065.278
300307.SZ,20240709,5.59,5.66,5.37,5.6,5.6,0,0,218501.15,120435.599
000665.SZ,20240709,3.4,3.46,3.31,3.46,3.41,0.05,1.4663,103616.19,35188.402
688425.SH,20240709,3.56,3.59,3.5,3.57,3.56,0.01,0.2809,227169.52,80790.25
600099.SH,20240709,6.38,6.51,6.21,6.49,6.43,0.06,0.9331,25762,16446.267
300107.SZ,20240709,8.6,9.6,8.43,9.2,8.49,0.71,8.3628,595587.04,537343.657
300936.SZ,20240709,37.16,39.64,37,39.45,38.02,1.43,3.7612,55006,213522.64
603767.SH,20240709,11.59,11.73,11.23,11.64,11.6,0.04,0.3448,64272,73891.336
688717.SH,20240709,48.53,49.09,47.12,47.69,48.77,-1.08,-2.2145,29528.62,141683.604
300123.SZ,20240709,4.21,4.29,4.11,4.28,4.21,0.07,1.6627,208511.27,87962.97
920656.BJ,20240709,13.12,13.39,13.12,13.3,13.15,0.15,1.1407,1037.8,1373.894
688393.SH,20240709,14.1,14.39,13.84,14.38,14.1,0.28,1.9858,3907.89,5531.74
601188.SH,20240709,2.98,3.06,2.92,2.98,2.92,0.06,2.0548,114429.55,34141.126
601949.SH,20240709,5.72,5.78,5.57,5.76,5.72,0.04,0.6993,100134.16,57074.695
000548.SZ,20240709,3.88,3.95,3.79,3.94,3.9,0.04,1.0256,55984.85,21719.458
300120.SZ,20240709,8.1,8.14,7.5,7.85,7.81,0.04,0.5122,1467242.31,1154346.816
603398.SH,20240709,14.8,14.87,14.13,14.75,14.8,-0.05,-0.3378,29218.66,42451.353
300408.SZ,20240709,28.03,29.07,27.91,28.9,27.92,0.98,3.51,130206.88,372947.218
301238.SZ,20240709,14.02,14.38,13.79,14.28,14.09,0.19,1.3485,53343.25,75287.347
603043.SH,20240709,15.31,15.44,14.96,15.29,15.32,-0.03,-0.1958,21446.4,32558.409
603660.SH,20240709,4.91,5.06,4.77,5.04,4.91,0.13,2.6477,174249.33,86056.849
603838.SH,20240709,5.9,5.95,5.62,5.93,5.9,0.03,0.5085,46371,26978.899
605151.SH,20240709,14.32,14.79,14.17,14.74,14.48,0.26,1.7956,6378.5,9294.305
301391.SZ,20240709,39.38,40.06,38.57,39.88,39.42,0.46,1.1669,15065.8,59431.397
600675.SH,20240709,2.46,2.49,2.42,2.48,2.46,0.02,0.813,160716.44,39591.603
603757.SH,20240709,18,18.21,17.53,18.13,18.12,0.01,0.0552,9164.56,16417.472
002361.SZ,20240709,3.01,3.11,2.96,3.09,3.01,0.08,2.6578,112534.89,34156.16
002736.SZ,20240709,8.11,8.21,7.98,8.19,8.1,0.09,1.1111,135215.45,109762.568
603031.SH,20240709,22.05,22.47,21.43,22.25,21.89,0.36,1.6446,37473.36,82918.826
603138.SH,20240709,10.09,10.22,9.76,10.19,10.09,0.1,0.9911,33665,33777.534
920130.BJ,20240709,10.15,11.29,9.4,10.95,10.13,0.82,8.0948,65090.49,66981.901
603717.SH,20240709,6.18,6.28,6.11,6.15,6.18,-0.03,-0.4854,39885,24764.963
601618.SH,20240709,3.08,3.12,3.05,3.11,3.08,0.03,0.974,562578,173508.709
601333.SH,20240709,3.41,3.42,3.34,3.4,3.39,0.01,0.295,492374.03,166869.071
603818.SH,20240709,2.66,2.7,2.56,2.64,2.66,-0.02,-0.7519,55571,14529.15
000049.SZ,20240709,24.7,27.67,24.34,27.67,25.15,2.52,10.0199,314836.48,827818.78
300423.SZ,20240709,5.11,5.23,5.07,5.21,5.1,0.11,2.1569,96034.22,49607.351
301030.SZ,20240709,20.98,21.34,20.62,21.23,21.02,0.21,0.999,41164.82,86448.584
002065.SZ,20240709,4.33,4.45,4.28,4.45,4.32,0.13,3.0093,210864.88,92135.533
688456.SH,20240709,27.06,29.53,27.06,29.23,27.2,2.03,7.4632,18379.74,52657.659
601166.SH,20240709,16.29,16.48,16.19,16.43,16.24,0.19,1.17,803854.03,1312625.849
605056.SH,20240709,9.92,10.22,9.75,10.11,9.9,0.21,2.1212,24813,24845.529
603900.SH,20240709,4.55,4.55,4.29,4.47,4.72,-0.25,-5.2966,251033,110760.561
002412.SZ,20240709,5.26,5.38,5.11,5.33,5.27,0.06,1.1385,74953.31,39330.687
301059.SZ,20240709,8.7,9.1,8.4,9.1,8.74,0.36,4.119,21139.36,18867.922
002215.SZ,20240709,7.14,7.28,7.04,7.26,7.14,0.12,1.6807,107571.77,77155.316
600212.SH,20240709,5.88,5.98,5.71,5.93,5.88,0.05,0.8503,64319.01,37600.024
688045.SH,20240709,27.5,29.8,27.44,29.6,28.07,1.53,5.4507,21412.47,62012.942
300506.SZ,20240709,1.68,1.84,1.68,1.71,1.71,0,0,191318.25,33484.534
002064.SZ,20240709,6.9,7.14,6.88,7.07,6.94,0.13,1.8732,217956.95,152957.528
605388.SH,20240709,5.16,5.17,4.99,5.13,5.16,-0.03,-0.5814,39185.4,19891.054
002400.SZ,20240709,4.61,4.71,4.54,4.68,4.66,0.02,0.4292,239431.23,110948.2
600182.SH,20240709,13.52,13.7,13.28,13.65,13.54,0.11,0.8124,10584,14294.257
603118.SH,20240709,6.18,6.5,6.1,6.47,6.2,0.27,4.3548,111650,70487.856
300540.SZ,20240709,20.28,20.37,19.66,20.23,19.99,0.24,1.2006,11470.81,23062.247
688695.SH,20240709,31.65,32.41,30.65,32.3,31.65,0.65,2.0537,14520.4,45783.316
000953.SZ,20240709,2.39,2.4,2.29,2.36,2.35,0.01,0.4255,99430,23276.697
002490.SZ,20240709,1.54,1.58,1.47,1.54,1.55,-0.01,-0.6452,114395.02,17406.884
002397.SZ,20240709,1.83,1.87,1.77,1.8,1.86,-0.06,-3.2258,132359,23962.093
688343.SH,20240709,25.99,26.94,25.59,26.7,25.93,0.77,2.9695,55263.58,145400.48
000883.SZ,20240709,6.01,6.19,5.94,6.18,6,0.18,3,265157.63,161068.141
603033.SH,20240709,11.19,11.53,11.09,11.46,11.3,0.16,1.4159,20532,23237.922
601838.SH,20240709,14.35,14.85,14.31,14.84,14.35,0.49,3.4146,228991.12,334208.453
600817.SH,20240709,7.66,7.92,7.66,7.87,7.85,0.02,0.2548,10229.53,8014.064
300585.SZ,20240709,10.25,10.71,10.15,10.67,10.1,0.57,5.6436,92669,96859.858
603501.SH,20240709,101.3,103.66,100.58,103.65,101.59,2.06,2.0278,180456.68,1850153.804
000533.SZ,20240709,3.12,3.18,3.05,3.17,3.1,0.07,2.2581,80476.62,25126.621
300629.SZ,20240709,16.41,16.85,16.18,16.77,16.47,0.3,1.8215,35331.51,58482.984
300398.SZ,20240709,11.53,12.24,11.33,12.2,11.61,0.59,5.0818,235205.12,279629.551
301588.SZ,20240709,20.49,20.88,19.9,20.78,20.51,0.27,1.3164,16430.21,33524.877
001259.SZ,20240709,20.24,20.76,20,20.45,20.3,0.15,0.7389,13812,28070.9
600975.SH,20240709,6.83,6.85,6.43,6.62,6.86,-0.24,-3.4985,479152.29,314278.469
002445.SZ,20240709,1.62,1.65,1.6,1.65,1.63,0.02,1.227,132137.9,21532.083
603393.SH,20240709,37,37.69,36.81,37.58,37.41,0.17,0.4544,32880.47,122947.583
688631.SH,20240709,53.05,56.18,52.68,55.15,53.55,1.6,2.9879,35779.38,195938.013
605111.SH,20240709,29.51,30.85,29.35,30.73,29.66,1.07,3.6076,261109.67,788473.982
603517.SH,20240709,14.22,14.51,14,14.43,14.28,0.15,1.0504,97843.14,139580.511
603828.SH,20240709,1.41,1.44,1.37,1.42,1.43,-0.01,-0.6993,64465.92,9106.309
001360.SZ,20240709,11.49,12.63,11.49,12.63,11.48,1.15,10.0174,39740.5,48495.737
002128.SZ,20240709,21.57,22.35,21.41,22.3,21.68,0.62,2.8598,123989.32,272358.812
000720.SZ,20240709,2.42,2.53,2.4,2.5,2.67,-0.17,-6.367,421758.57,103339.259
600784.SH,20240709,4.52,4.53,4.36,4.5,4.49,0.01,0.2227,45166.28,20154.554
001203.SZ,20240709,9.21,9.4,9.15,9.36,9.27,0.09,0.9709,38038.21,35395.997
002737.SZ,20240709,24.67,25.13,24.4,25.04,24.64,0.4,1.6234,47277.26,117125.05
002696.SZ,20240709,3.87,3.9,3.67,3.81,3.85,-0.04,-1.039,50339,18999.418
300063.SZ,20240709,3.63,3.69,3.51,3.68,3.61,0.07,1.9391,191277.85,69236.998
002182.SZ,20240709,10.7,11.01,10.61,10.94,10.69,0.25,2.3386,106639.8,115787.804
605199.SH,20240709,9.8,9.85,9.41,9.84,9.9,-0.06,-0.6061,29530.23,28554.046
002232.SZ,20240709,11.5,11.93,11.5,11.89,11.55,0.34,2.9437,85158.27,99984.762
600551.SH,20240709,7.08,7.29,7.06,7.23,7.11,0.12,1.6878,56440.2,40519.074
000997.SZ,20240709,12.98,13.51,12.96,13.39,13,0.39,3,112462.78,149155.462
688020.SH,20240709,29.03,30.9,28.7,30.56,29.13,1.43,4.909,11621.7,34819.532
920837.BJ,20240709,4.93,5,4.72,4.95,4.95,0,0,9725.7,4732.615
002246.SZ,20240709,7.95,8.04,7.73,8.01,7.88,0.13,1.6497,111966.47,88643.661
002671.SZ,20240709,3.42,3.47,3.34,3.43,3.43,0,0,63083,21447.322
605080.SH,20240709,14.74,14.88,14.31,14.76,14.7,0.06,0.4082,12071,17697.808
300175.SZ,20240709,6.22,6.4,6.05,6.37,6.21,0.16,2.5765,234556.02,146101.254
603903.SH,20240709,6.66,6.76,6.46,6.75,6.66,0.09,1.3514,33260.08,22013.714
000801.SZ,20240709,9.2,9.58,9.15,9.56,9.19,0.37,4.0261,209971,197313.736
000001.SZ,20240709,9.94,10.1,9.91,10.07,9.93,0.14,1.4099,1032485.3,1034316.511
300193.SZ,20240709,6.9,7.15,6.89,7.13,6.95,0.18,2.5899,37513.1,26374.976
002572.SZ,20240709,14.9,14.99,14.46,14.69,14.92,-0.23,-1.5416,122260.31,179292.432
600207.SH,20240709,3.52,3.57,3.41,3.55,3.5,0.05,1.4286,124947,43701.433
601005.SH,20240709,1.04,1.05,1.02,1.04,1.04,0,0,546135,56600.337
600476.SH,20240709,12.16,13.32,12.16,12.98,13.51,-0.53,-3.923,289379.14,363659.244
920553.BJ,20240709,3.28,3.36,3.23,3.34,3.29,0.05,1.5198,8809.23,2912.932
300095.SZ,20240709,5.1,5.58,5.09,5.55,5.14,0.41,7.9767,89193.05,48182.154
600218.SH,20240709,6.39,6.57,6.26,6.55,6.4,0.15,2.3438,39703.05,25473.372
300838.SZ,20240709,9.7,9.9,9.46,9.9,9.71,0.19,1.9567,11558.22,11194.008
600380.SH,20240709,10.62,10.73,10.44,10.68,10.66,0.02,0.1876,130803.79,138667.799
000807.SZ,20240709,13.6,14.15,13.6,14.15,13.65,0.5,3.663,402160.67,560783.665
601963.SH,20240709,7.57,7.75,7.57,7.73,7.63,0.1,1.3106,89388.56,68431.443
300834.SZ,20240709,18.16,18.52,17.77,18.51,18.18,0.33,1.8152,17011,31081.795
000652.SZ,20240709,2.94,2.99,2.93,2.99,2.95,0.04,1.3559,55398.27,16396.526
920826.BJ,20240709,4.43,4.51,4.3,4.47,4.43,0.04,0.9029,13879.77,6128.395
300195.SZ,20240709,4,4.08,3.88,4.06,3.99,0.07,1.7544,69804,27865.356
600088.SH,20240709,15.14,15.62,14.89,15.59,15.15,0.44,2.9043,64585.52,98770.537
301032.SZ,20240709,6.27,6.39,5.99,6.38,6.19,0.19,3.0695,36906.38,22940.057
002816.SZ,20240709,9.93,10.19,9.84,9.89,9.93,-0.04,-0.4028,2287,2270.409
300010.SZ,20240709,2.52,2.56,2.46,2.55,2.52,0.03,1.1905,166616.89,41821.958
600278.SH,20240709,5.25,5.3,5.11,5.29,5.22,0.07,1.341,32653.82,17006.792
688002.SH,20240709,25.92,26.87,25.72,26.76,26.03,0.73,2.8045,65678.62,172865.484
301358.SZ,20240709,28.5,28.68,28,28.23,28.63,-0.4,-1.3971,53830.72,152553.76
300153.SZ,20240709,5.49,5.6,5.31,5.57,5.51,0.06,1.0889,37463,20627.121
603895.SH,20240709,15.88,16.25,15.48,16.16,16.02,0.14,0.8739,7570,12005.711
300650.SZ,20240709,9.28,9.85,9.21,9.85,9.31,0.54,5.8002,112755.6,108022.253
603586.SH,20240709,12.16,12.59,12.03,12.57,12.29,0.28,2.2783,130636.65,161254.733
002138.SZ,20240709,25.62,26.53,24.64,26.26,24.44,1.82,7.4468,300821.29,771713.566
000069.SZ,20240709,1.98,2,1.92,1.97,1.99,-0.02,-1.005,667525.27,131020.312
600257.SH,20240709,4.33,4.35,4.18,4.31,4.31,0,0,134021.88,57337.44
002190.SZ,20240709,13.35,13.5,13.03,13.46,13.3,0.16,1.203,21100,28130.692
920751.BJ,20240709,7.82,7.82,7.58,7.8,7.68,0.12,1.5625,8785.29,6785.01
300118.SZ,20240709,10.7,10.85,10.23,10.8,10.7,0.1,0.9346,377301,399409.228
002981.SZ,20240709,19.11,19.95,18.88,19.95,18.14,1.81,9.9779,52142,101321.682
600120.SH,20240709,3.24,3.32,3.21,3.3,3.23,0.07,2.1672,103547.3,33847.167
603329.SH,20240709,10.5,10.75,10.26,10.62,10.51,0.11,1.0466,16190.82,17020.335
000809.SZ,20240709,1.88,1.93,1.82,1.82,1.92,-0.1,-5.2083,37675,6945.535
002437.SZ,20240709,1.9,1.91,1.84,1.9,1.92,-0.02,-1.0417,674453.56,126589.363
600744.SH,20240709,3.2,3.27,3.13,3.26,3.2,0.06,1.875,324746.52,104014.538
000630.SZ,20240709,3.66,3.77,3.64,3.76,3.68,0.08,2.1739,1655705.54,615165.307
603396.SH,20240709,30.09,30.72,29.64,30.59,30.23,0.36,1.1909,18060.01,54378.157
603730.SH,20240709,9.54,9.91,9.4,9.81,9.52,0.29,3.0462,62366.94,60544.699
603301.SH,20240709,21.07,21.99,20.83,21.81,21.27,0.54,2.5388,17517.47,37635.716
300559.SZ,20240709,9.01,9.21,8.85,9.2,9.03,0.17,1.8826,45774.07,41547.36
688576.SH,20240709,59.16,60.84,59.16,60.84,58.95,1.89,3.2061,5358.5,32273.864
600000.SH,20240709,8.47,8.66,8.41,8.64,8.43,0.21,2.4911,545341.87,466546.717
603948.SH,20240709,15.19,15.27,14.73,15.27,14.93,0.34,2.2773,12631,19047.818
002947.SZ,20240709,35.45,37.59,34.61,37.55,35.43,2.12,5.9836,140032.72,507550.171
603969.SH,20240709,4.52,4.59,4.38,4.53,4.5,0.03,0.6667,111241,49945.344
301580.SZ,20240709,63.72,64.61,62.03,64.12,64,0.12,0.1875,38089.29,241301.735
002253.SZ,20240709,10.42,10.66,9.98,10.65,10.51,0.14,1.3321,141113.88,145801.828
688367.SH,20240709,10.87,11.25,10.53,11.19,10.87,0.32,2.9439,4818.38,5287.61
002154.SZ,20240709,4.51,4.57,4.33,4.49,4.54,-0.05,-1.1013,280264,124446.572
002145.SZ,20240709,3.34,3.42,3.27,3.42,3.3,0.12,3.6364,533589.45,178997.937
920132.BJ,20240709,7.39,7.51,7.04,7.46,7.39,0.07,0.9472,2994.51,2174.877
605128.SH,20240709,25.07,25.66,24.51,25.2,25.26,-0.06,-0.2375,21252.12,53584.974
000063.SZ,20240709,27.16,28.89,27.11,28.87,27.2,1.67,6.1397,1940747.82,5515876.459
600143.SH,20240709,6.04,6.17,5.95,6.14,6.05,0.09,1.4876,158000,95896.401
002927.SZ,20240709,11.09,11.29,10.62,11.29,10.94,0.35,3.1993,54593.64,59919.099
000833.SZ,20240709,4.57,4.66,4.46,4.64,4.59,0.05,1.0893,51550.1,23581.754
000906.SZ,20240709,6.5,6.6,6.37,6.58,6.44,0.14,2.1739,45473.36,29557.545
603102.SH,20240709,29.09,29.47,28.67,29.38,29,0.38,1.3103,3342,9719.365
300525.SZ,20240709,12.06,12.22,11.8,12.2,12.06,0.14,1.1609,93601.97,112496.459
600854.SH,20240709,3.33,3.39,3.25,3.37,3.35,0.02,0.597,38549,12834.238
301225.SZ,20240709,26.05,26.74,25.31,26.74,25.67,1.07,4.1683,15830.48,41557.303
920896.BJ,20240709,6.17,6.28,6.07,6.2,6.2,0,0,2137.29,1320.164
600320.SH,20240709,3.32,3.36,3.22,3.35,3.34,0.01,0.2994,318096.2,104860.198
601686.SH,20240709,5.03,5.1,4.95,5.1,5.06,0.04,0.7905,19733,9935.454
300897.SZ,20240709,17.05,17.47,16.78,17.4,17.05,0.35,2.0528,6731.88,11557.767
300085.SZ,20240709,8.33,8.33,8.01,8.28,8.39,-0.11,-1.3111,157440.57,128653.101
600325.SH,20240709,5.98,6.09,5.85,6,5.98,0.02,0.3344,298760,178319.253
600979.SH,20240709,3.27,3.35,3.2,3.35,3.27,0.08,2.4465,307592.47,100924.557
002809.SZ,20240709,6.78,6.98,6.61,6.94,6.89,0.05,0.7257,21449.1,14615.425
300858.SZ,20240709,14.13,14.2,13.52,14.17,14.11,0.06,0.4252,12145.64,16885.555
300182.SZ,20240709,3.54,3.65,3.49,3.62,3.54,0.08,2.2599,552187.93,197326.773
300360.SZ,20240709,15.68,16.3,15.3,16.18,15.69,0.49,3.123,126938.34,200463.041
002393.SZ,20240709,15.42,15.53,15.05,15.5,15.35,0.15,0.9772,13836.8,21176.372
600166.SH,20240709,2.22,2.29,2.21,2.28,2.23,0.05,2.2422,437897.08,98476.428
603500.SH,20240709,6.45,6.6,6.3,6.59,6.41,0.18,2.8081,26254.96,16965.455
603062.SH,20240709,30.07,30.49,29.37,30.39,29.95,0.44,1.4691,7283.14,21847.291
300097.SZ,20240709,6.09,6.98,5.89,6.49,6.18,0.31,5.0162,413267.26,261332.823
002512.SZ,20240709,2.81,2.86,2.74,2.85,2.81,0.04,1.4235,238222.09,67014.675
600843.SH,20240709,6.35,6.78,6.29,6.74,6.37,0.37,5.8085,493588.39,324451.648
688665.SH,20240709,25.68,25.94,25.13,25.75,25.31,0.44,1.7384,4450.69,11385.923
000566.SZ,20240709,3,3.03,2.92,3.01,3.01,0,0,73388.02,21818.494
300536.SZ,20240709,7.83,8.4,7.75,8.2,7.85,0.35,4.4586,55638.7,45117.504
000933.SZ,20240709,21.2,21.66,20.96,21.41,21.18,0.23,1.0859,250434.97,534461.612
000510.SZ,20240709,2.83,2.85,2.69,2.82,2.8,0.02,0.7143,126231.95,34952.449
300823.SZ,20240709,10.93,11.63,10.86,11.57,11.36,0.21,1.8486,44487.8,49930.84
605001.SH,20240709,4.51,4.61,4.42,4.6,4.5,0.1,2.2222,41376,18779.547
600098.SH,20240709,6.69,6.84,6.64,6.81,6.67,0.14,2.099,187997.87,126946.59
002036.SZ,20240709,6.3,6.62,6.27,6.61,6.32,0.29,4.5886,237461.22,153859.314
300486.SZ,20240709,5.28,5.64,5.18,5.61,5.37,0.24,4.4693,507241.28,276846.303
002032.SZ,20240709,47.41,47.54,46.83,47.25,47.3,-0.05,-0.1057,12918.17,60994.192
603066.SH,20240709,8.56,8.88,8.55,8.87,8.59,0.28,3.2596,32763.27,28656.138
603909.SH,20240709,7.98,8.07,7.79,8.02,7.97,0.05,0.6274,11399.3,9061.431
002381.SZ,20240709,6.54,6.61,6.38,6.61,6.51,0.1,1.5361,26366,17179.735
300196.SZ,20240709,9.63,9.65,9.28,9.46,9.6,-0.14,-1.4583,26604.47,25154.408
002329.SZ,20240709,2.7,2.71,2.58,2.67,2.68,-0.01,-0.3731,101610.81,26806.643
300672.SZ,20240709,50.28,53.69,49.82,53.56,50.55,3.01,5.9545,132230.01,695976.43
920931.BJ,20240709,7.38,7.38,7.16,7.32,7.39,-0.07,-0.9472,21470.59,15635.462
002910.SZ,20240709,5.94,5.98,5.68,5.91,5.92,-0.01,-0.1689,23576.1,13715.045
001219.SZ,20240709,10.99,11.29,10.92,11.17,10.99,0.18,1.6379,15685.49,17409.057
000625.SZ,20240709,13.5,13.87,13.41,13.86,13.62,0.24,1.7621,1188290.17,1624431.061
001226.SZ,20240709,23.4,23.55,22.1,22.93,23.36,-0.43,-1.8408,34567,78615.988
301231.SZ,20240709,16.79,17.4,16.01,17.4,16.68,0.72,4.3165,69646.4,116558.04
601077.SH,20240709,5.12,5.22,5.1,5.2,5.13,0.07,1.3645,560541.55,289272.679
600748.SH,20240709,2.43,2.48,2.38,2.46,2.45,0.01,0.4082,79464.7,19313.693
300214.SZ,20240709,5.27,5.46,5.25,5.45,5.29,0.16,3.0246,50629,27199.144
688003.SH,20240709,30.45,31.77,29.94,31.51,30.4,1.11,3.6513,12929.88,39629.238
000788.SZ,20240709,5.02,5.09,4.91,5.07,5.02,0.05,0.996,71389.32,35803.639
603065.SH,20240709,6.99,7.09,6.82,7.01,7.09,-0.08,-1.1283,30722.73,21409.961
002951.SZ,20240709,4.84,4.84,4.76,4.76,5.01,-0.25,-4.99,5162,2464.374
002686.SZ,20240709,3.91,3.92,3.73,3.9,3.85,0.05,1.2987,80473,30778.353
600340.SH,20240709,1.04,1.07,1.03,1.06,1.05,0.01,0.9524,428131.8,45027.86
300131.SZ,20240709,4.1,4.28,4.08,4.28,4.1,0.18,4.3902,304740.41,127912.902
600621.SH,20240709,11.54,11.82,11.43,11.76,11.52,0.24,2.0833,124778.67,145321.888
603711.SH,20240709,12.56,12.76,12.2,12.29,12.9,-0.61,-4.7287,49312.57,61387.583
002551.SZ,20240709,2.31,2.34,2.23,2.31,2.32,-0.01,-0.431,103807.26,23645.789
002337.SZ,20240709,3.57,3.61,3.45,3.61,3.58,0.03,0.838,72458.74,25713.106
601010.SH,20240709,1.71,1.73,1.68,1.72,1.71,0.01,0.5848,72983.5,12439.682
002468.SZ,20240709,7.73,7.93,7.63,7.88,7.74,0.14,1.8088,109687.05,85341.311
000937.SZ,20240709,6.51,6.63,6.43,6.61,6.56,0.05,0.7622,266662.43,173918.208
301072.SZ,20240709,19.75,21.44,19.75,21.14,20.42,0.72,3.526,40065.86,83568.144
300466.SZ,20240709,5.78,5.9,5.62,5.89,5.75,0.14,2.4348,123277.2,71211.631
603700.SH,20240709,9.08,9.14,8.75,9.04,9.08,-0.04,-0.4405,11816.41,10561.406
688606.SH,20240709,46.45,47.11,45.7,46.99,46.45,0.54,1.1625,2529.09,11794.775
300179.SZ,20240709,7.33,7.39,7.05,7.3,7.42,-0.12,-1.6173,83302.91,60373.42
002636.SZ,20240709,5.73,5.99,5.61,5.97,5.7,0.27,4.7368,72431.04,42402.771
002559.SZ,20240709,7.05,7.33,6.99,7.33,7.06,0.27,3.8244,155779,111904.911
300375.SZ,20240709,3.72,3.84,3.64,3.82,3.72,0.1,2.6882,137285.65,51340.531
300884.SZ,20240709,7.84,8.07,7.64,8.03,7.89,0.14,1.7744,41136.5,32460.88
600783.SH,20240709,8.91,9.15,8.77,9.11,8.91,0.2,2.2447,25044.66,22540.887
601633.SH,20240709,24.03,24.42,23.48,24.4,23.87,0.53,2.2204,175158.67,420761.036
000668.SZ,20240709,5.96,6.1,5.8,5.91,5.97,-0.06,-1.005,66861,39736.463
600237.SH,20240709,4.9,5.1,4.84,5.08,4.9,0.18,3.6735,142542.99,71209.473
300837.SZ,20240709,19.88,20,19.15,19.89,19.89,0,0,9008,17705.342
300394.SZ,20240709,89,94.84,87.31,93.88,90.08,3.8,4.2185,260431.52,2386842.669
300373.SZ,20240709,37.08,40.15,37.01,40.04,37.31,2.73,7.3171,176180.06,690406.849
600461.SH,20240709,11.68,12.01,11.48,11.99,11.7,0.29,2.4786,138636.89,163506.335
603998.SH,20240709,10.45,10.61,10.18,10.54,10.58,-0.04,-0.3781,48255,50157.905
300103.SZ,20240709,4.15,4.3,3.8,4.23,4.18,0.05,1.1962,160177.01,65106.237
600231.SH,20240709,1.29,1.31,1.26,1.29,1.3,-0.01,-0.7692,150359.3,19260.709
600615.SH,20240709,8.39,8.52,8.15,8.39,8.36,0.03,0.3589,15592,13013.302
300767.SZ,20240709,8.02,8.11,7.77,8.04,8.02,0.02,0.2494,43631.84,34729.125
600201.SH,20240709,6.62,6.75,6.5,6.67,6.64,0.03,0.4518,181347.55,120382.717
300071.SZ,20240709,2.21,2.26,2.06,2.15,2.25,-0.1,-4.4444,633776.98,135138.613
000711.SZ,20240709,1.79,1.8,1.74,1.76,1.79,-0.03,-1.676,49836,8793.795
002456.SZ,20240709,7.47,8.24,7.46,8.24,7.49,0.75,10.0134,2361564.52,1895042.609
605500.SH,20240709,5.81,5.99,5.75,5.98,5.81,0.17,2.926,18877.35,11092.178
920419.BJ,20240709,6.7,6.8,6.54,6.75,6.7,0.05,0.7463,2133.62,1418.774
920641.BJ,20240709,5.71,5.96,5.57,5.96,5.77,0.19,3.2929,19184.2,11120.327
002183.SZ,20240709,2.76,2.82,2.67,2.81,2.76,0.05,1.8116,268178.02,73970.676
601611.SH,20240709,7.96,8.03,7.77,8.02,8,0.02,0.25,272395.2,215789.758
600153.SH,20240709,8.23,8.42,8.14,8.38,8.26,0.12,1.4528,164060.93,135952.77
300652.SZ,20240709,18.5,18.79,18.05,18.73,18.39,0.34,1.8488,10092.51,18682.279
688523.SH,20240709,15.45,15.88,15.14,15.85,15.64,0.21,1.3427,16096.79,25072.499
603722.SH,20240709,43.3,44.7,40.91,42.28,44.49,-2.21,-4.9674,18515.57,78283.972
605337.SH,20240709,9.37,9.42,9.1,9.4,9.36,0.04,0.4274,24358.59,22593.421
002926.SZ,20240709,6.19,6.38,6.12,6.36,6.18,0.18,2.9126,123859.83,77526.242
920245.BJ,20240709,10.35,10.49,10.1,10.4,10.25,0.15,1.4634,2816.24,2895.154
000526.SZ,20240709,53.05,56.45,52.32,54.8,53.75,1.05,1.9535,53693.99,292984.896
603588.SH,20240709,5.54,5.68,5.46,5.64,5.58,0.06,1.0753,119883.66,66833.913
300016.SZ,20240709,4.35,4.36,4.17,4.32,4.35,-0.03,-0.6897,72438.3,30941.133
600435.SH,20240709,7.76,7.9,7.65,7.87,7.79,0.08,1.027,150594.81,117475.175
600062.SH,20240709,18.48,18.53,17.98,18.28,18.48,-0.2,-1.0823,122819.98,223916.772
002074.SZ,20240709,17.84,18.24,17.71,18.15,17.87,0.28,1.5669,116333.83,209233.922
600203.SH,20240709,6.04,6.4,5.95,6.31,6.05,0.26,4.2975,341908,212693.107
301069.SZ,20240709,12.55,12.85,12.28,12.74,12.55,0.19,1.5139,24402.58,30759.499
000921.SZ,20240709,28.61,28.61,27.84,28.28,28.7,-0.42,-1.4634,146409.51,413159.163
601018.SH,20240709,3.42,3.48,3.39,3.47,3.43,0.04,1.1662,187156.87,64311.349
002004.SZ,20240709,3.74,3.79,3.68,3.78,3.75,0.03,0.8,128631.42,48046.53
301005.SZ,20240709,26.05,27.16,25.44,27.04,26.04,1,3.8402,72685.24,191180.175
920680.BJ,20240709,10.65,10.95,10.33,10.92,10.52,0.4,3.8023,8086.23,8648.574
000573.SZ,20240709,2.11,2.14,2.04,2.12,2.11,0.01,0.4739,96122,20214.163
300102.SZ,20240709,5.78,6.05,5.78,6.04,5.8,0.24,4.1379,120506.26,71347.429
300928.SZ,20240709,36.29,37.99,35.35,37,35.88,1.12,3.1215,17840.96,65423.708
600655.SH,20240709,5.18,5.26,5.11,5.22,5.19,0.03,0.578,89259.6,46348.248
601966.SH,20240709,17.34,18.3,17.17,18.22,17.14,1.08,6.3011,249760.14,444134.2
601088.SH,20240709,43.3,43.55,42.71,43.4,43.38,0.02,0.0461,237947.51,1029772.331
300446.SZ,20240709,10.99,11.54,10.92,11.52,11.07,0.45,4.065,101952.6,114826.21
600184.SH,20240709,7.82,8.1,7.74,8.07,7.87,0.2,2.5413,29945.55,23671.413
603086.SH,20240709,3.73,3.75,3.59,3.71,3.72,-0.01,-0.2688,17152.24,6299.129
000623.SZ,20240709,12.78,12.89,12.59,12.83,12.67,0.16,1.2628,84044.14,107005.401
603689.SH,20240709,8.75,9.06,8.72,9.03,8.74,0.29,3.3181,59715.08,53153.273
300990.SZ,20240709,25.02,25.88,24.68,25.76,25.14,0.62,2.4662,12746.52,32384.22
002989.SZ,20240709,15.45,16.9,15.32,16.08,15.42,0.66,4.2802,31057,50326.832
300474.SZ,20240709,57.5,60.3,57.5,60.28,57.9,2.38,4.1105,77455.48,458681.426
000911.SZ,20240709,6.24,6.33,6.11,6.33,6.28,0.05,0.7962,22831,14211.38
002578.SZ,20240709,2.58,2.63,2.52,2.62,2.58,0.04,1.5504,117225,30322.594
605488.SH,20240709,12.25,12.81,12.16,12.8,12.33,0.47,3.8118,45601.25,57301.611
002646.SZ,20240709,9.8,9.94,9.6,9.91,9.78,0.13,1.3292,42299.17,41382.33
000912.SZ,20240709,3.41,3.45,3.31,3.43,3.41,0.02,0.5865,55101.35,18663.475
688799.SH,20240709,40.75,40.8,38.56,40.4,40.78,-0.38,-0.9318,8027.38,31854.278
920504.BJ,20240709,11.33,11.33,10.76,11.14,11.13,0.01,0.0898,3697.54,4054.512
600897.SH,20240709,12.54,12.87,12.5,12.87,12.51,0.36,2.8777,20319.23,25789.631
920706.BJ,20240709,8.4,8.52,8.09,8.42,8.44,-0.02,-0.237,6892.21,5675.557
000999.SZ,20240709,41.66,42.57,41.4,41.96,41.7,0.26,0.6235,75717.94,317909.685
300425.SZ,20240709,4.1,4.12,3.94,4.11,4.08,0.03,0.7353,81131.75,32812.565
002261.SZ,20240709,10.24,10.62,9.99,10.57,10.24,0.33,3.2227,310336.98,320310.02
600682.SH,20240709,4.93,4.94,4.54,4.81,4.95,-0.14,-2.8283,303837.8,143780.529
300833.SZ,20240709,40.29,40.6,38.73,39.99,40.45,-0.46,-1.1372,13088.5,52118.324
000723.SZ,20240709,4.59,4.71,4.53,4.69,4.59,0.1,2.1786,243249.63,112454.745
300577.SZ,20240709,20.03,20.47,19.4,20.06,19.79,0.27,1.3643,17948,35817.748
002825.SZ,20240709,5.78,5.87,5.63,5.84,5.81,0.03,0.5164,40653.17,23490.499
002195.SZ,20240709,2.39,2.43,2.34,2.42,2.39,0.03,1.2552,712888.72,170491.355
000100.SZ,20240709,4.07,4.11,3.99,4.02,4.08,-0.06,-1.4706,3728162.47,1502694.301
300733.SZ,20240709,9.1,9.2,8.89,9.15,9.02,0.13,1.4412,19818.6,17969.865
300786.SZ,20240709,10.44,10.76,10.17,10.68,10.32,0.36,3.4884,42741.2,45071.493
000592.SZ,20240709,1.36,1.38,1.32,1.35,1.36,-0.01,-0.7353,334274,45002.969
300939.SZ,20240709,26.44,29.98,26.41,28.85,26.68,2.17,8.1334,53039.6,150248.324
300005.SZ,20240709,4.7,4.8,4.63,4.77,4.72,0.05,1.0593,81864.68,38677.129
002760.SZ,20240709,12.19,12.47,11.57,12.12,12.15,-0.03,-0.2469,7996.87,9620.017
301198.SZ,20240709,7.52,7.76,7.26,7.66,7.5,0.16,2.1333,84565,63539.758
600020.SH,20240709,3.61,3.69,3.56,3.68,3.59,0.09,2.507,127917.76,46414.678
603007.SH,20240709,5.4,5.54,5.4,5.42,5.42,0,0,19379,10600.072
301169.SZ,20240709,33.7,36.49,32.45,35.69,34.7,0.99,2.853,97163.41,332803.635
600460.SH,20240709,16.94,18.2,16.92,18.15,16.92,1.23,7.2695,515994.29,916813.272
600583.SH,20240709,5.95,6.03,5.83,6.01,5.97,0.04,0.67,238221,141282.806
600790.SH,20240709,3.18,3.24,3.13,3.23,3.2,0.03,0.9375,48372.66,15444.848
002299.SZ,20240709,12.5,12.67,12.12,12.24,12.58,-0.34,-2.7027,145634.13,179037.225
300567.SZ,20240709,53,55.66,52.5,55.25,53.21,2.04,3.8339,48201,261993.008
688322.SH,20240709,24.61,25.66,24.33,25.51,24.63,0.88,3.5729,30311.81,76053.915
300180.SZ,20240709,3.4,3.48,3.34,3.47,3.41,0.06,1.7595,285699.27,97505.782
300247.SZ,20240709,2.37,2.4,2.3,2.37,2.4,-0.03,-1.25,189634,44640.458
603712.SH,20240709,15.77,16.26,15.5,16.11,15.81,0.3,1.8975,110079.41,174753.551
300639.SZ,20240709,4.51,4.68,4.35,4.56,4.51,0.05,1.1086,101209.1,45649.187
002461.SZ,20240709,7.09,7.19,6.99,7.17,7.11,0.06,0.8439,49602.02,35213.256
601996.SH,20240709,1.7,1.72,1.66,1.7,1.7,0,0,88258,14960.048
002130.SZ,20240709,14.77,16.26,14.66,16.26,14.78,1.48,10.0135,1653938,2570069.846
605555.SH,20240709,17.12,17.68,16.7,17.6,17.11,0.49,2.8638,30033.49,51880.945
603061.SH,20240709,57.2,62.62,57,60.03,57.35,2.68,4.6731,10792,64862.008
601598.SH,20240709,5.28,5.35,5.19,5.35,5.31,0.04,0.7533,270309.15,142393.008
300512.SZ,20240709,5.4,5.52,5.28,5.49,5.44,0.05,0.9191,23117.5,12493.377
002921.SZ,20240709,9.43,9.68,9.11,9.66,9.42,0.24,2.5478,17849,16804.521
920719.BJ,20240709,8.16,8.22,8.01,8.2,8.1,0.1,1.2346,6974.95,5676.097
600288.SH,20240709,6.11,6.25,6,6.24,6.11,0.13,2.1277,55760,34297.495
603356.SH,20240709,11.5,11.8,11.31,11.68,11.61,0.07,0.6029,30983,35761.431
002092.SZ,20240709,3.89,3.98,3.82,3.95,3.89,0.06,1.5424,205673.62,80376.022
001209.SZ,20240709,13.19,13.23,12.67,13.13,13.09,0.04,0.3056,13179.96,17076.966
300290.SZ,20240709,9,9.42,8.8,9.31,9.04,0.27,2.9867,520220.56,475403.034
000725.SZ,20240709,4.02,4.11,4,4.1,4.03,0.07,1.737,3342207.98,1359394.053
920571.BJ,20240709,3.68,3.77,3.67,3.77,3.7,0.07,1.8919,65630.82,24425.75
300169.SZ,20240709,4.44,4.66,4.4,4.65,4.44,0.21,4.7297,199347.01,90538.801
300460.SZ,20240709,7.63,8.32,7.54,8.32,7.63,0.69,9.0433,146065.61,116929.834
002434.SZ,20240709,4.58,4.72,4.51,4.68,4.56,0.12,2.6316,87223.34,40350.231
603890.SH,20240709,8.46,9.14,8.36,9.1,8.46,0.64,7.565,194675.57,172002.996
000059.SZ,20240709,3.96,4,3.83,3.98,3.96,0.02,0.5051,168087.98,65712.861
002132.SZ,20240709,2.09,2.11,2.03,2.09,2.08,0.01,0.4808,110677.83,22918.699
300292.SZ,20240709,3.3,3.46,3.28,3.45,3.31,0.14,4.2296,405362.69,136652.129
603856.SH,20240709,10.16,10.39,10.06,10.34,10.16,0.18,1.7717,13373.63,13677.032
600580.SH,20240709,11.27,11.72,11.21,11.68,11.29,0.39,3.4544,263677.21,302832.092
300421.SZ,20240709,8.3,8.52,8.08,8.5,8.24,0.26,3.1553,90371.36,75400.402
002880.SZ,20240709,27.36,28.07,27.14,27.95,27.5,0.45,1.6364,6579.77,18152.764
603519.SH,20240709,10.5,10.6,10.13,10.43,10.53,-0.1,-0.9497,29769.44,30844.199
603305.SH,20240709,9.86,10.17,9.75,10.12,9.86,0.26,2.6369,159781.7,159584.156
603172.SH,20240709,17.44,18.08,17.35,18.06,17.51,0.55,3.1411,80390.72,142972.487
603982.SH,20240709,7.4,7.7,7.32,7.67,7.43,0.24,3.2301,24903.27,18730.223
300722.SZ,20240709,17.76,18.13,17.36,18.1,17.77,0.33,1.8571,57888.94,102834.679
603908.SH,20240709,19.5,19.79,19.37,19.7,19.6,0.1,0.5102,4860.8,9516.902
301468.SZ,20240709,21.62,21.73,20.85,21.69,21.44,0.25,1.166,5494.44,11704.298
600566.SH,20240709,32.38,32.68,32.09,32.54,32.38,0.16,0.4941,81943.26,265492.141
600316.SH,20240709,15.42,15.6,15.12,15.29,15.41,-0.12,-0.7787,90517.6,138827.149
002296.SZ,20240709,9.16,9.76,9.01,9.72,9.19,0.53,5.7671,275675.31,260552.146
002446.SZ,20240709,5.18,5.41,5.15,5.41,5.2,0.21,4.0385,243604.53,128839.446
000692.SZ,20240709,2.96,3.03,2.9,3.03,2.95,0.08,2.7119,74987.12,22254.68
300907.SZ,20240709,17.34,18.18,17.1,18.16,17.37,0.79,4.5481,15970,28287.184
600811.SH,20240709,0.89,0.92,0.84,0.84,0.93,-0.09,-9.6774,3325273.67,286287.743
600408.SH,20240709,1.58,1.61,1.55,1.61,1.58,0.03,1.8987,68281.75,10771.044
000596.SZ,20240709,195.95,199.29,193.55,197.12,196.03,1.09,0.556,14573.27,286098.096
605060.SH,20240709,13.56,13.69,13.18,13.43,13.59,-0.16,-1.1773,17637,23666.443
300592.SZ,20240709,10.24,10.35,9.9,10.32,10.16,0.16,1.5748,62190.2,62927.473
301190.SZ,20240709,13.16,13.34,12.47,13.02,13.01,0.01,0.0769,14012.63,17889.995
605266.SH,20240709,24.32,24.4,23.2,23.43,24.36,-0.93,-3.8177,27941.64,65737.222
601619.SH,20240709,2.97,3.03,2.91,3.01,2.96,0.05,1.6892,150430.9,44713.547
600962.SH,20240709,11.56,11.63,11.2,11.34,11.5,-0.16,-1.3913,25195.67,28770.623
920547.BJ,20240709,13.24,13.36,12.74,13.25,13.1,0.15,1.145,2218.71,2905.76
603279.SH,20240709,20.68,20.74,19.88,20.43,20.78,-0.35,-1.6843,60506,122711.949
000860.SZ,20240709,16.25,16.69,15.94,16.6,16.2,0.4,2.4691,125716.32,204833.89
600739.SH,20240709,8.21,8.38,8.05,8.35,8.2,0.15,1.8293,107802.01,88625.971
300364.SZ,20240709,19.42,20.14,19.04,19.93,19.26,0.67,3.4787,525800.69,1029278.645
601882.SH,20240709,20.6,21.17,20.43,21.11,20.7,0.41,1.9807,18552,38678.447
002911.SZ,20240709,9.59,9.69,9.45,9.66,9.7,-0.04,-0.4124,43693.59,41912.896
603848.SH,20240709,13.54,13.98,13.42,13.94,13.6,0.34,2.5,36542,50339.601
603988.SH,20240709,7.57,7.66,7.33,7.65,7.57,0.08,1.0568,24172,18213.801
002595.SZ,20240709,37.67,38.2,37.31,38.09,37.82,0.27,0.7139,22272.2,84309.874
300469.SZ,20240709,11.77,12.28,11.31,12,11.77,0.23,1.9541,496988.31,589133.791
000869.SZ,20240709,21.01,21.27,20.73,21.22,21.01,0.21,0.9995,11789.7,24809.152
300055.SZ,20240709,3.98,4.01,3.8,3.97,3.96,0.01,0.2525,62872,24679.388
920943.BJ,20240709,7.11,7.17,6.88,7.15,6.98,0.17,2.4355,1621.34,1138.714
603188.SH,20240709,2.19,2.22,2.13,2.2,2.19,0.01,0.4566,50454,10986.859
688520.SH,20240709,38.51,39.14,37.4,38.66,38.53,0.13,0.3374,16730.65,64158.348
300999.SZ,20240709,27.07,27.36,26.71,27.24,27.3,-0.06,-0.2198,62471.68,169020.749
300119.SZ,20240709,13.02,13.22,12.77,13.17,13.1,0.07,0.5344,31004.3,40372.043
600820.SH,20240709,6.38,6.47,6.32,6.45,6.4,0.05,0.7813,212334.83,135866.893
601163.SH,20240709,14.66,15.36,14.66,15.32,14.68,0.64,4.3597,86709.03,130444.972
600875.SH,20240709,17.11,17.37,16.74,17.24,17.11,0.13,0.7598,167669.04,286139.183
000731.SZ,20240709,6.54,6.59,6.37,6.58,6.51,0.07,1.0753,37808.49,24525.315
603706.SH,20240709,14.65,14.79,14.27,14.78,14.66,0.12,0.8186,13466.77,19625.545
603636.SH,20240709,7.24,7.58,7.1,7.53,7.28,0.25,3.4341,83747.74,61532.674
920047.BJ,20240709,11.2,11.89,11.01,11.78,11.2,0.58,5.1786,12317.72,14107.901
920139.BJ,20240709,8.5,9.18,8.45,9.03,8.55,0.48,5.614,22883.71,20393.963
002791.SZ,20240709,23.35,23.41,22.45,22.71,23.33,-0.62,-2.6575,64856.6,148169.48
300679.SZ,20240709,36.2,38.56,35.8,38.36,36.1,2.26,6.2604,60638.91,227173.326
300831.SZ,20240709,10.41,11.03,10.32,10.96,10.43,0.53,5.0815,71882.26,77666.588
301273.SZ,20240709,14.52,15.1,14.38,15.07,14.54,0.53,3.6451,9403.62,13882.626
002835.SZ,20240709,15.68,16.47,15.63,16.47,15.86,0.61,3.8462,44317.54,71295.066
000888.SZ,20240709,10.94,11.08,10.71,11.08,10.88,0.2,1.8382,131078.94,143319.094
300538.SZ,20240709,16.66,18.59,16,18.19,17.12,1.07,6.25,237821.7,414960.066
002611.SZ,20240709,4.99,5.1,4.92,5.09,4.99,0.1,2.004,219231.87,110129.511
002421.SZ,20240709,2.23,2.27,2.16,2.26,2.23,0.03,1.3453,278432.53,61739.822
688719.SH,20240709,23.76,24.38,23.29,24.17,23.76,0.41,1.7256,5432.67,12955.484
002457.SZ,20240709,7.75,7.89,7.57,7.87,7.85,0.02,0.2548,134399,103966.874
002952.SZ,20240709,18.9,19.5,18.5,19.49,18.69,0.8,4.2804,30723.5,58612.878
603619.SH,20240709,22.85,23.61,22.44,23.58,22.98,0.6,2.611,66966.48,154396.203
600535.SH,20240709,12.6,12.84,12.43,12.76,12.65,0.11,0.8696,125374,158508.768
600563.SH,20240709,71.6,74.58,71.22,74.24,71.75,2.49,3.4704,23534.09,171587.462
920046.BJ,20240709,9.51,9.99,9.17,9.87,9.7,0.17,1.7526,70008.29,67234.088
000897.SZ,20240709,2.04,2.07,2,2.07,2.04,0.03,1.4706,282464.62,57532.179
300644.SZ,20240709,18.1,19.37,17.71,19.36,18.02,1.34,7.4362,86587.13,161298.858
920198.BJ,20240709,5.28,5.31,5,5.18,5.12,0.06,1.1719,44672.38,23022.361
603709.SH,20240709,11.67,11.96,11.37,11.85,11.79,0.06,0.5089,9704.2,11365.608
300066.SZ,20240709,3.05,3.06,2.89,3.03,3.08,-0.05,-1.6234,238840.39,71149.488
000798.SZ,20240709,5.65,5.73,5.47,5.66,5.67,-0.01,-0.1764,25005,13993.605
002062.SZ,20240709,3.38,3.43,3.31,3.4,3.41,-0.01,-0.2933,71130.6,24046.007
300766.SZ,20240709,9.47,9.69,9.11,9.64,9.44,0.2,2.1186,99138.76,93509.432
603667.SH,20240709,14.5,14.95,14.01,14.88,14.5,0.38,2.6207,136819.86,197403.259
600581.SH,20240709,2.64,2.66,2.56,2.65,2.64,0.01,0.3788,82409.09,21538.531
301229.SZ,20240709,22.96,23.73,22.66,23.68,22.95,0.73,3.1808,18286.2,42902.784
301567.SZ,20240709,41.5,44.13,41.06,44.13,41.65,2.48,5.9544,36957,159135.628
600307.SH,20240709,1.19,1.21,1.17,1.21,1.2,0.01,0.8333,120379.24,14338.222
600613.SH,20240709,5.36,5.39,5.16,5.34,5.37,-0.03,-0.5587,54247,28683.132
002423.SZ,20240709,7.28,7.46,7.17,7.46,7.28,0.18,2.4725,157037,114984.361
600371.SH,20240709,6.85,6.88,6.59,6.79,6.85,-0.06,-0.8759,30752.03,20731.987
605228.SH,20240709,8.96,9.5,8.85,9.48,9.1,0.38,4.1758,187052.32,173198.368
300872.SZ,20240709,12.44,12.84,12.21,12.76,12.39,0.37,2.9863,89270.03,112088.052
301088.SZ,20240709,10.63,10.63,10.24,10.55,10.42,0.13,1.2476,6615,6918.32
300509.SZ,20240709,4.43,4.48,4.25,4.48,4.43,0.05,1.1287,44920.53,19681.453
301111.SZ,20240709,14.2,14.34,13.62,14.33,14.2,0.13,0.9155,28289.42,39659.104
600483.SH,20240709,11.88,12.04,11.7,12,11.97,0.03,0.2506,162585.06,193495.491
002326.SZ,20240709,7.52,7.59,7.26,7.53,7.52,0.01,0.133,90841.67,67583.302
603315.SH,20240709,8.8,8.96,8.5,8.89,8.8,0.09,1.0227,22791,19981.588
300566.SZ,20240709,12.55,13.47,12.55,13.41,12.74,0.67,5.259,50174.89,65748.415
003005.SZ,20240709,23.77,23.93,22.89,23.88,23.8,0.08,0.3361,65080.99,152977.686
600908.SH,20240709,5.05,5.22,5.03,5.21,5.07,0.14,2.7613,162836.99,83444.739
002562.SZ,20240709,3.33,3.49,3.27,3.49,3.35,0.14,4.1791,488376.79,165568.623
603196.SH,20240709,6.69,6.74,6.32,6.62,6.7,-0.08,-1.194,28728,18692.219
000509.SZ,20240709,2.46,2.48,2.39,2.45,2.44,0.01,0.4098,72494.5,17688.654
688567.SH,20240709,9.18,9.3,8.96,9.29,9.1,0.19,2.0879,58370.47,53518.616
300139.SZ,20240709,12.41,12.75,11.96,12.55,12.3,0.25,2.0325,458515.52,566126.762
001234.SZ,20240709,15.4,15.85,15.09,15.61,15.55,0.06,0.3859,17707.9,27445.485
000758.SZ,20240709,5.22,5.39,5.19,5.38,5.23,0.15,2.8681,453594.65,240895.713
000603.SZ,20240709,12.4,12.82,12.01,12.74,12.4,0.34,2.7419,140264.79,174037.605
002460.SZ,20240709,27.35,27.72,27.02,27.23,27.61,-0.38,-1.3763,179184.63,490271.169
300770.SZ,20240709,33.1,33.84,32.53,33.72,33.23,0.49,1.4746,17201,57180.771
000026.SZ,20240709,8.65,8.86,8.6,8.84,8.68,0.16,1.8433,20608.02,18020.82
000811.SZ,20240709,8.89,9.1,8.84,9.02,8.93,0.09,1.0078,98416,88581.027
600500.SH,20240709,3.38,3.46,3.32,3.45,3.38,0.07,2.071,143202.26,48662.127
603283.SH,20240709,67.88,75.12,67.37,74.47,68.51,5.96,8.6995,108402.85,780678.418
920876.BJ,20240709,7.74,8.39,7.66,8.27,7.74,0.53,6.8475,17659.01,14193.701
600486.SH,20240709,53.61,54.25,52.84,52.92,53.81,-0.89,-1.654,19088.9,101695.965
688693.SH,20240709,30.06,32.42,29.78,32.17,30.7,1.47,4.7883,41645.19,131035.007
300046.SZ,20240709,15.89,18.65,15.54,18.32,15.62,2.7,17.2855,647236.05,1127127.08
300266.SZ,20240709,1.33,1.36,1.26,1.31,1.34,-0.03,-2.2388,372243,48216.877
688528.SH,20240709,7.2,7.35,7.05,7.35,7.22,0.13,1.8006,5638.53,4063.375
301548.SZ,20240709,52.4,53.79,50.84,52.5,52.48,0.02,0.0381,17441.3,91378.854
603528.SH,20240709,5.81,6.3,5.81,6.07,5.84,0.23,3.9384,284770.61,171981.002
920207.BJ,20240709,7.08,7.3,6.78,7.3,7.08,0.22,3.1073,23036.26,16264.486
603559.SH,20240709,4.2,4.26,4.06,4.18,4.2,-0.02,-0.4762,13965,5831.658
600837.SH,20240709,8.21,8.35,8.17,8.32,8.2,0.12,1.4634,225969.17,186739.472
002356.SZ,20240709,3,3.04,2.88,3.02,3,0.02,0.6667,70511.9,20921.832
000738.SZ,20240709,19.33,19.68,19.1,19.42,19.42,0,0,66550.81,128835.946
002487.SZ,20240709,20.94,21.76,20.7,21.6,20.79,0.81,3.8961,91603.99,195236.436
600610.SH,20240709,3.85,3.88,3.71,3.8,3.81,-0.01,-0.2625,123074,46588.292
605599.SH,20240709,12.38,12.47,12.11,12.42,12.38,0.04,0.3231,28085.55,34619.623
001359.SZ,20240709,20.9,21.29,20.5,21.26,20.94,0.32,1.5282,34868.66,73121.94
301288.SZ,20240709,10.49,10.74,10.17,10.69,10.46,0.23,2.1989,10733,11229.253
603108.SH,20240709,13.37,13.55,12.99,13.45,13.44,0.01,0.0744,182701.89,242325.468
002727.SZ,20240709,14.39,14.4,13.9,14.09,14.36,-0.27,-1.8802,124554.23,175653.506
000777.SZ,20240709,14.52,15.03,14.19,14.9,14.52,0.38,2.6171,103609,151182.361
300523.SZ,20240709,16.6,16.95,16.21,16.92,16.81,0.11,0.6544,50852.8,84189.104
002561.SZ,20240709,7.44,7.54,7.2,7.52,7.46,0.06,0.8043,114151.98,84427.484
300632.SZ,20240709,9.1,9.55,9.01,9.54,9.15,0.39,4.2623,35127.03,32829.308
601956.SH,20240709,4.42,4.55,4.34,4.54,4.43,0.11,2.4831,50500.7,22493.26
603816.SH,20240709,28.09,28.49,27.46,28.17,28.32,-0.15,-0.5297,69558.1,194040.188
300386.SZ,20240709,8.73,9.2,8.52,9.1,8.76,0.34,3.8813,340200.18,301044.273
000976.SZ,20240709,0.75,0.75,0.75,0.75,0.79,-0.04,-5.0633,39197,2939.775
300779.SZ,20240709,42.63,44.06,41.8,43.76,42.63,1.13,2.6507,30148.85,129835.63
000768.SZ,20240709,23.35,23.88,23.07,23.83,23.34,0.49,2.0994,143086.2,336985.086
000899.SZ,20240709,9.39,9.69,9.18,9.67,9.33,0.34,3.6442,230098.37,217675.251
301362.SZ,20240709,31.83,32.78,31.45,32.66,31.83,0.83,2.6076,5390.88,17297.497
300557.SZ,20240709,23.31,24.43,23.08,24.29,23.23,1.06,4.5631,33357.64,79431.113
603198.SH,20240709,53.9,55.3,53.4,54.8,53.94,0.86,1.5944,33018.18,179185.289
600724.SH,20240709,3.64,3.75,3.63,3.74,3.67,0.07,1.9074,63002,23358.299
600378.SH,20240709,26.38,27.26,25.69,27.05,26.61,0.44,1.6535,28068.4,74304.149
002795.SZ,20240709,3.43,3.45,3.25,3.39,3.42,-0.03,-0.8772,83904.8,28149.744
688398.SH,20240709,15.99,16.32,15.67,16.24,16,0.24,1.5,13219.97,21156.985
001256.SZ,20240709,13.14,13.29,12.75,13.21,13.05,0.16,1.2261,7675,10009.98
300471.SZ,20240709,7.77,7.84,7.42,7.81,7.69,0.12,1.5605,38381.34,29368.944
002038.SZ,20240709,7.09,7.15,6.93,7.1,7.08,0.02,0.2825,76710.75,54001.756
600250.SH,20240709,7.06,7.15,6.8,7.15,7.05,0.1,1.4184,144208.72,100754.791
300753.SZ,20240709,10.52,10.74,10.16,10.65,10.51,0.14,1.3321,35444.88,37236.427
300437.SZ,20240709,8.7,8.99,8.46,8.96,8.86,0.1,1.1287,86518.48,75961.338
002003.SZ,20240709,12.54,12.86,12.43,12.7,12.55,0.15,1.1952,75967.92,96418.46
920519.BJ,20240709,6.71,6.77,6.59,6.73,6.71,0.02,0.2981,1535.44,1021.547
688621.SH,20240709,40.35,41.01,39,40.06,41.17,-1.11,-2.6961,14096.26,56383.698
300913.SZ,20240709,31.73,34.23,31.73,34,31.74,2.26,7.1204,102296.81,340046.258
688395.SH,20240709,13.19,13.65,12.97,13.51,13.23,0.28,2.1164,5509.29,7326.953
001308.SZ,20240709,21.35,22.1,21.22,22.03,21.38,0.65,3.0402,19978.83,43409.946
688357.SH,20240709,21.02,21.78,20.67,21.66,21.23,0.43,2.0254,9723.47,20641.248
002311.SZ,20240709,47.38,47.87,43.81,44.17,46.7,-2.53,-5.4176,192770.26,866787.709
600595.SH,20240709,2.68,2.68,2.62,2.68,2.44,0.24,9.8361,593130.53,158503.768
300883.SZ,20240709,4.1,4.18,3.98,4.18,4.09,0.09,2.2005,52569,21511.716
000034.SZ,20240709,21.4,22.4,21.22,22.39,21.43,0.96,4.4797,214685.4,470775.609
300029.SZ,20240709,3.37,3.44,3.32,3.42,3.34,0.08,2.3952,13285.54,4496.071
301119.SZ,20240709,19.07,19.87,18.26,19.81,20.05,-0.24,-1.197,71369.64,136215.824
600855.SH,20240709,9.18,9.49,8.94,9.46,9.24,0.22,2.381,183913.44,170116.72
603456.SH,20240709,12.9,13.03,12.57,13.01,12.92,0.09,0.6966,105856.02,135708.598
688570.SH,20240709,18.5,18.88,18.18,18.8,18.54,0.26,1.4024,7570.96,14050.835
600252.SH,20240709,2.18,2.2,2.14,2.2,2.18,0.02,0.9174,231583.37,50252.473
000333.SZ,20240709,63.81,64.67,63.62,64.1,64.23,-0.13,-0.2024,216644.64,1392889.372
688566.SH,20240709,21.53,21.99,20.9,21.88,21.53,0.35,1.6256,13626.21,29188.134
301200.SZ,20240709,29.68,30.21,29.21,30.08,29.68,0.4,1.3477,5295.43,15800.313
301269.SZ,20240709,69.9,72.3,69.52,72.13,70.06,2.07,2.9546,22462.91,159490.922
003038.SZ,20240709,13.7,13.94,13.4,13.89,13.7,0.19,1.3869,19539.8,26824.996
601865.SH,20240709,18.14,18.23,17.54,18,18.14,-0.14,-0.7718,152577.51,272561.6
300855.SZ,20240709,24.2,24.25,23.36,24.01,24.15,-0.14,-0.5797,25921.7,61866.081
002076.SZ,20240709,1.46,1.48,1.42,1.47,1.47,0,0,123393.94,17950.196
600708.SH,20240709,1.74,1.76,1.7,1.75,1.75,0,0,136732.41,23743.71
002746.SZ,20240709,5.52,5.52,5.26,5.46,5.54,-0.08,-1.444,73272.3,39492.963
001318.SZ,20240709,10.09,10.33,10.01,10.33,10.18,0.15,1.4735,14970.01,15237.706
300589.SZ,20240709,11.14,11.34,10.88,11.34,11.01,0.33,2.9973,61083.8,68034.046
688560.SH,20240709,10.05,10.21,9.88,10.18,10.07,0.11,1.0924,19459.53,19560.893
002653.SZ,20240709,30.4,30.9,29.85,30.8,30.51,0.29,0.9505,21734.86,66129.667
301311.SZ,20240709,16.61,17.24,16.44,17.2,16.63,0.57,3.4275,19075.33,32226.913
000537.SZ,20240709,8.85,9,8.55,8.92,8.82,0.1,1.1338,144196,126068.993
002514.SZ,20240709,3.92,3.97,3.74,3.85,3.95,-0.1,-2.5316,169226.44,64781.101
300228.SZ,20240709,5.7,5.95,5.49,5.83,5.27,0.56,10.6262,540443.71,307057.379
301006.SZ,20240709,10.76,10.93,10.48,10.84,10.71,0.13,1.2138,8759,9408.545
603056.SH,20240709,12.58,12.81,12.43,12.76,12.58,0.18,1.4308,33573.72,42434.396
301223.SZ,20240709,14.25,14.51,14.03,14.47,14.28,0.19,1.3305,3665.15,5252.326
600332.SH,20240709,29.13,29.38,28.88,29.38,29.18,0.2,0.6854,56251.48,163923.536
600883.SH,20240709,5.4,5.49,5.27,5.46,5.44,0.02,0.3676,32063.41,17323.822
000955.SZ,20240709,2.85,2.87,2.65,2.76,2.85,-0.09,-3.1579,110721,30293.089
603929.SH,20240709,23.96,25.22,23.75,25.22,22.93,2.29,9.9869,116977.28,290049.984
688728.SH,20240709,11.39,11.87,11.31,11.83,11.43,0.4,3.4996,110670.18,128852.268
603912.SH,20240709,5.72,5.86,5.57,5.83,5.72,0.11,1.9231,52971.14,30363.831
300281.SZ,20240709,4.14,4.2,4.01,4.19,4.11,0.08,1.9465,102132,42051.966
002292.SZ,20240709,5.66,5.82,5.55,5.79,5.66,0.13,2.2968,244201.38,139049.692
603729.SH,20240709,12.3,12.49,11.77,12.31,12.27,0.04,0.326,36269,43969.607
600215.SH,20240709,6.46,6.62,6.34,6.61,6.46,0.15,2.322,61006,39618.116
301260.SZ,20240709,14.76,15.06,14.21,14.92,14.89,0.03,0.2015,124266.04,182563.824
300008.SZ,20240709,3.63,3.69,3.51,3.69,3.62,0.07,1.9337,449365.83,162099.887
601606.SH,20240709,8.8,8.95,8.47,8.87,9.11,-0.24,-2.6345,132309.83,114892.455
600178.SH,20240709,8.39,8.6,8.25,8.56,8.41,0.15,1.7836,141836.98,119833.958
688530.SH,20240709,18.78,19.85,18.78,19.71,19.1,0.61,3.1937,36257.17,70522.439
603077.SH,20240709,1.64,1.68,1.63,1.67,1.65,0.02,1.2121,547418.05,90574.337
301359.SZ,20240709,20.64,21.89,20.46,21.82,20.61,1.21,5.8709,38336.92,81579.146
603309.SH,20240709,10.78,10.98,10.55,10.91,10.84,0.07,0.6458,43135.1,46379.096
301019.SZ,20240709,18,18.21,17.52,18.21,17.75,0.46,2.5915,3921,7017.129
000030.SZ,20240709,4.84,5.07,4.81,5.06,4.83,0.23,4.7619,82371.74,40745.659
603037.SH,20240709,11.75,12.58,11.74,12.55,11.65,0.9,7.7253,100411.46,122020.495
300548.SZ,20240709,17.67,19,17.62,18.93,17.71,1.22,6.8888,114048.42,209669.314
603577.SH,20240709,6.4,6.55,6.25,6.5,6.36,0.14,2.2013,43820.8,28248.763
300521.SZ,20240709,11.04,11.26,10.71,11.26,11.1,0.16,1.4414,25874.8,28577.387
601066.SH,20240709,18.06,18.41,17.74,18.33,18,0.33,1.8333,103929.57,187708.263
300209.SZ,20240709,2.28,2.36,2.24,2.31,2.31,0,0,46791,10713.89
002471.SZ,20240709,1.98,2,1.92,1.97,1.98,-0.01,-0.5051,188761.06,37015.406
002123.SZ,20240709,6.24,6.33,6.1,6.27,6.27,0,0,134953.69,84107.81
002884.SZ,20240709,17.78,18.09,17.42,18.06,17.77,0.29,1.632,16060.03,28526.741
003006.SZ,20240709,22.98,23.49,22.79,23.4,23.07,0.33,1.4304,22931.18,53309.028
002758.SZ,20240709,7.84,7.89,7.65,7.87,7.82,0.05,0.6394,22013.8,17149.024
002432.SZ,20240709,39.25,39.74,38.74,39.54,39.22,0.32,0.8159,30350.4,119401.394
002715.SZ,20240709,11.16,11.41,10.85,11.36,11.15,0.21,1.8834,12504,13997.62
603235.SH,20240709,25.53,25.99,25.26,25.96,25.55,0.41,1.6047,10781.67,27678.271
920770.BJ,20240709,4.92,4.99,4.8,4.9,4.88,0.02,0.4098,8780.87,4304.771
300320.SZ,20240709,7.15,7.66,7.12,7.62,7.16,0.46,6.4246,96113.76,71354.246
002530.SZ,20240709,6.9,7.25,6.85,7.23,6.94,0.29,4.1787,179336.75,126772.117
300335.SZ,20240709,3.78,3.82,3.64,3.81,3.76,0.05,1.3298,85819.04,32098.73
301515.SZ,20240709,18.36,18.84,18.02,18.78,18.45,0.33,1.7886,9873.26,18218.235
300058.SZ,20240709,5.14,5.23,5.02,5.21,5.12,0.09,1.7578,374795.04,192600.304
300091.SZ,20240709,1.33,1.41,1.31,1.34,1.34,0,0,398684.39,53720.216
300114.SZ,20240709,48.5,50.19,47.43,49.74,48.19,1.55,3.2164,175418.82,862738.678
600459.SH,20240709,13.07,13.71,12.95,13.59,13.15,0.44,3.346,102108.73,136605.193
002950.SZ,20240709,6.43,6.46,6.22,6.44,6.41,0.03,0.468,31780,20230.697
001269.SZ,20240709,25.5,26.12,24.97,25.98,25.5,0.48,1.8824,19067.45,48657.549
002659.SZ,20240709,3.2,3.24,3.1,3.22,3.18,0.04,1.2579,77493,24575.467
300185.SZ,20240709,1.74,1.8,1.72,1.79,1.75,0.04,2.2857,435289.93,76516.044
600410.SH,20240709,3.73,3.82,3.65,3.8,3.73,0.07,1.8767,137869.84,51611.998
300949.SZ,20240709,28,28.2,27.03,28.19,27.92,0.27,0.967,7173,19860.718
002256.SZ,20240709,1.37,1.38,1.33,1.38,1.37,0.01,0.7299,204287.7,27746.107
300868.SZ,20240709,18.38,19.65,18.16,19.6,18.24,1.36,7.4561,134722.59,256433.172
300497.SZ,20240709,8.51,8.63,8.29,8.56,8.5,0.06,0.7059,60198.08,51059.774
300298.SZ,20240709,22.5,22.5,21.56,21.74,22.41,-0.67,-2.9897,53784.44,117847.677
301355.SZ,20240709,9.26,9.52,9.15,9.46,9.4,0.06,0.6383,19471.51,18224.913
002560.SZ,20240709,5.39,5.53,5.28,5.5,5.38,0.12,2.2305,52819.51,28685.208
600232.SH,20240709,4.37,4.37,4.2,4.36,4.15,0.21,5.0602,84825,36568.491
688496.SH,20240709,8.24,8.52,8.12,8.29,8.29,0,0,26040.29,21671.92
002061.SZ,20240709,3.53,3.6,3.45,3.58,3.53,0.05,1.4164,231960.28,81854.686
301013.SZ,20240709,10.05,10.59,9.91,10.57,9.98,0.59,5.9118,107390.88,111499.634
301578.SZ,20240709,34.05,36.48,33.73,36.1,34.22,1.88,5.4939,16630.16,58615.966
002508.SZ,20240709,20.95,21.21,20.6,21.17,21.17,0,0,57741.19,120886.18
300807.SZ,20240709,25.33,25.33,24.29,25.33,21.11,4.22,19.9905,64999,164548.367
605287.SH,20240709,10.91,11.15,10.61,11.12,10.98,0.14,1.275,12102.07,13221.146
600208.SH,20240709,1.63,1.66,1.57,1.61,1.57,0.04,2.5478,970583.81,156161.765
600828.SH,20240709,2.29,2.34,2.21,2.29,2.32,-0.03,-1.2931,123369.39,27951.897
001333.SZ,20240709,15.52,15.91,15.5,15.85,15.56,0.29,1.8638,5198,8192.713
920694.BJ,20240709,10.24,10.35,9.94,10.21,10.23,-0.02,-0.1955,1598.31,1614.001
300296.SZ,20240709,4.1,4.27,4.08,4.25,4.13,0.12,2.9056,227392.33,95452.258
603822.SH,20240709,20.89,21.48,20.2,21.07,20.89,0.18,0.8617,20869,43439.348
300998.SZ,20240709,16.37,17.37,16.1,17.17,16.33,0.84,5.1439,20323.54,34240.664
300953.SZ,20240709,49.46,51.88,48.59,51.68,49.39,2.29,4.6366,10494.77,52559.498
000555.SZ,20240709,8.68,9.1,8.54,9.01,8.65,0.36,4.1618,143149.78,125678.097
605066.SH,20240709,4.99,5.14,4.91,5.12,5,0.12,2.4,134615.72,68006.077
300303.SZ,20240709,4.52,4.73,4.47,4.72,4.52,0.2,4.4248,244901.07,113122.056
601868.SH,20240709,2.09,2.12,2.08,2.11,2.1,0.01,0.4762,1404040.29,294653.318
002670.SZ,20240709,8.09,8.25,7.93,8.25,8.06,0.19,2.3573,237381.78,192569.441
002588.SZ,20240709,7.2,7.35,7,7.28,7.2,0.08,1.1111,204510,147057.46
300649.SZ,20240709,9.71,9.81,9.4,9.77,9.65,0.12,1.2435,23922.74,23039.46
301262.SZ,20240709,21.26,21.66,20.7,21.53,21.26,0.27,1.27,17914.93,38102.702
600886.SH,20240709,18.99,19.07,18.8,18.95,18.98,-0.03,-0.1581,224990.09,425471.553
301201.SZ,20240709,17.83,18.04,17.33,18.02,17.83,0.19,1.0656,13363,23691.426
000989.SZ,20240709,6.42,6.47,6.24,6.43,6.39,0.04,0.626,47182.51,30034.167
300159.SZ,20240709,1.92,1.94,1.84,1.92,1.9,0.02,1.0526,370755,70138.179
300146.SZ,20240709,13.14,13.27,13.03,13.14,13.14,0,0,96002.29,126398.714
600395.SH,20240709,5.75,5.87,5.68,5.85,5.77,0.08,1.3865,141188,81478.555
300598.SZ,20240709,26.55,27.29,26.32,27.23,26.44,0.79,2.9879,31883.96,85711.641
920146.BJ,20240709,2.8,2.85,2.77,2.83,2.8,0.03,1.0714,10006.55,2827.27
600903.SH,20240709,5.99,6.11,5.91,6.1,6.02,0.08,1.3289,44071.33,26525.762
601995.SH,20240709,26.7,27.3,26.33,27.28,26.7,0.58,2.1723,143524.5,385187.897
002873.SZ,20240709,8.24,8.31,7.97,8.28,8.23,0.05,0.6075,30106.99,24469.501
920768.BJ,20240709,4.09,4.14,3.92,4.02,4.12,-0.1,-2.4272,11359.24,4567.937
002338.SZ,20240709,29.55,30.6,29.17,30.52,29.4,1.12,3.8095,134077.62,402603.584
600390.SH,20240709,3.96,4.05,3.9,4.03,3.95,0.08,2.0253,269843.27,107314.22
002039.SZ,20240709,18.03,18.26,17.78,18.26,18.21,0.05,0.2746,66894.75,120842.429
600654.SH,20240709,2.2,2.21,2.15,2.2,2.2,0,0,66442,14483.109
603826.SH,20240709,26.6,26.85,25.88,26.66,26.76,-0.1,-0.3737,30225.52,79654.624
688569.SH,20240709,18.88,19.32,18.32,19.21,18.9,0.31,1.6402,7195.78,13626.565
000430.SZ,20240709,6.08,6.28,6.05,6.28,6.01,0.27,4.4925,194506.38,120639.787
603776.SH,20240709,9.84,10.25,9.6,9.99,9.49,0.5,5.2687,63523.08,63031.82
002778.SZ,20240709,10.06,10.9,9.8,10.04,10,0.04,0.4,37189.6,37779.503
603032.SH,20240709,10.76,10.78,10.32,10.62,10.72,-0.1,-0.9328,36720.81,38665.923
600103.SH,20240709,1.69,1.72,1.66,1.71,1.69,0.02,1.1834,134444.57,22719.635
002448.SZ,20240709,5.47,5.59,5.37,5.58,5.44,0.14,2.5735,65691.29,36069.64
002404.SZ,20240709,5.18,5.49,5.16,5.32,5.16,0.16,3.1008,94871,50157.81
603353.SH,20240709,11.83,11.95,11.41,11.86,11.83,0.03,0.2536,23388.8,27332.498
300315.SZ,20240709,3.95,4.07,3.91,4.04,3.97,0.07,1.7632,468916.81,187522.467
002231.SZ,20240709,3.77,3.85,3.67,3.84,3.78,0.06,1.5873,98495.02,37081.77
300546.SZ,20240709,11.95,12.9,11.94,12.46,12.08,0.38,3.1457,275625.72,341218.279
301133.SZ,20240709,20.77,21.38,20.23,21.33,20.48,0.85,4.1504,27267.51,56961.788
301087.SZ,20240709,32.59,32.67,31.61,32.26,32.58,-0.32,-0.9822,7475,23983.821
301150.SZ,20240709,20.6,21.95,20.43,21.78,21.34,0.44,2.0619,92556.33,196436.365
300569.SZ,20240709,3.96,4.05,3.86,4.03,3.97,0.06,1.5113,71286.92,28275.528
002827.SZ,20240709,20.9,21.4,20.55,21.29,20.93,0.36,1.72,112635,236662.399
600469.SH,20240709,5.59,5.9,5.55,5.9,5.57,0.33,5.9246,115483,66459.215
600373.SH,20240709,14.6,15.11,14.52,15.08,14.6,0.48,3.2877,87109,129701.341
002169.SZ,20240709,4.24,4.33,4.12,4.32,4.25,0.07,1.6471,74592.36,31520.675
300578.SZ,20240709,15.04,15.9,14.85,15.9,15.38,0.52,3.381,214641.86,330636.707
601126.SH,20240709,17.61,18.52,17.36,18.45,17.62,0.83,4.7106,178084.39,320968.379
300301.SZ,20240709,1.27,1.28,1.21,1.25,1.27,-0.02,-1.5748,62446.02,7754.005
688013.SH,20240709,14.06,14.18,13.58,14.05,14.06,-0.01,-0.0711,5162.11,7157.922
920075.BJ,20240709,10.66,10.95,10.66,10.87,10.7,0.17,1.5888,2645.55,2867.309
002217.SZ,20240709,1.23,1.26,1.2,1.24,1.24,0,0,402727.37,49596.471
000697.SZ,20240709,5.58,5.7,5.47,5.69,5.58,0.11,1.9713,79129,44361.658
300706.SZ,20240709,17.72,18.91,17.68,18.86,17.68,1.18,6.6742,46709,86142.052
603071.SH,20240709,12.02,12.32,11.9,12.28,11.99,0.29,2.4187,20979.93,25447.247
603195.SH,20240709,74.3,75.8,73.8,75.22,74.19,1.03,1.3883,24434.27,182909.556
002970.SZ,20240709,36.4,37.82,35.6,37.63,35.15,2.48,7.0555,60524.5,223489.239
601231.SH,20240709,15.15,16.18,15.02,16.14,15.17,0.97,6.3942,237271.27,375698.011
300586.SZ,20240709,6.05,6.17,5.9,6.14,6.12,0.02,0.3268,55871.03,33865.746
688009.SH,20240709,6.05,6.39,5.99,6.35,6.06,0.29,4.7855,593008.85,369484.788
600649.SH,20240709,3.44,3.52,3.37,3.5,3.44,0.06,1.7442,397298.57,136975.895
002654.SZ,20240709,9.92,10.64,9.8,10.64,10.04,0.6,5.9761,599102.67,618901.706
002224.SZ,20240709,3.87,3.94,3.79,3.92,3.88,0.04,1.0309,49884.85,19298.985
000821.SZ,20240709,10.6,10.88,10.46,10.82,10.62,0.2,1.8832,100337.07,107299.956
600189.SH,20240709,6.3,6.36,6.05,6.3,6.29,0.01,0.159,74098.6,46143.393
000825.SZ,20240709,3.45,3.49,3.4,3.48,3.46,0.02,0.578,172166.77,59476.854
600480.SH,20240709,9.39,9.81,9.36,9.79,9.41,0.38,4.0383,126557.61,121644.855
601595.SH,20240709,18.57,19.58,18.19,19.28,18.52,0.76,4.1037,118169.17,224032.323
600363.SH,20240709,25.6,26.36,25.37,26.09,25.39,0.7,2.757,51840.35,134591.105
002355.SZ,20240709,4.29,4.5,4.13,4.43,4.16,0.27,6.4904,381377.53,164562.205
920735.BJ,20240709,22.35,22.35,21.7,22.29,22.34,-0.05,-0.2238,1152.59,2530.755
603580.SH,20240709,17,17.44,16.66,17.4,16.99,0.41,2.4132,53711.6,92058.243
600287.SH,20240709,3.42,3.42,3.42,3.42,3.6,-0.18,-5,166,56.772
688443.SH,20240709,30.8,31.2,29.12,30.55,30.8,-0.25,-0.8117,20795.16,62575.831
300539.SZ,20240709,7.31,7.55,7.15,7.54,7.35,0.19,2.585,35450,26147.329
000070.SZ,20240709,4.25,4.42,4.17,4.37,4.32,0.05,1.1574,213088.84,92002.413
601368.SH,20240709,3.93,4,3.86,3.99,3.96,0.03,0.7576,43232.15,17011.218
002287.SZ,20240709,19.08,19.08,18.48,18.95,18.97,-0.02,-0.1054,10554.3,19837.424
603399.SH,20240709,6.02,6.09,5.85,6.05,5.99,0.06,1.0017,74033,44357.63
300211.SZ,20240709,5.03,5.15,4.77,5.14,4.98,0.16,3.2129,40125,20115.264
300863.SZ,20240709,34.55,35.79,34.05,35.79,34.59,1.2,3.4692,20563.6,72671.442
600603.SH,20240709,4.97,4.99,4.78,4.93,4.95,-0.02,-0.404,160164.84,78212.116
688779.SH,20240709,4.36,4.44,4.23,4.43,4.36,0.07,1.6055,127462.72,55514.678
688609.SH,20240709,7.9,8.24,7.7,8.17,7.9,0.27,3.4177,144420.15,115369.385
600550.SH,20240709,5.03,5.29,4.99,5.24,5.05,0.19,3.7624,553095.55,286283.706
300042.SZ,20240709,18.35,18.44,17.52,18.28,18.11,0.17,0.9387,61052.75,110142.516
603171.SH,20240709,30,32.41,27.57,31.26,30.63,0.63,2.0568,256784.65,756902.639
600010.SH,20240709,1.41,1.42,1.4,1.42,1.4,0.02,1.4286,1117108.66,157603.416
603022.SH,20240709,6.76,6.9,6.55,6.86,6.76,0.1,1.4793,22579,15243.075
300279.SZ,20240709,3.91,4.09,3.82,4.06,3.95,0.11,2.7848,85431.6,33878.492
300774.SZ,20240709,6.2,6.31,6.06,6.27,6.22,0.05,0.8039,17882.01,11059.109
920061.BJ,20240709,11.98,12.29,11.73,12.2,11.98,0.22,1.8364,7018.05,8461.176
603055.SH,20240709,9.59,10.21,9.59,10.07,9.91,0.16,1.6145,85615,85943.162
603825.SH,20240709,8.43,8.59,8.07,8.57,8.42,0.15,1.7815,171815,143369.883
002761.SZ,20240709,7.54,7.69,7.39,7.64,7.57,0.07,0.9247,145441.12,109832.996
600900.SH,20240709,29.91,30.33,29.81,30.31,29.92,0.39,1.3035,857245.64,2582804.863
920175.BJ,20240709,8.05,8.1,7.91,8.08,7.98,0.1,1.2531,2297.01,1837.592
000518.SZ,20240709,1.98,2,1.92,1.99,1.98,0.01,0.5051,95354,18736.982
688716.SH,20240709,20.04,20.79,19.72,20.5,20.04,0.46,2.2954,6380.27,12916.118
000793.SZ,20240709,1.19,1.23,1.12,1.17,1.2,-0.03,-2.5,1254959.85,146826.181
001260.SZ,20240709,13.09,13.38,12.73,13.29,13,0.29,2.2308,11825,15486.243
300608.SZ,20240709,8.41,8.55,8.18,8.55,8.41,0.14,1.6647,61721.81,51840.153
002799.SZ,20240709,5.73,5.85,5.55,5.78,5.78,0,0,55048.68,31325.592
600249.SH,20240709,3.63,3.68,3.53,3.66,3.63,0.03,0.8264,52321.01,18900.579
300749.SZ,20240709,5,5.15,4.93,5.15,5.05,0.1,1.9802,27788.06,14066.956
600481.SH,20240709,4.29,4.31,4.14,4.26,4.3,-0.04,-0.9302,335361.66,141417.621
001322.SZ,20240709,6.93,7.01,6.76,6.93,6.91,0.02,0.2894,35650,24548.43
601121.SH,20240709,5.61,5.71,5.5,5.7,5.63,0.07,1.2433,27233.83,15312.583
600129.SH,20240709,27.6,28.08,26.95,27.93,27.71,0.22,0.7939,94602.78,260296.129
002429.SZ,20240709,4.57,4.71,4.48,4.71,4.28,0.43,10.0467,824643.02,384858.654
688670.SH,20240709,11.14,11.37,10.92,11.31,11.3,0.01,0.0885,7080.05,7868.133
300074.SZ,20240709,3.08,3.11,2.92,3.08,3.07,0.01,0.3257,157324.05,47509.712
301226.SZ,20240709,15.95,18.71,15.66,17.44,15.59,1.85,11.8666,70629.75,121723.975
600113.SH,20240709,7.59,7.73,7.46,7.71,7.63,0.08,1.0485,32365.4,24663.518
001258.SZ,20240709,6.87,6.99,6.56,6.91,6.94,-0.03,-0.4323,215186.76,145646.945
300040.SZ,20240709,5.34,5.52,5.19,5.49,5.35,0.14,2.6168,353774.98,189537.469
603169.SH,20240709,4.25,4.3,4.14,4.27,4.23,0.04,0.9456,72169,30558.475
301081.SZ,20240709,7.67,7.88,7.45,7.8,7.71,0.09,1.1673,90379.69,69740.778
000006.SZ,20240709,3.63,3.71,3.51,3.69,3.6,0.09,2.5,173812.5,62754.469
300084.SZ,20240709,5.02,5.11,4.78,5.08,4.99,0.09,1.8036,38872.8,19191.474
600640.SH,20240709,9.93,10.21,9.69,10.16,9.95,0.21,2.1106,60265,60005.69
920266.BJ,20240709,7.69,7.9,7.68,7.88,7.73,0.15,1.9405,3804.34,2967.668
603379.SH,20240709,37.8,38.74,36.85,38.64,37.63,1.01,2.684,72392.04,273119.798
300161.SZ,20240709,20.31,20.83,19.87,20.74,20.33,0.41,2.0167,34528.83,70460.661
600533.SH,20240709,1.88,1.91,1.83,1.89,1.87,0.02,1.0695,61414.8,11479.451
300888.SZ,20240709,24.62,25.21,24.51,25.09,24.63,0.46,1.8676,18170.2,45219.249
688349.SH,20240709,24.55,24.79,23.9,24.19,24.75,-0.56,-2.2626,20673.65,50315.851
002386.SZ,20240709,3.76,3.8,3.64,3.79,3.73,0.06,1.6086,56726.97,21194.126
002762.SZ,20240709,4.91,4.98,4.73,4.91,4.95,-0.04,-0.8081,44024,21350.737
002557.SZ,20240709,27.01,27.21,26.53,26.86,27.12,-0.26,-0.9587,40537.71,108834.715
605338.SH,20240709,13.2,13.68,12.98,13.59,13.25,0.34,2.566,18680,24880.021
920422.BJ,20240709,4.73,4.83,4.66,4.77,4.75,0.02,0.4211,2364.02,1116.922
601107.SH,20240709,5.14,5.25,5.06,5.23,5.16,0.07,1.3566,72730,37541.43
000058.SZ,20240709,5.12,5.23,4.99,5.19,5.15,0.04,0.7767,65381,33500.907
601127.SH,20240709,86.54,89.48,85.77,89.42,86.54,2.88,3.3279,439766.6,3864906.453
603918.SH,20240709,10.96,10.96,10.26,10.73,10.87,-0.14,-1.2879,216501.04,228459.875
601789.SH,20240709,3.48,3.52,3.39,3.51,3.48,0.03,0.8621,78177,27018.277
300256.SZ,20240709,1.81,1.83,1.71,1.82,1.83,-0.01,-0.5464,325504.51,58003.074
920455.BJ,20240709,3.65,3.84,3.64,3.81,3.79,0.02,0.5277,45143.38,17027.706
002184.SZ,20240709,8.51,8.6,8.24,8.58,8.47,0.11,1.2987,30981.77,26182.59
603363.SH,20240709,3.75,3.81,3.6,3.68,3.79,-0.11,-2.9024,227204.92,83976.986
600313.SH,20240709,5.45,5.48,5.27,5.41,5.45,-0.04,-0.7339,104747.44,56309.892
002833.SZ,20240709,16.9,17.18,16.46,17.11,16.77,0.34,2.0274,28276.01,47575.121
688319.SH,20240709,8.58,8.73,8.16,8.35,8.6,-0.25,-2.907,30979.91,25861.077
600338.SH,20240709,8.83,9.12,8.75,9.07,8.82,0.25,2.8345,182734,163901.231
000985.SZ,20240709,11.94,12.11,11.58,12.04,11.85,0.19,1.6034,11690,13926.241
600362.SH,20240709,24.07,24.54,23.87,24.54,24.15,0.39,1.6149,224536.97,545503.397
301078.SZ,20240709,5.08,5.08,4.87,5.05,5.07,-0.02,-0.3945,211202.04,105237.915
603985.SH,20240709,10.82,11.03,10.56,10.95,10.78,0.17,1.577,63038.91,68230.128
920682.BJ,20240709,4.59,4.68,4.48,4.68,4.61,0.07,1.5184,9059.24,4139.579
600808.SH,20240709,2,2.03,1.98,2.02,2.01,0.01,0.4975,240515.3,48216.383
600867.SH,20240709,8.12,8.17,7.99,8.14,8.06,0.08,0.9926,168021.09,135990.003
688531.SH,20240709,39.88,40.77,39,40.5,39.89,0.61,1.5292,10205.53,40840.834
300339.SZ,20240709,19.77,20.2,19.58,20.15,19.65,0.5,2.5445,206521.72,412254.06
300607.SZ,20240709,11.65,12.19,11.48,12.13,11.77,0.36,3.0586,116835.57,138532.251
600642.SH,20240709,9.06,9.26,9.01,9.24,9.07,0.17,1.8743,302406.03,276643.547
300117.SZ,20240709,1.12,1.18,1.11,1.14,1.11,0.03,2.7027,367967.6,41862.464
603815.SH,20240709,5.59,5.65,5.46,5.52,5.62,-0.1,-1.7794,34705,19232.379
002382.SZ,20240709,4.24,4.27,4.11,4.24,4.24,0,0,70177.88,29451.118
603276.SH,20240709,12.81,13.22,12.81,13.2,12.89,0.31,2.405,8910.87,11607.858
603787.SH,20240709,8.89,9.09,8.68,9.09,8.86,0.23,2.5959,31115,27729.468
300143.SZ,20240709,7.5,7.63,7.29,7.51,7.58,-0.07,-0.9235,64887,48623.589
301239.SZ,20240709,33.39,33.8,32.64,33.5,33.45,0.05,0.1495,14501,48219.502
003003.SZ,20240709,7.6,7.73,7.36,7.7,7.6,0.1,1.3158,21636.19,16384.661
600888.SH,20240709,6.89,7.11,6.87,7.09,6.9,0.19,2.7536,122305.14,85653.449
300499.SZ,20240709,10.11,10.51,9.97,10.5,10.05,0.45,4.4776,66943,68748.254
920906.BJ,20240709,9.2,9.61,9.1,9.43,9.2,0.23,2.5,5354.15,4987.33
603716.SH,20240709,5.45,5.54,5.18,5.48,5.48,0,0,66422,35582.256
002204.SZ,20240709,4.04,4.16,4.01,4.14,4.08,0.06,1.4706,130842.66,53529.409
688225.SH,20240709,10.56,10.79,10.2,10.74,10.62,0.12,1.1299,15206.11,15965.933
688277.SH,20240709,7.12,7.27,7.03,7.25,7.14,0.11,1.5406,23082.63,16565.155
688107.SH,20240709,20.09,21.41,20,21.34,20.09,1.25,6.222,46651.5,97314.394
688306.SH,20240709,3.78,3.88,3.7,3.86,3.77,0.09,2.3873,57511.35,21843.531
688236.SH,20240709,13.47,13.55,13.03,13.31,13.45,-0.14,-1.0409,14635.36,19433.624
688138.SH,20240709,19.74,21.05,19.5,20.96,19.8,1.16,5.8586,32805.84,67084.288
688223.SH,20240709,6.84,7.27,6.71,7.26,6.84,0.42,6.1404,496842.44,347040.067
688262.SH,20240709,14.74,15.88,14.74,15.84,14.88,0.96,6.4516,79522.39,122267.496
688238.SH,20240709,4.33,4.38,4.15,4.25,4.32,-0.07,-1.6204,52735.34,22394.689
688260.SH,20240709,12.85,13.96,12.85,13.92,13.13,0.79,6.0168,37808.88,51298.226
688071.SH,20240709,18.08,18.89,17.71,18.64,18.03,0.61,3.3833,15085.56,27624.816
688170.SH,20240709,20.27,20.85,20.06,20.77,20.19,0.58,2.8727,8288.88,17010.98
688198.SH,20240709,98.07,100.11,97.77,98.8,98.73,0.07,0.0709,1463.01,14522.865
688233.SH,20240709,17.2,18.3,17.18,18.28,17.22,1.06,6.1556,29849.45,53171.851
688231.SH,20240709,12.71,12.94,12.44,12.88,12.71,0.17,1.3375,10045.64,12779.232
688234.SH,20240709,44.47,47.66,44.3,47.25,45.02,2.23,4.9534,38121.98,176384.781
688257.SH,20240709,15.24,15.62,14.95,15.53,15.16,0.37,2.4406,11312.31,17479.676
688261.SH,20240709,37.74,39.48,37.2,39.28,37.92,1.36,3.5865,24839.75,96340.147
688147.SH,20240709,22.66,23.31,22.11,23.17,22.65,0.52,2.2958,22861.32,52276.979
688289.SH,20240709,17.11,17.31,16.8,17.17,17.26,-0.09,-0.5214,33526.81,57289.955
688299.SH,20240709,11.53,12.13,11.52,11.98,11.59,0.39,3.365,30281.43,36084.093
688109.SH,20240709,26.45,27.25,26.2,26.63,26.63,0,0,5692.25,15282.245
688096.SH,20240709,4.74,4.81,4.65,4.8,4.74,0.06,1.2658,10165.71,4811.531
688249.SH,20240709,14.57,15.12,14.53,15.08,14.66,0.42,2.8649,114630.86,170709.112
688027.SH,20240709,140.1,146,138.02,145.72,140.46,5.26,3.7448,15450.94,220183.942
688148.SH,20240709,3.96,4.02,3.83,3.97,3.97,0,0,55815.27,21941.906
688229.SH,20240709,25.09,26.44,24.98,26.37,25.6,0.77,3.0078,4325.99,11152.91
688131.SH,20240709,20.15,21.22,19.86,21.17,20.15,1.02,5.062,29088.98,59607.37
688311.SH,20240709,17.42,17.68,16.87,17.11,17.42,-0.31,-1.7796,39474.73,68064.44
688288.SH,20240709,13.79,14.13,13.25,14.07,13.72,0.35,2.551,37363.21,51400.319
688309.SH,20240709,11.6,11.75,11.21,11.72,11.41,0.31,2.7169,1940.23,2233.341
688297.SH,20240709,30,30.37,29.15,30.33,29.95,0.38,1.2688,29372.9,87788.201
688292.SH,20240709,14.36,14.64,13.88,14.55,14.35,0.2,1.3937,20906.92,29920.286
688283.SH,20240709,18.65,19.85,18.6,19.4,19.03,0.37,1.9443,17393.14,33563.475
300828.SZ,20240709,10.63,10.91,10.26,10.91,10.47,0.44,4.2025,25184.15,26705.434
601901.SH,20240709,7.41,7.67,7.39,7.64,7.41,0.23,3.1039,706465.78,531967.91
601717.SH,20240709,13.78,14.35,13.66,14.22,13.76,0.46,3.343,156198.34,219307.128
600778.SH,20240709,3.85,3.85,3.63,3.75,3.72,0.03,0.8065,31441,11697.373
002889.SZ,20240709,14.83,15.49,14.76,15.43,14.82,0.61,4.1161,73321.6,111240.504
603392.SH,20240709,65.18,65.86,64.65,65.63,65.3,0.33,0.5054,17099.87,111924.143
688498.SH,20240709,122,129.88,120,127.5,123.2,4.3,3.4903,27588.67,343929.842
002797.SZ,20240709,4.8,4.91,4.75,4.89,4.79,0.1,2.0877,300329.35,145214.211
002839.SZ,20240709,3.94,4.03,3.91,4.01,3.94,0.07,1.7766,220338,87365.057
603291.SH,20240709,11.7,12,11.5,11.98,11.78,0.2,1.6978,9533,11223.81
600958.SH,20240709,7.29,7.42,7.19,7.4,7.29,0.11,1.5089,308249.68,225581.676
603238.SH,20240709,9.47,9.54,9.1,9.46,9.39,0.07,0.7455,12508,11733.002
002987.SZ,20240709,9.7,9.93,9.55,9.86,9.7,0.16,1.6495,68758.96,67212.88
300637.SZ,20240709,7.88,8.78,7.71,8.67,8.61,0.06,0.6969,308147.73,256535.824
300541.SZ,20240709,8.07,8.3,7.9,8.25,8.11,0.14,1.7263,89522.4,72743.904
600051.SH,20240709,5.03,5.08,4.91,5.06,5.03,0.03,0.5964,18701.2,9368.723
601699.SH,20240709,17.32,17.53,17.06,17.49,17.38,0.11,0.6329,153195.8,264828.108
600569.SH,20240709,1.46,1.46,1.4,1.45,1.44,0.01,0.6944,60962.76,8726.727
603050.SH,20240709,23.53,23.89,23.23,23.41,23.5,-0.09,-0.383,40075.95,94309.206
300729.SZ,20240709,14.04,14.39,13.82,14.32,14.13,0.19,1.3447,33874.62,47849.711
603536.SH,20240709,7.66,7.7,7.25,7.55,7.73,-0.18,-2.3286,111009.56,82752.876
300026.SZ,20240709,3.07,3.12,3.03,3.1,3.07,0.03,0.9772,259658.25,79960.48
300299.SZ,20240709,3.4,3.45,3.31,3.44,3.4,0.04,1.1765,99611.76,33783.312
301220.SZ,20240709,24.21,24.88,23.74,24.69,24.23,0.46,1.8985,9228,22463.779
002124.SZ,20240709,2,2.03,1.96,2.01,1.96,0.05,2.551,408201.69,81680.102
000546.SZ,20240709,3.85,3.91,3.73,3.86,3.87,-0.01,-0.2584,96039,36621.525
300380.SZ,20240709,14.9,15.43,14.49,15.34,15.15,0.19,1.2541,56886.5,84870.006
300218.SZ,20240709,13.28,13.86,13,13.84,13.3,0.54,4.0602,35059.3,47152.139
000705.SZ,20240709,6.99,7.05,6.75,7.01,6.97,0.04,0.5739,74611,51520.157
002973.SZ,20240709,8.54,8.62,8.28,8.62,8.53,0.09,1.0551,12286.16,10393.592
688363.SH,20240709,58.52,60.15,58.11,59.9,58.5,1.4,2.3932,16880.74,100030.883
002997.SZ,20240709,32.1,33,31.5,33,32.25,0.75,2.3256,44966.4,145931.206
301283.SZ,20240709,25.94,26.65,25.65,26.65,25.96,0.69,2.6579,6424.73,16821.481
002729.SZ,20240709,8.46,8.68,8.25,8.65,8.44,0.21,2.4882,51895.38,44151.144
603823.SH,20240709,9.26,9.9,9.11,9.64,9.26,0.38,4.1037,100326.17,95202.894
002542.SZ,20240709,1.45,1.47,1.41,1.46,1.46,0,0,212441.5,30583.159
603558.SH,20240709,9.63,9.71,9.45,9.65,9.63,0.02,0.2077,30607,29304.633
001201.SZ,20240709,16.39,16.59,15.71,15.88,16.61,-0.73,-4.3949,63234.45,101125.754
600165.SH,20240709,1.86,2,1.84,2,1.9,0.1,5.2632,314167.32,60656.973
688426.SH,20240709,15.66,15.66,14.81,15.11,15.5,-0.39,-2.5161,6104.5,9263.427
603216.SH,20240709,8.75,8.9,8.65,8.87,8.79,0.08,0.9101,8305,7311.855
688029.SH,20240709,57.82,59.96,57.6,59.61,58.11,1.5,2.5813,14830.95,87452.415
920527.BJ,20240709,6.55,6.78,6.51,6.74,6.6,0.14,2.1212,2068.35,1371.776
300651.SZ,20240709,12.15,12.6,11.9,12.35,12.35,0,0,30162.58,36798.283
300951.SZ,20240709,27.31,32.66,27.07,32.66,27.22,5.44,19.9853,106442.26,324151.843
300564.SZ,20240709,8.16,8.17,7.8,8.11,8.09,0.02,0.2472,11791.38,9445.17
002961.SZ,20240709,10.37,10.64,10.15,10.56,10.36,0.2,1.9305,22891.1,23845.067
688358.SH,20240709,23.52,24.17,23.22,23.99,23.49,0.5,2.1286,5146.84,12228.17
300935.SZ,20240709,14.73,15.05,14.1,14.97,14.73,0.24,1.6293,11316.7,16526.591
002842.SZ,20240709,5.1,5.2,4.95,5.2,5.09,0.11,2.1611,42231.53,21531.899
600765.SH,20240709,17.86,18.3,17.58,18.16,18,0.16,0.8889,227175.72,407701.626
600821.SH,20240709,5,5.14,4.93,5.1,5.04,0.06,1.1905,125767.65,63431.864
000089.SZ,20240709,6.36,6.52,6.33,6.5,6.33,0.17,2.6856,158323.3,101930.855
000584.SZ,20240709,1.25,1.3,1.22,1.23,1.28,-0.05,-3.9063,238444.25,29598.716
603335.SH,20240709,3.92,3.99,3.8,3.98,3.91,0.07,1.7903,33082.69,12922.419
301102.SZ,20240709,11.29,11.39,10.83,11.26,11.2,0.06,0.5357,26887.65,29859.245
300547.SZ,20240709,15.16,16.09,15.16,16.09,15.2,0.89,5.8553,54586.18,85407.891
301313.SZ,20240709,18.8,19.25,18.16,19.19,18.9,0.29,1.5344,26801.48,50286.759
600191.SH,20240709,4.82,4.94,4.8,4.92,4.87,0.05,1.0267,30168.88,14725.188
000695.SZ,20240709,7.8,7.97,7.69,7.88,7.81,0.07,0.8963,6581.58,5166.6
603956.SH,20240709,4.9,4.93,4.72,4.88,4.93,-0.05,-1.0142,32371,15620.8
300853.SZ,20240709,12.85,12.92,12.24,12.78,12.78,0,0,17572.3,22144.018
000066.SZ,20240709,8.25,8.47,8.18,8.44,8.28,0.16,1.9324,220158.79,183580.265
603533.SH,20240709,16.93,17.25,16.37,17.2,16.75,0.45,2.6866,130150.2,219526.441
920961.BJ,20240709,8.43,8.63,8.23,8.5,8.42,0.08,0.9501,6306.05,5331.942
600350.SH,20240709,8.91,9.1,8.84,9.04,8.9,0.14,1.573,102888.11,92357.409
301319.SZ,20240709,26.08,27.56,25.65,27.52,26.18,1.34,5.1184,12651.12,34003.589
603318.SH,20240709,5.52,5.57,5.38,5.56,5.54,0.02,0.361,35043.01,19247.78
002626.SZ,20240709,13.6,13.85,13.31,13.8,13.71,0.09,0.6565,65317.07,88640.413
000981.SZ,20240709,1.32,1.33,1.28,1.31,1.32,-0.01,-0.7576,295633.35,38513.656
300231.SZ,20240709,6.92,7.11,6.73,7.09,6.91,0.18,2.6049,73592.6,51033.445
300716.SZ,20240709,7.1,8,7,7.7,7.27,0.43,5.9147,179217.05,134602.298
920039.BJ,20240709,4.93,4.98,4.83,4.95,4.94,0.01,0.2024,2666.87,1309.644
600696.SH,20240709,6.2,6.29,6.06,6.2,6.26,-0.06,-0.9585,49526.12,30563.765
920489.BJ,20240709,5.87,6.08,5.77,6.08,5.87,0.21,3.5775,19136.27,11328.461
300220.SZ,20240709,7,7.16,6.77,7.12,7.02,0.1,1.4245,35784,24997.097
603788.SH,20240709,11.04,11.65,11.04,11.64,11.19,0.45,4.0214,25205,28742.307
002613.SZ,20240709,3.37,3.4,3.29,3.39,3.35,0.04,1.194,75426.8,25334.352
603993.SH,20240709,8.92,9.11,8.83,9.09,8.92,0.17,1.9058,1327437.07,1193707.02
002035.SZ,20240709,6.13,6.22,5.98,6.22,6.11,0.11,1.8003,218806.18,133546.907
600698.SH,20240709,3.57,3.63,3.45,3.55,3.59,-0.04,-1.1142,196725.18,69466.167
002327.SZ,20240709,10.11,10.21,9.9,10.07,10.1,-0.03,-0.297,33876.16,33973.414
600397.SH,20240709,1.81,1.83,1.75,1.8,1.81,-0.01,-0.5525,94259,16755.442
002843.SZ,20240709,12.66,12.7,12.03,12.28,12.75,-0.47,-3.6863,105340.82,129851.434
002857.SZ,20240709,11.01,11.39,10.77,11.35,11.01,0.34,3.0881,183799.77,204769.15
002906.SZ,20240709,24.74,26.48,24.68,26.28,24.62,1.66,6.7425,96404.4,248030.717
688627.SH,20240709,38.12,39,37,38.8,37.45,1.35,3.6048,9482.42,36181.326
300906.SZ,20240709,18.5,19.09,18.07,19.01,18.5,0.51,2.7568,12510,23365.54
300357.SZ,20240709,19.07,19.19,18.54,18.9,19.06,-0.16,-0.8395,74932.43,141551.588
920087.BJ,20240709,5.81,5.92,5.64,5.87,5.81,0.06,1.0327,6670.9,3868.193
688366.SH,20240709,57.87,58.6,56.5,58.15,57.58,0.57,0.9899,4022.36,23216.911
002966.SZ,20240709,7.29,7.41,7.23,7.39,7.27,0.12,1.6506,341303.78,249737.167
002179.SZ,20240709,35.5,36.43,35.42,36.19,35.63,0.56,1.5717,60195.51,217099.048
301486.SZ,20240709,38.5,42.67,38.2,42.54,38.7,3.84,9.9225,50782.08,208229.247
600351.SH,20240709,5.58,5.65,5.46,5.64,5.58,0.06,1.0753,71649.9,39898.054
000636.SZ,20240709,12.16,12.9,12.15,12.89,12.21,0.68,5.5692,206759.73,260831.421
603333.SH,20240709,2.93,2.99,2.87,2.95,2.95,0,0,92659.02,27199.144
600271.SH,20240709,8.05,8.34,7.78,8.24,8.1,0.14,1.7284,437251.78,350665.948
688480.SH,20240709,24.66,25.89,24.6,25.63,24.87,0.76,3.0559,6459.25,16311.251
002284.SZ,20240709,6.36,6.59,6.25,6.59,6.28,0.31,4.9363,139827.26,89971.407
920395.BJ,20240709,6.64,6.74,6.47,6.66,6.56,0.1,1.5244,7230.73,4787.233
000820.SZ,20240709,2.22,2.23,2.1,2.17,2.27,-0.1,-4.4053,203453,43666.007
300343.SZ,20240709,4.58,4.7,4.55,4.68,4.6,0.08,1.7391,112067.94,51986.172
603021.SH,20240709,2.5,2.58,2.4,2.48,2.55,-0.07,-2.7451,77029,19018.782
002980.SZ,20240709,20.68,21.1,19.97,20.9,21.51,-0.61,-2.8359,29583.17,60610.039
002073.SZ,20240709,7.21,7.71,7.12,7.67,7.16,0.51,7.1229,247556,185182.46
300017.SZ,20240709,7.38,7.63,7.26,7.58,7.54,0.04,0.5305,749133.16,557691.731
688657.SH,20240709,33.32,34.27,32.98,34.1,33.44,0.66,1.9737,2567.2,8642.066
002935.SZ,20240709,10.43,10.89,10.27,10.83,10.47,0.36,3.4384,34213.47,36237.485
300045.SZ,20240709,16.72,17.37,16.55,17.26,16.74,0.52,3.1063,211066.72,361916.705
603813.SH,20240709,8.93,9.2,8.67,9.18,9.01,0.17,1.8868,10910,9780.256
002558.SZ,20240709,8.9,9.14,8.84,9.1,8.92,0.18,2.0179,292510.32,263601.457
301058.SZ,20240709,9.03,9.19,8.75,9.17,9.13,0.04,0.4381,66248.74,59564.477
002436.SZ,20240709,9.38,9.76,9.28,9.72,9.35,0.37,3.9572,418796.68,400488.018
000930.SZ,20240709,4.95,4.98,4.77,4.87,4.96,-0.09,-1.8145,188960.99,91806.312
688516.SH,20240709,38.8,39.32,37.75,38.61,38.9,-0.29,-0.7455,66887.54,257885.263
002346.SZ,20240709,7.24,7.41,7.15,7.39,7.24,0.15,2.0718,10769,7860.066
600289.SH,20240709,1.18,1.24,1.18,1.24,1.19,0.05,4.2017,16607,2015.24
601212.SH,20240709,2.78,2.83,2.73,2.82,2.79,0.03,1.0753,492676,137053.815
688667.SH,20240709,36.23,37.99,36.23,37.8,36.5,1.3,3.5616,2606.34,9690.956
300973.SZ,20240709,25.44,25.88,24.57,25.35,25.45,-0.1,-0.3929,26586.6,66770.247
301218.SZ,20240709,22.65,22.96,21.78,22.96,22.71,0.25,1.1008,94874.79,212271.164
600889.SH,20240709,5.1,5.57,4.98,5.39,5.19,0.2,3.8536,384821.83,199811.637
688108.SH,20240709,8.62,8.72,8.28,8.59,8.57,0.02,0.2334,38668.84,32917.012
688113.SH,20240709,25.73,26.99,25.57,26.65,25.8,0.85,3.2946,2022.31,5281.338
688203.SH,20240709,8.11,8.13,7.81,8.1,8,0.1,1.25,9591.13,7680.119
688101.SH,20240709,10.85,11.19,10.67,11.15,10.85,0.3,2.765,7743.45,8463.477
688285.SH,20240709,6.14,6.3,6.14,6.27,6.16,0.11,1.7857,8815.08,5486.113
688208.SH,20240709,25.03,26.14,25.03,26.1,25.26,0.84,3.3254,77025.9,198098.2
688058.SH,20240709,19.35,19.66,18.74,19.54,19.22,0.32,1.6649,5156.38,9927.858
688067.SH,20240709,13.32,13.93,13.15,13.87,13.38,0.49,3.6622,6221.25,8433.213
688110.SH,20240709,17.8,18.49,17.63,18.36,17.86,0.5,2.7996,102460.89,185707.292
688255.SH,20240709,18.36,18.96,17.88,18.86,18.15,0.71,3.9118,8844.84,16336.327
688057.SH,20240709,9.34,9.62,9.27,9.57,9.39,0.18,1.9169,9347.62,8831.46
688085.SH,20240709,16.28,16.46,15.8,16.14,16.44,-0.3,-1.8248,9636.69,15414.196
688127.SH,20240709,16.53,17.68,16.05,17.47,16.15,1.32,8.1734,74411.04,126192.047
688313.SH,20240709,8.75,9.3,8.67,9.28,8.75,0.53,6.0571,93533.04,84689.268
688097.SH,20240709,18.86,21.1,18.42,20.8,18.8,2,10.6383,62276.66,125023.521
688232.SH,20240709,18.52,19.04,18.06,18.81,18.64,0.17,0.912,13640.41,25314.886
688177.SH,20240709,20.12,20.28,19.53,19.84,20.12,-0.28,-1.3917,32033.15,63647.79
688282.SH,20240709,21.59,22.37,21.46,22.18,21.99,0.19,0.864,2875.86,6309.698
688182.SH,20240709,11.38,11.96,11.23,11.94,11.33,0.61,5.3839,48215.54,56436.817
688279.SH,20240709,98.68,100.88,96.5,99.61,97.87,1.74,1.7779,7076.53,70248.141
688102.SH,20240709,8.12,8.56,8.1,8.56,8.2,0.36,4.3902,75242.94,63188.069
688072.SH,20240709,111.65,115.79,110.24,114.82,111.92,2.9,2.5911,28462.47,323438.971
688151.SH,20240709,11.32,11.62,11.11,11.6,11.32,0.28,2.4735,11099.52,12656.58
688089.SH,20240709,12.45,12.77,12.11,12.73,12.48,0.25,2.0032,28291.95,35319.211
688090.SH,20240709,29.96,30,28.2,29.58,29.52,0.06,0.2033,16846.4,48893.718
688100.SH,20240709,34.83,36.15,34.1,35.84,34.63,1.21,3.4941,13492.29,47879.557
688119.SH,20240709,3.22,3.22,3.1,3.2,3.18,0.02,0.6289,30559.47,9653.641
688106.SH,20240709,17.12,17.69,17.02,17.66,17.18,0.48,2.7939,30420.44,53174.943
688227.SH,20240709,11.13,11.33,10.84,11.32,11.09,0.23,2.0739,7397.87,8211.02
688215.SH,20240709,22.2,22.34,21.2,22.28,22.39,-0.11,-0.4913,4094.51,8929.598
688218.SH,20240709,15.01,15.42,14.53,15.41,14.98,0.43,2.8705,29829.4,44716.376
688172.SH,20240709,15.29,15.82,15.14,15.8,15.26,0.54,3.5387,25232.4,39206.301
688103.SH,20240709,34.3,36.06,33.61,35.44,34.5,0.94,2.7246,21711.78,75657.239
688099.SH,20240709,57.03,60.8,56.61,60.32,57.26,3.06,5.344,54721.74,325580.98
688065.SH,20240709,43.11,44.38,43.11,44.16,43.69,0.47,1.0758,12345.08,54234.429
688259.SH,20240709,35.59,36.99,35.04,36.83,35.4,1.43,4.0395,14252.16,51430.296
688286.SH,20240709,41,42.79,40.39,42.79,41.08,1.71,4.1626,16346.77,68393.408
688220.SH,20240709,34.18,35.68,33.9,35.68,34.24,1.44,4.2056,26651.51,92879.298
688183.SH,20240709,19.6,20.78,18.16,20.48,19.66,0.82,4.1709,191723.91,380440.976
688295.SH,20240709,19.22,19.77,19.16,19.7,19.5,0.2,1.0256,11677.03,22779.16
688291.SH,20240709,15.56,16.3,15.3,16.18,15.48,0.7,4.522,6662.35,10552.522
601228.SH,20240709,3.04,3.1,3.02,3.09,3.05,0.04,1.3115,211861.69,64806.481
000707.SZ,20240709,6.66,6.86,6.61,6.85,6.68,0.17,2.5449,52381.96,35310.94
920145.BJ,20240709,4.47,4.55,4.42,4.45,4.45,0,0,1091.06,486.468
603538.SH,20240709,11.9,12.24,11.81,12.07,12.03,0.04,0.3325,38775.99,46653.666
300242.SZ,20240709,1.86,1.92,1.83,1.92,1.97,-0.05,-2.5381,624633.87,117464.389
688401.SH,20240709,23,24.03,22.82,23.68,23.11,0.57,2.4665,23081.82,54443.118
300239.SZ,20240709,4.65,4.68,4.48,4.68,4.65,0.03,0.6452,48499.26,22262.521
300839.SZ,20240709,5.41,5.47,5.17,5.37,5.4,-0.03,-0.5556,39875.55,21185.072
920879.BJ,20240709,7.32,7.42,7.1,7.28,7.35,-0.07,-0.9524,5302.16,3830.744
688659.SH,20240709,5.29,5.43,5.11,5.36,5.26,0.1,1.9011,31451.91,16587.518
601168.SH,20240709,18.68,19.41,18.66,19.38,18.73,0.65,3.4704,352897.91,674266.139
600863.SH,20240709,4.74,4.85,4.69,4.85,4.71,0.14,2.9724,892718.21,426800.687
300799.SZ,20240709,2.7,2.82,2.46,2.5,2.57,-0.07,-2.7237,82643.18,21628.275
688552.SH,20240709,14.58,14.94,14.41,14.82,14.67,0.15,1.0225,14122.11,20774.116
605008.SH,20240709,12.08,12.25,11.82,12.2,12.05,0.15,1.2448,7975.02,9613.821
600513.SH,20240709,7.97,8.05,7.78,8.04,7.98,0.06,0.7519,45637.53,36217.535
688607.SH,20240709,11.3,11.56,11.05,11.38,11.31,0.07,0.6189,8054.82,9093.46
603311.SH,20240709,8.54,8.65,8.32,8.57,8.67,-0.1,-1.1534,37158.04,31497.706
300483.SZ,20240709,7.16,7.25,6.91,7.23,7.18,0.05,0.6964,34167.99,24259.875
300881.SZ,20240709,25.88,27.38,25.67,27.1,26.37,0.73,2.7683,48133.73,128710.125
002363.SZ,20240709,5.44,5.64,5.34,5.63,5.43,0.2,3.6832,62045.3,34273.008
002455.SZ,20240709,8.5,8.81,8.33,8.74,8.94,-0.2,-2.2371,636647.72,544564.769
600738.SH,20240709,3.75,3.85,3.69,3.82,3.8,0.02,0.5263,108158,40824.548
300285.SZ,20240709,16.59,16.68,16.22,16.48,16.61,-0.13,-0.7827,97076,160130.336
300663.SZ,20240709,9.43,9.76,9.22,9.72,9.55,0.17,1.7801,101413.23,96398.029
603068.SH,20240709,20.9,22.22,20.7,22.18,20.8,1.38,6.6346,75964.96,164368.63
301376.SZ,20240709,19.52,19.88,19.02,19.69,19.54,0.15,0.7677,17854.88,34800.658
002347.SZ,20240709,3.51,3.57,3.39,3.55,3.54,0.01,0.2825,82864,28917.437
300208.SZ,20240709,1.38,1.42,1.35,1.38,1.38,0,0,86875.35,11962.457
002012.SZ,20240709,3.02,3.09,2.96,3.08,3.02,0.06,1.9868,71471.03,21704.185
000065.SZ,20240709,9.61,9.87,9.54,9.81,9.68,0.13,1.343,60547.72,58897.705
002392.SZ,20240709,3.07,3.11,3.01,3.1,3.06,0.04,1.3072,102271.2,31418.194
002962.SZ,20240709,14.01,14.96,13.86,14.95,14.01,0.94,6.7095,177167.68,257702.8
002923.SZ,20240709,9.15,9.18,8.8,9.18,9.14,0.04,0.4376,18322.02,16496.053
300797.SZ,20240709,8.67,8.93,8.56,8.9,8.74,0.16,1.8307,25621.5,22425.516
601006.SH,20240709,7.22,7.22,7.14,7.18,7.2,-0.02,-0.2778,696998.92,500400.194
000027.SZ,20240709,7.12,7.3,7.03,7.3,7.13,0.17,2.3843,232209.37,166690.968
002328.SZ,20240709,4.61,4.74,4.56,4.7,4.66,0.04,0.8584,58372.04,27115.781
300805.SZ,20240709,6.25,7.18,6.25,6.78,5.98,0.8,13.3779,283302.93,196642.63
688432.SH,20240709,9.03,9.52,9.03,9.48,9.11,0.37,4.0615,30769.79,28759.923
688633.SH,20240709,19.13,20.79,18.83,20.4,18.91,1.49,7.8794,18392.68,36567.297
301510.SZ,20240709,25.08,26.1,24.85,25.96,25.11,0.85,3.3851,18175.96,46598.204
000963.SZ,20240709,26.38,26.82,25.96,26.8,26.5,0.3,1.1321,127674.4,337128.381
000753.SZ,20240709,2.8,2.81,2.69,2.77,2.79,-0.02,-0.7168,95667,26241.757
920167.BJ,20240709,13.87,14.23,13.51,14.11,13.75,0.36,2.6182,12503.89,17395.53
600272.SH,20240709,8.56,8.6,8.27,8.58,8.56,0.02,0.2336,28562,24137.079
603997.SH,20240709,9.85,10.09,9.62,9.91,9.87,0.04,0.4053,117064.49,115592.713
603855.SH,20240709,20.69,21.13,20.6,20.99,20.8,0.19,0.9135,11301,23624.587
603337.SH,20240709,25.51,25.9,25,25.78,25.54,0.24,0.9397,22326,56831.351
600853.SH,20240709,3,3.06,2.93,3.06,3.02,0.04,1.3245,108491.76,32534.837
920642.BJ,20240709,6.2,6.36,5.9,6.26,6.19,0.07,1.1309,17068.8,10438.428
301539.SZ,20240709,22.08,22.77,21,22.51,22.03,0.48,2.1788,54786.84,119681.621
600966.SH,20240709,4.57,4.69,4.51,4.66,4.57,0.09,1.9694,85828.42,39504.895
920271.BJ,20240709,9.51,9.84,9.17,9.57,9.42,0.15,1.5924,3958.41,3770.567
300711.SZ,20240709,14.71,15.53,14.55,15.5,14.86,0.64,4.3069,120649,182716.47
603179.SH,20240709,42,43.55,41.61,43.12,41.86,1.26,3.01,46954.98,200651.121
688697.SH,20240709,14.38,14.76,14.05,14.66,14.3,0.36,2.5175,16570.73,23989.085
600515.SH,20240709,3.18,3.21,3.14,3.19,3.18,0.01,0.3145,204954.88,65250.258
000995.SZ,20240709,7.46,7.56,7.22,7.52,7.51,0.01,0.1332,33475.93,24729.704
002091.SZ,20240709,6.62,6.76,6.52,6.73,6.64,0.09,1.3554,61943.9,41232.296
002634.SZ,20240709,3.42,3.48,3.3,3.42,3.43,-0.01,-0.2915,37416,12715.979
603260.SH,20240709,44.2,45.28,44.02,45.28,44.37,0.91,2.0509,14222.78,63775.397
002676.SZ,20240709,4.23,4.32,4.16,4.28,4.19,0.09,2.148,165466.81,70165.42
600284.SH,20240709,5.22,5.31,5.14,5.3,5.2,0.1,1.9231,80373.6,42086.502
300080.SZ,20240709,2.8,2.84,2.71,2.8,2.8,0,0,112732,31416.366
688630.SH,20240709,53.27,55.51,52.15,55,53.27,1.73,3.2476,29258.77,157840.958
300283.SZ,20240709,4.59,4.75,4.42,4.67,4.63,0.04,0.8639,277599.69,127172.172
000819.SZ,20240709,16.11,16.56,16,16.37,16.29,0.08,0.4911,32820,53440.828
600495.SH,20240709,3.09,3.14,3.04,3.14,3.1,0.04,1.2903,67909.59,20980.205
300105.SZ,20240709,6.04,6.24,6.01,6.23,6.02,0.21,3.4884,93356.04,57458.853
688347.SH,20240709,35.35,37.23,35.33,37.04,35.39,1.65,4.6623,122671.24,448830.125
600327.SH,20240709,3.29,3.3,3.2,3.28,3.27,0.01,0.3058,76973.56,25026.025
603012.SH,20240709,4.16,4.25,4.07,4.24,4.15,0.09,2.1687,81554.19,34017.33
300887.SZ,20240709,7.51,7.82,7.18,7.46,7.73,-0.27,-3.4929,243572.38,180971.015
603967.SH,20240709,8.67,8.78,8.49,8.72,8.64,0.08,0.9259,36264.9,31408.151
000932.SZ,20240709,4.45,4.49,4.37,4.44,4.45,-0.01,-0.2247,398954.41,176868.989
301221.SZ,20240709,33.3,35.43,33.11,34.72,32.82,1.9,5.7892,46529.88,159079.464
002238.SZ,20240709,7.42,7.57,7.21,7.55,7.42,0.13,1.752,61670.16,45688.623
603139.SH,20240709,12.08,12.14,11.66,12.11,12.07,0.04,0.3314,11556,13769.274
300438.SZ,20240709,17.33,17.75,17.1,17.65,17.34,0.31,1.7878,92700.53,161398.222
601568.SH,20240709,3.7,3.7,3.59,3.68,3.67,0.01,0.2725,90338.98,33009.378
002875.SZ,20240709,9.82,10.05,9.56,10,9.87,0.13,1.3171,61030.5,59924.041
603128.SH,20240709,5.43,5.56,5.34,5.52,5.42,0.1,1.845,142782,77917.894
001872.SZ,20240709,21,21.62,20.9,21.46,21.1,0.36,1.7062,44074,93879.305
688652.SH,20240709,38.65,40.63,38.65,40.34,38.79,1.55,3.9959,18434.79,73519.43
000428.SZ,20240709,2.87,2.89,2.76,2.88,2.86,0.02,0.6993,91704,25954.697
600572.SH,20240709,4.38,4.48,4.36,4.46,4.39,0.07,1.5945,254105.15,112376.304
301203.SZ,20240709,27.48,27.77,26.8,27.65,27.43,0.22,0.802,2976.4,8141.221
600012.SH,20240709,14.26,14.87,14.15,14.73,14.2,0.53,3.7324,68639.65,99659.71
605377.SH,20240709,13,13.15,12.66,13.07,12.81,0.26,2.0297,61859.55,79972.065
603933.SH,20240709,11.79,12.67,11.79,12.64,11.95,0.69,5.7741,46155,56962.339
688598.SH,20240709,16.85,16.97,16.26,16.52,16.85,-0.33,-1.9585,89547.1,147890.924
603289.SH,20240709,7.59,7.86,7.54,7.85,7.63,0.22,2.8834,30944.7,23855.277
301236.SZ,20240709,32.87,34.09,32.7,33.98,32.95,1.03,3.1259,262881.92,880195.545
600028.SH,20240709,6.51,6.57,6.45,6.54,6.5,0.04,0.6154,1395908.15,909336.093
000090.SZ,20240709,3.96,4,3.9,3.99,3.96,0.03,0.7576,148448.3,58767.582
300326.SZ,20240709,3.74,3.79,3.59,3.73,3.75,-0.02,-0.5333,82454.31,30497.052
002331.SZ,20240709,6.4,6.57,6.25,6.55,6.41,0.14,2.1841,99395.34,64047.771
000935.SZ,20240709,11.67,11.78,11.31,11.7,11.67,0.03,0.2571,35752,41342.892
001230.SZ,20240709,13.5,13.9,13.4,13.87,13.56,0.31,2.2861,8511.6,11630.492
300917.SZ,20240709,31.87,32.17,30.61,32.07,31.82,0.25,0.7857,88404,278176.016
000902.SZ,20240709,11.68,11.79,11.48,11.73,11.66,0.07,0.6003,60586.72,70522.424
600126.SH,20240709,4.02,4.11,3.96,4.1,4.03,0.07,1.737,151610.7,61253.772
000815.SZ,20240709,6.86,7,6.69,6.98,6.88,0.1,1.4535,102054.55,70076.621
300199.SZ,20240709,10.03,10.19,9.77,10.1,10.03,0.07,0.6979,153836.85,153934.721
601298.SH,20240709,9.6,9.9,9.58,9.89,9.61,0.28,2.9136,121899,119214.907
920579.BJ,20240709,11.9,12.27,11.81,12.11,11.85,0.26,2.1941,8530.91,10304.566
002081.SZ,20240709,2.92,2.96,2.86,2.94,2.93,0.01,0.3413,140901.5,41040.307
601225.SH,20240709,26.4,26.7,25.9,26.61,26.4,0.21,0.7955,219526.09,579552.669
000782.SZ,20240709,4.24,4.3,4.18,4.29,4.25,0.04,0.9412,36311,15415.564
301488.SZ,20240709,47.01,49.12,46.8,48.6,46.2,2.4,5.1948,17905.6,85704.925
603208.SH,20240709,17.78,17.84,17,17.41,17.78,-0.37,-2.081,17614.01,30514.926
300530.SZ,20240709,15.68,15.89,14.95,15.88,15.66,0.22,1.4049,24238,37445.774
603181.SH,20240709,8.81,8.96,8.62,8.91,8.83,0.08,0.906,18372.7,16174.072
301390.SZ,20240709,29.9,31.3,29.6,31.1,29.65,1.45,4.8904,10504.8,32142.857
002850.SZ,20240709,72.41,75.3,72.41,74.85,73.33,1.52,2.0728,27618.78,203548.606
300410.SZ,20240709,4.71,4.83,4.56,4.8,4.71,0.09,1.9108,97627.85,46070.618
688077.SH,20240709,14.62,15.25,14.26,15.22,14.62,0.6,4.104,14269.52,21156.515
688095.SH,20240709,39.67,41,38.83,40.74,39.85,0.89,2.2334,16427.31,65649.496
688315.SH,20240709,10.34,10.39,9.94,10.02,10.34,-0.32,-3.0948,41821.13,42236.543
688296.SH,20240709,8.84,9.11,8.61,9.04,8.82,0.22,2.4943,19053.89,16918.582
688187.SH,20240709,53.79,55.49,53.25,55.15,53.55,1.6,2.9879,69131.88,380385.181
688308.SH,20240709,17.33,18.02,16.91,17.75,17.33,0.42,2.4235,17029.88,29812.731
688080.SH,20240709,27.27,28.28,26.57,28.12,26.97,1.15,4.264,11111.94,30777.692
688084.SH,20240709,40.61,42.3,40.37,41.71,41.43,0.28,0.6758,3781.55,15601.198
688272.SH,20240709,14.74,14.86,14.25,14.72,14.5,0.22,1.5172,6302.12,9205.257
688213.SH,20240709,47.62,52.05,47.6,51.19,48.49,2.7,5.5682,45598.64,230736.625
688169.SH,20240709,375.74,378,369.44,374.6,380.2,-5.6,-1.4729,10984.75,409956.738
688266.SH,20240709,51.7,52.62,50.93,51.82,51.96,-0.14,-0.2694,13527.23,69958.843
688157.SH,20240709,32.53,37,32.47,35.96,32.87,3.09,9.4007,18744.2,65778.852
688112.SH,20240709,25.25,25.77,24.83,25.4,25.31,0.09,0.3556,8848.02,22313.005
688028.SH,20240709,14.62,15.31,14.45,15.26,14.64,0.62,4.235,15543.63,23180.465
688050.SH,20240709,67.29,67.5,65.21,66.2,66.92,-0.72,-1.0759,19903.34,131557.647
688269.SH,20240709,23.1,23.42,22.32,23.15,23.1,0.05,0.2165,11963.28,27426.297
688122.SH,20240709,32.37,33.67,32.11,33.41,32.37,1.04,3.2129,64398.17,211789.191
688211.SH,20240709,23.83,23.85,23.08,23.73,23.8,-0.07,-0.2941,1640.29,3849.872
688192.SH,20240709,38.24,38.82,37.03,38.4,38.52,-0.12,-0.3115,15543.29,59108.219
688133.SH,20240709,14.87,15.16,14.54,15.06,14.89,0.17,1.1417,20911.11,31037.409
688268.SH,20240709,46.71,49.15,46.6,48.9,46.97,1.93,4.109,9661.2,46450.537
688316.SH,20240709,28.01,28.79,27.4,28.7,28.02,0.68,2.4268,7075.3,19944.397
688307.SH,20240709,19,20.04,18.65,19.96,18.9,1.06,5.6085,11369.61,22134.282
688152.SH,20240709,32.8,33.53,31.68,33.2,32.81,0.39,1.1887,10486.43,34192.929
688098.SH,20240709,3.98,4.02,3.86,3.99,3.97,0.02,0.5038,25163.64,9963.67
688267.SH,20240709,19.52,19.61,18.6,19.46,19.51,-0.05,-0.2563,6656.47,12731.143
688179.SH,20240709,9.2,9.4,9.09,9.39,9.17,0.22,2.3991,18891.96,17523.036
688228.SH,20240709,35.24,36.27,34.45,36.08,35.24,0.84,2.3837,11402.11,40391.808
688079.SH,20240709,6.74,7.05,6.63,7.03,6.68,0.35,5.2395,38805.96,26694.882
688205.SH,20240709,26.13,27.74,25.95,27.5,26.14,1.36,5.2028,17243.81,46425.698
688195.SH,20240709,22.39,23.8,22.02,23.57,22.34,1.23,5.5058,43305.93,100415.559
688185.SH,20240709,40.61,40.61,38.86,39.58,40.11,-0.53,-1.3214,12731.5,50306.61
688075.SH,20240709,32.49,33.19,31.88,33.07,32.4,0.67,2.0679,2858.54,9278.206
688126.SH,20240709,14.37,14.93,14.31,14.85,14.4,0.45,3.125,138771.59,203777.89
688171.SH,20240709,13.61,13.84,13,13.81,13.55,0.26,1.9188,13660.47,18526.606
688280.SH,20240709,3.8,3.86,3.68,3.84,3.81,0.03,0.7874,35503.8,13424.362
688181.SH,20240709,16.55,17.59,16.4,17.57,16.64,0.93,5.5889,22534.81,38617.574
688082.SH,20240709,86.1,89.26,85.98,88.89,86.11,2.78,3.2284,15703.08,137931.035
688026.SH,20240709,9.62,9.67,9.21,9.57,9.51,0.06,0.6309,17190,16281.285
688265.SH,20240709,21.59,21.71,20.76,21,21.54,-0.54,-2.507,2680.51,5654.978
000045.SZ,20240709,7.35,7.67,7.26,7.66,7.41,0.25,3.3738,45779.42,34334.839
603678.SH,20240709,22.31,23.18,22.31,23.08,22.56,0.52,2.305,36935.16,84267.234
600505.SH,20240709,10.34,10.55,9.7,10.36,10.31,0.05,0.485,287486,289726.452
600229.SH,20240709,6.6,6.79,6.57,6.77,6.67,0.1,1.4993,41740.93,28016.809
603306.SH,20240709,17.1,17.75,16.84,17.71,17.19,0.52,3.025,52142.92,90647.766
000635.SZ,20240709,5.7,5.74,5.51,5.73,5.7,0.03,0.5263,22218,12549.885
601360.SH,20240709,7.22,7.32,7.1,7.3,7.2,0.1,1.3889,463721.87,335327.953
600745.SH,20240709,26.26,29.01,26.25,29.01,26.37,2.64,10.0114,342685.34,956876.346
000691.SZ,20240709,3.46,3.49,3.33,3.48,3.42,0.06,1.7544,75020.56,25604.635
600009.SH,20240709,32.8,33.85,32.69,33.8,32.46,1.34,4.1282,172431.93,575582.499
300205.SZ,20240709,7.44,7.45,7.21,7.39,7.44,-0.05,-0.672,52626,38595.242
605090.SH,20240709,28.35,29.32,28.25,29.16,28.45,0.71,2.4956,47766.28,137699.338
600871.SH,20240709,1.71,1.75,1.69,1.75,1.71,0.04,2.3392,462063.76,79433.462
600008.SH,20240709,2.75,2.82,2.71,2.81,2.75,0.06,2.1818,761984.32,210829.069
600925.SH,20240709,5.05,5.13,5.03,5.12,5.05,0.07,1.3861,71481.72,36349.535
920526.BJ,20240709,16.87,18.52,16.69,18.09,16.83,1.26,7.4866,33592.67,59217.388
002688.SZ,20240709,3.61,3.64,3.49,3.61,3.6,0.01,0.2778,83623,29841.926
920090.BJ,20240709,2.52,2.58,2.46,2.58,2.5,0.08,3.2,28634.32,7255.306
002149.SZ,20240709,12.92,13.25,12.92,13.23,13.02,0.21,1.6129,27017.42,35499.361
600764.SH,20240709,17.76,18.14,17.5,17.99,17.83,0.16,0.8974,25908.51,46229.034
300280.SZ,20240709,13.05,13.64,12.64,13.17,12.93,0.24,1.8561,157509.31,205699.217
002048.SZ,20240709,12.74,13.35,12.71,13.32,12.74,0.58,4.5526,57797.93,75501.907
000582.SZ,20240709,7.25,7.43,7.21,7.4,7.28,0.12,1.6484,67389.48,49375.637
603039.SH,20240709,30.05,30.4,29.27,30.15,30.03,0.12,0.3996,15426.2,46190.426
600161.SH,20240709,23.65,24,23.45,23.89,23.73,0.16,0.6743,76418.61,181565.848
002849.SZ,20240709,10.36,10.53,10,10.47,10.37,0.1,0.9643,34575,35707.004
600094.SH,20240709,3.45,3.49,3.29,3.43,3.46,-0.03,-0.8671,368717.64,125076.405
301046.SZ,20240709,18.24,18.56,17.67,18.52,18.22,0.3,1.6465,13798.41,25116.703
600839.SH,20240709,4.23,4.38,4.21,4.37,4.23,0.14,3.3097,880763.33,378899.827
603013.SH,20240709,12.45,12.96,12.42,12.96,12.56,0.4,3.1847,25384,32295.366
300086.SZ,20240709,3.65,3.65,3.42,3.54,3.62,-0.08,-2.2099,104379.41,36642.357
605162.SH,20240709,6.85,6.95,6.66,6.94,6.82,0.12,1.7595,39353,26844.373
002520.SZ,20240709,3.61,3.65,3.47,3.65,3.6,0.05,1.3889,124820.96,44680.624
603115.SH,20240709,9.85,10.13,9.83,10.13,9.88,0.25,2.5304,14417.37,14437.439
600941.SH,20240709,109.3,109.99,108.3,108.78,109.41,-0.63,-0.5758,82146.73,895296.177
300864.SZ,20240709,20.07,20.64,19.87,20.46,20.18,0.28,1.3875,8597.19,17476.244
603177.SH,20240709,6.92,7.05,6.69,6.98,6.89,0.09,1.3062,22719,15625.031
300215.SZ,20240709,5.02,5.16,4.91,5.14,5.01,0.13,2.5948,211197,106558.939
600298.SH,20240709,29.28,30.07,29.04,29.96,29.44,0.52,1.7663,69276.98,205107.668
603009.SH,20240709,16,16.61,15.6,16.52,15.88,0.64,4.0302,143692.9,231628.705
600815.SH,20240709,1.88,1.91,1.77,1.86,1.88,-0.02,-1.0638,129881.5,23830.659
603569.SH,20240709,6.55,6.6,6.33,6.59,6.53,0.06,0.9188,57452,37299.123
300792.SZ,20240709,14.5,14.99,14.1,14.85,14.6,0.25,1.7123,25955.01,37900.007
002979.SZ,20240709,19.25,19.98,18.75,19.98,19.42,0.56,2.8836,209878.2,409389.415
001300.SZ,20240709,10.49,10.67,10.25,10.62,10.45,0.17,1.6268,37037,38984.135
002008.SZ,20240709,19.43,20.71,19.29,20.62,19.55,1.07,5.4731,271963.41,549143.91
600874.SH,20240709,5.45,5.52,5.32,5.51,5.43,0.08,1.4733,77618.79,42110.261
601116.SH,20240709,7.65,7.73,7.45,7.68,7.66,0.02,0.2611,33570.49,25516.383
300549.SZ,20240709,15.33,15.65,14.5,15.58,15.55,0.03,0.1929,159072.49,239423.663
601958.SH,20240709,10.8,11.06,10.7,11.05,10.83,0.22,2.0314,176640.06,192788.579
300464.SZ,20240709,3.39,3.46,3.33,3.46,3.4,0.06,1.7647,50782,17239.495
301033.SZ,20240709,36.96,37.74,36.25,37.55,36.83,0.72,1.9549,4445,16438.216
601096.SH,20240709,3.93,4.02,3.86,4.01,3.96,0.05,1.2626,227058.24,89450.179
603613.SH,20240709,18.01,18.45,17.52,18.27,18.05,0.22,1.2188,133363.25,239479.609
603319.SH,20240709,16.1,16.34,15.93,16.29,16.01,0.28,1.7489,41468.1,66938.05
002055.SZ,20240709,6.75,7.59,6.73,7.32,6.9,0.42,6.087,939508.79,671684.212
300895.SZ,20240709,24.4,25.33,23.8,25.3,24.68,0.62,2.5122,33109.36,81642.556
300484.SZ,20240709,12.54,13.24,12.47,13.24,12.57,0.67,5.3302,111780,144398.897
300340.SZ,20240709,6.57,6.66,6.34,6.61,6.51,0.1,1.5361,44616.19,28994.652
920239.BJ,20240709,15.01,15.6,15.01,15.52,15.2,0.32,2.1053,5064.79,7778.015
688798.SH,20240709,45.67,50.55,45.26,50,45.67,4.33,9.4811,30819.18,148281.331
002483.SZ,20240709,4.25,4.4,4.19,4.39,4.25,0.14,3.2941,117439.04,50511.881
002995.SZ,20240709,14.27,14.34,13.81,14.29,14.37,-0.08,-0.5567,120346.29,169659.055
603324.SH,20240709,19.71,20.95,19.71,20.88,19.91,0.97,4.8719,23719,48532.809
301100.SZ,20240709,11.97,12.3,11.66,12.27,12,0.27,2.25,7181,8645.393
605376.SH,20240709,19.9,20.23,19.42,20.11,19.9,0.21,1.0553,24134,47947.232
688776.SH,20240709,45.78,48.32,45.53,47.09,48.28,-1.19,-2.4648,14082.27,65848.481
002357.SZ,20240709,5.25,5.28,5.02,5.19,5.02,0.17,3.3865,95663,49317.59
688557.SH,20240709,21.57,21.8,20.87,21.45,21.6,-0.15,-0.6944,6573.81,13961.072
002005.SZ,20240709,1.01,1.02,1,1.02,1,0.02,2,177074.02,17797.672
300260.SZ,20240709,19,19.93,18.83,19.88,19.13,0.75,3.9205,87002.2,169006.651
300101.SZ,20240709,13.31,13.81,13.06,13.65,13.32,0.33,2.4775,90310.39,122073.492
601059.SH,20240709,13.73,13.96,13.46,13.96,13.66,0.3,2.1962,134922.83,185690.871
002176.SZ,20240709,7.49,7.54,7.14,7.41,7.54,-0.13,-1.7241,514409.83,377349.435
003029.SZ,20240709,16.48,17.08,16.39,17.05,16.61,0.44,2.649,46587.16,78021.52
002692.SZ,20240709,3.25,3.29,3.15,3.27,3.25,0.02,0.6154,45297.4,14607.81
300948.SZ,20240709,8.41,8.61,8.23,8.55,8.43,0.12,1.4235,24584.44,20809.683
600872.SH,20240709,21.07,21.58,21.03,21.45,21.17,0.28,1.3226,94285.83,201415.389
000736.SZ,20240709,7.93,8.03,7.62,7.87,8,-0.13,-1.625,165857.83,129610.636
002251.SZ,20240709,3.31,3.34,3.18,3.3,3.31,-0.01,-0.3021,71751.53,23430.585
688511.SH,20240709,15.1,15.52,14.69,15.43,14.66,0.77,5.2524,20215.13,30554.064
600358.SH,20240709,2.48,2.53,2.38,2.48,2.48,0,0,146244,35773.325
603959.SH,20240709,1.47,1.5,1.42,1.44,1.49,-0.05,-3.3557,125600.58,18051.374
002713.SZ,20240709,2.64,2.64,2.64,2.64,2.93,-0.29,-9.8976,15475,4085.4
605318.SH,20240709,13.99,14,13.81,13.95,13.99,-0.04,-0.2859,8538,11874.4
688612.SH,20240709,24.69,25.49,24.01,25.33,24.61,0.72,2.9256,7699.73,19116.564
002650.SZ,20240709,1.79,1.81,1.71,1.75,1.79,-0.04,-2.2346,60147,10507.899
600699.SH,20240709,13.93,15.27,13.88,15.18,13.88,1.3,9.366,338342.49,498921.069
688478.SH,20240709,26.88,28.68,26.76,28.68,27.06,1.62,5.9867,25059.99,69970.057
002953.SZ,20240709,7.18,7.54,7.12,7.53,7.18,0.35,4.8747,51125.76,37488.996
600085.SH,20240709,37.55,37.87,37,37.57,37.78,-0.21,-0.5558,118759,443371.061
300683.SZ,20240709,20.85,21.1,20.22,21.05,20.85,0.2,0.9592,8112,16849.464
002223.SZ,20240709,36.55,36.93,36.16,36.59,36.62,-0.03,-0.0819,49242.01,179623.766
600685.SH,20240709,27.61,28.61,27.28,28.4,27.47,0.93,3.3855,148094.01,415585.709
300621.SZ,20240709,7.22,7.35,7.05,7.32,7.18,0.14,1.9499,20962,15134.056
601800.SH,20240709,8.37,8.5,8.3,8.49,8.38,0.11,1.3126,399995.52,336222.42
000404.SZ,20240709,5.17,5.32,5.11,5.29,5.16,0.13,2.5194,120521,62897.555
688549.SH,20240709,6.21,6.48,6.16,6.47,6.2,0.27,4.3548,104733.86,66484.195
002628.SZ,20240709,1.85,1.88,1.75,1.83,1.86,-0.03,-1.6129,205737,37091.991
000903.SZ,20240709,1.72,1.75,1.7,1.75,1.71,0.04,2.3392,225894.6,39068.986
002431.SZ,20240709,1.5,1.52,1.44,1.5,1.49,0.01,0.6711,243329.19,35885.417
300259.SZ,20240709,2.49,2.53,2.42,2.5,2.5,0,0,110386.01,27277.389
600283.SH,20240709,11.63,11.78,11.27,11.76,11.65,0.11,0.9442,42907.17,49369.499
688588.SH,20240709,6.38,6.49,6.13,6.46,6.35,0.11,1.7323,51213.43,32305.547
600850.SH,20240709,16.8,17.47,16.71,17.41,16.91,0.5,2.9568,46367.09,79290.157
600501.SH,20240709,13.4,13.47,12.7,13.38,13.49,-0.11,-0.8154,281152.42,368578.041
600482.SH,20240709,20.27,21.35,20.11,21.15,20.27,0.88,4.3414,419258,871247.537
300790.SZ,20240709,13.03,13.92,13.03,13.88,13.06,0.82,6.2787,108240.5,146768.201
002534.SZ,20240709,9.25,9.48,9.12,9.44,9.28,0.16,1.7241,38021.54,35395.26
603095.SH,20240709,12.3,12.81,12.1,12.77,12.38,0.39,3.1502,14899.2,18505.56
300616.SZ,20240709,10.44,10.62,10.17,10.52,10.46,0.06,0.5736,14407.99,15007.49
000710.SZ,20240709,7.17,7.18,6.86,7.13,7.11,0.02,0.2813,54999.69,38678.19
688500.SH,20240709,29.42,29.99,29.41,29.92,29.76,0.16,0.5376,1405.15,4174.829
600734.SH,20240709,2.32,2.37,2.24,2.3,2.33,-0.03,-1.2876,242480.53,55612.604
002620.SZ,20240709,2.43,2.46,2.33,2.38,2.43,-0.05,-2.0576,68230.75,16225.525
002899.SZ,20240709,12.51,13.04,12.14,12.81,12.57,0.24,1.9093,20045,25401.363
603217.SH,20240709,13.3,13.73,13.16,13.66,13.34,0.32,2.3988,13064,17590.333
601086.SH,20240709,3.61,3.67,3.52,3.67,3.64,0.03,0.8242,61833,22235.31
920662.BJ,20240709,8.56,8.67,8.23,8.63,8.5,0.13,1.5294,4845.75,4118.998
603758.SH,20240709,7.11,7.41,7.08,7.39,7.17,0.22,3.0683,32938,23820.441
603421.SH,20240709,4.22,4.3,4.09,4.3,4.22,0.08,1.8957,49926.64,21001.29
603931.SH,20240709,19,20.08,18.88,20.01,19.08,0.93,4.8742,25585.92,50206.144
601222.SH,20240709,6.03,6.15,5.92,6.13,6.01,0.12,1.9967,150117.24,90799.118
688115.SH,20240709,20.27,21.38,19.9,21.13,19.95,1.18,5.9148,16754.56,34566.88
688143.SH,20240709,17.34,17.68,16.85,17.41,17.52,-0.11,-0.6279,30899.28,53575.296
688141.SH,20240709,13.61,14.75,13.41,14.61,13.61,1,7.3475,80696.45,114246.628
688125.SH,20240709,27.88,29.2,27.27,28.98,27.77,1.21,4.3572,6367.44,18074.012
688252.SH,20240709,15.11,15.85,14.8,15.79,15.16,0.63,4.1557,100955.48,155813.493
688053.SH,20240709,19.84,20.99,19.8,20.56,20.27,0.29,1.4307,14962.81,30658.174
688073.SH,20240709,29.73,30.18,28.9,30,29.73,0.27,0.9082,4801.61,14190.595
688068.SH,20240709,24.81,25.38,24.51,25.31,24.88,0.43,1.7283,5586.95,13960.416
688197.SH,20240709,38.98,38.98,35.15,36.7,38.99,-2.29,-5.8733,12441.9,45408.87
688092.SH,20240709,18.65,19.43,18.4,19.38,18.75,0.63,3.36,9781.42,18490.687
688081.SH,20240709,8.35,8.64,8.16,8.61,8.48,0.13,1.533,15821.19,13271.828
688129.SH,20240709,11.71,12.03,11.61,12.03,11.73,0.3,2.5575,6973.48,8253.599
688056.SH,20240709,20.61,21.57,20.61,21.48,20.84,0.64,3.071,3509.46,7412.447
688130.SH,20240709,27.46,28.66,27.12,28.51,27.49,1.02,3.7104,8601.38,24116.156
688278.SH,20240709,51.77,53.99,51.77,53.21,52.2,1.01,1.9349,14833.86,78660.665
688184.SH,20240709,11.52,11.87,11.3,11.76,11.52,0.24,2.0833,4109.14,4764.399
688063.SH,20240709,35.81,36.46,34.91,36.3,36,0.3,0.8333,33976.07,121202.064
688298.SH,20240709,25.22,25.36,24.4,25,25.22,-0.22,-0.8723,14013.93,34846.941
688256.SH,20240709,191.5,208.7,191.2,207.34,192.5,14.84,7.7091,80163.32,1622167.756
688191.SH,20240709,14.96,15.31,14.61,15.27,14.96,0.31,2.0722,6335.84,9506.775
688235.SH,20240709,113.1,114.65,111.22,113.94,113.07,0.87,0.7694,14742.27,166750.357
688207.SH,20240709,10.69,10.9,10.45,10.83,10.64,0.19,1.7857,39397.83,42161.944
688206.SH,20240709,13.62,14.34,13.52,14.23,13.68,0.55,4.0205,45547.25,63723.124
688251.SH,20240709,10.97,11.17,10.53,11.14,10.98,0.16,1.4572,8953.8,9703.092
688123.SH,20240709,61.89,64.97,61.34,64.6,62,2.6,4.1935,35355.52,224722.206
688118.SH,20240709,13.27,13.46,12.8,13.34,13.08,0.26,1.9878,18274.81,23997.434
688212.SH,20240709,38.46,39.27,37.41,38.5,38.63,-0.13,-0.3365,15891.4,60669.86
688165.SH,20240709,7.2,7.3,6.98,7.28,7.16,0.12,1.676,25148.83,18016.523
688209.SH,20240709,10.98,11.53,10.9,11.35,10.99,0.36,3.2757,66727.96,75157.875
688246.SH,20240709,19.9,20.29,19.26,19.99,19.9,0.09,0.4523,14222.79,28210.846
688178.SH,20240709,9.77,9.97,9.44,9.75,9.85,-0.1,-1.0152,9986.62,9647.29
688136.SH,20240709,16.14,16.2,15.15,15.89,15.88,0.01,0.063,11287.85,17604.027
688188.SH,20240709,171.64,173.57,169.33,172.17,172.55,-0.38,-0.2202,9914.64,170023.158
688062.SH,20240709,27.94,28.11,26.6,26.86,28.11,-1.25,-4.4468,52204.21,141270.391
688159.SH,20240709,33.31,34.69,32.75,34.56,33.36,1.2,3.5971,21032.25,71344.967
688186.SH,20240709,9.35,9.49,9.12,9.46,9.34,0.12,1.2848,20289.7,18879.333
688167.SH,20240709,48.57,50.33,48.16,49.84,48.57,1.27,2.6148,22959.41,113095.128
688210.SH,20240709,19.92,21.8,19.91,21.58,19.87,1.71,8.6059,30219.42,63711.737
688275.SH,20240709,27.66,27.99,26.93,27.79,27.69,0.1,0.3611,6785.02,18682.204
688270.SH,20240709,22.53,23.04,22.07,22.69,22.64,0.05,0.2208,45670.12,103256.693
688059.SH,20240709,42,42.72,40.8,42.27,42.13,0.14,0.3323,6298.77,26332.837
300691.SZ,20240709,13.66,14.6,13.63,14.58,13.66,0.92,6.735,42181.96,60002.619
301039.SZ,20240709,7.98,8.17,7.86,8.14,8,0.14,1.75,136715.31,109817.957
002838.SZ,20240709,8.73,8.79,8.49,8.77,8.68,0.09,1.0369,23734,20599.866
300870.SZ,20240709,38.72,40.9,38.39,40.84,38.75,2.09,5.3935,22004.33,87941.659
300763.SZ,20240709,45.79,48.71,45.72,47.36,46.01,1.35,2.9341,134108.35,631089.533
002790.SZ,20240709,8.24,8.39,8.11,8.27,8.28,-0.01,-0.1208,37150.04,30693.507
920693.BJ,20240709,20.6,22.07,20.5,21.53,20.75,0.78,3.759,11965.46,25400.214
601668.SH,20240709,5.31,5.32,5.2,5.26,5.3,-0.04,-0.7547,2013247.14,1056420.797
920599.BJ,20240709,7.35,7.44,7.23,7.38,7.35,0.03,0.4082,9438.25,6917.462
603949.SH,20240709,10.55,10.85,10.37,10.84,10.59,0.25,2.3607,12458,13277.802
605218.SH,20240709,14.82,15.51,14.71,15.48,14.82,0.66,4.4534,31702,48206.48
000519.SZ,20240709,12.87,13.06,12.22,12.69,13.45,-0.76,-5.6506,650692.51,821709.284
300751.SZ,20240709,110.19,110.19,105.42,106.62,110.2,-3.58,-3.2486,27147.14,290027.047
603036.SH,20240709,9.88,9.88,9.45,9.84,9.76,0.08,0.8197,19051,18443.086
600936.SH,20240709,2.08,2.1,2,2.06,2.1,-0.04,-1.9048,128473.6,26250.361
601099.SH,20240709,3.01,3.08,2.98,3.07,3.01,0.06,1.9934,1334449.06,405252.408
300520.SZ,20240709,15.1,15.64,14.87,15.58,15.1,0.48,3.1788,83160.32,126948.881
000425.SZ,20240709,6.57,6.61,6.45,6.56,6.57,-0.01,-0.1522,801274.2,522916.406
601106.SH,20240709,2.26,2.28,2.21,2.27,2.27,0,0,188164.06,42309.817
300612.SZ,20240709,12.65,12.92,12.16,12.91,12.49,0.42,3.3627,34009.09,42721.576
000878.SZ,20240709,12.5,12.96,12.49,12.95,12.59,0.36,2.8594,344061.95,438839.786
300381.SZ,20240709,5.99,6.01,5.78,5.94,5.92,0.02,0.3378,98158.5,57771.044
600868.SH,20240709,1.63,1.65,1.57,1.64,1.62,0.02,1.2346,215953.22,34706.514
600269.SH,20240709,5.16,5.28,5.11,5.26,5.15,0.11,2.1359,225280.59,117198.12
000595.SZ,20240709,3.22,3.27,3.12,3.26,3.25,0.01,0.3077,73857.22,23647.435
300781.SZ,20240709,50.3,52.84,48.64,52.47,50.8,1.67,3.2874,156501.52,796531.312
002663.SZ,20240709,1.22,1.26,1.21,1.25,1.23,0.02,1.626,73554.92,9119.649
603126.SH,20240709,5.21,5.26,4.92,5.17,5.26,-0.09,-1.711,76601.74,39011.734
600785.SH,20240709,12.8,12.98,12.51,12.75,12.8,-0.05,-0.3906,29763.9,37791.295
000708.SZ,20240709,13.15,13.23,13.01,13.08,13.15,-0.07,-0.5323,90665.2,118810.925
603836.SH,20240709,12.43,12.52,12.09,12.36,12.33,0.03,0.2433,19341,23772.863
301125.SZ,20240709,8.51,8.84,8.22,8.82,8.52,0.3,3.5211,57530.83,49109.278
301589.SZ,20240709,189.5,197.58,188.91,195.27,192.3,2.97,1.5445,7730.41,149389.904
000701.SZ,20240709,3.64,3.71,3.54,3.69,3.64,0.05,1.3736,116697,42526.727
002897.SZ,20240709,34.43,36.52,34.26,36.49,34.48,2.01,5.8295,93268.97,330986.937
688409.SH,20240709,35.01,36.3,34.44,35.95,35.16,0.79,2.2469,40804.21,144411.152
301180.SZ,20240709,13.32,14.33,13.08,14.24,13.23,1.01,7.6342,101917,140540.399
603237.SH,20240709,15.88,16.04,15.48,15.96,16.06,-0.1,-0.6227,6686.35,10539.256
300134.SZ,20240709,6.24,6.54,6.17,6.52,6.23,0.29,4.6549,71301.1,45521.137
300916.SZ,20240709,24,27.65,23.69,26.88,23.84,3.04,12.7517,79586.5,207590.291
301505.SZ,20240709,26.07,26.79,25.34,26.77,26.34,0.43,1.6325,20114.96,52631.388
300213.SZ,20240709,5.41,5.56,5.26,5.52,5.4,0.12,2.2222,100643,54579.986
600527.SH,20240709,1.42,1.44,1.39,1.42,1.42,0,0,104711.6,14811.657
001270.SZ,20240709,31.25,31.9,30.6,31.66,31.16,0.5,1.6046,33118.91,103774.529
301110.SZ,20240709,30,30.55,28.55,29.32,29.84,-0.52,-1.7426,17007.32,49851.323
600248.SH,20240709,3.48,3.56,3.44,3.55,3.49,0.06,1.7192,138248.6,48425.566
002788.SZ,20240709,7.5,7.58,7.34,7.56,7.48,0.08,1.0695,25699,19223.116
601696.SH,20240709,8.43,8.69,8.41,8.67,8.43,0.24,2.847,178316.17,152317.381
000539.SZ,20240709,5.03,5.1,4.86,5.1,5.02,0.08,1.5936,316756.46,158333.21
002888.SZ,20240709,11.92,13.11,11.85,13.11,11.92,1.19,9.9832,51155,65828.062
002148.SZ,20240709,4.39,4.52,4.32,4.5,4.4,0.1,2.2727,94398.2,41941.595
301395.SZ,20240709,9.48,9.67,9.15,9.64,9.48,0.16,1.6878,21829.61,20652.887
688584.SH,20240709,15.4,15.96,15.35,15.86,15.39,0.47,3.0539,16394.98,25748.715
002322.SZ,20240709,15.49,15.95,15.23,15.92,15.5,0.42,2.7097,65399,102329.823
002045.SZ,20240709,12.22,13.38,12.1,13.38,12.16,1.22,10.0329,566586,740087.213
920275.BJ,20240709,2.8,2.84,2.72,2.84,2.84,0,0,6150.71,1724.159
920790.BJ,20240709,6.55,6.67,6.22,6.57,6.49,0.08,1.2327,14746.86,9511.872
002259.SZ,20240709,2.26,2.3,2.2,2.26,2.26,0,0,16980.01,3824.855
600498.SH,20240709,14.97,16,14.93,15.96,15.04,0.92,6.117,195663.14,305337.896
920957.BJ,20240709,5.58,5.84,5.41,5.75,5.58,0.17,3.0466,2232.89,1276.737
002177.SZ,20240709,3.03,3.08,2.93,3.08,3.03,0.05,1.6502,231244.12,69791.077
600916.SH,20240709,9.42,9.59,9.33,9.54,9.54,0,0,136728,129430.497
600630.SH,20240709,7.53,7.6,7.26,7.58,7.55,0.03,0.3974,167039.07,124344.262
002466.SZ,20240709,27.63,27.87,27.22,27.59,27.75,-0.16,-0.5766,166113.94,458161.123
600705.SH,20240709,2.15,2.19,2.1,2.18,2.16,0.02,0.9259,482697.62,103546.045
002252.SZ,20240709,7.55,7.7,7.48,7.67,7.56,0.11,1.455,323910.34,245755.205
601588.SH,20240709,1.34,1.34,1.29,1.32,1.33,-0.01,-0.7519,157738,20794.448
002752.SZ,20240709,4.87,4.9,4.71,4.89,4.88,0.01,0.2049,98685.83,47464.951
600168.SH,20240709,3.89,3.95,3.81,3.94,3.9,0.04,1.0256,45517,17661.062
002413.SZ,20240709,3.35,3.43,3.28,3.42,3.37,0.05,1.4837,149209.27,50341.184
000669.SZ,20240709,1.31,1.31,1.26,1.29,1.3,-0.01,-0.7692,41748.6,5376.07
300158.SZ,20240709,3.85,3.87,3.71,3.84,3.85,-0.01,-0.2597,189589.26,71924.455
300635.SZ,20240709,7.05,7.21,6.93,7.19,7.11,0.08,1.1252,24889,17658.695
920992.BJ,20240709,7.77,7.91,7.65,7.8,7.75,0.05,0.6452,6455.13,5041.368
002336.SZ,20240709,2.2,2.27,2.14,2.17,2.25,-0.08,-3.5556,68385.12,14856.905
000683.SZ,20240709,6.79,7.03,6.77,7,6.82,0.18,2.6393,307455.04,213233.054
003013.SZ,20240709,13.18,13.44,12.97,13.42,13.2,0.22,1.6667,23590,31151.229
300337.SZ,20240709,7.5,8.04,7.36,8,7.4,0.6,8.1081,844213.54,659318.227
002376.SZ,20240709,5,5.14,4.94,5.13,5.03,0.1,1.9881,40639.87,20544.855
601001.SH,20240709,16.61,16.76,16.21,16.55,16.78,-0.23,-1.3707,171326.11,281515.627
300830.SZ,20240709,5.58,5.66,5.32,5.62,5.52,0.1,1.8116,86290.21,47475.652
603350.SH,20240709,38.96,39.98,35.56,36.9,40.5,-3.6,-8.8889,169104.04,634301.309
600227.SH,20240709,1.45,1.55,1.42,1.47,1.42,0.05,3.5211,945246.22,139130.799
301149.SZ,20240709,8.46,8.62,8.28,8.61,8.42,0.19,2.2565,28503.29,24198.2
300775.SZ,20240709,28.02,28.76,27.36,28.42,28.3,0.12,0.424,146458.9,411120.151
002369.SZ,20240709,3.47,3.6,3.37,3.59,3.44,0.15,4.3605,126698.37,44294.113
601872.SH,20240709,8.45,8.5,8.35,8.47,8.49,-0.02,-0.2356,288085.79,243332.343
301103.SZ,20240709,20.14,20.52,19.71,20.4,20.16,0.24,1.1905,8177.57,16460.4
600567.SH,20240709,1.47,1.53,1.46,1.52,1.47,0.05,3.4014,479125.35,71875.501
603696.SH,20240709,6.58,6.59,6.36,6.53,6.58,-0.05,-0.7599,34772,22479.273
920523.BJ,20240709,9.86,10.16,9.8,10.1,9.93,0.17,1.712,4558.59,4550.173
001338.SZ,20240709,9.11,9.48,9.01,9.36,9.17,0.19,2.072,53759,49627.306
603312.SH,20240709,24.48,24.95,23.97,24.84,24.47,0.37,1.5121,19919.24,48701.176
002796.SZ,20240709,7.27,7.49,7.08,7.45,7.3,0.15,2.0548,57713.5,42235.473
000504.SZ,20240709,6.65,6.72,6.33,6.59,6.66,-0.07,-1.0511,66526.01,43381.417
600150.SH,20240709,40.67,41.48,39.7,41.01,40.34,0.67,1.6609,508245.11,2072683.403
603630.SH,20240709,10.1,10.22,9.95,10.22,10.06,0.16,1.5905,19583.5,19807.932
688503.SH,20240709,25.21,25.9,25.2,25.49,25.57,-0.08,-0.3129,30983.08,79326.341
920368.BJ,20240709,23.65,24.06,23.24,23.98,23.65,0.33,1.3953,5804.17,13751.312
000068.SZ,20240709,2.57,2.61,2.49,2.57,2.57,0,0,97594,24900.382
920839.BJ,20240709,8.8,8.99,8.51,8.84,8.93,-0.09,-1.0078,2466.6,2149.124
600183.SH,20240709,20.11,20.92,19.83,20.85,20.11,0.74,3.6798,308488.76,633560.758
600163.SH,20240709,5.15,5.3,5.15,5.28,5.2,0.08,1.5385,140924.31,73857.556
300194.SZ,20240709,3.7,3.79,3.67,3.78,3.73,0.05,1.3405,172842.41,64553.014
002801.SZ,20240709,17.7,18.8,17.7,18.68,17.71,0.97,5.4771,13853.1,25323.124
600386.SH,20240709,2.73,2.96,2.66,2.76,2.73,0.03,1.0989,154681.02,42666.958
600162.SH,20240709,1.32,1.34,1.3,1.34,1.32,0.02,1.5152,135990.47,17982.827
605365.SH,20240709,14.4,14.9,14.24,14.86,14.4,0.46,3.1944,15568.68,22769.331
603185.SH,20240709,15.7,15.84,15.34,15.73,15.7,0.03,0.1911,56711.81,88506.754
000565.SZ,20240709,3.92,3.98,3.82,3.97,3.94,0.03,0.7614,35888.87,14022.013
300685.SZ,20240709,17.54,17.88,17.2,17.75,17.5,0.25,1.4286,31907.03,56031.359
002023.SZ,20240709,8.54,8.97,8.54,8.93,8.58,0.35,4.0793,151244.84,132653.683
601616.SH,20240709,2.82,3,2.76,3,2.73,0.27,9.8901,392396.01,114820.064
605399.SH,20240709,11.9,12.5,11.7,12.25,11.61,0.64,5.5125,136097.18,165257.352
605168.SH,20240709,23.1,23.88,22.76,23.8,23.37,0.43,1.84,36025.95,84086.207
300528.SZ,20240709,6.23,6.23,5.89,6.14,6.13,0.01,0.1631,50113,30252.03
301508.SZ,20240709,33.38,34.44,32.9,34.44,33.05,1.39,4.2057,39747.25,134265.604
920685.BJ,20240709,6.96,7.18,6.96,7.16,6.99,0.17,2.432,2358.43,1662.265
600517.SH,20240709,4.08,4.17,4.03,4.15,4.08,0.07,1.7157,118194,48499.372
300500.SZ,20240709,9.7,9.88,9.34,9.86,9.73,0.13,1.3361,62420.43,60223.601
688778.SH,20240709,29.78,30.17,28.89,30.03,29.87,0.16,0.5357,13820.12,40968.109
688156.SH,20240709,12,12.18,11.74,12.14,12.02,0.12,0.9983,5975.61,7175.644
688093.SH,20240709,16.81,18.12,16.66,18.12,16.94,1.18,6.9658,25697.71,44983.7
688088.SH,20240709,26.22,27.35,26.15,27.21,26.35,0.86,3.2638,38084.41,102139.561
688135.SH,20240709,14.28,15.24,14.05,15.12,14.13,0.99,7.0064,33121.61,49023.67
688121.SH,20240709,11.38,11.75,11.15,11.54,11.51,0.03,0.2606,20676.53,23707.84
688244.SH,20240709,23.71,24,23.12,23.88,23.5,0.38,1.617,4430.95,10474.946
688239.SH,20240709,30.58,31.68,30.26,31.29,30.48,0.81,2.6575,21384.04,66226.826
688312.SH,20240709,21,23.75,20.9,23.51,21.36,2.15,10.0655,52634.38,119061.448
688155.SH,20240709,37.51,38.05,36.82,37.2,38.02,-0.82,-2.1568,6039.94,22564.836
688258.SH,20240709,29.75,30.41,29.3,30.29,29.75,0.54,1.8151,15701.44,47033.515
688175.SH,20240709,13.12,13.89,13.12,13.78,13.22,0.56,4.236,10400.34,14048.76
688221.SH,20240709,5.3,5.35,5.15,5.27,5.3,-0.03,-0.566,42497.94,22230.723
688137.SH,20240709,30.85,31.59,29.88,30.11,31.11,-1,-3.2144,4486.19,13625.777
688248.SH,20240709,27.7,29.28,27.6,29.05,27.96,1.09,3.8984,35455.19,101322.017
688163.SH,20240709,12.03,12.4,11.7,12.23,12.14,0.09,0.7414,6683.33,8063.582
688083.SH,20240709,59.7,60.35,56.87,58.19,60.28,-2.09,-3.4672,14255.38,82650.269
688247.SH,20240709,7.94,8.11,7.7,8.09,7.96,0.13,1.6332,14803.81,11755.446
688117.SH,20240709,21.88,22.39,21.1,22.38,21.97,0.41,1.8662,24041.91,52510.629
688052.SH,20240709,84.42,91.18,83.2,89.9,85.7,4.2,4.9008,33387.69,290845.792
688190.SH,20240709,66.6,69.93,65.51,68.34,66.31,2.03,3.0614,4833.12,32527.064
688128.SH,20240709,16.39,16.72,16.02,16.64,16.31,0.33,2.0233,21341.01,34963.364
688166.SH,20240709,36.6,36.93,35.54,36.45,36.43,0.02,0.0549,61879.14,224486.89
688290.SH,20240709,29,30.5,29,30.11,29.59,0.52,1.7574,2847.02,8457.426
688087.SH,20240709,25.55,26.56,24.72,26.29,25.48,0.81,3.179,9582.21,24453.236
688200.SH,20240709,87.64,93.08,87,92,87.97,4.03,4.5811,12318.65,111663.903
688116.SH,20240709,22.1,22.45,21.62,22.22,22.1,0.12,0.543,71481.13,157586.302
688161.SH,20240709,18.9,19.48,18.78,19.4,19.09,0.31,1.6239,10487.18,20063.157
688189.SH,20240709,5.35,5.46,5.23,5.41,5.37,0.04,0.7449,33358.1,17846.19
688222.SH,20240709,10.24,10.38,9.8,10.09,10.28,-0.19,-1.8482,60125.68,60319.086
688230.SH,20240709,33.55,35.92,33.55,35.7,33.78,1.92,5.6838,13226.67,46395.716
688091.SH,20240709,21.53,22.26,21.51,21.94,21.96,-0.02,-0.0911,11960.46,26128.925
688114.SH,20240709,43.37,43.62,41.89,42.6,43.44,-0.84,-1.9337,21566.5,91688.335
688076.SH,20240709,70.2,72.77,68.91,72.12,71.3,0.82,1.1501,44326.16,312867.024
688281.SH,20240709,79.02,80.99,77.88,80.43,79.75,0.68,0.8527,6867.8,54561.927
688253.SH,20240709,36.01,36.26,35.21,35.88,35.94,-0.06,-0.1669,13943.13,49781.286
688158.SH,20240709,9.55,9.81,9.25,9.77,9.5,0.27,2.8421,66729.19,63816.824
688201.SH,20240709,7.08,7.25,6.88,7.2,7.09,0.11,1.5515,69793.64,49527.154
688293.SH,20240709,27,27.87,26.59,27.1,27.62,-0.52,-1.8827,5555.04,15017.111
688111.SH,20240709,192.06,195.36,189.25,194.01,193,1.01,0.5233,51802.21,993308.425
688153.SH,20240709,34.1,34.86,33.41,34.37,33.63,0.74,2.2004,19674.2,67373.413
688139.SH,20240709,34.9,36.37,34.7,35.75,34.9,0.85,2.4355,24537.53,87508.354
302132.SZ,20240709,48.5,50.19,47.43,49.74,48.19,1.55,3.2164,175418.82,862738.678
