ts_code,symbol,name,ShiZhi,industry_1,industry_3,industry_4,area,close,market,NTpye9,NTpye8,NTpye7,NTpye6,list_date,act_name,act_ent_type,NTpye1,NTpye2,NTpye3,NTpye4,NTpye5,CY_FaZhanQS,CY_JiShuXJ,CY_ChanPinGQ,NTpye10
000001.SZ,000001,平安银行,大盘股,金融,商业银行,综合性银行,深圳,11.01,主板,火山口 派出小部队勇吃鱼身,-,-,-,1991/4/3,无实际控制人,其他,β高股息低波动 适合防御,行情酝酿中,大金融,-,-,行业成熟稳定,传统行业,-,-
000002.SZ,000002,万科Ａ,大盘股,NA,NA,NA,深圳,3.96,主板,火山口 派出小部队勇吃鱼身,-,-,-,1991/1/29,无实际控制人,其他,β高股息低波动 适合防御,行情酝酿中,-,房地产产业链,-,行业成熟稳定,传统行业,耐用品,-
000004.SZ,000004,*ST国华,小盘股,信息技术,软件开发,通用软件,深圳,3.76,主板,-,-,-,-,1990/12/1,李映彤,民营企业,-,表现超预期,国产替代,-,-,政策支持,传统行业,-,-
000006.SZ,000006,深振业Ａ,大盘股,NA,NA,NA,深圳,9.57,主板,-,-,-,-,1992/4/27,深圳市人民政府国有资产监督管理委员会,地方国有企业,β高股息低波动 适合防御,表现超预期,-,-,-,行业成熟稳定,传统行业,耐用品,-
000007.SZ,000007,全新好,小盘股,房地产,房地产管理与服务,房地产管理,深圳,13.59,主板,火山口 派出小部队勇吃鱼身,连续多天小涨 龟壳战术吃鱼头,-,-,1992/4/13,无实际控制人,其他,-,表现超预期,-,实体经济,-,行业成熟稳定,传统行业,-,-
000008.SZ,000008,神州高铁,中盘股,工业,交通运输设备,城轨铁路,北京,2.71,主板,火山口 派出小部队勇吃鱼身,-,-,-,1992/5/7,国家开发投资集团有限公司,中央企业,β高股息低波动 适合防御,行情酝酿中,-,-,制造业(工业母机),行业成熟稳定,传统行业,耐用品,-
000009.SZ,000009,中国宝安,中盘股,工业,储能设备,电池部件及材料,深圳,8.98,主板,火山口 派出小部队勇吃鱼身,-,-,-,1991/6/25,无实际控制人,其他,β高股息低波动 适合防御,行情酝酿中,新科技,特高压电力产业链,-,政策支持,高新技术产业,耐用品,-
000010.SZ,000010,美丽生态,中盘股,工业,建筑与工程,基础设施建设,深圳,4.07,主板,-,-,有涨停 火山口战法吃鱼身,-,1995/10/27,无实际控制人,其他,β高股息低波动 适合防御,表现超预期,-,房地产产业链,-,行业成熟稳定,传统行业,耐用品,-
000011.SZ,000011,深物业A,小盘股,房地产,房地产管理与服务,房地产管理,深圳,8.51,主板,火山口 派出小部队勇吃鱼身,-,-,-,1992/3/30,深圳市人民政府国有资产监督管理委员会,地方国有企业,-,行情酝酿中,-,房地产产业链,-,行业成熟稳定,传统行业,耐用品,-
000012.SZ,000012,南玻Ａ,迷你盘,NA,NA,NA,深圳,4.53,主板,火山口 派出小部队勇吃鱼身,-,-,-,1992/2/28,无实际控制人,其他,-,行情酝酿中,-,-,化工,行业成熟稳定,传统行业,耐用品,-
000014.SZ,000014,沙河股份,小盘股,房地产,房地产开发与园区,房地产开发,深圳,13.41,主板,-,-,-,-,1992/6/2,深圳市人民政府国有资产监督管理委员会,地方国有企业,-,行情酝酿中,-,房地产产业链,-,行业成熟稳定,传统行业,耐用品,-
000016.SZ,000016,深康佳Ａ,中盘股,NA,NA,NA,深圳,3.18,主板,-,-,-,-,1992/3/27,国务院国有资产监督管理委员会,中央企业,β高股息低波动 适合防御,行情酝酿中,大消费,-,-,行业成熟稳定,传统行业,耐用品,-
000017.SZ,000017,深中华A,迷你盘,可选消费,珠宝与奢侈品,珠宝与奢侈品,深圳,6.77,主板,火山口 派出小部队勇吃鱼身,-,-,-,1992/3/31,王胜洪,民营企业,-,行情酝酿中,大消费,-,-,行业成熟稳定,传统行业,耐用品,-
000019.SZ,000019,深粮控股,中盘股,工业,商业服务与用品,贸易商,深圳,7.58,主板,-,-,-,-,1992/10/12,深圳市人民政府国有资产监督管理委员会,地方国有企业,β高股息低波动 适合防御,表现超预期,-,-,粮食,行业成熟稳定,传统行业,消耗品,-
000020.SZ,000020,深华发Ａ,小盘股,NA,NA,NA,深圳,15.78,主板,火山口 派出小部队勇吃鱼身,-,-,-,1992/4/28,李中秋,外资,-,行情酝酿中,新科技,-,-,政策支持,高新技术产业,-,-
000021.SZ,000021,深科技,大盘股,信息技术,电子终端及组件,安防设备及其他,深圳,29,主板,-,-,-,-,1994/2/2,国务院国有资产监督管理委员会,中央企业,β高股息低波动 适合防御,行情酝酿中,新科技,-,-,政策支持,高新技术产业,-,-
000025.SZ,000025,特力Ａ,迷你盘,NA,NA,NA,深圳,16.18,主板,火山口 派出小部队勇吃鱼身,连续多天小涨 龟壳战术吃鱼头,-,-,1993/6/21,深圳市人民政府国有资产监督管理委员会,地方国有企业,-,行情酝酿中,-,实体经济,-,行业成熟稳定,传统行业,-,-
000026.SZ,000026,飞亚达,中盘股,可选消费,珠宝与奢侈品,珠宝与奢侈品,深圳,17.62,主板,-,-,有涨停 火山口战法吃鱼身,高人气,1993/6/3,国务院国有资产监督管理委员会,中央企业,β高股息低波动 适合防御,表现超预期,大消费,-,-,行业成熟稳定,传统行业,耐用品,-
000027.SZ,000027,深圳能源,中盘股,公用事业,电力及电网,火电,深圳,6.68,主板,火山口 派出小部队勇吃鱼身,连续多天小涨 龟壳战术吃鱼头,-,-,1993/9/3,深圳市人民政府国有资产监督管理委员会,地方国有企业,β高股息低波动 适合防御,行情酝酿中,-,特高压电力产业链,-,行业成熟稳定,传统行业,-,-
000028.SZ,000028,国药一致,小盘股,医药卫生,医疗商业与服务,医药商业,深圳,26.05,主板,-,-,-,-,1993/8/9,国务院国有资产监督管理委员会,中央企业,-,行情酝酿中,-,实体经济,-,政策支持,传统行业,消耗品,-
000029.SZ,000029,深深房Ａ,小盘股,NA,NA,NA,深圳,20.37,主板,-,-,-,-,1993/9/15,深圳市人民政府国有资产监督管理委员会,地方国有企业,-,行情酝酿中,-,-,-,行业成熟稳定,传统行业,耐用品,-
000030.SZ,000030,富奥股份,大盘股,可选消费,汽车零部件与轮胎,汽车系统部件,吉林,5.5,主板,火山口 派出小部队勇吃鱼身,-,-,-,1993/9/29,吉林省人民政府国有资产监督管理委员会,地方国有企业,β高股息低波动 适合防御,表现超预期,-,智能汽车产业链,-,政策支持,传统行业,消耗品,-
000031.SZ,000031,大悦城,小盘股,房地产,房地产开发与园区,房地产开发,深圳,2.92,主板,火山口 派出小部队勇吃鱼身,-,-,-,1993/10/8,国务院国有资产监督管理委员会,中央企业,-,行情酝酿中,-,房地产产业链,-,行业成熟稳定,传统行业,耐用品,-
000032.SZ,000032,深桑达Ａ,大盘股,NA,NA,NA,深圳,18.55,主板,-,-,-,-,1993/10/28,国务院国有资产监督管理委员会,中央企业,β高股息低波动 适合防御,行情酝酿中,-,房地产产业链,-,行业成熟稳定,传统行业,耐用品,-
000034.SZ,000034,神州数码,大盘股,可选消费,专营零售,专营零售,深圳,36.69,主板,火山口 派出小部队勇吃鱼身,-,-,-,1994/5/9,郭为,民营企业,β高股息低波动 适合防御,行情酝酿中,国产替代,-,-,政策支持,传统行业,-,-
000035.SZ,000035,中国天楹,大盘股,工业,污染治理,固废处理,江苏,7.1,主板,火山口 派出小部队勇吃鱼身,-,-,-,1994/4/8,严圣军,民营企业,β高股息低波动 适合防御,表现超预期,-,-,民生,行业成熟稳定,传统行业,-,-
000036.SZ,000036,华联控股,中盘股,房地产,房地产管理与服务,房地产服务,深圳,5.17,主板,-,-,-,-,1994/6/17,龚泽民,民营企业,β高股息低波动 适合防御,表现超预期,-,房地产产业链,-,行业成熟稳定,传统行业,耐用品,-
000037.SZ,000037,深南电A,中盘股,公用事业,电力及电网,火电,深圳,11.07,主板,-,-,有涨停 火山口战法吃鱼身,-,1994/7/1,无实际控制人,其他,β高股息低波动 适合防御,表现超预期,-,特高压电力产业链,-,行业成熟稳定,传统行业,-,-
000039.SZ,000039,中集集团,大盘股,工业,交通运输设备,船舶及其他航运设备,深圳,11.64,主板,火山口 派出小部队勇吃鱼身,-,-,-,1994/4/8,无实际控制人,其他,β高股息低波动 适合防御,行情酝酿中,-,-,制造业(工业母机),行业成熟稳定,传统行业,耐用品,-
000042.SZ,000042,中洲控股,迷你盘,房地产,房地产开发与园区,房地产开发,深圳,8.88,主板,火山口 派出小部队勇吃鱼身,连续多天小涨 龟壳战术吃鱼头,-,-,1994/9/21,黄光苗,外资,-,行情酝酿中,-,房地产产业链,-,行业成熟稳定,传统行业,耐用品,-
000045.SZ,000045,深纺织Ａ,小盘股,NA,NA,NA,深圳,11.97,主板,-,-,-,-,1994/8/15,深圳市人民政府国有资产监督管理委员会,地方国有企业,-,行情酝酿中,新科技,-,-,政策支持,高新技术产业,-,-
000048.SZ,000048,京基智农,中盘股,房地产,房地产开发与园区,房地产开发,深圳,14.86,主板,-,-,-,-,1994/11/1,陈华,民营企业,β高股息低波动 适合防御,行情酝酿中,-,-,粮食,行业成熟稳定,传统行业,消耗品,-
000049.SZ,000049,德赛电池,中盘股,工业,储能设备,电池,深圳,27.82,主板,火山口 派出小部队勇吃鱼身,-,-,-,1995/3/20,无实际控制人,其他,β高股息低波动 适合防御,表现超预期,新科技,特高压电力产业链,-,政策支持,高新技术产业,耐用品,-
000050.SZ,000050,深天马Ａ,中盘股,NA,NA,NA,深圳,8.34,主板,火山口 派出小部队勇吃鱼身,连续多天小涨 龟壳战术吃鱼头,-,-,1995/3/15,国务院国有资产监督管理委员会,中央企业,β高股息低波动 适合防御,行情酝酿中,新科技,-,-,政策支持,高新技术产业,-,-
000055.SZ,000055,方大集团,迷你盘,工业,建筑装修,建筑装修,深圳,3.44,主板,-,-,-,-,1996/4/15,熊建明,民营企业,-,行情酝酿中,-,房地产产业链,-,行业成熟稳定,传统行业,耐用品,-
000056.SZ,000056,皇庭国际,小盘股,房地产,房地产管理与服务,房地产服务,深圳,1.83,主板,-,-,-,-,1996/7/8,郑康豪,民营企业,-,表现超预期,-,实体经济,-,行业成熟稳定,传统行业,-,-
000058.SZ,000058,深赛格,迷你盘,工业,商业服务与用品,市场服务,深圳,8.04,主板,火山口 派出小部队勇吃鱼身,-,-,-,1996/12/26,深圳市人民政府国有资产监督管理委员会,地方国有企业,-,行情酝酿中,-,实体经济,-,行业成熟稳定,传统行业,-,-
000059.SZ,000059,华锦股份,小盘股,能源,石油与天然气,燃油炼制,辽宁,5.24,主板,火山口 派出小部队勇吃鱼身,连续多天小涨 龟壳战术吃鱼头,-,-,1997/1/30,国务院国有资产监督管理委员会,中央企业,-,行情酝酿中,-,-,能源,行业成熟稳定,传统行业,消耗品,-
000060.SZ,000060,中金岭南,大盘股,原材料,工业金属,铜,深圳,6.75,主板,火山口 派出小部队勇吃鱼身,-,-,-,1997/1/23,广东省人民政府国有资产监督管理委员会,地方国有企业,β高股息低波动 适合防御,行情酝酿中,新能源,-,-,行业成熟稳定,传统行业,消耗品,-
000061.SZ,000061,农产品,小盘股,NA,NA,NA,深圳,7.43,主板,火山口 派出小部队勇吃鱼身,连续多天小涨 龟壳战术吃鱼头,-,-,1997/1/10,深圳市人民政府国有资产监督管理委员会,地方国有企业,-,行情酝酿中,-,-,粮食,行业成熟稳定,传统行业,消耗品,-
000062.SZ,000062,深圳华强,大盘股,工业,商业服务与用品,贸易商,深圳,29.76,主板,-,-,-,-,1997/1/30,梁光伟,民营企业,β高股息低波动 适合防御,行情酝酿中,新科技,-,-,政策支持,高新技术产业,-,-
000063.SZ,000063,中兴通讯,大盘股,通信服务,通信设备,通信系统设备及组件,深圳,35.33,主板,火山口 派出小部队勇吃鱼身,-,-,-,1997/11/18,无实际控制人,其他,β高股息低波动 适合防御,表现超预期,新基建,-,-,政策支持,高新技术产业,-,-
000065.SZ,000065,北方国际,大盘股,工业,运输业,物流综合,北京,14.15,主板,-,-,-,-,1998/6/5,国务院国有资产监督管理委员会,中央企业,β高股息低波动 适合防御,表现超预期,-,房地产产业链,-,行业成熟稳定,传统行业,耐用品,-
000066.SZ,000066,中国长城,大盘股,信息技术,电子终端及组件,电脑与外围设备,深圳,15.72,主板,火山口 派出小部队勇吃鱼身,连续多天小涨 龟壳战术吃鱼头,-,-,1997/6/26,中国电子信息产业集团有限公司,中央企业,β高股息低波动 适合防御,行情酝酿中,新基建,-,-,政策支持,高新技术产业,-,-
000068.SZ,000068,华控赛格,迷你盘,工业,商业服务与用品,贸易商,深圳,3.24,主板,-,-,-,-,1997/6/11,山西省人民政府国有资产监督管理委员会,地方国有企业,-,行情酝酿中,-,-,民生,行业成熟稳定,传统行业,-,-
000069.SZ,000069,华侨城Ａ,小盘股,NA,NA,NA,深圳,2.23,主板,火山口 派出小部队勇吃鱼身,-,-,-,1997/9/10,国务院国有资产监督管理委员会,中央企业,-,行情酝酿中,-,房地产产业链,-,行业成熟稳定,传统行业,耐用品,-
000070.SZ,000070,特发信息,大盘股,通信服务,通信设备,通信系统设备及组件,深圳,20.33,主板,-,-,有涨停 火山口战法吃鱼身,高人气,2000/5/11,深圳市人民政府国有资产监督管理委员会,地方国有企业,β高股息低波动 适合防御,表现超预期,新基建,-,-,政策支持,高新技术产业,-,-
000078.SZ,000078,海王生物,大盘股,医药卫生,医疗商业与服务,医药商业,深圳,3.77,主板,-,-,-,高人气,1998/12/18,张思民,民营企业,β高股息低波动 适合防御,表现超预期,-,实体经济,-,政策支持,传统行业,消耗品,-
000088.SZ,000088,盐田港,小盘股,工业,交通基本设施,港口,深圳,4.55,主板,火山口 派出小部队勇吃鱼身,连续多天小涨 龟壳战术吃鱼头,-,-,1997/7/28,深圳市人民政府国有资产监督管理委员会,地方国有企业,-,行情酝酿中,-,-,交通,行业成熟稳定,传统行业,-,-
000089.SZ,000089,深圳机场,迷你盘,工业,交通基本设施,机场,深圳,6.84,主板,火山口 派出小部队勇吃鱼身,连续多天小涨 龟壳战术吃鱼头,-,-,1998/4/20,深圳市人民政府国有资产监督管理委员会,地方国有企业,-,行情酝酿中,-,-,交通,行业成熟稳定,传统行业,-,-
000090.SZ,000090,天健集团,小盘股,工业,建筑与工程,基础设施建设,深圳,3.66,主板,火山口 派出小部队勇吃鱼身,连续多天小涨 龟壳战术吃鱼头,-,-,1999/7/21,深圳市人民政府国有资产监督管理委员会,地方国有企业,-,行情酝酿中,-,房地产产业链,-,行业成熟稳定,传统行业,耐用品,-
000096.SZ,000096,广聚能源,小盘股,能源,石油与天然气,油气流通及其他,深圳,9.62,主板,火山口 派出小部队勇吃鱼身,-,-,-,2000/7/24,黑龙江省鹤岗市南山区人民政府国有资产监督管理委员会,地方国有企业,-,行情酝酿中,-,-,能源,行业成熟稳定,传统行业,消耗品,-
000099.SZ,000099,中信海直,中盘股,工业,运输业,航空运输,深圳,18.32,主板,-,-,-,-,2000/7/31,中国中信集团有限公司,中央企业,β高股息低波动 适合防御,行情酝酿中,-,-,交通,行业成熟稳定,传统行业,-,-
000100.SZ,000100,TCL科技,大盘股,信息技术,光学光电子,面板,广东,4.3,主板,火山口 派出小部队勇吃鱼身,连续多天小涨 龟壳战术吃鱼头,-,-,2004/1/30,无实际控制人,其他,β高股息低波动 适合防御,行情酝酿中,新科技,-,-,政策支持,高新技术产业,-,-
000151.SZ,000151,中成股份,中盘股,工业,商业服务与用品,贸易商,北京,11.32,主板,-,-,-,-,2000/9/6,国务院国有资产监督管理委员会,中央企业,β高股息低波动 适合防御,行情酝酿中,-,实体经济,-,行业成熟稳定,传统行业,-,-
000153.SZ,000153,丰原药业,中盘股,医药卫生,化学药,药品制剂,安徽,6.57,主板,-,-,-,-,2000/9/20,李荣杰,民营企业,β高股息低波动 适合防御,表现超预期,大健康,-,-,政策支持,高新技术产业,消耗品,-
000155.SZ,000155,川能动力,大盘股,公用事业,电力及电网,风电,四川,16.95,主板,-,-,-,-,2000/9/26,四川省政府国有资产监督管理委员会,地方国有企业,β高股息低波动 适合防御,表现超预期,-,特高压电力产业链,-,政策支持,高新技术产业,-,-
000156.SZ,000156,华数传媒,小盘股,通信服务,文化娱乐,广播与电视,浙江,7.58,主板,火山口 派出小部队勇吃鱼身,-,-,-,2000/9/6,杭州市财政局,地方国有企业,-,行情酝酿中,-,-,文化体育,行业成熟稳定,传统行业,-,-
000157.SZ,000157,中联重科,大盘股,工业,专用机械,工程机械,湖南,8.07,主板,-,-,-,-,2000/10/12,无实际控制人,其他,β高股息低波动 适合防御,行情酝酿中,-,-,制造业(工业母机),行业成熟稳定,高新技术产业,耐用品,-
000158.SZ,000158,常山北明,大盘股,信息技术,信息技术服务,系统集成服务,河北,17.81,主板,火山口 派出小部队勇吃鱼身,连续多天小涨 龟壳战术吃鱼头,-,-,2000/7/24,石家庄市人民政府国有资产监督管理委员会,地方国有企业,β高股息低波动 适合防御,行情酝酿中,国产替代,-,-,政策支持,传统行业,-,-
000159.SZ,000159,国际实业,小盘股,能源,石油与天然气,油气流通及其他,新疆,6.23,主板,-,-,-,-,2000/9/26,冯现啁,民营企业,-,行情酝酿中,-,-,能源,行业成熟稳定,传统行业,消耗品,-
000166.SZ,000166,申万宏源,中盘股,金融,证券公司,证券公司,新疆,4.74,主板,火山口 派出小部队勇吃鱼身,连续多天小涨 龟壳战术吃鱼头,-,-,2015/1/26,中央汇金投资有限责任公司,中央企业,β高股息低波动 适合防御,行情酝酿中,大金融,-,-,行业成熟稳定,传统行业,-,-
000301.SZ,000301,东方盛虹,大盘股,原材料,化学原料,其他化学原料,江苏,12.17,主板,-,-,-,-,2000/5/29,缪汉根,民营企业,β高股息低波动 适合防御,表现超预期,-,-,化工,行业成熟稳定,传统行业,耐用品,-
000333.SZ,000333,美的集团,大盘股,可选消费,家用电器,白色家电,广东,78.65,主板,火山口 派出小部队勇吃鱼身,连续多天小涨 龟壳战术吃鱼头,-,-,2013/9/18,何享健,民营企业,β高股息低波动 适合防御,行情酝酿中,大消费,-,-,行业成熟稳定,传统行业,耐用品,-
000338.SZ,000338,潍柴动力,大盘股,工业,交通运输设备,商用车,山东,26.5,主板,-,-,-,-,2007/4/30,山东省人民政府国有资产监督管理委员会,地方国有企业,β高股息低波动 适合防御,行情酝酿中,-,智能汽车产业链,-,政策支持,传统行业,消耗品,-
000400.SZ,000400,许继电气,大盘股,工业,电网设备,电网自动化,河南,25.66,主板,-,-,-,-,1997/4/18,国务院国有资产监督管理委员会,中央企业,β高股息低波动 适合防御,行情酝酿中,新科技,特高压电力产业链,-,政策支持,高新技术产业,耐用品,-
000401.SZ,000401,金隅冀东,小盘股,原材料,建筑材料,水泥与混凝土,河北,4.81,主板,火山口 派出小部队勇吃鱼身,连续多天小涨 龟壳战术吃鱼头,-,-,1996/6/14,北京市人民政府国有资产监督管理委员会,地方国有企业,-,行情酝酿中,-,房地产产业链,-,行业成熟稳定,传统行业,耐用品,-
000402.SZ,000402,金融街,中盘股,NA,NA,NA,北京,2.81,主板,-,-,有涨停 火山口战法吃鱼身,-,1996/6/26,北京市西城区人民政府国有资产监督管理委员会,地方国有企业,β高股息低波动 适合防御,表现超预期,-,房地产产业链,-,行业成熟稳定,传统行业,耐用品,-
000403.SZ,000403,派林生物,小盘股,医药卫生,生物药品,血液制品,山西,12.91,主板,-,-,-,-,1996/6/28,陕西省人民政府国有资产监督管理委员会,地方国有企业,-,行情酝酿中,大健康,-,-,政策支持,高新技术产业,消耗品,-
000404.SZ,000404,长虹华意,迷你盘,可选消费,家用电器,家电零部件及其他,江西,7.08,主板,火山口 派出小部队勇吃鱼身,连续多天小涨 龟壳战术吃鱼头,-,-,1996/6/19,绵阳市国有资产监督管理委员会,地方国有企业,-,行情酝酿中,大消费,-,-,行业成熟稳定,传统行业,耐用品,-
000407.SZ,000407,胜利股份,小盘股,公用事业,燃气,燃气,山东,4.64,主板,火山口 派出小部队勇吃鱼身,-,-,-,1996/7/3,许铁良,外资,-,行情酝酿中,-,-,民生,行业成熟稳定,传统行业,消耗品,-
000408.SZ,000408,藏格矿业,大盘股,原材料,农用化工,钾肥,青海,84.85,主板,-,-,-,-,1996/6/28,上杭县财政局,地方国有企业,β高股息低波动 适合防御,表现超预期,-,-,粮食,行业成熟稳定,传统行业,消耗品,有量化参与
000409.SZ,000409,云鼎科技,小盘股,信息技术,信息技术服务,系统集成服务,山东,10.87,主板,-,-,-,-,1996/6/27,山东省人民政府,地方国有企业,-,表现超预期,国产替代,-,-,政策支持,传统行业,-,-
000410.SZ,000410,沈阳机床,小盘股,工业,通用机械,电动机与工控自动化,辽宁,6.73,主板,火山口 派出小部队勇吃鱼身,-,-,-,1996/7/18,国务院国有资产监督管理委员会,中央企业,-,行情酝酿中,新科技,-,制造业(工业母机),政策支持,高新技术产业,耐用品,-
000411.SZ,000411,英特集团,迷你盘,医药卫生,医疗商业与服务,医药商业,浙江,10.96,主板,-,-,-,-,1996/7/16,浙江省人民政府国有资产监督管理委员会,地方国有企业,-,行情酝酿中,-,实体经济,-,政策支持,传统行业,消耗品,-
000415.SZ,000415,渤海租赁,中盘股,工业,商业服务与用品,其他商业服务与用品,新疆,4.58,主板,火山口 派出小部队勇吃鱼身,连续多天小涨 龟壳战术吃鱼头,-,-,1996/7/16,无实际控制人,其他,β高股息低波动 适合防御,行情酝酿中,大金融,-,-,行业成熟稳定,传统行业,-,-
000417.SZ,000417,合百集团,小盘股,可选消费,一般零售,超市与便利店,安徽,6.7,主板,火山口 派出小部队勇吃鱼身,-,-,-,1996/8/12,合肥市人民政府国有资产监督管理委员会,地方国有企业,-,行情酝酿中,-,实体经济,-,行业成熟稳定,传统行业,-,-
000419.SZ,000419,通程控股,迷你盘,可选消费,一般零售,百货商店,湖南,5.91,主板,-,-,-,-,1996/8/16,长沙市人民政府国有资产监督管理委员会,地方国有企业,-,表现超预期,-,实体经济,-,行业成熟稳定,传统行业,-,-
000420.SZ,000420,吉林化纤,大盘股,原材料,化学纤维,粘胶,吉林,5.23,主板,火山口 派出小部队勇吃鱼身,-,-,-,1996/8/2,吉林省吉林市人民政府国有资产监督管理委员会,地方国有企业,β高股息低波动 适合防御,表现超预期,-,-,化工,行业成熟稳定,传统行业,耐用品,-
000421.SZ,000421,南京公用,迷你盘,公用事业,燃气,燃气,江苏,6.01,主板,-,-,-,-,1996/8/6,南京市人民政府国有资产监督管理委员会,地方国有企业,-,行情酝酿中,-,-,民生,行业成熟稳定,传统行业,消耗品,-
000422.SZ,000422,湖北宜化,大盘股,原材料,化学原料,氯碱,湖北,15.83,主板,火山口 派出小部队勇吃鱼身,-,-,-,1996/8/15,宜昌市人民政府国有资产监督管理委员会,地方国有企业,β高股息低波动 适合防御,行情酝酿中,-,-,粮食,行业成熟稳定,传统行业,消耗品,-
000423.SZ,000423,东阿阿胶,大盘股,医药卫生,中药,中成药,山东,54.03,主板,火山口 派出小部队勇吃鱼身,-,-,-,1996/7/29,国务院国有资产监督管理委员会,中央企业,β高股息低波动 适合防御,行情酝酿中,大健康,-,-,行业成熟稳定,传统行业,消耗品,有量化参与
000425.SZ,000425,徐工机械,大盘股,工业,专用机械,工程机械,江苏,9.95,主板,-,-,-,-,1996/8/28,徐州市人民政府,地方国有企业,β高股息低波动 适合防御,行情酝酿中,-,-,制造业(工业母机),行业成熟稳定,高新技术产业,耐用品,-
000426.SZ,000426,兴业银锡,大盘股,原材料,其他有色金属及合金,其他有色金属及合金,内蒙,44.28,主板,-,-,-,-,1996/8/28,吉兴业,民营企业,β高股息低波动 适合防御,行情酝酿中,新能源,-,-,行业成熟稳定,传统行业,消耗品,-
000428.SZ,000428,华天酒店,小盘股,可选消费,休闲服务,酒店,湖南,3.82,主板,-,-,-,-,1996/8/8,湖南省人民政府国有资产监督管理委员会,地方国有企业,-,行情酝酿中,-,实体经济,-,行业成熟稳定,传统行业,-,-
000429.SZ,000429,粤高速Ａ,迷你盘,NA,NA,NA,广东,12.7,主板,火山口 派出小部队勇吃鱼身,-,-,-,1998/2/20,广东省人民政府国有资产监督管理委员会,地方国有企业,-,行情酝酿中,-,-,交通,行业成熟稳定,传统行业,-,-
000430.SZ,000430,ST张家界,小盘股,可选消费,休闲服务,景点,湖南,7.98,主板,-,-,-,-,1996/8/29,张家界市人民政府国有资产监督管理委员会,地方国有企业,-,行情酝酿中,-,实体经济,-,行业成熟稳定,传统行业,-,-
000488.SZ,000488,ST晨鸣,迷你盘,原材料,纸类与林业产品,纸制品,山东,2.63,主板,火山口 派出小部队勇吃鱼身,-,-,-,2000/11/20,寿光市地方金融监督管理局(寿光市国有资产监督管理局),地方国有企业,-,行情酝酿中,-,-,化工,行业成熟稳定,传统行业,消耗品,-
000498.SZ,000498,山东路桥,小盘股,工业,建筑与工程,基础设施建设,山东,6.05,主板,火山口 派出小部队勇吃鱼身,连续多天小涨 龟壳战术吃鱼头,-,-,1997/6/9,山东省人民政府国有资产监督管理委员会,地方国有企业,-,行情酝酿中,-,房地产产业链,-,行业成熟稳定,传统行业,耐用品,-
000501.SZ,000501,武商集团,迷你盘,可选消费,一般零售,百货商店,湖北,8.51,主板,火山口 派出小部队勇吃鱼身,-,-,-,1992/11/20,武汉市人民政府国有资产监督管理委员会,地方国有企业,-,行情酝酿中,-,实体经济,-,行业成熟稳定,传统行业,-,-
000503.SZ,000503,国新健康,小盘股,信息技术,软件开发,行业应用软件,山东,7.57,主板,-,-,-,-,1992/11/30,国务院国有资产监督管理委员会,中央企业,-,行情酝酿中,国产替代,-,-,政策支持,传统行业,-,-
000504.SZ,000504,*ST生物,迷你盘,医药卫生,制药与生物科技服务,制药与生物科技服务,湖南,9.8,主板,火山口 派出小部队勇吃鱼身,-,-,-,1992/12/8,湖南省人民政府,地方国有企业,-,行情酝酿中,大健康,-,-,行业成熟稳定,传统行业,消耗品,-
000505.SZ,000505,京粮控股,小盘股,主要消费,食品,调味品与食用油,海南,6.59,主板,-,-,-,-,1992/12/21,北京市人民政府国有资产监督管理委员会,地方国有企业,-,行情酝酿中,大消费,-,-,行业成熟稳定,传统行业,消耗品,-
000506.SZ,000506,招金黄金,大盘股,原材料,贵金属,黄金,山东,17.03,主板,-,-,-,-,1993/3/12,招远市人民政府,地方国有企业,β高股息低波动 适合防御,表现超预期,大消费,-,-,行业成熟稳定,传统行业,耐用品,-
000507.SZ,000507,珠海港,小盘股,公用事业,电力及电网,风电,广东,5.27,主板,火山口 派出小部队勇吃鱼身,连续多天小涨 龟壳战术吃鱼头,-,-,1993/3/26,珠海市人民政府国有资产监督管理委员会,地方国有企业,-,行情酝酿中,-,特高压电力产业链,-,政策支持,高新技术产业,-,-
000509.SZ,000509,华塑控股,小盘股,信息技术,光学光电子,面板,四川,3.7,主板,火山口 派出小部队勇吃鱼身,-,-,-,1993/5/7,湖北省人民政府,地方国有企业,-,行情酝酿中,新科技,-,-,政策支持,高新技术产业,-,-
000510.SZ,000510,新金路,大盘股,原材料,化学原料,氯碱,四川,15.03,主板,-,-,-,-,1993/5/7,刘江东,民营企业,β高股息低波动 适合防御,表现超预期,-,-,化工,行业成熟稳定,传统行业,耐用品,-
000513.SZ,000513,丽珠集团,中盘股,医药卫生,化学药,药品制剂,广东,33.79,主板,-,-,-,-,1993/10/28,朱保国,民营企业,β高股息低波动 适合防御,行情酝酿中,大健康,-,-,政策支持,高新技术产业,消耗品,-
000514.SZ,000514,渝开发,迷你盘,房地产,房地产开发与园区,房地产开发,重庆,4.8,主板,-,-,-,-,1993/7/12,重庆市国有资产监督管理委员会,地方国有企业,-,行情酝酿中,-,-,-,行业成熟稳定,传统行业,耐用品,-
000516.SZ,000516,国际医学,中盘股,医药卫生,医疗商业与服务,医疗服务,陕西,4.62,主板,火山口 派出小部队勇吃鱼身,-,-,-,1993/8/9,刘建申,民营企业,β高股息低波动 适合防御,行情酝酿中,大健康,-,-,行业成熟稳定,传统行业,消耗品,-
000517.SZ,000517,荣安地产,迷你盘,房地产,房地产开发与园区,房地产开发,浙江,1.93,主板,-,-,-,-,1993/8/6,王久芳,民营企业,-,表现超预期,-,-,-,行业成熟稳定,传统行业,耐用品,-
000518.SZ,000518,*ST四环,小盘股,医药卫生,生物药品,其他生物药品,江苏,3.03,主板,火山口 派出小部队勇吃鱼身,-,-,-,1993/9/8,邱为碧,民营企业,-,行情酝酿中,大健康,-,-,政策支持,高新技术产业,消耗品,-
000519.SZ,000519,中兵红箭,中盘股,工业,国防装备,国防装备,河南,17.76,主板,火山口 派出小部队勇吃鱼身,-,-,-,1993/10/8,国务院国有资产监督管理委员会,中央企业,β高股息低波动 适合防御,行情酝酿中,-,-,制造业(工业母机),行业成熟稳定,高新技术产业,耐用品,-
000520.SZ,000520,凤凰航运,小盘股,工业,运输业,航运,湖北,4.17,主板,-,-,-,-,1993/10/25,李建明,民营企业,-,表现超预期,-,-,交通,行业成熟稳定,传统行业,-,-
000521.SZ,000521,长虹美菱,迷你盘,可选消费,家用电器,白色家电,安徽,5.7,主板,火山口 派出小部队勇吃鱼身,连续多天小涨 龟壳战术吃鱼头,-,-,1993/10/18,绵阳市国有资产监督管理委员会,地方国有企业,-,行情酝酿中,大消费,-,-,行业成熟稳定,传统行业,耐用品,-
000523.SZ,000523,红棉股份,小盘股,主要消费,食品,调味品与食用油,广东,3.22,主板,火山口 派出小部队勇吃鱼身,-,-,-,1993/11/8,广州市人民政府国有资产监督管理委员会,地方国有企业,-,行情酝酿中,大消费,-,-,行业成熟稳定,传统行业,消耗品,-
000524.SZ,000524,岭南控股,中盘股,可选消费,休闲服务,旅游服务,广东,10.47,主板,-,-,-,-,1993/11/18,广州市人民政府国有资产监督管理委员会,地方国有企业,β高股息低波动 适合防御,行情酝酿中,-,实体经济,-,行业成熟稳定,传统行业,-,-
000525.SZ,000525,红太阳,小盘股,原材料,农用化工,农药,江苏,5.77,主板,-,-,-,-,1993/10/28,曲靖高新技术产业开发区管理委员会,地方国有企业,-,行情酝酿中,-,-,粮食,行业成熟稳定,传统行业,消耗品,-
000526.SZ,000526,学大教育,迷你盘,可选消费,教育服务,学历教育,福建,31.81,主板,-,-,-,-,1993/11/1,金鑫,民营企业,-,行情酝酿中,-,-,文化体育,行业成熟稳定,传统行业,-,-
000528.SZ,000528,柳工,中盘股,工业,专用机械,工程机械,广西,9.54,主板,火山口 派出小部队勇吃鱼身,-,-,-,1993/11/18,广西壮族自治区人民政府国有资产监督管理委员会,地方国有企业,β高股息低波动 适合防御,行情酝酿中,-,-,制造业(工业母机),行业成熟稳定,高新技术产业,耐用品,-
000529.SZ,000529,广弘控股,迷你盘,主要消费,食品,肉制品,广东,5.67,主板,火山口 派出小部队勇吃鱼身,-,-,-,1993/11/18,广东省出版集团有限公司,地方国有企业,-,行情酝酿中,大消费,-,-,行业成熟稳定,传统行业,消耗品,-
000530.SZ,000530,冰山冷热,小盘股,工业,通用机械,其他通用机械,辽宁,5.98,主板,-,-,-,-,1993/12/8,无实际控制人,其他,-,行情酝酿中,-,-,制造业(工业母机),行业成熟稳定,传统行业,耐用品,-
000531.SZ,000531,穗恒运Ａ,小盘股,NA,NA,NA,广东,6.72,主板,火山口 派出小部队勇吃鱼身,连续多天小涨 龟壳战术吃鱼头,-,-,1994/1/6,广州开发区管理委员会,地方国有企业,-,行情酝酿中,-,特高压电力产业链,-,行业成熟稳定,传统行业,-,-
000532.SZ,000532,华金资本,小盘股,金融,其他资本市场,资产管理,广东,13.76,主板,火山口 派出小部队勇吃鱼身,-,-,-,1994/1/3,珠海市人民政府国有资产监督管理委员会,地方国有企业,-,行情酝酿中,大金融,-,-,行业成熟稳定,传统行业,-,-
000533.SZ,000533,顺钠股份,大盘股,工业,电网设备,输变电设备,广东,15.04,主板,-,-,-,高人气,1994/1/3,无实际控制人,其他,β高股息低波动 适合防御,表现超预期,新科技,特高压电力产业链,-,政策支持,高新技术产业,耐用品,-
000534.SZ,000534,万泽股份,大盘股,医药卫生,生物药品,其他生物药品,广东,43.47,主板,-,-,-,-,1994/1/10,林伟光,民营企业,β高股息低波动 适合防御,表现超预期,大健康,-,-,政策支持,高新技术产业,消耗品,-
000536.SZ,000536,华映科技,中盘股,信息技术,光学光电子,面板,福建,4.26,主板,火山口 派出小部队勇吃鱼身,-,-,-,1993/11/26,福建省人民政府国有资产监督管理委员会,地方国有企业,β高股息低波动 适合防御,行情酝酿中,新科技,-,-,政策支持,高新技术产业,-,-
000537.SZ,000537,绿发电力,中盘股,公用事业,电力及电网,风电,天津,10.07,主板,火山口 派出小部队勇吃鱼身,连续多天小涨 龟壳战术吃鱼头,-,-,1993/12/10,国务院国有资产监督管理委员会,中央企业,β高股息低波动 适合防御,行情酝酿中,-,特高压电力产业链,-,政策支持,高新技术产业,-,-
000538.SZ,000538,云南白药,大盘股,医药卫生,中药,中成药,云南,55.29,主板,火山口 派出小部队勇吃鱼身,连续多天小涨 龟壳战术吃鱼头,-,-,1993/12/15,无实际控制人,其他,β高股息低波动 适合防御,行情酝酿中,大健康,-,-,行业成熟稳定,传统行业,消耗品,-
000539.SZ,000539,粤电力Ａ,大盘股,NA,NA,NA,广东,5.71,主板,-,-,-,-,1993/11/26,广东省人民政府国有资产监督管理委员会,地方国有企业,β高股息低波动 适合防御,行情酝酿中,-,特高压电力产业链,-,行业成熟稳定,传统行业,-,-
000541.SZ,000541,佛山照明,迷你盘,可选消费,家用电器,照明电器,广东,5.7,主板,火山口 派出小部队勇吃鱼身,连续多天小涨 龟壳战术吃鱼头,-,-,1993/11/23,广东省人民政府国有资产监督管理委员会,地方国有企业,-,行情酝酿中,大消费,-,-,行业成熟稳定,传统行业,耐用品,-
000543.SZ,000543,皖能电力,中盘股,公用事业,电力及电网,火电,安徽,8.07,主板,火山口 派出小部队勇吃鱼身,连续多天小涨 龟壳战术吃鱼头,-,-,1993/12/20,安徽省人民政府国有资产监督管理委员会,地方国有企业,β高股息低波动 适合防御,行情酝酿中,-,特高压电力产业链,-,行业成熟稳定,传统行业,-,-
000544.SZ,000544,中原环保,迷你盘,工业,污染治理,污水处理,河南,8.19,主板,火山口 派出小部队勇吃鱼身,连续多天小涨 龟壳战术吃鱼头,-,-,1993/12/8,郑州市人民政府,地方国有企业,-,行情酝酿中,-,-,民生,行业成熟稳定,传统行业,-,-
000545.SZ,000545,金浦钛业,小盘股,原材料,化学原料,钛白粉,吉林,3.04,主板,火山口 派出小部队勇吃鱼身,-,-,-,1993/12/15,郭金东,民营企业,-,行情酝酿中,-,-,化工,行业成熟稳定,传统行业,耐用品,-
000546.SZ,000546,金圆股份,大盘股,工业,节能与生态修复,节能与资源回收,吉林,6.83,主板,-,-,-,高人气,1993/12/15,赵璧生,民营企业,β高股息低波动 适合防御,表现超预期,-,-,民生,行业成熟稳定,传统行业,-,-
000547.SZ,000547,航天发展,大盘股,工业,国防装备,国防装备,福建,26.98,主板,火山口 派出小部队勇吃鱼身,-,-,-,1993/11/30,国务院国有资产监督管理委员会,中央企业,β高股息低波动 适合防御,行情酝酿中,新基建,-,-,政策支持,高新技术产业,-,-
000548.SZ,000548,湖南投资,迷你盘,工业,交通基本设施,高速公路,湖南,5.21,主板,火山口 派出小部队勇吃鱼身,-,-,-,1993/12/20,长沙市人民政府,地方国有企业,-,行情酝酿中,-,-,交通,行业成熟稳定,传统行业,-,-
000550.SZ,000550,江铃汽车,小盘股,工业,交通运输设备,商用车,江西,18.97,主板,-,-,-,-,1993/12/1,南昌市国有资产监督管理委员会,地方国有企业,-,行情酝酿中,-,智能汽车产业链,-,政策支持,传统行业,耐用品,-
000551.SZ,000551,创元科技,小盘股,工业,污染治理,烟气治理,江苏,14.24,主板,火山口 派出小部队勇吃鱼身,连续多天小涨 龟壳战术吃鱼头,-,-,1994/1/6,苏州市人民政府国有资产监督管理委员会,地方国有企业,-,行情酝酿中,-,-,制造业(工业母机),行业成熟稳定,高新技术产业,耐用品,-
000552.SZ,000552,甘肃能化,大盘股,能源,煤炭,煤炭,甘肃,2.66,主板,-,-,-,-,1994/1/6,甘肃省人民政府国有资产监督管理委员会,地方国有企业,β高股息低波动 适合防御,行情酝酿中,-,-,能源,行业成熟稳定,传统行业,消耗品,-
000553.SZ,000553,安道麦A,迷你盘,原材料,农用化工,农药,湖北,6.21,主板,-,-,-,-,1993/12/3,国务院国有资产监督管理委员会,中央企业,-,行情酝酿中,-,-,粮食,行业成熟稳定,传统行业,消耗品,-
000554.SZ,000554,泰山石油,中盘股,能源,石油与天然气,油气流通及其他,山东,7.92,主板,-,-,-,-,1993/12/15,国务院国有资产监督管理委员会,中央企业,β高股息低波动 适合防御,表现超预期,-,-,能源,行业成熟稳定,传统行业,消耗品,-
000555.SZ,000555,神州信息,大盘股,信息技术,软件开发,行业应用软件,深圳,15.84,主板,-,-,-,-,1994/4/8,无实际控制人,其他,β高股息低波动 适合防御,表现超预期,国产替代,-,-,政策支持,传统行业,-,-
000557.SZ,000557,西部创业,迷你盘,工业,运输业,铁路运输,宁夏,4.68,主板,火山口 派出小部队勇吃鱼身,连续多天小涨 龟壳战术吃鱼头,-,-,1994/6/17,宁夏回族自治区人民政府,地方国有企业,-,行情酝酿中,-,-,交通,行业成熟稳定,传统行业,-,-
000558.SZ,000558,天府文旅,中盘股,可选消费,休闲服务,景点,四川,4.47,主板,火山口 派出小部队勇吃鱼身,-,-,-,1994/5/9,成都市国有资产监督管理委员会,地方国有企业,β高股息低波动 适合防御,行情酝酿中,-,实体经济,-,行业成熟稳定,传统行业,-,-
000559.SZ,000559,万向钱潮,大盘股,可选消费,汽车零部件与轮胎,汽车系统部件,浙江,16.29,主板,-,-,-,-,1994/1/10,鲁伟鼎,民营企业,β高股息低波动 适合防御,表现超预期,-,智能汽车产业链,-,政策支持,传统行业,消耗品,-
000560.SZ,000560,我爱我家,大盘股,房地产,房地产管理与服务,房地产服务,云南,3,主板,火山口 派出小部队勇吃鱼身,-,-,-,1994/2/2,谢勇,民营企业,β高股息低波动 适合防御,行情酝酿中,-,房地产产业链,-,行业成熟稳定,传统行业,耐用品,-
000561.SZ,000561,烽火电子,中盘股,通信服务,通信设备,通信终端设备及组件,陕西,9.98,主板,火山口 派出小部队勇吃鱼身,连续多天小涨 龟壳战术吃鱼头,-,-,1994/5/9,陕西省人民政府国有资产监督管理委员会,地方国有企业,β高股息低波动 适合防御,行情酝酿中,新基建,-,-,政策支持,高新技术产业,-,-
000563.SZ,000563,陕国投Ａ,小盘股,NA,NA,NA,陕西,3.36,主板,火山口 派出小部队勇吃鱼身,连续多天小涨 龟壳战术吃鱼头,-,-,1994/1/10,陕西省人民政府国有资产监督管理委员会,地方国有企业,-,行情酝酿中,大金融,-,-,行业成熟稳定,传统行业,-,-
000564.SZ,000564,供销大集,大盘股,可选消费,一般零售,百货商店,陕西,1.9,主板,火山口 派出小部队勇吃鱼身,连续多天小涨 龟壳战术吃鱼头,-,-,1994/1/10,中华全国供销合作总社,中央企业,β高股息低波动 适合防御,行情酝酿中,-,实体经济,-,行业成熟稳定,传统行业,-,-
000565.SZ,000565,渝三峡Ａ,迷你盘,NA,NA,NA,重庆,7.25,主板,火山口 派出小部队勇吃鱼身,-,-,-,1994/4/8,重庆市国有资产监督管理委员会,地方国有企业,-,行情酝酿中,-,房地产产业链,-,行业成熟稳定,传统行业,耐用品,-
000566.SZ,000566,海南海药,中盘股,医药卫生,化学药,药品制剂,海南,5.51,主板,火山口 派出小部队勇吃鱼身,连续多天小涨 龟壳战术吃鱼头,-,-,1994/5/25,国务院国有资产监督管理委员会,中央企业,β高股息低波动 适合防御,行情酝酿中,大健康,-,-,政策支持,高新技术产业,消耗品,-
000567.SZ,000567,海德股份,迷你盘,金融,其他资本市场,资产管理,海南,5.34,主板,-,-,-,-,1994/5/25,王广西,民营企业,-,表现超预期,大金融,-,-,行业成熟稳定,传统行业,-,-
000568.SZ,000568,泸州老窖,大盘股,主要消费,酒,白酒,四川,101.2,主板,火山口 派出小部队勇吃鱼身,-,-,-,1994/5/9,泸州市国有资产监督管理委员会,地方国有企业,β高股息低波动 适合防御,行情酝酿中,大消费,-,-,行业成熟稳定,传统行业,消耗品,有量化参与
000570.SZ,000570,苏常柴Ａ,大盘股,NA,NA,NA,江苏,6.61,主板,-,-,-,高人气,1994/7/1,常州市人民政府国有资产监督管理委员会,地方国有企业,β高股息低波动 适合防御,表现超预期,-,-,制造业(工业母机),行业成熟稳定,传统行业,耐用品,-
000571.SZ,000571,新大洲A,中盘股,能源,煤炭,煤炭,海南,5.79,主板,-,-,有涨停 火山口战法吃鱼身,高人气,1994/5/25,王文锋,民营企业,β高股息低波动 适合防御,表现超预期,-,-,能源,行业成熟稳定,传统行业,消耗品,-
000572.SZ,000572,海马汽车,中盘股,可选消费,乘用车,乘用车,海南,5.74,主板,-,-,-,-,1994/8/8,景柱,民营企业,β高股息低波动 适合防御,行情酝酿中,-,智能汽车产业链,-,政策支持,传统行业,耐用品,-
000573.SZ,000573,粤宏远Ａ,中盘股,NA,NA,NA,广东,4.85,主板,-,-,-,-,1994/8/15,陈海涛,民营企业,β高股息低波动 适合防御,表现超预期,-,-,-,行业成熟稳定,传统行业,耐用品,-
000576.SZ,000576,甘化科工,小盘股,工业,国防装备,国防装备,广东,9.8,主板,火山口 派出小部队勇吃鱼身,连续多天小涨 龟壳战术吃鱼头,-,-,1994/9/7,胡成中,民营企业,-,行情酝酿中,新科技,特高压电力产业链,-,政策支持,高新技术产业,耐用品,-
000581.SZ,000581,威孚高科,大盘股,可选消费,汽车零部件与轮胎,汽车系统部件,江苏,19.19,主板,火山口 派出小部队勇吃鱼身,-,-,-,1998/9/24,无锡市人民政府国有资产监督管理委员会,地方国有企业,β高股息低波动 适合防御,行情酝酿中,-,智能汽车产业链,-,政策支持,传统行业,消耗品,有量化参与
000582.SZ,000582,北部湾港,中盘股,工业,交通基本设施,港口,广西,10.78,主板,-,-,-,-,1995/11/2,广西壮族自治区人民政府国有资产监督管理委员会,地方国有企业,β高股息低波动 适合防御,行情酝酿中,-,-,交通,行业成熟稳定,传统行业,-,-
000586.SZ,000586,汇源通信,大盘股,通信服务,通信设备,通信系统设备及组件,四川,19.4,主板,-,-,-,-,1995/12/20,无实际控制人,其他,β高股息低波动 适合防御,表现超预期,新基建,-,-,政策支持,高新技术产业,-,有量化参与
000589.SZ,000589,贵州轮胎,小盘股,可选消费,汽车零部件与轮胎,轮胎,贵州,4.56,主板,火山口 派出小部队勇吃鱼身,-,-,-,1996/3/8,贵州省人民政府国有资产监督管理委员会,地方国有企业,-,行情酝酿中,-,智能汽车产业链,-,政策支持,传统行业,消耗品,-
000590.SZ,000590,古汉医药,小盘股,医药卫生,中药,中成药,湖南,11.19,主板,-,-,-,-,1996/1/19,江琎,民营企业,-,行情酝酿中,大健康,-,-,行业成熟稳定,传统行业,消耗品,-
000591.SZ,000591,太阳能,中盘股,公用事业,电力及电网,光伏发电,重庆,5.34,主板,火山口 派出小部队勇吃鱼身,连续多天小涨 龟壳战术吃鱼头,-,-,1996/2/8,国务院国有资产监督管理委员会,中央企业,β高股息低波动 适合防御,行情酝酿中,-,特高压电力产业链,-,政策支持,高新技术产业,-,-
000592.SZ,000592,平潭发展,大盘股,原材料,纸类与林业产品,林业产品,福建,10.94,主板,-,-,-,-,1996/3/27,刘平山,民营企业,β高股息低波动 适合防御,行情酝酿中,-,-,民生,行业成熟稳定,传统行业,耐用品,-
000593.SZ,000593,德龙汇能,大盘股,公用事业,燃气,燃气,四川,18.76,主板,-,-,有涨停 火山口战法吃鱼身,高人气,1996/3/12,孙维佳,民营企业,β高股息低波动 适合防御,表现超预期,-,-,民生,行业成熟稳定,传统行业,消耗品,-
000595.SZ,000595,*ST宝实,中盘股,公用事业,电力及电网,风电,宁夏,6.88,主板,火山口 派出小部队勇吃鱼身,-,-,-,1996/4/19,宁夏回族自治区人民政府,地方国有企业,β高股息低波动 适合防御,表现超预期,-,特高压电力产业链,-,政策支持,高新技术产业,-,-
000596.SZ,000596,古井贡酒,中盘股,主要消费,酒,白酒,安徽,105.3,主板,火山口 派出小部队勇吃鱼身,-,-,-,1996/9/27,亳州市财政局(亳州市政府国有资产监督管理委员会),地方国有企业,β高股息低波动 适合防御,行情酝酿中,大消费,-,-,行业成熟稳定,传统行业,消耗品,有量化参与
000597.SZ,000597,东北制药,小盘股,医药卫生,化学药,药品制剂,辽宁,5.34,主板,-,-,-,-,1996/5/23,方威,民营企业,-,行情酝酿中,大健康,-,-,政策支持,高新技术产业,消耗品,-
000598.SZ,000598,兴蓉环境,小盘股,公用事业,水务,水务,四川,6.62,主板,火山口 派出小部队勇吃鱼身,连续多天小涨 龟壳战术吃鱼头,-,-,1996/5/29,成都市国有资产监督管理委员会,地方国有企业,-,行情酝酿中,-,-,民生,行业成熟稳定,传统行业,耐用品,-
000599.SZ,000599,青岛双星,迷你盘,可选消费,汽车零部件与轮胎,轮胎,山东,5.39,主板,火山口 派出小部队勇吃鱼身,-,-,-,1996/4/30,青岛市人民政府国有资产监督管理委员会,地方国有企业,-,行情酝酿中,-,智能汽车产业链,-,政策支持,传统行业,消耗品,-
000600.SZ,000600,建投能源,中盘股,公用事业,电力及电网,火电,河北,9.42,主板,火山口 派出小部队勇吃鱼身,连续多天小涨 龟壳战术吃鱼头,-,-,1996/6/6,河北省人民政府国有资产监督管理委员会,地方国有企业,β高股息低波动 适合防御,行情酝酿中,-,特高压电力产业链,-,行业成熟稳定,传统行业,-,-
000601.SZ,000601,韶能股份,大盘股,公用事业,电力及电网,水电,广东,6.63,主板,火山口 派出小部队勇吃鱼身,连续多天小涨 龟壳战术吃鱼头,-,-,1996/8/30,无实际控制人,其他,β高股息低波动 适合防御,行情酝酿中,-,特高压电力产业链,-,行业成熟稳定,传统行业,-,-
000603.SZ,000603,盛达资源,大盘股,原材料,工业金属,铅锌,北京,41.04,主板,火山口 派出小部队勇吃鱼身,-,-,-,1996/8/23,赵满堂,民营企业,β高股息低波动 适合防御,行情酝酿中,新能源,-,-,行业成熟稳定,传统行业,消耗品,-
000605.SZ,000605,渤海股份,迷你盘,公用事业,水务,水务,北京,6.71,主板,-,-,-,-,1996/9/13,天津市人民政府国有资产监督管理委员会,地方国有企业,-,行情酝酿中,-,-,民生,行业成熟稳定,传统行业,耐用品,-
000607.SZ,000607,华媒控股,迷你盘,通信服务,营销与广告,其他广告营销,浙江,4.03,主板,-,-,-,-,1996/8/30,杭州日报报业集团(杭州日报社),地方国有企业,-,行情酝酿中,-,电子商务产业链,-,行业成熟稳定,传统行业,-,-
000608.SZ,000608,*ST阳光,小盘股,房地产,房地产管理与服务,房地产服务,广西,3.97,主板,-,-,-,-,1996/9/19,刘丹,民营企业,-,表现超预期,-,-,-,行业成熟稳定,传统行业,耐用品,-
000609.SZ,000609,ST中迪,小盘股,房地产,房地产开发与园区,房地产开发,北京,9.76,主板,-,-,-,-,1996/10/10,门洪达,民营企业,-,表现超预期,-,-,-,行业成熟稳定,传统行业,耐用品,-
000610.SZ,000610,西安旅游,中盘股,可选消费,休闲服务,旅游服务,陕西,9.18,主板,-,-,-,-,1996/9/26,西安曲江新区管理委员会,地方国有企业,β高股息低波动 适合防御,表现超预期,-,实体经济,-,行业成熟稳定,传统行业,-,-
000612.SZ,000612,焦作万方,大盘股,原材料,工业金属,铝,河南,13.8,主板,-,-,有涨停 火山口战法吃鱼身,-,1996/9/26,钭正刚,民营企业,β高股息低波动 适合防御,表现超预期,-,军工高铁产业链,-,行业成熟稳定,传统行业,消耗品,-
000615.SZ,000615,*ST美谷,迷你盘,医药卫生,医疗商业与服务,医疗服务,湖北,3.4,主板,火山口 派出小部队勇吃鱼身,连续多天小涨 龟壳战术吃鱼头,-,-,1996/10/16,无实际控制人,其他,-,行情酝酿中,大健康,-,-,行业成熟稳定,传统行业,消耗品,-
000617.SZ,000617,中油资本,大盘股,金融,其他金融服务,其他综合性金融服务,新疆,9.43,主板,-,-,-,-,1996/10/22,中国石油天然气集团有限公司,中央企业,β高股息低波动 适合防御,行情酝酿中,大金融,-,-,行业成熟稳定,传统行业,-,-
000619.SZ,000619,海螺新材,迷你盘,工业,建筑产品,建筑产品,安徽,5.81,主板,-,-,-,-,1996/10/23,安徽省人民政府国有资产监督管理委员会,地方国有企业,-,行情酝酿中,-,房地产产业链,-,行业成熟稳定,传统行业,耐用品,-
000620.SZ,000620,盈新发展,大盘股,房地产,房地产开发与园区,房地产开发,北京,2.86,主板,-,-,-,-,1996/10/29,王赓宇,民营企业,β高股息低波动 适合防御,表现超预期,-,房地产产业链,-,行业成熟稳定,传统行业,耐用品,-
000623.SZ,000623,吉林敖东,中盘股,医药卫生,中药,中成药,吉林,18.21,主板,火山口 派出小部队勇吃鱼身,连续多天小涨 龟壳战术吃鱼头,-,-,1996/10/28,李秀林,民营企业,β高股息低波动 适合防御,行情酝酿中,大健康,-,-,行业成熟稳定,传统行业,消耗品,-
000625.SZ,000625,长安汽车,大盘股,可选消费,乘用车,乘用车,重庆,10.06,主板,火山口 派出小部队勇吃鱼身,连续多天小涨 龟壳战术吃鱼头,-,-,1997/6/10,国务院国有资产监督管理委员会,中央企业,β高股息低波动 适合防御,行情酝酿中,-,智能汽车产业链,-,政策支持,传统行业,耐用品,-
000626.SZ,000626,远大控股,小盘股,工业,商业服务与用品,贸易商,江苏,8.38,主板,-,-,-,-,1996/11/28,胡凯军,民营企业,-,表现超预期,-,实体经济,-,行业成熟稳定,传统行业,-,-
000628.SZ,000628,高新发展,大盘股,工业,建筑与工程,房屋建设,四川,61.19,主板,火山口 派出小部队勇吃鱼身,-,-,-,1996/11/18,成都高新技术产业开发区管理委员会,地方国有企业,β高股息低波动 适合防御,表现超预期,-,房地产产业链,-,行业成熟稳定,传统行业,耐用品,-
000629.SZ,000629,钒钛股份,大盘股,原材料,稀有金属,其他稀有金属,四川,3.51,主板,火山口 派出小部队勇吃鱼身,-,-,-,1996/11/15,鞍钢集团有限公司,中央企业,β高股息低波动 适合防御,行情酝酿中,新能源,-,-,行业成熟稳定,传统行业,消耗品,-
000630.SZ,000630,铜陵有色,大盘股,原材料,工业金属,铜,安徽,6.43,主板,火山口 派出小部队勇吃鱼身,-,-,-,1996/11/20,安徽省人民政府国有资产监督管理委员会,地方国有企业,β高股息低波动 适合防御,行情酝酿中,新能源,特高压电力产业链,-,行业成熟稳定,传统行业,消耗品,-
000631.SZ,000631,顺发恒能,小盘股,房地产,房地产开发与园区,房地产开发,浙江,3.2,主板,-,-,-,-,1996/11/22,鲁伟鼎,民营企业,-,行情酝酿中,-,实体经济,-,行业成熟稳定,传统行业,-,-
000632.SZ,000632,三木集团,小盘股,工业,商业服务与用品,贸易商,福建,4.43,主板,-,-,-,-,1996/11/21,福州经济技术开发区财政局,地方国有企业,-,行情酝酿中,-,实体经济,-,行业成熟稳定,传统行业,-,-
000633.SZ,000633,合金投资,迷你盘,原材料,其他有色金属及合金,其他有色金属及合金,新疆,6.78,主板,-,-,-,-,1996/11/12,王云章,民营企业,-,行情酝酿中,新能源,-,-,行业成熟稳定,传统行业,消耗品,-
000635.SZ,000635,英力特,迷你盘,NA,NA,NA,宁夏,8.12,主板,火山口 派出小部队勇吃鱼身,-,-,-,1996/11/20,国务院国有资产监督管理委员会,中央企业,-,行情酝酿中,-,-,化工,行业成熟稳定,传统行业,耐用品,-
000636.SZ,000636,风华高科,大盘股,信息技术,电子元件,被动元件,广东,21.99,主板,-,-,-,-,1996/11/29,广东省人民政府国有资产监督管理委员会,地方国有企业,β高股息低波动 适合防御,表现超预期,新科技,-,-,政策支持,高新技术产业,-,-
000637.SZ,000637,茂化实华,迷你盘,原材料,化学原料,其他化学原料,广东,4.35,主板,-,-,-,-,1996/11/14,茂名市人民政府国有资产监督管理委员会,地方国有企业,-,行情酝酿中,-,-,能源,行业成熟稳定,传统行业,消耗品,-
000639.SZ,000639,西王食品,中盘股,主要消费,食品,调味品与食用油,山东,2.14,主板,-,-,-,-,1996/11/26,王勇,民营企业,β高股息低波动 适合防御,行情酝酿中,大消费,-,-,行业成熟稳定,传统行业,消耗品,-
000650.SZ,000650,仁和药业,小盘股,医药卫生,中药,中成药,江西,5.8,主板,火山口 派出小部队勇吃鱼身,-,-,-,1996/12/10,杨文龙,民营企业,-,行情酝酿中,大健康,-,-,行业成熟稳定,传统行业,消耗品,-
000651.SZ,000651,格力电器,大盘股,可选消费,家用电器,白色家电,广东,36.95,主板,火山口 派出小部队勇吃鱼身,连续多天小涨 龟壳战术吃鱼头,-,-,1996/11/18,无实际控制人,其他,β高股息低波动 适合防御,行情酝酿中,大消费,-,-,行业成熟稳定,传统行业,耐用品,-
000652.SZ,000652,泰达股份,小盘股,工业,商业服务与用品,贸易商,天津,4.15,主板,火山口 派出小部队勇吃鱼身,连续多天小涨 龟壳战术吃鱼头,-,-,1996/11/28,天津市人民政府国有资产监督管理委员会,地方国有企业,-,行情酝酿中,-,实体经济,-,行业成熟稳定,传统行业,-,-
000655.SZ,000655,金岭矿业,小盘股,原材料,钢铁,其他钢铁,山东,8.55,主板,火山口 派出小部队勇吃鱼身,-,-,-,1996/11/28,山东省人民政府国有资产监督管理委员会,地方国有企业,-,行情酝酿中,-,-,能源,行业成熟稳定,传统行业,消耗品,-
000656.SZ,000656,*ST金科,中盘股,房地产,房地产开发与园区,房地产开发,重庆,1.46,主板,-,-,-,-,1996/11/28,黄红云,民营企业,β高股息低波动 适合防御,表现超预期,-,房地产产业链,-,行业成熟稳定,传统行业,耐用品,-
000657.SZ,000657,中钨高新,大盘股,原材料,稀有金属,钨钼,海南,56.12,主板,-,-,有涨停 火山口战法吃鱼身,高人气,1996/12/5,中国五矿集团有限公司,中央企业,β高股息低波动 适合防御,表现超预期,新能源,-,-,行业成熟稳定,传统行业,消耗品,-
000659.SZ,000659,珠海中富,小盘股,原材料,容器与包装,金属、玻璃与塑料包装,广东,4.11,主板,-,-,-,-,1996/12/3,无实际控制人,其他,-,表现超预期,-,电子商务产业链,-,行业成熟稳定,传统行业,-,-
000661.SZ,000661,长春高新,中盘股,医药卫生,生物药品,其他生物药品,吉林,86.62,主板,火山口 派出小部队勇吃鱼身,连续多天小涨 龟壳战术吃鱼头,-,-,1996/12/18,长春新区国有资产监督管理局,地方国有企业,β高股息低波动 适合防御,行情酝酿中,大健康,-,-,政策支持,高新技术产业,消耗品,-
000663.SZ,000663,永安林业,迷你盘,原材料,纸类与林业产品,林业产品,福建,6.35,主板,-,-,-,-,1996/12/6,国务院国有资产监督管理委员会,中央企业,-,行情酝酿中,-,-,民生,行业成熟稳定,传统行业,耐用品,-
000665.SZ,000665,湖北广电,小盘股,通信服务,文化娱乐,广播与电视,湖北,4.75,主板,-,-,-,-,1996/12/10,湖北省委宣传部,地方国有企业,-,行情酝酿中,-,-,文化体育,行业成熟稳定,传统行业,-,-
000668.SZ,000668,*ST荣控,小盘股,房地产,房地产开发与园区,房地产开发,山东,14.67,主板,火山口 派出小部队勇吃鱼身,-,-,-,1996/12/10,王征,外资,-,行情酝酿中,-,房地产产业链,-,行业成熟稳定,传统行业,耐用品,-
000669.SZ,000669,ST金鸿,小盘股,公用事业,燃气,燃气,湖南,4.46,主板,-,-,-,-,1996/12/10,徐博,民营企业,-,行情酝酿中,-,-,民生,行业成熟稳定,传统行业,消耗品,-
000670.SZ,000670,盈方微,中盘股,工业,商业服务与用品,贸易商,湖北,8.07,主板,火山口 派出小部队勇吃鱼身,-,-,-,1996/12/17,无实际控制人,其他,β高股息低波动 适合防御,表现超预期,新科技,-,-,政策支持,高新技术产业,-,-
000672.SZ,000672,上峰水泥,小盘股,原材料,建筑材料,水泥与混凝土,甘肃,13.5,主板,火山口 派出小部队勇吃鱼身,连续多天小涨 龟壳战术吃鱼头,-,-,1996/12/18,俞锋,民营企业,-,行情酝酿中,-,房地产产业链,-,行业成熟稳定,传统行业,耐用品,-
000676.SZ,000676,智度股份,小盘股,通信服务,营销与广告,数字营销,广东,7.7,主板,火山口 派出小部队勇吃鱼身,-,-,-,1996/12/24,无实际控制人,其他,-,行情酝酿中,国产替代,电子商务产业链,-,政策支持,传统行业,-,-
000677.SZ,000677,恒天海龙,中盘股,原材料,化学纤维,锦纶与涤纶,山东,4.55,主板,火山口 派出小部队勇吃鱼身,-,-,-,1996/12/26,胡兴荣,民营企业,β高股息低波动 适合防御,行情酝酿中,-,-,化工,行业成熟稳定,传统行业,耐用品,-
000678.SZ,000678,襄阳轴承,中盘股,可选消费,汽车零部件与轮胎,汽车系统部件,湖北,12.27,主板,-,-,-,-,1997/1/6,湖北省人民政府国有资产监督管理委员会,地方国有企业,β高股息低波动 适合防御,行情酝酿中,-,智能汽车产业链,-,政策支持,传统行业,消耗品,-
000679.SZ,000679,大连友谊,迷你盘,可选消费,一般零售,百货商店,辽宁,6.76,主板,-,-,-,-,1997/1/24,陈志祥,民营企业,-,行情酝酿中,-,实体经济,-,行业成熟稳定,传统行业,-,-
000680.SZ,000680,山推股份,中盘股,工业,专用机械,工程机械,山东,11.76,主板,火山口 派出小部队勇吃鱼身,连续多天小涨 龟壳战术吃鱼头,-,-,1997/1/22,山东省人民政府国有资产监督管理委员会,地方国有企业,β高股息低波动 适合防御,行情酝酿中,-,-,制造业(工业母机),行业成熟稳定,高新技术产业,耐用品,-
000681.SZ,000681,视觉中国,大盘股,通信服务,数字媒体,图文媒体,江苏,21.02,主板,火山口 派出小部队勇吃鱼身,-,-,-,1997/1/21,吴玉瑞,民营企业,β高股息低波动 适合防御,行情酝酿中,国产替代,电子商务产业链,-,政策支持,传统行业,-,-
000682.SZ,000682,东方电子,中盘股,工业,电网设备,电网自动化,山东,13.12,主板,-,连续多天小涨 龟壳战术吃鱼头,-,-,1997/1/21,烟台市人民政府国有资产监督管理委员会,地方国有企业,β高股息低波动 适合防御,表现超预期,新科技,特高压电力产业链,-,政策支持,高新技术产业,耐用品,-
000683.SZ,000683,博源化工,大盘股,原材料,化学原料,纯碱,内蒙,8.44,主板,-,-,-,-,1997/1/31,戴连荣,民营企业,β高股息低波动 适合防御,行情酝酿中,-,-,化工,行业成熟稳定,传统行业,耐用品,-
000685.SZ,000685,中山公用,小盘股,公用事业,水务,水务,广东,11.17,主板,火山口 派出小部队勇吃鱼身,连续多天小涨 龟壳战术吃鱼头,-,-,1997/1/23,中山市人民政府国有资产监督管理委员会,地方国有企业,-,行情酝酿中,-,-,民生,行业成熟稳定,传统行业,耐用品,-
000686.SZ,000686,东北证券,小盘股,金融,证券公司,证券公司,吉林,8.3,主板,火山口 派出小部队勇吃鱼身,连续多天小涨 龟壳战术吃鱼头,-,-,1997/2/27,无实际控制人,其他,-,行情酝酿中,大金融,-,-,行业成熟稳定,传统行业,-,-
000688.SZ,000688,国城矿业,大盘股,原材料,稀有金属,钨钼,四川,45.4,主板,-,-,-,-,1997/1/20,吴城,民营企业,β高股息低波动 适合防御,表现超预期,新能源,-,-,行业成熟稳定,传统行业,消耗品,-
000690.SZ,000690,宝新能源,中盘股,公用事业,电力及电网,火电,广东,4.77,主板,火山口 派出小部队勇吃鱼身,连续多天小涨 龟壳战术吃鱼头,-,-,1997/1/28,叶华能,民营企业,β高股息低波动 适合防御,行情酝酿中,-,特高压电力产业链,-,行业成熟稳定,传统行业,-,-
000691.SZ,000691,*ST亚太,迷你盘,原材料,化学制品,其他化学制品,甘肃,8.08,主板,火山口 派出小部队勇吃鱼身,连续多天小涨 龟壳战术吃鱼头,-,-,1997/2/28,任晓更,民营企业,-,行情酝酿中,-,-,化工,行业成熟稳定,传统行业,耐用品,-
000692.SZ,000692,惠天热电,迷你盘,公用事业,供热及其他,供热及其他,辽宁,4.24,主板,火山口 派出小部队勇吃鱼身,-,-,-,1997/2/27,无实际控制人,其他,-,行情酝酿中,-,-,民生,行业成熟稳定,传统行业,消耗品,-
000695.SZ,000695,滨海能源,中盘股,工业,储能设备,电池部件及材料,天津,14.99,主板,-,连续多天小涨 龟壳战术吃鱼头,-,-,1997/2/18,杨雪岗,民营企业,β高股息低波动 适合防御,行情酝酿中,-,-,化工,行业成熟稳定,传统行业,耐用品,-
000697.SZ,000697,ST炼石,小盘股,工业,航空航天,航空,陕西,10.18,主板,-,-,-,-,1997/3/25,四川省政府国有资产监督管理委员会,地方国有企业,-,行情酝酿中,-,军工高铁产业链,-,政策支持,高新技术产业,-,-
000698.SZ,000698,ST沈化,迷你盘,原材料,化学制品,聚氨酯,辽宁,3.84,主板,-,-,-,-,1997/2/20,国务院国有资产监督管理委员会,中央企业,-,行情酝酿中,-,-,能源,行业成熟稳定,传统行业,消耗品,-
000700.SZ,000700,模塑科技,大盘股,可选消费,汽车零部件与轮胎,汽车内饰与外饰,江苏,11.73,主板,-,-,-,-,1997/2/28,曹明芳,民营企业,β高股息低波动 适合防御,表现超预期,-,智能汽车产业链,-,政策支持,传统行业,消耗品,-
000701.SZ,000701,厦门信达,迷你盘,工业,商业服务与用品,贸易商,福建,5.84,主板,火山口 派出小部队勇吃鱼身,-,-,-,1997/2/26,厦门市人民政府国有资产监督管理委员会,地方国有企业,-,行情酝酿中,-,实体经济,-,行业成熟稳定,传统行业,-,-
000702.SZ,000702,正虹科技,小盘股,主要消费,养殖,饲料,湖南,6.59,主板,-,-,-,-,1997/3/18,岳阳城陵矶综合保税区管理委员会,地方国有企业,-,行情酝酿中,-,-,粮食,行业成熟稳定,传统行业,消耗品,-
000703.SZ,000703,恒逸石化,大盘股,原材料,化学纤维,锦纶与涤纶,广西,15.11,主板,-,-,-,-,1997/3/28,邱建林,民营企业,β高股息低波动 适合防御,表现超预期,-,-,化工,行业成熟稳定,传统行业,耐用品,-
000705.SZ,000705,浙江震元,小盘股,医药卫生,医疗商业与服务,医药商业,浙江,8.8,主板,-,-,-,-,1997/4/10,绍兴市人民政府国有资产监督管理委员会,地方国有企业,-,行情酝酿中,-,实体经济,-,政策支持,传统行业,消耗品,-
000707.SZ,000707,双环科技,迷你盘,原材料,化学原料,纯碱,湖北,5.84,主板,-,-,-,-,1997/4/15,湖北省人民政府国有资产监督管理委员会,地方国有企业,-,行情酝酿中,-,-,化工,行业成熟稳定,传统行业,耐用品,-
000708.SZ,000708,中信特钢,小盘股,原材料,钢铁,特钢,湖北,16.74,主板,火山口 派出小部队勇吃鱼身,连续多天小涨 龟壳战术吃鱼头,-,-,1997/3/26,中华人民共和国财政部,中央企业,-,行情酝酿中,-,军工高铁产业链,-,行业成熟稳定,传统行业,消耗品,-
000709.SZ,000709,河钢股份,中盘股,原材料,钢铁,普钢,河北,2.32,主板,火山口 派出小部队勇吃鱼身,连续多天小涨 龟壳战术吃鱼头,-,-,1997/4/16,河北省人民政府国有资产监督管理委员会,地方国有企业,β高股息低波动 适合防御,行情酝酿中,-,-,能源,行业成熟稳定,传统行业,消耗品,-
000710.SZ,000710,贝瑞基因,小盘股,医药卫生,医疗器械,体外诊断,四川,10.06,主板,-,-,-,-,1997/4/22,高扬,民营企业,-,行情酝酿中,大健康,-,-,行业成熟稳定,传统行业,消耗品,-
000711.SZ,000711,ST京蓝,大盘股,工业,节能与生态修复,节能与资源回收,黑龙江,4.1,主板,-,-,-,-,1997/4/11,马黎阳,民营企业,β高股息低波动 适合防御,表现超预期,-,-,民生,行业成熟稳定,传统行业,-,-
000712.SZ,000712,锦龙股份,小盘股,金融,证券公司,证券公司,广东,10.6,主板,火山口 派出小部队勇吃鱼身,-,-,-,1997/4/15,杨志茂,民营企业,-,行情酝酿中,大金融,-,-,行业成熟稳定,传统行业,-,-
000713.SZ,000713,国投丰乐,迷你盘,原材料,农用化工,农药,安徽,6.51,主板,火山口 派出小部队勇吃鱼身,-,-,-,1997/4/22,国务院国有资产监督管理委员会,中央企业,-,行情酝酿中,-,-,粮食,行业成熟稳定,传统行业,消耗品,-
000715.SZ,000715,中兴商业,迷你盘,可选消费,一般零售,百货商店,辽宁,5.72,主板,火山口 派出小部队勇吃鱼身,连续多天小涨 龟壳战术吃鱼头,-,-,1997/5/8,方威,民营企业,-,行情酝酿中,-,实体经济,-,行业成熟稳定,传统行业,-,-
000716.SZ,000716,黑芝麻,迷你盘,主要消费,软饮料,软饮料,广西,5.1,主板,-,-,-,-,1997/4/18,广西壮族自治区人民政府国有资产监督管理委员会,地方国有企业,-,行情酝酿中,大消费,-,-,行业成熟稳定,传统行业,消耗品,-
000717.SZ,000717,中南股份,迷你盘,原材料,钢铁,普钢,广东,2.43,主板,-,-,-,-,1997/5/8,国务院国有资产监督管理委员会,中央企业,-,行情酝酿中,-,-,能源,行业成熟稳定,传统行业,消耗品,-
000718.SZ,000718,苏宁环球,小盘股,房地产,房地产开发与园区,房地产开发,吉林,2.13,主板,火山口 派出小部队勇吃鱼身,-,-,-,1997/4/8,张桂平,民营企业,-,行情酝酿中,-,-,-,行业成熟稳定,传统行业,耐用品,-
000719.SZ,000719,中原传媒,中盘股,通信服务,文化娱乐,出版,河南,14.22,主板,火山口 派出小部队勇吃鱼身,连续多天小涨 龟壳战术吃鱼头,-,-,1997/3/31,河南省人民政府,地方国有企业,β高股息低波动 适合防御,行情酝酿中,-,-,文化体育,行业成熟稳定,传统行业,-,-
000720.SZ,000720,新能泰山,大盘股,工业,电网设备,线缆及其他,山东,4.74,主板,-,-,-,-,1997/5/9,国务院国有资产监督管理委员会,中央企业,β高股息低波动 适合防御,行情酝酿中,新科技,特高压电力产业链,-,政策支持,高新技术产业,耐用品,-
000721.SZ,000721,西安饮食,小盘股,可选消费,休闲服务,餐饮服务,陕西,8.09,主板,-,-,-,-,1997/4/30,西安曲江新区管理委员会,地方国有企业,-,行情酝酿中,-,实体经济,-,行业成熟稳定,传统行业,-,-
000722.SZ,000722,湖南发展,中盘股,公用事业,电力及电网,水电,湖南,13.41,主板,火山口 派出小部队勇吃鱼身,连续多天小涨 龟壳战术吃鱼头,-,-,1997/5/22,湖南省人民政府国有资产监督管理委员会,地方国有企业,β高股息低波动 适合防御,行情酝酿中,-,特高压电力产业链,-,行业成熟稳定,传统行业,-,-
000723.SZ,000723,美锦能源,中盘股,能源,煤炭,焦炭,山西,4.5,主板,火山口 派出小部队勇吃鱼身,-,-,-,1997/5/15,姚俊良,民营企业,β高股息低波动 适合防御,行情酝酿中,-,-,能源,行业成熟稳定,传统行业,消耗品,-
000725.SZ,000725,京东方Ａ,大盘股,NA,NA,NA,北京,4.02,主板,火山口 派出小部队勇吃鱼身,连续多天小涨 龟壳战术吃鱼头,-,-,2001/1/12,北京市人民政府国有资产监督管理委员会,地方国有企业,β高股息低波动 适合防御,行情酝酿中,新科技,-,-,政策支持,高新技术产业,-,-
000726.SZ,000726,鲁泰Ａ,中盘股,NA,NA,NA,山东,6.69,主板,-,-,-,-,2000/12/25,刘子斌,民营企业,β高股息低波动 适合防御,行情酝酿中,-,-,化工,行业成熟稳定,传统行业,消耗品,-
000727.SZ,000727,冠捷科技,中盘股,信息技术,光学光电子,面板,江苏,2.72,主板,-,-,-,-,1997/5/20,国务院国有资产监督管理委员会,中央企业,β高股息低波动 适合防御,行情酝酿中,新科技,-,-,政策支持,高新技术产业,-,-
000728.SZ,000728,国元证券,小盘股,金融,证券公司,证券公司,安徽,7.86,主板,火山口 派出小部队勇吃鱼身,连续多天小涨 龟壳战术吃鱼头,-,-,1997/6/16,安徽省人民政府国有资产监督管理委员会,地方国有企业,-,行情酝酿中,大金融,-,-,行业成熟稳定,传统行业,-,-
000729.SZ,000729,燕京啤酒,大盘股,主要消费,酒,啤酒,北京,12.88,主板,-,-,-,-,1997/7/16,北京市人民政府,地方国有企业,β高股息低波动 适合防御,行情酝酿中,大消费,-,-,行业成熟稳定,传统行业,消耗品,-
000731.SZ,000731,四川美丰,小盘股,原材料,农用化工,氮肥,四川,7.16,主板,-,-,-,-,1997/6/17,国务院国有资产监督管理委员会,中央企业,-,行情酝酿中,-,-,粮食,行业成熟稳定,传统行业,消耗品,-
000733.SZ,000733,振华科技,中盘股,工业,国防装备,国防装备,贵州,46.96,主板,火山口 派出小部队勇吃鱼身,连续多天小涨 龟壳战术吃鱼头,-,-,1997/7/3,国务院国有资产监督管理委员会,中央企业,β高股息低波动 适合防御,行情酝酿中,新科技,-,-,政策支持,高新技术产业,-,-
000735.SZ,000735,罗牛山,小盘股,主要消费,养殖,畜牧产品,海南,6.92,主板,火山口 派出小部队勇吃鱼身,连续多天小涨 龟壳战术吃鱼头,-,-,1997/6/11,徐自力,民营企业,-,行情酝酿中,-,-,粮食,行业成熟稳定,传统行业,消耗品,-
000736.SZ,000736,*ST中地,迷你盘,房地产,房地产管理与服务,房地产管理,重庆,5.32,主板,-,-,-,-,1997/4/25,国务院国有资产监督管理委员会,中央企业,-,行情酝酿中,-,房地产产业链,-,行业成熟稳定,传统行业,耐用品,-
000737.SZ,000737,北方铜业,大盘股,原材料,工业金属,铜,山西,14.12,主板,火山口 派出小部队勇吃鱼身,-,-,-,1997/4/28,山西省人民政府国有资产监督管理委员会,地方国有企业,β高股息低波动 适合防御,行情酝酿中,新能源,特高压电力产业链,-,行业成熟稳定,传统行业,消耗品,-
000738.SZ,000738,航发控制,大盘股,工业,航空航天,航空,江苏,21.65,主板,火山口 派出小部队勇吃鱼身,连续多天小涨 龟壳战术吃鱼头,-,-,1997/6/26,中国航空发动机集团有限公司,中央企业,β高股息低波动 适合防御,行情酝酿中,-,军工高铁产业链,-,政策支持,高新技术产业,-,-
000739.SZ,000739,普洛药业,小盘股,医药卫生,化学药,原料药,浙江,17.78,主板,-,-,-,-,1997/5/9,东阳市横店社团经济企业联合会,集体企业,-,行情酝酿中,大健康,-,-,政策支持,高新技术产业,消耗品,-
000750.SZ,000750,国海证券,小盘股,金融,证券公司,证券公司,广西,3.88,主板,火山口 派出小部队勇吃鱼身,-,-,-,1997/7/9,广西壮族自治区人民政府国有资产监督管理委员会,地方国有企业,-,行情酝酿中,大金融,-,-,行业成熟稳定,传统行业,-,-
000751.SZ,000751,锌业股份,大盘股,原材料,工业金属,铅锌,辽宁,5.77,主板,-,-,-,-,1997/6/26,于跃,民营企业,β高股息低波动 适合防御,表现超预期,新能源,-,-,行业成熟稳定,传统行业,消耗品,-
000752.SZ,000752,ST西发,迷你盘,主要消费,酒,啤酒,西藏,9.46,主板,-,-,-,-,1997/6/25,罗希,民营企业,-,表现超预期,大消费,-,-,行业成熟稳定,传统行业,消耗品,-
000753.SZ,000753,漳州发展,小盘股,可选消费,汽车经销商与汽车服务,汽车经销商,福建,6.58,主板,火山口 派出小部队勇吃鱼身,连续多天小涨 龟壳战术吃鱼头,-,-,1997/6/26,漳州市人民政府国有资产监督管理委员会,地方国有企业,-,行情酝酿中,-,实体经济,-,行业成熟稳定,传统行业,-,-
000755.SZ,000755,山西高速,迷你盘,工业,交通基本设施,高速公路,山西,5.1,主板,火山口 派出小部队勇吃鱼身,连续多天小涨 龟壳战术吃鱼头,-,-,1997/6/27,山西省人民政府国有资产监督管理委员会,地方国有企业,-,行情酝酿中,-,-,交通,行业成熟稳定,传统行业,-,-
000756.SZ,000756,新华制药,小盘股,医药卫生,化学药,原料药,山东,14.61,主板,火山口 派出小部队勇吃鱼身,-,-,-,1997/8/6,山东省人民政府国有资产监督管理委员会,地方国有企业,-,行情酝酿中,大健康,-,-,政策支持,高新技术产业,消耗品,-
000757.SZ,000757,浩物股份,迷你盘,可选消费,汽车经销商与汽车服务,汽车经销商,四川,4.7,主板,-,-,-,-,1997/6/27,张荣华,民营企业,-,行情酝酿中,-,智能汽车产业链,-,政策支持,传统行业,-,-
000758.SZ,000758,中色股份,中盘股,原材料,工业金属,铅锌,北京,6.95,主板,火山口 派出小部队勇吃鱼身,-,-,-,1997/4/16,国务院国有资产监督管理委员会,中央企业,β高股息低波动 适合防御,行情酝酿中,新能源,-,-,行业成熟稳定,传统行业,消耗品,-
000759.SZ,000759,中百集团,中盘股,可选消费,一般零售,超市与便利店,湖北,5.63,主板,火山口 派出小部队勇吃鱼身,连续多天小涨 龟壳战术吃鱼头,-,-,1997/5/19,武汉市人民政府国有资产监督管理委员会,地方国有企业,β高股息低波动 适合防御,行情酝酿中,-,实体经济,-,行业成熟稳定,传统行业,-,-
000761.SZ,000761,本钢板材,迷你盘,原材料,钢铁,普钢,辽宁,3.02,主板,-,-,-,-,1998/1/15,国务院国有资产监督管理委员会,中央企业,-,行情酝酿中,-,-,能源,行业成熟稳定,传统行业,消耗品,-
000762.SZ,000762,西藏矿业,大盘股,原材料,稀有金属,锂,西藏,36.84,主板,-,-,-,高人气,1997/7/8,国务院国有资产监督管理委员会,中央企业,β高股息低波动 适合防御,表现超预期,新能源,-,-,行业成熟稳定,传统行业,消耗品,-
000766.SZ,000766,通化金马,大盘股,医药卫生,化学药,药品制剂,吉林,23.65,主板,-,-,-,-,1997/4/30,于兰军,民营企业,β高股息低波动 适合防御,表现超预期,大健康,-,-,政策支持,高新技术产业,消耗品,-
000767.SZ,000767,晋控电力,大盘股,公用事业,电力及电网,火电,山西,3.87,主板,火山口 派出小部队勇吃鱼身,连续多天小涨 龟壳战术吃鱼头,-,-,1997/6/9,山西省人民政府国有资产监督管理委员会,地方国有企业,β高股息低波动 适合防御,表现超预期,-,特高压电力产业链,-,行业成熟稳定,传统行业,-,-
000768.SZ,000768,中航西飞,大盘股,工业,航空航天,航空,陕西,24.67,主板,火山口 派出小部队勇吃鱼身,连续多天小涨 龟壳战术吃鱼头,-,-,1997/6/26,国务院国有资产监督管理委员会,中央企业,β高股息低波动 适合防御,行情酝酿中,-,军工高铁产业链,-,政策支持,高新技术产业,-,-
000776.SZ,000776,广发证券,大盘股,金融,证券公司,证券公司,广东,20.11,主板,火山口 派出小部队勇吃鱼身,连续多天小涨 龟壳战术吃鱼头,-,-,1997/6/11,无实际控制人,其他,β高股息低波动 适合防御,表现超预期,大金融,-,-,行业成熟稳定,传统行业,-,-
000777.SZ,000777,中核科技,中盘股,工业,通用机械,气液机械,江苏,22.84,主板,火山口 派出小部队勇吃鱼身,连续多天小涨 龟壳战术吃鱼头,-,-,1997/7/10,国务院国有资产监督管理委员会,中央企业,β高股息低波动 适合防御,行情酝酿中,-,-,制造业(工业母机),行业成熟稳定,传统行业,耐用品,-
000778.SZ,000778,新兴铸管,中盘股,原材料,钢铁,其他钢铁,河北,4.46,主板,火山口 派出小部队勇吃鱼身,-,-,-,1997/6/6,国务院国有资产监督管理委员会,中央企业,β高股息低波动 适合防御,行情酝酿中,-,-,能源,行业成熟稳定,传统行业,消耗品,-
000779.SZ,000779,甘咨询,小盘股,工业,建筑与工程,建筑设计及服务,甘肃,8.75,主板,-,-,-,-,1997/5/28,甘肃省人民政府国有资产监督管理委员会,地方国有企业,-,行情酝酿中,-,房地产产业链,-,行业成熟稳定,传统行业,耐用品,-
000782.SZ,000782,恒申新材,大盘股,原材料,化学纤维,锦纶与涤纶,广东,5.99,主板,-,-,有涨停 火山口战法吃鱼身,高人气,1997/6/19,陈建龙,民营企业,β高股息低波动 适合防御,表现超预期,-,-,化工,行业成熟稳定,传统行业,耐用品,-
000783.SZ,000783,长江证券,中盘股,金融,证券公司,证券公司,湖北,7.3,主板,火山口 派出小部队勇吃鱼身,连续多天小涨 龟壳战术吃鱼头,-,-,1997/7/31,无实际控制人,其他,β高股息低波动 适合防御,表现超预期,大金融,-,-,行业成熟稳定,传统行业,-,-
000785.SZ,000785,居然智家,中盘股,工业,商业服务与用品,市场服务,湖北,2.63,主板,-,-,有涨停 火山口战法吃鱼身,高人气,1997/7/11,杨芳,民营企业,β高股息低波动 适合防御,表现超预期,-,实体经济,-,行业成熟稳定,传统行业,-,-
000786.SZ,000786,北新建材,大盘股,工业,建筑产品,建筑产品,北京,25.67,主板,火山口 派出小部队勇吃鱼身,连续多天小涨 龟壳战术吃鱼头,-,-,1997/6/6,中国建材集团有限公司,中央企业,β高股息低波动 适合防御,行情酝酿中,-,房地产产业链,-,行业成熟稳定,传统行业,耐用品,-
000788.SZ,000788,北大医药,大盘股,医药卫生,化学药,药品制剂,重庆,6.54,主板,-,-,有涨停 火山口战法吃鱼身,高人气,1997/6/16,徐晰人,民营企业,β高股息低波动 适合防御,表现超预期,大健康,-,-,政策支持,高新技术产业,消耗品,-
000789.SZ,000789,万年青,迷你盘,原材料,建筑材料,水泥与混凝土,江西,5.09,主板,火山口 派出小部队勇吃鱼身,连续多天小涨 龟壳战术吃鱼头,-,-,1997/9/23,江西省国有资产监督管理委员会,地方国有企业,-,行情酝酿中,-,房地产产业链,-,行业成熟稳定,传统行业,耐用品,-
000790.SZ,000790,华神科技,小盘股,医药卫生,中药,中成药,四川,4.02,主板,-,-,-,-,1998/3/27,黄明良,民营企业,-,表现超预期,大健康,-,-,行业成熟稳定,传统行业,消耗品,-
000791.SZ,000791,甘肃能源,大盘股,公用事业,电力及电网,火电,甘肃,8.27,主板,-,-,有涨停 火山口战法吃鱼身,-,1997/10/14,甘肃省人民政府国有资产监督管理委员会,地方国有企业,β高股息低波动 适合防御,表现超预期,-,特高压电力产业链,-,行业成熟稳定,传统行业,-,-
000792.SZ,000792,盐湖股份,大盘股,原材料,农用化工,钾肥,青海,37.89,主板,-,-,-,-,1997/9/4,中国五矿集团有限公司,中央企业,β高股息低波动 适合防御,表现超预期,-,-,粮食,行业成熟稳定,传统行业,消耗品,-
000793.SZ,000793,*ST华闻,中盘股,通信服务,文化娱乐,出版,海南,2.81,主板,-,-,-,-,1997/7/29,中国国际广播电台,中央企业,β高股息低波动 适合防御,表现超预期,-,-,文化体育,行业成熟稳定,传统行业,-,-
000795.SZ,000795,英洛华,中盘股,原材料,稀有金属,稀土金属,浙江,9.33,主板,火山口 派出小部队勇吃鱼身,连续多天小涨 龟壳战术吃鱼头,-,-,1997/8/8,东阳市横店社团经济企业联合会,集体企业,β高股息低波动 适合防御,表现超预期,新能源,-,能源,行业成熟稳定,传统行业,消耗品,-
000796.SZ,000796,凯撒旅业,中盘股,可选消费,休闲服务,餐饮服务,海南,5.44,主板,-,-,-,-,1997/7/3,青岛市市北区国有资产运营发展中心,地方国有企业,β高股息低波动 适合防御,行情酝酿中,-,实体经济,-,行业成熟稳定,传统行业,-,-
000797.SZ,000797,中国武夷,小盘股,房地产,房地产开发与园区,房地产开发,福建,2.78,主板,火山口 派出小部队勇吃鱼身,-,-,-,1997/7/15,福建省人民政府国有资产监督管理委员会,地方国有企业,-,行情酝酿中,-,房地产产业链,-,行业成熟稳定,传统行业,耐用品,-
000798.SZ,000798,中水渔业,小盘股,主要消费,养殖,渔业产品,北京,10.24,主板,火山口 派出小部队勇吃鱼身,-,-,-,1998/2/12,国务院国有资产监督管理委员会,中央企业,-,行情酝酿中,-,-,粮食,行业成熟稳定,传统行业,消耗品,-
000799.SZ,000799,酒鬼酒,中盘股,主要消费,酒,白酒,湖南,43.11,主板,火山口 派出小部队勇吃鱼身,-,-,-,1997/7/18,国务院国有资产监督管理委员会,中央企业,β高股息低波动 适合防御,行情酝酿中,大消费,-,-,行业成熟稳定,传统行业,消耗品,-
000800.SZ,000800,一汽解放,小盘股,工业,交通运输设备,商用车,吉林,7.02,主板,-,-,-,-,1997/6/18,国务院国有资产监督管理委员会,中央企业,-,行情酝酿中,-,智能汽车产业链,-,政策支持,传统行业,耐用品,-
000801.SZ,000801,四川九洲,中盘股,通信服务,通信设备,通信终端设备及组件,四川,14.19,主板,火山口 派出小部队勇吃鱼身,连续多天小涨 龟壳战术吃鱼头,-,-,1998/5/6,绵阳市国有资产监督管理委员会,地方国有企业,β高股息低波动 适合防御,行情酝酿中,大消费,-,-,行业成熟稳定,传统行业,耐用品,-
000802.SZ,000802,北京文化,迷你盘,通信服务,文化娱乐,影视动漫,北京,3.96,主板,-,-,-,-,1998/1/8,无实际控制人,其他,-,行情酝酿中,-,-,文化体育,行业成熟稳定,传统行业,-,-
000803.SZ,000803,山高环能,小盘股,工业,节能与生态修复,节能与资源回收,四川,8.18,主板,-,-,-,-,1998/3/3,山东省人民政府国有资产监督管理委员会,地方国有企业,-,行情酝酿中,-,-,民生,行业成熟稳定,传统行业,-,-
000807.SZ,000807,云铝股份,大盘股,原材料,工业金属,铝,云南,36.67,主板,-,-,-,-,1998/4/8,国务院国有资产监督管理委员会,中央企业,β高股息低波动 适合防御,表现超预期,-,军工高铁产业链,-,行业成熟稳定,传统行业,消耗品,-
000809.SZ,000809,和展能源,迷你盘,工业,发电设备,风电设备,辽宁,3.52,主板,火山口 派出小部队勇吃鱼身,-,-,-,1998/6/16,刘名,民营企业,-,行情酝酿中,新科技,特高压电力产业链,-,政策支持,高新技术产业,耐用品,-
000810.SZ,000810,创维数字,中盘股,通信服务,通信设备,通信终端设备及组件,四川,12.19,主板,火山口 派出小部队勇吃鱼身,连续多天小涨 龟壳战术吃鱼头,-,-,1998/6/2,黄宏生,外资,β高股息低波动 适合防御,行情酝酿中,大消费,-,-,行业成熟稳定,传统行业,耐用品,-
000811.SZ,000811,冰轮环境,大盘股,工业,通用机械,其他通用机械,山东,19.26,主板,火山口 派出小部队勇吃鱼身,-,-,-,1998/5/28,烟台市人民政府国有资产监督管理委员会,地方国有企业,β高股息低波动 适合防御,行情酝酿中,-,-,制造业(工业母机),行业成熟稳定,高新技术产业,耐用品,-
000812.SZ,000812,陕西金叶,迷你盘,原材料,容器与包装,纸材料包装,陕西,3.95,主板,-,-,-,-,1998/6/23,袁汉源,外资,-,行情酝酿中,-,电子商务产业链,-,行业成熟稳定,传统行业,-,-
000813.SZ,000813,德展健康,中盘股,医药卫生,化学药,药品制剂,新疆,3.38,主板,-,-,-,-,1998/5/19,新疆维吾尔自治区人民政府国有资产监督管理委员会,地方国有企业,β高股息低波动 适合防御,行情酝酿中,大健康,-,-,政策支持,高新技术产业,消耗品,-
000815.SZ,000815,美利云,大盘股,通信服务,数据中心,数据中心,宁夏,21.6,主板,-,-,有涨停 火山口战法吃鱼身,高人气,1998/6/9,国务院国有资产监督管理委员会,中央企业,β高股息低波动 适合防御,表现超预期,新基建,-,-,政策支持,高新技术产业,-,-
000816.SZ,000816,智慧农业,小盘股,工业,通用机械,动力机械,江苏,3.22,主板,火山口 派出小部队勇吃鱼身,-,-,-,1997/8/18,罗韶宇,外资,-,行情酝酿中,-,-,制造业(工业母机),行业成熟稳定,传统行业,耐用品,-
000818.SZ,000818,航锦科技,大盘股,原材料,化学原料,氯碱,辽宁,14.93,主板,-,-,-,-,1997/10/17,武汉市人民政府国有资产监督管理委员会,地方国有企业,β高股息低波动 适合防御,表现超预期,-,-,化工,行业成熟稳定,传统行业,耐用品,-
000819.SZ,000819,岳阳兴长,中盘股,原材料,化学原料,其他化学原料,湖南,15.73,主板,火山口 派出小部队勇吃鱼身,-,-,-,1997/6/25,国务院国有资产监督管理委员会,中央企业,β高股息低波动 适合防御,表现超预期,-,-,能源,行业成熟稳定,传统行业,消耗品,-
000820.SZ,000820,*ST节能,迷你盘,工业,节能与生态修复,节能与资源回收,江西,3.49,主板,-,-,-,-,1998/6/30,无实际控制人,其他,-,行情酝酿中,-,实体经济,-,行业成熟稳定,传统行业,-,-
000821.SZ,000821,ST京机,中盘股,工业,发电设备,光伏设备,湖北,11.54,主板,火山口 派出小部队勇吃鱼身,连续多天小涨 龟壳战术吃鱼头,-,-,1998/6/26,李健,民营企业,β高股息低波动 适合防御,行情酝酿中,新科技,特高压电力产业链,-,政策支持,高新技术产业,耐用品,-
000822.SZ,000822,山东海化,中盘股,原材料,化学原料,纯碱,山东,5.91,主板,火山口 派出小部队勇吃鱼身,-,-,-,1998/7/3,潍坊市国有资产监督管理委员会,地方国有企业,β高股息低波动 适合防御,行情酝酿中,-,-,化工,行业成熟稳定,传统行业,耐用品,-
000823.SZ,000823,超声电子,中盘股,信息技术,电子元件,印制电路板,广东,15.8,主板,火山口 派出小部队勇吃鱼身,连续多天小涨 龟壳战术吃鱼头,-,-,1997/10/8,汕头市人民政府国有资产监督管理委员会,地方国有企业,β高股息低波动 适合防御,表现超预期,新科技,-,-,政策支持,高新技术产业,-,-
000825.SZ,000825,太钢不锈,中盘股,原材料,钢铁,特钢,山西,4.51,主板,火山口 派出小部队勇吃鱼身,连续多天小涨 龟壳战术吃鱼头,-,-,1998/10/21,国务院国有资产监督管理委员会,中央企业,β高股息低波动 适合防御,行情酝酿中,-,军工高铁产业链,-,行业成熟稳定,传统行业,消耗品,-
000826.SZ,000826,启迪环境,小盘股,公用事业,市政环卫,市政环卫,湖北,1.94,主板,-,-,-,-,1998/2/25,无实际控制人,其他,-,行情酝酿中,-,-,民生,行业成熟稳定,传统行业,-,-
000828.SZ,000828,东莞控股,迷你盘,工业,交通基本设施,高速公路,广东,9.98,主板,火山口 派出小部队勇吃鱼身,连续多天小涨 龟壳战术吃鱼头,-,-,1997/6/17,东莞市国有资产管理办公室,地方国有企业,-,行情酝酿中,-,-,交通,行业成熟稳定,传统行业,-,-
000829.SZ,000829,天音控股,中盘股,可选消费,专营零售,专营零售,江西,10.97,主板,火山口 派出小部队勇吃鱼身,连续多天小涨 龟壳战术吃鱼头,-,-,1997/12/2,深圳市投资控股有限公司,地方国有企业,β高股息低波动 适合防御,行情酝酿中,-,实体经济,-,行业成熟稳定,传统行业,-,-
000830.SZ,000830,鲁西化工,大盘股,原材料,化学原料,其他化学原料,山东,16.19,主板,-,-,-,-,1998/8/7,国务院国有资产监督管理委员会,中央企业,β高股息低波动 适合防御,行情酝酿中,-,-,化工,行业成熟稳定,传统行业,耐用品,-
000831.SZ,000831,中国稀土,大盘股,原材料,稀有金属,稀土金属,江西,52.11,主板,火山口 派出小部队勇吃鱼身,连续多天小涨 龟壳战术吃鱼头,-,-,1998/9/11,国务院国有资产监督管理委员会,中央企业,β高股息低波动 适合防御,行情酝酿中,新能源,-,-,行业成熟稳定,传统行业,消耗品,-
000833.SZ,000833,粤桂股份,大盘股,主要消费,食品,调味品与食用油,广西,25.2,主板,-,-,-,-,1998/11/11,广东省人民政府国有资产监督管理委员会,地方国有企业,β高股息低波动 适合防御,表现超预期,-,实体经济,-,行业成熟稳定,传统行业,-,-
000837.SZ,000837,秦川机床,中盘股,工业,通用机械,加工机械,陕西,11,主板,火山口 派出小部队勇吃鱼身,-,-,-,1998/9/28,陕西省人民政府国有资产监督管理委员会,地方国有企业,β高股息低波动 适合防御,行情酝酿中,新科技,-,制造业(工业母机),政策支持,高新技术产业,耐用品,-
000838.SZ,000838,财信发展,小盘股,房地产,房地产开发与园区,房地产开发,重庆,1.82,主板,-,-,-,-,1997/6/26,卢生举,民营企业,-,行情酝酿中,-,-,-,行业成熟稳定,传统行业,耐用品,-
000839.SZ,000839,国安股份,中盘股,通信服务,电信增值服务,电信增值服务,北京,3.18,主板,-,-,-,-,1997/10/31,中国中信集团有限公司,中央企业,β高股息低波动 适合防御,行情酝酿中,-,实体经济,-,行业成熟稳定,传统行业,-,-
000848.SZ,000848,承德露露,迷你盘,主要消费,软饮料,软饮料,河北,8.16,主板,-,连续多天小涨 龟壳战术吃鱼头,-,-,1997/11/13,鲁伟鼎,民营企业,-,表现超预期,大消费,-,-,行业成熟稳定,传统行业,消耗品,-
000850.SZ,000850,华茂股份,迷你盘,可选消费,纺织服装,纺织品,安徽,4.87,主板,-,-,-,-,1998/10/7,安庆市财政局,地方国有企业,-,行情酝酿中,-,-,化工,行业成熟稳定,传统行业,消耗品,-
000852.SZ,000852,石化机械,小盘股,能源,油气开采与油田服务,油气开采,湖北,6.73,主板,-,-,-,-,1998/11/26,国务院国有资产监督管理委员会,中央企业,-,行情酝酿中,-,-,制造业(工业母机),行业成熟稳定,传统行业,耐用品,-
000856.SZ,000856,冀东装备,小盘股,工业,专用机械,其他专用机械,河北,10.7,主板,-,-,-,-,1998/8/13,北京市人民政府国有资产监督管理委员会,地方国有企业,-,行情酝酿中,-,-,制造业(工业母机),行业成熟稳定,高新技术产业,耐用品,-
000858.SZ,000858,五粮液,大盘股,NA,NA,NA,四川,101.86,主板,火山口 派出小部队勇吃鱼身,-,-,-,1998/4/27,宜宾市政府国有资产监督管理委员会,地方国有企业,β高股息低波动 适合防御,行情酝酿中,大消费,-,-,行业成熟稳定,传统行业,消耗品,有量化参与
000859.SZ,000859,国风新材,中盘股,原材料,塑料,膜材料,安徽,9.79,主板,火山口 派出小部队勇吃鱼身,-,-,-,1998/11/19,合肥市人民政府国有资产监督管理委员会,地方国有企业,β高股息低波动 适合防御,行情酝酿中,-,-,化工,行业成熟稳定,传统行业,消耗品,-
000860.SZ,000860,顺鑫农业,小盘股,主要消费,酒,白酒,北京,12.91,主板,火山口 派出小部队勇吃鱼身,连续多天小涨 龟壳战术吃鱼头,-,-,1998/11/4,北京市顺义区人民政府国有资产监督管理委员会,地方国有企业,-,行情酝酿中,大消费,-,-,行业成熟稳定,传统行业,消耗品,-
000862.SZ,000862,银星能源,中盘股,公用事业,电力及电网,风电,宁夏,6.39,主板,-,-,-,-,1998/9/15,国务院国有资产监督管理委员会,中央企业,β高股息低波动 适合防御,表现超预期,-,特高压电力产业链,-,政策支持,高新技术产业,-,-
000863.SZ,000863,三湘印象,小盘股,房地产,房地产开发与园区,房地产开发,上海,5.13,主板,-,-,-,-,1997/9/25,黄辉,民营企业,-,行情酝酿中,-,-,-,行业成熟稳定,传统行业,耐用品,-
000868.SZ,000868,安凯客车,迷你盘,工业,交通运输设备,商用车,安徽,4.34,主板,-,-,-,-,1997/7/25,安徽省人民政府国有资产监督管理委员会,地方国有企业,-,行情酝酿中,-,智能汽车产业链,-,政策支持,传统行业,耐用品,-
000869.SZ,000869,张裕Ａ,迷你盘,NA,NA,NA,山东,19.08,主板,火山口 派出小部队勇吃鱼身,连续多天小涨 龟壳战术吃鱼头,-,-,2000/10/26,张裕集团及本公司中层以上员工26人,其他,-,行情酝酿中,大消费,-,-,行业成熟稳定,传统行业,消耗品,-
000875.SZ,000875,电投绿能,中盘股,公用事业,电力及电网,光伏发电,吉林,6.74,主板,火山口 派出小部队勇吃鱼身,连续多天小涨 龟壳战术吃鱼头,-,-,2002/9/26,国务院国有资产监督管理委员会,中央企业,β高股息低波动 适合防御,行情酝酿中,-,特高压电力产业链,-,行业成熟稳定,传统行业,-,-
000876.SZ,000876,新希望,中盘股,NA,NA,NA,四川,8.8,主板,-,-,-,-,1998/3/11,刘永好,民营企业,β高股息低波动 适合防御,表现超预期,-,-,粮食,行业成熟稳定,传统行业,消耗品,-
000877.SZ,000877,天山股份,迷你盘,原材料,建筑材料,水泥与混凝土,新疆,4.77,主板,火山口 派出小部队勇吃鱼身,连续多天小涨 龟壳战术吃鱼头,-,-,1999/1/7,国务院国有资产监督管理委员会,中央企业,-,行情酝酿中,-,房地产产业链,-,行业成熟稳定,传统行业,耐用品,-
000878.SZ,000878,云南铜业,大盘股,原材料,工业金属,铜,云南,19.82,主板,火山口 派出小部队勇吃鱼身,-,-,-,1998/6/2,国务院国有资产监督管理委员会,中央企业,β高股息低波动 适合防御,行情酝酿中,新能源,特高压电力产业链,-,行业成熟稳定,传统行业,消耗品,-
000880.SZ,000880,潍柴重机,大盘股,工业,交通运输设备,船舶及其他航运设备,山东,28.31,主板,火山口 派出小部队勇吃鱼身,连续多天小涨 龟壳战术吃鱼头,-,-,1998/4/2,山东省人民政府国有资产监督管理委员会,地方国有企业,β高股息低波动 适合防御,行情酝酿中,-,-,制造业(工业母机),行业成熟稳定,高新技术产业,耐用品,-
000881.SZ,000881,中广核技,迷你盘,原材料,塑料,改性塑料,辽宁,7.59,主板,火山口 派出小部队勇吃鱼身,-,-,-,1998/9/2,中国广核集团有限公司,中央企业,-,行情酝酿中,-,-,化工,行业成熟稳定,传统行业,耐用品,-
000882.SZ,000882,华联股份,小盘股,房地产,房地产管理与服务,房地产服务,北京,1.63,主板,-,-,-,-,1998/6/16,海南省文化交流促进会,其他,-,行情酝酿中,-,实体经济,-,行业成熟稳定,传统行业,-,-
000883.SZ,000883,湖北能源,小盘股,公用事业,电力及电网,水电,湖北,4.64,主板,火山口 派出小部队勇吃鱼身,连续多天小涨 龟壳战术吃鱼头,-,-,1998/5/19,中国长江三峡集团有限公司,中央企业,-,行情酝酿中,-,特高压电力产业链,-,行业成熟稳定,传统行业,-,-
000885.SZ,000885,城发环境,小盘股,工业,污染治理,固废处理,河南,13.7,主板,火山口 派出小部队勇吃鱼身,-,-,-,1999/3/19,河南省财政厅,地方国有企业,-,行情酝酿中,-,-,民生,行业成熟稳定,传统行业,-,-
000886.SZ,000886,海南高速,迷你盘,房地产,房地产开发与园区,房地产开发,海南,5.67,主板,-,-,-,-,1998/1/23,海南省国有资产监督管理委员会,地方国有企业,-,行情酝酿中,-,-,-,行业成熟稳定,传统行业,耐用品,-
000887.SZ,000887,中鼎股份,中盘股,可选消费,汽车零部件与轮胎,汽车系统部件,安徽,18.95,主板,火山口 派出小部队勇吃鱼身,-,-,-,1998/12/3,夏鼎湖,民营企业,β高股息低波动 适合防御,行情酝酿中,-,智能汽车产业链,-,政策支持,传统行业,消耗品,-
000888.SZ,000888,峨眉山Ａ,中盘股,NA,NA,NA,四川,12.52,主板,-,-,-,-,1997/10/21,乐山市国有资产监督管理委员会,地方国有企业,β高股息低波动 适合防御,行情酝酿中,-,实体经济,-,行业成熟稳定,传统行业,-,-
000889.SZ,000889,中嘉博创,大盘股,通信服务,通信技术服务,通信技术服务,河北,5.29,主板,-,-,-,高人气,1997/12/18,吴鹰,民营企业,β高股息低波动 适合防御,表现超预期,新基建,-,-,政策支持,高新技术产业,-,-
000890.SZ,000890,法尔胜,大盘股,工业,污染治理,固废处理,江苏,12.41,主板,-,-,-,-,1999/1/19,周江,民营企业,β高股息低波动 适合防御,表现超预期,-,-,民生,行业成熟稳定,传统行业,-,-
000892.SZ,000892,欢瑞世纪,中盘股,通信服务,文化娱乐,影视动漫,重庆,6.33,主板,-,-,-,-,1999/1/15,赵枳程,民营企业,β高股息低波动 适合防御,行情酝酿中,-,-,文化体育,行业成熟稳定,传统行业,-,-
000893.SZ,000893,亚钾国际,大盘股,原材料,农用化工,钾肥,广东,54.38,主板,-,-,-,-,1998/12/24,无实际控制人,其他,β高股息低波动 适合防御,行情酝酿中,-,-,粮食,行业成熟稳定,传统行业,消耗品,有量化参与
000895.SZ,000895,双汇发展,中盘股,主要消费,食品,肉制品,河南,28.4,主板,火山口 派出小部队勇吃鱼身,-,-,-,1998/12/10,兴泰集团有限公司,外资,β高股息低波动 适合防御,行情酝酿中,大消费,-,-,行业成熟稳定,传统行业,消耗品,-
000897.SZ,000897,津滨发展,小盘股,房地产,房地产开发与园区,房地产开发,天津,2.11,主板,火山口 派出小部队勇吃鱼身,-,-,-,1999/4/22,天津市人民政府国有资产监督管理委员会,地方国有企业,-,行情酝酿中,-,-,-,行业成熟稳定,传统行业,耐用品,-
000898.SZ,000898,鞍钢股份,小盘股,原材料,钢铁,普钢,辽宁,2.33,主板,火山口 派出小部队勇吃鱼身,连续多天小涨 龟壳战术吃鱼头,-,-,1997/12/25,鞍钢集团有限公司,中央企业,-,行情酝酿中,-,-,能源,行业成熟稳定,传统行业,消耗品,-
000899.SZ,000899,赣能股份,中盘股,公用事业,电力及电网,火电,江西,13.2,主板,火山口 派出小部队勇吃鱼身,连续多天小涨 龟壳战术吃鱼头,-,-,1997/11/26,江西省国有资产监督管理委员会,地方国有企业,β高股息低波动 适合防御,行情酝酿中,-,特高压电力产业链,-,行业成熟稳定,传统行业,-,-
000900.SZ,000900,现代投资,迷你盘,工业,交通基本设施,高速公路,湖南,4.09,主板,火山口 派出小部队勇吃鱼身,连续多天小涨 龟壳战术吃鱼头,-,-,1999/1/28,湖南省人民政府国有资产监督管理委员会,地方国有企业,-,行情酝酿中,-,-,交通,行业成熟稳定,传统行业,-,-
000901.SZ,000901,航天科技,大盘股,可选消费,汽车零部件与轮胎,汽车电子,黑龙江,23.12,主板,火山口 派出小部队勇吃鱼身,连续多天小涨 龟壳战术吃鱼头,-,-,1999/4/1,国务院国有资产监督管理委员会,中央企业,β高股息低波动 适合防御,行情酝酿中,-,智能汽车产业链,-,政策支持,传统行业,消耗品,-
000902.SZ,000902,新洋丰,中盘股,原材料,农用化工,复合肥,湖北,15.17,主板,-,-,-,-,1999/4/8,杨才学,民营企业,β高股息低波动 适合防御,行情酝酿中,-,-,粮食,行业成熟稳定,传统行业,消耗品,-
000903.SZ,000903,ST云动,迷你盘,工业,交通运输设备,商用车,云南,2.54,主板,火山口 派出小部队勇吃鱼身,-,-,-,1999/4/15,云南省昆明市人民政府国有资产监督管理委员会,地方国有企业,-,行情酝酿中,-,智能汽车产业链,-,政策支持,传统行业,消耗品,-
000905.SZ,000905,厦门港务,小盘股,工业,交通基本设施,港口,福建,10.95,主板,-,-,-,-,1999/4/29,福建省人民政府国有资产监督管理委员会,地方国有企业,-,行情酝酿中,-,-,交通,行业成熟稳定,传统行业,-,-
000906.SZ,000906,浙商中拓,迷你盘,工业,运输业,物流综合,浙江,5.67,主板,火山口 派出小部队勇吃鱼身,-,-,-,1999/7/7,浙江省人民政府国有资产监督管理委员会,地方国有企业,-,行情酝酿中,-,电子商务产业链,-,政策支持,传统行业,-,-
000908.SZ,000908,ST景峰,中盘股,医药卫生,化学药,药品制剂,湖南,7.29,主板,火山口 派出小部队勇吃鱼身,连续多天小涨 龟壳战术吃鱼头,-,-,1999/2/3,蔡东晨,民营企业,β高股息低波动 适合防御,行情酝酿中,大健康,-,-,政策支持,高新技术产业,消耗品,-
000909.SZ,000909,*ST数源,迷你盘,房地产,房地产开发与园区,园区,浙江,6.66,主板,-,-,-,-,1999/5/7,杭州市人民政府,地方国有企业,-,表现超预期,-,-,-,行业成熟稳定,传统行业,耐用品,-
000910.SZ,000910,大亚圣象,迷你盘,工业,建筑产品,建筑产品,江苏,6.88,主板,火山口 派出小部队勇吃鱼身,-,-,-,1999/6/30,陈建军,民营企业,-,行情酝酿中,大消费,-,-,行业成熟稳定,传统行业,耐用品,-
000911.SZ,000911,广农糖业,迷你盘,主要消费,食品,调味品与食用油,广西,5.78,主板,-,-,-,-,1999/5/27,广西壮族自治区人民政府,地方国有企业,-,行情酝酿中,大消费,-,-,行业成熟稳定,传统行业,消耗品,-
000912.SZ,000912,泸天化,中盘股,原材料,农用化工,氮肥,四川,4.84,主板,-,-,-,-,1999/6/3,泸州市国有资产监督管理委员会,地方国有企业,β高股息低波动 适合防御,行情酝酿中,-,-,粮食,行业成熟稳定,传统行业,消耗品,-
000913.SZ,000913,钱江摩托,中盘股,可选消费,摩托车及其他,摩托车及其他,浙江,15.48,主板,火山口 派出小部队勇吃鱼身,连续多天小涨 龟壳战术吃鱼头,-,-,1999/5/14,李书福,民营企业,β高股息低波动 适合防御,行情酝酿中,-,智能汽车产业链,-,行业成熟稳定,传统行业,耐用品,-
000915.SZ,000915,华特达因,小盘股,医药卫生,化学药,药品制剂,山东,31.35,主板,火山口 派出小部队勇吃鱼身,连续多天小涨 龟壳战术吃鱼头,-,-,1999/6/9,山东省人民政府国有资产监督管理委员会,地方国有企业,-,行情酝酿中,大健康,-,-,政策支持,高新技术产业,消耗品,-
000917.SZ,000917,电广传媒,中盘股,通信服务,营销与广告,其他广告营销,湖南,9.9,主板,火山口 派出小部队勇吃鱼身,-,-,-,1999/3/25,湖南省人民政府国有资产监督管理委员会,地方国有企业,β高股息低波动 适合防御,行情酝酿中,-,电子商务产业链,-,行业成熟稳定,传统行业,-,-
000919.SZ,000919,金陵药业,大盘股,医药卫生,化学药,药品制剂,江苏,7.96,主板,-,-,-,高人气,1999/11/18,南京市人民政府国有资产监督管理委员会,地方国有企业,β高股息低波动 适合防御,表现超预期,大健康,-,-,政策支持,高新技术产业,消耗品,-
000920.SZ,000920,沃顿科技,迷你盘,原材料,塑料,膜材料,贵州,11.95,主板,火山口 派出小部队勇吃鱼身,-,-,-,1999/6/16,国务院国有资产监督管理委员会,中央企业,-,行情酝酿中,-,-,化工,行业成熟稳定,传统行业,消耗品,-
000921.SZ,000921,海信家电,中盘股,可选消费,家用电器,白色家电,广东,22.46,主板,-,-,-,-,1999/7/13,无实际控制人,其他,β高股息低波动 适合防御,行情酝酿中,大消费,-,-,行业成熟稳定,传统行业,耐用品,-
000922.SZ,000922,佳电股份,小盘股,工业,通用机械,电动机与工控自动化,黑龙江,14.14,主板,火山口 派出小部队勇吃鱼身,连续多天小涨 龟壳战术吃鱼头,-,-,1999/6/18,国务院国有资产监督管理委员会,中央企业,-,行情酝酿中,新科技,特高压电力产业链,-,政策支持,高新技术产业,耐用品,-
000923.SZ,000923,河钢资源,中盘股,原材料,钢铁,其他钢铁,河北,18.95,主板,火山口 派出小部队勇吃鱼身,-,-,-,1999/7/14,河北省人民政府国有资产监督管理委员会,地方国有企业,β高股息低波动 适合防御,行情酝酿中,-,-,能源,行业成熟稳定,传统行业,消耗品,-
000925.SZ,000925,众合科技,小盘股,工业,交通运输设备,城轨铁路,浙江,7.36,主板,火山口 派出小部队勇吃鱼身,连续多天小涨 龟壳战术吃鱼头,-,-,1999/6/11,无实际控制人,其他,-,行情酝酿中,-,-,制造业(工业母机),行业成熟稳定,传统行业,耐用品,-
000926.SZ,000926,福星股份,迷你盘,房地产,房地产开发与园区,房地产开发,湖北,2.03,主板,火山口 派出小部队勇吃鱼身,-,-,-,1999/6/18,湖北省汉川市钢丝绳厂,集体企业,-,行情酝酿中,-,-,-,行业成熟稳定,传统行业,耐用品,-
000927.SZ,000927,中国铁物,大盘股,工业,运输业,物流综合,天津,2.9,主板,-,-,-,-,1999/7/27,国务院国有资产监督管理委员会,中央企业,β高股息低波动 适合防御,行情酝酿中,-,电子商务产业链,-,政策支持,传统行业,-,-
000928.SZ,000928,中钢国际,中盘股,工业,建筑与工程,专业工程,吉林,6.88,主板,-,-,-,-,1999/3/12,国务院国有资产监督管理委员会,中央企业,β高股息低波动 适合防御,表现超预期,-,房地产产业链,-,行业成熟稳定,传统行业,耐用品,-
000929.SZ,000929,*ST兰黄,迷你盘,主要消费,酒,啤酒,甘肃,10.19,主板,-,-,-,-,1999/6/23,谭岳鑫,民营企业,-,表现超预期,大消费,-,-,行业成熟稳定,传统行业,消耗品,-
000930.SZ,000930,中粮科技,中盘股,主要消费,种植,农产品,安徽,6.44,主板,-,-,-,-,1999/7/12,中粮集团有限公司,中央企业,β高股息低波动 适合防御,行情酝酿中,-,-,粮食,行业成熟稳定,传统行业,消耗品,-
000931.SZ,000931,中关村,小盘股,医药卫生,化学药,药品制剂,北京,5.2,主板,火山口 派出小部队勇吃鱼身,-,-,-,1999/7/12,黄光裕,外资,-,行情酝酿中,大健康,-,-,政策支持,高新技术产业,消耗品,-
000932.SZ,000932,华菱钢铁,大盘股,原材料,钢铁,普钢,湖南,5.05,主板,火山口 派出小部队勇吃鱼身,连续多天小涨 龟壳战术吃鱼头,-,-,1999/8/3,湖南省人民政府国有资产监督管理委员会,地方国有企业,β高股息低波动 适合防御,行情酝酿中,-,-,能源,行业成熟稳定,传统行业,消耗品,-
000933.SZ,000933,神火股份,大盘股,原材料,工业金属,铝,河南,34.75,主板,-,-,-,-,1999/8/31,商丘市人民政府国有资产监督管理委员会,地方国有企业,β高股息低波动 适合防御,表现超预期,-,军工高铁产业链,-,行业成熟稳定,传统行业,消耗品,-
000935.SZ,000935,四川双马,小盘股,原材料,建筑材料,水泥与混凝土,四川,27.38,主板,-,-,-,-,1999/8/24,林栋梁,民营企业,-,行情酝酿中,-,房地产产业链,-,行业成熟稳定,传统行业,耐用品,-
000936.SZ,000936,华西股份,大盘股,原材料,化学纤维,锦纶与涤纶,江苏,8.34,主板,-,-,有涨停 火山口战法吃鱼身,-,1999/8/10,江阴市人民政府国有资产监督管理办公室,地方国有企业,β高股息低波动 适合防御,表现超预期,-,-,化工,行业成熟稳定,传统行业,耐用品,-
000937.SZ,000937,冀中能源,小盘股,能源,煤炭,焦炭,河北,5.53,主板,火山口 派出小部队勇吃鱼身,连续多天小涨 龟壳战术吃鱼头,-,-,1999/9/9,河北省人民政府国有资产监督管理委员会,地方国有企业,-,行情酝酿中,-,-,能源,行业成熟稳定,传统行业,消耗品,-
000938.SZ,000938,紫光股份,大盘股,通信服务,数据中心,数据中心,北京,27.7,主板,-,-,-,-,1999/11/4,无实际控制人,其他,β高股息低波动 适合防御,表现超预期,新基建,-,-,政策支持,高新技术产业,-,-
000948.SZ,000948,南天信息,迷你盘,信息技术,软件开发,行业应用软件,云南,15.67,主板,火山口 派出小部队勇吃鱼身,连续多天小涨 龟壳战术吃鱼头,-,-,1999/10/14,云南省人民政府国有资产监督管理委员会,地方国有企业,-,行情酝酿中,国产替代,-,-,政策支持,传统行业,-,-
000949.SZ,000949,新乡化纤,中盘股,原材料,化学纤维,氨纶及其他化纤,河南,7.31,主板,-,-,-,-,1999/10/21,新乡市财政局,地方国有企业,β高股息低波动 适合防御,行情酝酿中,-,-,化工,行业成熟稳定,传统行业,耐用品,-
000950.SZ,000950,重药控股,中盘股,医药卫生,医疗商业与服务,医药商业,重庆,6.09,主板,-,-,-,-,1999/9/16,国务院国有资产监督管理委员会,中央企业,β高股息低波动 适合防御,表现超预期,-,实体经济,-,政策支持,传统行业,消耗品,-
000951.SZ,000951,中国重汽,大盘股,工业,交通运输设备,商用车,山东,23.82,主板,-,-,-,-,1999/11/25,山东省人民政府国有资产监督管理委员会,地方国有企业,β高股息低波动 适合防御,表现超预期,-,智能汽车产业链,-,政策支持,传统行业,耐用品,-
000952.SZ,000952,广济药业,小盘股,医药卫生,化学药,原料药,湖北,6.74,主板,火山口 派出小部队勇吃鱼身,-,-,-,1999/11/12,湖北省人民政府国有资产监督管理委员会,地方国有企业,-,行情酝酿中,大健康,-,-,政策支持,高新技术产业,消耗品,-
000953.SZ,000953,河化股份,迷你盘,医药卫生,化学药,原料药,广西,6.53,主板,-,-,-,-,1999/12/2,杨和荣,民营企业,-,行情酝酿中,大健康,-,-,政策支持,高新技术产业,消耗品,-
000955.SZ,000955,欣龙控股,小盘股,可选消费,纺织服装,纺织品,海南,5.03,主板,-,-,-,-,1999/12/9,王林江,民营企业,-,行情酝酿中,-,-,化工,行业成熟稳定,传统行业,消耗品,-
000957.SZ,000957,中通客车,中盘股,工业,交通运输设备,商用车,山东,12.06,主板,-,-,-,-,2000/1/13,山东省人民政府国有资产监督管理委员会,地方国有企业,β高股息低波动 适合防御,表现超预期,-,智能汽车产业链,-,政策支持,传统行业,耐用品,-
000958.SZ,000958,电投产融,中盘股,公用事业,电力及电网,核电,河北,6.09,主板,火山口 派出小部队勇吃鱼身,连续多天小涨 龟壳战术吃鱼头,-,-,1999/12/23,国务院国有资产监督管理委员会,中央企业,β高股息低波动 适合防御,行情酝酿中,-,特高压电力产业链,-,政策支持,高新技术产业,-,-
000959.SZ,000959,首钢股份,中盘股,原材料,钢铁,普钢,北京,4.75,主板,-,-,-,-,1999/12/16,北京市人民政府国有资产监督管理委员会,地方国有企业,β高股息低波动 适合防御,行情酝酿中,-,-,能源,行业成熟稳定,传统行业,消耗品,-
000960.SZ,000960,锡业股份,大盘股,原材料,其他有色金属及合金,其他有色金属及合金,云南,35.58,主板,-,-,-,-,2000/2/21,云南省人民政府国有资产监督管理委员会,地方国有企业,β高股息低波动 适合防御,行情酝酿中,新能源,-,-,行业成熟稳定,传统行业,消耗品,-
000962.SZ,000962,东方钽业,大盘股,原材料,稀有金属,其他稀有金属,宁夏,46.73,主板,-,-,-,-,2000/1/20,国务院国有资产监督管理委员会,中央企业,β高股息低波动 适合防御,表现超预期,新能源,-,-,行业成熟稳定,传统行业,消耗品,-
000963.SZ,000963,华东医药,大盘股,医药卫生,化学药,药品制剂,浙江,34.45,主板,-,-,-,-,2000/1/27,胡凯军,民营企业,β高股息低波动 适合防御,行情酝酿中,大健康,-,-,政策支持,高新技术产业,消耗品,-
000965.SZ,000965,天保基建,小盘股,房地产,房地产开发与园区,房地产开发,天津,3.65,主板,火山口 派出小部队勇吃鱼身,-,-,-,2000/4/6,天津港保税区国有资产监督管理局,地方国有企业,-,行情酝酿中,-,-,-,行业成熟稳定,传统行业,耐用品,-
000966.SZ,000966,长源电力,中盘股,公用事业,电力及电网,火电,湖北,4.26,主板,火山口 派出小部队勇吃鱼身,-,-,-,2000/3/16,国务院国有资产监督管理委员会,中央企业,β高股息低波动 适合防御,行情酝酿中,-,特高压电力产业链,-,行业成熟稳定,传统行业,-,-
000967.SZ,000967,盈峰环境,大盘股,公用事业,市政环卫,市政环卫,浙江,14,主板,-,-,有涨停 火山口战法吃鱼身,高人气,2000/3/30,何剑锋,民营企业,β高股息低波动 适合防御,表现超预期,-,-,民生,行业成熟稳定,传统行业,-,-
000968.SZ,000968,蓝焰控股,大盘股,能源,石油与天然气,天然气加工,山西,9.03,主板,-,-,有涨停 火山口战法吃鱼身,-,2000/6/22,山西省人民政府国有资产监督管理委员会,地方国有企业,β高股息低波动 适合防御,表现超预期,-,-,能源,行业成熟稳定,传统行业,-,-
000969.SZ,000969,安泰科技,大盘股,原材料,其他有色金属及合金,其他有色金属及合金,北京,21.55,主板,火山口 派出小部队勇吃鱼身,连续多天小涨 龟壳战术吃鱼头,-,-,2000/5/29,国务院国有资产监督管理委员会,中央企业,β高股息低波动 适合防御,行情酝酿中,新能源,-,-,行业成熟稳定,传统行业,消耗品,-
000970.SZ,000970,中科三环,中盘股,原材料,稀有金属,稀土金属,北京,12.19,主板,火山口 派出小部队勇吃鱼身,-,-,-,2000/4/20,中国科学院,中央企业,β高股息低波动 适合防御,行情酝酿中,新能源,-,能源,行业成熟稳定,传统行业,消耗品,-
000972.SZ,000972,*ST中基,小盘股,主要消费,食品,调味品与食用油,新疆,3.91,主板,火山口 派出小部队勇吃鱼身,-,-,-,2000/9/26,新疆生产建设兵团第六师国有资产监督管理委员会,地方国有企业,-,行情酝酿中,大消费,-,-,行业成熟稳定,传统行业,消耗品,-
000973.SZ,000973,佛塑科技,大盘股,工业,储能设备,电池部件及材料,广东,18.42,主板,-,-,-,-,2000/5/25,广东省人民政府,地方国有企业,β高股息低波动 适合防御,表现超预期,-,-,化工,行业成熟稳定,传统行业,消耗品,-
000975.SZ,000975,山金国际,大盘股,原材料,贵金属,黄金,内蒙,29.73,主板,-,-,-,-,2000/6/8,山东省人民政府国有资产监督管理委员会,地方国有企业,β高股息低波动 适合防御,行情酝酿中,大消费,-,-,行业成熟稳定,传统行业,耐用品,-
000977.SZ,000977,浪潮信息,大盘股,信息技术,电子终端及组件,电脑与外围设备,山东,68.23,主板,火山口 派出小部队勇吃鱼身,连续多天小涨 龟壳战术吃鱼头,-,-,2000/6/8,山东省人民政府国有资产监督管理委员会,地方国有企业,β高股息低波动 适合防御,行情酝酿中,新基建,-,-,政策支持,高新技术产业,-,-
000978.SZ,000978,桂林旅游,大盘股,可选消费,休闲服务,景点,广西,7.91,主板,-,-,-,-,2000/5/18,广西壮族自治区桂林市人民政府,地方国有企业,β高股息低波动 适合防御,表现超预期,-,实体经济,-,行业成熟稳定,传统行业,-,-
000980.SZ,000980,众泰汽车,中盘股,工业,建筑产品,建筑产品,浙江,2.09,主板,火山口 派出小部队勇吃鱼身,-,-,-,2000/6/16,无实际控制人,其他,β高股息低波动 适合防御,行情酝酿中,-,智能汽车产业链,-,政策支持,传统行业,消耗品,-
000981.SZ,000981,山子高科,大盘股,可选消费,汽车零部件与轮胎,汽车系统部件,甘肃,4.05,主板,火山口 派出小部队勇吃鱼身,连续多天小涨 龟壳战术吃鱼头,-,-,2000/6/22,叶骥,民营企业,β高股息低波动 适合防御,行情酝酿中,-,智能汽车产业链,-,政策支持,传统行业,消耗品,-
000983.SZ,000983,山西焦煤,中盘股,能源,煤炭,焦炭,山西,6.36,主板,火山口 派出小部队勇吃鱼身,-,-,-,2000/7/26,山西省人民政府国有资产监督管理委员会,地方国有企业,β高股息低波动 适合防御,行情酝酿中,-,-,能源,行业成熟稳定,传统行业,消耗品,-
000985.SZ,000985,大庆华科,迷你盘,原材料,化学原料,其他化学原料,黑龙江,18.9,主板,-,-,-,-,2000/7/26,国务院国有资产监督管理委员会,中央企业,-,行情酝酿中,-,-,化工,行业成熟稳定,传统行业,耐用品,-
000987.SZ,000987,越秀资本,大盘股,金融,其他金融服务,其他综合性金融服务,广东,8.96,主板,火山口 派出小部队勇吃鱼身,连续多天小涨 龟壳战术吃鱼头,-,-,2000/7/18,广州市人民政府国有资产监督管理委员会,地方国有企业,β高股息低波动 适合防御,表现超预期,大金融,-,-,行业成熟稳定,传统行业,-,-
000988.SZ,000988,华工科技,大盘股,信息技术,其他电子,其他电子,湖北,116.68,主板,-,-,-,-,2000/6/8,武汉市人民政府国有资产监督管理委员会,地方国有企业,β高股息低波动 适合防御,表现超预期,-,-,制造业(工业母机),行业成熟稳定,高新技术产业,耐用品,-
000989.SZ,000989,九芝堂,中盘股,医药卫生,中药,中成药,湖南,9.51,主板,-,-,-,-,2000/6/28,黑龙江省人民政府国有资产监督管理委员会,地方国有企业,β高股息低波动 适合防御,表现超预期,大健康,-,-,行业成熟稳定,传统行业,消耗品,-
000990.SZ,000990,诚志股份,大盘股,原材料,化学原料,其他化学原料,江西,10.67,主板,火山口 派出小部队勇吃鱼身,-,-,-,2000/7/6,青岛西海岸新区国有资产管理局,地方国有企业,β高股息低波动 适合防御,表现超预期,-,-,化工,行业成熟稳定,传统行业,耐用品,-
000993.SZ,000993,闽东电力,中盘股,公用事业,电力及电网,水电,福建,12.18,主板,-,-,-,-,2000/7/31,宁德市人民政府国有资产监督管理委员会,地方国有企业,β高股息低波动 适合防御,表现超预期,-,特高压电力产业链,-,行业成熟稳定,传统行业,-,-
000995.SZ,000995,皇台酒业,中盘股,主要消费,酒,白酒,甘肃,13.75,主板,火山口 派出小部队勇吃鱼身,-,-,-,2000/8/7,赵满堂,民营企业,β高股息低波动 适合防御,行情酝酿中,大消费,-,-,行业成熟稳定,传统行业,消耗品,-
000997.SZ,000997,新大陆,大盘股,NA,NA,NA,福建,21.26,主板,-,-,-,-,2000/8/7,胡钢,民营企业,β高股息低波动 适合防御,表现超预期,新基建,-,-,政策支持,高新技术产业,-,-
000998.SZ,000998,隆平高科,中盘股,主要消费,种植,种业,湖南,9.89,主板,火山口 派出小部队勇吃鱼身,-,-,-,2000/12/11,中国中信集团有限公司,中央企业,β高股息低波动 适合防御,行情酝酿中,-,-,粮食,行业成熟稳定,传统行业,消耗品,-
000999.SZ,000999,华润三九,大盘股,医药卫生,中药,中成药,深圳,27.48,主板,-,-,-,-,2000/3/9,国务院国有资产监督管理委员会,中央企业,β高股息低波动 适合防御,行情酝酿中,大健康,-,-,行业成熟稳定,传统行业,消耗品,-
001201.SZ,001201,东瑞股份,小盘股,主要消费,养殖,畜牧产品,广东,13.22,主板,-,-,-,-,2021/4/28,袁建康,民营企业,-,表现超预期,-,-,粮食,行业成熟稳定,传统行业,消耗品,-
001202.SZ,001202,炬申股份,迷你盘,工业,运输业,物流综合,广东,16.96,主板,火山口 派出小部队勇吃鱼身,连续多天小涨 龟壳战术吃鱼头,-,-,2021/4/29,雷琦,民营企业,-,行情酝酿中,-,电子商务产业链,-,政策支持,传统行业,-,-
001203.SZ,001203,大中矿业,大盘股,原材料,钢铁,其他钢铁,内蒙,46.52,主板,-,-,有涨停 火山口战法吃鱼身,高人气,2021/5/10,林来嵘,民营企业,β高股息低波动 适合防御,表现超预期,-,-,能源,行业成熟稳定,传统行业,消耗品,-
001205.SZ,001205,盛航股份,小盘股,工业,运输业,航运,江苏,14.69,主板,火山口 派出小部队勇吃鱼身,连续多天小涨 龟壳战术吃鱼头,-,-,2021/5/13,尚吉永,民营企业,-,行情酝酿中,-,-,交通,行业成熟稳定,传统行业,-,-
001206.SZ,001206,依依股份,中盘股,主要消费,家庭用品,家庭用品,天津,20.16,主板,火山口 派出小部队勇吃鱼身,-,-,-,2021/5/18,高福忠,民营企业,β高股息低波动 适合防御,行情酝酿中,-,-,化工,行业成熟稳定,传统行业,消耗品,有量化参与
001207.SZ,001207,联科科技,小盘股,原材料,橡胶,橡胶助剂,山东,19.64,主板,-,-,-,-,2021/6/23,吴晓林,民营企业,-,行情酝酿中,-,-,化工,行业成熟稳定,传统行业,耐用品,-
001208.SZ,001208,华菱线缆,大盘股,工业,电网设备,线缆及其他,湖南,21.84,主板,-,-,有涨停 火山口战法吃鱼身,高人气,2021/6/24,湖南省人民政府国有资产监督管理委员会,地方国有企业,β高股息低波动 适合防御,表现超预期,新科技,特高压电力产业链,-,政策支持,高新技术产业,耐用品,-
001209.SZ,001209,洪兴股份,迷你盘,可选消费,纺织服装,服装,广东,20.45,主板,-,-,-,-,2021/7/23,郭秋洪,民营企业,-,行情酝酿中,大消费,-,-,行业成熟稳定,传统行业,耐用品,-
001210.SZ,001210,金房能源,迷你盘,公用事业,供热及其他,供热及其他,北京,21.29,主板,火山口 派出小部队勇吃鱼身,-,-,-,2021/7/29,杨建勋,民营企业,-,行情酝酿中,-,-,民生,行业成熟稳定,传统行业,消耗品,-
001211.SZ,001211,双枪科技,中盘股,可选消费,家居,其他家居,浙江,31.8,主板,-,连续多天小涨 龟壳战术吃鱼头,-,-,2021/8/5,郑承烈,民营企业,β高股息低波动 适合防御,表现超预期,大消费,-,-,行业成熟稳定,传统行业,耐用品,-
001212.SZ,001212,中旗新材,中盘股,工业,建筑产品,建筑产品,广东,48.81,主板,-,连续多天小涨 龟壳战术吃鱼头,-,-,2021/8/23,贺荣明,民营企业,β高股息低波动 适合防御,行情酝酿中,-,房地产产业链,-,行业成熟稳定,传统行业,耐用品,-
001213.SZ,001213,中铁特货,迷你盘,工业,运输业,铁路运输,北京,4.03,主板,火山口 派出小部队勇吃鱼身,连续多天小涨 龟壳战术吃鱼头,-,-,2021/9/8,中国国家铁路集团有限公司,中央企业,-,行情酝酿中,-,-,交通,行业成熟稳定,传统行业,-,-
001215.SZ,001215,千味央厨,小盘股,主要消费,食品,其他食品,河南,39.49,主板,火山口 派出小部队勇吃鱼身,连续多天小涨 龟壳战术吃鱼头,-,-,2021/9/6,李伟,民营企业,-,行情酝酿中,大消费,-,-,行业成熟稳定,传统行业,消耗品,-
001216.SZ,001216,华瓷股份,小盘股,可选消费,家居,其他家居,湖南,18.74,主板,-,-,-,-,2021/10/19,许君奇,民营企业,-,行情酝酿中,大消费,-,-,行业成熟稳定,传统行业,耐用品,-
001217.SZ,001217,华尔泰,迷你盘,原材料,化学原料,其他化学原料,安徽,11.72,主板,火山口 派出小部队勇吃鱼身,连续多天小涨 龟壳战术吃鱼头,-,-,2021/9/29,吴李杰,民营企业,-,行情酝酿中,-,-,化工,行业成熟稳定,传统行业,耐用品,-
001218.SZ,001218,丽臣实业,迷你盘,原材料,化学制品,其他化学制品,湖南,25.51,主板,火山口 派出小部队勇吃鱼身,连续多天小涨 龟壳战术吃鱼头,-,-,2021/10/15,贾齐正,民营企业,-,行情酝酿中,-,-,化工,行业成熟稳定,传统行业,耐用品,-
001219.SZ,001219,青岛食品,迷你盘,主要消费,食品,休闲食品,山东,14.7,主板,火山口 派出小部队勇吃鱼身,-,-,-,2021/10/21,青岛华通国有资本投资运营集团有限公司,地方国有企业,-,行情酝酿中,大消费,-,-,行业成熟稳定,传统行业,消耗品,-
001220.SZ,001220,世盟股份,中盘股,工业,运输业,物流综合,北京,45.66,主板,-,-,-,-,2026/2/3,张经纬,民营企业,β高股息低波动 适合防御,表现超预期,-,电子商务产业链,-,政策支持,传统行业,-,-
001221.SZ,001221,悍高集团,小盘股,可选消费,家居,其他家居,广东,64.1,主板,火山口 派出小部队勇吃鱼身,连续多天小涨 龟壳战术吃鱼头,-,-,2025/7/30,欧锦锋,民营企业,-,行情酝酿中,大消费,-,-,行业成熟稳定,传统行业,耐用品,-
001222.SZ,001222,源飞宠物,迷你盘,主要消费,家庭用品,家庭用品,浙江,19.88,主板,火山口 派出小部队勇吃鱼身,-,-,-,2022/8/18,庄明允,民营企业,-,行情酝酿中,-,-,文化体育,行业成熟稳定,传统行业,-,-
001223.SZ,001223,欧克科技,中盘股,工业,专用机械,印刷包装机械,江西,60.02,主板,-,-,-,-,2022/12/12,胡甫晟,民营企业,β高股息低波动 适合防御,表现超预期,-,-,制造业(工业母机),行业成熟稳定,高新技术产业,耐用品,-
001225.SZ,001225,和泰机电,迷你盘,工业,通用机械,其他通用机械,浙江,50.6,主板,-,-,-,-,2023/2/22,徐青,外资,-,行情酝酿中,-,-,制造业(工业母机),行业成熟稳定,高新技术产业,耐用品,-
001226.SZ,001226,拓山重工,迷你盘,工业,专用机械,工程机械,安徽,44.98,主板,-,-,-,-,2022/6/22,徐杨顺,民营企业,-,表现超预期,-,-,制造业(工业母机),行业成熟稳定,高新技术产业,耐用品,-
001227.SZ,001227,兰州银行,小盘股,金融,商业银行,区域性银行,甘肃,2.23,主板,火山口 派出小部队勇吃鱼身,连续多天小涨 龟壳战术吃鱼头,-,-,2022/1/17,无实际控制人,其他,-,行情酝酿中,大金融,-,-,行业成熟稳定,传统行业,-,-
001228.SZ,001228,永泰运,迷你盘,工业,运输业,物流综合,浙江,33.88,主板,火山口 派出小部队勇吃鱼身,连续多天小涨 龟壳战术吃鱼头,-,-,2022/4/29,陈永夫,民营企业,-,表现超预期,-,电子商务产业链,-,政策支持,传统行业,-,-
001229.SZ,001229,魅视科技,迷你盘,信息技术,电子终端及组件,安防设备及其他,广东,36.43,主板,-,-,-,-,2022/8/8,方华,民营企业,-,表现超预期,新基建,-,-,政策支持,高新技术产业,-,-
001230.SZ,001230,劲旅环境,中盘股,公用事业,市政环卫,市政环卫,安徽,27.99,主板,-,-,有涨停 火山口战法吃鱼身,高人气,2022/7/15,于晓霞,民营企业,β高股息低波动 适合防御,表现超预期,-,-,民生,行业成熟稳定,传统行业,-,-
001231.SZ,001231,农心科技,小盘股,原材料,农用化工,农药,陕西,24.93,主板,-,-,-,-,2022/8/19,郑敬敏,民营企业,-,表现超预期,-,-,粮食,行业成熟稳定,传统行业,消耗品,-
001233.SZ,001233,海安集团,中盘股,可选消费,汽车零部件与轮胎,轮胎,福建,67.65,主板,-,-,-,-,2025/11/25,朱晖,民营企业,β高股息低波动 适合防御,表现超预期,-,智能汽车产业链,-,政策支持,传统行业,消耗品,有量化参与
001234.SZ,001234,泰慕士,小盘股,可选消费,纺织服装,服装,江苏,27.79,主板,-,-,-,-,2022/1/11,广州市人民政府国有资产监督管理委员会,地方国有企业,-,表现超预期,大消费,-,-,行业成熟稳定,传统行业,耐用品,-
001236.SZ,001236,弘业期货,迷你盘,金融,其他资本市场,其他资本市场,江苏,9.31,主板,火山口 派出小部队勇吃鱼身,-,-,-,2022/8/5,江苏省政府国有资产监督管理委员会,地方国有企业,-,行情酝酿中,大金融,-,-,行业成熟稳定,传统行业,-,-
001238.SZ,001238,浙江正特,迷你盘,可选消费,休闲设备与用品,休闲设备与用品,浙江,46.6,主板,-,-,-,-,2022/9/19,陈永辉,民营企业,-,表现超预期,大消费,-,-,行业成熟稳定,传统行业,耐用品,-
001239.SZ,001239,永达股份,迷你盘,工业,发电设备,风电设备,湖南,15.3,主板,火山口 派出小部队勇吃鱼身,-,-,-,2023/12/12,沈培良,民营企业,-,行情酝酿中,-,-,制造业(工业母机),行业成熟稳定,高新技术产业,耐用品,-
001255.SZ,001255,博菲电气,迷你盘,工业,电网设备,线缆及其他,浙江,37.27,主板,火山口 派出小部队勇吃鱼身,连续多天小涨 龟壳战术吃鱼头,-,-,2022/9/30,陆云峰,民营企业,-,行情酝酿中,新科技,特高压电力产业链,-,政策支持,高新技术产业,耐用品,-
001256.SZ,001256,炜冈科技,迷你盘,工业,专用机械,印刷包装机械,浙江,24.5,主板,-,-,-,-,2022/12/5,周炳松,民营企业,-,表现超预期,-,-,制造业(工业母机),行业成熟稳定,传统行业,耐用品,-
001257.SZ,001257,盛龙股份,大盘股,原材料,稀有金属,钨钼,河南,23.12,主板,-,-,-,-,2026/3/31,洛阳市人民政府国有资产监督管理委员会,地方国有企业,β高股息低波动 适合防御,行情酝酿中,新能源,-,-,行业成熟稳定,传统行业,消耗品,-
001258.SZ,001258,立新能源,中盘股,公用事业,电力及电网,风电,新疆,9.06,主板,-,-,-,-,2022/7/27,新疆维吾尔自治区人民政府国有资产监督管理委员会,地方国有企业,β高股息低波动 适合防御,行情酝酿中,-,特高压电力产业链,-,政策支持,高新技术产业,-,-
001259.SZ,001259,利仁科技,迷你盘,可选消费,家用电器,小家电,北京,31.54,主板,火山口 派出小部队勇吃鱼身,连续多天小涨 龟壳战术吃鱼头,-,-,2022/8/31,宋老亮,民营企业,-,行情酝酿中,大消费,-,-,行业成熟稳定,传统行业,耐用品,-
001260.SZ,001260,坤泰股份,迷你盘,可选消费,汽车零部件与轮胎,汽车内饰与外饰,山东,21.03,主板,火山口 派出小部队勇吃鱼身,-,-,-,2023/2/16,张明,民营企业,-,行情酝酿中,-,智能汽车产业链,-,政策支持,传统行业,消耗品,-
001266.SZ,001266,宏英智能,迷你盘,工业,通用机械,电动机与工控自动化,上海,32.98,主板,火山口 派出小部队勇吃鱼身,-,-,-,2022/2/28,张化宏,民营企业,-,行情酝酿中,-,智能汽车产业链,制造业(工业母机),行业成熟稳定,传统行业,耐用品,-
001267.SZ,001267,汇绿生态,大盘股,工业,建筑与工程,园林工程,湖北,44.71,主板,-,-,-,-,2021/11/17,李晓明,民营企业,β高股息低波动 适合防御,表现超预期,新基建,-,-,政策支持,高新技术产业,-,-
001268.SZ,001268,联合精密,中盘股,工业,通用机械,气液机械,广东,33,主板,-,-,有涨停 火山口战法吃鱼身,高人气,2022/6/30,何俊桦,民营企业,β高股息低波动 适合防御,表现超预期,-,-,制造业(工业母机),行业成熟稳定,传统行业,耐用品,-
001269.SZ,001269,欧晶科技,小盘股,工业,节能与生态修复,节能与资源回收,内蒙,22.61,主板,-,-,-,-,2022/9/30,无实际控制人,其他,-,表现超预期,新能源,-,能源,行业成熟稳定,传统行业,消耗品,-
001270.SZ,001270,*ST铖昌,大盘股,工业,国防装备,国防装备,浙江,136,主板,-,-,-,-,2022/6/6,刘建伟,民营企业,β高股息低波动 适合防御,表现超预期,新科技,-,-,政策支持,高新技术产业,-,有量化参与
001277.SZ,001277,速达股份,迷你盘,工业,专用机械,采矿冶金机械,河南,35.4,主板,火山口 派出小部队勇吃鱼身,连续多天小涨 龟壳战术吃鱼头,-,-,2024/9/3,李锡元,民营企业,-,行情酝酿中,-,-,制造业(工业母机),行业成熟稳定,高新技术产业,耐用品,-
001278.SZ,001278,一彬科技,迷你盘,可选消费,汽车零部件与轮胎,汽车内饰与外饰,浙江,21.11,主板,-,-,-,-,2023/3/8,王建华,民营企业,-,行情酝酿中,-,智能汽车产业链,-,政策支持,传统行业,消耗品,-
001279.SZ,001279,强邦新材,迷你盘,工业,商业服务与用品,商业印刷,安徽,31.22,主板,火山口 派出小部队勇吃鱼身,连续多天小涨 龟壳战术吃鱼头,-,-,2024/10/11,郭良春,民营企业,-,行情酝酿中,-,电子商务产业链,-,行业成熟稳定,传统行业,-,-
001280.SZ,001280,中国铀业,大盘股,原材料,稀有金属,其他稀有金属,北京,82.45,主板,-,-,-,-,2025/12/3,中国核工业集团有限公司,中央企业,β高股息低波动 适合防御,行情酝酿中,新能源,-,-,行业成熟稳定,传统行业,消耗品,-
001282.SZ,001282,三联锻造,小盘股,可选消费,汽车零部件与轮胎,汽车系统部件,安徽,21.05,主板,-,-,-,-,2023/5/24,孙国奉,民营企业,-,表现超预期,-,智能汽车产业链,-,政策支持,传统行业,消耗品,-
001283.SZ,001283,豪鹏科技,大盘股,工业,储能设备,电池,深圳,72.37,主板,火山口 派出小部队勇吃鱼身,-,-,-,2022/9/5,潘党育,民营企业,β高股息低波动 适合防御,表现超预期,新科技,特高压电力产业链,-,政策支持,高新技术产业,耐用品,-
001285.SZ,001285,瑞立科密,小盘股,可选消费,汽车零部件与轮胎,汽车系统部件,广东,54.76,主板,火山口 派出小部队勇吃鱼身,-,-,-,2025/9/30,张晓平,民营企业,-,行情酝酿中,-,智能汽车产业链,-,政策支持,传统行业,消耗品,-
001286.SZ,001286,陕西能源,中盘股,公用事业,电力及电网,火电,陕西,11.08,主板,火山口 派出小部队勇吃鱼身,-,-,-,2023/4/10,陕西投资集团有限公司,地方国有企业,β高股息低波动 适合防御,行情酝酿中,-,特高压电力产业链,-,行业成熟稳定,传统行业,-,-
001287.SZ,001287,中电港,大盘股,工业,商业服务与用品,贸易商,深圳,26.97,主板,火山口 派出小部队勇吃鱼身,-,-,-,2023/4/10,国务院国有资产监督管理委员会,中央企业,β高股息低波动 适合防御,行情酝酿中,新科技,-,-,政策支持,高新技术产业,-,-
001288.SZ,001288,运机集团,中盘股,工业,通用机械,其他通用机械,四川,28.18,主板,-,-,-,-,2021/11/1,吴友华,民营企业,β高股息低波动 适合防御,行情酝酿中,-,-,制造业(工业母机),行业成熟稳定,高新技术产业,耐用品,-
001289.SZ,001289,龙源电力,小盘股,公用事业,电力及电网,风电,北京,15.36,主板,火山口 派出小部队勇吃鱼身,连续多天小涨 龟壳战术吃鱼头,-,-,2022/1/24,国务院国有资产监督管理委员会,中央企业,-,行情酝酿中,-,特高压电力产业链,-,政策支持,高新技术产业,-,-
001296.SZ,001296,长江材料,迷你盘,原材料,其他非金属材料,其他非金属材料,重庆,25.34,主板,火山口 派出小部队勇吃鱼身,连续多天小涨 龟壳战术吃鱼头,-,-,2021/12/24,熊鹰,民营企业,-,行情酝酿中,-,房地产产业链,-,行业成熟稳定,传统行业,耐用品,-
001298.SZ,001298,好上好,大盘股,工业,商业服务与用品,贸易商,深圳,21.98,主板,-,-,-,-,2022/10/31,王玉成,外资,β高股息低波动 适合防御,表现超预期,新科技,-,-,政策支持,高新技术产业,-,-
001299.SZ,001299,美能能源,中盘股,公用事业,燃气,燃气,陕西,14.86,主板,-,-,有涨停 火山口战法吃鱼身,-,2022/10/31,晏立群,民营企业,β高股息低波动 适合防御,表现超预期,-,-,民生,行业成熟稳定,传统行业,消耗品,-
001300.SZ,001300,三柏硕,中盘股,可选消费,休闲设备与用品,休闲设备与用品,山东,18.48,主板,-,-,-,-,2022/10/19,朱希龙,民营企业,β高股息低波动 适合防御,表现超预期,-,-,文化体育,行业成熟稳定,传统行业,-,-
001301.SZ,001301,尚太科技,中盘股,工业,储能设备,电池部件及材料,河北,74.67,主板,-,-,-,-,2022/12/28,欧阳永跃,民营企业,β高股息低波动 适合防御,表现超预期,新科技,特高压电力产业链,-,政策支持,高新技术产业,耐用品,-
001306.SZ,001306,夏厦精密,迷你盘,可选消费,汽车零部件与轮胎,汽车系统部件,浙江,67.33,主板,-,-,-,-,2023/11/16,夏挺,民营企业,-,行情酝酿中,-,-,制造业(工业母机),行业成熟稳定,传统行业,耐用品,-
001308.SZ,001308,康冠科技,迷你盘,信息技术,光学光电子,面板,深圳,20.78,主板,火山口 派出小部队勇吃鱼身,连续多天小涨 龟壳战术吃鱼头,-,-,2022/3/18,凌斌,民营企业,-,行情酝酿中,新科技,-,-,政策支持,高新技术产业,-,-
001309.SZ,001309,德明利,大盘股,信息技术,集成电路,集成电路设计,深圳,513.69,主板,-,-,-,-,2022/7/1,李虎,民营企业,β高股息低波动 适合防御,表现超预期,新科技,-,-,政策支持,高新技术产业,-,有量化参与
001311.SZ,001311,多利科技,小盘股,可选消费,汽车零部件与轮胎,其他汽车零部件,安徽,31.74,主板,-,-,-,-,2023/2/27,曹达龙,民营企业,-,表现超预期,-,智能汽车产业链,-,政策支持,传统行业,消耗品,-
001313.SZ,001313,粤海饲料,中盘股,主要消费,养殖,饲料,广东,8.43,主板,-,-,-,-,2022/2/16,郑石轩,民营企业,β高股息低波动 适合防御,行情酝酿中,-,-,粮食,行业成熟稳定,传统行业,消耗品,-
001314.SZ,001314,亿道信息,迷你盘,信息技术,电子终端及组件,电脑与外围设备,深圳,43.56,主板,火山口 派出小部队勇吃鱼身,-,-,-,2023/2/14,石庆,民营企业,-,行情酝酿中,新科技,-,-,政策支持,高新技术产业,-,-
001316.SZ,001316,润贝航科,小盘股,工业,商业服务与用品,贸易商,深圳,49.23,主板,火山口 派出小部队勇吃鱼身,连续多天小涨 龟壳战术吃鱼头,-,-,2022/6/24,刘俊锋,外资,-,行情酝酿中,-,实体经济,-,行业成熟稳定,传统行业,-,-
001317.SZ,001317,三羊马,中盘股,工业,运输业,物流综合,重庆,49.93,主板,火山口 派出小部队勇吃鱼身,连续多天小涨 龟壳战术吃鱼头,-,-,2021/11/30,邱红阳,民营企业,β高股息低波动 适合防御,行情酝酿中,-,-,交通,行业成熟稳定,传统行业,-,-
001318.SZ,001318,阳光乳业,迷你盘,主要消费,食品,乳制品,江西,13.59,主板,火山口 派出小部队勇吃鱼身,连续多天小涨 龟壳战术吃鱼头,-,-,2022/5/20,胡霄云,民营企业,-,行情酝酿中,大消费,-,-,行业成熟稳定,传统行业,消耗品,-
001319.SZ,001319,铭科精技,迷你盘,可选消费,汽车零部件与轮胎,其他汽车零部件,广东,25.66,主板,火山口 派出小部队勇吃鱼身,连续多天小涨 龟壳战术吃鱼头,-,-,2022/5/12,夏录荣,外资,-,行情酝酿中,-,智能汽车产业链,-,政策支持,传统行业,消耗品,-
001322.SZ,001322,箭牌家居,迷你盘,可选消费,家居,其他家居,广东,7.31,主板,-,-,-,-,2022/10/26,谢岳荣,民营企业,-,行情酝酿中,大消费,-,-,行业成熟稳定,传统行业,耐用品,-
001323.SZ,001323,慕思股份,迷你盘,可选消费,家居,家具,广东,23.59,主板,-,-,-,-,2022/6/23,王炳坤,民营企业,-,行情酝酿中,大消费,-,-,行业成熟稳定,传统行业,耐用品,-
001324.SZ,001324,长青科技,小盘股,工业,交通运输设备,城轨铁路,江苏,20.2,主板,火山口 派出小部队勇吃鱼身,连续多天小涨 龟壳战术吃鱼头,-,-,2023/5/22,周银妹,民营企业,-,行情酝酿中,-,-,制造业(工业母机),行业成熟稳定,传统行业,耐用品,-
001325.SZ,001325,元创股份,中盘股,工业,专用机械,农业机械,浙江,64.64,主板,火山口 派出小部队勇吃鱼身,连续多天小涨 龟壳战术吃鱼头,-,-,2025/12/18,王文杰,民营企业,β高股息低波动 适合防御,行情酝酿中,-,-,化工,行业成熟稳定,传统行业,耐用品,-
001326.SZ,001326,联域股份,小盘股,信息技术,光学光电子,LED,深圳,56.85,主板,-,-,-,-,2023/11/9,徐建勇,民营企业,-,表现超预期,新科技,特高压电力产业链,-,政策支持,高新技术产业,耐用品,-
001328.SZ,001328,登康口腔,迷你盘,主要消费,家庭用品,家庭用品,重庆,32.19,主板,火山口 派出小部队勇吃鱼身,连续多天小涨 龟壳战术吃鱼头,-,-,2023/4/10,重庆市国有资产监督管理委员会,地方国有企业,-,行情酝酿中,-,-,化工,行业成熟稳定,传统行业,消耗品,-
001330.SZ,001330,博纳影业,大盘股,通信服务,文化娱乐,影视动漫,新疆,8.23,主板,-,-,有涨停 火山口战法吃鱼身,-,2022/8/18,于冬,民营企业,β高股息低波动 适合防御,表现超预期,-,-,文化体育,行业成熟稳定,传统行业,-,-
001331.SZ,001331,胜通能源,中盘股,能源,石油与天然气,油气流通及其他,山东,50.96,主板,-,-,-,-,2022/9/8,魏吉胜,民营企业,β高股息低波动 适合防御,行情酝酿中,-,-,民生,行业成熟稳定,传统行业,消耗品,-
001332.SZ,001332,锡装股份,小盘股,工业,专用机械,其他专用机械,江苏,55.68,主板,火山口 派出小部队勇吃鱼身,-,-,-,2022/9/20,曹洪海,民营企业,-,行情酝酿中,-,-,制造业(工业母机),行业成熟稳定,高新技术产业,耐用品,-
001333.SZ,001333,光华股份,迷你盘,原材料,化学制品,涂料油墨,浙江,24.86,主板,火山口 派出小部队勇吃鱼身,连续多天小涨 龟壳战术吃鱼头,-,-,2022/12/8,孙杰风,民营企业,-,行情酝酿中,-,-,化工,行业成熟稳定,传统行业,耐用品,-
001335.SZ,001335,信凯科技,迷你盘,工业,商业服务与用品,贸易商,浙江,43.09,主板,-,-,-,-,2025/4/15,李治,民营企业,-,行情酝酿中,-,-,化工,行业成熟稳定,传统行业,耐用品,-
001336.SZ,001336,楚环科技,迷你盘,工业,污染治理,烟气治理,浙江,25.79,主板,-,-,-,-,2022/7/25,陈步东,民营企业,-,行情酝酿中,-,-,制造业(工业母机),行业成熟稳定,高新技术产业,耐用品,-
001337.SZ,001337,四川黄金,中盘股,原材料,贵金属,黄金,四川,47.82,主板,-,-,-,-,2023/3/3,四川省地质矿产勘查开发局,地方国有企业,β高股息低波动 适合防御,行情酝酿中,大消费,-,-,行业成熟稳定,传统行业,耐用品,-
001338.SZ,001338,永顺泰,小盘股,主要消费,酒,啤酒,广东,13.62,主板,火山口 派出小部队勇吃鱼身,-,-,-,2022/11/16,广东省人民政府国有资产监督管理委员会,地方国有企业,-,行情酝酿中,大消费,-,-,行业成熟稳定,传统行业,消耗品,-
001339.SZ,001339,智微智能,大盘股,信息技术,电子终端及组件,电脑与外围设备,深圳,71.57,主板,-,-,-,-,2022/8/15,袁微微,民营企业,β高股息低波动 适合防御,表现超预期,新基建,-,-,政策支持,高新技术产业,-,-
001356.SZ,001356,富岭股份,迷你盘,可选消费,家居,其他家居,浙江,11.11,主板,火山口 派出小部队勇吃鱼身,连续多天小涨 龟壳战术吃鱼头,-,-,2025/1/23,江桂兰,民营企业,-,行情酝酿中,-,-,化工,行业成熟稳定,传统行业,消耗品,-
001358.SZ,001358,兴欣新材,迷你盘,原材料,化学制品,其他化学制品,浙江,27.09,主板,-,-,-,-,2023/12/21,叶汀,民营企业,-,表现超预期,-,-,化工,行业成熟稳定,传统行业,耐用品,-
001359.SZ,001359,平安电工,中盘股,工业,电网设备,线缆及其他,湖北,81.49,主板,火山口 派出小部队勇吃鱼身,连续多天小涨 龟壳战术吃鱼头,-,-,2024/3/28,潘渡江,民营企业,β高股息低波动 适合防御,行情酝酿中,新能源,-,能源,行业成熟稳定,传统行业,消耗品,-
001360.SZ,001360,南矿集团,迷你盘,工业,专用机械,采矿冶金机械,江西,21.88,主板,-,-,-,-,2023/4/10,李顺山,民营企业,-,行情酝酿中,-,-,制造业(工业母机),行业成熟稳定,高新技术产业,耐用品,-
001366.SZ,001366,播恩集团,迷你盘,主要消费,养殖,饲料,江西,14.21,主板,火山口 派出小部队勇吃鱼身,-,-,-,2023/3/7,邹新华,民营企业,-,行情酝酿中,-,-,粮食,行业成熟稳定,传统行业,消耗品,-
001367.SZ,001367,海森药业,中盘股,医药卫生,化学药,原料药,浙江,26.49,主板,-,-,-,-,2023/4/10,王式跃,民营企业,β高股息低波动 适合防御,表现超预期,大健康,-,-,政策支持,高新技术产业,消耗品,-
001368.SZ,001368,通达创智,迷你盘,可选消费,休闲设备与用品,休闲设备与用品,福建,27.98,主板,-,-,-,-,2023/3/13,王亚南,外资,-,表现超预期,-,-,文化体育,行业成熟稳定,传统行业,-,-
001369.SZ,001369,双欣材料,中盘股,原材料,化学原料,其他化学原料,内蒙,16.07,主板,火山口 派出小部队勇吃鱼身,连续多天小涨 龟壳战术吃鱼头,-,-,2025/12/30,乔玉华,民营企业,β高股息低波动 适合防御,行情酝酿中,-,-,化工,行业成熟稳定,传统行业,耐用品,-
001373.SZ,001373,翔腾新材,迷你盘,信息技术,光学光电子,面板,江苏,34.63,主板,火山口 派出小部队勇吃鱼身,连续多天小涨 龟壳战术吃鱼头,-,-,2023/6/1,张伟,民营企业,-,行情酝酿中,新科技,-,-,政策支持,高新技术产业,-,-
001376.SZ,001376,百通能源,小盘股,公用事业,供热及其他,供热及其他,江西,16.08,主板,-,-,-,-,2023/11/3,张春龙,民营企业,-,行情酝酿中,-,-,民生,行业成熟稳定,传统行业,消耗品,-
001378.SZ,001378,德冠新材,小盘股,原材料,塑料,膜材料,广东,26.1,主板,-,-,-,-,2023/10/30,罗维满,民营企业,-,表现超预期,-,-,化工,行业成熟稳定,传统行业,消耗品,-
001379.SZ,001379,腾达科技,迷你盘,工业,通用机械,其他通用机械,山东,21.66,主板,火山口 派出小部队勇吃鱼身,连续多天小涨 龟壳战术吃鱼头,-,-,2024/1/19,陈佩君,外资,-,行情酝酿中,-,-,制造业(工业母机),行业成熟稳定,传统行业,耐用品,-
001380.SZ,001380,华纬科技,迷你盘,可选消费,汽车零部件与轮胎,汽车系统部件,浙江,20.03,主板,火山口 派出小部队勇吃鱼身,连续多天小涨 龟壳战术吃鱼头,-,-,2023/5/16,金雷,民营企业,-,行情酝酿中,-,智能汽车产业链,-,政策支持,传统行业,消耗品,-
001382.SZ,001382,新亚电缆,小盘股,工业,电网设备,线缆及其他,广东,20.23,主板,火山口 派出小部队勇吃鱼身,连续多天小涨 龟壳战术吃鱼头,-,-,2025/3/21,陈家锦,民营企业,-,行情酝酿中,新科技,特高压电力产业链,-,政策支持,高新技术产业,耐用品,-
001386.SZ,001386,马可波罗,小盘股,工业,建筑产品,建筑产品,广东,19.4,主板,火山口 派出小部队勇吃鱼身,-,-,-,2025/10/22,黄建平,民营企业,-,行情酝酿中,大消费,-,-,行业成熟稳定,传统行业,耐用品,-
001387.SZ,001387,雪祺电气,迷你盘,可选消费,家用电器,白色家电,安徽,13.25,主板,火山口 派出小部队勇吃鱼身,连续多天小涨 龟壳战术吃鱼头,-,-,2024/1/11,顾维,民营企业,-,行情酝酿中,大消费,-,-,行业成熟稳定,传统行业,耐用品,-
001388.SZ,001388,信通电子,迷你盘,工业,电网设备,电网自动化,山东,39.56,主板,火山口 派出小部队勇吃鱼身,连续多天小涨 龟壳战术吃鱼头,-,-,2025/7/1,李全用,民营企业,-,行情酝酿中,新科技,特高压电力产业链,-,政策支持,高新技术产业,耐用品,-
001389.SZ,001389,广合科技,大盘股,信息技术,电子元件,印制电路板,广东,149.22,主板,-,-,有涨停 火山口战法吃鱼身,-,2024/4/2,肖红星,民营企业,β高股息低波动 适合防御,表现超预期,新科技,-,-,政策支持,高新技术产业,-,-
001390.SZ,001390,古麒绒材,迷你盘,可选消费,纺织服装,纺织品,安徽,21.74,主板,火山口 派出小部队勇吃鱼身,连续多天小涨 龟壳战术吃鱼头,-,-,2025/5/29,谢玉成,民营企业,-,行情酝酿中,-,-,化工,行业成熟稳定,传统行业,消耗品,-
001391.SZ,001391,国货航,迷你盘,工业,运输业,航空运输,北京,5.29,主板,火山口 派出小部队勇吃鱼身,连续多天小涨 龟壳战术吃鱼头,-,-,2024/12/30,国务院国有资产监督管理委员会,中央企业,-,行情酝酿中,-,电子商务产业链,-,政策支持,传统行业,-,-
001395.SZ,001395,亚联机械,迷你盘,工业,专用机械,其他专用机械,吉林,39.5,主板,火山口 派出小部队勇吃鱼身,连续多天小涨 龟壳战术吃鱼头,-,-,2025/1/27,郭西强,民营企业,-,行情酝酿中,-,-,制造业(工业母机),行业成熟稳定,高新技术产业,耐用品,-
001396.SZ,001396,誉帆科技,小盘股,工业,商业服务与用品,其他商业服务与用品,上海,46.79,主板,火山口 派出小部队勇吃鱼身,连续多天小涨 龟壳战术吃鱼头,-,-,2025/12/30,朱军,民营企业,-,行情酝酿中,-,房地产产业链,-,行业成熟稳定,传统行业,耐用品,-
001400.SZ,001400,江顺科技,大盘股,工业,通用机械,加工机械,江苏,193.6,主板,-,-,有涨停 火山口战法吃鱼身,-,2025/4/24,张理罡,民营企业,β高股息低波动 适合防御,表现超预期,-,-,制造业(工业母机),行业成熟稳定,高新技术产业,耐用品,-
001696.SZ,001696,宗申动力,大盘股,工业,通用机械,动力机械,重庆,19.5,主板,火山口 派出小部队勇吃鱼身,连续多天小涨 龟壳战术吃鱼头,-,-,1997/3/6,左宗申,民营企业,β高股息低波动 适合防御,行情酝酿中,-,智能汽车产业链,-,行业成熟稳定,传统行业,耐用品,-
001872.SZ,001872,招商港口,迷你盘,工业,交通基本设施,港口,深圳,21.43,主板,火山口 派出小部队勇吃鱼身,连续多天小涨 龟壳战术吃鱼头,-,-,1993/5/5,国务院国有资产监督管理委员会,中央企业,-,行情酝酿中,-,-,交通,行业成熟稳定,传统行业,-,-
001896.SZ,001896,豫能控股,大盘股,公用事业,电力及电网,火电,河南,17.08,主板,-,-,有涨停 火山口战法吃鱼身,高人气,1998/1/22,河南省财政厅,地方国有企业,β高股息低波动 适合防御,表现超预期,-,特高压电力产业链,-,行业成熟稳定,传统行业,-,-
001914.SZ,001914,招商积余,小盘股,房地产,房地产管理与服务,房地产管理,深圳,10.07,主板,火山口 派出小部队勇吃鱼身,连续多天小涨 龟壳战术吃鱼头,-,-,1994/9/28,国务院国有资产监督管理委员会,中央企业,-,行情酝酿中,-,房地产产业链,-,行业成熟稳定,传统行业,耐用品,-
001965.SZ,001965,招商公路,小盘股,工业,交通基本设施,高速公路,天津,9.12,主板,-,-,-,-,2017/12/25,国务院国有资产监督管理委员会,中央企业,-,行情酝酿中,-,-,交通,行业成熟稳定,传统行业,-,-
001979.SZ,001979,招商蛇口,大盘股,房地产,房地产开发与园区,房地产开发,深圳,8.85,主板,-,-,-,-,2015/12/30,国务院国有资产监督管理委员会,中央企业,β高股息低波动 适合防御,表现超预期,-,房地产产业链,-,行业成熟稳定,传统行业,耐用品,-
002001.SZ,002001,新和成,大盘股,医药卫生,化学药,原料药,浙江,36.19,主板,-,-,-,-,2004/6/25,胡柏藩,民营企业,β高股息低波动 适合防御,表现超预期,大健康,-,-,政策支持,高新技术产业,消耗品,-
002003.SZ,002003,伟星股份,小盘股,可选消费,纺织服装,服装,浙江,10.09,主板,火山口 派出小部队勇吃鱼身,连续多天小涨 龟壳战术吃鱼头,-,-,2004/6/25,章卡鹏,民营企业,-,行情酝酿中,大消费,-,-,行业成熟稳定,传统行业,耐用品,-
002004.SZ,002004,华邦健康,小盘股,原材料,农用化工,农药,重庆,5.14,主板,-,-,-,-,2004/6/25,张松山,民营企业,-,行情酝酿中,-,-,粮食,行业成熟稳定,传统行业,消耗品,-
002005.SZ,002005,ST德豪,迷你盘,可选消费,家用电器,小家电,安徽,2.9,主板,-,-,-,-,2004/6/25,无实际控制人,其他,-,表现超预期,大消费,-,-,行业成熟稳定,传统行业,耐用品,-
002006.SZ,002006,精工科技,小盘股,工业,专用机械,化工机械,浙江,18.25,主板,火山口 派出小部队勇吃鱼身,连续多天小涨 龟壳战术吃鱼头,-,-,2004/6/25,方朝阳,民营企业,-,行情酝酿中,-,-,制造业(工业母机),行业成熟稳定,高新技术产业,耐用品,-
002007.SZ,002007,华兰生物,小盘股,医药卫生,生物药品,血液制品,河南,15.04,主板,火山口 派出小部队勇吃鱼身,连续多天小涨 龟壳战术吃鱼头,-,-,2004/6/25,安康,民营企业,-,行情酝酿中,大健康,-,-,政策支持,高新技术产业,消耗品,-
002008.SZ,002008,大族激光,大盘股,工业,专用机械,其他专用机械,深圳,87.56,主板,-,-,有涨停 火山口战法吃鱼身,高人气,2004/6/25,高云峰,外资,β高股息低波动 适合防御,表现超预期,-,-,制造业(工业母机),行业成熟稳定,高新技术产业,耐用品,-
002009.SZ,002009,天奇股份,大盘股,工业,专用机械,其他专用机械,江苏,24.59,主板,火山口 派出小部队勇吃鱼身,-,-,-,2004/6/29,黄伟兴,民营企业,β高股息低波动 适合防御,行情酝酿中,-,-,制造业(工业母机),行业成熟稳定,高新技术产业,耐用品,-
002010.SZ,002010,传化智联,中盘股,工业,运输业,物流综合,浙江,6.05,主板,火山口 派出小部队勇吃鱼身,连续多天小涨 龟壳战术吃鱼头,-,-,2004/6/29,徐冠巨,民营企业,β高股息低波动 适合防御,行情酝酿中,-,电子商务产业链,-,政策支持,传统行业,-,-
002011.SZ,002011,盾安环境,小盘股,工业,通用机械,其他通用机械,浙江,12.05,主板,火山口 派出小部队勇吃鱼身,-,-,-,2004/7/5,无实际控制人,其他,-,行情酝酿中,大消费,-,-,行业成熟稳定,传统行业,耐用品,-
002012.SZ,002012,凯恩股份,小盘股,原材料,纸类与林业产品,纸制品,浙江,7,主板,火山口 派出小部队勇吃鱼身,-,-,-,2004/7/5,解直锟,民营企业,-,行情酝酿中,-,-,化工,行业成熟稳定,传统行业,消耗品,-
002014.SZ,002014,永新股份,迷你盘,原材料,容器与包装,金属、玻璃与塑料包装,安徽,11.91,主板,火山口 派出小部队勇吃鱼身,连续多天小涨 龟壳战术吃鱼头,-,-,2004/7/8,黄山市供销合作联合社,集体企业,-,行情酝酿中,-,-,化工,行业成熟稳定,传统行业,消耗品,-
002015.SZ,002015,协鑫能科,大盘股,公用事业,电力及电网,火电,江苏,18.53,主板,火山口 派出小部队勇吃鱼身,-,-,-,2004/7/8,朱共山,外资,β高股息低波动 适合防御,行情酝酿中,-,特高压电力产业链,-,政策支持,高新技术产业,-,-
002016.SZ,002016,世荣兆业,小盘股,房地产,房地产开发与园区,房地产开发,广东,5.73,主板,-,-,-,-,2004/7/8,珠海市人民政府国有资产监督管理委员会,地方国有企业,-,行情酝酿中,-,-,-,行业成熟稳定,传统行业,耐用品,-
002017.SZ,002017,东信和平,中盘股,通信服务,通信设备,通信终端设备及组件,广东,19.25,主板,-,-,-,-,2004/7/13,国务院国有资产监督管理委员会,中央企业,β高股息低波动 适合防御,行情酝酿中,新基建,-,-,政策支持,高新技术产业,-,-
002019.SZ,002019,亿帆医药,中盘股,医药卫生,化学药,药品制剂,浙江,12.25,主板,-,-,-,-,2004/7/13,程先锋,民营企业,β高股息低波动 适合防御,行情酝酿中,大健康,-,-,政策支持,高新技术产业,消耗品,-
002020.SZ,002020,京新药业,中盘股,医药卫生,化学药,药品制剂,浙江,15.25,主板,-,-,-,-,2004/7/15,吕钢,民营企业,β高股息低波动 适合防御,行情酝酿中,大健康,-,-,政策支持,高新技术产业,消耗品,-
002021.SZ,002021,中捷资源,小盘股,工业,专用机械,纺织服装机械,浙江,3.01,主板,-,-,-,-,2004/7/15,无实际控制人,其他,-,行情酝酿中,-,-,制造业(工业母机),行业成熟稳定,传统行业,耐用品,-
002022.SZ,002022,科华生物,小盘股,医药卫生,医疗器械,体外诊断,上海,5.74,主板,火山口 派出小部队勇吃鱼身,-,-,-,2004/7/21,彭年才,民营企业,-,行情酝酿中,大健康,-,-,行业成熟稳定,传统行业,消耗品,-
002023.SZ,002023,海特高新,大盘股,工业,航空航天,航空,四川,12.93,主板,-,-,有涨停 火山口战法吃鱼身,-,2004/7/21,李飚,民营企业,β高股息低波动 适合防御,表现超预期,-,军工高铁产业链,-,政策支持,高新技术产业,-,-
002024.SZ,002024,ST易购,迷你盘,可选消费,专营零售,专营零售,江苏,1.32,主板,-,-,-,-,2004/7/21,无实际控制人,其他,-,行情酝酿中,-,-,-,行业成熟稳定,传统行业,耐用品,-
002025.SZ,002025,航天电器,大盘股,工业,航空航天,航天,贵州,79.76,主板,-,-,-,-,2004/7/26,国务院国有资产监督管理委员会,中央企业,β高股息低波动 适合防御,表现超预期,新科技,-,-,政策支持,高新技术产业,-,-
002026.SZ,002026,山东威达,小盘股,工业,通用机械,其他通用机械,山东,13.36,主板,火山口 派出小部队勇吃鱼身,连续多天小涨 龟壳战术吃鱼头,-,-,2004/7/27,杨明燕,民营企业,-,行情酝酿中,-,-,制造业(工业母机),行业成熟稳定,传统行业,耐用品,-
002027.SZ,002027,分众传媒,大盘股,通信服务,营销与广告,其他广告营销,上海,6.21,主板,-,-,-,-,2004/8/4,江南春,外资,β高股息低波动 适合防御,行情酝酿中,-,电子商务产业链,-,行业成熟稳定,传统行业,-,-
002028.SZ,002028,思源电气,大盘股,工业,电网设备,配电设备,上海,213.8,主板,-,-,-,-,2004/8/5,董增平,民营企业,β高股息低波动 适合防御,行情酝酿中,新科技,特高压电力产业链,-,政策支持,高新技术产业,耐用品,有量化参与
002029.SZ,002029,七匹狼,中盘股,可选消费,纺织服装,服装,福建,9.8,主板,-,-,-,-,2004/8/6,周永伟,民营企业,β高股息低波动 适合防御,行情酝酿中,大消费,-,-,行业成熟稳定,传统行业,耐用品,-
002030.SZ,002030,达安基因,小盘股,医药卫生,医疗器械,体外诊断,广东,5.91,主板,火山口 派出小部队勇吃鱼身,-,-,-,2004/8/9,广州市人民政府,地方国有企业,-,行情酝酿中,大健康,-,-,行业成熟稳定,传统行业,消耗品,-
002031.SZ,002031,巨轮智能,中盘股,工业,专用机械,其他专用机械,广东,6.19,主板,火山口 派出小部队勇吃鱼身,-,-,-,2004/8/16,吴潮忠,民营企业,β高股息低波动 适合防御,行情酝酿中,-,智能汽车产业链,-,政策支持,传统行业,消耗品,-
002032.SZ,002032,苏泊尔,中盘股,可选消费,家用电器,小家电,浙江,46.5,主板,火山口 派出小部队勇吃鱼身,连续多天小涨 龟壳战术吃鱼头,-,-,2004/8/17,SEB SA,外资,β高股息低波动 适合防御,行情酝酿中,大消费,-,-,行业成熟稳定,传统行业,耐用品,-
002033.SZ,002033,丽江股份,大盘股,可选消费,休闲服务,景点,云南,10.43,主板,-,-,-,高人气,2004/8/25,张松山,民营企业,β高股息低波动 适合防御,表现超预期,-,实体经济,-,行业成熟稳定,传统行业,-,-
002034.SZ,002034,旺能环境,大盘股,工业,污染治理,固废处理,浙江,19.41,主板,-,-,-,-,2004/8/26,单建明,民营企业,β高股息低波动 适合防御,表现超预期,-,-,民生,行业成熟稳定,传统行业,-,-
002035.SZ,002035,华帝股份,小盘股,可选消费,家用电器,厨卫电器,广东,6.33,主板,-,-,-,-,2004/9/1,潘叶江,民营企业,-,表现超预期,大消费,-,-,行业成熟稳定,传统行业,耐用品,-
002036.SZ,002036,联创电子,中盘股,信息技术,光学光电子,光学元件,江西,9.12,主板,-,-,-,-,2004/9/3,韩盛龙,民营企业,β高股息低波动 适合防御,行情酝酿中,新科技,-,-,政策支持,高新技术产业,-,-
002037.SZ,002037,保利联合,迷你盘,原材料,化学制品,民爆制品,贵州,8.39,主板,-,-,-,-,2004/9/8,国务院国有资产监督管理委员会,中央企业,-,行情酝酿中,-,-,化工,行业成熟稳定,传统行业,耐用品,-
002038.SZ,002038,双鹭药业,大盘股,医药卫生,化学药,药品制剂,北京,7.6,主板,-,-,-,高人气,2004/9/9,徐明波,民营企业,β高股息低波动 适合防御,表现超预期,大健康,-,-,政策支持,高新技术产业,消耗品,-
002039.SZ,002039,黔源电力,中盘股,公用事业,电力及电网,水电,贵州,20.87,主板,火山口 派出小部队勇吃鱼身,-,-,-,2005/3/3,国务院国有资产监督管理委员会,中央企业,β高股息低波动 适合防御,表现超预期,-,特高压电力产业链,-,行业成熟稳定,传统行业,-,-
002040.SZ,002040,南京港,小盘股,工业,交通基本设施,港口,江苏,9.91,主板,火山口 派出小部队勇吃鱼身,连续多天小涨 龟壳战术吃鱼头,-,-,2005/3/25,江苏省政府国有资产监督管理委员会,地方国有企业,-,行情酝酿中,-,-,交通,行业成熟稳定,传统行业,-,-
002041.SZ,002041,登海种业,小盘股,主要消费,种植,种业,山东,10.33,主板,火山口 派出小部队勇吃鱼身,-,-,-,2005/4/18,李登海,民营企业,-,行情酝酿中,-,-,粮食,行业成熟稳定,传统行业,消耗品,-
002042.SZ,002042,华孚时尚,大盘股,可选消费,纺织服装,纺织品,安徽,4.9,主板,-,-,-,-,2005/4/27,孙伟挺,民营企业,β高股息低波动 适合防御,表现超预期,-,-,化工,行业成熟稳定,传统行业,消耗品,-
002043.SZ,002043,兔宝宝,小盘股,原材料,纸类与林业产品,林业产品,浙江,14.54,主板,火山口 派出小部队勇吃鱼身,连续多天小涨 龟壳战术吃鱼头,-,-,2005/5/10,丁鸿敏,民营企业,-,行情酝酿中,-,房地产产业链,-,行业成熟稳定,传统行业,耐用品,-
002044.SZ,002044,美年健康,大盘股,医药卫生,医疗商业与服务,医疗服务,浙江,5.3,主板,-,-,-,-,2005/5/18,俞熔,民营企业,β高股息低波动 适合防御,行情酝酿中,大健康,-,-,行业成熟稳定,传统行业,消耗品,-
002045.SZ,002045,国光电器,小盘股,可选消费,家用电器,黑色家电,广东,11.86,主板,火山口 派出小部队勇吃鱼身,连续多天小涨 龟壳战术吃鱼头,-,-,2005/5/23,无实际控制人,其他,-,行情酝酿中,新科技,-,-,政策支持,高新技术产业,-,-
002046.SZ,002046,国机精工,大盘股,工业,通用机械,动力机械,河南,50.1,主板,-,-,-,-,2005/5/26,中国机械工业集团有限公司,中央企业,β高股息低波动 适合防御,表现超预期,-,-,制造业(工业母机),行业成熟稳定,传统行业,耐用品,-
002047.SZ,002047,*ST宝鹰,小盘股,工业,建筑装修,建筑装修,深圳,5.53,主板,-,-,-,-,2005/5/31,珠海市人民政府国有资产监督管理委员会,地方国有企业,-,表现超预期,-,房地产产业链,-,行业成熟稳定,传统行业,耐用品,-
002048.SZ,002048,宁波华翔,大盘股,可选消费,汽车零部件与轮胎,汽车内饰与外饰,浙江,28,主板,-,-,-,-,2005/6/3,周晓峰,民营企业,β高股息低波动 适合防御,行情酝酿中,-,智能汽车产业链,-,政策支持,传统行业,消耗品,-
002049.SZ,002049,紫光国微,大盘股,信息技术,集成电路,集成电路设计,河北,72.89,主板,火山口 派出小部队勇吃鱼身,-,-,-,2005/6/6,无实际控制人,其他,β高股息低波动 适合防御,行情酝酿中,新科技,-,-,政策支持,高新技术产业,-,-
002050.SZ,002050,三花智控,大盘股,可选消费,家用电器,家电零部件及其他,浙江,45.54,主板,火山口 派出小部队勇吃鱼身,连续多天小涨 龟壳战术吃鱼头,-,-,2005/6/7,张亚波,民营企业,β高股息低波动 适合防御,行情酝酿中,大消费,-,-,行业成熟稳定,传统行业,耐用品,-
002051.SZ,002051,中工国际,大盘股,工业,建筑与工程,专业工程,北京,11.52,主板,-,-,-,高人气,2006/6/19,国务院国有资产监督管理委员会,中央企业,β高股息低波动 适合防御,表现超预期,-,房地产产业链,-,行业成熟稳定,传统行业,耐用品,-
002052.SZ,002052,同洲电子,小盘股,通信服务,通信设备,通信终端设备及组件,深圳,10.48,主板,-,-,-,-,2006/6/27,无实际控制人,其他,-,行情酝酿中,大消费,-,-,行业成熟稳定,传统行业,耐用品,-
002053.SZ,002053,云南能投,小盘股,原材料,化学原料,无机盐,云南,11.3,主板,火山口 派出小部队勇吃鱼身,连续多天小涨 龟壳战术吃鱼头,-,-,2006/6/27,云南省人民政府国有资产监督管理委员会,地方国有企业,-,行情酝酿中,-,特高压电力产业链,-,政策支持,高新技术产业,-,-
002054.SZ,002054,德美化工,中盘股,原材料,化学制品,印染化学品,广东,8.45,主板,-,-,-,-,2006/7/25,黄冠雄,民营企业,β高股息低波动 适合防御,行情酝酿中,-,房地产产业链,-,行业成熟稳定,传统行业,耐用品,-
002055.SZ,002055,ST得润,小盘股,信息技术,电子终端及组件,消费电子组件及零部件,深圳,6.18,主板,火山口 派出小部队勇吃鱼身,连续多天小涨 龟壳战术吃鱼头,-,-,2006/7/25,邱建民,民营企业,-,行情酝酿中,新科技,-,-,政策支持,高新技术产业,-,-
002056.SZ,002056,横店东磁,大盘股,工业,发电设备,光伏设备,浙江,19.39,主板,-,-,-,-,2006/8/2,东阳市横店社团经济企业联合会,集体企业,β高股息低波动 适合防御,表现超预期,新科技,特高压电力产业链,-,政策支持,高新技术产业,耐用品,-
002057.SZ,002057,中钢天源,小盘股,原材料,其他有色金属及合金,其他有色金属及合金,安徽,9.71,主板,火山口 派出小部队勇吃鱼身,-,-,-,2006/8/2,国务院国有资产监督管理委员会,中央企业,-,行情酝酿中,新能源,-,能源,行业成熟稳定,传统行业,消耗品,-
002058.SZ,002058,*ST威尔,迷你盘,工业,储能设备,电池部件及材料,上海,21.88,主板,火山口 派出小部队勇吃鱼身,-,-,-,2006/8/2,沈雯,民营企业,-,行情酝酿中,新科技,特高压电力产业链,-,政策支持,高新技术产业,耐用品,-
002059.SZ,002059,云南旅游,中盘股,可选消费,休闲服务,旅游服务,云南,5.12,主板,-,-,-,-,2006/8/10,国务院国有资产监督管理委员会,中央企业,β高股息低波动 适合防御,行情酝酿中,-,实体经济,-,行业成熟稳定,传统行业,-,-
002060.SZ,002060,广东建工,中盘股,工业,建筑与工程,基础设施建设,广东,3.88,主板,-,-,-,高人气,2006/8/10,广东省人民政府国有资产监督管理委员会,地方国有企业,β高股息低波动 适合防御,表现超预期,-,房地产产业链,-,行业成熟稳定,传统行业,耐用品,-
002061.SZ,002061,浙江交科,迷你盘,工业,建筑与工程,基础设施建设,浙江,3.88,主板,火山口 派出小部队勇吃鱼身,连续多天小涨 龟壳战术吃鱼头,-,-,2006/8/16,浙江省人民政府国有资产监督管理委员会,地方国有企业,-,行情酝酿中,-,房地产产业链,-,行业成熟稳定,传统行业,耐用品,-
002062.SZ,002062,宏润建设,大盘股,工业,建筑与工程,基础设施建设,浙江,8.48,主板,-,-,-,高人气,2006/8/16,郑宏舫,民营企业,β高股息低波动 适合防御,表现超预期,-,房地产产业链,-,行业成熟稳定,传统行业,耐用品,-
002063.SZ,002063,远光软件,中盘股,信息技术,软件开发,通用软件,广东,6.44,主板,火山口 派出小部队勇吃鱼身,-,-,-,2006/8/23,国务院国有资产监督管理委员会,中央企业,β高股息低波动 适合防御,行情酝酿中,国产替代,-,-,政策支持,传统行业,-,-
002064.SZ,002064,华峰化学,中盘股,原材料,化学纤维,氨纶及其他化纤,浙江,10.78,主板,-,-,-,-,2006/8/23,尤小平,民营企业,β高股息低波动 适合防御,行情酝酿中,-,-,化工,行业成熟稳定,传统行业,耐用品,-
002065.SZ,002065,东华软件,中盘股,信息技术,信息技术服务,系统集成服务,北京,8.45,主板,火山口 派出小部队勇吃鱼身,连续多天小涨 龟壳战术吃鱼头,-,-,2006/8/23,薛向东,民营企业,β高股息低波动 适合防御,行情酝酿中,国产替代,-,-,政策支持,传统行业,-,-
002066.SZ,002066,瑞泰科技,中盘股,原材料,其他非金属材料,其他非金属材料,北京,23.41,主板,火山口 派出小部队勇吃鱼身,连续多天小涨 龟壳战术吃鱼头,-,-,2006/8/23,国务院国有资产监督管理委员会,中央企业,β高股息低波动 适合防御,表现超预期,-,房地产产业链,-,行业成熟稳定,传统行业,耐用品,-
002067.SZ,002067,景兴纸业,中盘股,原材料,容器与包装,纸材料包装,浙江,4.81,主板,火山口 派出小部队勇吃鱼身,-,-,-,2006/9/15,朱在龙,民营企业,β高股息低波动 适合防御,行情酝酿中,-,-,化工,行业成熟稳定,传统行业,消耗品,-
002068.SZ,002068,黑猫股份,小盘股,原材料,橡胶,橡胶助剂,江西,8.76,主板,火山口 派出小部队勇吃鱼身,连续多天小涨 龟壳战术吃鱼头,-,-,2006/9/15,景德镇市国有资产监督管理委员会,地方国有企业,-,行情酝酿中,-,-,化工,行业成熟稳定,传统行业,耐用品,-
002069.SZ,002069,獐子岛,迷你盘,主要消费,养殖,渔业产品,辽宁,3.72,主板,火山口 派出小部队勇吃鱼身,-,-,-,2006/9/28,大连市人民政府国有资产监督管理委员会,地方国有企业,-,行情酝酿中,-,-,粮食,行业成熟稳定,传统行业,消耗品,-
002072.SZ,002072,凯瑞德,迷你盘,工业,商业服务与用品,贸易商,湖北,7.59,主板,火山口 派出小部队勇吃鱼身,-,-,-,2006/10/18,王健,民营企业,-,行情酝酿中,-,实体经济,-,行业成熟稳定,传统行业,-,-
002073.SZ,002073,软控股份,中盘股,工业,专用机械,其他专用机械,山东,7.31,主板,火山口 派出小部队勇吃鱼身,连续多天小涨 龟壳战术吃鱼头,-,-,2006/10/18,袁仲雪,民营企业,β高股息低波动 适合防御,行情酝酿中,-,-,制造业(工业母机),行业成熟稳定,高新技术产业,耐用品,-
002074.SZ,002074,国轩高科,大盘股,工业,储能设备,电池,安徽,40.23,主板,火山口 派出小部队勇吃鱼身,-,-,-,2006/10/18,李缜,民营企业,β高股息低波动 适合防御,表现超预期,新科技,特高压电力产业链,-,政策支持,高新技术产业,耐用品,-
002075.SZ,002075,沙钢股份,小盘股,原材料,钢铁,特钢,江苏,4.71,主板,火山口 派出小部队勇吃鱼身,连续多天小涨 龟壳战术吃鱼头,-,-,2006/10/25,沈彬,民营企业,-,行情酝酿中,-,军工高铁产业链,-,行业成熟稳定,传统行业,消耗品,-
002076.SZ,002076,*ST星光,迷你盘,可选消费,家用电器,照明电器,广东,2.18,主板,火山口 派出小部队勇吃鱼身,连续多天小涨 龟壳战术吃鱼头,-,-,2006/10/25,戴俊威,民营企业,-,行情酝酿中,大消费,-,-,行业成熟稳定,传统行业,耐用品,-
002077.SZ,002077,大港股份,中盘股,信息技术,集成电路,集成电路封测,江苏,16.16,主板,火山口 派出小部队勇吃鱼身,-,-,-,2006/11/16,江苏省镇江市人民政府国有资产监督管理委员会,地方国有企业,β高股息低波动 适合防御,行情酝酿中,新科技,-,-,政策支持,高新技术产业,-,-
002078.SZ,002078,太阳纸业,中盘股,原材料,纸类与林业产品,纸制品,山东,14.18,主板,-,-,-,-,2006/11/16,李洪信,民营企业,β高股息低波动 适合防御,行情酝酿中,-,-,化工,行业成熟稳定,传统行业,消耗品,-
002079.SZ,002079,苏州固锝,大盘股,工业,发电设备,光伏设备,江苏,10.44,主板,火山口 派出小部队勇吃鱼身,-,-,-,2006/11/16,吴炆皜,民营企业,β高股息低波动 适合防御,行情酝酿中,新科技,特高压电力产业链,-,政策支持,高新技术产业,耐用品,-
002080.SZ,002080,中材科技,大盘股,原材料,其他非金属材料,玻璃纤维,江苏,49.3,主板,-,-,有涨停 火山口战法吃鱼身,-,2006/11/20,国务院国有资产监督管理委员会,中央企业,β高股息低波动 适合防御,表现超预期,-,-,化工,行业成熟稳定,传统行业,耐用品,-
002081.SZ,002081,金螳螂,中盘股,工业,建筑装修,建筑装修,江苏,3.71,主板,火山口 派出小部队勇吃鱼身,-,有涨停 火山口战法吃鱼身,-,2006/11/20,朱兴良,外资,β高股息低波动 适合防御,表现超预期,-,房地产产业链,-,行业成熟稳定,传统行业,耐用品,-
002082.SZ,002082,万邦德,大盘股,医药卫生,中药,中成药,浙江,29.28,主板,火山口 派出小部队勇吃鱼身,连续多天小涨 龟壳战术吃鱼头,-,-,2006/11/20,赵守明,民营企业,β高股息低波动 适合防御,行情酝酿中,大健康,-,-,行业成熟稳定,传统行业,消耗品,-
002083.SZ,002083,孚日股份,大盘股,可选消费,纺织服装,家用纺织,山东,11.87,主板,-,-,-,-,2006/11/24,高密市国有资产运营中心,地方国有企业,β高股息低波动 适合防御,表现超预期,-,-,化工,行业成熟稳定,传统行业,消耗品,-
002084.SZ,002084,海鸥住工,迷你盘,工业,建筑产品,建筑产品,广东,3.74,主板,-,-,-,-,2006/11/24,唐台英,外资,-,行情酝酿中,大消费,-,-,行业成熟稳定,传统行业,耐用品,-
002085.SZ,002085,万丰奥威,大盘股,可选消费,汽车零部件与轮胎,汽车系统部件,浙江,14.56,主板,火山口 派出小部队勇吃鱼身,连续多天小涨 龟壳战术吃鱼头,-,-,2006/11/28,陈爱莲,民营企业,β高股息低波动 适合防御,行情酝酿中,-,智能汽车产业链,-,政策支持,传统行业,消耗品,-
002086.SZ,002086,东方海洋,迷你盘,主要消费,养殖,渔业产品,山东,2.03,主板,火山口 派出小部队勇吃鱼身,-,-,-,2006/11/28,无实际控制人,其他,-,行情酝酿中,-,-,粮食,行业成熟稳定,传统行业,消耗品,-
002088.SZ,002088,鲁阳节能,迷你盘,原材料,其他非金属材料,其他非金属材料,山东,10.15,主板,火山口 派出小部队勇吃鱼身,-,-,-,2006/11/30,José E. Feliciano,外资,-,行情酝酿中,新能源,-,能源,行业成熟稳定,传统行业,消耗品,-
002090.SZ,002090,金智科技,小盘股,工业,电网设备,电网自动化,江苏,10.79,主板,火山口 派出小部队勇吃鱼身,-,-,-,2006/12/8,赵丹,民营企业,-,行情酝酿中,新科技,特高压电力产业链,-,政策支持,高新技术产业,耐用品,-
002091.SZ,002091,江苏国泰,中盘股,可选消费,专营零售,专营零售,江苏,9.37,主板,火山口 派出小部队勇吃鱼身,连续多天小涨 龟壳战术吃鱼头,-,-,2006/12/8,张家港市国有资产管理中心,地方国有企业,β高股息低波动 适合防御,行情酝酿中,-,实体经济,-,行业成熟稳定,传统行业,-,-
002092.SZ,002092,中泰化学,中盘股,原材料,化学原料,氯碱,新疆,6.27,主板,-,-,-,-,2006/12/8,新疆维吾尔自治区人民政府国有资产监督管理委员会,地方国有企业,β高股息低波动 适合防御,行情酝酿中,-,-,化工,行业成熟稳定,传统行业,耐用品,-
002093.SZ,002093,国脉科技,小盘股,可选消费,教育服务,培训教育及其他,福建,9.7,主板,火山口 派出小部队勇吃鱼身,连续多天小涨 龟壳战术吃鱼头,-,-,2006/12/15,林惠榕,民营企业,-,行情酝酿中,-,-,文化体育,行业成熟稳定,传统行业,-,-
002094.SZ,002094,青岛金王,小盘股,可选消费,家居,其他家居,山东,6.32,主板,-,-,-,-,2006/12/15,陈索斌,民营企业,-,行情酝酿中,-,-,化工,行业成熟稳定,传统行业,消耗品,-
002095.SZ,002095,生意宝,迷你盘,信息技术,信息技术服务,其他IT与互联网服务,浙江,16.65,主板,-,-,-,-,2006/12/15,孙德良,民营企业,-,行情酝酿中,国产替代,电子商务产业链,-,政策支持,传统行业,-,-
002096.SZ,002096,易普力,小盘股,原材料,化学制品,民爆制品,湖南,11.71,主板,火山口 派出小部队勇吃鱼身,-,-,-,2006/12/22,国务院国有资产监督管理委员会,中央企业,-,行情酝酿中,-,-,化工,行业成熟稳定,传统行业,耐用品,-
002097.SZ,002097,山河智能,小盘股,工业,专用机械,工程机械,湖南,10.03,主板,火山口 派出小部队勇吃鱼身,-,-,-,2006/12/22,广州市人民政府,地方国有企业,-,行情酝酿中,-,-,制造业(工业母机),行业成熟稳定,高新技术产业,耐用品,-
002098.SZ,002098,浔兴股份,迷你盘,可选消费,纺织服装,服装,福建,8.87,主板,火山口 派出小部队勇吃鱼身,-,-,-,2006/12/22,王立军,民营企业,-,行情酝酿中,大消费,-,-,行业成熟稳定,传统行业,耐用品,-
002099.SZ,002099,海翔药业,中盘股,医药卫生,化学药,原料药,浙江,7.16,主板,-,-,-,-,2006/12/26,王云富,民营企业,β高股息低波动 适合防御,行情酝酿中,大健康,-,-,政策支持,高新技术产业,消耗品,-
002100.SZ,002100,天康生物,中盘股,主要消费,养殖,饲料,新疆,8.02,主板,-,-,-,-,2006/12/26,新疆生产建设兵团国有资产经营有限责任公司,地方国有企业,β高股息低波动 适合防御,表现超预期,-,-,粮食,行业成熟稳定,传统行业,消耗品,-
002101.SZ,002101,广东鸿图,小盘股,可选消费,汽车零部件与轮胎,其他汽车零部件,广东,10.35,主板,-,-,-,-,2006/12/29,广东省粤科金融集团有限公司,地方国有企业,-,行情酝酿中,-,智能汽车产业链,-,政策支持,传统行业,消耗品,-
002102.SZ,002102,能特科技,小盘股,医药卫生,化学药,原料药,湖北,2.87,主板,-,-,-,-,2006/12/29,荆州市人民政府国有资产监督管理委员会,地方国有企业,-,行情酝酿中,大健康,-,-,政策支持,高新技术产业,消耗品,-
002103.SZ,002103,广博股份,迷你盘,工业,商业服务与用品,办公服务与用品,浙江,8.16,主板,-,-,-,-,2007/1/10,王利平,民营企业,-,行情酝酿中,-,-,文化体育,行业成熟稳定,传统行业,-,-
002104.SZ,002104,恒宝股份,中盘股,通信服务,通信设备,通信终端设备及组件,江苏,15.2,主板,-,-,-,-,2007/1/10,钱京,民营企业,β高股息低波动 适合防御,表现超预期,新基建,-,-,政策支持,高新技术产业,-,-
002105.SZ,002105,信隆健康,迷你盘,可选消费,休闲设备与用品,休闲设备与用品,深圳,6.32,主板,-,-,-,-,2007/1/12,廖学金,外资,-,行情酝酿中,-,智能汽车产业链,-,行业成熟稳定,传统行业,耐用品,-
002106.SZ,002106,莱宝高科,小盘股,信息技术,光学光电子,面板,深圳,10.64,主板,火山口 派出小部队勇吃鱼身,-,-,-,2007/1/12,无实际控制人,其他,-,行情酝酿中,新科技,-,-,政策支持,高新技术产业,-,-
002107.SZ,002107,沃华医药,大盘股,医药卫生,中药,中成药,山东,7.85,主板,-,-,-,-,2007/1/24,无实际控制人,其他,β高股息低波动 适合防御,表现超预期,大健康,-,-,行业成熟稳定,传统行业,消耗品,-
002108.SZ,002108,沧州明珠,大盘股,工业,建筑产品,建筑产品,河北,5.58,主板,-,-,有涨停 火山口战法吃鱼身,-,2007/1/24,广州市人民政府国有资产监督管理委员会,地方国有企业,β高股息低波动 适合防御,表现超预期,-,-,化工,行业成熟稳定,传统行业,消耗品,-
002109.SZ,002109,兴化股份,中盘股,原材料,化学原料,其他化学原料,陕西,3.91,主板,-,-,-,-,2007/1/26,陕西省人民政府国有资产监督管理委员会,地方国有企业,β高股息低波动 适合防御,行情酝酿中,-,-,化工,行业成熟稳定,传统行业,耐用品,-
002110.SZ,002110,三钢闽光,小盘股,原材料,钢铁,普钢,福建,3.71,主板,-,-,-,-,2007/1/26,福建省人民政府国有资产监督管理委员会,地方国有企业,-,行情酝酿中,-,-,能源,行业成熟稳定,传统行业,消耗品,-
002111.SZ,002111,威海广泰,迷你盘,工业,航空航天,航空,山东,9.97,主板,火山口 派出小部队勇吃鱼身,连续多天小涨 龟壳战术吃鱼头,-,-,2007/1/26,李光太,民营企业,-,行情酝酿中,-,军工高铁产业链,-,政策支持,高新技术产业,-,-
002112.SZ,002112,三变科技,大盘股,工业,电网设备,输变电设备,浙江,21.42,主板,-,-,-,-,2007/2/8,三门县人民政府,地方国有企业,β高股息低波动 适合防御,表现超预期,新科技,特高压电力产业链,-,政策支持,高新技术产业,耐用品,-
002114.SZ,002114,罗平锌电,小盘股,原材料,工业金属,铅锌,云南,8.91,主板,火山口 派出小部队勇吃鱼身,-,-,-,2007/2/15,曲靖市人民政府国有资产监督管理委员会,地方国有企业,-,行情酝酿中,新能源,-,-,行业成熟稳定,传统行业,消耗品,-
002115.SZ,002115,三维通信,大盘股,通信服务,营销与广告,数字营销,浙江,12.57,主板,火山口 派出小部队勇吃鱼身,-,-,-,2007/2/15,李越伦,民营企业,β高股息低波动 适合防御,行情酝酿中,国产替代,电子商务产业链,-,政策支持,传统行业,-,-
002116.SZ,002116,中国海诚,迷你盘,工业,建筑与工程,专业工程,上海,10.42,主板,火山口 派出小部队勇吃鱼身,-,-,-,2007/2/15,国务院国有资产监督管理委员会,中央企业,-,行情酝酿中,-,房地产产业链,-,行业成熟稳定,传统行业,耐用品,-
002117.SZ,002117,东港股份,小盘股,工业,商业服务与用品,商业印刷,山东,10.11,主板,火山口 派出小部队勇吃鱼身,连续多天小涨 龟壳战术吃鱼头,-,-,2007/3/2,无实际控制人,其他,-,行情酝酿中,-,电子商务产业链,-,行业成熟稳定,传统行业,-,-
002119.SZ,002119,康强电子,大盘股,信息技术,半导体材料与设备,半导体材料,浙江,23.45,主板,-,-,-,-,2007/3/2,无实际控制人,其他,β高股息低波动 适合防御,表现超预期,新科技,-,-,政策支持,高新技术产业,-,-
002120.SZ,002120,韵达股份,中盘股,工业,运输业,快递,浙江,6.82,主板,-,-,-,-,2007/3/6,聂腾云,民营企业,β高股息低波动 适合防御,表现超预期,-,电子商务产业链,-,政策支持,传统行业,-,-
002121.SZ,002121,科陆电子,中盘股,工业,电网设备,电网自动化,深圳,7.62,主板,火山口 派出小部队勇吃鱼身,-,-,-,2007/3/6,何享健,民营企业,β高股息低波动 适合防御,行情酝酿中,-,智能汽车产业链,制造业(工业母机),行业成熟稳定,传统行业,耐用品,-
002122.SZ,002122,ST汇洲,迷你盘,工业,通用机械,加工机械,浙江,2.97,主板,火山口 派出小部队勇吃鱼身,-,-,-,2007/3/28,无实际控制人,其他,-,行情酝酿中,新科技,-,制造业(工业母机),政策支持,高新技术产业,耐用品,-
002123.SZ,002123,梦网科技,中盘股,通信服务,电信增值服务,电信增值服务,辽宁,9.96,主板,火山口 派出小部队勇吃鱼身,-,-,-,2007/3/28,余文胜,民营企业,β高股息低波动 适合防御,行情酝酿中,国产替代,电子商务产业链,-,政策支持,传统行业,-,-
002124.SZ,002124,天邦食品,大盘股,主要消费,养殖,畜牧产品,浙江,3.08,主板,-,-,有涨停 火山口战法吃鱼身,高人气,2007/4/3,张邦辉,民营企业,β高股息低波动 适合防御,表现超预期,-,-,粮食,行业成熟稳定,传统行业,消耗品,-
002125.SZ,002125,湘潭电化,中盘股,工业,储能设备,电池部件及材料,湖南,14.17,主板,-,-,-,-,2007/4/3,湘潭市人民政府国有资产监督管理委员会,地方国有企业,β高股息低波动 适合防御,表现超预期,-,-,化工,行业成熟稳定,传统行业,耐用品,-
002126.SZ,002126,银轮股份,大盘股,可选消费,汽车零部件与轮胎,汽车系统部件,浙江,49.08,主板,火山口 派出小部队勇吃鱼身,连续多天小涨 龟壳战术吃鱼头,-,-,2007/4/18,徐小敏,民营企业,β高股息低波动 适合防御,行情酝酿中,-,智能汽车产业链,-,政策支持,传统行业,消耗品,-
002127.SZ,002127,南极电商,迷你盘,可选消费,互联网零售,互联网零售,江苏,2.78,主板,火山口 派出小部队勇吃鱼身,-,-,-,2007/4/18,张玉祥,民营企业,-,行情酝酿中,国产替代,电子商务产业链,-,政策支持,传统行业,-,-
002128.SZ,002128,电投能源,大盘股,原材料,工业金属,铝,内蒙,33.68,主板,-,-,-,-,2007/4/18,国务院国有资产监督管理委员会,中央企业,β高股息低波动 适合防御,行情酝酿中,-,-,能源,行业成熟稳定,传统行业,消耗品,-
002129.SZ,002129,TCL中环,大盘股,工业,发电设备,光伏设备,天津,8.67,主板,-,-,-,-,2007/4/20,无实际控制人,其他,β高股息低波动 适合防御,行情酝酿中,新科技,特高压电力产业链,-,政策支持,高新技术产业,耐用品,-
002130.SZ,002130,沃尔核材,大盘股,信息技术,其他电子,其他电子,深圳,25.62,主板,火山口 派出小部队勇吃鱼身,-,-,-,2007/4/20,无实际控制人,其他,β高股息低波动 适合防御,行情酝酿中,新科技,特高压电力产业链,-,政策支持,高新技术产业,耐用品,-
002131.SZ,002131,利欧股份,大盘股,通信服务,营销与广告,数字营销,浙江,7.96,主板,-,-,-,-,2007/4/27,王相荣,民营企业,β高股息低波动 适合防御,行情酝酿中,国产替代,电子商务产业链,-,政策支持,传统行业,-,-
002132.SZ,002132,恒星科技,大盘股,原材料,钢铁,其他钢铁,河南,4.54,主板,-,-,-,-,2007/4/27,谢保军,民营企业,β高股息低波动 适合防御,表现超预期,-,-,能源,行业成熟稳定,传统行业,消耗品,-
002133.SZ,002133,广宇集团,小盘股,房地产,房地产开发与园区,房地产开发,浙江,3.24,主板,-,-,-,-,2007/4/27,王轶磊,民营企业,-,行情酝酿中,-,房地产产业链,-,行业成熟稳定,传统行业,耐用品,-
002134.SZ,002134,天津普林,中盘股,信息技术,电子元件,印制电路板,天津,22.7,主板,-,-,-,-,2007/5/16,无实际控制人,其他,β高股息低波动 适合防御,表现超预期,新科技,-,-,政策支持,高新技术产业,-,-
002135.SZ,002135,东南网架,小盘股,工业,建筑与工程,专业工程,浙江,7.53,主板,火山口 派出小部队勇吃鱼身,连续多天小涨 龟壳战术吃鱼头,-,-,2007/5/30,郭明明,民营企业,-,表现超预期,-,-,能源,行业成熟稳定,传统行业,消耗品,-
002136.SZ,002136,安纳达,小盘股,原材料,化学原料,钛白粉,安徽,13.03,主板,-,-,-,-,2007/5/30,烟台市人民政府国有资产监督管理委员会,地方国有企业,-,行情酝酿中,-,-,化工,行业成熟稳定,传统行业,耐用品,-
002137.SZ,002137,实益达,小盘股,信息技术,光学光电子,LED,深圳,8.4,主板,火山口 派出小部队勇吃鱼身,-,-,-,2007/6/13,陈亚妹,民营企业,-,行情酝酿中,新科技,-,-,政策支持,高新技术产业,-,-
002138.SZ,002138,顺络电子,大盘股,信息技术,电子元件,被动元件,深圳,35.45,主板,火山口 派出小部队勇吃鱼身,连续多天小涨 龟壳战术吃鱼头,-,-,2007/6/13,无实际控制人,其他,β高股息低波动 适合防御,行情酝酿中,新科技,-,-,政策支持,高新技术产业,-,-
002139.SZ,002139,拓邦股份,小盘股,信息技术,电子终端及组件,安防设备及其他,深圳,12.43,主板,火山口 派出小部队勇吃鱼身,连续多天小涨 龟壳战术吃鱼头,-,-,2007/6/29,武永强,民营企业,-,行情酝酿中,新科技,-,-,政策支持,高新技术产业,-,-
002140.SZ,002140,东华科技,小盘股,工业,建筑与工程,专业工程,安徽,12.41,主板,火山口 派出小部队勇吃鱼身,-,-,-,2007/7/12,中国化学工程集团有限公司,中央企业,-,行情酝酿中,-,房地产产业链,-,行业成熟稳定,传统行业,耐用品,-
002141.SZ,002141,贤丰控股,小盘股,主要消费,养殖,动物保健与育种,广东,3.87,主板,火山口 派出小部队勇吃鱼身,-,-,-,2007/7/20,谢松锋,民营企业,-,行情酝酿中,-,-,粮食,行业成熟稳定,传统行业,消耗品,-
002142.SZ,002142,宁波银行,大盘股,金融,商业银行,区域性银行,浙江,31.14,主板,火山口 派出小部队勇吃鱼身,连续多天小涨 龟壳战术吃鱼头,-,-,2007/7/19,无实际控制人,其他,β高股息低波动 适合防御,行情酝酿中,大金融,-,-,行业成熟稳定,传统行业,-,-
002144.SZ,002144,宏达高科,迷你盘,可选消费,汽车零部件与轮胎,汽车内饰与外饰,浙江,15.48,主板,火山口 派出小部队勇吃鱼身,连续多天小涨 龟壳战术吃鱼头,-,-,2007/8/3,沈国甫,民营企业,-,表现超预期,-,-,化工,行业成熟稳定,传统行业,消耗品,-
002145.SZ,002145,钛能化学,中盘股,原材料,化学原料,钛白粉,甘肃,4.68,主板,火山口 派出小部队勇吃鱼身,-,-,-,2007/8/3,王泽龙,民营企业,β高股息低波动 适合防御,行情酝酿中,-,-,化工,行业成熟稳定,传统行业,耐用品,-
002146.SZ,002146,荣盛发展,小盘股,房地产,房地产开发与园区,房地产开发,河北,1.37,主板,火山口 派出小部队勇吃鱼身,-,-,-,2007/8/8,耿建明,民营企业,-,行情酝酿中,-,房地产产业链,-,行业成熟稳定,传统行业,耐用品,-
002148.SZ,002148,北纬科技,小盘股,通信服务,电信增值服务,电信增值服务,北京,7.79,主板,火山口 派出小部队勇吃鱼身,连续多天小涨 龟壳战术吃鱼头,-,-,2007/8/10,傅乐民,民营企业,-,行情酝酿中,国产替代,电子商务产业链,-,政策支持,传统行业,-,-
002149.SZ,002149,西部材料,大盘股,原材料,其他有色金属及合金,钛,陕西,54.8,主板,-,-,有涨停 火山口战法吃鱼身,-,2007/8/10,陕西省财政厅,地方国有企业,β高股息低波动 适合防御,表现超预期,新能源,-,-,行业成熟稳定,传统行业,消耗品,-
002150.SZ,002150,正泰电源,大盘股,工业,通用机械,其他通用机械,江苏,30.55,主板,-,-,-,-,2007/8/10,南存辉,民营企业,β高股息低波动 适合防御,表现超预期,-,-,制造业(工业母机),行业成熟稳定,传统行业,耐用品,-
002151.SZ,002151,北斗星通,大盘股,通信服务,通信设备,通信终端设备及组件,北京,38.48,主板,火山口 派出小部队勇吃鱼身,连续多天小涨 龟壳战术吃鱼头,-,-,2007/8/13,周儒欣,民营企业,β高股息低波动 适合防御,行情酝酿中,新基建,-,-,政策支持,高新技术产业,-,-
002152.SZ,002152,广电运通,中盘股,信息技术,电子终端及组件,安防设备及其他,广东,12.11,主板,火山口 派出小部队勇吃鱼身,连续多天小涨 龟壳战术吃鱼头,-,-,2007/8/13,广州市人民政府国有资产监督管理委员会,地方国有企业,β高股息低波动 适合防御,行情酝酿中,新基建,-,-,政策支持,高新技术产业,-,-
002153.SZ,002153,石基信息,小盘股,信息技术,软件开发,行业应用软件,北京,9.76,主板,-,-,-,-,2007/8/13,李仲初,民营企业,-,行情酝酿中,国产替代,-,-,政策支持,传统行业,-,-
002154.SZ,002154,报喜鸟,小盘股,可选消费,纺织服装,服装,浙江,3.68,主板,-,-,-,-,2007/8/16,吴志泽,民营企业,-,表现超预期,大消费,-,-,行业成熟稳定,传统行业,耐用品,-
002155.SZ,002155,湖南黄金,大盘股,原材料,贵金属,黄金,湖南,30.15,主板,-,-,-,-,2007/8/16,湖南省人民政府国有资产监督管理委员会,地方国有企业,β高股息低波动 适合防御,行情酝酿中,大消费,-,-,行业成熟稳定,传统行业,耐用品,-
002156.SZ,002156,通富微电,大盘股,信息技术,集成电路,集成电路封测,江苏,48.18,主板,火山口 派出小部队勇吃鱼身,连续多天小涨 龟壳战术吃鱼头,-,-,2007/8/16,石明达,民营企业,β高股息低波动 适合防御,行情酝酿中,新科技,-,-,政策支持,高新技术产业,-,-
002157.SZ,002157,正邦科技,大盘股,主要消费,养殖,畜牧产品,江西,3.34,主板,-,-,有涨停 火山口战法吃鱼身,-,2007/8/17,鲍洪星,民营企业,β高股息低波动 适合防御,表现超预期,-,-,粮食,行业成熟稳定,传统行业,消耗品,-
002158.SZ,002158,汉钟精机,小盘股,工业,通用机械,气液机械,上海,24.66,主板,-,-,-,-,2007/8/17,廖哲男,外资,-,表现超预期,-,-,制造业(工业母机),行业成熟稳定,高新技术产业,耐用品,-
002159.SZ,002159,三特索道,小盘股,可选消费,休闲服务,景点,湖北,17.14,主板,-,-,-,-,2007/8/17,武汉东湖新技术开发区管理委员会,地方国有企业,-,行情酝酿中,-,实体经济,-,行业成熟稳定,传统行业,-,-
002160.SZ,002160,常铝股份,中盘股,原材料,工业金属,铝,江苏,5.2,主板,火山口 派出小部队勇吃鱼身,-,-,-,2007/8/21,济南市人民政府国有资产监督管理委员会,地方国有企业,β高股息低波动 适合防御,行情酝酿中,-,军工高铁产业链,-,行业成熟稳定,传统行业,消耗品,-
002161.SZ,002161,远望谷,小盘股,通信服务,通信设备,通信终端设备及组件,深圳,7.23,主板,-,-,-,-,2007/8/21,徐玉锁,民营企业,-,行情酝酿中,新基建,-,-,政策支持,高新技术产业,-,-
002162.SZ,002162,悦心健康,小盘股,工业,建筑产品,建筑产品,上海,4.59,主板,-,-,-,-,2007/8/23,李慈雄,外资,-,行情酝酿中,-,-,化工,行业成熟稳定,传统行业,消耗品,-
002163.SZ,002163,海南发展,中盘股,工业,建筑装修,建筑装修,深圳,13.01,主板,火山口 派出小部队勇吃鱼身,-,-,-,2007/8/23,海南省国有资产监督管理委员会,地方国有企业,β高股息低波动 适合防御,行情酝酿中,-,房地产产业链,-,行业成熟稳定,传统行业,耐用品,-
002164.SZ,002164,宁波东力,小盘股,工业,通用机械,动力机械,浙江,12.85,主板,-,-,-,-,2007/8/23,宋济隆,民营企业,-,行情酝酿中,-,-,制造业(工业母机),行业成熟稳定,传统行业,耐用品,-
002165.SZ,002165,红宝丽,中盘股,原材料,化学制品,聚氨酯,江苏,9.73,主板,火山口 派出小部队勇吃鱼身,-,-,-,2007/9/13,芮敬功,民营企业,β高股息低波动 适合防御,行情酝酿中,-,-,化工,行业成熟稳定,传统行业,耐用品,-
002166.SZ,002166,莱茵生物,小盘股,主要消费,种植,农产品,广西,8.9,主板,-,-,-,-,2007/9/13,秦本军,民营企业,-,行情酝酿中,大健康,-,-,行业成熟稳定,传统行业,消耗品,-
002167.SZ,002167,东方锆业,中盘股,原材料,稀有金属,其他稀有金属,广东,13.14,主板,火山口 派出小部队勇吃鱼身,-,-,-,2007/9/13,许冉,民营企业,β高股息低波动 适合防御,行情酝酿中,新能源,-,-,行业成熟稳定,传统行业,消耗品,-
002168.SZ,002168,*ST惠程,迷你盘,工业,电网设备,配电设备,重庆,4.2,主板,火山口 派出小部队勇吃鱼身,-,-,-,2007/9/19,重庆市璧山区财政局,地方国有企业,-,行情酝酿中,新科技,特高压电力产业链,-,政策支持,高新技术产业,耐用品,-
002169.SZ,002169,智光电气,大盘股,工业,电网设备,电网自动化,广东,14.54,主板,-,-,-,-,2007/9/19,李永喜,民营企业,β高股息低波动 适合防御,行情酝酿中,新科技,特高压电力产业链,-,政策支持,高新技术产业,耐用品,-
002170.SZ,002170,芭田股份,大盘股,原材料,农用化工,复合肥,深圳,13.92,主板,火山口 派出小部队勇吃鱼身,-,-,-,2007/9/19,黄培钊,民营企业,β高股息低波动 适合防御,行情酝酿中,-,-,粮食,行业成熟稳定,传统行业,消耗品,-
002171.SZ,002171,楚江新材,大盘股,原材料,工业金属,铜,安徽,11.79,主板,火山口 派出小部队勇吃鱼身,-,-,-,2007/9/21,姜纯,民营企业,β高股息低波动 适合防御,行情酝酿中,新能源,特高压电力产业链,-,行业成熟稳定,传统行业,消耗品,-
002172.SZ,002172,澳洋健康,小盘股,医药卫生,医疗商业与服务,医疗服务,江苏,3.78,主板,-,-,-,-,2007/9/21,张家港经济技术开发区管理委员会,地方国有企业,-,行情酝酿中,大健康,-,-,行业成熟稳定,传统行业,消耗品,-
002173.SZ,002173,创新医疗,大盘股,医药卫生,医疗商业与服务,医疗服务,浙江,25.55,主板,-,-,-,-,2007/9/25,陈夏英,民营企业,β高股息低波动 适合防御,行情酝酿中,大健康,-,-,行业成熟稳定,传统行业,消耗品,-
002174.SZ,002174,游族网络,中盘股,通信服务,文化娱乐,游戏,福建,9.65,主板,火山口 派出小部队勇吃鱼身,连续多天小涨 龟壳战术吃鱼头,-,-,2007/9/25,无实际控制人,其他,β高股息低波动 适合防御,行情酝酿中,国产替代,电子商务产业链,-,政策支持,传统行业,-,-
002175.SZ,002175,东方智造,中盘股,工业,通用机械,仪器仪表,广西,2.57,主板,-,-,-,-,2007/10/12,李斌,民营企业,β高股息低波动 适合防御,行情酝酿中,-,智能汽车产业链,制造业(工业母机),行业成熟稳定,传统行业,耐用品,-
002176.SZ,002176,江特电机,大盘股,原材料,稀有金属,锂,江西,11.12,主板,-,-,-,-,2007/10/12,王新,民营企业,β高股息低波动 适合防御,行情酝酿中,新能源,-,-,行业成熟稳定,传统行业,消耗品,-
002177.SZ,002177,御银股份,大盘股,房地产,房地产管理与服务,房地产服务,广东,7.88,主板,-,-,-,-,2007/11/1,杨文江,民营企业,β高股息低波动 适合防御,表现超预期,-,实体经济,-,行业成熟稳定,传统行业,-,-
002178.SZ,002178,延华智能,小盘股,信息技术,信息技术服务,系统集成服务,上海,6.06,主板,-,-,-,-,2007/11/1,无实际控制人,其他,-,行情酝酿中,国产替代,-,-,政策支持,传统行业,-,-
002179.SZ,002179,中航光电,大盘股,工业,航空航天,航空,河南,35.66,主板,火山口 派出小部队勇吃鱼身,-,-,-,2007/11/1,中国航空工业集团有限公司,中央企业,β高股息低波动 适合防御,行情酝酿中,新科技,-,-,政策支持,高新技术产业,-,-
002180.SZ,002180,纳思达,中盘股,信息技术,电子终端及组件,电脑与外围设备,广东,17.77,主板,-,-,-,-,2007/11/13,汪东颖,民营企业,β高股息低波动 适合防御,表现超预期,新基建,-,-,政策支持,高新技术产业,-,-
002181.SZ,002181,粤传媒,大盘股,通信服务,文化娱乐,出版,广东,13.71,主板,-,-,-,-,2007/11/16,广州市国有经营性文化资产监督管理办公室,地方国有企业,β高股息低波动 适合防御,表现超预期,-,-,文化体育,行业成熟稳定,传统行业,-,-
002182.SZ,002182,宝武镁业,中盘股,原材料,其他有色金属及合金,其他有色金属及合金,江苏,16.63,主板,火山口 派出小部队勇吃鱼身,-,-,-,2007/11/13,国务院国有资产监督管理委员会,中央企业,β高股息低波动 适合防御,行情酝酿中,新能源,-,-,行业成熟稳定,传统行业,消耗品,-
002183.SZ,002183,怡亚通,大盘股,工业,运输业,物流综合,深圳,6.12,主板,-,-,-,-,2007/11/13,深圳市人民政府国有资产监督管理委员会,地方国有企业,β高股息低波动 适合防御,行情酝酿中,-,电子商务产业链,-,政策支持,传统行业,-,-
002184.SZ,002184,海得控制,小盘股,工业,通用机械,电动机与工控自动化,上海,11.74,主板,火山口 派出小部队勇吃鱼身,连续多天小涨 龟壳战术吃鱼头,-,-,2007/11/16,许泓,民营企业,-,行情酝酿中,-,-,制造业(工业母机),行业成熟稳定,传统行业,耐用品,-
002185.SZ,002185,华天科技,大盘股,信息技术,集成电路,集成电路封测,甘肃,12.74,主板,火山口 派出小部队勇吃鱼身,-,-,-,2007/11/20,肖胜利,民营企业,β高股息低波动 适合防御,行情酝酿中,新科技,-,-,政策支持,高新技术产业,-,-
002186.SZ,002186,全聚德,小盘股,可选消费,休闲服务,餐饮服务,北京,10.46,主板,火山口 派出小部队勇吃鱼身,-,-,-,2007/11/20,北京市人民政府国有资产监督管理委员会,地方国有企业,-,行情酝酿中,-,实体经济,-,行业成熟稳定,传统行业,-,-
002187.SZ,002187,广百股份,小盘股,可选消费,一般零售,百货商店,广东,6.24,主板,火山口 派出小部队勇吃鱼身,-,-,-,2007/11/22,广州市人民政府国有资产监督管理委员会,地方国有企业,-,行情酝酿中,-,实体经济,-,行业成熟稳定,传统行业,-,-
002188.SZ,002188,中天服务,小盘股,房地产,房地产管理与服务,房地产管理,浙江,6.5,主板,-,-,-,-,2007/11/22,楼永良,民营企业,-,行情酝酿中,-,房地产产业链,-,行业成熟稳定,传统行业,耐用品,-
002189.SZ,002189,中光学,小盘股,信息技术,光学光电子,光学元件,河南,20.25,主板,火山口 派出小部队勇吃鱼身,-,-,-,2007/12/3,国务院国有资产监督管理委员会,中央企业,-,行情酝酿中,新科技,-,-,政策支持,高新技术产业,-,-
002190.SZ,002190,成飞集成,小盘股,可选消费,汽车零部件与轮胎,其他汽车零部件,四川,31.72,主板,-,-,-,-,2007/12/3,中国航空工业集团有限公司,中央企业,-,表现超预期,-,智能汽车产业链,-,政策支持,传统行业,消耗品,-
002191.SZ,002191,劲嘉股份,迷你盘,原材料,容器与包装,纸材料包装,深圳,3.66,主板,火山口 派出小部队勇吃鱼身,-,-,-,2007/12/5,乔鲁予,民营企业,-,行情酝酿中,-,电子商务产业链,-,行业成熟稳定,传统行业,-,-
002192.SZ,002192,融捷股份,大盘股,原材料,稀有金属,锂,广东,84.55,主板,-,-,-,-,2007/12/5,吕向阳,民营企业,β高股息低波动 适合防御,表现超预期,新能源,-,-,行业成熟稳定,传统行业,消耗品,-
002193.SZ,002193,如意集团,迷你盘,可选消费,纺织服装,服装,山东,6.55,主板,-,-,-,-,2007/12/7,邱亚夫,民营企业,-,行情酝酿中,-,-,化工,行业成熟稳定,传统行业,消耗品,-
002194.SZ,002194,武汉凡谷,中盘股,通信服务,通信设备,通信系统设备及组件,湖北,10.79,主板,火山口 派出小部队勇吃鱼身,-,-,-,2007/12/7,王丽丽,民营企业,β高股息低波动 适合防御,行情酝酿中,新基建,-,-,政策支持,高新技术产业,-,-
002195.SZ,002195,岩山科技,大盘股,通信服务,数字媒体,其他数字媒体,上海,9.15,主板,火山口 派出小部队勇吃鱼身,-,-,-,2007/12/12,傅耀华,民营企业,β高股息低波动 适合防御,行情酝酿中,国产替代,-,-,政策支持,传统行业,-,-
002196.SZ,002196,方正电机,中盘股,可选消费,汽车零部件与轮胎,汽车系统部件,浙江,14.36,主板,-,-,-,-,2007/12/12,湖州莫干山高新技术产业开发区管理委员会,地方国有企业,β高股息低波动 适合防御,行情酝酿中,-,-,制造业(工业母机),行业成熟稳定,传统行业,耐用品,-
002197.SZ,002197,证通电子,中盘股,通信服务,数据中心,数据中心,深圳,8,主板,-,-,-,-,2007/12/18,曾胜强,民营企业,β高股息低波动 适合防御,行情酝酿中,新基建,-,-,政策支持,高新技术产业,-,-
002198.SZ,002198,嘉应制药,小盘股,医药卫生,中药,中成药,广东,7.84,主板,火山口 派出小部队勇吃鱼身,连续多天小涨 龟壳战术吃鱼头,-,-,2007/12/18,无实际控制人,其他,-,行情酝酿中,大健康,-,-,行业成熟稳定,传统行业,消耗品,-
002199.SZ,002199,*ST东晶,迷你盘,信息技术,电子元件,被动元件,浙江,9.52,主板,火山口 派出小部队勇吃鱼身,连续多天小涨 龟壳战术吃鱼头,-,-,2007/12/21,朱海飞,民营企业,-,表现超预期,新科技,-,-,政策支持,高新技术产业,-,-
002200.SZ,002200,*ST交投,迷你盘,工业,建筑与工程,园林工程,云南,7.75,主板,火山口 派出小部队勇吃鱼身,-,-,-,2007/12/21,云南省人民政府国有资产监督管理委员会,地方国有企业,-,行情酝酿中,-,房地产产业链,-,行业成熟稳定,传统行业,耐用品,-
002201.SZ,002201,九鼎新材,大盘股,原材料,其他非金属材料,玻璃纤维,江苏,12.22,主板,-,-,-,-,2007/12/26,顾清波,民营企业,β高股息低波动 适合防御,表现超预期,-,-,化工,行业成熟稳定,传统行业,耐用品,-
002202.SZ,002202,金风科技,大盘股,工业,发电设备,风电设备,新疆,25.39,主板,-,-,-,-,2007/12/26,无实际控制人,其他,β高股息低波动 适合防御,表现超预期,新科技,特高压电力产业链,-,政策支持,高新技术产业,耐用品,-
002203.SZ,002203,海亮股份,大盘股,原材料,工业金属,铜,浙江,17.39,主板,-,-,-,-,2008/1/16,冯海良,民营企业,β高股息低波动 适合防御,表现超预期,新能源,特高压电力产业链,-,行业成熟稳定,传统行业,消耗品,-
002204.SZ,002204,大连重工,中盘股,工业,专用机械,其他专用机械,辽宁,6.72,主板,火山口 派出小部队勇吃鱼身,连续多天小涨 龟壳战术吃鱼头,-,-,2008/1/16,大连市人民政府国有资产监督管理委员会,地方国有企业,β高股息低波动 适合防御,行情酝酿中,-,-,制造业(工业母机),行业成熟稳定,高新技术产业,耐用品,-
002205.SZ,002205,国统股份,迷你盘,原材料,建筑材料,水泥与混凝土,新疆,12.76,主板,-,-,-,-,2008/1/23,国务院国有资产监督管理委员会,中央企业,-,行情酝酿中,-,房地产产业链,-,行业成熟稳定,传统行业,耐用品,-
002206.SZ,002206,海利得,小盘股,原材料,化学纤维,锦纶与涤纶,浙江,6.25,主板,火山口 派出小部队勇吃鱼身,-,-,-,2008/1/23,高利民,民营企业,-,行情酝酿中,-,-,化工,行业成熟稳定,传统行业,耐用品,-
002207.SZ,002207,准油股份,中盘股,能源,油气开采与油田服务,油田服务,新疆,7.14,主板,-,-,-,-,2008/1/28,克拉玛依市国有资产监督管理委员会,地方国有企业,β高股息低波动 适合防御,表现超预期,-,-,能源,行业成熟稳定,传统行业,-,-
002208.SZ,002208,合肥城建,大盘股,房地产,房地产开发与园区,房地产开发,安徽,12.71,主板,-,-,-,-,2008/1/28,合肥市人民政府国有资产监督管理委员会,地方国有企业,β高股息低波动 适合防御,行情酝酿中,-,-,-,行业成熟稳定,传统行业,耐用品,-
002209.SZ,002209,达意隆,中盘股,工业,专用机械,印刷包装机械,广东,16.68,主板,-,-,有涨停 火山口战法吃鱼身,高人气,2008/1/30,张颂明,民营企业,β高股息低波动 适合防御,表现超预期,-,-,制造业(工业母机),行业成熟稳定,传统行业,耐用品,-
002210.SZ,002210,飞马国际,小盘股,工业,污染治理,固废处理,深圳,2.56,主板,火山口 派出小部队勇吃鱼身,-,-,-,2008/1/30,刘永好,民营企业,-,行情酝酿中,-,-,民生,行业成熟稳定,传统行业,-,-
002211.SZ,002211,ST宏达,迷你盘,原材料,化学制品,有机硅,上海,3.53,主板,-,-,-,-,2008/2/1,朱恩伟,民营企业,-,表现超预期,-,-,化工,行业成熟稳定,传统行业,耐用品,-
002212.SZ,002212,天融信,小盘股,信息技术,软件开发,通用软件,广东,7.49,主板,火山口 派出小部队勇吃鱼身,-,-,-,2008/2/1,无实际控制人,其他,-,行情酝酿中,国产替代,-,-,政策支持,传统行业,-,-
002213.SZ,002213,大为股份,大盘股,信息技术,电子终端及组件,电脑与外围设备,深圳,37.73,主板,-,-,有涨停 火山口战法吃鱼身,高人气,2008/2/1,连宗敏,民营企业,β高股息低波动 适合防御,表现超预期,新科技,-,-,政策支持,高新技术产业,-,-
002214.SZ,002214,*ST大立,小盘股,工业,国防装备,国防装备,浙江,19.14,主板,火山口 派出小部队勇吃鱼身,连续多天小涨 龟壳战术吃鱼头,-,-,2008/2/18,庞惠民,民营企业,-,行情酝酿中,-,智能汽车产业链,制造业(工业母机),行业成熟稳定,传统行业,耐用品,-
002215.SZ,002215,诺普信,中盘股,原材料,农用化工,农药,深圳,10.07,主板,-,-,-,-,2008/2/18,卢柏强,民营企业,β高股息低波动 适合防御,行情酝酿中,-,-,粮食,行业成熟稳定,传统行业,消耗品,-
002216.SZ,002216,三全食品,迷你盘,主要消费,食品,其他食品,河南,12.94,主板,火山口 派出小部队勇吃鱼身,连续多天小涨 龟壳战术吃鱼头,-,-,2008/2/20,陈希,民营企业,-,行情酝酿中,大消费,-,-,行业成熟稳定,传统行业,消耗品,-
002217.SZ,002217,合力泰,大盘股,信息技术,光学光电子,面板,福建,2.68,主板,-,-,-,-,2008/2/20,福建省人民政府国有资产监督管理委员会,地方国有企业,β高股息低波动 适合防御,表现超预期,新科技,-,-,政策支持,高新技术产业,-,-
002218.SZ,002218,拓日新能,大盘股,工业,发电设备,光伏设备,深圳,5.52,主板,-,-,-,-,2008/2/28,李粉莉,民营企业,β高股息低波动 适合防御,行情酝酿中,-,特高压电力产业链,-,政策支持,高新技术产业,-,-
002219.SZ,002219,新里程,中盘股,医药卫生,医疗商业与服务,医疗服务,甘肃,2.3,主板,-,-,-,-,2008/3/6,无实际控制人,其他,β高股息低波动 适合防御,行情酝酿中,大健康,-,-,行业成熟稳定,传统行业,消耗品,-
002221.SZ,002221,东华能源,小盘股,能源,石油与天然气,油气流通及其他,广东,7.97,主板,火山口 派出小部队勇吃鱼身,连续多天小涨 龟壳战术吃鱼头,-,-,2008/3/6,周一峰,民营企业,-,行情酝酿中,-,-,能源,行业成熟稳定,传统行业,消耗品,-
002222.SZ,002222,福晶科技,大盘股,信息技术,光学光电子,光学元件,福建,90.68,主板,-,-,-,-,2008/3/19,中国科学院福建物质结构研究所,中央企业,β高股息低波动 适合防御,表现超预期,新科技,-,-,政策支持,高新技术产业,-,-
002223.SZ,002223,鱼跃医疗,中盘股,医药卫生,医疗器械,医疗设备,江苏,32.8,主板,火山口 派出小部队勇吃鱼身,连续多天小涨 龟壳战术吃鱼头,-,-,2008/4/18,吴光明,民营企业,β高股息低波动 适合防御,行情酝酿中,大健康,-,-,行业成熟稳定,传统行业,消耗品,-
002224.SZ,002224,三力士,小盘股,原材料,橡胶,橡胶制品,浙江,4.33,主板,火山口 派出小部队勇吃鱼身,-,-,-,2008/4/25,金玉中,民营企业,-,行情酝酿中,-,-,化工,行业成熟稳定,传统行业,耐用品,-
002225.SZ,002225,濮耐股份,小盘股,原材料,其他非金属材料,其他非金属材料,河南,5.66,主板,火山口 派出小部队勇吃鱼身,连续多天小涨 龟壳战术吃鱼头,-,-,2008/4/25,刘百宽,民营企业,-,行情酝酿中,-,房地产产业链,-,行业成熟稳定,传统行业,耐用品,-
002226.SZ,002226,江南化工,小盘股,原材料,化学制品,民爆制品,安徽,5.63,主板,-,连续多天小涨 龟壳战术吃鱼头,-,-,2008/5/6,国务院国有资产监督管理委员会,中央企业,-,表现超预期,-,-,化工,行业成熟稳定,传统行业,耐用品,-
002227.SZ,002227,奥特迅,小盘股,工业,储能设备,其他储能设备,深圳,8.15,主板,火山口 派出小部队勇吃鱼身,-,-,-,2008/5/6,廖晓霞,外资,-,行情酝酿中,新科技,特高压电力产业链,-,政策支持,高新技术产业,耐用品,-
002228.SZ,002228,合兴包装,小盘股,原材料,容器与包装,纸材料包装,福建,3.87,主板,火山口 派出小部队勇吃鱼身,-,-,-,2008/5/8,许晓光,民营企业,-,行情酝酿中,-,电子商务产业链,-,行业成熟稳定,传统行业,-,-
002229.SZ,002229,鸿博股份,大盘股,工业,商业服务与用品,商业印刷,福建,19.68,主板,-,-,-,-,2008/5/8,无实际控制人,其他,β高股息低波动 适合防御,表现超预期,-,电子商务产业链,-,行业成熟稳定,传统行业,-,-
002230.SZ,002230,科大讯飞,大盘股,信息技术,软件开发,通用软件,安徽,48.24,主板,火山口 派出小部队勇吃鱼身,-,-,-,2008/5/12,刘庆峰,民营企业,β高股息低波动 适合防御,行情酝酿中,国产替代,-,-,政策支持,传统行业,-,-
002232.SZ,002232,启明信息,小盘股,信息技术,信息技术服务,系统集成服务,吉林,18.32,主板,火山口 派出小部队勇吃鱼身,-,-,-,2008/5/9,国务院国有资产监督管理委员会,中央企业,-,行情酝酿中,国产替代,-,-,政策支持,传统行业,-,-
002233.SZ,002233,塔牌集团,小盘股,原材料,建筑材料,水泥与混凝土,广东,9.09,主板,-,-,-,-,2008/5/16,钟烈华,民营企业,-,行情酝酿中,-,房地产产业链,-,行业成熟稳定,传统行业,耐用品,-
002234.SZ,002234,民和股份,迷你盘,主要消费,养殖,畜牧产品,山东,8.57,主板,火山口 派出小部队勇吃鱼身,-,-,-,2008/5/16,孙宪法,民营企业,-,行情酝酿中,-,-,粮食,行业成熟稳定,传统行业,消耗品,-
002235.SZ,002235,安妮股份,大盘股,原材料,纸类与林业产品,纸制品,福建,9.46,主板,-,-,-,-,2008/5/16,林旭曦,民营企业,β高股息低波动 适合防御,表现超预期,-,-,化工,行业成熟稳定,传统行业,消耗品,-
002236.SZ,002236,大华股份,大盘股,信息技术,电子终端及组件,安防设备及其他,浙江,19.16,主板,-,-,-,-,2008/5/20,傅利泉,民营企业,β高股息低波动 适合防御,行情酝酿中,新基建,-,-,政策支持,高新技术产业,-,-
002237.SZ,002237,恒邦股份,大盘股,原材料,贵金属,黄金,山东,16.82,主板,火山口 派出小部队勇吃鱼身,-,-,高人气,2008/5/20,江西省国有资产监督管理委员会,地方国有企业,β高股息低波动 适合防御,表现超预期,大消费,-,-,行业成熟稳定,传统行业,耐用品,-
002238.SZ,002238,天威视讯,迷你盘,通信服务,文化娱乐,广播与电视,深圳,7.32,主板,-,-,-,-,2008/5/26,深圳广播电影电视集团,地方国有企业,-,行情酝酿中,-,-,文化体育,行业成熟稳定,传统行业,-,-
002239.SZ,002239,奥特佳,中盘股,可选消费,汽车零部件与轮胎,汽车系统部件,江苏,3.05,主板,火山口 派出小部队勇吃鱼身,-,-,-,2008/5/22,湖北省人民政府国有资产监督管理委员会,地方国有企业,β高股息低波动 适合防御,行情酝酿中,-,智能汽车产业链,-,政策支持,传统行业,消耗品,-
002240.SZ,002240,盛新锂能,大盘股,原材料,稀有金属,锂,四川,50.3,主板,-,-,有涨停 火山口战法吃鱼身,-,2008/5/23,姚雄杰,民营企业,β高股息低波动 适合防御,表现超预期,新能源,-,-,行业成熟稳定,传统行业,消耗品,-
002241.SZ,002241,歌尔股份,大盘股,信息技术,电子终端及组件,消费电子组件及零部件,山东,24.19,主板,火山口 派出小部队勇吃鱼身,-,-,-,2008/5/22,姜滨,民营企业,β高股息低波动 适合防御,行情酝酿中,新科技,-,-,政策支持,高新技术产业,-,-
002242.SZ,002242,九阳股份,中盘股,可选消费,家用电器,小家电,山东,10.23,主板,火山口 派出小部队勇吃鱼身,连续多天小涨 龟壳战术吃鱼头,-,-,2008/5/28,王旭宁,民营企业,β高股息低波动 适合防御,行情酝酿中,大消费,-,-,行业成熟稳定,传统行业,耐用品,-
002243.SZ,002243,力合科创,小盘股,原材料,容器与包装,金属、玻璃与塑料包装,深圳,8.8,主板,火山口 派出小部队勇吃鱼身,-,-,-,2008/5/28,深圳市人民政府国有资产监督管理委员会,地方国有企业,-,行情酝酿中,-,电子商务产业链,-,行业成熟稳定,传统行业,-,-
002244.SZ,002244,滨江集团,大盘股,房地产,房地产开发与园区,房地产开发,浙江,10.53,主板,-,-,-,-,2008/5/29,戚金兴,民营企业,β高股息低波动 适合防御,表现超预期,-,-,-,行业成熟稳定,传统行业,耐用品,-
002245.SZ,002245,蔚蓝锂芯,大盘股,工业,运输业,物流综合,江苏,19.74,主板,-,-,-,-,2008/6/5,CHEN KAI,外资,β高股息低波动 适合防御,表现超预期,新科技,特高压电力产业链,-,政策支持,高新技术产业,耐用品,-
002246.SZ,002246,北化股份,大盘股,工业,国防装备,国防装备,四川,26.16,主板,火山口 派出小部队勇吃鱼身,连续多天小涨 龟壳战术吃鱼头,-,-,2008/6/5,中国兵器工业集团有限公司,中央企业,β高股息低波动 适合防御,行情酝酿中,-,-,化工,行业成熟稳定,传统行业,耐用品,-
002247.SZ,002247,聚力文化,迷你盘,工业,建筑产品,建筑产品,浙江,2.79,主板,-,-,-,-,2008/6/12,姜飞雄,民营企业,-,行情酝酿中,-,房地产产业链,-,行业成熟稳定,传统行业,耐用品,-
002248.SZ,002248,华东数控,中盘股,工业,通用机械,电动机与工控自动化,山东,13.01,主板,火山口 派出小部队勇吃鱼身,连续多天小涨 龟壳战术吃鱼头,-,-,2008/6/12,陈学利,民营企业,β高股息低波动 适合防御,行情酝酿中,新科技,-,制造业(工业母机),政策支持,高新技术产业,耐用品,-
002249.SZ,002249,大洋电机,中盘股,工业,通用机械,电动机与工控自动化,广东,9.44,主板,火山口 派出小部队勇吃鱼身,连续多天小涨 龟壳战术吃鱼头,-,-,2008/6/19,鲁楚平,民营企业,β高股息低波动 适合防御,行情酝酿中,新科技,特高压电力产业链,-,政策支持,高新技术产业,耐用品,-
002250.SZ,002250,联化科技,中盘股,原材料,农用化工,农药,浙江,16.45,主板,火山口 派出小部队勇吃鱼身,-,-,-,2008/6/19,牟金香,民营企业,β高股息低波动 适合防御,行情酝酿中,-,-,化工,行业成熟稳定,传统行业,耐用品,-
002251.SZ,002251,步步高,大盘股,可选消费,一般零售,超市与便利店,湖南,4.31,主板,火山口 派出小部队勇吃鱼身,连续多天小涨 龟壳战术吃鱼头,-,-,2008/6/19,无实际控制人,其他,β高股息低波动 适合防御,行情酝酿中,-,实体经济,-,行业成熟稳定,传统行业,-,-
002252.SZ,002252,上海莱士,小盘股,医药卫生,生物药品,血液制品,上海,5.7,主板,火山口 派出小部队勇吃鱼身,连续多天小涨 龟壳战术吃鱼头,-,-,2008/6/23,海尔集团公司,集体企业,-,行情酝酿中,大健康,-,-,政策支持,高新技术产业,消耗品,-
002253.SZ,002253,*ST智胜,迷你盘,信息技术,软件开发,行业应用软件,四川,11.7,主板,-,-,-,-,2008/6/23,游志胜,民营企业,-,表现超预期,国产替代,-,-,政策支持,传统行业,-,-
002254.SZ,002254,泰和新材,中盘股,原材料,化学纤维,氨纶及其他化纤,山东,10.3,主板,-,-,-,-,2008/6/25,烟台市人民政府国有资产监督管理委员会,地方国有企业,β高股息低波动 适合防御,行情酝酿中,-,-,化工,行业成熟稳定,传统行业,耐用品,-
002255.SZ,002255,海陆重工,中盘股,工业,节能与生态修复,节能与资源回收,江苏,10.89,主板,火山口 派出小部队勇吃鱼身,连续多天小涨 龟壳战术吃鱼头,-,-,2008/6/25,徐元生,民营企业,β高股息低波动 适合防御,行情酝酿中,-,-,制造业(工业母机),行业成熟稳定,高新技术产业,耐用品,-
002256.SZ,002256,兆新股份,中盘股,公用事业,电力及电网,光伏发电,深圳,4.11,主板,-,-,-,-,2008/6/25,无实际控制人,其他,β高股息低波动 适合防御,表现超预期,-,特高压电力产业链,-,政策支持,高新技术产业,-,-
002258.SZ,002258,利尔化学,中盘股,原材料,农用化工,农药,四川,14.1,主板,-,-,-,-,2008/7/8,中国工程物理研究院,中央企业,β高股息低波动 适合防御,行情酝酿中,-,-,粮食,行业成熟稳定,传统行业,消耗品,-
002259.SZ,002259,升达林业,中盘股,公用事业,燃气,燃气,四川,5.63,主板,-,-,-,-,2008/7/16,无实际控制人,其他,β高股息低波动 适合防御,表现超预期,-,-,民生,行业成熟稳定,传统行业,消耗品,-
002261.SZ,002261,拓维信息,大盘股,信息技术,软件开发,行业应用软件,湖南,37.66,主板,火山口 派出小部队勇吃鱼身,连续多天小涨 龟壳战术吃鱼头,-,-,2008/7/23,李新宇,民营企业,β高股息低波动 适合防御,行情酝酿中,国产替代,-,-,政策支持,传统行业,-,-
002262.SZ,002262,恩华药业,中盘股,医药卫生,化学药,药品制剂,江苏,22.34,主板,-,-,-,-,2008/7/23,孙彭生,民营企业,β高股息低波动 适合防御,行情酝酿中,大健康,-,-,政策支持,高新技术产业,消耗品,-
002263.SZ,002263,大东南,大盘股,原材料,塑料,膜材料,浙江,4.98,主板,-,-,有涨停 火山口战法吃鱼身,高人气,2008/7/28,浙江省绍兴市诸暨市人民政府国有资产监督管理委员会,地方国有企业,β高股息低波动 适合防御,表现超预期,-,-,化工,行业成熟稳定,传统行业,消耗品,-
002264.SZ,002264,新华都,中盘股,通信服务,营销与广告,数字营销,福建,8.29,主板,-,-,-,-,2008/7/31,陈发树,民营企业,β高股息低波动 适合防御,行情酝酿中,国产替代,电子商务产业链,-,政策支持,传统行业,-,-
002265.SZ,002265,建设工业,中盘股,可选消费,汽车零部件与轮胎,汽车系统部件,云南,22.26,主板,-,-,-,-,2008/8/6,中国兵器装备集团有限公司,中央企业,β高股息低波动 适合防御,行情酝酿中,-,-,制造业(工业母机),行业成熟稳定,高新技术产业,耐用品,-
002266.SZ,002266,浙富控股,中盘股,工业,节能与生态修复,节能与资源回收,浙江,4.46,主板,-,-,-,-,2008/8/6,孙毅,民营企业,β高股息低波动 适合防御,行情酝酿中,-,-,民生,行业成熟稳定,传统行业,-,-
002267.SZ,002267,陕天然气,迷你盘,公用事业,燃气,燃气,陕西,7.59,主板,火山口 派出小部队勇吃鱼身,连续多天小涨 龟壳战术吃鱼头,-,-,2008/8/13,陕西省人民政府国有资产监督管理委员会,地方国有企业,-,行情酝酿中,-,-,民生,行业成熟稳定,传统行业,消耗品,-
002268.SZ,002268,电科网安,小盘股,信息技术,信息技术服务,系统集成服务,四川,17.38,主板,火山口 派出小部队勇吃鱼身,连续多天小涨 龟壳战术吃鱼头,-,-,2008/8/11,中国电子科技集团有限公司,中央企业,-,行情酝酿中,新基建,-,-,政策支持,高新技术产业,-,-
002269.SZ,002269,美邦服饰,小盘股,可选消费,纺织服装,服装,上海,1.64,主板,-,-,-,-,2008/8/28,周成建,民营企业,-,行情酝酿中,大消费,-,-,行业成熟稳定,传统行业,耐用品,-
002270.SZ,002270,华明装备,中盘股,工业,电网设备,输变电设备,山东,27.58,主板,-,-,-,-,2008/9/5,肖毅,民营企业,β高股息低波动 适合防御,行情酝酿中,新科技,特高压电力产业链,-,政策支持,高新技术产业,耐用品,-
002271.SZ,002271,东方雨虹,大盘股,工业,建筑产品,建筑产品,北京,16.29,主板,火山口 派出小部队勇吃鱼身,-,-,-,2008/9/10,李卫国,民营企业,β高股息低波动 适合防御,行情酝酿中,-,房地产产业链,-,行业成熟稳定,传统行业,耐用品,-
002272.SZ,002272,川润股份,大盘股,工业,通用机械,其他通用机械,四川,20.26,主板,-,-,-,-,2008/9/19,罗丽华,民营企业,β高股息低波动 适合防御,行情酝酿中,-,-,制造业(工业母机),行业成熟稳定,传统行业,耐用品,-
002273.SZ,002273,水晶光电,大盘股,信息技术,光学光电子,光学元件,浙江,29.04,主板,-,-,-,-,2008/9/19,叶仙玉,民营企业,β高股息低波动 适合防御,表现超预期,新科技,-,-,政策支持,高新技术产业,-,-
002274.SZ,002274,华昌化工,小盘股,原材料,化学原料,其他化学原料,江苏,6.23,主板,-,-,-,-,2008/9/25,无实际控制人,其他,-,行情酝酿中,-,-,粮食,行业成熟稳定,传统行业,消耗品,-
002275.SZ,002275,桂林三金,迷你盘,医药卫生,中药,中成药,广西,14.13,主板,火山口 派出小部队勇吃鱼身,-,-,-,2009/7/10,邹洵,民营企业,-,行情酝酿中,大健康,-,-,行业成熟稳定,传统行业,消耗品,-
002276.SZ,002276,万马股份,中盘股,工业,电网设备,线缆及其他,浙江,14.48,主板,火山口 派出小部队勇吃鱼身,连续多天小涨 龟壳战术吃鱼头,-,-,2009/7/10,青岛西海岸新区国有资产管理局,地方国有企业,β高股息低波动 适合防御,行情酝酿中,新科技,特高压电力产业链,-,政策支持,高新技术产业,耐用品,-
002277.SZ,002277,友阿股份,小盘股,可选消费,一般零售,百货商店,湖南,5.77,主板,火山口 派出小部队勇吃鱼身,连续多天小涨 龟壳战术吃鱼头,-,-,2009/7/17,胡子敬,民营企业,-,行情酝酿中,-,实体经济,-,行业成熟稳定,传统行业,-,-
002278.SZ,002278,神开股份,中盘股,能源,油气开采与油田服务,油气开采,上海,11.36,主板,火山口 派出小部队勇吃鱼身,连续多天小涨 龟壳战术吃鱼头,-,-,2009/8/11,无实际控制人,其他,β高股息低波动 适合防御,行情酝酿中,-,-,制造业(工业母机),行业成熟稳定,传统行业,耐用品,-
002279.SZ,002279,久其软件,中盘股,信息技术,软件开发,通用软件,北京,8.18,主板,火山口 派出小部队勇吃鱼身,-,-,-,2009/8/11,赵福君,民营企业,β高股息低波动 适合防御,行情酝酿中,国产替代,-,-,政策支持,传统行业,-,-
002281.SZ,002281,光迅科技,大盘股,通信服务,通信设备,通信系统设备及组件,湖北,116.83,主板,-,-,-,-,2009/8/21,国务院国有资产监督管理委员会,中央企业,β高股息低波动 适合防御,表现超预期,新基建,-,-,政策支持,高新技术产业,-,-
002282.SZ,002282,博深股份,迷你盘,工业,通用机械,磨具磨料,河北,6.97,主板,火山口 派出小部队勇吃鱼身,连续多天小涨 龟壳战术吃鱼头,-,-,2009/8/21,山东省人民政府国有资产监督管理委员会,地方国有企业,-,行情酝酿中,-,-,制造业(工业母机),行业成熟稳定,传统行业,耐用品,-
002283.SZ,002283,天润工业,中盘股,可选消费,汽车零部件与轮胎,汽车系统部件,山东,10.91,主板,-,-,-,-,2009/8/21,邢运波,民营企业,β高股息低波动 适合防御,表现超预期,-,智能汽车产业链,-,政策支持,传统行业,消耗品,-
002284.SZ,002284,亚太股份,中盘股,可选消费,汽车零部件与轮胎,汽车系统部件,浙江,14.14,主板,-,-,-,-,2009/8/28,黄伟中,民营企业,β高股息低波动 适合防御,行情酝酿中,-,智能汽车产业链,-,政策支持,传统行业,消耗品,-
002285.SZ,002285,世联行,大盘股,房地产,房地产管理与服务,房地产服务,深圳,3.19,主板,-,-,-,-,2009/8/28,珠海市人民政府国有资产监督管理委员会,地方国有企业,β高股息低波动 适合防御,表现超预期,-,房地产产业链,-,行业成熟稳定,传统行业,耐用品,-
002286.SZ,002286,保龄宝,小盘股,主要消费,食品,其他食品,山东,9.85,主板,火山口 派出小部队勇吃鱼身,-,-,-,2009/8/28,戴斯觉,民营企业,-,行情酝酿中,大消费,-,-,行业成熟稳定,传统行业,消耗品,-
002287.SZ,002287,奇正藏药,迷你盘,医药卫生,中药,中成药,西藏,23.3,主板,火山口 派出小部队勇吃鱼身,连续多天小涨 龟壳战术吃鱼头,-,-,2009/8/28,雷菊芳,民营企业,-,行情酝酿中,大健康,-,-,行业成熟稳定,传统行业,消耗品,-
002289.SZ,002289,*ST宇顺,迷你盘,信息技术,光学光电子,面板,深圳,26.58,主板,火山口 派出小部队勇吃鱼身,连续多天小涨 龟壳战术吃鱼头,-,-,2009/9/3,张建云,民营企业,-,行情酝酿中,新科技,-,-,政策支持,高新技术产业,-,-
002290.SZ,002290,禾盛新材,大盘股,可选消费,家用电器,家电零部件及其他,江苏,74.5,主板,-,-,-,-,2009/9/3,谢海闻,民营企业,β高股息低波动 适合防御,表现超预期,大消费,-,-,行业成熟稳定,传统行业,耐用品,-
002291.SZ,002291,遥望科技,中盘股,通信服务,营销与广告,数字营销,广东,6.42,主板,火山口 派出小部队勇吃鱼身,-,-,-,2009/9/3,张泽民,外资,β高股息低波动 适合防御,行情酝酿中,-,电子商务产业链,-,行业成熟稳定,传统行业,-,-
002292.SZ,002292,奥飞娱乐,中盘股,可选消费,休闲设备与用品,休闲设备与用品,广东,7.97,主板,火山口 派出小部队勇吃鱼身,-,-,-,2009/9/10,蔡东青,民营企业,β高股息低波动 适合防御,行情酝酿中,-,-,文化体育,行业成熟稳定,传统行业,-,-
002293.SZ,002293,罗莱生活,迷你盘,可选消费,纺织服装,家用纺织,江苏,10.17,主板,-,-,-,-,2009/9/10,薛伟成,民营企业,-,行情酝酿中,-,-,化工,行业成熟稳定,传统行业,消耗品,-
002294.SZ,002294,信立泰,大盘股,医药卫生,化学药,药品制剂,深圳,58.75,主板,-,-,-,高人气,2009/9/10,叶澄海,民营企业,β高股息低波动 适合防御,表现超预期,大健康,-,-,政策支持,高新技术产业,消耗品,有量化参与
002295.SZ,002295,精艺股份,迷你盘,原材料,工业金属,铜,广东,10.93,主板,火山口 派出小部队勇吃鱼身,-,-,-,2009/9/29,眉山市东坡区国有资产监督管理局,地方国有企业,-,行情酝酿中,新能源,特高压电力产业链,-,行业成熟稳定,传统行业,消耗品,-
002296.SZ,002296,辉煌科技,小盘股,工业,交通运输设备,城轨铁路,河南,11.46,主板,-,-,-,-,2009/9/29,无实际控制人,其他,-,行情酝酿中,新基建,-,-,政策支持,高新技术产业,-,-
002297.SZ,002297,博云新材,大盘股,工业,航空航天,航空,湖南,17.69,主板,-,-,高博弈 龙回头战法吃大鱼尾,高人气,2009/9/29,湖南省人民政府国有资产监督管理委员会,地方国有企业,β高股息低波动 适合防御,表现超预期,-,军工高铁产业链,-,政策支持,高新技术产业,-,-
002298.SZ,002298,中电鑫龙,中盘股,工业,电网设备,电网自动化,安徽,10.4,主板,火山口 派出小部队勇吃鱼身,连续多天小涨 龟壳战术吃鱼头,-,-,2009/9/29,瞿洪桂,民营企业,β高股息低波动 适合防御,行情酝酿中,新科技,特高压电力产业链,-,政策支持,高新技术产业,耐用品,-
002299.SZ,002299,圣农发展,中盘股,主要消费,养殖,畜牧产品,福建,18.66,主板,火山口 派出小部队勇吃鱼身,连续多天小涨 龟壳战术吃鱼头,-,-,2009/10/21,傅芬芳,民营企业,β高股息低波动 适合防御,行情酝酿中,-,-,粮食,行业成熟稳定,传统行业,消耗品,-
002300.SZ,002300,太阳电缆,中盘股,工业,电网设备,线缆及其他,福建,9.47,主板,-,-,-,-,2009/10/21,李云孝,外资,β高股息低波动 适合防御,表现超预期,新科技,特高压电力产业链,-,政策支持,高新技术产业,耐用品,-
002301.SZ,002301,齐心集团,小盘股,工业,商业服务与用品,办公服务与用品,深圳,6.78,主板,-,-,-,-,2009/10/21,陈钦鹏,民营企业,-,行情酝酿中,-,-,文化体育,行业成熟稳定,传统行业,-,-
002302.SZ,002302,西部建设,迷你盘,原材料,建筑材料,水泥与混凝土,新疆,5.59,主板,-,-,-,-,2009/11/3,国务院国有资产监督管理委员会,中央企业,-,行情酝酿中,-,房地产产业链,-,行业成熟稳定,传统行业,耐用品,-
002303.SZ,002303,美盈森,迷你盘,原材料,容器与包装,纸材料包装,深圳,3.34,主板,火山口 派出小部队勇吃鱼身,连续多天小涨 龟壳战术吃鱼头,-,-,2009/11/3,王海鹏,民营企业,-,行情酝酿中,-,-,化工,行业成熟稳定,传统行业,消耗品,-
002304.SZ,002304,洋河股份,中盘股,主要消费,酒,白酒,江苏,49.74,主板,火山口 派出小部队勇吃鱼身,-,-,-,2009/11/6,宿迁市人民政府国有资产监督管理委员会,地方国有企业,β高股息低波动 适合防御,行情酝酿中,大消费,-,-,行业成熟稳定,传统行业,消耗品,-
002305.SZ,002305,*ST南置,小盘股,房地产,房地产开发与园区,房地产开发,湖北,2.33,主板,-,-,-,-,2009/11/6,国务院国有资产监督管理委员会,中央企业,-,表现超预期,-,-,-,行业成熟稳定,传统行业,耐用品,-
002306.SZ,002306,*ST云网,迷你盘,可选消费,休闲服务,餐饮服务,北京,2.41,主板,火山口 派出小部队勇吃鱼身,连续多天小涨 龟壳战术吃鱼头,-,-,2009/11/11,陈继,民营企业,-,表现超预期,-,实体经济,-,行业成熟稳定,传统行业,-,-
002307.SZ,002307,北新路桥,中盘股,工业,建筑与工程,基础设施建设,新疆,4.66,主板,火山口 派出小部队勇吃鱼身,连续多天小涨 龟壳战术吃鱼头,-,-,2009/11/11,新疆生产建设兵团第十一师国有资产监督管理委员会,地方国有企业,β高股息低波动 适合防御,行情酝酿中,-,房地产产业链,-,行业成熟稳定,传统行业,耐用品,-
002309.SZ,002309,中利集团,大盘股,工业,发电设备,光伏设备,江苏,3.98,主板,-,-,-,-,2009/11/27,厦门市人民政府国有资产监督管理委员会,地方国有企业,β高股息低波动 适合防御,行情酝酿中,新科技,特高压电力产业链,-,政策支持,高新技术产业,耐用品,-
002310.SZ,002310,东方新能,大盘股,工业,节能与生态修复,节能与资源回收,北京,2.92,主板,-,-,-,-,2009/11/27,北京市朝阳区人民政府国有资产监督管理委员会,地方国有企业,β高股息低波动 适合防御,行情酝酿中,-,特高压电力产业链,-,政策支持,高新技术产业,-,-
002311.SZ,002311,海大集团,中盘股,主要消费,养殖,饲料,广东,48.09,主板,-,-,-,-,2009/11/27,薛华,民营企业,β高股息低波动 适合防御,行情酝酿中,-,-,粮食,行业成熟稳定,传统行业,消耗品,-
002312.SZ,002312,川发龙蟒,中盘股,原材料,农用化工,磷肥及磷化工,四川,11.48,主板,火山口 派出小部队勇吃鱼身,-,-,-,2009/12/3,四川省政府国有资产监督管理委员会,地方国有企业,β高股息低波动 适合防御,行情酝酿中,-,-,化工,行业成熟稳定,传统行业,耐用品,-
002313.SZ,002313,日海智能,迷你盘,通信服务,通信设备,通信终端设备及组件,深圳,8.45,主板,-,-,-,-,2009/12/3,珠海市人民政府国有资产监督管理委员会,地方国有企业,-,行情酝酿中,新基建,-,-,政策支持,高新技术产业,-,-
002314.SZ,002314,南山控股,中盘股,房地产,房地产开发与园区,房地产开发,深圳,2.71,主板,-,-,有涨停 火山口战法吃鱼身,-,2009/12/3,中国南山开发(集团)股份有限公司,中央企业,β高股息低波动 适合防御,表现超预期,-,-,-,行业成熟稳定,传统行业,耐用品,-
002315.SZ,002315,焦点科技,中盘股,信息技术,信息技术服务,其他IT与互联网服务,江苏,42.33,主板,火山口 派出小部队勇吃鱼身,连续多天小涨 龟壳战术吃鱼头,-,-,2009/12/9,沈锦华,民营企业,β高股息低波动 适合防御,行情酝酿中,国产替代,电子商务产业链,-,政策支持,传统行业,-,-
002316.SZ,002316,亚联发展,小盘股,信息技术,信息技术服务,系统集成服务,吉林,5.24,主板,-,-,-,-,2009/12/9,王永彬,民营企业,-,行情酝酿中,国产替代,-,-,政策支持,传统行业,-,-
002317.SZ,002317,众生药业,大盘股,医药卫生,中药,中成药,广东,18.43,主板,-,-,-,-,2009/12/11,张玉冲,民营企业,β高股息低波动 适合防御,行情酝酿中,大健康,-,-,行业成熟稳定,传统行业,消耗品,-
002318.SZ,002318,久立特材,大盘股,原材料,钢铁,特钢,浙江,29.34,主板,-,-,-,-,2009/12/11,周志江,民营企业,β高股息低波动 适合防御,行情酝酿中,-,军工高铁产业链,-,行业成熟稳定,传统行业,消耗品,-
002319.SZ,002319,乐通股份,小盘股,原材料,化学制品,涂料油墨,广东,11.22,主板,火山口 派出小部队勇吃鱼身,-,-,-,2009/12/11,周镇科,民营企业,-,行情酝酿中,-,房地产产业链,-,行业成熟稳定,传统行业,耐用品,-
002320.SZ,002320,海峡股份,小盘股,工业,运输业,航运,海南,8.5,主板,-,-,-,-,2009/12/16,国务院国有资产监督管理委员会,中央企业,-,行情酝酿中,-,-,交通,行业成熟稳定,传统行业,-,-
002321.SZ,002321,华英农业,小盘股,主要消费,养殖,畜牧产品,河南,2.19,主板,-,-,有涨停 火山口战法吃鱼身,-,2009/12/16,许水均,民营企业,-,表现超预期,-,-,粮食,行业成熟稳定,传统行业,消耗品,-
002322.SZ,002322,理工能科,小盘股,信息技术,软件开发,行业应用软件,浙江,14.12,主板,火山口 派出小部队勇吃鱼身,-,-,-,2009/12/18,周方洁,民营企业,-,行情酝酿中,国产替代,-,-,政策支持,传统行业,-,-
002323.SZ,002323,雅博股份,中盘股,工业,建筑装修,建筑装修,山东,2.06,主板,-,-,-,-,2009/12/18,枣庄市人民政府国有资产监督管理委员会,地方国有企业,β高股息低波动 适合防御,行情酝酿中,-,房地产产业链,-,行业成熟稳定,传统行业,耐用品,-
002324.SZ,002324,普利特,大盘股,原材料,塑料,改性塑料,上海,15.74,主板,火山口 派出小部队勇吃鱼身,-,-,-,2009/12/18,周文,民营企业,β高股息低波动 适合防御,行情酝酿中,-,-,化工,行业成熟稳定,传统行业,消耗品,-
002326.SZ,002326,永太科技,大盘股,原材料,化学制品,氟化工,浙江,24.67,主板,-,-,-,-,2009/12/22,王莺妹,民营企业,β高股息低波动 适合防御,表现超预期,-,-,化工,行业成熟稳定,传统行业,耐用品,-
002327.SZ,002327,富安娜,迷你盘,可选消费,纺织服装,家用纺织,深圳,6.97,主板,-,-,-,-,2009/12/30,林国芳,民营企业,-,行情酝酿中,-,-,化工,行业成熟稳定,传统行业,消耗品,-
002328.SZ,002328,新朋股份,大盘股,可选消费,汽车零部件与轮胎,其他汽车零部件,上海,13,主板,-,-,有涨停 火山口战法吃鱼身,-,2009/12/30,宋琳,民营企业,β高股息低波动 适合防御,表现超预期,-,智能汽车产业链,-,政策支持,传统行业,消耗品,-
002329.SZ,002329,皇氏集团,小盘股,主要消费,食品,乳制品,广西,4.17,主板,-,-,-,-,2010/1/6,黄嘉棣,民营企业,-,表现超预期,大消费,-,-,行业成熟稳定,传统行业,消耗品,-
002330.SZ,002330,得利斯,小盘股,主要消费,食品,肉制品,山东,4.77,主板,火山口 派出小部队勇吃鱼身,-,-,-,2010/1/6,郑和平,民营企业,-,行情酝酿中,大消费,-,-,行业成熟稳定,传统行业,消耗品,-
002331.SZ,002331,皖通科技,小盘股,信息技术,信息技术服务,系统集成服务,安徽,8.16,主板,-,-,-,-,2010/1/6,黄涛,民营企业,-,行情酝酿中,国产替代,-,-,政策支持,传统行业,-,-
002332.SZ,002332,仙琚制药,中盘股,医药卫生,化学药,药品制剂,浙江,9.12,主板,火山口 派出小部队勇吃鱼身,连续多天小涨 龟壳战术吃鱼头,-,-,2010/1/12,仙居县国资工作中心,地方国有企业,β高股息低波动 适合防御,行情酝酿中,大健康,-,-,政策支持,高新技术产业,消耗品,-
002333.SZ,002333,罗普斯金,大盘股,工业,建筑产品,建筑产品,江苏,5.93,主板,-,-,-,高人气,2010/1/12,宫长义,民营企业,β高股息低波动 适合防御,表现超预期,-,房地产产业链,-,行业成熟稳定,传统行业,耐用品,-
002334.SZ,002334,英威腾,大盘股,工业,通用机械,电动机与工控自动化,深圳,8.39,主板,-,-,-,-,2010/1/13,黄申力,民营企业,β高股息低波动 适合防御,表现超预期,新科技,特高压电力产业链,-,政策支持,高新技术产业,耐用品,-
002335.SZ,002335,科华数据,大盘股,工业,储能设备,其他储能设备,福建,61.4,主板,火山口 派出小部队勇吃鱼身,-,-,-,2010/1/13,陈成辉,民营企业,β高股息低波动 适合防御,行情酝酿中,新科技,特高压电力产业链,-,政策支持,高新技术产业,耐用品,-
002337.SZ,002337,赛象科技,小盘股,工业,专用机械,其他专用机械,天津,6.16,主板,-,-,-,-,2010/1/15,张建浩,民营企业,-,行情酝酿中,-,-,制造业(工业母机),行业成熟稳定,传统行业,耐用品,-
002338.SZ,002338,奥普光电,大盘股,工业,国防装备,国防装备,吉林,56.13,主板,-,-,-,-,2010/1/15,中国科学院长春光学精密机械与物理研究所,中央企业,β高股息低波动 适合防御,表现超预期,-,智能汽车产业链,制造业(工业母机),行业成熟稳定,传统行业,耐用品,-
002339.SZ,002339,积成电子,中盘股,工业,电网设备,电网自动化,山东,10.5,主板,火山口 派出小部队勇吃鱼身,连续多天小涨 龟壳战术吃鱼头,-,-,2010/1/22,无实际控制人,其他,β高股息低波动 适合防御,行情酝酿中,新科技,特高压电力产业链,-,政策支持,高新技术产业,耐用品,-
002340.SZ,002340,格林美,大盘股,工业,储能设备,电池部件及材料,深圳,8.49,主板,火山口 派出小部队勇吃鱼身,-,-,-,2010/1/22,许开华,民营企业,β高股息低波动 适合防御,行情酝酿中,新能源,-,-,行业成熟稳定,传统行业,消耗品,-
002342.SZ,002342,巨力索具,大盘股,工业,通用机械,其他通用机械,河北,19.06,主板,-,-,-,-,2010/1/26,杨建忠,民营企业,β高股息低波动 适合防御,表现超预期,-,-,制造业(工业母机),行业成熟稳定,传统行业,耐用品,-
002343.SZ,002343,慈文传媒,小盘股,通信服务,文化娱乐,影视动漫,江西,6.39,主板,-,-,-,-,2010/1/26,江西省人民政府,地方国有企业,-,行情酝酿中,-,-,文化体育,行业成熟稳定,传统行业,-,-
002344.SZ,002344,海宁皮城,迷你盘,工业,商业服务与用品,市场服务,浙江,4.4,主板,火山口 派出小部队勇吃鱼身,连续多天小涨 龟壳战术吃鱼头,-,-,2010/1/26,海宁市财政局(海宁市人民政府国有资产监督管理办公室),地方国有企业,-,行情酝酿中,-,实体经济,-,行业成熟稳定,传统行业,-,-
002345.SZ,002345,潮宏基,中盘股,可选消费,珠宝与奢侈品,珠宝与奢侈品,广东,10.79,主板,火山口 派出小部队勇吃鱼身,连续多天小涨 龟壳战术吃鱼头,-,-,2010/1/28,廖木枝,民营企业,β高股息低波动 适合防御,行情酝酿中,大消费,-,-,行业成熟稳定,传统行业,耐用品,-
002346.SZ,002346,柘中股份,迷你盘,工业,电网设备,配电设备,上海,19,主板,-,-,-,-,2010/1/28,陆仁军,民营企业,-,行情酝酿中,新科技,特高压电力产业链,-,政策支持,高新技术产业,耐用品,-
002347.SZ,002347,泰尔股份,中盘股,工业,专用机械,采矿冶金机械,安徽,8.3,主板,火山口 派出小部队勇吃鱼身,-,-,-,2010/1/28,邰正彪,民营企业,β高股息低波动 适合防御,行情酝酿中,-,-,制造业(工业母机),行业成熟稳定,传统行业,耐用品,-
002348.SZ,002348,高乐股份,中盘股,可选消费,休闲设备与用品,休闲设备与用品,广东,9.41,主板,-,-,-,-,2010/2/3,王帆,民营企业,β高股息低波动 适合防御,行情酝酿中,-,-,文化体育,行业成熟稳定,传统行业,-,-
002349.SZ,002349,精华制药,中盘股,医药卫生,中药,中成药,江苏,7.47,主板,-,-,-,-,2010/2/3,南通市人民政府国有资产监督管理委员会,地方国有企业,β高股息低波动 适合防御,行情酝酿中,大健康,-,-,行业成熟稳定,传统行业,消耗品,-
002350.SZ,002350,北京科锐,中盘股,工业,电网设备,配电设备,北京,13.72,主板,-,-,-,-,2010/2/3,付小东,民营企业,β高股息低波动 适合防御,行情酝酿中,新科技,特高压电力产业链,-,政策支持,高新技术产业,耐用品,-
002351.SZ,002351,漫步者,迷你盘,信息技术,电子终端及组件,消费电子终端,深圳,11.34,主板,火山口 派出小部队勇吃鱼身,连续多天小涨 龟壳战术吃鱼头,-,-,2010/2/5,张文东,民营企业,-,行情酝酿中,新基建,-,-,政策支持,高新技术产业,-,-
002352.SZ,002352,顺丰控股,大盘股,工业,运输业,快递,深圳,36.7,主板,-,-,-,-,2010/2/5,王卫,民营企业,β高股息低波动 适合防御,行情酝酿中,-,电子商务产业链,-,政策支持,传统行业,-,-
002353.SZ,002353,杰瑞股份,大盘股,能源,油气开采与油田服务,油气开采,山东,121.18,主板,-,-,-,-,2010/2/5,孙伟杰,民营企业,β高股息低波动 适合防御,表现超预期,-,-,制造业(工业母机),行业成熟稳定,传统行业,耐用品,-
002354.SZ,002354,天娱数科,中盘股,通信服务,营销与广告,数字营销,辽宁,5.74,主板,火山口 派出小部队勇吃鱼身,-,-,-,2010/2/9,无实际控制人,其他,β高股息低波动 适合防御,行情酝酿中,国产替代,电子商务产业链,-,政策支持,传统行业,-,-
002355.SZ,002355,兴民智通,中盘股,可选消费,汽车零部件与轮胎,汽车系统部件,山东,6.2,主板,-,-,-,-,2010/2/9,高赫男,民营企业,β高股息低波动 适合防御,行情酝酿中,-,智能汽车产业链,-,政策支持,传统行业,消耗品,-
002356.SZ,002356,赫美集团,小盘股,可选消费,专营零售,专营零售,深圳,3.45,主板,火山口 派出小部队勇吃鱼身,-,-,-,2010/2/9,郑梓豪,民营企业,-,行情酝酿中,-,实体经济,-,行业成熟稳定,传统行业,-,-
002357.SZ,002357,富临运业,小盘股,工业,运输业,公路运输,四川,11.05,主板,-,-,-,-,2010/2/10,刘锋,民营企业,-,行情酝酿中,-,-,交通,行业成熟稳定,传统行业,-,-
002358.SZ,002358,森源电气,中盘股,工业,电网设备,输变电设备,河南,7.47,主板,-,-,-,-,2010/2/10,河南省财政厅,地方国有企业,β高股息低波动 适合防御,行情酝酿中,新科技,特高压电力产业链,-,政策支持,高新技术产业,耐用品,-
002360.SZ,002360,同德化工,小盘股,原材料,化学制品,民爆制品,山西,6.35,主板,-,-,-,-,2010/3/3,张云升,民营企业,-,表现超预期,-,-,化工,行业成熟稳定,传统行业,耐用品,-
002361.SZ,002361,神剑股份,大盘股,原材料,塑料,合成树脂,安徽,18.75,主板,-,-,有涨停 火山口战法吃鱼身,高人气,2010/3/3,芜湖市人民政府国有资产监督管理委员会,地方国有企业,β高股息低波动 适合防御,表现超预期,-,-,化工,行业成熟稳定,传统行业,耐用品,-
002362.SZ,002362,汉王科技,迷你盘,信息技术,电子终端及组件,消费电子终端,北京,18.86,主板,火山口 派出小部队勇吃鱼身,-,-,-,2010/3/3,刘迎建,民营企业,-,行情酝酿中,国产替代,-,-,政策支持,传统行业,-,-
002363.SZ,002363,隆基机械,小盘股,可选消费,汽车零部件与轮胎,汽车系统部件,山东,8.52,主板,-,-,-,-,2010/3/5,张海燕,民营企业,-,表现超预期,-,智能汽车产业链,-,政策支持,传统行业,消耗品,-
002364.SZ,002364,中恒电气,大盘股,工业,储能设备,其他储能设备,浙江,40.91,主板,-,-,-,-,2010/3/5,朱国锭,民营企业,β高股息低波动 适合防御,表现超预期,新科技,特高压电力产业链,-,政策支持,高新技术产业,耐用品,有量化参与
002365.SZ,002365,永安药业,中盘股,医药卫生,化学药,原料药,湖北,13.64,主板,-,-,-,-,2010/3/5,陈勇,民营企业,β高股息低波动 适合防御,行情酝酿中,大健康,-,-,政策支持,高新技术产业,消耗品,-
002366.SZ,002366,融发核电,中盘股,工业,发电设备,其他发电设备,四川,7.22,主板,火山口 派出小部队勇吃鱼身,连续多天小涨 龟壳战术吃鱼头,-,-,2010/3/12,青岛西海岸新区国有资产管理局,地方国有企业,β高股息低波动 适合防御,行情酝酿中,-,-,制造业(工业母机),行业成熟稳定,高新技术产业,耐用品,-
002367.SZ,002367,康力电梯,小盘股,工业,专用机械,楼宇设备,江苏,6.39,主板,火山口 派出小部队勇吃鱼身,连续多天小涨 龟壳战术吃鱼头,-,-,2010/3/12,朱美娟,民营企业,-,行情酝酿中,-,-,制造业(工业母机),行业成熟稳定,传统行业,耐用品,-
002368.SZ,002368,太极股份,中盘股,信息技术,信息技术服务,系统集成服务,北京,20.98,主板,火山口 派出小部队勇吃鱼身,-,-,-,2010/3/12,国务院国有资产监督管理委员会,中央企业,β高股息低波动 适合防御,表现超预期,国产替代,-,-,政策支持,传统行业,-,-
002369.SZ,002369,卓翼科技,小盘股,通信服务,通信设备,通信终端设备及组件,深圳,7.27,主板,火山口 派出小部队勇吃鱼身,-,-,-,2010/3/16,陈雍,民营企业,-,行情酝酿中,新基建,-,-,政策支持,高新技术产业,-,-
002370.SZ,002370,亚太药业,大盘股,医药卫生,化学药,药品制剂,浙江,7.54,主板,-,-,-,-,2010/3/16,邱中勋,民营企业,β高股息低波动 适合防御,表现超预期,大健康,-,-,政策支持,高新技术产业,消耗品,-
002371.SZ,002371,北方华创,大盘股,信息技术,半导体材料与设备,半导体设备,北京,469.91,主板,火山口 派出小部队勇吃鱼身,-,-,-,2010/3/16,北京电子控股有限责任公司,地方国有企业,β高股息低波动 适合防御,行情酝酿中,新科技,-,-,政策支持,高新技术产业,-,有量化参与
002372.SZ,002372,伟星新材,小盘股,工业,建筑产品,建筑产品,浙江,10.64,主板,火山口 派出小部队勇吃鱼身,-,-,-,2010/3/18,章卡鹏,民营企业,-,行情酝酿中,-,房地产产业链,-,行业成熟稳定,传统行业,耐用品,-
002373.SZ,002373,千方科技,中盘股,信息技术,信息技术服务,系统集成服务,北京,9.83,主板,-,-,-,-,2010/3/18,夏曙东,民营企业,β高股息低波动 适合防御,行情酝酿中,国产替代,-,-,政策支持,传统行业,-,-
002374.SZ,002374,中锐股份,迷你盘,原材料,容器与包装,金属、玻璃与塑料包装,山东,3.18,主板,-,-,-,-,2010/3/18,钱建蓉,民营企业,-,行情酝酿中,-,电子商务产业链,-,行业成熟稳定,传统行业,-,-
002375.SZ,002375,亚厦股份,小盘股,工业,建筑装修,建筑装修,浙江,3.98,主板,火山口 派出小部队勇吃鱼身,连续多天小涨 龟壳战术吃鱼头,-,-,2010/3/23,丁欣欣,民营企业,-,行情酝酿中,-,房地产产业链,-,行业成熟稳定,传统行业,耐用品,-
002376.SZ,002376,新北洋,小盘股,信息技术,电子终端及组件,电脑与外围设备,山东,7.14,主板,火山口 派出小部队勇吃鱼身,-,-,-,2010/3/23,无实际控制人,其他,-,行情酝酿中,新基建,-,-,政策支持,高新技术产业,-,-
002377.SZ,002377,国创高新,小盘股,原材料,建筑材料,水泥与混凝土,湖北,3.38,主板,-,-,-,-,2010/3/23,陶春风,民营企业,-,行情酝酿中,-,房地产产业链,-,行业成熟稳定,传统行业,耐用品,-
002378.SZ,002378,章源钨业,大盘股,原材料,稀有金属,钨钼,江西,32.55,主板,-,-,-,-,2010/3/31,黄泽兰,民营企业,β高股息低波动 适合防御,表现超预期,新能源,-,-,行业成熟稳定,传统行业,消耗品,-
002379.SZ,002379,宏桥控股,中盘股,原材料,工业金属,铝,山东,29.12,主板,-,-,-,-,2010/3/31,张波,民营企业,β高股息低波动 适合防御,行情酝酿中,-,军工高铁产业链,-,行业成熟稳定,传统行业,消耗品,-
002380.SZ,002380,科远智慧,中盘股,信息技术,信息技术服务,系统集成服务,江苏,33.72,主板,-,-,-,-,2010/3/31,刘国耀,民营企业,β高股息低波动 适合防御,表现超预期,国产替代,-,-,政策支持,传统行业,-,-
002381.SZ,002381,双箭股份,迷你盘,原材料,橡胶,橡胶制品,浙江,6.39,主板,-,-,-,-,2010/4/2,沈耿亮,民营企业,-,行情酝酿中,-,-,化工,行业成熟稳定,传统行业,耐用品,-
002382.SZ,002382,蓝帆医疗,中盘股,医药卫生,医疗器械,医疗耗材,山东,7.43,主板,-,-,-,-,2010/4/2,李振平,民营企业,β高股息低波动 适合防御,行情酝酿中,大健康,-,-,行业成熟稳定,传统行业,消耗品,-
002383.SZ,002383,合众思壮,小盘股,通信服务,通信设备,通信终端设备及组件,北京,9.63,主板,火山口 派出小部队勇吃鱼身,-,-,-,2010/4/2,河南省财政厅,地方国有企业,-,行情酝酿中,新基建,-,-,政策支持,高新技术产业,-,-
002384.SZ,002384,东山精密,大盘股,信息技术,电子元件,印制电路板,江苏,162.1,主板,火山口 派出小部队勇吃鱼身,-,-,-,2010/4/9,袁永刚,民营企业,β高股息低波动 适合防御,表现超预期,新科技,-,-,政策支持,高新技术产业,-,-
002385.SZ,002385,大北农,中盘股,主要消费,养殖,饲料,北京,3.99,主板,火山口 派出小部队勇吃鱼身,连续多天小涨 龟壳战术吃鱼头,-,-,2010/4/9,邵根伙,民营企业,β高股息低波动 适合防御,行情酝酿中,-,-,粮食,行业成熟稳定,传统行业,消耗品,-
002386.SZ,002386,天原股份,大盘股,原材料,化学原料,氯碱,四川,6.44,主板,-,-,-,-,2010/4/9,宜宾市政府国有资产监督管理委员会,地方国有企业,β高股息低波动 适合防御,行情酝酿中,-,-,化工,行业成熟稳定,传统行业,耐用品,-
002387.SZ,002387,维信诺,小盘股,信息技术,光学光电子,面板,江苏,8.21,主板,火山口 派出小部队勇吃鱼身,连续多天小涨 龟壳战术吃鱼头,-,-,2010/4/13,无实际控制人,其他,-,行情酝酿中,新科技,-,-,政策支持,高新技术产业,-,-
002388.SZ,002388,新亚制程,小盘股,信息技术,其他电子,其他电子,浙江,5.11,主板,火山口 派出小部队勇吃鱼身,-,-,-,2010/4/13,王伟华,民营企业,-,行情酝酿中,新科技,-,-,政策支持,高新技术产业,-,-
002389.SZ,002389,航天彩虹,大盘股,工业,航空航天,航空,浙江,22.36,主板,火山口 派出小部队勇吃鱼身,连续多天小涨 龟壳战术吃鱼头,-,-,2010/4/13,国务院国有资产监督管理委员会,中央企业,β高股息低波动 适合防御,行情酝酿中,-,军工高铁产业链,-,政策支持,高新技术产业,-,-
002390.SZ,002390,信邦制药,小盘股,医药卫生,医疗商业与服务,医药商业,贵州,3.2,主板,-,-,-,-,2010/4/16,安吉,民营企业,-,行情酝酿中,-,实体经济,-,政策支持,传统行业,消耗品,-
002391.SZ,002391,长青股份,迷你盘,原材料,农用化工,农药,江苏,6.09,主板,火山口 派出小部队勇吃鱼身,-,-,-,2010/4/16,于国权,民营企业,-,行情酝酿中,-,-,粮食,行业成熟稳定,传统行业,消耗品,-
002392.SZ,002392,北京利尔,小盘股,原材料,其他非金属材料,其他非金属材料,北京,7.15,主板,-,-,-,-,2010/4/23,赵继增,民营企业,-,行情酝酿中,-,房地产产业链,-,行业成熟稳定,传统行业,耐用品,-
002393.SZ,002393,力生制药,小盘股,医药卫生,化学药,药品制剂,天津,23.1,主板,-,-,-,-,2010/4/23,天津市人民政府国有资产监督管理委员会,地方国有企业,-,行情酝酿中,大健康,-,-,政策支持,高新技术产业,消耗品,-
002394.SZ,002394,联发股份,小盘股,可选消费,纺织服装,纺织品,江苏,13.46,主板,-,-,-,-,2010/4/23,黄长根,民营企业,-,行情酝酿中,-,-,化工,行业成熟稳定,传统行业,消耗品,-
002395.SZ,002395,双象股份,中盘股,原材料,塑料,合成树脂,江苏,18.01,主板,火山口 派出小部队勇吃鱼身,连续多天小涨 龟壳战术吃鱼头,-,-,2010/4/29,唐炳泉,民营企业,β高股息低波动 适合防御,行情酝酿中,-,-,化工,行业成熟稳定,传统行业,消耗品,-
002396.SZ,002396,星网锐捷,大盘股,通信服务,通信设备,通信系统设备及组件,福建,29.4,主板,火山口 派出小部队勇吃鱼身,-,-,-,2010/6/23,福建省人民政府国有资产监督管理委员会,地方国有企业,β高股息低波动 适合防御,行情酝酿中,新基建,-,-,政策支持,高新技术产业,-,-
002397.SZ,002397,梦洁股份,小盘股,可选消费,纺织服装,家用纺织,湖南,4.04,主板,-,-,-,-,2010/4/29,无实际控制人,其他,-,表现超预期,-,-,化工,行业成熟稳定,传统行业,消耗品,-
002398.SZ,002398,垒知集团,小盘股,原材料,建筑材料,水泥与混凝土,福建,5.09,主板,火山口 派出小部队勇吃鱼身,-,-,-,2010/5/6,蔡永太,民营企业,-,行情酝酿中,-,房地产产业链,-,行业成熟稳定,传统行业,耐用品,-
002399.SZ,002399,海普瑞,迷你盘,医药卫生,化学药,药品制剂,深圳,11.12,主板,-,-,-,-,2010/5/6,李锂,民营企业,-,行情酝酿中,大健康,-,-,政策支持,高新技术产业,消耗品,-
002400.SZ,002400,省广集团,大盘股,通信服务,营销与广告,数字营销,广东,8.93,主板,-,-,-,-,2010/5/6,广东省人民政府,地方国有企业,β高股息低波动 适合防御,行情酝酿中,-,电子商务产业链,-,行业成熟稳定,传统行业,-,-
002401.SZ,002401,中远海科,迷你盘,信息技术,信息技术服务,系统集成服务,上海,14.89,主板,火山口 派出小部队勇吃鱼身,-,-,-,2010/5/6,国务院国有资产监督管理委员会,中央企业,-,行情酝酿中,国产替代,-,-,政策支持,传统行业,-,-
002402.SZ,002402,和而泰,大盘股,信息技术,电子终端及组件,安防设备及其他,深圳,31.71,主板,火山口 派出小部队勇吃鱼身,-,-,-,2010/5/11,刘建伟,民营企业,β高股息低波动 适合防御,行情酝酿中,新科技,-,-,政策支持,高新技术产业,-,-
002403.SZ,002403,爱仕达,迷你盘,可选消费,家居,其他家居,浙江,10.51,主板,-,-,-,-,2010/5/11,陈合林,民营企业,-,行情酝酿中,大消费,-,-,行业成熟稳定,传统行业,耐用品,-
002404.SZ,002404,嘉欣丝绸,迷你盘,可选消费,纺织服装,服装,浙江,6.9,主板,-,-,-,-,2010/5/11,周国建,民营企业,-,行情酝酿中,-,-,化工,行业成熟稳定,传统行业,消耗品,-
002405.SZ,002405,四维图新,大盘股,信息技术,软件开发,通用软件,北京,9.12,主板,火山口 派出小部队勇吃鱼身,-,-,-,2010/5/18,无实际控制人,其他,β高股息低波动 适合防御,行情酝酿中,国产替代,-,-,政策支持,传统行业,-,-
002406.SZ,002406,远东传动,小盘股,可选消费,汽车零部件与轮胎,汽车系统部件,河南,7.71,主板,火山口 派出小部队勇吃鱼身,连续多天小涨 龟壳战术吃鱼头,-,-,2010/5/18,刘延生,民营企业,-,行情酝酿中,-,智能汽车产业链,-,政策支持,传统行业,消耗品,-
002407.SZ,002407,多氟多,大盘股,原材料,化学制品,氟化工,河南,30.01,主板,-,-,-,-,2010/5/18,李世江,民营企业,β高股息低波动 适合防御,表现超预期,-,-,化工,行业成熟稳定,传统行业,耐用品,-
002408.SZ,002408,齐翔腾达,中盘股,原材料,化学原料,其他化学原料,山东,6.67,主板,-,-,-,-,2010/5/18,山东省人民政府国有资产监督管理委员会,地方国有企业,β高股息低波动 适合防御,表现超预期,-,-,化工,行业成熟稳定,传统行业,耐用品,-
002409.SZ,002409,雅克科技,大盘股,信息技术,半导体材料与设备,半导体材料,江苏,85.9,主板,火山口 派出小部队勇吃鱼身,-,-,-,2010/5/25,沈琦,民营企业,β高股息低波动 适合防御,行情酝酿中,新科技,-,-,政策支持,高新技术产业,-,-
002410.SZ,002410,广联达,中盘股,信息技术,软件开发,行业应用软件,北京,11.61,主板,火山口 派出小部队勇吃鱼身,连续多天小涨 龟壳战术吃鱼头,-,-,2010/5/25,刁志中,民营企业,β高股息低波动 适合防御,行情酝酿中,国产替代,-,-,政策支持,传统行业,-,-
002412.SZ,002412,汉森制药,小盘股,医药卫生,中药,中成药,湖南,6.62,主板,-,-,-,-,2010/5/25,刘令安,民营企业,-,行情酝酿中,大健康,-,-,行业成熟稳定,传统行业,消耗品,-
002413.SZ,002413,雷科防务,大盘股,工业,国防装备,国防装备,北京,13.51,主板,火山口 派出小部队勇吃鱼身,连续多天小涨 龟壳战术吃鱼头,-,-,2010/5/28,无实际控制人,其他,β高股息低波动 适合防御,行情酝酿中,新基建,-,-,政策支持,高新技术产业,-,-
002414.SZ,002414,高德红外,大盘股,工业,国防装备,国防装备,湖北,13.78,主板,-,-,-,-,2010/7/16,黄立,民营企业,β高股息低波动 适合防御,表现超预期,-,智能汽车产业链,制造业(工业母机),行业成熟稳定,传统行业,耐用品,-
002415.SZ,002415,海康威视,大盘股,信息技术,电子终端及组件,安防设备及其他,浙江,33.13,主板,火山口 派出小部队勇吃鱼身,-,-,-,2010/5/28,国务院国有资产监督管理委员会,中央企业,β高股息低波动 适合防御,行情酝酿中,新基建,-,-,政策支持,高新技术产业,-,-
002416.SZ,002416,爱施德,大盘股,可选消费,专营零售,专营零售,深圳,13.8,主板,火山口 派出小部队勇吃鱼身,连续多天小涨 龟壳战术吃鱼头,-,-,2010/5/28,黄绍武,民营企业,β高股息低波动 适合防御,行情酝酿中,-,-,-,行业成熟稳定,传统行业,耐用品,-
002418.SZ,002418,康盛股份,大盘股,可选消费,家用电器,家电零部件及其他,浙江,6.19,主板,-,-,有涨停 火山口战法吃鱼身,-,2010/6/1,解直锟,民营企业,β高股息低波动 适合防御,表现超预期,大消费,-,-,行业成熟稳定,传统行业,耐用品,-
002419.SZ,002419,天虹股份,中盘股,可选消费,一般零售,超市与便利店,深圳,5.83,主板,火山口 派出小部队勇吃鱼身,连续多天小涨 龟壳战术吃鱼头,-,-,2010/6/1,国务院国有资产监督管理委员会,中央企业,β高股息低波动 适合防御,行情酝酿中,-,实体经济,-,行业成熟稳定,传统行业,-,-
002420.SZ,002420,毅昌科技,小盘股,可选消费,家用电器,家电零部件及其他,广东,7.77,主板,火山口 派出小部队勇吃鱼身,-,-,-,2010/6/1,熊海涛,民营企业,-,行情酝酿中,大消费,-,-,行业成熟稳定,传统行业,耐用品,-
002421.SZ,002421,达实智能,大盘股,信息技术,信息技术服务,系统集成服务,深圳,2.87,主板,-,-,-,高人气,2010/6/3,刘磅,民营企业,β高股息低波动 适合防御,表现超预期,国产替代,-,-,政策支持,传统行业,-,-
002422.SZ,002422,科伦药业,大盘股,医药卫生,化学药,药品制剂,四川,35.23,主板,-,-,-,-,2010/6/3,刘革新,民营企业,β高股息低波动 适合防御,表现超预期,大健康,-,-,政策支持,高新技术产业,消耗品,-
002423.SZ,002423,中粮资本,小盘股,金融,其他金融服务,其他综合性金融服务,河南,10.25,主板,火山口 派出小部队勇吃鱼身,-,-,-,2010/6/3,国务院国有资产监督管理委员会,中央企业,-,行情酝酿中,大金融,-,-,行业成熟稳定,传统行业,-,-
002424.SZ,002424,ST百灵,小盘股,医药卫生,中药,中成药,贵州,5.17,主板,火山口 派出小部队勇吃鱼身,连续多天小涨 龟壳战术吃鱼头,-,-,2010/6/3,姜伟,民营企业,-,行情酝酿中,大健康,-,-,行业成熟稳定,传统行业,消耗品,-
002425.SZ,002425,凯撒文化,小盘股,通信服务,文化娱乐,游戏,广东,3.24,主板,-,-,-,-,2010/6/8,郑合明,外资,-,行情酝酿中,国产替代,电子商务产业链,-,政策支持,传统行业,-,-
002426.SZ,002426,胜利精密,大盘股,信息技术,电子终端及组件,消费电子组件及零部件,江苏,3.76,主板,火山口 派出小部队勇吃鱼身,连续多天小涨 龟壳战术吃鱼头,-,-,2010/6/8,高玉根,民营企业,β高股息低波动 适合防御,行情酝酿中,新科技,-,-,政策支持,高新技术产业,-,-
002427.SZ,002427,尤夫股份,小盘股,原材料,化学纤维,锦纶与涤纶,浙江,6.46,主板,火山口 派出小部队勇吃鱼身,连续多天小涨 龟壳战术吃鱼头,-,-,2010/6/8,陕西省人民政府国有资产监督管理委员会,地方国有企业,-,表现超预期,-,-,化工,行业成熟稳定,传统行业,耐用品,-
002428.SZ,002428,云南锗业,大盘股,原材料,稀有金属,其他稀有金属,云南,62,主板,-,-,有涨停 火山口战法吃鱼身,-,2010/6/8,包文东,民营企业,β高股息低波动 适合防御,表现超预期,新能源,-,-,行业成熟稳定,传统行业,消耗品,-
002429.SZ,002429,兆驰股份,大盘股,可选消费,家用电器,黑色家电,深圳,10.67,主板,-,-,-,-,2010/6/10,深圳市人民政府国有资产监督管理委员会,地方国有企业,β高股息低波动 适合防御,表现超预期,大消费,-,-,行业成熟稳定,传统行业,耐用品,-
002430.SZ,002430,杭氧股份,中盘股,原材料,化学原料,其他化学原料,浙江,27.9,主板,-,-,-,-,2010/6/10,杭州市人民政府国有资产监督管理委员会,地方国有企业,β高股息低波动 适合防御,行情酝酿中,-,-,制造业(工业母机),行业成熟稳定,传统行业,耐用品,-
002431.SZ,002431,棕榈股份,小盘股,工业,建筑与工程,园林工程,河南,2.57,主板,-,-,-,-,2010/6/10,河南省人民政府国有资产监督管理委员会,地方国有企业,-,表现超预期,-,房地产产业链,-,行业成熟稳定,传统行业,耐用品,-
002432.SZ,002432,九安医疗,大盘股,医药卫生,医疗器械,医疗设备,天津,75.35,主板,-,-,-,-,2010/6/10,刘毅,民营企业,β高股息低波动 适合防御,表现超预期,大健康,-,-,行业成熟稳定,传统行业,消耗品,-
002434.SZ,002434,万里扬,小盘股,可选消费,汽车零部件与轮胎,汽车系统部件,浙江,8.26,主板,火山口 派出小部队勇吃鱼身,连续多天小涨 龟壳战术吃鱼头,-,-,2010/6/18,黄河清,民营企业,-,行情酝酿中,-,智能汽车产业链,-,政策支持,传统行业,消耗品,-
002436.SZ,002436,兴森科技,大盘股,信息技术,电子元件,印制电路板,深圳,26.15,主板,-,-,-,-,2010/6/18,邱醒亚,民营企业,β高股息低波动 适合防御,表现超预期,新科技,-,-,政策支持,高新技术产业,-,-
002437.SZ,002437,誉衡药业,大盘股,医药卫生,化学药,药品制剂,黑龙江,3.72,主板,-,-,-,-,2010/6/23,无实际控制人,其他,β高股息低波动 适合防御,表现超预期,大健康,-,-,政策支持,高新技术产业,消耗品,-
002438.SZ,002438,江苏神通,小盘股,工业,通用机械,气液机械,江苏,16.63,主板,-,连续多天小涨 龟壳战术吃鱼头,-,-,2010/6/23,韩力,民营企业,-,行情酝酿中,-,-,制造业(工业母机),行业成熟稳定,传统行业,耐用品,-
002439.SZ,002439,启明星辰,大盘股,信息技术,软件开发,通用软件,北京,15.3,主板,-,-,有涨停 火山口战法吃鱼身,-,2010/6/23,中国移动通信集团有限公司,中央企业,β高股息低波动 适合防御,表现超预期,国产替代,-,-,政策支持,传统行业,-,-
002440.SZ,002440,闰土股份,中盘股,原材料,化学制品,印染化学品,浙江,11.9,主板,-,-,-,-,2010/7/6,张爱娟,民营企业,β高股息低波动 适合防御,行情酝酿中,-,房地产产业链,-,行业成熟稳定,传统行业,耐用品,-
002441.SZ,002441,众业达,小盘股,工业,商业服务与用品,贸易商,广东,10.07,主板,-,-,-,-,2010/7/6,吴开贤,民营企业,-,行情酝酿中,新科技,特高压电力产业链,-,政策支持,高新技术产业,耐用品,-
002442.SZ,002442,龙星科技,小盘股,原材料,橡胶,橡胶助剂,河北,5.68,主板,-,-,-,-,2010/7/6,刘江山,民营企业,-,行情酝酿中,-,-,化工,行业成熟稳定,传统行业,耐用品,-
002443.SZ,002443,金洲管道,中盘股,原材料,钢铁,特钢,浙江,9.43,主板,-,-,-,-,2010/7/6,寿光市地方金融监督管理局(寿光市国有资产监督管理局),地方国有企业,β高股息低波动 适合防御,表现超预期,-,-,能源,行业成熟稳定,传统行业,消耗品,-
002444.SZ,002444,巨星科技,大盘股,工业,通用机械,其他通用机械,浙江,32.2,主板,火山口 派出小部队勇吃鱼身,连续多天小涨 龟壳战术吃鱼头,-,-,2010/7/13,仇建平,民营企业,β高股息低波动 适合防御,行情酝酿中,-,-,制造业(工业母机),行业成熟稳定,传统行业,耐用品,-
002445.SZ,002445,中南文化,中盘股,工业,通用机械,其他通用机械,江苏,3.38,主板,-,-,-,-,2010/7/13,江阴市人民政府国有资产监督管理办公室,地方国有企业,β高股息低波动 适合防御,行情酝酿中,-,-,能源,行业成熟稳定,传统行业,消耗品,-
002446.SZ,002446,盛路通信,大盘股,通信服务,通信设备,通信系统设备及组件,广东,10.51,主板,火山口 派出小部队勇吃鱼身,-,-,-,2010/7/13,杨华,民营企业,β高股息低波动 适合防御,表现超预期,新基建,-,-,政策支持,高新技术产业,-,-
002448.SZ,002448,中原内配,中盘股,可选消费,汽车零部件与轮胎,汽车系统部件,河南,15.18,主板,-,-,-,-,2010/7/16,薛德龙,民营企业,β高股息低波动 适合防御,行情酝酿中,-,智能汽车产业链,-,政策支持,传统行业,消耗品,-
002449.SZ,002449,国星光电,小盘股,信息技术,光学光电子,LED,广东,8.22,主板,火山口 派出小部队勇吃鱼身,连续多天小涨 龟壳战术吃鱼头,-,-,2010/7/16,广东省人民政府,地方国有企业,-,行情酝酿中,新科技,-,-,政策支持,高新技术产业,-,-
002451.SZ,002451,摩恩电气,中盘股,工业,电网设备,线缆及其他,上海,9.69,主板,火山口 派出小部队勇吃鱼身,-,-,-,2010/7/20,问泽鸿,民营企业,β高股息低波动 适合防御,行情酝酿中,新科技,特高压电力产业链,-,政策支持,高新技术产业,耐用品,-
002452.SZ,002452,长高电新,中盘股,工业,电网设备,输变电设备,湖南,10.84,主板,-,连续多天小涨 龟壳战术吃鱼头,-,-,2010/7/20,马孝武,民营企业,β高股息低波动 适合防御,表现超预期,新科技,特高压电力产业链,-,政策支持,高新技术产业,耐用品,-
002453.SZ,002453,华软科技,迷你盘,原材料,化学制品,其他化学制品,北京,4.87,主板,-,-,-,-,2010/7/20,张景明,民营企业,-,行情酝酿中,-,-,化工,行业成熟稳定,传统行业,耐用品,-
002454.SZ,002454,松芝股份,中盘股,可选消费,汽车零部件与轮胎,汽车系统部件,上海,10.35,主板,火山口 派出小部队勇吃鱼身,-,-,-,2010/7/20,陈福成,外资,β高股息低波动 适合防御,行情酝酿中,-,智能汽车产业链,-,政策支持,传统行业,消耗品,-
002455.SZ,002455,百川股份,大盘股,原材料,化学制品,其他化学制品,江苏,11.41,主板,-,-,-,-,2010/8/3,郑铁江,民营企业,β高股息低波动 适合防御,行情酝酿中,-,-,化工,行业成熟稳定,传统行业,耐用品,-
002456.SZ,002456,欧菲光,大盘股,信息技术,光学光电子,光学元件,深圳,9.44,主板,火山口 派出小部队勇吃鱼身,-,-,-,2010/8/3,蔡荣军,民营企业,β高股息低波动 适合防御,行情酝酿中,新科技,-,-,政策支持,高新技术产业,-,-
002457.SZ,002457,青龙管业,中盘股,原材料,建筑材料,水泥与混凝土,宁夏,11.17,主板,火山口 派出小部队勇吃鱼身,连续多天小涨 龟壳战术吃鱼头,-,-,2010/8/3,陈家兴,民营企业,β高股息低波动 适合防御,行情酝酿中,-,-,化工,行业成熟稳定,传统行业,消耗品,-
002458.SZ,002458,益生股份,中盘股,主要消费,养殖,畜牧产品,山东,10.3,主板,火山口 派出小部队勇吃鱼身,连续多天小涨 龟壳战术吃鱼头,-,-,2010/8/10,曹积生,民营企业,β高股息低波动 适合防御,表现超预期,-,-,粮食,行业成熟稳定,传统行业,消耗品,-
002459.SZ,002459,晶澳科技,大盘股,工业,发电设备,光伏设备,河北,10.98,主板,-,-,-,-,2010/8/10,靳保芳,民营企业,β高股息低波动 适合防御,行情酝酿中,新科技,特高压电力产业链,-,政策支持,高新技术产业,耐用品,-
002460.SZ,002460,赣锋锂业,大盘股,原材料,稀有金属,锂,江西,84.06,主板,-,-,-,-,2010/8/10,李良彬,民营企业,β高股息低波动 适合防御,表现超预期,新能源,-,-,行业成熟稳定,传统行业,消耗品,有量化参与
002461.SZ,002461,珠江啤酒,小盘股,主要消费,酒,啤酒,广东,9.72,主板,火山口 派出小部队勇吃鱼身,连续多天小涨 龟壳战术吃鱼头,-,-,2010/8/18,广州市人民政府国有资产监督管理委员会,地方国有企业,-,行情酝酿中,大消费,-,-,行业成熟稳定,传统行业,消耗品,-
002462.SZ,002462,嘉事堂,迷你盘,医药卫生,医疗商业与服务,医药商业,北京,14.25,主板,-,-,-,-,2010/8/18,中华人民共和国国务院,中央企业,-,行情酝酿中,-,实体经济,-,政策支持,传统行业,消耗品,-
002463.SZ,002463,沪电股份,大盘股,信息技术,电子元件,印制电路板,江苏,97.66,主板,-,-,有涨停 火山口战法吃鱼身,-,2010/8/18,吴礼淦家族,外资,β高股息低波动 适合防御,表现超预期,新科技,-,-,政策支持,高新技术产业,-,-
002465.SZ,002465,海格通信,大盘股,通信服务,通信设备,通信系统设备及组件,广东,15.69,主板,火山口 派出小部队勇吃鱼身,连续多天小涨 龟壳战术吃鱼头,-,-,2010/8/31,广州市人民政府,地方国有企业,β高股息低波动 适合防御,行情酝酿中,新基建,-,-,政策支持,高新技术产业,-,-
002466.SZ,002466,天齐锂业,大盘股,原材料,稀有金属,锂,四川,66.65,主板,-,-,-,-,2010/8/31,蒋卫平,民营企业,β高股息低波动 适合防御,表现超预期,新能源,-,-,行业成熟稳定,传统行业,消耗品,-
002467.SZ,002467,二六三,大盘股,信息技术,信息技术服务,云计算服务,北京,7.63,主板,-,-,有涨停 火山口战法吃鱼身,-,2010/9/8,李小龙,民营企业,β高股息低波动 适合防御,表现超预期,国产替代,电子商务产业链,-,政策支持,传统行业,-,-
002468.SZ,002468,申通快递,大盘股,工业,运输业,快递,浙江,17.18,主板,-,-,有涨停 火山口战法吃鱼身,高人气,2010/9/8,陈德军,民营企业,β高股息低波动 适合防御,表现超预期,-,电子商务产业链,-,政策支持,传统行业,-,-
002469.SZ,002469,三维化学,中盘股,原材料,化学原料,其他化学原料,山东,8.6,主板,-,-,-,-,2010/9/8,曲思秋,民营企业,β高股息低波动 适合防御,表现超预期,-,-,化工,行业成熟稳定,传统行业,耐用品,-
002470.SZ,002470,金正大,大盘股,原材料,农用化工,复合肥,山东,2.75,主板,-,-,-,-,2010/9/8,临沭县国有资产管理服务中心,地方国有企业,β高股息低波动 适合防御,行情酝酿中,-,-,粮食,行业成熟稳定,传统行业,消耗品,-
002471.SZ,002471,中超控股,大盘股,工业,电网设备,线缆及其他,江苏,9.14,主板,-,-,-,-,2010/9/10,杨飞,民营企业,β高股息低波动 适合防御,行情酝酿中,新科技,特高压电力产业链,-,政策支持,高新技术产业,耐用品,-
002472.SZ,002472,双环传动,大盘股,可选消费,汽车零部件与轮胎,汽车系统部件,浙江,39.19,主板,火山口 派出小部队勇吃鱼身,连续多天小涨 龟壳战术吃鱼头,-,-,2010/9/10,吴长鸿,民营企业,β高股息低波动 适合防御,行情酝酿中,-,智能汽车产业链,-,政策支持,传统行业,消耗品,-
002474.SZ,002474,榕基软件,小盘股,信息技术,软件开发,行业应用软件,福建,7.5,主板,-,-,-,-,2010/9/15,鲁峰,民营企业,-,行情酝酿中,国产替代,-,-,政策支持,传统行业,-,-
002475.SZ,002475,立讯精密,大盘股,信息技术,电子终端及组件,消费电子组件及零部件,深圳,59.75,主板,火山口 派出小部队勇吃鱼身,-,-,-,2010/9/15,王来胜,外资,β高股息低波动 适合防御,表现超预期,新科技,-,-,政策支持,高新技术产业,-,-
002476.SZ,002476,宝莫股份,迷你盘,原材料,化学制品,其他化学制品,山东,5.91,主板,-,-,-,-,2010/9/15,胡瀚阳,民营企业,-,行情酝酿中,-,-,化工,行业成熟稳定,传统行业,耐用品,-
002478.SZ,002478,常宝股份,中盘股,原材料,钢铁,特钢,江苏,11.09,主板,火山口 派出小部队勇吃鱼身,连续多天小涨 龟壳战术吃鱼头,-,-,2010/9/21,曹坚,民营企业,β高股息低波动 适合防御,行情酝酿中,-,-,能源,行业成熟稳定,传统行业,消耗品,-
002479.SZ,002479,富春环保,中盘股,公用事业,供热及其他,供热及其他,浙江,5.58,主板,-,-,-,-,2010/9/21,南昌市国有资产监督管理委员会,地方国有企业,β高股息低波动 适合防御,行情酝酿中,-,特高压电力产业链,-,政策支持,高新技术产业,-,-
002480.SZ,002480,新筑股份,小盘股,工业,交通运输设备,城轨铁路,四川,6.15,主板,火山口 派出小部队勇吃鱼身,连续多天小涨 龟壳战术吃鱼头,-,-,2010/9/21,四川省政府国有资产监督管理委员会,地方国有企业,-,行情酝酿中,-,-,制造业(工业母机),行业成熟稳定,传统行业,耐用品,-
002481.SZ,002481,双塔食品,迷你盘,主要消费,食品,其他食品,山东,4.45,主板,火山口 派出小部队勇吃鱼身,-,-,-,2010/9/21,招远市金岭镇人民政府,地方国有企业,-,行情酝酿中,大消费,-,-,行业成熟稳定,传统行业,消耗品,-
002482.SZ,002482,广田集团,迷你盘,工业,建筑装修,建筑装修,深圳,1.66,主板,-,-,-,-,2010/9/29,深圳市人民政府国有资产监督管理委员会,地方国有企业,-,行情酝酿中,-,房地产产业链,-,行业成熟稳定,传统行业,耐用品,-
002483.SZ,002483,润邦股份,迷你盘,工业,专用机械,工程机械,江苏,6.92,主板,火山口 派出小部队勇吃鱼身,连续多天小涨 龟壳战术吃鱼头,-,-,2010/9/29,广州市人民政府,地方国有企业,-,行情酝酿中,-,-,制造业(工业母机),行业成熟稳定,高新技术产业,耐用品,-
002484.SZ,002484,江海股份,大盘股,信息技术,电子元件,被动元件,江苏,33.03,主板,-,-,-,-,2010/9/29,浙江省人民政府国有资产监督管理委员会,地方国有企业,β高股息低波动 适合防御,表现超预期,新科技,-,-,政策支持,高新技术产业,-,-
002485.SZ,002485,ST雪发,迷你盘,工业,商业服务与用品,贸易商,山东,4.88,主板,火山口 派出小部队勇吃鱼身,-,-,-,2010/10/15,张劲,民营企业,-,行情酝酿中,-,实体经济,-,行业成熟稳定,传统行业,-,-
002486.SZ,002486,嘉麟杰,迷你盘,可选消费,纺织服装,服装,上海,2.84,主板,-,-,-,-,2010/10/15,李兆廷,民营企业,-,行情酝酿中,大消费,-,-,行业成熟稳定,传统行业,耐用品,-
002487.SZ,002487,大金重工,大盘股,工业,发电设备,风电设备,辽宁,85.47,主板,-,-,有涨停 火山口战法吃鱼身,-,2010/10/15,金鑫,民营企业,β高股息低波动 适合防御,表现超预期,新科技,特高压电力产业链,-,政策支持,高新技术产业,耐用品,-
002488.SZ,002488,金固股份,大盘股,可选消费,汽车零部件与轮胎,汽车系统部件,浙江,12.55,主板,-,-,-,-,2010/10/21,孙金国,民营企业,β高股息低波动 适合防御,表现超预期,-,智能汽车产业链,-,政策支持,传统行业,消耗品,-
002489.SZ,002489,浙江永强,迷你盘,可选消费,家居,家具,浙江,3.44,主板,火山口 派出小部队勇吃鱼身,连续多天小涨 龟壳战术吃鱼头,-,-,2010/10/21,谢建勇,民营企业,-,行情酝酿中,大消费,-,-,行业成熟稳定,传统行业,耐用品,-
002490.SZ,002490,山东墨龙,中盘股,能源,油气开采与油田服务,油气开采,山东,8.69,主板,-,-,-,-,2010/10/21,寿光市地方金融监督管理局(寿光市国有资产监督管理局),地方国有企业,β高股息低波动 适合防御,表现超预期,-,-,制造业(工业母机),行业成熟稳定,传统行业,耐用品,-
002491.SZ,002491,通鼎互联,大盘股,通信服务,通信设备,通信系统设备及组件,江苏,15.13,主板,-,-,有涨停 火山口战法吃鱼身,高人气,2010/10/21,沈小平,民营企业,β高股息低波动 适合防御,表现超预期,新基建,-,-,政策支持,高新技术产业,-,-
002492.SZ,002492,恒基达鑫,迷你盘,能源,石油与天然气,油气流通及其他,广东,7.42,主板,-,-,-,-,2010/11/2,王青运,民营企业,-,表现超预期,-,电子商务产业链,-,政策支持,传统行业,-,-
002493.SZ,002493,荣盛石化,大盘股,原材料,化学原料,其他化学原料,浙江,11.66,主板,-,-,-,-,2010/11/2,李水荣,民营企业,β高股息低波动 适合防御,行情酝酿中,-,-,化工,行业成熟稳定,传统行业,耐用品,-
002494.SZ,002494,华斯股份,小盘股,可选消费,纺织服装,服装,河北,5.39,主板,-,-,-,-,2010/11/2,贺国英,民营企业,-,表现超预期,大消费,-,-,行业成熟稳定,传统行业,耐用品,-
002495.SZ,002495,佳隆股份,小盘股,主要消费,食品,调味品与食用油,广东,2.52,主板,-,-,-,-,2010/11/2,林平涛,民营企业,-,行情酝酿中,大消费,-,-,行业成熟稳定,传统行业,消耗品,-
002496.SZ,002496,*ST辉丰,小盘股,原材料,农用化工,农药,江苏,2.02,主板,-,-,-,-,2010/11/9,仲汉根,民营企业,-,表现超预期,-,-,粮食,行业成熟稳定,传统行业,消耗品,-
002497.SZ,002497,雅化集团,大盘股,原材料,稀有金属,锂,四川,28.09,主板,-,-,-,-,2010/11/9,郑戎,民营企业,β高股息低波动 适合防御,表现超预期,新能源,-,-,行业成熟稳定,传统行业,消耗品,-
002498.SZ,002498,汉缆股份,大盘股,工业,电网设备,线缆及其他,山东,8.83,主板,-,-,-,高人气,2010/11/9,张思夏,民营企业,β高股息低波动 适合防御,表现超预期,新科技,特高压电力产业链,-,政策支持,高新技术产业,耐用品,-
002500.SZ,002500,山西证券,小盘股,金融,证券公司,证券公司,山西,5.71,主板,火山口 派出小部队勇吃鱼身,连续多天小涨 龟壳战术吃鱼头,-,-,2010/11/15,山西省财政厅,地方国有企业,-,行情酝酿中,大金融,-,-,行业成熟稳定,传统行业,-,-
002501.SZ,002501,利源股份,大盘股,原材料,工业金属,铝,吉林,1.84,主板,火山口 派出小部队勇吃鱼身,-,-,-,2010/11/17,张源,民营企业,β高股息低波动 适合防御,行情酝酿中,-,军工高铁产业链,-,行业成熟稳定,传统行业,消耗品,-
002506.SZ,002506,协鑫集成,大盘股,工业,发电设备,光伏设备,上海,4.45,主板,-,-,-,-,2010/11/18,朱共山,外资,β高股息低波动 适合防御,行情酝酿中,新科技,特高压电力产业链,-,政策支持,高新技术产业,耐用品,-
002507.SZ,002507,涪陵榨菜,小盘股,主要消费,食品,调味品与食用油,重庆,12.3,主板,火山口 派出小部队勇吃鱼身,连续多天小涨 龟壳战术吃鱼头,-,-,2010/11/23,重庆市涪陵区国有资产监督管理委员会,地方国有企业,-,行情酝酿中,大消费,-,-,行业成熟稳定,传统行业,消耗品,-
002508.SZ,002508,老板电器,小盘股,可选消费,家用电器,厨卫电器,浙江,19.99,主板,火山口 派出小部队勇吃鱼身,连续多天小涨 龟壳战术吃鱼头,-,-,2010/11/23,任建华,民营企业,-,行情酝酿中,大消费,-,-,行业成熟稳定,传统行业,耐用品,-
002510.SZ,002510,天汽模,中盘股,可选消费,汽车零部件与轮胎,其他汽车零部件,天津,7.09,主板,火山口 派出小部队勇吃鱼身,-,-,-,2010/11/25,乌鲁木齐经济技术开发区(乌鲁木齐市头屯河区)国有资产监督管理委员会,地方国有企业,β高股息低波动 适合防御,行情酝酿中,-,智能汽车产业链,-,政策支持,传统行业,消耗品,-
002511.SZ,002511,中顺洁柔,中盘股,主要消费,家庭用品,家庭用品,广东,8.68,主板,-,-,-,-,2010/11/25,邓颖忠,民营企业,β高股息低波动 适合防御,表现超预期,-,-,化工,行业成熟稳定,传统行业,消耗品,-
002512.SZ,002512,ST达华,中盘股,可选消费,家用电器,家电零部件及其他,福建,4.01,主板,-,-,-,-,2010/12/3,无实际控制人,其他,β高股息低波动 适合防御,表现超预期,新基建,-,-,政策支持,高新技术产业,-,-
002513.SZ,002513,蓝丰生化,迷你盘,工业,发电设备,光伏设备,江苏,5.97,主板,火山口 派出小部队勇吃鱼身,-,-,-,2010/12/3,郑旭,民营企业,-,行情酝酿中,-,特高压电力产业链,-,政策支持,高新技术产业,-,-
002514.SZ,002514,宝馨科技,小盘股,工业,通用机械,其他通用机械,江苏,4.34,主板,-,-,-,-,2010/12/3,马伟,民营企业,-,行情酝酿中,-,-,制造业(工业母机),行业成熟稳定,传统行业,耐用品,-
002515.SZ,002515,金字火腿,大盘股,主要消费,食品,肉制品,浙江,6.4,主板,-,-,有涨停 火山口战法吃鱼身,-,2010/12/3,郑庆昇,民营企业,β高股息低波动 适合防御,表现超预期,大消费,-,-,行业成熟稳定,传统行业,消耗品,-
002516.SZ,002516,旷达科技,小盘股,可选消费,汽车零部件与轮胎,汽车内饰与外饰,湖南,5.77,主板,火山口 派出小部队勇吃鱼身,-,-,-,2010/12/7,株洲市人民政府国有资产监督管理委员会,地方国有企业,-,行情酝酿中,-,智能汽车产业链,-,政策支持,传统行业,消耗品,-
002517.SZ,002517,恺英网络,大盘股,通信服务,文化娱乐,游戏,福建,17.97,主板,-,-,-,-,2010/12/7,金锋,民营企业,β高股息低波动 适合防御,表现超预期,国产替代,电子商务产业链,-,政策支持,传统行业,-,-
002518.SZ,002518,科士达,大盘股,工业,储能设备,其他储能设备,深圳,48.09,主板,火山口 派出小部队勇吃鱼身,-,-,-,2010/12/7,刘程宇,民营企业,β高股息低波动 适合防御,行情酝酿中,新科技,特高压电力产业链,-,政策支持,高新技术产业,耐用品,-
002519.SZ,002519,银河电子,大盘股,工业,国防装备,国防装备,江苏,8.46,主板,-,-,-,-,2010/12/7,无实际控制人,其他,β高股息低波动 适合防御,表现超预期,新基建,-,-,政策支持,高新技术产业,-,-
002520.SZ,002520,日发精机,中盘股,工业,通用机械,电动机与工控自动化,浙江,5.67,主板,火山口 派出小部队勇吃鱼身,-,-,-,2010/12/10,吴捷,民营企业,β高股息低波动 适合防御,行情酝酿中,新科技,-,制造业(工业母机),政策支持,高新技术产业,耐用品,-
002521.SZ,002521,齐峰新材,小盘股,原材料,纸类与林业产品,纸制品,山东,8.65,主板,-,-,-,-,2010/12/10,李学峰,民营企业,-,表现超预期,-,-,化工,行业成熟稳定,传统行业,消耗品,-
002522.SZ,002522,浙江众成,中盘股,原材料,容器与包装,金属、玻璃与塑料包装,浙江,6.19,主板,-,-,-,-,2010/12/10,常德市人民政府国有资产监督管理委员会,地方国有企业,β高股息低波动 适合防御,表现超预期,-,-,化工,行业成熟稳定,传统行业,消耗品,-
002523.SZ,002523,天桥起重,小盘股,工业,专用机械,工程机械,湖南,4.07,主板,火山口 派出小部队勇吃鱼身,连续多天小涨 龟壳战术吃鱼头,-,-,2010/12/10,株洲市人民政府国有资产监督管理委员会,地方国有企业,-,行情酝酿中,-,-,制造业(工业母机),行业成熟稳定,高新技术产业,耐用品,-
002524.SZ,002524,光正眼科,小盘股,医药卫生,医疗商业与服务,医疗服务,新疆,4.04,主板,火山口 派出小部队勇吃鱼身,-,-,-,2010/12/17,周永麟,民营企业,-,行情酝酿中,大健康,-,-,行业成熟稳定,传统行业,消耗品,-
002526.SZ,002526,山东矿机,小盘股,工业,专用机械,采矿冶金机械,山东,3.45,主板,火山口 派出小部队勇吃鱼身,-,-,-,2010/12/17,赵笃学,民营企业,-,行情酝酿中,-,-,制造业(工业母机),行业成熟稳定,高新技术产业,耐用品,-
002527.SZ,002527,新时达,中盘股,工业,通用机械,电动机与工控自动化,上海,13.34,主板,火山口 派出小部队勇吃鱼身,-,-,-,2010/12/24,海尔集团公司,集体企业,β高股息低波动 适合防御,行情酝酿中,-,智能汽车产业链,制造业(工业母机),行业成熟稳定,传统行业,耐用品,-
002528.SZ,002528,ST英飞拓,中盘股,信息技术,电子终端及组件,安防设备及其他,深圳,5.38,主板,-,-,-,-,2010/12/24,深圳市投资控股有限公司,地方国有企业,β高股息低波动 适合防御,表现超预期,新基建,-,-,政策支持,高新技术产业,-,-
002529.SZ,002529,*ST海源,迷你盘,可选消费,汽车零部件与轮胎,其他汽车零部件,江西,7.19,主板,火山口 派出小部队勇吃鱼身,连续多天小涨 龟壳战术吃鱼头,-,-,2010/12/24,刘洪超,民营企业,-,表现超预期,-,-,制造业(工业母机),行业成熟稳定,高新技术产业,耐用品,-
002530.SZ,002530,金财互联,中盘股,工业,通用机械,其他通用机械,江苏,9.21,主板,火山口 派出小部队勇吃鱼身,连续多天小涨 龟壳战术吃鱼头,-,-,2010/12/31,无实际控制人,其他,β高股息低波动 适合防御,行情酝酿中,-,-,制造业(工业母机),行业成熟稳定,高新技术产业,耐用品,-
002531.SZ,002531,天顺风能,大盘股,工业,发电设备,风电设备,江苏,12.61,主板,火山口 派出小部队勇吃鱼身,-,-,-,2010/12/31,严俊旭,民营企业,β高股息低波动 适合防御,行情酝酿中,新科技,特高压电力产业链,-,政策支持,高新技术产业,耐用品,-
002532.SZ,002532,天山铝业,大盘股,原材料,工业金属,铝,新疆,19.64,主板,-,-,-,-,2010/12/31,曾超懿,民营企业,β高股息低波动 适合防御,表现超预期,-,军工高铁产业链,-,行业成熟稳定,传统行业,消耗品,-
002533.SZ,002533,金杯电工,中盘股,工业,电网设备,线缆及其他,湖南,13.66,主板,-,-,-,-,2010/12/31,吴学愚,民营企业,β高股息低波动 适合防御,行情酝酿中,新科技,特高压电力产业链,-,政策支持,高新技术产业,耐用品,-
002534.SZ,002534,西子洁能,中盘股,工业,节能与生态修复,节能与资源回收,浙江,18.63,主板,火山口 派出小部队勇吃鱼身,-,-,-,2011/1/10,王水福,民营企业,β高股息低波动 适合防御,表现超预期,-,-,制造业(工业母机),行业成熟稳定,高新技术产业,耐用品,-
002535.SZ,002535,林州重机,迷你盘,工业,专用机械,采矿冶金机械,河南,3.45,主板,-,-,-,-,2011/1/11,郭现生,民营企业,-,行情酝酿中,-,-,制造业(工业母机),行业成熟稳定,高新技术产业,耐用品,-
002536.SZ,002536,飞龙股份,大盘股,可选消费,汽车零部件与轮胎,汽车系统部件,河南,37.24,主板,-,-,-,-,2011/1/11,孙耀志,民营企业,β高股息低波动 适合防御,表现超预期,-,智能汽车产业链,-,政策支持,传统行业,消耗品,-
002537.SZ,002537,海联金汇,中盘股,可选消费,汽车零部件与轮胎,其他汽车零部件,山东,7.81,主板,火山口 派出小部队勇吃鱼身,连续多天小涨 龟壳战术吃鱼头,-,-,2011/1/10,刘国平,民营企业,β高股息低波动 适合防御,行情酝酿中,-,智能汽车产业链,-,政策支持,传统行业,消耗品,-
002538.SZ,002538,ST司特,中盘股,原材料,农用化工,复合肥,安徽,7.03,主板,-,-,-,-,2011/1/18,袁启宏,民营企业,β高股息低波动 适合防御,表现超预期,-,-,粮食,行业成熟稳定,传统行业,消耗品,-
002539.SZ,002539,云图控股,大盘股,原材料,农用化工,复合肥,四川,14.32,主板,-,-,-,-,2011/1/18,宋睿,民营企业,β高股息低波动 适合防御,表现超预期,-,-,粮食,行业成熟稳定,传统行业,消耗品,-
002540.SZ,002540,亚太科技,迷你盘,可选消费,汽车零部件与轮胎,汽车系统部件,江苏,6.88,主板,火山口 派出小部队勇吃鱼身,连续多天小涨 龟壳战术吃鱼头,-,-,2011/1/18,周福海,民营企业,-,行情酝酿中,-,军工高铁产业链,-,行业成熟稳定,传统行业,消耗品,-
002541.SZ,002541,鸿路钢构,小盘股,工业,建筑与工程,专业工程,安徽,21.04,主板,火山口 派出小部队勇吃鱼身,-,-,-,2011/1/18,商晓波,民营企业,-,行情酝酿中,-,-,能源,行业成熟稳定,传统行业,消耗品,-
002542.SZ,002542,中化岩土,中盘股,工业,建筑与工程,专业工程,北京,2.05,主板,-,-,-,-,2011/1/28,成都市国有资产监督管理委员会,地方国有企业,β高股息低波动 适合防御,行情酝酿中,-,房地产产业链,-,行业成熟稳定,传统行业,耐用品,-
002543.SZ,002543,万和电气,迷你盘,可选消费,家用电器,厨卫电器,广东,8.5,主板,火山口 派出小部队勇吃鱼身,连续多天小涨 龟壳战术吃鱼头,-,-,2011/1/28,卢础其,民营企业,-,行情酝酿中,大消费,-,-,行业成熟稳定,传统行业,耐用品,-
002544.SZ,002544,普天科技,中盘股,通信服务,通信技术服务,通信技术服务,广东,27.08,主板,火山口 派出小部队勇吃鱼身,连续多天小涨 龟壳战术吃鱼头,-,-,2011/1/28,中国电子科技集团有限公司,中央企业,β高股息低波动 适合防御,行情酝酿中,新基建,-,-,政策支持,高新技术产业,-,-
002545.SZ,002545,东方铁塔,大盘股,原材料,农用化工,钾肥,山东,21.65,主板,-,-,-,-,2011/2/11,韩汇如,民营企业,β高股息低波动 适合防御,行情酝酿中,-,-,粮食,行业成熟稳定,传统行业,消耗品,-
002546.SZ,002546,新联电子,中盘股,工业,电网设备,电网自动化,江苏,8.97,主板,-,-,-,-,2011/2/11,胡敏,民营企业,β高股息低波动 适合防御,表现超预期,新科技,特高压电力产业链,-,政策支持,高新技术产业,耐用品,-
002547.SZ,002547,春兴精工,大盘股,可选消费,汽车零部件与轮胎,其他汽车零部件,江苏,3.44,主板,-,-,-,-,2011/2/18,孙洁晓,民营企业,β高股息低波动 适合防御,表现超预期,-,智能汽车产业链,-,政策支持,传统行业,消耗品,-
002548.SZ,002548,金新农,小盘股,主要消费,养殖,饲料,深圳,5.18,主板,-,-,-,-,2011/2/18,无实际控制人,其他,-,行情酝酿中,-,-,粮食,行业成熟稳定,传统行业,消耗品,-
002549.SZ,002549,凯美特气,大盘股,工业,节能与生态修复,节能与资源回收,湖南,19.42,主板,-,-,-,-,2011/2/18,祝恩福,外资,β高股息低波动 适合防御,行情酝酿中,-,-,民生,行业成熟稳定,传统行业,-,-
002550.SZ,002550,千红制药,中盘股,医药卫生,生物药品,其他生物药品,江苏,7.78,主板,-,-,-,-,2011/2/18,王耀方,民营企业,β高股息低波动 适合防御,表现超预期,大健康,-,-,政策支持,高新技术产业,消耗品,-
002551.SZ,002551,尚荣医疗,迷你盘,医药卫生,医疗器械,医疗耗材,深圳,3.4,主板,-,-,-,-,2011/2/25,梁桂秋,民营企业,-,行情酝酿中,大健康,-,-,行业成熟稳定,传统行业,消耗品,-
002552.SZ,002552,宝鼎科技,大盘股,信息技术,电子元件,印制电路板,浙江,21.11,主板,-,-,-,-,2011/2/25,招远市人民政府,地方国有企业,β高股息低波动 适合防御,表现超预期,新科技,-,-,政策支持,高新技术产业,-,-
002553.SZ,002553,南方精工,中盘股,可选消费,汽车零部件与轮胎,汽车系统部件,江苏,25.24,主板,-,-,-,-,2011/2/25,史建伟,民营企业,β高股息低波动 适合防御,表现超预期,-,智能汽车产业链,-,政策支持,传统行业,消耗品,-
002554.SZ,002554,惠博普,小盘股,能源,油气开采与油田服务,油田服务,湖南,3.51,主板,-,-,-,-,2011/2/25,长沙市人民政府国有资产监督管理委员会,地方国有企业,-,行情酝酿中,-,-,能源,行业成熟稳定,传统行业,-,-
002555.SZ,002555,三七互娱,大盘股,通信服务,文化娱乐,游戏,安徽,22.21,主板,-,-,-,-,2011/3/2,李卫伟,民营企业,β高股息低波动 适合防御,行情酝酿中,国产替代,电子商务产业链,-,政策支持,传统行业,-,-
002556.SZ,002556,辉隆股份,中盘股,工业,商业服务与用品,贸易商,安徽,6.41,主板,-,-,-,-,2011/3/2,安徽省供销合作社联合社,集体企业,β高股息低波动 适合防御,表现超预期,-,-,粮食,行业成熟稳定,传统行业,消耗品,-
002557.SZ,002557,洽洽食品,中盘股,主要消费,食品,休闲食品,安徽,23.3,主板,-,-,-,-,2011/3/2,陈先保,民营企业,β高股息低波动 适合防御,行情酝酿中,大消费,-,-,行业成熟稳定,传统行业,消耗品,-
002558.SZ,002558,巨人网络,大盘股,通信服务,文化娱乐,游戏,重庆,32.34,主板,-,-,-,-,2011/3/2,史玉柱,民营企业,β高股息低波动 适合防御,表现超预期,国产替代,电子商务产业链,-,政策支持,传统行业,-,-
002559.SZ,002559,亚威股份,大盘股,工业,通用机械,电动机与工控自动化,江苏,10.95,主板,-,-,-,-,2011/3/3,无实际控制人,其他,β高股息低波动 适合防御,表现超预期,新科技,-,制造业(工业母机),政策支持,高新技术产业,耐用品,-
002560.SZ,002560,通达股份,大盘股,工业,电网设备,线缆及其他,河南,13.88,主板,-,连续多天小涨 龟壳战术吃鱼头,-,-,2011/3/3,史万福,民营企业,β高股息低波动 适合防御,表现超预期,新科技,特高压电力产业链,-,政策支持,高新技术产业,耐用品,-
002561.SZ,002561,徐家汇,迷你盘,可选消费,一般零售,百货商店,上海,8.18,主板,火山口 派出小部队勇吃鱼身,连续多天小涨 龟壳战术吃鱼头,-,-,2011/3/3,上海市徐汇区人民政府国有资产监督管理委员会,地方国有企业,-,行情酝酿中,-,实体经济,-,行业成熟稳定,传统行业,-,-
002562.SZ,002562,兄弟科技,小盘股,主要消费,养殖,饲料,浙江,5.91,主板,-,-,-,-,2011/3/10,钱志达,民营企业,-,行情酝酿中,大健康,-,-,政策支持,高新技术产业,消耗品,-
002563.SZ,002563,森马服饰,小盘股,可选消费,纺织服装,服装,浙江,5.19,主板,火山口 派出小部队勇吃鱼身,连续多天小涨 龟壳战术吃鱼头,-,-,2011/3/11,邱光和,民营企业,-,行情酝酿中,大消费,-,-,行业成熟稳定,传统行业,耐用品,-
002564.SZ,002564,天沃科技,中盘股,工业,专用机械,化工机械,江苏,6.38,主板,-,-,-,-,2011/3/10,上海市国有资产监督管理委员会,地方国有企业,β高股息低波动 适合防御,表现超预期,-,-,制造业(工业母机),行业成熟稳定,传统行业,耐用品,-
002565.SZ,002565,顺灏股份,大盘股,原材料,容器与包装,纸材料包装,上海,18.92,主板,-,-,-,-,2011/3/18,王钲霖,外资,β高股息低波动 适合防御,表现超预期,-,-,化工,行业成熟稳定,传统行业,消耗品,-
002566.SZ,002566,益盛药业,小盘股,医药卫生,中药,中成药,吉林,7.53,主板,-,-,-,-,2011/3/18,张益胜,民营企业,-,行情酝酿中,大健康,-,-,行业成熟稳定,传统行业,消耗品,-
002567.SZ,002567,唐人神,小盘股,主要消费,养殖,饲料,湖南,4.23,主板,-,-,-,-,2011/3/25,陶一山,民营企业,-,行情酝酿中,-,-,粮食,行业成熟稳定,传统行业,消耗品,-
002568.SZ,002568,百润股份,小盘股,主要消费,酒,葡萄酒及其他,上海,17.07,主板,火山口 派出小部队勇吃鱼身,-,-,-,2011/3/25,刘晓东,民营企业,-,行情酝酿中,大消费,-,-,行业成熟稳定,传统行业,消耗品,-
002569.SZ,002569,*ST步森,迷你盘,可选消费,纺织服装,服装,浙江,13.85,主板,-,-,-,-,2011/4/12,宝鸡市人民政府国有资产监督管理委员会,地方国有企业,-,表现超预期,大消费,-,-,行业成熟稳定,传统行业,耐用品,-
002570.SZ,002570,贝因美,小盘股,主要消费,食品,乳制品,浙江,5.04,主板,火山口 派出小部队勇吃鱼身,连续多天小涨 龟壳战术吃鱼头,-,-,2011/4/12,谢宏,民营企业,-,行情酝酿中,大消费,-,-,行业成熟稳定,传统行业,消耗品,-
002571.SZ,002571,德力股份,小盘股,可选消费,家居,其他家居,安徽,12.06,主板,火山口 派出小部队勇吃鱼身,连续多天小涨 龟壳战术吃鱼头,-,-,2011/4/12,施卫东,民营企业,-,行情酝酿中,大消费,-,-,行业成熟稳定,传统行业,耐用品,-
002572.SZ,002572,索菲亚,小盘股,可选消费,家居,家具,广东,13.03,主板,-,-,-,-,2011/4/12,江淦钧,民营企业,-,行情酝酿中,大消费,-,-,行业成熟稳定,传统行业,耐用品,-
002573.SZ,002573,清新环境,迷你盘,工业,节能与生态修复,节能与资源回收,北京,3.51,主板,-,-,-,-,2011/4/22,四川省政府国有资产监督管理委员会,地方国有企业,-,行情酝酿中,-,-,民生,行业成熟稳定,传统行业,-,-
002574.SZ,002574,明牌珠宝,迷你盘,可选消费,珠宝与奢侈品,珠宝与奢侈品,浙江,5.42,主板,-,-,-,-,2011/4/22,虞阿五,民营企业,-,行情酝酿中,大消费,-,-,行业成熟稳定,传统行业,耐用品,-
002575.SZ,002575,群兴玩具,大盘股,可选消费,专营零售,专营零售,广东,6.54,主板,-,-,-,-,2011/4/22,无实际控制人,其他,β高股息低波动 适合防御,表现超预期,-,-,文化体育,行业成熟稳定,传统行业,-,-
002576.SZ,002576,通达动力,小盘股,工业,通用机械,电动机与工控自动化,江苏,19.02,主板,火山口 派出小部队勇吃鱼身,-,-,-,2011/4/28,姜客宇,民营企业,-,行情酝酿中,新科技,特高压电力产业链,-,政策支持,高新技术产业,耐用品,-
002577.SZ,002577,雷柏科技,迷你盘,信息技术,电子终端及组件,电脑与外围设备,深圳,15.63,主板,-,-,-,-,2011/4/28,曾浩,外资,-,行情酝酿中,新基建,-,-,政策支持,高新技术产业,-,-
002578.SZ,002578,闽发铝业,中盘股,原材料,工业金属,铝,福建,4.07,主板,火山口 派出小部队勇吃鱼身,-,-,-,2011/4/28,上饶市国有资产监督管理委员会,地方国有企业,β高股息低波动 适合防御,行情酝酿中,-,军工高铁产业链,-,行业成熟稳定,传统行业,消耗品,-
002579.SZ,002579,中京电子,大盘股,信息技术,电子元件,印制电路板,广东,13.16,主板,火山口 派出小部队勇吃鱼身,-,-,-,2011/5/6,杨林,民营企业,β高股息低波动 适合防御,行情酝酿中,新科技,-,-,政策支持,高新技术产业,-,-
002580.SZ,002580,圣阳股份,大盘股,工业,储能设备,电池,山东,30.58,主板,-,-,高博弈 龙回头战法吃大鱼尾,高人气,2011/5/6,山东省人民政府国有资产监督管理委员会,地方国有企业,β高股息低波动 适合防御,表现超预期,新科技,特高压电力产业链,-,政策支持,高新技术产业,耐用品,-
002581.SZ,002581,ST未名,小盘股,医药卫生,生物药品,其他生物药品,山东,7.65,主板,-,-,-,-,2011/5/20,刘祥,民营企业,-,表现超预期,大健康,-,-,政策支持,高新技术产业,消耗品,-
002582.SZ,002582,好想你,中盘股,主要消费,食品,休闲食品,河南,12.21,主板,-,-,-,-,2011/5/20,石聚彬,民营企业,β高股息低波动 适合防御,表现超预期,大消费,-,-,行业成熟稳定,传统行业,消耗品,-
002583.SZ,002583,海能达,中盘股,通信服务,通信设备,通信终端设备及组件,深圳,10.85,主板,火山口 派出小部队勇吃鱼身,连续多天小涨 龟壳战术吃鱼头,-,-,2011/5/27,陈清州,民营企业,β高股息低波动 适合防御,行情酝酿中,新基建,-,-,政策支持,高新技术产业,-,-
002584.SZ,002584,西陇科学,小盘股,信息技术,电子化学品,电子化学品,广东,7.62,主板,火山口 派出小部队勇吃鱼身,-,-,-,2011/6/2,黄伟鹏,民营企业,-,行情酝酿中,-,-,化工,行业成熟稳定,传统行业,耐用品,-
002585.SZ,002585,双星新材,大盘股,信息技术,光学光电子,面板,江苏,7.46,主板,-,-,-,-,2011/6/2,吴培服,民营企业,β高股息低波动 适合防御,表现超预期,-,-,化工,行业成熟稳定,传统行业,消耗品,-
002586.SZ,002586,ST围海,小盘股,工业,建筑与工程,基础设施建设,浙江,5.07,主板,火山口 派出小部队勇吃鱼身,-,-,-,2011/6/2,余姚市国有资产管理中心,地方国有企业,-,表现超预期,-,房地产产业链,-,行业成熟稳定,传统行业,耐用品,-
002587.SZ,002587,奥拓电子,小盘股,信息技术,光学光电子,LED,深圳,6.54,主板,火山口 派出小部队勇吃鱼身,连续多天小涨 龟壳战术吃鱼头,-,-,2011/6/10,吴涵渠,民营企业,-,行情酝酿中,新科技,-,-,政策支持,高新技术产业,-,-
002588.SZ,002588,史丹利,小盘股,原材料,农用化工,复合肥,山东,10.45,主板,-,-,-,-,2011/6/10,高进华,民营企业,-,行情酝酿中,-,-,粮食,行业成熟稳定,传统行业,消耗品,-
002589.SZ,002589,瑞康医药,大盘股,医药卫生,医疗商业与服务,医药商业,山东,3.43,主板,-,-,有涨停 火山口战法吃鱼身,高人气,2011/6/10,张仁华,民营企业,β高股息低波动 适合防御,表现超预期,-,实体经济,-,政策支持,传统行业,消耗品,-
002590.SZ,002590,万安科技,小盘股,可选消费,汽车零部件与轮胎,汽车系统部件,浙江,12.68,主板,火山口 派出小部队勇吃鱼身,连续多天小涨 龟壳战术吃鱼头,-,-,2011/6/10,陈锋,民营企业,-,行情酝酿中,-,智能汽车产业链,-,政策支持,传统行业,消耗品,-
002591.SZ,002591,恒大高新,迷你盘,原材料,化学制品,涂料油墨,江西,6.86,主板,-,-,-,-,2011/6/21,朱星河,民营企业,-,行情酝酿中,-,-,民生,行业成熟稳定,传统行业,-,-
002592.SZ,002592,ST八菱,迷你盘,可选消费,汽车零部件与轮胎,汽车系统部件,广西,8.1,主板,-,-,-,-,2011/11/11,顾瑜,民营企业,-,行情酝酿中,-,智能汽车产业链,-,政策支持,传统行业,消耗品,-
002593.SZ,002593,日上集团,小盘股,工业,建筑与工程,专业工程,福建,5.28,主板,火山口 派出小部队勇吃鱼身,连续多天小涨 龟壳战术吃鱼头,-,-,2011/6/28,吴子文,民营企业,-,行情酝酿中,-,-,能源,行业成熟稳定,传统行业,消耗品,-
002594.SZ,002594,比亚迪,大盘股,可选消费,乘用车,乘用车,深圳,103.78,主板,火山口 派出小部队勇吃鱼身,-,-,-,2011/6/30,王传福,民营企业,β高股息低波动 适合防御,行情酝酿中,-,智能汽车产业链,-,政策支持,传统行业,耐用品,有量化参与
002595.SZ,002595,豪迈科技,大盘股,工业,专用机械,其他专用机械,山东,90.5,主板,-,-,-,高人气,2011/6/28,张恭运,民营企业,β高股息低波动 适合防御,表现超预期,-,-,制造业(工业母机),行业成熟稳定,高新技术产业,耐用品,-
002596.SZ,002596,海南瑞泽,小盘股,原材料,建筑材料,水泥与混凝土,海南,3.53,主板,-,-,-,-,2011/7/7,张海林,民营企业,-,行情酝酿中,-,房地产产业链,-,行业成熟稳定,传统行业,耐用品,-
002597.SZ,002597,金禾实业,中盘股,主要消费,食品,其他食品,安徽,22.72,主板,-,-,-,-,2011/7/7,杨迎春,民营企业,β高股息低波动 适合防御,行情酝酿中,大消费,-,-,行业成熟稳定,传统行业,消耗品,-
002598.SZ,002598,ST章鼓,小盘股,工业,通用机械,气液机械,山东,8.09,主板,-,-,-,-,2011/7/7,济南市章丘区财政局,地方国有企业,-,行情酝酿中,-,-,制造业(工业母机),行业成熟稳定,传统行业,耐用品,-
002599.SZ,002599,盛通股份,小盘股,工业,商业服务与用品,商业印刷,北京,7.01,主板,-,-,-,-,2011/7/15,栗延秋,民营企业,-,行情酝酿中,-,电子商务产业链,-,行业成熟稳定,传统行业,-,-
002600.SZ,002600,领益智造,大盘股,信息技术,电子终端及组件,消费电子组件及零部件,广东,13.79,主板,火山口 派出小部队勇吃鱼身,-,-,-,2011/7/15,曾芳勤,民营企业,β高股息低波动 适合防御,行情酝酿中,新科技,-,-,政策支持,高新技术产业,-,-
002601.SZ,002601,龙佰集团,中盘股,原材料,化学原料,钛白粉,河南,17.69,主板,-,-,-,-,2011/7/15,许冉,民营企业,β高股息低波动 适合防御,行情酝酿中,-,-,化工,行业成熟稳定,传统行业,耐用品,-
002602.SZ,002602,世纪华通,大盘股,通信服务,文化娱乐,游戏,浙江,17.2,主板,-,-,-,-,2011/7/28,无实际控制人,其他,β高股息低波动 适合防御,行情酝酿中,国产替代,电子商务产业链,-,政策支持,传统行业,-,-
002603.SZ,002603,以岭药业,中盘股,医药卫生,中药,中成药,河北,16.69,主板,火山口 派出小部队勇吃鱼身,-,-,-,2011/7/28,吴以岭,民营企业,β高股息低波动 适合防御,行情酝酿中,大健康,-,-,行业成熟稳定,传统行业,消耗品,-
002605.SZ,002605,姚记科技,小盘股,通信服务,文化娱乐,游戏,上海,20.88,主板,-,-,-,-,2011/8/5,姚朔斌,外资,-,行情酝酿中,国产替代,电子商务产业链,-,政策支持,传统行业,-,-
002606.SZ,002606,大连电瓷,中盘股,工业,电网设备,线缆及其他,辽宁,12.15,主板,-,-,-,-,2011/8/5,应坚,民营企业,β高股息低波动 适合防御,表现超预期,新科技,特高压电力产业链,-,政策支持,高新技术产业,耐用品,-
002607.SZ,002607,中公教育,中盘股,可选消费,教育服务,培训教育及其他,安徽,2.6,主板,-,-,-,-,2011/8/10,李永新,民营企业,β高股息低波动 适合防御,行情酝酿中,-,-,文化体育,行业成熟稳定,传统行业,-,-
002608.SZ,002608,江苏国信,小盘股,公用事业,电力及电网,火电,江苏,8.03,主板,火山口 派出小部队勇吃鱼身,连续多天小涨 龟壳战术吃鱼头,-,-,2011/8/10,江苏省政府国有资产监督管理委员会,地方国有企业,-,行情酝酿中,-,特高压电力产业链,-,行业成熟稳定,传统行业,-,-
002609.SZ,002609,捷顺科技,小盘股,信息技术,信息技术服务,系统集成服务,深圳,8.4,主板,火山口 派出小部队勇吃鱼身,-,-,-,2011/8/15,唐健,民营企业,-,行情酝酿中,国产替代,-,-,政策支持,传统行业,-,-
002611.SZ,002611,东方精工,大盘股,工业,专用机械,印刷包装机械,广东,17.91,主板,-,-,-,-,2011/8/30,唐灼林,民营企业,β高股息低波动 适合防御,行情酝酿中,-,-,制造业(工业母机),行业成熟稳定,传统行业,耐用品,-
002612.SZ,002612,朗姿股份,小盘股,可选消费,纺织服装,服装,北京,16.95,主板,火山口 派出小部队勇吃鱼身,-,-,-,2011/8/30,申东日,民营企业,-,行情酝酿中,大消费,-,-,行业成熟稳定,传统行业,耐用品,-
002613.SZ,002613,北玻股份,大盘股,工业,专用机械,其他专用机械,河南,4.07,主板,-,-,有涨停 火山口战法吃鱼身,高人气,2011/8/30,高学明,民营企业,β高股息低波动 适合防御,表现超预期,-,-,制造业(工业母机),行业成熟稳定,高新技术产业,耐用品,-
002614.SZ,002614,奥佳华,迷你盘,可选消费,家用电器,小家电,福建,6.13,主板,-,-,-,-,2011/9/9,邹剑寒,民营企业,-,行情酝酿中,大消费,-,-,行业成熟稳定,传统行业,耐用品,-
002615.SZ,002615,哈尔斯,中盘股,可选消费,家居,其他家居,浙江,7.87,主板,-,-,-,-,2011/9/9,吕强,民营企业,β高股息低波动 适合防御,行情酝酿中,大消费,-,-,行业成熟稳定,传统行业,耐用品,-
002616.SZ,002616,长青集团,小盘股,公用事业,电力及电网,其他能源发电,广东,5.78,主板,火山口 派出小部队勇吃鱼身,-,-,-,2011/9/20,何启强,民营企业,-,行情酝酿中,-,-,民生,行业成熟稳定,传统行业,-,-
002617.SZ,002617,露笑科技,大盘股,信息技术,其他电子,其他电子,浙江,7.71,主板,火山口 派出小部队勇吃鱼身,-,-,-,2011/9/20,鲁小均,民营企业,β高股息低波动 适合防御,表现超预期,新科技,特高压电力产业链,-,政策支持,高新技术产业,耐用品,-
002620.SZ,002620,ST瑞和,中盘股,工业,建筑装修,建筑装修,深圳,8.9,主板,-,-,-,-,2011/9/29,李介平,民营企业,β高股息低波动 适合防御,表现超预期,-,房地产产业链,-,行业成熟稳定,传统行业,耐用品,-
002622.SZ,002622,皓宸医疗,小盘股,医药卫生,医疗商业与服务,医疗服务,吉林,2.47,主板,-,-,-,-,2011/10/18,无实际控制人,其他,-,行情酝酿中,大健康,-,-,行业成熟稳定,传统行业,消耗品,-
002623.SZ,002623,亚玛顿,小盘股,工业,发电设备,光伏设备,江苏,22.34,主板,火山口 派出小部队勇吃鱼身,-,-,-,2011/10/13,林金锡,民营企业,-,行情酝酿中,-,-,化工,行业成熟稳定,传统行业,耐用品,-
002624.SZ,002624,完美世界,大盘股,通信服务,文化娱乐,游戏,浙江,20.7,主板,-,-,-,-,2011/10/28,池宇峰,民营企业,β高股息低波动 适合防御,表现超预期,国产替代,电子商务产业链,-,政策支持,传统行业,-,-
002625.SZ,002625,光启技术,大盘股,工业,国防装备,国防装备,深圳,39.87,主板,-,-,-,-,2011/11/3,刘若鹏,民营企业,β高股息低波动 适合防御,表现超预期,-,军工高铁产业链,-,政策支持,高新技术产业,-,-
002626.SZ,002626,金达威,小盘股,主要消费,食品,其他食品,福建,18,主板,火山口 派出小部队勇吃鱼身,-,-,-,2011/10/28,江斌,民营企业,-,行情酝酿中,大健康,-,-,行业成熟稳定,传统行业,消耗品,-
002627.SZ,002627,三峡旅游,中盘股,可选消费,休闲服务,景点,湖北,7.63,主板,-,-,-,-,2011/11/3,宜昌市人民政府国有资产监督管理委员会,地方国有企业,β高股息低波动 适合防御,行情酝酿中,-,实体经济,-,行业成熟稳定,传统行业,-,-
002628.SZ,002628,成都路桥,中盘股,工业,建筑与工程,基础设施建设,四川,5.57,主板,-,-,有涨停 火山口战法吃鱼身,-,2011/11/3,刘江东,民营企业,β高股息低波动 适合防御,表现超预期,-,房地产产业链,-,行业成熟稳定,传统行业,耐用品,-
002629.SZ,002629,仁智股份,小盘股,能源,油气开采与油田服务,油田服务,浙江,6.7,主板,-,-,-,-,2011/11/3,陈泽虹,民营企业,-,行情酝酿中,-,-,能源,行业成熟稳定,传统行业,-,-
002630.SZ,002630,ST华西,中盘股,工业,建筑与工程,基础设施建设,四川,2.24,主板,-,-,-,-,2011/11/11,黎仁超,民营企业,β高股息低波动 适合防御,表现超预期,-,-,制造业(工业母机),行业成熟稳定,高新技术产业,耐用品,-
002631.SZ,002631,德尔未来,中盘股,工业,建筑产品,建筑产品,江苏,7.37,主板,火山口 派出小部队勇吃鱼身,-,-,-,2011/11/11,汝继勇,民营企业,β高股息低波动 适合防御,表现超预期,大消费,-,-,行业成熟稳定,传统行业,耐用品,-
002632.SZ,002632,道明光学,中盘股,原材料,塑料,膜材料,浙江,12.2,主板,火山口 派出小部队勇吃鱼身,-,-,-,2011/11/22,胡智彪,民营企业,β高股息低波动 适合防御,行情酝酿中,-,-,化工,行业成熟稳定,传统行业,消耗品,-
002633.SZ,002633,申科股份,小盘股,工业,通用机械,动力机械,浙江,18.92,主板,-,-,-,-,2011/11/22,枣庄市台儿庄区国有资产事务中心,地方国有企业,-,表现超预期,-,-,制造业(工业母机),行业成熟稳定,传统行业,耐用品,-
002634.SZ,002634,棒杰股份,大盘股,可选消费,纺织服装,服装,浙江,5.8,主板,-,-,-,-,2011/12/5,黄荣耀,民营企业,β高股息低波动 适合防御,行情酝酿中,大消费,-,-,行业成熟稳定,传统行业,耐用品,-
002635.SZ,002635,安洁科技,大盘股,信息技术,电子终端及组件,消费电子组件及零部件,江苏,16.5,主板,火山口 派出小部队勇吃鱼身,-,-,-,2011/11/25,吕莉,民营企业,β高股息低波动 适合防御,表现超预期,新科技,-,-,政策支持,高新技术产业,-,-
002636.SZ,002636,金安国纪,大盘股,信息技术,电子元件,印制电路板,上海,38.9,主板,-,-,-,-,2011/11/25,韩涛,民营企业,β高股息低波动 适合防御,表现超预期,新科技,-,-,政策支持,高新技术产业,-,-
002637.SZ,002637,赞宇科技,小盘股,原材料,化学制品,其他化学制品,浙江,11.86,主板,火山口 派出小部队勇吃鱼身,-,-,-,2011/11/25,张惠琪,民营企业,-,行情酝酿中,-,-,化工,行业成熟稳定,传统行业,消耗品,-
002638.SZ,002638,勤上股份,中盘股,信息技术,光学光电子,LED,广东,4.69,主板,-,-,-,-,2011/11/25,李俊锋,民营企业,β高股息低波动 适合防御,表现超预期,大消费,-,-,行业成熟稳定,传统行业,耐用品,-
002639.SZ,002639,雪人集团,大盘股,工业,通用机械,气液机械,福建,19.38,主板,-,-,-,-,2011/12/5,林汝捷,民营企业,β高股息低波动 适合防御,行情酝酿中,-,-,制造业(工业母机),行业成熟稳定,高新技术产业,耐用品,-
002640.SZ,002640,跨境通,小盘股,可选消费,互联网零售,互联网零售,山西,3.48,主板,火山口 派出小部队勇吃鱼身,-,-,-,2011/12/8,无实际控制人,其他,-,行情酝酿中,国产替代,电子商务产业链,-,政策支持,传统行业,-,-
002641.SZ,002641,公元股份,迷你盘,工业,建筑产品,建筑产品,浙江,4.1,主板,火山口 派出小部队勇吃鱼身,连续多天小涨 龟壳战术吃鱼头,-,-,2011/12/8,张建均,民营企业,-,行情酝酿中,-,-,化工,行业成熟稳定,传统行业,消耗品,-
002642.SZ,002642,荣联科技,小盘股,通信服务,数据中心,数据中心,北京,8,主板,-,-,-,-,2011/12/20,济宁高新技术产业开发区国有资产监督管理局,地方国有企业,-,行情酝酿中,国产替代,-,-,政策支持,传统行业,-,-
002643.SZ,002643,万润股份,中盘股,信息技术,电子化学品,电子化学品,山东,16.81,主板,火山口 派出小部队勇吃鱼身,-,-,-,2011/12/20,中国节能环保集团有限公司,中央企业,β高股息低波动 适合防御,行情酝酿中,-,-,化工,行业成熟稳定,传统行业,耐用品,-
002644.SZ,002644,佛慈制药,迷你盘,医药卫生,中药,中成药,甘肃,8.43,主板,-,-,-,-,2011/12/22,甘肃省人民政府国有资产监督管理委员会,地方国有企业,-,行情酝酿中,大健康,-,-,行业成熟稳定,传统行业,消耗品,-
002645.SZ,002645,华宏科技,大盘股,工业,节能与生态修复,节能与资源回收,江苏,22.31,主板,-,-,-,-,2011/12/20,胡士勇,民营企业,β高股息低波动 适合防御,表现超预期,-,-,制造业(工业母机),行业成熟稳定,高新技术产业,耐用品,-
002646.SZ,002646,天佑德酒,迷你盘,主要消费,酒,白酒,青海,7.94,主板,火山口 派出小部队勇吃鱼身,-,-,-,2011/12/22,李银会,民营企业,-,行情酝酿中,大消费,-,-,行业成熟稳定,传统行业,消耗品,-
002647.SZ,002647,仁东控股,大盘股,金融,其他金融服务,特殊金融服务,广东,10.49,主板,-,-,有涨停 火山口战法吃鱼身,-,2011/12/28,无实际控制人,其他,β高股息低波动 适合防御,表现超预期,大金融,-,-,行业成熟稳定,传统行业,-,-
002648.SZ,002648,卫星化学,大盘股,原材料,化学原料,其他化学原料,浙江,27.39,主板,-,-,-,-,2011/12/28,杨卫东,民营企业,β高股息低波动 适合防御,表现超预期,-,-,化工,行业成熟稳定,传统行业,耐用品,-
002649.SZ,002649,博彦科技,小盘股,信息技术,信息技术服务,其他IT与互联网服务,北京,11.99,主板,火山口 派出小部队勇吃鱼身,连续多天小涨 龟壳战术吃鱼头,-,-,2012/1/6,无实际控制人,其他,-,行情酝酿中,国产替代,-,-,政策支持,传统行业,-,-
002650.SZ,002650,ST加加,迷你盘,主要消费,食品,调味品与食用油,湖南,7.26,主板,-,-,-,-,2012/1/6,无实际控制人,其他,-,表现超预期,大消费,-,-,行业成熟稳定,传统行业,消耗品,-
002651.SZ,002651,利君股份,小盘股,工业,航空航天,航空,四川,9.6,主板,火山口 派出小部队勇吃鱼身,连续多天小涨 龟壳战术吃鱼头,-,-,2012/1/6,何亚民,民营企业,-,行情酝酿中,-,军工高铁产业链,-,政策支持,高新技术产业,-,-
002652.SZ,002652,扬子新材,小盘股,原材料,钢铁,其他钢铁,江苏,4.78,主板,-,-,-,-,2012/1/19,无实际控制人,其他,-,行情酝酿中,-,房地产产业链,-,行业成熟稳定,传统行业,耐用品,-
002653.SZ,002653,海思科,大盘股,医药卫生,化学药,药品制剂,西藏,56.02,主板,-,-,-,-,2012/1/17,王俊民,民营企业,β高股息低波动 适合防御,表现超预期,大健康,-,-,政策支持,高新技术产业,消耗品,-
002654.SZ,002654,万润科技,大盘股,通信服务,营销与广告,数字营销,深圳,15.3,主板,火山口 派出小部队勇吃鱼身,连续多天小涨 龟壳战术吃鱼头,-,-,2012/2/17,湖北省人民政府国有资产监督管理委员会,地方国有企业,β高股息低波动 适合防御,行情酝酿中,国产替代,电子商务产业链,-,政策支持,传统行业,-,-
002655.SZ,002655,共达电声,大盘股,信息技术,电子终端及组件,消费电子组件及零部件,山东,22.91,主板,-,-,-,-,2012/2/17,周思远,民营企业,β高股息低波动 适合防御,表现超预期,新科技,-,-,政策支持,高新技术产业,-,-
002656.SZ,002656,*ST摩登,迷你盘,可选消费,纺织服装,服装,广东,3.14,主板,火山口 派出小部队勇吃鱼身,连续多天小涨 龟壳战术吃鱼头,-,-,2012/2/28,王立平,民营企业,-,行情酝酿中,大消费,-,-,行业成熟稳定,传统行业,耐用品,-
002657.SZ,002657,中科金财,中盘股,信息技术,信息技术服务,系统集成服务,北京,22.5,主板,-,-,-,-,2012/2/28,朱烨东,民营企业,β高股息低波动 适合防御,行情酝酿中,国产替代,-,-,政策支持,传统行业,-,-
002658.SZ,002658,雪迪龙,小盘股,工业,节能与生态修复,环境监测,北京,8.43,主板,-,-,-,-,2012/3/9,敖小强,民营企业,-,行情酝酿中,-,-,民生,行业成熟稳定,传统行业,-,-
002659.SZ,002659,凯文教育,小盘股,可选消费,教育服务,学历教育,北京,5.12,主板,-,-,-,-,2012/3/9,北京市海淀区人民政府国有资产监督管理委员会,地方国有企业,-,行情酝酿中,-,-,文化体育,行业成熟稳定,传统行业,-,-
002660.SZ,002660,茂硕电源,迷你盘,信息技术,电子终端及组件,消费电子组件及零部件,深圳,8.63,主板,火山口 派出小部队勇吃鱼身,-,-,-,2012/3/16,济南市人民政府国有资产监督管理委员会,地方国有企业,-,行情酝酿中,新科技,特高压电力产业链,-,政策支持,高新技术产业,耐用品,-
002661.SZ,002661,克明食品,迷你盘,主要消费,种植,农产品,湖南,8.86,主板,火山口 派出小部队勇吃鱼身,-,-,-,2012/3/16,陈克明,民营企业,-,行情酝酿中,大消费,-,-,行业成熟稳定,传统行业,消耗品,-
002662.SZ,002662,峰璟股份,小盘股,可选消费,汽车零部件与轮胎,汽车内饰与外饰,北京,4.17,主板,火山口 派出小部队勇吃鱼身,-,-,-,2012/3/9,李璟瑜,民营企业,-,行情酝酿中,-,智能汽车产业链,-,政策支持,传统行业,消耗品,-
002663.SZ,002663,普邦股份,中盘股,工业,建筑与工程,园林工程,广东,2.2,主板,-,-,-,-,2012/3/16,涂善忠,民营企业,β高股息低波动 适合防御,表现超预期,-,房地产产业链,-,行业成熟稳定,传统行业,耐用品,-
002664.SZ,002664,信质集团,中盘股,可选消费,汽车零部件与轮胎,汽车系统部件,浙江,22.07,主板,火山口 派出小部队勇吃鱼身,连续多天小涨 龟壳战术吃鱼头,-,-,2012/3/16,尹兴满,民营企业,β高股息低波动 适合防御,行情酝酿中,-,智能汽车产业链,-,政策支持,传统行业,消耗品,-
002666.SZ,002666,德联集团,迷你盘,原材料,化学制品,其他化学制品,广东,5.39,主板,-,-,-,-,2012/3/27,徐咸大,民营企业,-,行情酝酿中,-,-,化工,行业成熟稳定,传统行业,耐用品,-
002667.SZ,002667,威领股份,大盘股,原材料,稀有金属,锂,湖南,28.79,主板,火山口 派出小部队勇吃鱼身,连续多天小涨 龟壳战术吃鱼头,-,-,2012/3/29,黄达,民营企业,β高股息低波动 适合防御,表现超预期,新能源,-,-,行业成熟稳定,传统行业,消耗品,-
002668.SZ,002668,TCL智家,迷你盘,可选消费,家用电器,白色家电,广东,9.33,主板,火山口 派出小部队勇吃鱼身,连续多天小涨 龟壳战术吃鱼头,-,-,2012/4/16,李东生,民营企业,-,行情酝酿中,大消费,-,-,行业成熟稳定,传统行业,耐用品,-
002669.SZ,002669,康达新材,中盘股,原材料,化学制品,胶黏剂及胶带,上海,14.04,主板,火山口 派出小部队勇吃鱼身,-,-,-,2012/4/16,唐山市人民政府国有资产监督管理委员会,地方国有企业,β高股息低波动 适合防御,表现超预期,-,-,化工,行业成熟稳定,传统行业,耐用品,-
002670.SZ,002670,国盛证券,中盘股,金融,证券公司,证券公司,江西,14.62,主板,火山口 派出小部队勇吃鱼身,-,-,-,2012/4/16,江西省国有资产监督管理委员会,地方国有企业,β高股息低波动 适合防御,行情酝酿中,大金融,-,-,行业成熟稳定,传统行业,-,-
002671.SZ,002671,龙泉股份,迷你盘,原材料,建筑材料,水泥与混凝土,山东,4.77,主板,火山口 派出小部队勇吃鱼身,-,-,-,2012/4/26,许培锋,民营企业,-,行情酝酿中,-,房地产产业链,-,行业成熟稳定,传统行业,耐用品,-
002672.SZ,002672,东江环保,迷你盘,工业,污染治理,固废处理,深圳,4.18,主板,-,-,-,-,2012/4/26,广东省人民政府国有资产监督管理委员会,地方国有企业,-,行情酝酿中,-,-,民生,行业成熟稳定,传统行业,-,-
002673.SZ,002673,西部证券,小盘股,金融,证券公司,证券公司,陕西,7.36,主板,火山口 派出小部队勇吃鱼身,连续多天小涨 龟壳战术吃鱼头,-,-,2012/5/3,陕西省人民政府国有资产监督管理委员会,地方国有企业,-,行情酝酿中,大金融,-,-,行业成熟稳定,传统行业,-,-
002674.SZ,002674,兴业科技,小盘股,可选消费,纺织服装,鞋帽与配饰,福建,13.68,主板,火山口 派出小部队勇吃鱼身,连续多天小涨 龟壳战术吃鱼头,-,-,2012/5/7,吴华春,民营企业,-,行情酝酿中,-,-,化工,行业成熟稳定,传统行业,消耗品,-
002675.SZ,002675,东诚药业,中盘股,医药卫生,化学药,原料药,山东,14,主板,-,-,-,-,2012/5/25,由守谊,民营企业,β高股息低波动 适合防御,行情酝酿中,大健康,-,-,政策支持,高新技术产业,消耗品,-
002676.SZ,002676,顺威股份,小盘股,可选消费,家用电器,家电零部件及其他,广东,7,主板,-,-,-,-,2012/5/25,广州经济技术开发区管理委员会,地方国有企业,-,行情酝酿中,大消费,-,-,行业成熟稳定,传统行业,耐用品,-
002677.SZ,002677,浙江美大,迷你盘,可选消费,家用电器,厨卫电器,浙江,7.7,主板,-,-,-,-,2012/5/25,夏志生,民营企业,-,行情酝酿中,大消费,-,-,行业成熟稳定,传统行业,耐用品,-
002678.SZ,002678,珠江钢琴,小盘股,可选消费,休闲设备与用品,休闲设备与用品,广东,5.76,主板,-,-,有涨停 火山口战法吃鱼身,-,2012/5/30,广州市人民政府国有资产监督管理委员会,地方国有企业,-,表现超预期,-,-,文化体育,行业成熟稳定,传统行业,-,-
002679.SZ,002679,福建金森,迷你盘,原材料,纸类与林业产品,林业产品,福建,10.56,主板,-,-,-,-,2012/6/5,将乐县财政局,地方国有企业,-,行情酝酿中,-,-,民生,行业成熟稳定,传统行业,耐用品,-
002681.SZ,002681,奋达科技,小盘股,可选消费,家用电器,黑色家电,深圳,5.22,主板,火山口 派出小部队勇吃鱼身,-,-,-,2012/6/5,肖奋,民营企业,-,行情酝酿中,新科技,-,-,政策支持,高新技术产业,-,-
002682.SZ,002682,龙洲股份,小盘股,工业,运输业,物流综合,福建,5.94,主板,火山口 派出小部队勇吃鱼身,-,-,-,2012/6/12,龙岩市人民政府国有资产监督管理委员会,地方国有企业,-,行情酝酿中,-,电子商务产业链,-,政策支持,传统行业,-,-
002683.SZ,002683,广东宏大,大盘股,原材料,化学制品,民爆制品,广东,42.53,主板,-,-,-,-,2012/6/12,广东省环保集团有限公司,地方国有企业,β高股息低波动 适合防御,表现超预期,-,-,化工,行业成熟稳定,传统行业,耐用品,-
002685.SZ,002685,华东重机,大盘股,工业,专用机械,工程机械,江苏,8.45,主板,-,-,-,-,2012/6/12,翁耀根,民营企业,β高股息低波动 适合防御,表现超预期,新科技,-,制造业(工业母机),政策支持,高新技术产业,耐用品,-
002686.SZ,002686,亿利达,大盘股,工业,专用机械,楼宇设备,浙江,7.7,主板,-,-,有涨停 火山口战法吃鱼身,-,2012/7/3,浙江省人民政府国有资产监督管理委员会,地方国有企业,β高股息低波动 适合防御,表现超预期,-,-,制造业(工业母机),行业成熟稳定,高新技术产业,耐用品,-
002687.SZ,002687,乔治白,中盘股,可选消费,纺织服装,服装,浙江,5.08,主板,-,-,-,-,2012/7/13,池也,民营企业,β高股息低波动 适合防御,行情酝酿中,大消费,-,-,行业成熟稳定,传统行业,耐用品,-
002688.SZ,002688,金河生物,迷你盘,主要消费,养殖,动物保健与育种,内蒙,5.87,主板,火山口 派出小部队勇吃鱼身,连续多天小涨 龟壳战术吃鱼头,-,-,2012/7/13,王东晓,民营企业,-,行情酝酿中,-,-,粮食,行业成熟稳定,传统行业,消耗品,-
002689.SZ,002689,ST远智,小盘股,工业,专用机械,楼宇设备,辽宁,3.8,主板,-,-,-,-,2012/7/17,康宝华,民营企业,-,行情酝酿中,-,-,制造业(工业母机),行业成熟稳定,传统行业,耐用品,-
002690.SZ,002690,美亚光电,小盘股,工业,专用机械,其他专用机械,安徽,18.19,主板,火山口 派出小部队勇吃鱼身,连续多天小涨 龟壳战术吃鱼头,-,-,2012/7/31,田明,民营企业,-,行情酝酿中,-,-,制造业(工业母机),行业成熟稳定,高新技术产业,耐用品,-
002691.SZ,002691,冀凯股份,迷你盘,工业,专用机械,采矿冶金机械,河北,7.29,主板,-,-,-,-,2012/7/31,冯春保,民营企业,-,行情酝酿中,-,-,制造业(工业母机),行业成熟稳定,高新技术产业,耐用品,-
002692.SZ,002692,远程股份,大盘股,工业,电网设备,线缆及其他,江苏,6.6,主板,-,-,-,-,2012/8/8,无锡市人民政府国有资产监督管理委员会,地方国有企业,β高股息低波动 适合防御,表现超预期,新科技,特高压电力产业链,-,政策支持,高新技术产业,耐用品,-
002693.SZ,002693,*ST双成,小盘股,医药卫生,化学药,药品制剂,海南,8.5,主板,火山口 派出小部队勇吃鱼身,连续多天小涨 龟壳战术吃鱼头,-,-,2012/8/8,王成栋,民营企业,-,行情酝酿中,大健康,-,-,政策支持,高新技术产业,消耗品,-
002694.SZ,002694,顾地科技,小盘股,工业,建筑产品,建筑产品,湖北,2.79,主板,-,-,-,-,2012/8/16,苏孝锋,民营企业,-,行情酝酿中,-,-,化工,行业成熟稳定,传统行业,消耗品,-
002695.SZ,002695,煌上煌,小盘股,主要消费,食品,休闲食品,江西,11.33,主板,火山口 派出小部队勇吃鱼身,连续多天小涨 龟壳战术吃鱼头,-,-,2012/9/5,褚浚,民营企业,-,行情酝酿中,大消费,-,-,行业成熟稳定,传统行业,消耗品,-
002696.SZ,002696,百洋股份,迷你盘,主要消费,养殖,饲料,广西,6.86,主板,火山口 派出小部队勇吃鱼身,-,-,-,2012/9/5,青岛市人民政府国有资产监督管理委员会,地方国有企业,-,行情酝酿中,-,-,粮食,行业成熟稳定,传统行业,消耗品,-
002697.SZ,002697,红旗连锁,小盘股,可选消费,一般零售,超市与便利店,四川,5.3,主板,火山口 派出小部队勇吃鱼身,-,-,-,2012/9/5,四川省政府国有资产监督管理委员会,地方国有企业,-,行情酝酿中,-,实体经济,-,行业成熟稳定,传统行业,-,-
002698.SZ,002698,博实股份,小盘股,工业,专用机械,化工机械,黑龙江,13.93,主板,火山口 派出小部队勇吃鱼身,连续多天小涨 龟壳战术吃鱼头,-,-,2012/9/11,邓喜军,民营企业,-,行情酝酿中,-,-,制造业(工业母机),行业成熟稳定,传统行业,耐用品,-
002700.SZ,002700,万憬能源,迷你盘,公用事业,燃气,燃气,新疆,6.58,主板,火山口 派出小部队勇吃鱼身,-,-,-,2012/9/21,李猛龙,民营企业,-,行情酝酿中,-,-,民生,行业成熟稳定,传统行业,消耗品,-
002701.SZ,002701,奥瑞金,中盘股,原材料,容器与包装,金属、玻璃与塑料包装,北京,5.3,主板,火山口 派出小部队勇吃鱼身,-,-,-,2012/10/11,周云杰,民营企业,β高股息低波动 适合防御,表现超预期,-,电子商务产业链,-,行业成熟稳定,传统行业,-,-
002702.SZ,002702,海欣食品,小盘股,主要消费,食品,其他食品,福建,5.66,主板,火山口 派出小部队勇吃鱼身,连续多天小涨 龟壳战术吃鱼头,-,-,2012/10/11,滕用雄,民营企业,-,行情酝酿中,大消费,-,-,行业成熟稳定,传统行业,消耗品,-
002703.SZ,002703,浙江世宝,大盘股,可选消费,汽车零部件与轮胎,汽车系统部件,浙江,20.16,主板,火山口 派出小部队勇吃鱼身,-,-,-,2012/11/2,张世权,民营企业,β高股息低波动 适合防御,表现超预期,-,智能汽车产业链,-,政策支持,传统行业,消耗品,-
002705.SZ,002705,新宝股份,大盘股,可选消费,家用电器,小家电,广东,17.75,主板,-,-,有涨停 火山口战法吃鱼身,高人气,2014/1/21,郭建刚,民营企业,β高股息低波动 适合防御,表现超预期,大消费,-,-,行业成熟稳定,传统行业,耐用品,-
002706.SZ,002706,良信股份,大盘股,工业,电网设备,配电设备,上海,11.21,主板,-,-,有涨停 火山口战法吃鱼身,-,2014/1/21,任思龙,民营企业,β高股息低波动 适合防御,表现超预期,新科技,特高压电力产业链,-,政策支持,高新技术产业,耐用品,-
002707.SZ,002707,众信旅游,中盘股,可选消费,休闲服务,旅游服务,北京,6.6,主板,火山口 派出小部队勇吃鱼身,-,-,-,2014/1/23,冯滨,民营企业,β高股息低波动 适合防御,行情酝酿中,-,实体经济,-,行业成熟稳定,传统行业,-,-
002708.SZ,002708,光洋股份,大盘股,可选消费,汽车零部件与轮胎,汽车系统部件,江苏,14.72,主板,-,-,-,-,2014/1/21,安徽省黄山市人民政府国有资产监督管理委员会,地方国有企业,β高股息低波动 适合防御,表现超预期,-,智能汽车产业链,-,政策支持,传统行业,消耗品,-
002709.SZ,002709,天赐材料,大盘股,工业,储能设备,电池部件及材料,广东,48.79,主板,-,-,-,-,2014/1/23,徐金富,民营企业,β高股息低波动 适合防御,表现超预期,-,-,化工,行业成熟稳定,传统行业,耐用品,-
002712.SZ,002712,思美传媒,迷你盘,通信服务,营销与广告,数字营销,浙江,5.2,主板,-,-,-,-,2014/1/23,四川省政府国有资产监督管理委员会,地方国有企业,-,行情酝酿中,-,电子商务产业链,-,行业成熟稳定,传统行业,-,-
002713.SZ,002713,*ST东易,大盘股,工业,建筑装修,建筑装修,北京,14.37,主板,-,-,-,-,2014/2/19,张建华,民营企业,β高股息低波动 适合防御,表现超预期,-,房地产产业链,-,行业成熟稳定,传统行业,耐用品,-
002714.SZ,002714,牧原股份,大盘股,主要消费,养殖,畜牧产品,河南,45.53,主板,-,-,-,-,2014/1/28,秦英林,民营企业,β高股息低波动 适合防御,行情酝酿中,-,-,粮食,行业成熟稳定,传统行业,消耗品,-
002715.SZ,002715,登云股份,迷你盘,可选消费,汽车零部件与轮胎,汽车系统部件,广东,15.73,主板,-,-,-,-,2014/2/19,杨涛,民营企业,-,表现超预期,-,智能汽车产业链,-,政策支持,传统行业,消耗品,-
002716.SZ,002716,湖南白银,大盘股,原材料,贵金属,其他贵金属,湖南,12.08,主板,火山口 派出小部队勇吃鱼身,-,-,-,2014/1/28,湖南省人民政府国有资产监督管理委员会,地方国有企业,β高股息低波动 适合防御,行情酝酿中,新能源,-,-,行业成熟稳定,传统行业,消耗品,-
002717.SZ,002717,ST岭南,小盘股,工业,污染治理,污水处理,广东,1.63,主板,-,-,-,-,2014/2/19,中山火炬高技术产业开发区管理委员会,地方国有企业,-,行情酝酿中,-,-,民生,行业成熟稳定,传统行业,-,-
002718.SZ,002718,友邦吊顶,中盘股,工业,建筑产品,建筑产品,浙江,75.66,主板,-,连续多天小涨 龟壳战术吃鱼头,-,-,2014/1/28,施其明,民营企业,β高股息低波动 适合防御,表现超预期,-,房地产产业链,-,行业成熟稳定,传统行业,耐用品,-
002719.SZ,002719,麦趣尔,迷你盘,主要消费,食品,休闲食品,新疆,8.35,主板,-,-,-,-,2014/1/28,李勇,民营企业,-,行情酝酿中,大消费,-,-,行业成熟稳定,传统行业,消耗品,-
002721.SZ,002721,金一文化,中盘股,可选消费,珠宝与奢侈品,珠宝与奢侈品,北京,3.01,主板,火山口 派出小部队勇吃鱼身,-,-,-,2014/1/27,北京市海淀区人民政府国有资产监督管理委员会,地方国有企业,β高股息低波动 适合防御,行情酝酿中,大消费,-,-,行业成熟稳定,传统行业,耐用品,-
002722.SZ,002722,物产金轮,迷你盘,原材料,钢铁,特钢,江苏,14.77,主板,火山口 派出小部队勇吃鱼身,连续多天小涨 龟壳战术吃鱼头,-,-,2014/1/28,浙江省人民政府国有资产监督管理委员会,地方国有企业,-,行情酝酿中,-,-,能源,行业成熟稳定,传统行业,消耗品,-
002723.SZ,002723,小崧股份,中盘股,工业,建筑与工程,基础设施建设,广东,10.7,主板,-,-,-,-,2014/1/29,蔡小如,民营企业,β高股息低波动 适合防御,表现超预期,大消费,-,-,行业成熟稳定,传统行业,耐用品,-
002724.SZ,002724,海洋王,迷你盘,信息技术,光学光电子,LED,深圳,7.04,主板,火山口 派出小部队勇吃鱼身,连续多天小涨 龟壳战术吃鱼头,-,-,2014/11/4,徐素,民营企业,-,行情酝酿中,新科技,-,-,政策支持,高新技术产业,-,-
002725.SZ,002725,跃岭股份,中盘股,可选消费,汽车零部件与轮胎,汽车系统部件,浙江,16.55,主板,-,-,-,-,2014/1/29,王冠然,民营企业,β高股息低波动 适合防御,行情酝酿中,-,智能汽车产业链,-,政策支持,传统行业,消耗品,-
002726.SZ,002726,龙大美食,大盘股,主要消费,食品,肉制品,山东,3.49,主板,-,-,有涨停 火山口战法吃鱼身,高人气,2014/6/26,戴学斌,民营企业,β高股息低波动 适合防御,表现超预期,大消费,-,-,行业成熟稳定,传统行业,消耗品,-
002727.SZ,002727,一心堂,小盘股,医药卫生,医疗商业与服务,医药商业,云南,12.5,主板,-,-,-,-,2014/7/2,阮鸿献,民营企业,-,行情酝酿中,-,实体经济,-,政策支持,传统行业,消耗品,-
002728.SZ,002728,特一药业,中盘股,医药卫生,化学药,药品制剂,广东,10.7,主板,-,-,-,-,2014/7/31,许丹青,民营企业,β高股息低波动 适合防御,行情酝酿中,大健康,-,-,行业成熟稳定,传统行业,消耗品,-
002729.SZ,002729,好利科技,中盘股,信息技术,其他电子,其他电子,福建,20.41,主板,-,-,-,-,2014/9/12,汤奇青,民营企业,β高股息低波动 适合防御,行情酝酿中,新科技,-,-,政策支持,高新技术产业,-,-
002730.SZ,002730,电光科技,大盘股,工业,专用机械,采矿冶金机械,浙江,27.1,主板,-,-,-,-,2014/10/9,石晓霞,民营企业,β高股息低波动 适合防御,表现超预期,-,-,制造业(工业母机),行业成熟稳定,高新技术产业,耐用品,-
002731.SZ,002731,ST萃华,中盘股,可选消费,珠宝与奢侈品,珠宝与奢侈品,辽宁,6.9,主板,-,-,-,-,2014/11/4,陈思伟,民营企业,β高股息低波动 适合防御,行情酝酿中,大消费,-,-,行业成熟稳定,传统行业,耐用品,-
002732.SZ,002732,燕塘乳业,迷你盘,主要消费,食品,乳制品,广东,16.18,主板,火山口 派出小部队勇吃鱼身,连续多天小涨 龟壳战术吃鱼头,-,-,2014/12/5,广东省农垦集团公司,中央企业,-,行情酝酿中,大消费,-,-,行业成熟稳定,传统行业,消耗品,-
002733.SZ,002733,雄韬股份,大盘股,工业,储能设备,电池,深圳,31.62,主板,-,-,-,-,2014/12/3,张华农,民营企业,β高股息低波动 适合防御,表现超预期,新科技,特高压电力产业链,-,政策支持,高新技术产业,耐用品,-
002734.SZ,002734,利民股份,大盘股,原材料,农用化工,农药,江苏,17.25,主板,-,-,-,-,2015/1/27,李明,民营企业,β高股息低波动 适合防御,行情酝酿中,-,-,粮食,行业成熟稳定,传统行业,消耗品,-
002735.SZ,002735,王子新材,中盘股,原材料,容器与包装,金属、玻璃与塑料包装,深圳,15.26,主板,火山口 派出小部队勇吃鱼身,-,-,-,2014/12/3,王进军,民营企业,β高股息低波动 适合防御,行情酝酿中,-,-,化工,行业成熟稳定,传统行业,消耗品,-
002736.SZ,002736,国信证券,中盘股,金融,证券公司,证券公司,深圳,12.09,主板,火山口 派出小部队勇吃鱼身,-,-,-,2014/12/29,深圳市人民政府国有资产监督管理委员会,地方国有企业,β高股息低波动 适合防御,行情酝酿中,大金融,-,-,行业成熟稳定,传统行业,-,-
002737.SZ,002737,葵花药业,迷你盘,医药卫生,中药,中成药,黑龙江,12.23,主板,火山口 派出小部队勇吃鱼身,-,-,-,2014/12/30,关彦斌,民营企业,-,行情酝酿中,大健康,-,-,行业成熟稳定,传统行业,消耗品,-
002738.SZ,002738,中矿资源,大盘股,原材料,稀有金属,锂,北京,84.63,主板,-,-,-,-,2014/12/30,王平卫,民营企业,β高股息低波动 适合防御,表现超预期,新能源,-,-,行业成熟稳定,传统行业,消耗品,-
002739.SZ,002739,万达电影,大盘股,通信服务,文化娱乐,影视动漫,北京,10.07,主板,火山口 派出小部队勇吃鱼身,连续多天小涨 龟壳战术吃鱼头,-,-,2015/1/22,柯利明,民营企业,β高股息低波动 适合防御,行情酝酿中,-,-,文化体育,行业成熟稳定,传统行业,-,-
002741.SZ,002741,光华科技,中盘股,信息技术,电子化学品,电子化学品,广东,19.54,主板,-,-,-,-,2015/2/16,郑创发,民营企业,β高股息低波动 适合防御,表现超预期,-,-,化工,行业成熟稳定,传统行业,耐用品,-
002742.SZ,002742,*ST三圣,迷你盘,原材料,建筑材料,水泥与混凝土,重庆,4.74,主板,火山口 派出小部队勇吃鱼身,连续多天小涨 龟壳战术吃鱼头,-,-,2015/2/17,肖辉,民营企业,-,行情酝酿中,-,房地产产业链,-,行业成熟稳定,传统行业,耐用品,-
002743.SZ,002743,富煌钢构,迷你盘,工业,建筑与工程,专业工程,安徽,5.32,主板,火山口 派出小部队勇吃鱼身,-,-,-,2015/2/17,杨俊斌,民营企业,-,行情酝酿中,-,-,能源,行业成熟稳定,传统行业,消耗品,-
002745.SZ,002745,木林森,大盘股,信息技术,光学光电子,LED,广东,8.69,主板,-,-,-,-,2015/2/17,孙清焕,民营企业,β高股息低波动 适合防御,行情酝酿中,新科技,-,-,政策支持,高新技术产业,-,-
002746.SZ,002746,仙坛股份,迷你盘,主要消费,养殖,畜牧产品,山东,6.1,主板,火山口 派出小部队勇吃鱼身,-,-,-,2015/2/16,王寿纯,民营企业,-,行情酝酿中,-,-,粮食,行业成熟稳定,传统行业,消耗品,-
002747.SZ,002747,埃斯顿,中盘股,工业,通用机械,电动机与工控自动化,江苏,21.37,主板,火山口 派出小部队勇吃鱼身,连续多天小涨 龟壳战术吃鱼头,-,-,2015/3/20,吴波,民营企业,β高股息低波动 适合防御,行情酝酿中,-,-,制造业(工业母机),行业成熟稳定,传统行业,耐用品,-
002748.SZ,002748,世龙实业,迷你盘,原材料,化学制品,其他化学制品,江西,12.28,主板,火山口 派出小部队勇吃鱼身,-,-,-,2015/3/19,无实际控制人,其他,-,行情酝酿中,-,-,化工,行业成熟稳定,传统行业,耐用品,-
002749.SZ,002749,国光股份,小盘股,原材料,农用化工,农药,四川,13.05,主板,火山口 派出小部队勇吃鱼身,-,-,-,2015/3/20,颜昌绪,民营企业,-,行情酝酿中,-,-,粮食,行业成熟稳定,传统行业,消耗品,-
002752.SZ,002752,昇兴股份,小盘股,原材料,容器与包装,金属、玻璃与塑料包装,福建,6.2,主板,-,-,-,-,2015/4/22,林永贤,外资,-,行情酝酿中,-,电子商务产业链,-,行业成熟稳定,传统行业,-,-
002753.SZ,002753,永东股份,迷你盘,原材料,橡胶,橡胶助剂,山西,7.2,主板,-,-,-,-,2015/5/19,刘东良,民营企业,-,行情酝酿中,-,-,化工,行业成熟稳定,传统行业,耐用品,-
002755.SZ,002755,奥赛康,中盘股,医药卫生,化学药,药品制剂,北京,15.86,主板,火山口 派出小部队勇吃鱼身,-,-,-,2015/5/15,陈庆财,民营企业,β高股息低波动 适合防御,行情酝酿中,大健康,-,-,政策支持,高新技术产业,消耗品,-
002756.SZ,002756,永兴材料,大盘股,原材料,稀有金属,锂,浙江,74.83,主板,-,-,-,-,2015/5/15,高兴江,民营企业,β高股息低波动 适合防御,表现超预期,新能源,-,-,行业成熟稳定,传统行业,消耗品,有量化参与
002757.SZ,002757,南兴股份,大盘股,工业,专用机械,其他专用机械,广东,22.36,主板,-,-,-,高人气,2015/5/27,詹谏醒,民营企业,β高股息低波动 适合防御,表现超预期,-,-,制造业(工业母机),行业成熟稳定,高新技术产业,耐用品,-
002758.SZ,002758,浙农股份,小盘股,可选消费,汽车经销商与汽车服务,汽车经销商,浙江,9.7,主板,-,-,-,-,2015/5/27,浙江省供销合作社联合社,集体企业,-,行情酝酿中,-,实体经济,-,行业成熟稳定,传统行业,-,-
002759.SZ,002759,天际股份,大盘股,工业,储能设备,电池部件及材料,广东,35.17,主板,-,-,-,-,2015/5/28,吴锡盾,外资,β高股息低波动 适合防御,表现超预期,新科技,特高压电力产业链,-,政策支持,高新技术产业,耐用品,-
002760.SZ,002760,凤形股份,小盘股,工业,通用机械,磨具磨料,江西,21.9,主板,火山口 派出小部队勇吃鱼身,-,-,-,2015/6/11,徐茂华,民营企业,-,行情酝酿中,-,-,制造业(工业母机),行业成熟稳定,传统行业,耐用品,-
002761.SZ,002761,浙江建投,迷你盘,工业,建筑与工程,房屋建设,浙江,8.17,主板,火山口 派出小部队勇吃鱼身,连续多天小涨 龟壳战术吃鱼头,-,-,2015/6/10,浙江省人民政府国有资产监督管理委员会,地方国有企业,-,行情酝酿中,-,房地产产业链,-,行业成熟稳定,传统行业,耐用品,-
002762.SZ,002762,*ST金比,小盘股,可选消费,纺织服装,服装,广东,7.84,主板,-,-,-,-,2015/6/10,林浩亮,民营企业,-,行情酝酿中,大消费,-,-,行业成熟稳定,传统行业,耐用品,-
002763.SZ,002763,汇洁股份,迷你盘,可选消费,纺织服装,服装,深圳,8.01,主板,火山口 派出小部队勇吃鱼身,-,-,-,2015/6/10,吕兴平,民营企业,-,行情酝酿中,大消费,-,-,行业成熟稳定,传统行业,耐用品,-
002765.SZ,002765,蓝黛科技,小盘股,可选消费,汽车零部件与轮胎,汽车系统部件,重庆,10.33,主板,火山口 派出小部队勇吃鱼身,连续多天小涨 龟壳战术吃鱼头,-,-,2015/6/12,马鞍山市人民政府,地方国有企业,-,行情酝酿中,新科技,-,-,政策支持,高新技术产业,-,-
002766.SZ,002766,索菱股份,小盘股,可选消费,汽车零部件与轮胎,汽车电子,深圳,4.83,主板,-,-,-,-,2015/6/11,许培锋,民营企业,-,行情酝酿中,-,智能汽车产业链,-,政策支持,传统行业,消耗品,-
002767.SZ,002767,先锋电子,中盘股,工业,通用机械,仪器仪表,浙江,21.98,主板,火山口 派出小部队勇吃鱼身,-,-,-,2015/6/12,石义民,民营企业,β高股息低波动 适合防御,行情酝酿中,-,智能汽车产业链,制造业(工业母机),行业成熟稳定,传统行业,耐用品,-
002768.SZ,002768,国恩股份,中盘股,原材料,塑料,改性塑料,山东,50.44,主板,火山口 派出小部队勇吃鱼身,连续多天小涨 龟壳战术吃鱼头,-,-,2015/6/30,王爱国,民营企业,β高股息低波动 适合防御,行情酝酿中,-,-,化工,行业成熟稳定,传统行业,消耗品,-
002769.SZ,002769,普路通,小盘股,工业,运输业,物流综合,广东,10.73,主板,火山口 派出小部队勇吃鱼身,连续多天小涨 龟壳战术吃鱼头,-,-,2015/6/29,广州市花都区国有资产监督管理局,地方国有企业,-,行情酝酿中,-,电子商务产业链,-,政策支持,传统行业,-,-
002771.SZ,002771,真视通,大盘股,信息技术,信息技术服务,系统集成服务,北京,18.52,主板,-,-,有涨停 火山口战法吃鱼身,高人气,2015/6/29,王国红,民营企业,β高股息低波动 适合防御,表现超预期,国产替代,-,-,政策支持,传统行业,-,-
002772.SZ,002772,众兴菌业,中盘股,主要消费,种植,农产品,甘肃,18.49,主板,-,-,-,-,2015/6/26,陶军,民营企业,β高股息低波动 适合防御,表现超预期,-,-,粮食,行业成熟稳定,传统行业,消耗品,-
002773.SZ,002773,康弘药业,中盘股,医药卫生,生物药品,其他生物药品,四川,26.62,主板,-,-,-,-,2015/6/26,柯尊洪,民营企业,β高股息低波动 适合防御,行情酝酿中,大健康,-,-,政策支持,高新技术产业,消耗品,-
002774.SZ,002774,快意电梯,迷你盘,工业,专用机械,楼宇设备,广东,10.87,主板,火山口 派出小部队勇吃鱼身,连续多天小涨 龟壳战术吃鱼头,-,-,2017/3/24,罗爱文,民营企业,-,行情酝酿中,-,-,制造业(工业母机),行业成熟稳定,传统行业,耐用品,-
002775.SZ,002775,文科股份,小盘股,工业,建筑与工程,园林工程,广东,3.73,主板,火山口 派出小部队勇吃鱼身,-,-,-,2015/6/29,佛山市人民政府国有资产监督管理委员会,地方国有企业,-,行情酝酿中,-,房地产产业链,-,行业成熟稳定,传统行业,耐用品,-
002777.SZ,002777,久远银海,小盘股,信息技术,软件开发,行业应用软件,四川,16.54,主板,火山口 派出小部队勇吃鱼身,连续多天小涨 龟壳战术吃鱼头,-,-,2015/12/31,中国工程物理研究院,中央企业,-,行情酝酿中,国产替代,-,-,政策支持,传统行业,-,-
002778.SZ,002778,中晟高科,小盘股,工业,污染治理,污水处理,江苏,20.81,主板,-,-,-,-,2016/1/6,何从,民营企业,-,行情酝酿中,-,-,民生,行业成熟稳定,传统行业,-,-
002779.SZ,002779,中坚科技,中盘股,工业,专用机械,农业机械,浙江,94.18,主板,-,-,-,-,2015/12/9,吴明根,民营企业,β高股息低波动 适合防御,表现超预期,-,-,制造业(工业母机),行业成熟稳定,传统行业,耐用品,有量化参与
002780.SZ,002780,三夫户外,迷你盘,可选消费,专营零售,专营零售,北京,14.81,主板,火山口 派出小部队勇吃鱼身,连续多天小涨 龟壳战术吃鱼头,-,-,2015/12/9,张恒,民营企业,-,行情酝酿中,大消费,-,-,行业成熟稳定,传统行业,耐用品,-
002782.SZ,002782,可立克,大盘股,信息技术,电子元件,被动元件,深圳,23.06,主板,-,-,-,-,2015/12/22,肖铿,民营企业,β高股息低波动 适合防御,表现超预期,新科技,-,-,政策支持,高新技术产业,-,-
002783.SZ,002783,凯龙股份,小盘股,原材料,化学制品,民爆制品,湖北,9.56,主板,火山口 派出小部队勇吃鱼身,-,-,-,2015/12/9,湖北省人民政府国有资产监督管理委员会,地方国有企业,-,行情酝酿中,-,-,化工,行业成熟稳定,传统行业,耐用品,-
002785.SZ,002785,万里石,中盘股,工业,建筑产品,建筑产品,福建,42.75,主板,火山口 派出小部队勇吃鱼身,连续多天小涨 龟壳战术吃鱼头,-,-,2015/12/23,胡精沛,民营企业,β高股息低波动 适合防御,表现超预期,-,房地产产业链,-,行业成熟稳定,传统行业,耐用品,-
002786.SZ,002786,银宝山新,迷你盘,工业,专用机械,其他专用机械,深圳,7.2,主板,火山口 派出小部队勇吃鱼身,-,-,-,2015/12/23,中华人民共和国国务院,中央企业,-,行情酝酿中,-,-,制造业(工业母机),行业成熟稳定,高新技术产业,耐用品,-
002787.SZ,002787,华源控股,大盘股,原材料,容器与包装,金属、玻璃与塑料包装,江苏,16.97,主板,-,-,有涨停 火山口战法吃鱼身,高人气,2015/12/31,李炳兴,民营企业,β高股息低波动 适合防御,表现超预期,-,电子商务产业链,-,行业成熟稳定,传统行业,-,-
002788.SZ,002788,鹭燕医药,大盘股,医药卫生,医疗商业与服务,医药商业,福建,15.09,主板,-,-,有涨停 火山口战法吃鱼身,高人气,2016/2/18,吴金祥,民营企业,β高股息低波动 适合防御,表现超预期,-,实体经济,-,政策支持,传统行业,消耗品,-
002789.SZ,002789,*ST建艺,迷你盘,工业,建筑与工程,房屋建设,深圳,12.92,主板,-,-,-,-,2016/3/11,珠海市香洲区国有资产管理办公室,地方国有企业,-,表现超预期,-,房地产产业链,-,行业成熟稳定,传统行业,耐用品,-
002790.SZ,002790,瑞尔特,迷你盘,可选消费,家居,其他家居,福建,7.69,主板,火山口 派出小部队勇吃鱼身,-,-,-,2016/3/8,无实际控制人,其他,-,行情酝酿中,大消费,-,-,行业成熟稳定,传统行业,耐用品,-
002791.SZ,002791,坚朗五金,小盘股,工业,建筑产品,建筑产品,广东,19.37,主板,火山口 派出小部队勇吃鱼身,连续多天小涨 龟壳战术吃鱼头,-,-,2016/3/29,白宝鲲,民营企业,-,行情酝酿中,-,房地产产业链,-,行业成熟稳定,传统行业,耐用品,-
002792.SZ,002792,通宇通讯,大盘股,通信服务,通信设备,通信系统设备及组件,广东,51.02,主板,-,-,-,-,2016/3/28,吴中林,民营企业,β高股息低波动 适合防御,表现超预期,新基建,-,-,政策支持,高新技术产业,-,-
002793.SZ,002793,罗欣药业,小盘股,医药卫生,化学药,药品制剂,山东,5.06,主板,-,-,-,-,2016/4/15,刘保起,民营企业,-,行情酝酿中,大健康,-,-,政策支持,高新技术产业,消耗品,-
002795.SZ,002795,永和智控,中盘股,工业,建筑产品,建筑产品,浙江,8.29,主板,-,-,-,-,2016/4/28,曹德莅,民营企业,β高股息低波动 适合防御,表现超预期,-,-,制造业(工业母机),行业成熟稳定,传统行业,耐用品,-
002796.SZ,002796,世嘉科技,大盘股,通信服务,通信设备,通信系统设备及组件,江苏,53.35,主板,-,-,有涨停 火山口战法吃鱼身,-,2016/5/10,王娟,民营企业,β高股息低波动 适合防御,表现超预期,新基建,-,-,政策支持,高新技术产业,-,-
002797.SZ,002797,第一创业,大盘股,金融,证券公司,证券公司,深圳,7.96,主板,-,-,-,-,2016/5/11,无实际控制人,其他,β高股息低波动 适合防御,行情酝酿中,大金融,-,-,行业成熟稳定,传统行业,-,-
002798.SZ,002798,帝欧水华,中盘股,工业,建筑产品,建筑产品,四川,7.01,主板,-,-,有涨停 火山口战法吃鱼身,高人气,2016/5/25,朱江,民营企业,β高股息低波动 适合防御,表现超预期,大消费,-,-,行业成熟稳定,传统行业,耐用品,-
002799.SZ,002799,环球印务,迷你盘,原材料,容器与包装,纸材料包装,陕西,8.11,主板,-,-,-,-,2016/6/8,陕西省人民政府国有资产监督管理委员会,地方国有企业,-,行情酝酿中,-,电子商务产业链,-,行业成熟稳定,传统行业,-,-
002800.SZ,002800,天顺股份,小盘股,工业,运输业,物流综合,新疆,17.49,主板,-,-,-,-,2016/5/30,王普宇,民营企业,-,行情酝酿中,-,电子商务产业链,-,政策支持,传统行业,-,-
002801.SZ,002801,微光股份,小盘股,工业,通用机械,电动机与工控自动化,浙江,32.9,主板,火山口 派出小部队勇吃鱼身,连续多天小涨 龟壳战术吃鱼头,-,-,2016/6/22,何平,民营企业,-,行情酝酿中,新科技,特高压电力产业链,-,政策支持,高新技术产业,耐用品,-
002802.SZ,002802,洪汇新材,中盘股,原材料,塑料,合成树脂,江苏,16.36,主板,-,-,有涨停 火山口战法吃鱼身,高人气,2016/6/29,无锡市锡山区国有企业改革发展服务中心,地方国有企业,β高股息低波动 适合防御,表现超预期,-,-,化工,行业成熟稳定,传统行业,耐用品,-
002803.SZ,002803,吉宏股份,中盘股,可选消费,互联网零售,互联网零售,福建,17.45,主板,火山口 派出小部队勇吃鱼身,-,-,-,2016/7/12,庄浩,民营企业,β高股息低波动 适合防御,表现超预期,国产替代,电子商务产业链,-,政策支持,传统行业,-,-
002805.SZ,002805,丰元股份,大盘股,工业,储能设备,电池部件及材料,山东,18.15,主板,-,-,-,-,2016/7/7,赵光辉,民营企业,β高股息低波动 适合防御,表现超预期,新科技,特高压电力产业链,-,政策支持,高新技术产业,耐用品,-
002806.SZ,002806,华锋股份,中盘股,原材料,工业金属,铝,广东,14.5,主板,-,-,-,-,2016/7/26,陈运,民营企业,β高股息低波动 适合防御,表现超预期,-,智能汽车产业链,-,政策支持,传统行业,消耗品,-
002807.SZ,002807,江阴银行,中盘股,金融,商业银行,区域性银行,江苏,4.68,主板,火山口 派出小部队勇吃鱼身,连续多天小涨 龟壳战术吃鱼头,-,-,2016/9/2,无实际控制人,其他,β高股息低波动 适合防御,行情酝酿中,大金融,-,-,行业成熟稳定,传统行业,-,-
002808.SZ,002808,*ST恒久,迷你盘,信息技术,电子终端及组件,电脑与外围设备,江苏,4.39,主板,-,-,-,-,2016/8/12,余荣清,民营企业,-,表现超预期,新科技,-,-,政策支持,高新技术产业,-,-
002809.SZ,002809,红墙股份,小盘股,原材料,建筑材料,水泥与混凝土,广东,10.5,主板,-,-,-,-,2016/8/23,刘连军,民营企业,-,行情酝酿中,-,-,化工,行业成熟稳定,传统行业,耐用品,-
002810.SZ,002810,山东赫达,大盘股,原材料,化学制品,其他化学制品,山东,25.78,主板,-,-,-,-,2016/8/26,毕心德,民营企业,β高股息低波动 适合防御,表现超预期,-,-,化工,行业成熟稳定,传统行业,耐用品,-
002811.SZ,002811,郑中设计,迷你盘,工业,建筑装修,建筑装修,深圳,13.79,主板,火山口 派出小部队勇吃鱼身,连续多天小涨 龟壳战术吃鱼头,-,-,2016/9/8,郑忠,民营企业,-,行情酝酿中,-,房地产产业链,-,行业成熟稳定,传统行业,耐用品,-
002812.SZ,002812,恩捷股份,大盘股,工业,储能设备,电池部件及材料,云南,71.67,主板,火山口 派出小部队勇吃鱼身,连续多天小涨 龟壳战术吃鱼头,-,-,2016/9/14,Paul Xiaoming Lee,外资,β高股息低波动 适合防御,表现超预期,新科技,特高压电力产业链,-,政策支持,高新技术产业,耐用品,-
002813.SZ,002813,路畅科技,迷你盘,可选消费,汽车零部件与轮胎,汽车电子,深圳,24.25,主板,火山口 派出小部队勇吃鱼身,-,-,-,2016/10/12,无实际控制人,其他,-,行情酝酿中,-,智能汽车产业链,-,政策支持,传统行业,消耗品,-
002815.SZ,002815,崇达技术,大盘股,信息技术,电子元件,印制电路板,深圳,15.63,主板,-,-,-,-,2016/10/12,姜雪飞,民营企业,β高股息低波动 适合防御,行情酝酿中,新科技,-,-,政策支持,高新技术产业,-,-
002816.SZ,002816,*ST和科,小盘股,工业,专用机械,其他专用机械,深圳,26.08,主板,-,-,-,-,2016/10/25,阜阳市颍泉区人民政府国有资产监督管理委员会,地方国有企业,-,表现超预期,-,-,制造业(工业母机),行业成熟稳定,高新技术产业,耐用品,-
002817.SZ,002817,黄山胶囊,迷你盘,医药卫生,化学药,原料药,安徽,7.95,主板,-,-,-,-,2016/10/25,无实际控制人,其他,-,行情酝酿中,大健康,-,-,政策支持,高新技术产业,消耗品,-
002818.SZ,002818,富森美,迷你盘,工业,商业服务与用品,市场服务,四川,10.71,主板,火山口 派出小部队勇吃鱼身,连续多天小涨 龟壳战术吃鱼头,-,-,2016/11/9,刘兵,民营企业,-,行情酝酿中,-,实体经济,-,行业成熟稳定,传统行业,-,-
002819.SZ,002819,东方中科,小盘股,工业,商业服务与用品,贸易商,北京,26.63,主板,火山口 派出小部队勇吃鱼身,-,-,-,2016/11/11,中国科学院控股有限公司,中央企业,-,行情酝酿中,-,智能汽车产业链,制造业(工业母机),行业成熟稳定,传统行业,耐用品,-
002820.SZ,002820,桂发祥,迷你盘,主要消费,食品,休闲食品,天津,10.4,主板,火山口 派出小部队勇吃鱼身,连续多天小涨 龟壳战术吃鱼头,-,-,2016/11/18,天津市河西区人民政府国有资产监督管理委员会,地方国有企业,-,行情酝酿中,大消费,-,-,行业成熟稳定,传统行业,消耗品,-
002821.SZ,002821,凯莱英,大盘股,医药卫生,制药与生物科技服务,制药与生物科技服务,天津,114.41,主板,-,-,-,-,2016/11/18,HAO HONG,外资,β高股息低波动 适合防御,行情酝酿中,大健康,-,-,政策支持,高新技术产业,消耗品,有量化参与
002822.SZ,002822,ST中装,迷你盘,工业,建筑装修,建筑装修,深圳,3.36,主板,-,-,-,-,2016/11/29,龙吉生,民营企业,-,表现超预期,-,房地产产业链,-,行业成熟稳定,传统行业,耐用品,-
002823.SZ,002823,凯中精密,小盘股,工业,通用机械,电动机与工控自动化,深圳,15.9,主板,火山口 派出小部队勇吃鱼身,连续多天小涨 龟壳战术吃鱼头,-,-,2016/11/24,吴瑛,外资,-,行情酝酿中,-,-,制造业(工业母机),行业成熟稳定,传统行业,耐用品,-
002824.SZ,002824,和胜股份,大盘股,原材料,工业金属,铝,广东,30.18,主板,-,-,-,高人气,2017/1/12,李建湘,民营企业,β高股息低波动 适合防御,表现超预期,-,军工高铁产业链,-,行业成熟稳定,传统行业,消耗品,-
002825.SZ,002825,纳尔股份,小盘股,可选消费,汽车零部件与轮胎,汽车内饰与外饰,上海,11.23,主板,火山口 派出小部队勇吃鱼身,-,-,-,2016/11/29,游爱国,民营企业,-,行情酝酿中,-,-,化工,行业成熟稳定,传统行业,耐用品,-
002826.SZ,002826,易明医药,小盘股,医药卫生,化学药,药品制剂,西藏,21.13,主板,-,-,-,-,2016/12/9,姚劲波,民营企业,-,表现超预期,大健康,-,-,政策支持,高新技术产业,消耗品,-
002827.SZ,002827,高争民爆,小盘股,原材料,化学制品,民爆制品,西藏,32.66,主板,火山口 派出小部队勇吃鱼身,连续多天小涨 龟壳战术吃鱼头,-,-,2016/12/9,西藏自治区人民政府国有资产监督管理委员会,地方国有企业,-,行情酝酿中,-,-,化工,行业成熟稳定,传统行业,耐用品,-
002828.SZ,002828,贝肯能源,中盘股,能源,油气开采与油田服务,油气开采,新疆,11.81,主板,-,-,-,-,2016/12/8,陈平贵,民营企业,β高股息低波动 适合防御,表现超预期,-,-,能源,行业成熟稳定,传统行业,-,-
002829.SZ,002829,星网宇达,小盘股,工业,航空航天,航空,北京,23.13,主板,火山口 派出小部队勇吃鱼身,连续多天小涨 龟壳战术吃鱼头,-,-,2016/12/13,迟家升,民营企业,-,行情酝酿中,-,军工高铁产业链,-,政策支持,高新技术产业,-,-
002830.SZ,002830,名雕股份,迷你盘,工业,建筑装修,建筑装修,深圳,21.45,主板,火山口 派出小部队勇吃鱼身,-,-,-,2016/12/13,无实际控制人,其他,-,行情酝酿中,-,房地产产业链,-,行业成熟稳定,传统行业,耐用品,-
002831.SZ,002831,裕同科技,大盘股,原材料,容器与包装,纸材料包装,深圳,36.64,主板,-,-,-,-,2016/12/16,吴兰兰,民营企业,β高股息低波动 适合防御,行情酝酿中,-,电子商务产业链,-,行业成熟稳定,传统行业,-,-
002832.SZ,002832,比音勒芬,中盘股,可选消费,纺织服装,服装,广东,17.8,主板,-,-,-,-,2016/12/23,谢秉政,民营企业,β高股息低波动 适合防御,表现超预期,大消费,-,-,行业成熟稳定,传统行业,耐用品,-
002833.SZ,002833,弘亚数控,小盘股,工业,专用机械,其他专用机械,广东,18.44,主板,火山口 派出小部队勇吃鱼身,连续多天小涨 龟壳战术吃鱼头,-,-,2016/12/28,李茂洪,民营企业,-,表现超预期,-,-,制造业(工业母机),行业成熟稳定,高新技术产业,耐用品,-
002835.SZ,002835,同为股份,迷你盘,信息技术,电子终端及组件,安防设备及其他,深圳,15.68,主板,火山口 派出小部队勇吃鱼身,-,-,-,2016/12/28,郭立志,民营企业,-,行情酝酿中,新基建,-,-,政策支持,高新技术产业,-,-
002836.SZ,002836,新宏泽,迷你盘,原材料,容器与包装,纸材料包装,广东,12.92,主板,火山口 派出小部队勇吃鱼身,连续多天小涨 龟壳战术吃鱼头,-,-,2016/12/29,张宏清,外资,-,行情酝酿中,-,电子商务产业链,-,行业成熟稳定,传统行业,-,-
002837.SZ,002837,英维克,大盘股,工业,专用机械,楼宇设备,深圳,110.67,主板,-,-,-,-,2016/12/29,齐勇,民营企业,β高股息低波动 适合防御,表现超预期,-,-,制造业(工业母机),行业成熟稳定,高新技术产业,耐用品,-
002838.SZ,002838,道恩股份,中盘股,原材料,塑料,改性塑料,山东,28.26,主板,-,-,-,-,2017/1/6,于晓宁,民营企业,β高股息低波动 适合防御,表现超预期,-,-,化工,行业成熟稳定,传统行业,消耗品,-
002839.SZ,002839,张家港行,小盘股,金融,商业银行,区域性银行,江苏,4.51,主板,火山口 派出小部队勇吃鱼身,连续多天小涨 龟壳战术吃鱼头,-,-,2017/1/24,无实际控制人,其他,-,行情酝酿中,大金融,-,-,行业成熟稳定,传统行业,-,-
002840.SZ,002840,华统股份,大盘股,主要消费,食品,肉制品,浙江,13.56,主板,-,-,-,高人气,2017/1/10,朱俭勇,民营企业,β高股息低波动 适合防御,表现超预期,大消费,-,-,行业成熟稳定,传统行业,消耗品,-
002841.SZ,002841,视源股份,小盘股,信息技术,光学光电子,面板,广东,35.12,主板,火山口 派出小部队勇吃鱼身,连续多天小涨 龟壳战术吃鱼头,-,-,2017/1/19,黄正聪,民营企业,-,行情酝酿中,新科技,-,-,政策支持,高新技术产业,-,-
002842.SZ,002842,翔鹭钨业,大盘股,原材料,稀有金属,钨钼,广东,33.64,主板,-,-,-,-,2017/1/19,陈启丰,民营企业,β高股息低波动 适合防御,表现超预期,新能源,-,-,行业成熟稳定,传统行业,消耗品,-
002843.SZ,002843,泰嘉股份,大盘股,工业,通用机械,加工机械,湖南,25.44,主板,火山口 派出小部队勇吃鱼身,连续多天小涨 龟壳战术吃鱼头,-,-,2017/1/20,方鸿,民营企业,β高股息低波动 适合防御,表现超预期,-,-,能源,行业成熟稳定,传统行业,消耗品,-
002845.SZ,002845,同兴达,小盘股,信息技术,光学光电子,面板,深圳,14.22,主板,火山口 派出小部队勇吃鱼身,-,-,-,2017/1/25,万锋,民营企业,-,行情酝酿中,新科技,-,-,政策支持,高新技术产业,-,-
002846.SZ,002846,英联股份,小盘股,原材料,容器与包装,金属、玻璃与塑料包装,广东,14.87,主板,火山口 派出小部队勇吃鱼身,-,-,-,2017/2/7,翁伟武,民营企业,-,行情酝酿中,-,电子商务产业链,-,行业成熟稳定,传统行业,-,-
002847.SZ,002847,盐津铺子,中盘股,主要消费,食品,休闲食品,湖南,54.05,主板,-,-,-,-,2017/2/8,张学武,民营企业,β高股息低波动 适合防御,行情酝酿中,大消费,-,-,行业成熟稳定,传统行业,消耗品,-
002848.SZ,002848,*ST高斯,中盘股,通信服务,通信设备,通信终端设备及组件,湖南,15.54,主板,-,-,-,-,2017/2/13,潍坊市国有资产监督管理委员会,地方国有企业,β高股息低波动 适合防御,表现超预期,大消费,-,-,行业成熟稳定,传统行业,耐用品,-
002849.SZ,002849,威星智能,小盘股,工业,通用机械,仪器仪表,浙江,18.14,主板,火山口 派出小部队勇吃鱼身,连续多天小涨 龟壳战术吃鱼头,-,-,2017/2/17,黄文谦,民营企业,-,行情酝酿中,-,智能汽车产业链,制造业(工业母机),行业成熟稳定,传统行业,耐用品,-
002850.SZ,002850,科达利,大盘股,工业,储能设备,电池部件及材料,深圳,198.16,主板,-,-,有涨停 火山口战法吃鱼身,高人气,2017/3/2,励建立,民营企业,β高股息低波动 适合防御,表现超预期,新科技,特高压电力产业链,-,政策支持,高新技术产业,耐用品,有量化参与
002851.SZ,002851,麦格米特,大盘股,可选消费,家用电器,家电零部件及其他,深圳,106.13,主板,-,-,-,-,2017/3/6,童永胜,民营企业,β高股息低波动 适合防御,表现超预期,新科技,特高压电力产业链,-,政策支持,高新技术产业,耐用品,-
002852.SZ,002852,道道全,迷你盘,主要消费,食品,调味品与食用油,湖南,9.72,主板,火山口 派出小部队勇吃鱼身,-,-,-,2017/3/10,刘建军,民营企业,-,行情酝酿中,大消费,-,-,行业成熟稳定,传统行业,消耗品,-
002853.SZ,002853,皮阿诺,迷你盘,可选消费,家居,家具,广东,25.95,主板,火山口 派出小部队勇吃鱼身,连续多天小涨 龟壳战术吃鱼头,-,-,2017/3/10,马礼斌,民营企业,-,行情酝酿中,大消费,-,-,行业成熟稳定,传统行业,耐用品,-
002855.SZ,002855,捷荣技术,迷你盘,信息技术,电子终端及组件,消费电子组件及零部件,广东,11.66,主板,-,-,-,-,2017/3/21,赵晓群,外资,-,行情酝酿中,新科技,-,-,政策支持,高新技术产业,-,-
002856.SZ,002856,美芝股份,迷你盘,工业,建筑装修,建筑装修,深圳,11.55,主板,-,-,-,-,2017/3/20,佛山市南海区国有资产监督管理局,地方国有企业,-,表现超预期,-,房地产产业链,-,行业成熟稳定,传统行业,耐用品,-
002857.SZ,002857,三晖电气,小盘股,工业,电网设备,电网自动化,河南,21.36,主板,-,-,-,-,2017/3/23,胡坤,民营企业,-,行情酝酿中,-,智能汽车产业链,制造业(工业母机),行业成熟稳定,传统行业,耐用品,-
002858.SZ,002858,力盛体育,小盘股,可选消费,休闲服务,其他休闲服务,上海,16.15,主板,-,-,-,-,2017/3/24,夏青,民营企业,-,行情酝酿中,-,-,文化体育,行业成熟稳定,传统行业,-,-
002859.SZ,002859,洁美科技,大盘股,信息技术,其他电子,其他电子,浙江,50.22,主板,-,-,-,高人气,2017/4/7,方隽云,民营企业,β高股息低波动 适合防御,表现超预期,新科技,-,-,政策支持,高新技术产业,-,-
002860.SZ,002860,星帅尔,大盘股,可选消费,家用电器,家电零部件及其他,浙江,14,主板,-,-,-,-,2017/4/12,陈丽娟,民营企业,β高股息低波动 适合防御,表现超预期,大消费,-,-,行业成熟稳定,传统行业,耐用品,-
002861.SZ,002861,瀛通通讯,迷你盘,信息技术,电子终端及组件,消费电子组件及零部件,湖北,15.88,主板,火山口 派出小部队勇吃鱼身,-,-,-,2017/4/13,黄晖,民营企业,-,行情酝酿中,新科技,-,-,政策支持,高新技术产业,-,-
002862.SZ,002862,实丰文化,迷你盘,可选消费,休闲设备与用品,休闲设备与用品,广东,17.04,主板,火山口 派出小部队勇吃鱼身,-,-,-,2017/4/11,蔡俊权,民营企业,-,行情酝酿中,-,-,文化体育,行业成熟稳定,传统行业,-,-
002863.SZ,002863,今飞凯达,迷你盘,可选消费,汽车零部件与轮胎,汽车系统部件,浙江,5.51,主板,-,-,-,-,2017/4/18,葛炳灶,民营企业,-,行情酝酿中,-,智能汽车产业链,-,政策支持,传统行业,消耗品,-
002864.SZ,002864,盘龙药业,小盘股,医药卫生,中药,中成药,陕西,31.81,主板,-,-,-,-,2017/11/16,谢晓林,民营企业,-,行情酝酿中,大健康,-,-,行业成熟稳定,传统行业,消耗品,-
002865.SZ,002865,钧达股份,大盘股,工业,发电设备,光伏设备,海南,74.29,主板,-,-,-,-,2017/4/25,陆小红,民营企业,β高股息低波动 适合防御,行情酝酿中,新科技,特高压电力产业链,-,政策支持,高新技术产业,耐用品,-
002866.SZ,002866,传艺科技,大盘股,信息技术,电子终端及组件,电脑与外围设备,江苏,26.39,主板,-,-,有涨停 火山口战法吃鱼身,-,2017/4/26,邹伟民,民营企业,β高股息低波动 适合防御,表现超预期,新基建,-,-,政策支持,高新技术产业,-,-
002867.SZ,002867,周大生,小盘股,可选消费,珠宝与奢侈品,珠宝与奢侈品,深圳,12.32,主板,-,-,-,-,2017/4/27,周宗文,民营企业,-,表现超预期,大消费,-,-,行业成熟稳定,传统行业,耐用品,-
002868.SZ,002868,*ST绿康,迷你盘,主要消费,养殖,动物保健与育种,福建,40.6,主板,-,-,-,-,2017/5/3,王钻,民营企业,-,行情酝酿中,-,-,粮食,行业成熟稳定,传统行业,消耗品,-
002869.SZ,002869,金溢科技,中盘股,通信服务,通信设备,通信终端设备及组件,深圳,21.56,主板,-,-,-,-,2017/5/15,罗瑞发,民营企业,β高股息低波动 适合防御,行情酝酿中,新基建,-,-,政策支持,高新技术产业,-,-
002870.SZ,002870,香山股份,中盘股,可选消费,汽车零部件与轮胎,汽车内饰与外饰,广东,38.16,主板,-,-,-,-,2017/5/15,王剑峰,民营企业,β高股息低波动 适合防御,表现超预期,-,智能汽车产业链,-,政策支持,传统行业,消耗品,-
002871.SZ,002871,伟隆股份,小盘股,工业,通用机械,气液机械,山东,18.23,主板,-,-,-,-,2017/5/11,范庆伟,民营企业,-,表现超预期,-,-,制造业(工业母机),行业成熟稳定,传统行业,耐用品,-
002872.SZ,002872,ST天圣,迷你盘,医药卫生,中药,中成药,重庆,5.02,主板,火山口 派出小部队勇吃鱼身,-,-,-,2017/5/19,刘群,民营企业,-,行情酝酿中,-,实体经济,-,政策支持,传统行业,消耗品,-
002873.SZ,002873,新天药业,中盘股,医药卫生,中药,中成药,贵州,9.63,主板,-,-,-,-,2017/5/19,董大伦,民营企业,β高股息低波动 适合防御,行情酝酿中,大健康,-,-,行业成熟稳定,传统行业,消耗品,-
002875.SZ,002875,安奈儿,大盘股,可选消费,纺织服装,服装,深圳,22.06,主板,-,-,有涨停 火山口战法吃鱼身,高人气,2017/6/1,黄涛,民营企业,β高股息低波动 适合防御,表现超预期,大消费,-,-,行业成熟稳定,传统行业,耐用品,-
002876.SZ,002876,三利谱,中盘股,信息技术,光学光电子,面板,深圳,29.34,主板,-,-,-,-,2017/5/25,张建军,民营企业,β高股息低波动 适合防御,表现超预期,新科技,-,-,政策支持,高新技术产业,-,-
002877.SZ,002877,智能自控,迷你盘,工业,通用机械,电动机与工控自动化,江苏,8.99,主板,火山口 派出小部队勇吃鱼身,-,-,-,2017/6/5,沈剑标,民营企业,-,行情酝酿中,-,-,制造业(工业母机),行业成熟稳定,传统行业,耐用品,-
002878.SZ,002878,元隆雅图,中盘股,通信服务,营销与广告,其他广告营销,北京,17.95,主板,-,-,-,-,2017/6/6,孙震,民营企业,β高股息低波动 适合防御,行情酝酿中,-,电子商务产业链,-,行业成熟稳定,传统行业,-,-
002879.SZ,002879,长缆科技,小盘股,工业,电网设备,线缆及其他,湖南,21.41,主板,火山口 派出小部队勇吃鱼身,连续多天小涨 龟壳战术吃鱼头,-,-,2017/7/7,俞正元,民营企业,-,行情酝酿中,新科技,特高压电力产业链,-,政策支持,高新技术产业,耐用品,-
002880.SZ,002880,卫光生物,迷你盘,医药卫生,生物药品,血液制品,深圳,27.37,主板,火山口 派出小部队勇吃鱼身,连续多天小涨 龟壳战术吃鱼头,-,-,2017/6/16,深圳市光明区人民政府,地方国有企业,-,行情酝酿中,大健康,-,-,政策支持,高新技术产业,消耗品,-
002881.SZ,002881,美格智能,中盘股,通信服务,通信设备,通信终端设备及组件,深圳,40,主板,火山口 派出小部队勇吃鱼身,-,-,-,2017/6/22,王平,民营企业,β高股息低波动 适合防御,行情酝酿中,新科技,-,-,政策支持,高新技术产业,-,-
002882.SZ,002882,金龙羽,大盘股,工业,电网设备,线缆及其他,深圳,30.66,主板,-,-,-,-,2017/7/17,郑有水,民营企业,β高股息低波动 适合防御,表现超预期,新科技,特高压电力产业链,-,政策支持,高新技术产业,耐用品,-
002883.SZ,002883,中设股份,迷你盘,工业,建筑与工程,建筑设计及服务,江苏,9.45,主板,-,-,-,-,2017/6/20,无锡市人民政府国有资产监督管理委员会,地方国有企业,-,行情酝酿中,-,房地产产业链,-,行业成熟稳定,传统行业,耐用品,-
002884.SZ,002884,凌霄泵业,小盘股,工业,通用机械,气液机械,广东,18.87,主板,火山口 派出小部队勇吃鱼身,连续多天小涨 龟壳战术吃鱼头,-,-,2017/7/11,王海波,民营企业,-,行情酝酿中,-,-,制造业(工业母机),行业成熟稳定,传统行业,耐用品,-
002885.SZ,002885,京泉华,大盘股,信息技术,其他电子,其他电子,深圳,26.64,主板,-,-,有涨停 火山口战法吃鱼身,-,2017/6/27,张立品,民营企业,β高股息低波动 适合防御,表现超预期,新科技,-,-,政策支持,高新技术产业,-,-
002886.SZ,002886,沃特股份,小盘股,原材料,塑料,改性塑料,深圳,22.42,主板,火山口 派出小部队勇吃鱼身,连续多天小涨 龟壳战术吃鱼头,-,-,2017/6/27,吴宪,民营企业,-,行情酝酿中,-,-,化工,行业成熟稳定,传统行业,消耗品,-
002887.SZ,002887,绿茵生态,迷你盘,工业,节能与生态修复,生态修复,天津,11.19,主板,-,-,-,-,2017/8/1,卢云慧,民营企业,-,行情酝酿中,-,-,民生,行业成熟稳定,传统行业,-,-
002888.SZ,002888,惠威科技,迷你盘,可选消费,家用电器,黑色家电,广东,18.98,主板,-,-,-,-,2017/7/21,HONGBO YAO,外资,-,行情酝酿中,新科技,-,-,政策支持,高新技术产业,-,-
002889.SZ,002889,东方嘉盛,迷你盘,工业,运输业,物流综合,深圳,13.47,主板,火山口 派出小部队勇吃鱼身,-,-,-,2017/7/31,孙卫平,民营企业,-,行情酝酿中,-,电子商务产业链,-,政策支持,传统行业,-,-
002890.SZ,002890,弘宇股份,迷你盘,工业,专用机械,农业机械,山东,16.2,主板,-,-,-,-,2017/8/2,辛军,民营企业,-,行情酝酿中,-,-,制造业(工业母机),行业成熟稳定,传统行业,耐用品,-
002891.SZ,002891,中宠股份,大盘股,主要消费,家庭用品,家庭用品,山东,41.81,主板,-,-,-,高人气,2017/8/21,郝忠礼,民营企业,β高股息低波动 适合防御,表现超预期,-,-,粮食,行业成熟稳定,传统行业,消耗品,-
002892.SZ,002892,科力尔,迷你盘,工业,通用机械,电动机与工控自动化,湖南,11.09,主板,火山口 派出小部队勇吃鱼身,连续多天小涨 龟壳战术吃鱼头,-,-,2017/8/17,聂鹏举,民营企业,-,行情酝酿中,新科技,特高压电力产业链,-,政策支持,高新技术产业,耐用品,-
002893.SZ,002893,京能热力,小盘股,公用事业,供热及其他,供热及其他,北京,10.21,主板,-,-,-,-,2017/9/15,北京市人民政府国有资产监督管理委员会,地方国有企业,-,行情酝酿中,-,-,民生,行业成熟稳定,传统行业,消耗品,-
002895.SZ,002895,川恒股份,大盘股,原材料,农用化工,磷肥及磷化工,贵州,37.06,主板,-,-,-,-,2017/8/25,李光明,民营企业,β高股息低波动 适合防御,行情酝酿中,-,-,化工,行业成熟稳定,传统行业,耐用品,有量化参与
002896.SZ,002896,中大力德,中盘股,工业,通用机械,电动机与工控自动化,浙江,74.59,主板,火山口 派出小部队勇吃鱼身,-,-,-,2017/8/29,岑国建,民营企业,β高股息低波动 适合防御,行情酝酿中,-,-,制造业(工业母机),行业成熟稳定,传统行业,耐用品,-
002897.SZ,002897,意华股份,大盘股,工业,发电设备,光伏设备,浙江,67.19,主板,火山口 派出小部队勇吃鱼身,连续多天小涨 龟壳战术吃鱼头,-,-,2017/9/7,无实际控制人,其他,β高股息低波动 适合防御,行情酝酿中,新科技,-,-,政策支持,高新技术产业,-,-
002898.SZ,002898,*ST赛隆,迷你盘,医药卫生,化学药,药品制剂,广东,13.17,主板,火山口 派出小部队勇吃鱼身,-,-,-,2017/9/12,无实际控制人,其他,-,行情酝酿中,大健康,-,-,政策支持,高新技术产业,消耗品,-
002899.SZ,002899,英派斯,中盘股,可选消费,休闲设备与用品,休闲设备与用品,山东,33.45,主板,-,-,-,-,2017/9/15,丁利荣,民营企业,β高股息低波动 适合防御,表现超预期,-,-,文化体育,行业成熟稳定,传统行业,-,-
002900.SZ,002900,哈三联,小盘股,医药卫生,化学药,药品制剂,黑龙江,11.19,主板,-,-,-,-,2017/9/22,秦剑飞,民营企业,-,行情酝酿中,大健康,-,-,政策支持,高新技术产业,消耗品,-
002901.SZ,002901,大博医疗,迷你盘,医药卫生,医疗器械,医疗耗材,福建,43.78,主板,-,-,-,-,2017/9/22,林志雄,民营企业,-,表现超预期,大健康,-,-,行业成熟稳定,传统行业,消耗品,-
002902.SZ,002902,铭普光磁,大盘股,通信服务,通信设备,通信系统设备及组件,广东,30.38,主板,-,-,有涨停 火山口战法吃鱼身,-,2017/9/29,杨先进,民营企业,β高股息低波动 适合防御,表现超预期,新基建,-,-,政策支持,高新技术产业,-,-
002903.SZ,002903,宇环数控,中盘股,工业,通用机械,电动机与工控自动化,湖南,32,主板,-,-,-,-,2017/10/13,许世雄,民营企业,β高股息低波动 适合防御,表现超预期,新科技,-,制造业(工业母机),政策支持,高新技术产业,耐用品,-
002905.SZ,002905,金逸影视,小盘股,通信服务,文化娱乐,影视动漫,广东,10.05,主板,火山口 派出小部队勇吃鱼身,-,-,-,2017/10/16,李玉珍,民营企业,-,行情酝酿中,-,-,文化体育,行业成熟稳定,传统行业,-,-
002906.SZ,002906,华阳集团,中盘股,可选消费,汽车零部件与轮胎,汽车电子,广东,31.89,主板,火山口 派出小部队勇吃鱼身,连续多天小涨 龟壳战术吃鱼头,-,-,2017/10/13,邹淦荣,民营企业,β高股息低波动 适合防御,表现超预期,-,智能汽车产业链,-,政策支持,传统行业,消耗品,-
002907.SZ,002907,华森制药,小盘股,医药卫生,中药,中成药,重庆,14.21,主板,火山口 派出小部队勇吃鱼身,-,-,-,2017/10/20,游洪涛,民营企业,-,行情酝酿中,大健康,-,-,行业成熟稳定,传统行业,消耗品,-
002908.SZ,002908,德生科技,迷你盘,通信服务,通信设备,通信终端设备及组件,广东,9.16,主板,火山口 派出小部队勇吃鱼身,-,-,-,2017/10/20,虢晓彬,民营企业,-,行情酝酿中,国产替代,-,-,政策支持,传统行业,-,-
002909.SZ,002909,集泰股份,迷你盘,原材料,化学制品,胶黏剂及胶带,广东,6.37,主板,-,-,-,-,2017/10/26,邹榛夫,民营企业,-,表现超预期,-,-,化工,行业成熟稳定,传统行业,耐用品,-
002910.SZ,002910,庄园牧场,迷你盘,主要消费,食品,乳制品,甘肃,10.66,主板,-,-,-,-,2017/10/31,甘肃省人民政府国有资产监督管理委员会,地方国有企业,-,行情酝酿中,大消费,-,-,行业成熟稳定,传统行业,消耗品,-
002911.SZ,002911,佛燃能源,小盘股,公用事业,燃气,燃气,广东,13.59,主板,火山口 派出小部队勇吃鱼身,连续多天小涨 龟壳战术吃鱼头,-,-,2017/11/22,佛山市人民政府国有资产监督管理委员会,地方国有企业,-,行情酝酿中,-,-,民生,行业成熟稳定,传统行业,消耗品,-
002912.SZ,002912,中新赛克,小盘股,通信服务,通信设备,通信系统设备及组件,深圳,26.56,主板,-,-,-,-,2017/11/21,深圳市人民政府国有资产监督管理委员会,地方国有企业,-,行情酝酿中,新基建,-,-,政策支持,高新技术产业,-,-
002913.SZ,002913,奥士康,大盘股,信息技术,电子元件,印制电路板,湖南,51.75,主板,火山口 派出小部队勇吃鱼身,-,-,-,2017/12/1,程涌,民营企业,β高股息低波动 适合防御,行情酝酿中,新科技,-,-,政策支持,高新技术产业,-,-
002915.SZ,002915,中欣氟材,小盘股,原材料,化学制品,氟化工,浙江,21.28,主板,火山口 派出小部队勇吃鱼身,-,-,-,2017/12/5,徐建国,民营企业,-,行情酝酿中,-,-,化工,行业成熟稳定,传统行业,耐用品,-
002916.SZ,002916,深南电路,大盘股,信息技术,电子元件,印制电路板,深圳,283.06,主板,-,-,-,-,2017/12/13,中国航空工业集团有限公司,中央企业,β高股息低波动 适合防御,表现超预期,新科技,-,-,政策支持,高新技术产业,-,-
002917.SZ,002917,金奥博,迷你盘,原材料,化学制品,民爆制品,深圳,14.09,主板,火山口 派出小部队勇吃鱼身,连续多天小涨 龟壳战术吃鱼头,-,-,2017/12/8,明景谷,民营企业,-,行情酝酿中,-,-,化工,行业成熟稳定,传统行业,耐用品,-
002918.SZ,002918,蒙娜丽莎,小盘股,工业,建筑产品,建筑产品,广东,11.8,主板,-,-,-,-,2017/12/19,萧华,民营企业,-,表现超预期,-,-,化工,行业成熟稳定,传统行业,消耗品,-
002919.SZ,002919,名臣健康,小盘股,通信服务,文化娱乐,游戏,广东,19.88,主板,-,-,-,-,2017/12/18,陈勤发,民营企业,-,行情酝酿中,国产替代,电子商务产业链,-,政策支持,传统行业,-,-
002920.SZ,002920,德赛西威,大盘股,可选消费,汽车零部件与轮胎,汽车电子,广东,107.81,主板,-,-,-,-,2017/12/26,无实际控制人,其他,β高股息低波动 适合防御,行情酝酿中,-,智能汽车产业链,-,政策支持,传统行业,消耗品,-
002921.SZ,002921,联诚精密,中盘股,工业,专用机械,工程机械,山东,26.57,主板,-,-,-,-,2017/12/27,郭元强,外资,β高股息低波动 适合防御,表现超预期,-,智能汽车产业链,-,政策支持,传统行业,消耗品,-
002922.SZ,002922,伊戈尔,大盘股,工业,电网设备,输变电设备,广东,39.74,主板,-,-,-,-,2017/12/29,肖俊承,民营企业,β高股息低波动 适合防御,表现超预期,新科技,特高压电力产业链,-,政策支持,高新技术产业,耐用品,-
002923.SZ,002923,润都股份,中盘股,医药卫生,化学药,药品制剂,广东,12.56,主板,-,-,-,-,2018/1/5,李希,民营企业,β高股息低波动 适合防御,行情酝酿中,大健康,-,-,政策支持,高新技术产业,消耗品,-
002925.SZ,002925,盈趣科技,中盘股,信息技术,电子终端及组件,消费电子终端,福建,19.98,主板,火山口 派出小部队勇吃鱼身,连续多天小涨 龟壳战术吃鱼头,-,-,2018/1/15,吴凯庭,外资,β高股息低波动 适合防御,行情酝酿中,新科技,-,-,政策支持,高新技术产业,-,-
002926.SZ,002926,华西证券,小盘股,金融,证券公司,证券公司,四川,8.6,主板,火山口 派出小部队勇吃鱼身,连续多天小涨 龟壳战术吃鱼头,-,-,2018/2/5,泸州市国有资产监督管理委员会,地方国有企业,-,行情酝酿中,大金融,-,-,行业成熟稳定,传统行业,-,-
002927.SZ,002927,泰永长征,小盘股,工业,电网设备,配电设备,贵州,17.64,主板,火山口 派出小部队勇吃鱼身,连续多天小涨 龟壳战术吃鱼头,-,-,2018/2/23,黄正乾,民营企业,-,行情酝酿中,新科技,特高压电力产业链,-,政策支持,高新技术产业,耐用品,-
002928.SZ,002928,华夏航空,中盘股,工业,运输业,航空运输,贵州,8.45,主板,-,-,-,-,2018/3/2,胡晓军,民营企业,β高股息低波动 适合防御,行情酝酿中,-,-,交通,行业成熟稳定,传统行业,-,-
002929.SZ,002929,润建股份,大盘股,通信服务,通信技术服务,通信技术服务,广西,61.34,主板,-,-,有涨停 火山口战法吃鱼身,高人气,2018/3/1,李建国,民营企业,β高股息低波动 适合防御,表现超预期,新基建,-,-,政策支持,高新技术产业,-,有量化参与
002930.SZ,002930,宏川智慧,小盘股,工业,运输业,物流综合,广东,13.52,主板,火山口 派出小部队勇吃鱼身,-,-,-,2018/3/28,林海川,民营企业,-,行情酝酿中,-,电子商务产业链,-,政策支持,传统行业,-,-
002931.SZ,002931,锋龙股份,大盘股,工业,专用机械,农业机械,浙江,70.5,主板,火山口 派出小部队勇吃鱼身,-,-,-,2018/4/3,周剑,民营企业,β高股息低波动 适合防御,行情酝酿中,-,-,制造业(工业母机),行业成熟稳定,传统行业,耐用品,-
002932.SZ,002932,明德生物,小盘股,医药卫生,医疗器械,体外诊断,湖北,17.09,主板,火山口 派出小部队勇吃鱼身,连续多天小涨 龟壳战术吃鱼头,-,-,2018/7/10,陈莉莉,民营企业,-,行情酝酿中,大健康,-,-,行业成熟稳定,传统行业,消耗品,-
002933.SZ,002933,新兴装备,小盘股,工业,航空航天,航空,北京,32.66,主板,火山口 派出小部队勇吃鱼身,-,-,-,2018/8/28,陕西省人民政府国有资产监督管理委员会,地方国有企业,-,行情酝酿中,-,军工高铁产业链,-,政策支持,高新技术产业,-,-
002935.SZ,002935,天奥电子,小盘股,工业,航空航天,航天,四川,18.92,主板,火山口 派出小部队勇吃鱼身,连续多天小涨 龟壳战术吃鱼头,-,-,2018/9/3,国务院国有资产监督管理委员会,中央企业,-,行情酝酿中,-,军工高铁产业链,-,政策支持,高新技术产业,-,-
002936.SZ,002936,郑州银行,迷你盘,金融,商业银行,区域性银行,河南,1.82,主板,火山口 派出小部队勇吃鱼身,连续多天小涨 龟壳战术吃鱼头,-,-,2018/9/19,无实际控制人,其他,-,行情酝酿中,大金融,-,-,行业成熟稳定,传统行业,-,-
002937.SZ,002937,兴瑞科技,中盘股,可选消费,汽车零部件与轮胎,汽车电子,浙江,31.64,主板,火山口 派出小部队勇吃鱼身,连续多天小涨 龟壳战术吃鱼头,-,-,2018/9/26,张忠良,民营企业,β高股息低波动 适合防御,表现超预期,新科技,-,-,政策支持,高新技术产业,-,-
002938.SZ,002938,鹏鼎控股,大盘股,信息技术,电子元件,印制电路板,深圳,62.12,主板,-,-,-,-,2018/9/18,无实际控制人,其他,β高股息低波动 适合防御,表现超预期,新科技,-,-,政策支持,高新技术产业,-,-
002939.SZ,002939,长城证券,小盘股,金融,证券公司,证券公司,深圳,9.2,主板,火山口 派出小部队勇吃鱼身,连续多天小涨 龟壳战术吃鱼头,-,-,2018/10/26,中国华能集团有限公司,中央企业,-,行情酝酿中,大金融,-,-,行业成熟稳定,传统行业,-,-
002940.SZ,002940,昂利康,大盘股,医药卫生,化学药,药品制剂,浙江,39.16,主板,-,-,有涨停 火山口战法吃鱼身,高人气,2018/10/23,方南平,民营企业,β高股息低波动 适合防御,表现超预期,大健康,-,-,政策支持,高新技术产业,消耗品,-
002941.SZ,002941,新疆交建,中盘股,工业,建筑与工程,基础设施建设,新疆,15.97,主板,火山口 派出小部队勇吃鱼身,连续多天小涨 龟壳战术吃鱼头,-,-,2018/11/28,新疆维吾尔自治区人民政府国有资产监督管理委员会,地方国有企业,β高股息低波动 适合防御,行情酝酿中,-,房地产产业链,-,行业成熟稳定,传统行业,耐用品,-
002942.SZ,002942,新农股份,迷你盘,原材料,农用化工,农药,浙江,19.29,主板,-,-,-,-,2018/12/5,徐群辉,民营企业,-,行情酝酿中,-,-,粮食,行业成熟稳定,传统行业,消耗品,-
002943.SZ,002943,宇晶股份,大盘股,工业,通用机械,加工机械,湖南,58.79,主板,-,-,有涨停 火山口战法吃鱼身,-,2018/11/29,杨宇红,民营企业,β高股息低波动 适合防御,表现超预期,新科技,-,制造业(工业母机),政策支持,高新技术产业,耐用品,-
002945.SZ,002945,华林证券,中盘股,金融,证券公司,证券公司,西藏,15.69,主板,火山口 派出小部队勇吃鱼身,-,-,-,2019/1/17,林立,民营企业,β高股息低波动 适合防御,行情酝酿中,大金融,-,-,行业成熟稳定,传统行业,-,-
002946.SZ,002946,新乳业,小盘股,主要消费,食品,乳制品,四川,18.08,主板,-,-,-,-,2019/1/25,Liu Chang,外资,-,行情酝酿中,大消费,-,-,行业成熟稳定,传统行业,消耗品,-
002947.SZ,002947,恒铭达,大盘股,信息技术,电子终端及组件,消费电子组件及零部件,江苏,71.32,主板,-,-,-,-,2019/2/1,荆世平,民营企业,β高股息低波动 适合防御,表现超预期,新科技,-,-,政策支持,高新技术产业,-,-
002948.SZ,002948,青岛银行,中盘股,金融,商业银行,区域性银行,山东,5.26,主板,火山口 派出小部队勇吃鱼身,连续多天小涨 龟壳战术吃鱼头,-,-,2019/1/16,无实际控制人,其他,β高股息低波动 适合防御,行情酝酿中,大金融,-,-,行业成熟稳定,传统行业,-,-
002949.SZ,002949,华阳国际,迷你盘,工业,建筑与工程,建筑设计及服务,深圳,14.08,主板,-,-,-,-,2019/2/26,唐崇武,外资,-,行情酝酿中,-,房地产产业链,-,行业成熟稳定,传统行业,耐用品,-
002950.SZ,002950,奥美医疗,中盘股,医药卫生,医疗器械,医疗耗材,湖北,13.16,主板,-,-,-,-,2019/3/11,崔金海,外资,β高股息低波动 适合防御,表现超预期,大健康,-,-,行业成熟稳定,传统行业,消耗品,-
002951.SZ,002951,金时科技,中盘股,原材料,容器与包装,纸材料包装,四川,15.66,主板,-,-,-,-,2019/3/15,李文秀,民营企业,β高股息低波动 适合防御,表现超预期,-,电子商务产业链,-,行业成熟稳定,传统行业,-,-
002952.SZ,002952,亚世光电,中盘股,信息技术,光学光电子,面板,辽宁,24.92,主板,-,-,-,-,2019/3/28,JIA JITAO,外资,β高股息低波动 适合防御,行情酝酿中,新科技,-,-,政策支持,高新技术产业,-,-
002953.SZ,002953,日丰股份,小盘股,可选消费,家用电器,家电零部件及其他,广东,12.46,主板,-,-,-,-,2019/5/9,冯就景,民营企业,-,表现超预期,新科技,特高压电力产业链,-,政策支持,高新技术产业,耐用品,-
002955.SZ,002955,鸿合科技,迷你盘,信息技术,电子终端及组件,安防设备及其他,深圳,25.33,主板,-,-,-,-,2019/5/23,无实际控制人,其他,-,行情酝酿中,新基建,-,-,政策支持,高新技术产业,-,-
002956.SZ,002956,西麦食品,迷你盘,主要消费,食品,休闲食品,广西,27.47,主板,-,-,-,-,2019/6/19,谢庆奎,民营企业,-,行情酝酿中,大消费,-,-,行业成熟稳定,传统行业,消耗品,-
002957.SZ,002957,科瑞技术,大盘股,工业,通用机械,电动机与工控自动化,深圳,45.97,主板,-,-,有涨停 火山口战法吃鱼身,-,2019/7/26,潘利明,外资,β高股息低波动 适合防御,表现超预期,-,-,制造业(工业母机),行业成熟稳定,高新技术产业,耐用品,-
002958.SZ,002958,青农商行,小盘股,金融,商业银行,区域性银行,山东,2.99,主板,火山口 派出小部队勇吃鱼身,连续多天小涨 龟壳战术吃鱼头,-,-,2019/3/26,无实际控制人,其他,-,行情酝酿中,大金融,-,-,行业成熟稳定,传统行业,-,-
002959.SZ,002959,小熊电器,小盘股,可选消费,家用电器,小家电,广东,42.68,主板,火山口 派出小部队勇吃鱼身,连续多天小涨 龟壳战术吃鱼头,-,-,2019/8/23,李一峰,民营企业,-,行情酝酿中,大消费,-,-,行业成熟稳定,传统行业,耐用品,-
002960.SZ,002960,青鸟消防,小盘股,工业,专用机械,楼宇设备,河北,12.08,主板,火山口 派出小部队勇吃鱼身,连续多天小涨 龟壳战术吃鱼头,-,-,2019/8/9,无实际控制人,其他,-,行情酝酿中,-,-,制造业(工业母机),行业成熟稳定,高新技术产业,耐用品,-
002961.SZ,002961,瑞达期货,中盘股,金融,其他资本市场,其他资本市场,福建,23.96,主板,火山口 派出小部队勇吃鱼身,-,-,-,2019/9/5,林志斌,民营企业,β高股息低波动 适合防御,行情酝酿中,大金融,-,-,行业成熟稳定,传统行业,-,-
002962.SZ,002962,五方光电,大盘股,信息技术,光学光电子,光学元件,湖北,17.35,主板,-,-,-,-,2019/9/17,廖彬斌,民营企业,β高股息低波动 适合防御,表现超预期,新科技,-,-,政策支持,高新技术产业,-,-
002963.SZ,002963,豪尔赛,小盘股,工业,建筑与工程,专业工程,北京,15.8,主板,-,-,-,-,2019/10/28,戴聪棋,民营企业,-,表现超预期,-,房地产产业链,-,行业成熟稳定,传统行业,耐用品,-
002965.SZ,002965,祥鑫科技,小盘股,可选消费,汽车零部件与轮胎,其他汽车零部件,广东,31.02,主板,火山口 派出小部队勇吃鱼身,-,-,-,2019/10/25,陈荣,民营企业,-,行情酝酿中,-,智能汽车产业链,-,政策支持,传统行业,消耗品,-
002966.SZ,002966,苏州银行,中盘股,金融,商业银行,区域性银行,江苏,8.67,主板,火山口 派出小部队勇吃鱼身,-,-,-,2019/8/2,苏州市财政局,地方国有企业,β高股息低波动 适合防御,行情酝酿中,大金融,-,-,行业成熟稳定,传统行业,-,-
002967.SZ,002967,广电计量,大盘股,工业,商业服务与用品,其他商业服务与用品,广东,22.15,主板,火山口 派出小部队勇吃鱼身,-,-,-,2019/11/8,广州市人民政府国有资产监督管理委员会,地方国有企业,β高股息低波动 适合防御,行情酝酿中,-,智能汽车产业链,制造业(工业母机),行业成熟稳定,传统行业,耐用品,-
002968.SZ,002968,新大正,迷你盘,房地产,房地产管理与服务,房地产管理,重庆,11.85,主板,火山口 派出小部队勇吃鱼身,-,-,-,2019/12/3,王宣,民营企业,-,行情酝酿中,-,房地产产业链,-,行业成熟稳定,传统行业,耐用品,-
002969.SZ,002969,嘉美包装,大盘股,原材料,容器与包装,金属、玻璃与塑料包装,安徽,22.57,主板,-,-,-,-,2019/12/2,俞浩,民营企业,β高股息低波动 适合防御,表现超预期,-,电子商务产业链,-,行业成熟稳定,传统行业,-,-
002970.SZ,002970,锐明技术,大盘股,信息技术,电子终端及组件,安防设备及其他,深圳,60.28,主板,-,连续多天小涨 龟壳战术吃鱼头,-,-,2019/12/17,无实际控制人,其他,β高股息低波动 适合防御,行情酝酿中,新基建,-,-,政策支持,高新技术产业,-,-
002971.SZ,002971,和远气体,小盘股,原材料,化学原料,其他化学原料,湖北,29.8,主板,-,-,-,-,2020/1/13,杨涛,民营企业,-,行情酝酿中,-,-,化工,行业成熟稳定,传统行业,耐用品,-
002972.SZ,002972,科安达,迷你盘,工业,交通运输设备,城轨铁路,深圳,12.93,主板,火山口 派出小部队勇吃鱼身,连续多天小涨 龟壳战术吃鱼头,-,-,2019/12/27,郭丰明,民营企业,-,行情酝酿中,-,-,制造业(工业母机),行业成熟稳定,传统行业,耐用品,-
002973.SZ,002973,侨银股份,小盘股,公用事业,市政环卫,市政环卫,广东,13.59,主板,-,-,-,-,2020/1/6,郭倍华,民营企业,-,行情酝酿中,-,-,民生,行业成熟稳定,传统行业,-,-
002975.SZ,002975,博杰股份,大盘股,工业,通用机械,电动机与工控自动化,广东,99.97,主板,-,-,有涨停 火山口战法吃鱼身,-,2020/2/5,王兆春,民营企业,β高股息低波动 适合防御,表现超预期,-,-,制造业(工业母机),行业成熟稳定,高新技术产业,耐用品,-
002976.SZ,002976,瑞玛精密,小盘股,可选消费,汽车零部件与轮胎,其他汽车零部件,江苏,29.02,主板,火山口 派出小部队勇吃鱼身,-,-,-,2020/3/6,陈晓敏,民营企业,-,行情酝酿中,-,智能汽车产业链,-,政策支持,传统行业,消耗品,-
002977.SZ,002977,天箭科技,小盘股,工业,航空航天,航天,四川,29.54,主板,火山口 派出小部队勇吃鱼身,连续多天小涨 龟壳战术吃鱼头,-,-,2020/3/17,楼继勇,民营企业,-,行情酝酿中,新基建,-,-,政策支持,高新技术产业,-,-
002978.SZ,002978,安宁股份,小盘股,原材料,其他有色金属及合金,钛,四川,34.23,主板,火山口 派出小部队勇吃鱼身,连续多天小涨 龟壳战术吃鱼头,-,-,2020/4/17,罗阳勇,民营企业,-,行情酝酿中,新能源,-,-,行业成熟稳定,传统行业,消耗品,-
002979.SZ,002979,雷赛智能,中盘股,工业,通用机械,电动机与工控自动化,深圳,39.89,主板,火山口 派出小部队勇吃鱼身,-,-,-,2020/4/8,李卫平,民营企业,β高股息低波动 适合防御,表现超预期,-,-,制造业(工业母机),行业成熟稳定,高新技术产业,耐用品,-
002980.SZ,002980,华盛昌,大盘股,工业,通用机械,仪器仪表,深圳,73.12,主板,-,-,有涨停 火山口战法吃鱼身,高人气,2020/4/15,袁剑敏,民营企业,β高股息低波动 适合防御,表现超预期,-,智能汽车产业链,制造业(工业母机),行业成熟稳定,传统行业,耐用品,-
002981.SZ,002981,朝阳科技,迷你盘,信息技术,电子终端及组件,消费电子终端,广东,24.41,主板,火山口 派出小部队勇吃鱼身,-,-,-,2020/4/17,郭丽勤,民营企业,-,行情酝酿中,新科技,-,-,政策支持,高新技术产业,-,-
002982.SZ,002982,湘佳股份,迷你盘,主要消费,养殖,畜牧产品,湖南,14.13,主板,火山口 派出小部队勇吃鱼身,-,-,-,2020/4/24,喻自文,民营企业,-,行情酝酿中,-,-,粮食,行业成熟稳定,传统行业,消耗品,-
002983.SZ,002983,芯瑞达,小盘股,信息技术,光学光电子,LED,安徽,24.66,主板,-,-,-,-,2020/4/28,彭友,民营企业,-,表现超预期,新科技,-,-,政策支持,高新技术产业,-,-
002984.SZ,002984,森麒麟,小盘股,可选消费,汽车零部件与轮胎,轮胎,山东,17.73,主板,火山口 派出小部队勇吃鱼身,连续多天小涨 龟壳战术吃鱼头,-,-,2020/9/11,秦龙,民营企业,-,行情酝酿中,-,智能汽车产业链,-,政策支持,传统行业,消耗品,-
002985.SZ,002985,北摩高科,中盘股,工业,航空航天,航空,北京,36.98,主板,火山口 派出小部队勇吃鱼身,连续多天小涨 龟壳战术吃鱼头,-,-,2020/4/29,王淑敏,民营企业,β高股息低波动 适合防御,行情酝酿中,-,军工高铁产业链,-,政策支持,高新技术产业,-,-
002986.SZ,002986,宇新股份,小盘股,原材料,化学原料,其他化学原料,广东,14.75,主板,-,-,-,-,2020/6/2,胡先念,民营企业,-,行情酝酿中,-,-,化工,行业成熟稳定,传统行业,耐用品,-
002987.SZ,002987,京北方,小盘股,信息技术,软件开发,行业应用软件,北京,16.66,主板,-,-,-,-,2020/5/7,费振勇,民营企业,-,行情酝酿中,国产替代,-,-,政策支持,传统行业,-,-
002988.SZ,002988,豪美新材,中盘股,原材料,工业金属,铝,广东,34.1,主板,-,-,-,-,2020/5/18,李雪琴,外资,β高股息低波动 适合防御,表现超预期,-,军工高铁产业链,-,行业成熟稳定,传统行业,消耗品,-
002989.SZ,002989,中天精装,中盘股,工业,建筑装修,建筑装修,深圳,27.2,主板,-,-,-,-,2020/6/10,东阳市人民政府国有资产监督管理办公室,地方国有企业,β高股息低波动 适合防御,表现超预期,-,房地产产业链,-,行业成熟稳定,传统行业,耐用品,-
002990.SZ,002990,盛视科技,大盘股,信息技术,信息技术服务,系统集成服务,深圳,50.95,主板,-,-,有涨停 火山口战法吃鱼身,高人气,2020/5/25,瞿磊,民营企业,β高股息低波动 适合防御,表现超预期,国产替代,-,-,政策支持,传统行业,-,-
002991.SZ,002991,甘源食品,迷你盘,主要消费,食品,休闲食品,江西,49.75,主板,-,-,-,-,2020/7/31,严斌生,民营企业,-,行情酝酿中,大消费,-,-,行业成熟稳定,传统行业,消耗品,-
002992.SZ,002992,宝明科技,小盘股,信息技术,光学光电子,LED,深圳,51.68,主板,火山口 派出小部队勇吃鱼身,-,-,-,2020/8/3,李军,民营企业,-,行情酝酿中,新科技,-,-,政策支持,高新技术产业,-,-
002993.SZ,002993,奥海科技,中盘股,信息技术,电子终端及组件,消费电子组件及零部件,广东,53.1,主板,火山口 派出小部队勇吃鱼身,-,-,-,2020/8/17,刘昊,民营企业,β高股息低波动 适合防御,表现超预期,新科技,-,-,政策支持,高新技术产业,-,-
002995.SZ,002995,天地在线,中盘股,通信服务,营销与广告,数字营销,北京,23.89,主板,-,-,-,-,2020/8/5,信意安,民营企业,β高股息低波动 适合防御,行情酝酿中,国产替代,电子商务产业链,-,政策支持,传统行业,-,-
002996.SZ,002996,顺博合金,迷你盘,工业,节能与生态修复,节能与资源回收,重庆,7.48,主板,火山口 派出小部队勇吃鱼身,-,-,-,2020/8/28,王增潮,民营企业,-,行情酝酿中,-,军工高铁产业链,-,行业成熟稳定,传统行业,消耗品,-
002997.SZ,002997,瑞鹄模具,小盘股,可选消费,汽车零部件与轮胎,其他汽车零部件,安徽,32.67,主板,火山口 派出小部队勇吃鱼身,连续多天小涨 龟壳战术吃鱼头,-,-,2020/9/3,柴震,民营企业,-,行情酝酿中,-,智能汽车产业链,-,政策支持,传统行业,消耗品,-
002998.SZ,002998,优彩资源,小盘股,原材料,化学纤维,锦纶与涤纶,江苏,9.25,主板,-,-,-,-,2020/9/25,戴泽新,民营企业,-,表现超预期,-,-,化工,行业成熟稳定,传统行业,耐用品,-
002999.SZ,002999,天禾股份,迷你盘,工业,商业服务与用品,贸易商,广东,6.87,主板,火山口 派出小部队勇吃鱼身,-,-,-,2020/9/3,广东省供销合作联社,地方国有企业,-,行情酝酿中,-,实体经济,-,行业成熟稳定,传统行业,-,-
003000.SZ,003000,劲仔食品,迷你盘,主要消费,食品,休闲食品,湖南,10.37,主板,火山口 派出小部队勇吃鱼身,连续多天小涨 龟壳战术吃鱼头,-,-,2020/9/14,周劲松,民营企业,-,行情酝酿中,大消费,-,-,行业成熟稳定,传统行业,消耗品,-
003001.SZ,003001,中岩大地,迷你盘,工业,建筑与工程,专业工程,北京,17.08,主板,火山口 派出小部队勇吃鱼身,连续多天小涨 龟壳战术吃鱼头,-,-,2020/10/13,王立建,民营企业,-,行情酝酿中,-,房地产产业链,-,行业成熟稳定,传统行业,耐用品,-
003002.SZ,003002,壶化股份,小盘股,原材料,化学制品,民爆制品,山西,28.36,主板,-,-,-,-,2020/9/22,秦跃中,民营企业,-,行情酝酿中,-,-,化工,行业成熟稳定,传统行业,耐用品,-
003003.SZ,003003,天元股份,迷你盘,原材料,容器与包装,纸材料包装,广东,13.16,主板,火山口 派出小部队勇吃鱼身,连续多天小涨 龟壳战术吃鱼头,-,-,2020/9/21,周孝伟,民营企业,-,行情酝酿中,-,电子商务产业链,-,行业成熟稳定,传统行业,-,-
003004.SZ,003004,*ST声迅,迷你盘,信息技术,信息技术服务,系统集成服务,北京,31.94,主板,火山口 派出小部队勇吃鱼身,连续多天小涨 龟壳战术吃鱼头,-,-,2020/11/26,谭政,民营企业,-,表现超预期,新基建,-,-,政策支持,高新技术产业,-,-
003005.SZ,003005,竞业达,迷你盘,信息技术,软件开发,行业应用软件,北京,18.08,主板,火山口 派出小部队勇吃鱼身,-,-,-,2020/9/22,钱瑞,民营企业,-,行情酝酿中,国产替代,-,-,政策支持,传统行业,-,-
003006.SZ,003006,百亚股份,小盘股,主要消费,家庭用品,家庭用品,重庆,16.66,主板,-,-,-,-,2020/9/21,冯永林,民营企业,-,行情酝酿中,-,-,化工,行业成熟稳定,传统行业,消耗品,-
003007.SZ,003007,直真科技,中盘股,信息技术,软件开发,行业应用软件,北京,43.85,主板,火山口 派出小部队勇吃鱼身,-,-,-,2020/9/23,袁隽,民营企业,β高股息低波动 适合防御,行情酝酿中,国产替代,-,-,政策支持,传统行业,-,有量化参与
003008.SZ,003008,开普检测,迷你盘,工业,商业服务与用品,其他商业服务与用品,河南,23.52,主板,火山口 派出小部队勇吃鱼身,连续多天小涨 龟壳战术吃鱼头,-,-,2020/9/23,无实际控制人,其他,-,表现超预期,新科技,特高压电力产业链,-,政策支持,高新技术产业,耐用品,-
003009.SZ,003009,中天火箭,中盘股,工业,航空航天,航天,陕西,58.41,主板,火山口 派出小部队勇吃鱼身,连续多天小涨 龟壳战术吃鱼头,-,-,2020/9/25,中国航天科技集团有限公司,中央企业,β高股息低波动 适合防御,行情酝酿中,-,军工高铁产业链,-,政策支持,高新技术产业,-,-
003010.SZ,003010,若羽臣,中盘股,可选消费,互联网零售,互联网零售,广东,31.54,主板,火山口 派出小部队勇吃鱼身,连续多天小涨 龟壳战术吃鱼头,-,-,2020/9/25,王玉,民营企业,β高股息低波动 适合防御,行情酝酿中,国产替代,电子商务产业链,-,政策支持,传统行业,-,-
003011.SZ,003011,海象新材,迷你盘,工业,建筑产品,建筑产品,浙江,23.95,主板,火山口 派出小部队勇吃鱼身,-,-,-,2020/9/30,王周林,民营企业,-,行情酝酿中,大消费,-,-,行业成熟稳定,传统行业,耐用品,-
003012.SZ,003012,东鹏控股,迷你盘,工业,建筑产品,建筑产品,广东,6.16,主板,-,-,-,-,2020/10/19,何新明,民营企业,-,行情酝酿中,-,-,化工,行业成熟稳定,传统行业,消耗品,-
003013.SZ,003013,地铁设计,迷你盘,工业,建筑与工程,建筑设计及服务,广东,13.22,主板,火山口 派出小部队勇吃鱼身,连续多天小涨 龟壳战术吃鱼头,-,-,2020/10/22,广州市人民政府国有资产监督管理委员会,地方国有企业,-,行情酝酿中,-,房地产产业链,-,行业成熟稳定,传统行业,耐用品,-
003015.SZ,003015,日久光电,中盘股,信息技术,光学光电子,面板,江苏,16.34,主板,-,连续多天小涨 龟壳战术吃鱼头,-,-,2020/10/21,陈超,民营企业,β高股息低波动 适合防御,表现超预期,新科技,-,-,政策支持,高新技术产业,-,-
003016.SZ,003016,欣贺股份,迷你盘,可选消费,纺织服装,服装,福建,8.13,主板,火山口 派出小部队勇吃鱼身,-,-,-,2020/10/26,孙瑞鸿,外资,-,行情酝酿中,大消费,-,-,行业成熟稳定,传统行业,耐用品,-
003017.SZ,003017,大洋生物,迷你盘,原材料,化学原料,无机盐,浙江,30.86,主板,火山口 派出小部队勇吃鱼身,连续多天小涨 龟壳战术吃鱼头,-,-,2020/10/26,陈阳贵,民营企业,-,行情酝酿中,-,-,化工,行业成熟稳定,传统行业,耐用品,-
003018.SZ,003018,金富科技,大盘股,原材料,容器与包装,金属、玻璃与塑料包装,广东,39.22,主板,-,-,有涨停 火山口战法吃鱼身,-,2020/11/6,陈金培,民营企业,β高股息低波动 适合防御,表现超预期,-,-,化工,行业成熟稳定,传统行业,消耗品,-
003019.SZ,003019,宸展光电,小盘股,信息技术,光学光电子,面板,福建,33.24,主板,-,-,-,-,2020/11/17,Michael Chao-Juei Chiang,外资,-,表现超预期,新科技,-,-,政策支持,高新技术产业,-,-
003020.SZ,003020,立方制药,迷你盘,医药卫生,化学药,药品制剂,安徽,24.2,主板,-,-,-,-,2020/12/15,季俊虬,民营企业,-,行情酝酿中,大健康,-,-,政策支持,高新技术产业,消耗品,-
003021.SZ,003021,兆威机电,中盘股,工业,通用机械,动力机械,深圳,101.71,主板,火山口 派出小部队勇吃鱼身,-,-,-,2020/12/4,李海周,民营企业,β高股息低波动 适合防御,行情酝酿中,新科技,-,-,政策支持,高新技术产业,-,-
003022.SZ,003022,联泓新科,大盘股,原材料,化学制品,其他化学制品,山东,22.52,主板,-,-,-,-,2020/12/8,无实际控制人,其他,β高股息低波动 适合防御,表现超预期,-,-,化工,行业成熟稳定,传统行业,耐用品,-
003023.SZ,003023,彩虹集团,中盘股,可选消费,家用电器,小家电,四川,28.85,主板,-,-,-,-,2020/12/11,刘荣富,民营企业,β高股息低波动 适合防御,表现超预期,大消费,-,-,行业成熟稳定,传统行业,耐用品,-
003025.SZ,003025,思进智能,小盘股,工业,通用机械,电动机与工控自动化,浙江,13.89,主板,火山口 派出小部队勇吃鱼身,连续多天小涨 龟壳战术吃鱼头,-,-,2020/12/11,李忠明,民营企业,-,行情酝酿中,新科技,-,制造业(工业母机),政策支持,高新技术产业,耐用品,-
003026.SZ,003026,中晶科技,中盘股,信息技术,半导体材料与设备,半导体材料,浙江,36.66,主板,火山口 派出小部队勇吃鱼身,-,-,-,2020/12/18,徐一俊,民营企业,β高股息低波动 适合防御,行情酝酿中,新科技,-,-,政策支持,高新技术产业,-,-
003027.SZ,003027,同兴科技,中盘股,工业,污染治理,烟气治理,安徽,22.94,主板,-,-,-,-,2020/12/18,郑光明,民营企业,β高股息低波动 适合防御,表现超预期,-,-,民生,行业成熟稳定,传统行业,-,-
003028.SZ,003028,振邦智能,迷你盘,信息技术,电子终端及组件,安防设备及其他,深圳,28.48,主板,-,-,-,-,2020/12/28,陈志杰,民营企业,-,行情酝酿中,新科技,-,-,政策支持,高新技术产业,-,-
003029.SZ,003029,吉大正元,小盘股,信息技术,软件开发,通用软件,吉林,21.55,主板,火山口 派出小部队勇吃鱼身,-,-,-,2020/12/24,于逢良,民营企业,-,行情酝酿中,国产替代,-,-,政策支持,传统行业,-,-
003030.SZ,003030,祖名股份,迷你盘,主要消费,种植,农产品,浙江,20.24,主板,火山口 派出小部队勇吃鱼身,连续多天小涨 龟壳战术吃鱼头,-,-,2021/1/6,蔡祖明,民营企业,-,行情酝酿中,大消费,-,-,行业成熟稳定,传统行业,消耗品,-
003031.SZ,003031,中瓷电子,大盘股,通信服务,通信设备,通信系统设备及组件,河北,112.48,主板,-,-,有涨停 火山口战法吃鱼身,-,2021/1/4,国务院国有资产监督管理委员会,中央企业,β高股息低波动 适合防御,表现超预期,新科技,-,-,政策支持,高新技术产业,-,-
003032.SZ,003032,*ST传智,迷你盘,可选消费,教育服务,培训教育及其他,江苏,6.38,主板,-,-,-,-,2021/1/12,黎活明,民营企业,-,行情酝酿中,-,-,文化体育,行业成熟稳定,传统行业,-,-
003033.SZ,003033,征和工业,小盘股,工业,通用机械,其他通用机械,山东,61.68,主板,火山口 派出小部队勇吃鱼身,连续多天小涨 龟壳战术吃鱼头,-,-,2021/1/11,金玉谟,民营企业,-,行情酝酿中,-,智能汽车产业链,-,政策支持,传统行业,消耗品,-
003035.SZ,003035,南网能源,大盘股,工业,节能与生态修复,节能与资源回收,广东,7.94,主板,火山口 派出小部队勇吃鱼身,连续多天小涨 龟壳战术吃鱼头,-,-,2021/1/19,国务院国有资产监督管理委员会,中央企业,β高股息低波动 适合防御,行情酝酿中,-,特高压电力产业链,-,政策支持,高新技术产业,-,-
003036.SZ,003036,泰坦股份,中盘股,工业,专用机械,纺织服装机械,浙江,28.35,主板,-,-,有涨停 火山口战法吃鱼身,高人气,2021/1/28,陈其新,民营企业,β高股息低波动 适合防御,表现超预期,-,-,制造业(工业母机),行业成熟稳定,传统行业,耐用品,-
003037.SZ,003037,三和管桩,迷你盘,原材料,建筑材料,水泥与混凝土,广东,7.13,主板,火山口 派出小部队勇吃鱼身,连续多天小涨 龟壳战术吃鱼头,-,-,2021/2/4,韦泽林,民营企业,-,行情酝酿中,-,房地产产业链,-,行业成熟稳定,传统行业,耐用品,-
003038.SZ,003038,鑫铂股份,中盘股,原材料,工业金属,铝,安徽,15.11,主板,-,-,-,-,2021/2/10,唐开健,民营企业,β高股息低波动 适合防御,行情酝酿中,-,军工高铁产业链,-,行业成熟稳定,传统行业,消耗品,-
003039.SZ,003039,顺控发展,迷你盘,公用事业,水务,水务,广东,14.49,主板,-,-,-,-,2021/3/8,佛山市顺德区国有资产监督管理局,地方国有企业,-,行情酝酿中,-,-,民生,行业成熟稳定,传统行业,耐用品,-
003040.SZ,003040,楚天龙,小盘股,通信服务,通信设备,通信终端设备及组件,广东,16.09,主板,火山口 派出小部队勇吃鱼身,连续多天小涨 龟壳战术吃鱼头,-,-,2021/3/22,陈丽英,民营企业,-,行情酝酿中,新基建,-,-,政策支持,高新技术产业,-,-
003041.SZ,003041,真爱美家,大盘股,可选消费,纺织服装,家用纺织,浙江,57.78,主板,火山口 派出小部队勇吃鱼身,-,有涨停 火山口战法吃鱼身,高人气,2021/4/6,黎展,民营企业,β高股息低波动 适合防御,表现超预期,-,-,化工,行业成熟稳定,传统行业,消耗品,-
003042.SZ,003042,中农联合,小盘股,原材料,农用化工,农药,山东,17,主板,-,-,-,-,2021/4/6,中国供销集团有限公司,中央企业,-,行情酝酿中,-,-,粮食,行业成熟稳定,传统行业,消耗品,-
003043.SZ,003043,华亚智能,中盘股,工业,通用机械,其他通用机械,江苏,55.91,主板,-,-,-,-,2021/4/6,王彩男,民营企业,β高股息低波动 适合防御,表现超预期,新科技,-,-,政策支持,高新技术产业,-,-
003816.SZ,003816,中国广核,大盘股,公用事业,电力及电网,核电,深圳,4.39,主板,火山口 派出小部队勇吃鱼身,连续多天小涨 龟壳战术吃鱼头,-,-,2019/8/26,国务院国有资产监督管理委员会,中央企业,β高股息低波动 适合防御,行情酝酿中,-,特高压电力产业链,-,政策支持,高新技术产业,-,-
300001.SZ,300001,特锐德,大盘股,工业,电网设备,配电设备,山东,28.91,创业板,火山口 派出小部队勇吃鱼身,连续多天小涨 龟壳战术吃鱼头,-,-,2009/10/30,于德翔,民营企业,-,行情酝酿中,新科技,特高压电力产业链,-,政策支持,高新技术产业,耐用品,-
300002.SZ,300002,神州泰岳,中盘股,通信服务,文化娱乐,游戏,北京,9.64,创业板,火山口 派出小部队勇吃鱼身,连续多天小涨 龟壳战术吃鱼头,-,-,2009/10/30,无实际控制人,其他,-,行情酝酿中,国产替代,电子商务产业链,-,政策支持,传统行业,-,-
300003.SZ,300003,乐普医疗,中盘股,医药卫生,医疗器械,医疗耗材,北京,16.35,创业板,火山口 派出小部队勇吃鱼身,-,-,-,2009/10/30,蒲忠杰,民营企业,-,行情酝酿中,大健康,-,-,行业成熟稳定,传统行业,消耗品,-
300004.SZ,300004,南风股份,中盘股,工业,专用机械,楼宇设备,广东,14.23,创业板,-,-,-,-,2009/10/30,佛山市南海区国有资产监督管理局,地方国有企业,-,表现超预期,新科技,特高压电力产业链,-,政策支持,高新技术产业,耐用品,-
300005.SZ,300005,探路者,中盘股,可选消费,纺织服装,服装,北京,14.52,创业板,火山口 派出小部队勇吃鱼身,连续多天小涨 龟壳战术吃鱼头,-,-,2009/10/30,李明,民营企业,-,行情酝酿中,大消费,-,-,行业成熟稳定,传统行业,耐用品,-
300006.SZ,300006,莱美药业,大盘股,医药卫生,化学药,药品制剂,重庆,6.47,创业板,-,-,-,-,2009/10/30,广西壮族自治区人民政府国有资产监督管理委员会,地方国有企业,-,行情酝酿中,大健康,-,-,政策支持,高新技术产业,消耗品,-
300007.SZ,300007,汉威科技,大盘股,工业,通用机械,仪器仪表,河南,44.29,创业板,火山口 派出小部队勇吃鱼身,-,-,-,2009/10/30,任红军,民营企业,-,行情酝酿中,-,智能汽车产业链,制造业(工业母机),行业成熟稳定,传统行业,耐用品,-
300008.SZ,300008,天海防务,大盘股,工业,交通运输设备,船舶及其他航运设备,上海,7.64,创业板,火山口 派出小部队勇吃鱼身,-,-,-,2009/10/30,何旭东,民营企业,-,行情酝酿中,-,军工高铁产业链,-,政策支持,传统行业,-,-
300009.SZ,300009,安科生物,中盘股,医药卫生,生物药品,其他生物药品,安徽,9.87,创业板,火山口 派出小部队勇吃鱼身,连续多天小涨 龟壳战术吃鱼头,-,-,2009/10/30,宋礼华,民营企业,-,行情酝酿中,大健康,-,-,政策支持,高新技术产业,消耗品,-
300010.SZ,300010,豆神教育,中盘股,信息技术,软件开发,行业应用软件,北京,6.11,创业板,-,-,-,-,2009/10/30,窦昕,民营企业,-,行情酝酿中,国产替代,-,-,政策支持,传统行业,-,-
300011.SZ,300011,鼎汉技术,迷你盘,工业,交通运输设备,城轨铁路,北京,7.43,创业板,-,-,-,-,2009/10/30,广州市人民政府,地方国有企业,"阿尔法高波动,等待周期更长,20厘米涨停爆发性强",行情酝酿中,-,-,制造业(工业母机),行业成熟稳定,传统行业,耐用品,-
300012.SZ,300012,华测检测,大盘股,工业,商业服务与用品,其他商业服务与用品,深圳,15.95,创业板,火山口 派出小部队勇吃鱼身,连续多天小涨 龟壳战术吃鱼头,-,-,2009/10/30,万峰,民营企业,-,行情酝酿中,-,智能汽车产业链,制造业(工业母机),行业成熟稳定,传统行业,耐用品,-
300013.SZ,300013,新宁物流,迷你盘,工业,运输业,物流综合,河南,3.72,创业板,-,-,-,-,2009/10/30,河南省财政厅,地方国有企业,"阿尔法高波动,等待周期更长,20厘米涨停爆发性强",行情酝酿中,-,电子商务产业链,-,政策支持,传统行业,-,-
300014.SZ,300014,亿纬锂能,大盘股,工业,储能设备,电池,广东,69.85,创业板,-,-,-,-,2009/10/30,刘金成,民营企业,-,表现超预期,新科技,特高压电力产业链,-,政策支持,高新技术产业,耐用品,-
300015.SZ,300015,爱尔眼科,大盘股,医药卫生,医疗商业与服务,医疗服务,湖南,9.46,创业板,火山口 派出小部队勇吃鱼身,-,-,-,2009/10/30,陈邦,民营企业,-,行情酝酿中,大健康,-,-,行业成熟稳定,传统行业,消耗品,-
300016.SZ,300016,北陆药业,中盘股,医药卫生,化学药,药品制剂,北京,10.08,创业板,-,-,-,-,2009/10/30,王代雪,民营企业,-,行情酝酿中,大健康,-,-,政策支持,高新技术产业,消耗品,-
300017.SZ,300017,网宿科技,大盘股,通信服务,数据中心,数据中心,上海,18.9,创业板,-,-,-,-,2009/10/30,无实际控制人,其他,-,表现超预期,国产替代,-,-,政策支持,传统行业,-,-
300018.SZ,300018,中元股份,中盘股,工业,电网设备,电网自动化,湖北,13.6,创业板,-,-,-,-,2009/10/30,朱双全,民营企业,-,行情酝酿中,新科技,特高压电力产业链,-,政策支持,高新技术产业,耐用品,-
300019.SZ,300019,硅宝科技,中盘股,原材料,化学制品,胶黏剂及胶带,四川,19.97,创业板,火山口 派出小部队勇吃鱼身,-,-,-,2009/10/30,无实际控制人,其他,-,行情酝酿中,-,-,化工,行业成熟稳定,传统行业,耐用品,-
300020.SZ,300020,ST银江,小盘股,信息技术,信息技术服务,系统集成服务,浙江,3.84,创业板,-,-,-,-,2009/10/30,王辉,民营企业,"阿尔法高波动,等待周期更长,20厘米涨停爆发性强",表现超预期,国产替代,-,-,政策支持,传统行业,-,-
300021.SZ,300021,大禹节水,迷你盘,工业,专用机械,农业机械,甘肃,4.3,创业板,-,-,-,-,2009/10/30,王浩宇,民营企业,"阿尔法高波动,等待周期更长,20厘米涨停爆发性强",行情酝酿中,-,房地产产业链,-,行业成熟稳定,传统行业,耐用品,-
300022.SZ,300022,吉峰科技,中盘股,工业,商业服务与用品,贸易商,四川,9.83,创业板,火山口 派出小部队勇吃鱼身,连续多天小涨 龟壳战术吃鱼头,-,-,2009/10/30,田刚印,民营企业,-,行情酝酿中,-,-,制造业(工业母机),行业成熟稳定,传统行业,耐用品,-
300024.SZ,300024,机器人,中盘股,工业,通用机械,电动机与工控自动化,辽宁,15.03,创业板,火山口 派出小部队勇吃鱼身,-,-,-,2009/10/30,中国科学院,中央企业,-,行情酝酿中,-,-,制造业(工业母机),行业成熟稳定,高新技术产业,耐用品,-
300025.SZ,300025,华星创业,小盘股,通信服务,通信技术服务,通信技术服务,浙江,5.24,创业板,-,-,-,-,2009/10/30,朱东成,民营企业,"阿尔法高波动,等待周期更长,20厘米涨停爆发性强",行情酝酿中,新基建,-,-,政策支持,高新技术产业,-,-
300026.SZ,300026,红日药业,中盘股,医药卫生,中药,中成药,天津,3.54,创业板,-,-,-,-,2009/10/30,成都市国有资产监督管理委员会,地方国有企业,-,行情酝酿中,大健康,-,-,行业成熟稳定,传统行业,消耗品,-
300027.SZ,300027,华谊兄弟,大盘股,通信服务,文化娱乐,影视动漫,浙江,2.09,创业板,-,-,有涨停 火山口战法吃鱼身,高人气,2009/10/30,王忠军,民营企业,-,表现超预期,-,-,文化体育,行业成熟稳定,传统行业,-,-
300029.SZ,300029,*ST天龙,迷你盘,工业,建筑与工程,基础设施建设,江苏,4.49,创业板,-,-,-,-,2009/12/25,无实际控制人,其他,"阿尔法高波动,等待周期更长,20厘米涨停爆发性强",表现超预期,-,房地产产业链,-,行业成熟稳定,传统行业,耐用品,-
300030.SZ,300030,阳普医疗,迷你盘,医药卫生,医疗器械,医疗耗材,广东,7.64,创业板,-,-,-,-,2009/12/25,珠海市人民政府国有资产监督管理委员会,地方国有企业,"阿尔法高波动,等待周期更长,20厘米涨停爆发性强",行情酝酿中,大健康,-,-,行业成熟稳定,传统行业,消耗品,-
300031.SZ,300031,宝通科技,小盘股,通信服务,文化娱乐,游戏,江苏,21.46,创业板,火山口 派出小部队勇吃鱼身,连续多天小涨 龟壳战术吃鱼头,-,-,2009/12/25,包志方,民营企业,"阿尔法高波动,等待周期更长,20厘米涨停爆发性强",行情酝酿中,国产替代,电子商务产业链,-,政策支持,传统行业,-,-
300032.SZ,300032,金龙机电,中盘股,信息技术,电子终端及组件,消费电子组件及零部件,浙江,6.01,创业板,火山口 派出小部队勇吃鱼身,连续多天小涨 龟壳战术吃鱼头,-,-,2009/12/25,赵宝泽,民营企业,-,行情酝酿中,新科技,-,-,政策支持,高新技术产业,-,-
300033.SZ,300033,同花顺,大盘股,信息技术,软件开发,行业应用软件,浙江,240.88,创业板,火山口 派出小部队勇吃鱼身,-,-,-,2009/12/25,易峥,民营企业,-,表现超预期,国产替代,-,-,政策支持,传统行业,-,-
300034.SZ,300034,钢研高纳,中盘股,工业,航空航天,航空,北京,19.27,创业板,火山口 派出小部队勇吃鱼身,连续多天小涨 龟壳战术吃鱼头,-,-,2009/12/25,国务院国有资产监督管理委员会,中央企业,-,行情酝酿中,-,军工高铁产业链,-,政策支持,高新技术产业,-,-
300035.SZ,300035,中科电气,大盘股,工业,储能设备,电池部件及材料,湖南,22.86,创业板,火山口 派出小部队勇吃鱼身,-,-,-,2009/12/25,余新,民营企业,-,行情酝酿中,新科技,特高压电力产业链,-,政策支持,高新技术产业,耐用品,-
300036.SZ,300036,超图软件,中盘股,信息技术,软件开发,通用软件,北京,15.99,创业板,火山口 派出小部队勇吃鱼身,连续多天小涨 龟壳战术吃鱼头,-,-,2009/12/25,钟耳顺,民营企业,-,行情酝酿中,国产替代,-,-,政策支持,传统行业,-,-
300037.SZ,300037,新宙邦,大盘股,工业,储能设备,电池部件及材料,深圳,62.77,创业板,-,-,-,-,2010/1/8,覃九三,民营企业,-,表现超预期,-,-,化工,行业成熟稳定,传统行业,耐用品,-
300039.SZ,300039,上海凯宝,小盘股,医药卫生,中药,中成药,上海,6,创业板,火山口 派出小部队勇吃鱼身,连续多天小涨 龟壳战术吃鱼头,-,-,2010/1/8,穆竟伟,民营企业,"阿尔法高波动,等待周期更长,20厘米涨停爆发性强",行情酝酿中,大健康,-,-,行业成熟稳定,传统行业,消耗品,-
300040.SZ,300040,九洲集团,中盘股,公用事业,电力及电网,风电,黑龙江,6.72,创业板,-,-,-,-,2010/1/8,李寅,民营企业,-,行情酝酿中,-,特高压电力产业链,-,政策支持,高新技术产业,-,-
300041.SZ,300041,回天新材,小盘股,原材料,化学制品,胶黏剂及胶带,湖北,11.19,创业板,火山口 派出小部队勇吃鱼身,连续多天小涨 龟壳战术吃鱼头,-,-,2010/1/8,章力,民营企业,"阿尔法高波动,等待周期更长,20厘米涨停爆发性强",行情酝酿中,-,-,化工,行业成熟稳定,传统行业,耐用品,-
300042.SZ,300042,朗科科技,大盘股,信息技术,电子终端及组件,电脑与外围设备,深圳,49.12,创业板,-,-,-,-,2010/1/8,韶关市人民政府国有资产监督管理委员会,地方国有企业,-,表现超预期,新基建,-,-,政策支持,高新技术产业,-,-
300043.SZ,300043,星辉娱乐,中盘股,通信服务,文化娱乐,游戏,广东,5.63,创业板,火山口 派出小部队勇吃鱼身,连续多天小涨 龟壳战术吃鱼头,-,-,2010/1/20,陈雁升,民营企业,-,行情酝酿中,国产替代,电子商务产业链,-,政策支持,传统行业,-,-
300044.SZ,300044,ST赛为,中盘股,信息技术,信息技术服务,系统集成服务,深圳,6.68,创业板,-,-,-,-,2010/1/20,周勇,民营企业,-,行情酝酿中,国产替代,-,-,政策支持,传统行业,-,-
300045.SZ,300045,华力创通,大盘股,工业,航空航天,航天,北京,23.1,创业板,火山口 派出小部队勇吃鱼身,连续多天小涨 龟壳战术吃鱼头,-,-,2010/1/20,高小离,民营企业,-,表现超预期,新基建,-,-,政策支持,高新技术产业,-,-
300046.SZ,300046,台基股份,小盘股,信息技术,分立器件,分立器件,湖北,31.84,创业板,火山口 派出小部队勇吃鱼身,-,-,-,2010/1/20,湖北省人民政府国有资产监督管理委员会,地方国有企业,"阿尔法高波动,等待周期更长,20厘米涨停爆发性强",行情酝酿中,新科技,-,-,政策支持,高新技术产业,-,-
300047.SZ,300047,天源迪科,中盘股,信息技术,软件开发,行业应用软件,深圳,12.31,创业板,火山口 派出小部队勇吃鱼身,-,-,-,2010/1/20,无实际控制人,其他,-,行情酝酿中,国产替代,-,-,政策支持,传统行业,-,-
300048.SZ,300048,合康新能,中盘股,工业,通用机械,电动机与工控自动化,北京,6.85,创业板,火山口 派出小部队勇吃鱼身,连续多天小涨 龟壳战术吃鱼头,-,-,2010/1/20,何享健,民营企业,-,行情酝酿中,新科技,特高压电力产业链,-,政策支持,高新技术产业,耐用品,-
300049.SZ,300049,福瑞医科,中盘股,医药卫生,医疗器械,医疗设备,内蒙,56.98,创业板,-,连续多天小涨 龟壳战术吃鱼头,-,-,2010/1/20,王冠一,民营企业,-,行情酝酿中,大健康,-,-,行业成熟稳定,传统行业,消耗品,-
300050.SZ,300050,世纪鼎利,中盘股,通信服务,通信技术服务,通信技术服务,广东,7.3,创业板,-,-,-,-,2010/1/20,吴晨明,民营企业,-,表现超预期,新基建,-,-,政策支持,高新技术产业,-,-
300051.SZ,300051,琏升科技,大盘股,信息技术,信息技术服务,其他IT与互联网服务,江苏,16.28,创业板,-,-,有涨停 火山口战法吃鱼身,高人气,2010/2/11,王新,民营企业,-,表现超预期,-,实体经济,-,行业成熟稳定,传统行业,-,-
300052.SZ,300052,中青宝,大盘股,通信服务,文化娱乐,游戏,深圳,14,创业板,-,-,-,-,2010/2/11,李瑞杰,民营企业,-,表现超预期,国产替代,电子商务产业链,-,政策支持,传统行业,-,-
300053.SZ,300053,航宇微,大盘股,工业,航空航天,航空,广东,18.38,创业板,火山口 派出小部队勇吃鱼身,连续多天小涨 龟壳战术吃鱼头,-,-,2010/2/11,珠海市人民政府国有资产监督管理委员会,地方国有企业,-,行情酝酿中,新科技,-,-,政策支持,高新技术产业,-,-
300054.SZ,300054,鼎龙股份,大盘股,工业,商业服务与用品,办公服务与用品,湖北,53,创业板,火山口 派出小部队勇吃鱼身,-,-,-,2010/2/11,朱双全,民营企业,-,行情酝酿中,-,-,化工,行业成熟稳定,传统行业,耐用品,-
300055.SZ,300055,万邦达,中盘股,原材料,化学原料,其他化学原料,北京,12.38,创业板,-,-,-,-,2010/2/26,王飘扬,民营企业,-,表现超预期,-,-,能源,行业成熟稳定,传统行业,消耗品,-
300056.SZ,300056,中创环保,小盘股,工业,污染治理,烟气治理,福建,9.22,创业板,-,-,-,-,2010/2/26,无实际控制人,其他,"阿尔法高波动,等待周期更长,20厘米涨停爆发性强",表现超预期,-,-,民生,行业成熟稳定,传统行业,-,-
300057.SZ,300057,万顺新材,大盘股,原材料,容器与包装,金属、玻璃与塑料包装,广东,7.35,创业板,-,-,-,-,2010/2/26,杜成城,民营企业,-,行情酝酿中,-,军工高铁产业链,-,行业成熟稳定,传统行业,消耗品,-
300058.SZ,300058,蓝色光标,大盘股,通信服务,营销与广告,数字营销,北京,18,创业板,-,-,-,-,2010/2/26,无实际控制人,其他,-,表现超预期,-,电子商务产业链,-,行业成熟稳定,传统行业,-,-
300059.SZ,300059,东方财富,大盘股,金融,证券公司,证券公司,上海,20.04,创业板,火山口 派出小部队勇吃鱼身,-,-,-,2010/3/19,其实,民营企业,-,表现超预期,大金融,-,-,行业成熟稳定,传统行业,-,-
300061.SZ,300061,旗天科技,小盘股,通信服务,营销与广告,数字营销,上海,8.14,创业板,火山口 派出小部队勇吃鱼身,-,-,-,2010/3/19,无实际控制人,其他,"阿尔法高波动,等待周期更长,20厘米涨停爆发性强",行情酝酿中,国产替代,电子商务产业链,-,政策支持,传统行业,-,-
300062.SZ,300062,中能电气,小盘股,工业,电网设备,配电设备,福建,7.77,创业板,火山口 派出小部队勇吃鱼身,连续多天小涨 龟壳战术吃鱼头,-,-,2010/3/19,陈添旭,民营企业,"阿尔法高波动,等待周期更长,20厘米涨停爆发性强",行情酝酿中,新科技,特高压电力产业链,-,政策支持,高新技术产业,耐用品,-
300063.SZ,300063,天龙集团,大盘股,通信服务,营销与广告,数字营销,广东,12.22,创业板,火山口 派出小部队勇吃鱼身,-,-,-,2010/3/26,冯毅,民营企业,-,行情酝酿中,国产替代,电子商务产业链,-,政策支持,传统行业,-,-
300065.SZ,300065,海兰信,大盘股,工业,交通运输设备,船舶及其他航运设备,北京,27.46,创业板,火山口 派出小部队勇吃鱼身,连续多天小涨 龟壳战术吃鱼头,-,-,2010/3/26,申万秋,民营企业,-,表现超预期,-,军工高铁产业链,-,政策支持,传统行业,-,-
300066.SZ,300066,三川智慧,小盘股,工业,通用机械,仪器仪表,江西,6.54,创业板,火山口 派出小部队勇吃鱼身,-,-,-,2010/3/26,李建林,民营企业,"阿尔法高波动,等待周期更长,20厘米涨停爆发性强",行情酝酿中,-,智能汽车产业链,制造业(工业母机),行业成熟稳定,传统行业,耐用品,-
300068.SZ,300068,南都电源,大盘股,工业,储能设备,电池,浙江,12.72,创业板,-,-,-,-,2010/4/21,周庆治,外资,-,表现超预期,新科技,特高压电力产业链,-,政策支持,高新技术产业,耐用品,-
300069.SZ,300069,金利华电,中盘股,工业,电网设备,线缆及其他,山西,22.85,创业板,-,-,-,-,2010/4/21,韩泽帅,民营企业,-,表现超预期,新科技,特高压电力产业链,-,政策支持,高新技术产业,耐用品,-
300070.SZ,300070,碧水源,中盘股,工业,污染治理,污水处理,北京,4.02,创业板,-,-,-,-,2010/4/21,国务院国有资产监督管理委员会,中央企业,-,表现超预期,-,-,民生,行业成熟稳定,传统行业,-,-
300071.SZ,300071,福石控股,中盘股,通信服务,营销与广告,数字营销,北京,5.05,创业板,-,-,-,-,2010/4/21,陈永亮,民营企业,-,表现超预期,-,电子商务产业链,-,行业成熟稳定,传统行业,-,-
300072.SZ,300072,海新能科,中盘股,工业,节能与生态修复,节能与资源回收,北京,4.67,创业板,-,-,-,-,2010/4/27,北京市海淀区人民政府国有资产监督管理委员会,地方国有企业,-,行情酝酿中,-,-,化工,行业成熟稳定,传统行业,耐用品,-
300073.SZ,300073,当升科技,大盘股,工业,储能设备,电池部件及材料,北京,57.84,创业板,火山口 派出小部队勇吃鱼身,-,-,-,2010/4/27,国务院国有资产监督管理委员会,中央企业,-,行情酝酿中,新科技,特高压电力产业链,-,政策支持,高新技术产业,耐用品,-
300074.SZ,300074,华平股份,迷你盘,信息技术,信息技术服务,系统集成服务,上海,4.07,创业板,-,-,-,-,2010/4/27,叶顺彭,民营企业,"阿尔法高波动,等待周期更长,20厘米涨停爆发性强",行情酝酿中,国产替代,-,-,政策支持,传统行业,-,-
300075.SZ,300075,数字政通,小盘股,信息技术,软件开发,行业应用软件,北京,12.7,创业板,火山口 派出小部队勇吃鱼身,-,-,-,2010/4/27,吴强华,民营企业,"阿尔法高波动,等待周期更长,20厘米涨停爆发性强",行情酝酿中,国产替代,-,-,政策支持,传统行业,-,-
300076.SZ,300076,GQY视讯,中盘股,信息技术,光学光电子,面板,浙江,4.76,创业板,-,-,-,-,2010/4/30,开封市人民政府,地方国有企业,-,行情酝酿中,新基建,-,-,政策支持,高新技术产业,-,-
300077.SZ,300077,国民技术,大盘股,信息技术,集成电路,集成电路设计,深圳,21.97,创业板,-,-,-,-,2010/4/30,无实际控制人,其他,-,表现超预期,新科技,-,-,政策支持,高新技术产业,-,-
300078.SZ,300078,思创智联,小盘股,通信服务,通信设备,通信终端设备及组件,浙江,3.97,创业板,-,-,-,-,2010/4/30,魏乃绪,民营企业,"阿尔法高波动,等待周期更长,20厘米涨停爆发性强",行情酝酿中,国产替代,-,-,政策支持,传统行业,-,-
300079.SZ,300079,数码视讯,中盘股,信息技术,信息技术服务,系统集成服务,北京,5.44,创业板,火山口 派出小部队勇吃鱼身,-,-,-,2010/4/30,郑海涛,民营企业,-,行情酝酿中,新基建,-,-,政策支持,高新技术产业,-,-
300080.SZ,300080,易成新能,小盘股,工业,发电设备,光伏设备,河南,4.65,创业板,火山口 派出小部队勇吃鱼身,连续多天小涨 龟壳战术吃鱼头,-,-,2010/6/25,河南省人民政府国有资产监督管理委员会,地方国有企业,"阿尔法高波动,等待周期更长,20厘米涨停爆发性强",行情酝酿中,新科技,特高压电力产业链,-,政策支持,高新技术产业,耐用品,-
300081.SZ,300081,ST恒信,小盘股,信息技术,信息技术服务,系统集成服务,北京,3.45,创业板,-,-,-,-,2010/5/20,孟宪民,民营企业,"阿尔法高波动,等待周期更长,20厘米涨停爆发性强",行情酝酿中,-,-,文化体育,行业成熟稳定,传统行业,-,-
300082.SZ,300082,奥克股份,大盘股,原材料,建筑材料,水泥与混凝土,辽宁,11.48,创业板,-,-,-,-,2010/5/20,朱建民,民营企业,-,表现超预期,-,-,化工,行业成熟稳定,传统行业,耐用品,-
300083.SZ,300083,创世纪,大盘股,工业,通用机械,电动机与工控自动化,广东,8.73,创业板,-,-,有涨停 火山口战法吃鱼身,-,2010/5/20,夏军,民营企业,-,表现超预期,新科技,-,制造业(工业母机),政策支持,高新技术产业,耐用品,-
300084.SZ,300084,海默科技,中盘股,能源,油气开采与油田服务,油气开采,甘肃,11.23,创业板,-,-,-,-,2010/5/20,范中华,民营企业,-,行情酝酿中,-,-,制造业(工业母机),行业成熟稳定,高新技术产业,耐用品,-
300085.SZ,300085,银之杰,大盘股,通信服务,电信增值服务,电信增值服务,深圳,37.88,创业板,火山口 派出小部队勇吃鱼身,-,-,-,2010/5/26,无实际控制人,其他,-,表现超预期,国产替代,-,-,政策支持,传统行业,-,-
300086.SZ,300086,康芝药业,中盘股,医药卫生,化学药,药品制剂,海南,7.37,创业板,-,-,-,-,2010/5/26,洪江游,民营企业,-,表现超预期,大健康,-,-,政策支持,高新技术产业,消耗品,-
300087.SZ,300087,荃银高科,小盘股,主要消费,种植,种业,安徽,8,创业板,火山口 派出小部队勇吃鱼身,连续多天小涨 龟壳战术吃鱼头,-,-,2010/5/26,国务院国有资产监督管理委员会,中央企业,"阿尔法高波动,等待周期更长,20厘米涨停爆发性强",行情酝酿中,-,-,粮食,行业成熟稳定,传统行业,消耗品,-
300088.SZ,300088,长信科技,大盘股,信息技术,光学光电子,面板,安徽,7.59,创业板,-,-,有涨停 火山口战法吃鱼身,高人气,2010/5/26,安徽省投资集团控股有限公司,地方国有企业,-,表现超预期,新科技,-,-,政策支持,高新技术产业,-,-
300091.SZ,300091,*ST金灵,迷你盘,工业,通用机械,气液机械,江苏,3.08,创业板,火山口 派出小部队勇吃鱼身,连续多天小涨 龟壳战术吃鱼头,-,-,2010/6/25,汪建国,民营企业,"阿尔法高波动,等待周期更长,20厘米涨停爆发性强",行情酝酿中,-,-,制造业(工业母机),行业成熟稳定,传统行业,耐用品,-
300092.SZ,300092,科新机电,小盘股,工业,专用机械,化工机械,四川,16.73,创业板,火山口 派出小部队勇吃鱼身,-,-,-,2010/7/8,林祯华,民营企业,"阿尔法高波动,等待周期更长,20厘米涨停爆发性强",行情酝酿中,-,-,制造业(工业母机),行业成熟稳定,高新技术产业,耐用品,-
300093.SZ,300093,*ST金刚,中盘股,工业,发电设备,光伏设备,甘肃,21,创业板,-,-,-,-,2010/7/8,张栋梁,民营企业,-,表现超预期,新科技,特高压电力产业链,-,政策支持,高新技术产业,耐用品,-
300094.SZ,300094,国联水产,小盘股,主要消费,养殖,渔业产品,广东,3.12,创业板,火山口 派出小部队勇吃鱼身,-,-,-,2010/7/8,李忠,民营企业,"阿尔法高波动,等待周期更长,20厘米涨停爆发性强",行情酝酿中,-,-,粮食,行业成熟稳定,传统行业,消耗品,-
300095.SZ,300095,华伍股份,小盘股,工业,通用机械,动力机械,江西,9.65,创业板,火山口 派出小部队勇吃鱼身,连续多天小涨 龟壳战术吃鱼头,-,-,2010/7/28,聂景华,民营企业,"阿尔法高波动,等待周期更长,20厘米涨停爆发性强",行情酝酿中,-,-,制造业(工业母机),行业成熟稳定,高新技术产业,耐用品,-
300096.SZ,300096,ST易联众,小盘股,信息技术,软件开发,行业应用软件,福建,9.75,创业板,-,-,-,-,2010/7/28,周口市财政局(周口市国有资产监督管理局),地方国有企业,"阿尔法高波动,等待周期更长,20厘米涨停爆发性强",表现超预期,国产替代,-,-,政策支持,传统行业,-,-
300097.SZ,300097,智云股份,大盘股,工业,专用机械,其他专用机械,辽宁,10.09,创业板,-,-,有涨停 火山口战法吃鱼身,高人气,2010/7/28,冯彬,民营企业,-,表现超预期,-,-,制造业(工业母机),行业成熟稳定,高新技术产业,耐用品,-
300098.SZ,300098,高新兴,中盘股,通信服务,通信设备,通信终端设备及组件,广东,5.47,创业板,-,-,-,-,2010/7/28,刘双广,民营企业,-,行情酝酿中,国产替代,-,-,政策支持,传统行业,-,-
300099.SZ,300099,尤洛卡,中盘股,工业,专用机械,采矿冶金机械,山东,9.45,创业板,-,-,-,-,2010/8/6,王晶华,民营企业,-,行情酝酿中,-,智能汽车产业链,制造业(工业母机),行业成熟稳定,传统行业,耐用品,-
300100.SZ,300100,双林股份,中盘股,可选消费,汽车零部件与轮胎,汽车内饰与外饰,浙江,30.92,创业板,火山口 派出小部队勇吃鱼身,-,-,-,2010/8/6,邬建斌,民营企业,-,行情酝酿中,-,智能汽车产业链,-,政策支持,传统行业,消耗品,-
300101.SZ,300101,振芯科技,中盘股,信息技术,集成电路,集成电路设计,四川,21.64,创业板,火山口 派出小部队勇吃鱼身,连续多天小涨 龟壳战术吃鱼头,-,-,2010/8/6,何燕,民营企业,-,行情酝酿中,新基建,-,-,政策支持,高新技术产业,-,-
300102.SZ,300102,乾照光电,大盘股,信息技术,光学光电子,LED,福建,32.9,创业板,-,-,-,-,2010/8/12,无实际控制人,其他,-,表现超预期,新科技,-,-,政策支持,高新技术产业,-,-
300103.SZ,300103,达刚控股,小盘股,工业,专用机械,工程机械,陕西,8.01,创业板,火山口 派出小部队勇吃鱼身,-,-,-,2010/8/12,陈可,民营企业,"阿尔法高波动,等待周期更长,20厘米涨停爆发性强",表现超预期,-,-,制造业(工业母机),行业成熟稳定,高新技术产业,耐用品,-
300105.SZ,300105,龙源技术,小盘股,工业,节能与生态修复,节能与资源回收,山东,6.58,创业板,-,-,-,-,2010/8/20,国务院国有资产监督管理委员会,中央企业,"阿尔法高波动,等待周期更长,20厘米涨停爆发性强",行情酝酿中,-,-,民生,行业成熟稳定,传统行业,-,-
300106.SZ,300106,西部牧业,迷你盘,主要消费,食品,乳制品,新疆,9.73,创业板,-,-,-,-,2010/8/20,新疆生产建设兵团第八师国有资产监督管理委员会(石河子市国有资产监督管理委员会),地方国有企业,"阿尔法高波动,等待周期更长,20厘米涨停爆发性强",行情酝酿中,大消费,-,-,行业成熟稳定,传统行业,消耗品,-
300107.SZ,300107,建新股份,迷你盘,原材料,化学制品,印染化学品,河北,6.96,创业板,火山口 派出小部队勇吃鱼身,-,-,-,2010/8/20,朱守琛,民营企业,"阿尔法高波动,等待周期更长,20厘米涨停爆发性强",行情酝酿中,-,-,化工,行业成熟稳定,传统行业,耐用品,-
300109.SZ,300109,新开源,小盘股,原材料,化学制品,其他化学制品,河南,18.84,创业板,-,-,-,-,2010/8/25,王东虎,民营企业,"阿尔法高波动,等待周期更长,20厘米涨停爆发性强",行情酝酿中,-,-,化工,行业成熟稳定,传统行业,耐用品,-
300110.SZ,300110,华仁药业,中盘股,医药卫生,化学药,药品制剂,山东,3.17,创业板,-,-,-,-,2010/8/25,西安曲江新区管理委员会,地方国有企业,-,表现超预期,大健康,-,-,政策支持,高新技术产业,消耗品,-
300111.SZ,300111,向日葵,中盘股,医药卫生,化学药,原料药,浙江,3.95,创业板,火山口 派出小部队勇吃鱼身,-,-,-,2010/8/27,吴建龙,民营企业,-,行情酝酿中,大健康,-,-,政策支持,高新技术产业,消耗品,-
300112.SZ,300112,万讯自控,迷你盘,工业,通用机械,仪器仪表,深圳,8.02,创业板,火山口 派出小部队勇吃鱼身,连续多天小涨 龟壳战术吃鱼头,-,-,2010/8/27,傅宇晨,民营企业,"阿尔法高波动,等待周期更长,20厘米涨停爆发性强",行情酝酿中,-,智能汽车产业链,制造业(工业母机),行业成熟稳定,传统行业,耐用品,-
300113.SZ,300113,顺网科技,大盘股,信息技术,软件开发,行业应用软件,浙江,29.37,创业板,-,-,-,-,2010/8/27,华勇,民营企业,-,行情酝酿中,国产替代,电子商务产业链,-,政策支持,传统行业,-,-
300115.SZ,300115,长盈精密,大盘股,信息技术,电子终端及组件,消费电子组件及零部件,深圳,33.89,创业板,-,-,-,-,2010/9/2,陈奇星,民营企业,-,行情酝酿中,新科技,-,-,政策支持,高新技术产业,-,-
300118.SZ,300118,东方日升,大盘股,工业,发电设备,光伏设备,浙江,16.62,创业板,火山口 派出小部队勇吃鱼身,连续多天小涨 龟壳战术吃鱼头,-,-,2010/9/2,林海峰,民营企业,-,行情酝酿中,新科技,特高压电力产业链,-,政策支持,高新技术产业,耐用品,-
300119.SZ,300119,瑞普生物,小盘股,主要消费,养殖,动物保健与育种,天津,18.69,创业板,-,-,-,-,2010/9/17,李守军,民营企业,"阿尔法高波动,等待周期更长,20厘米涨停爆发性强",行情酝酿中,-,-,粮食,行业成熟稳定,传统行业,消耗品,-
300120.SZ,300120,经纬辉开,小盘股,信息技术,光学光电子,面板,天津,7.5,创业板,火山口 派出小部队勇吃鱼身,-,-,-,2010/9/17,无实际控制人,其他,"阿尔法高波动,等待周期更长,20厘米涨停爆发性强",行情酝酿中,新科技,-,-,政策支持,高新技术产业,-,-
300121.SZ,300121,阳谷华泰,中盘股,原材料,橡胶,橡胶助剂,山东,12.93,创业板,-,-,-,-,2010/9/17,王传华,民营企业,-,表现超预期,-,-,化工,行业成熟稳定,传统行业,耐用品,-
300122.SZ,300122,智飞生物,中盘股,医药卫生,生物药品,疫苗,重庆,15.47,创业板,-,-,-,-,2010/9/28,蒋仁生,民营企业,-,行情酝酿中,大健康,-,-,政策支持,高新技术产业,消耗品,-
300123.SZ,300123,亚光科技,小盘股,工业,国防装备,国防装备,湖南,6.42,创业板,火山口 派出小部队勇吃鱼身,-,-,-,2010/9/28,李跃先,民营企业,"阿尔法高波动,等待周期更长,20厘米涨停爆发性强",行情酝酿中,新科技,-,-,政策支持,高新技术产业,-,-
300124.SZ,300124,汇川技术,大盘股,工业,通用机械,电动机与工控自动化,深圳,65.66,创业板,-,-,-,-,2010/9/28,朱兴明,民营企业,-,行情酝酿中,-,智能汽车产业链,制造业(工业母机),行业成熟稳定,传统行业,耐用品,-
300125.SZ,300125,*ST聆达,小盘股,工业,发电设备,光伏设备,辽宁,9.6,创业板,火山口 派出小部队勇吃鱼身,连续多天小涨 龟壳战术吃鱼头,-,-,2010/10/13,彭骞,民营企业,"阿尔法高波动,等待周期更长,20厘米涨停爆发性强",行情酝酿中,新科技,特高压电力产业链,-,政策支持,高新技术产业,耐用品,-
300126.SZ,300126,锐奇股份,迷你盘,工业,通用机械,其他通用机械,上海,7.7,创业板,-,-,-,-,2010/10/13,吴明厅,民营企业,"阿尔法高波动,等待周期更长,20厘米涨停爆发性强",行情酝酿中,-,-,制造业(工业母机),行业成熟稳定,传统行业,耐用品,-
300127.SZ,300127,银河磁体,中盘股,原材料,稀有金属,稀土金属,四川,30.43,创业板,火山口 派出小部队勇吃鱼身,连续多天小涨 龟壳战术吃鱼头,-,-,2010/10/13,无实际控制人,其他,-,行情酝酿中,新能源,-,能源,行业成熟稳定,传统行业,消耗品,-
300128.SZ,300128,锦富技术,小盘股,信息技术,光学光电子,面板,江苏,6.1,创业板,火山口 派出小部队勇吃鱼身,-,-,-,2010/10/13,泰兴市城东高新技术产业园区管理办公室,地方国有企业,"阿尔法高波动,等待周期更长,20厘米涨停爆发性强",行情酝酿中,新科技,-,-,政策支持,高新技术产业,-,-
300129.SZ,300129,泰胜风能,大盘股,工业,发电设备,风电设备,上海,13.01,创业板,-,-,-,-,2010/10/19,广州经济技术开发区管理委员会,地方国有企业,-,行情酝酿中,新科技,特高压电力产业链,-,政策支持,高新技术产业,耐用品,-
300130.SZ,300130,新国都,中盘股,金融,其他金融服务,特殊金融服务,深圳,23.84,创业板,-,-,-,-,2010/10/19,刘祥,民营企业,-,行情酝酿中,新基建,-,-,政策支持,高新技术产业,-,-
300131.SZ,300131,英唐智控,大盘股,工业,商业服务与用品,贸易商,深圳,15.71,创业板,-,-,-,-,2010/10/19,胡庆周,民营企业,-,表现超预期,新科技,-,-,政策支持,高新技术产业,-,-
300132.SZ,300132,青松股份,中盘股,主要消费,美容护理,美容护理,福建,8.9,创业板,火山口 派出小部队勇吃鱼身,-,-,-,2010/10/26,无实际控制人,其他,-,表现超预期,-,-,化工,行业成熟稳定,传统行业,耐用品,-
300133.SZ,300133,华策影视,大盘股,通信服务,文化娱乐,影视动漫,浙江,7.53,创业板,-,-,-,-,2010/10/26,傅梅城,民营企业,-,行情酝酿中,-,-,文化体育,行业成熟稳定,传统行业,-,-
300134.SZ,300134,大富科技,中盘股,通信服务,通信设备,通信系统设备及组件,安徽,11.47,创业板,-,-,-,-,2010/10/26,安徽省蚌埠市人民政府国有资产监督管理委员会,地方国有企业,-,行情酝酿中,新基建,-,-,政策支持,高新技术产业,-,-
300135.SZ,300135,宝利国际,迷你盘,原材料,建筑材料,水泥与混凝土,江苏,3.74,创业板,-,-,-,-,2010/10/26,池州市政府国有资产监督管理委员会,地方国有企业,"阿尔法高波动,等待周期更长,20厘米涨停爆发性强",行情酝酿中,-,-,能源,行业成熟稳定,传统行业,消耗品,-
300136.SZ,300136,信维通信,大盘股,信息技术,电子终端及组件,消费电子组件及零部件,深圳,74.91,创业板,-,-,-,-,2010/11/5,彭浩,民营企业,-,表现超预期,新科技,-,-,政策支持,高新技术产业,-,-
300137.SZ,300137,先河环保,大盘股,工业,节能与生态修复,环境监测,河北,15.27,创业板,-,-,-,-,2010/11/5,姚国瑞,民营企业,-,表现超预期,-,-,民生,行业成熟稳定,传统行业,-,-
300138.SZ,300138,晨光生物,小盘股,主要消费,种植,农产品,河北,11.83,创业板,火山口 派出小部队勇吃鱼身,-,-,-,2010/11/5,卢庆国,民营企业,"阿尔法高波动,等待周期更长,20厘米涨停爆发性强",行情酝酿中,大消费,-,-,行业成熟稳定,传统行业,消耗品,-
300139.SZ,300139,晓程科技,大盘股,原材料,贵金属,黄金,北京,56.56,创业板,-,-,-,-,2010/11/12,程毅,民营企业,-,行情酝酿中,大消费,-,-,行业成熟稳定,传统行业,耐用品,-
300140.SZ,300140,节能环境,中盘股,工业,污染治理,固废处理,陕西,6.28,创业板,火山口 派出小部队勇吃鱼身,连续多天小涨 龟壳战术吃鱼头,-,-,2010/11/12,国务院国有资产监督管理委员会,中央企业,-,行情酝酿中,-,-,民生,行业成熟稳定,传统行业,-,-
300141.SZ,300141,和顺电气,小盘股,工业,电网设备,输变电设备,江苏,13.56,创业板,-,-,-,-,2010/11/12,无实际控制人,其他,"阿尔法高波动,等待周期更长,20厘米涨停爆发性强",行情酝酿中,新科技,特高压电力产业链,-,政策支持,高新技术产业,耐用品,-
300142.SZ,300142,沃森生物,大盘股,医药卫生,生物药品,疫苗,云南,12.46,创业板,火山口 派出小部队勇吃鱼身,-,-,-,2010/11/12,无实际控制人,其他,-,行情酝酿中,大健康,-,-,政策支持,高新技术产业,消耗品,-
300143.SZ,300143,盈康生命,中盘股,医药卫生,医疗商业与服务,医疗服务,山东,12.07,创业板,-,-,-,-,2010/12/9,海尔集团公司,集体企业,-,表现超预期,大健康,-,-,行业成熟稳定,传统行业,消耗品,-
300144.SZ,300144,宋城演艺,中盘股,可选消费,休闲服务,其他休闲服务,浙江,7.85,创业板,火山口 派出小部队勇吃鱼身,-,-,-,2010/12/9,黄巧灵,民营企业,-,行情酝酿中,-,实体经济,-,行业成熟稳定,传统行业,-,-
300145.SZ,300145,南方泵业,大盘股,工业,通用机械,气液机械,浙江,5.19,创业板,火山口 派出小部队勇吃鱼身,连续多天小涨 龟壳战术吃鱼头,-,-,2010/12/9,无锡市人民政府国有资产监督管理委员会,地方国有企业,-,表现超预期,-,-,制造业(工业母机),行业成熟稳定,传统行业,耐用品,-
300146.SZ,300146,汤臣倍健,小盘股,主要消费,食品,其他食品,广东,11.09,创业板,火山口 派出小部队勇吃鱼身,连续多天小涨 龟壳战术吃鱼头,-,-,2010/12/15,梁允超,民营企业,"阿尔法高波动,等待周期更长,20厘米涨停爆发性强",行情酝酿中,大消费,-,-,行业成熟稳定,传统行业,消耗品,-
300147.SZ,300147,ST香雪,中盘股,医药卫生,中药,中药饮片,广东,10.33,创业板,-,-,-,-,2010/12/15,王永辉,民营企业,-,表现超预期,大健康,-,-,行业成熟稳定,传统行业,消耗品,-
300148.SZ,300148,天舟文化,小盘股,通信服务,文化娱乐,出版,湖南,4.35,创业板,火山口 派出小部队勇吃鱼身,连续多天小涨 龟壳战术吃鱼头,-,-,2010/12/15,肖志鸿,民营企业,"阿尔法高波动,等待周期更长,20厘米涨停爆发性强",行情酝酿中,-,-,文化体育,行业成熟稳定,传统行业,-,-
300149.SZ,300149,睿智医药,中盘股,医药卫生,制药与生物科技服务,制药与生物科技服务,广东,11.09,创业板,-,-,-,-,2010/12/22,WOO SWEE LIAN,外资,-,行情酝酿中,大健康,-,-,政策支持,高新技术产业,消耗品,-
300150.SZ,300150,世纪瑞尔,迷你盘,工业,交通运输设备,城轨铁路,北京,5.43,创业板,火山口 派出小部队勇吃鱼身,-,-,-,2010/12/22,牛俊杰,民营企业,"阿尔法高波动,等待周期更长,20厘米涨停爆发性强",行情酝酿中,国产替代,-,-,政策支持,传统行业,-,-
300151.SZ,300151,昌红科技,大盘股,工业,专用机械,其他专用机械,深圳,18.4,创业板,-,-,-,-,2010/12/22,李焕昌,民营企业,-,表现超预期,-,-,制造业(工业母机),行业成熟稳定,高新技术产业,耐用品,-
300152.SZ,300152,ST新动力,迷你盘,工业,节能与生态修复,节能与资源回收,河北,2.1,创业板,-,-,-,-,2010/12/29,无实际控制人,其他,"阿尔法高波动,等待周期更长,20厘米涨停爆发性强",行情酝酿中,-,-,民生,行业成熟稳定,传统行业,-,-
300153.SZ,300153,科泰电源,大盘股,工业,发电设备,其他发电设备,上海,28.52,创业板,-,-,-,-,2010/12/29,严伟立,民营企业,-,表现超预期,新科技,特高压电力产业链,-,政策支持,高新技术产业,耐用品,-
300154.SZ,300154,瑞凌股份,迷你盘,工业,通用机械,加工机械,深圳,8.3,创业板,-,-,-,-,2010/12/29,邱光,民营企业,"阿尔法高波动,等待周期更长,20厘米涨停爆发性强",行情酝酿中,-,-,制造业(工业母机),行业成熟稳定,传统行业,耐用品,-
300155.SZ,300155,安居宝,迷你盘,信息技术,电子终端及组件,安防设备及其他,广东,4.62,创业板,-,-,-,-,2011/1/7,张波,民营企业,"阿尔法高波动,等待周期更长,20厘米涨停爆发性强",行情酝酿中,新基建,-,-,政策支持,高新技术产业,-,-
300157.SZ,300157,新锦动力,中盘股,工业,通用机械,气液机械,北京,6.32,创业板,-,-,-,-,2011/1/7,李丽萍,民营企业,-,行情酝酿中,-,-,制造业(工业母机),行业成熟稳定,高新技术产业,耐用品,-
300158.SZ,300158,振东制药,中盘股,医药卫生,化学药,药品制剂,山西,6.13,创业板,-,-,-,-,2011/1/7,李安平,民营企业,-,行情酝酿中,大健康,-,-,政策支持,高新技术产业,消耗品,-
300159.SZ,300159,*ST新研,中盘股,工业,专用机械,农业机械,新疆,3.38,创业板,火山口 派出小部队勇吃鱼身,-,-,-,2011/1/7,新疆维吾尔自治区人民政府国有资产监督管理委员会,地方国有企业,-,表现超预期,-,-,制造业(工业母机),行业成熟稳定,传统行业,耐用品,-
300160.SZ,300160,秀强股份,迷你盘,可选消费,家用电器,家电零部件及其他,江苏,5.43,创业板,火山口 派出小部队勇吃鱼身,-,-,-,2011/1/13,珠海市人民政府国有资产监督管理委员会,地方国有企业,"阿尔法高波动,等待周期更长,20厘米涨停爆发性强",行情酝酿中,大消费,-,-,行业成熟稳定,传统行业,耐用品,-
300161.SZ,300161,华中数控,小盘股,工业,通用机械,电动机与工控自动化,湖北,29.38,创业板,火山口 派出小部队勇吃鱼身,-,-,-,2011/1/13,阎志,民营企业,"阿尔法高波动,等待周期更长,20厘米涨停爆发性强",行情酝酿中,新科技,-,制造业(工业母机),政策支持,高新技术产业,耐用品,-
300162.SZ,300162,雷曼光电,中盘股,信息技术,光学光电子,LED,深圳,9.68,创业板,火山口 派出小部队勇吃鱼身,连续多天小涨 龟壳战术吃鱼头,-,-,2011/1/13,李漫铁,民营企业,-,行情酝酿中,新科技,-,-,政策支持,高新技术产业,-,-
300163.SZ,300163,先锋新材,中盘股,工业,建筑产品,建筑产品,浙江,4.94,创业板,-,-,有涨停 火山口战法吃鱼身,高人气,2011/1/13,无实际控制人,其他,-,表现超预期,大消费,-,-,行业成熟稳定,传统行业,耐用品,-
300164.SZ,300164,通源石油,大盘股,能源,油气开采与油田服务,油气开采,陕西,13.57,创业板,-,-,-,-,2011/1/13,张国桉,民营企业,-,行情酝酿中,-,-,能源,行业成熟稳定,传统行业,-,-
300165.SZ,300165,天瑞仪器,小盘股,工业,通用机械,仪器仪表,江苏,5.67,创业板,-,-,-,-,2011/1/25,刘召贵,民营企业,"阿尔法高波动,等待周期更长,20厘米涨停爆发性强",表现超预期,-,智能汽车产业链,制造业(工业母机),行业成熟稳定,传统行业,耐用品,-
300166.SZ,300166,东方国信,大盘股,信息技术,软件开发,行业应用软件,北京,16.66,创业板,-,-,-,-,2011/1/25,管连平,民营企业,-,表现超预期,国产替代,-,-,政策支持,传统行业,-,-
300167.SZ,300167,ST迪威迅,迷你盘,信息技术,信息技术服务,系统集成服务,深圳,6.11,创业板,火山口 派出小部队勇吃鱼身,-,-,-,2011/1/25,无实际控制人,其他,"阿尔法高波动,等待周期更长,20厘米涨停爆发性强",行情酝酿中,国产替代,-,-,政策支持,传统行业,-,-
300168.SZ,300168,万达信息,小盘股,信息技术,软件开发,行业应用软件,上海,5.54,创业板,-,-,-,-,2011/1/25,无实际控制人,其他,"阿尔法高波动,等待周期更长,20厘米涨停爆发性强",行情酝酿中,国产替代,-,-,政策支持,传统行业,-,-
300169.SZ,300169,天晟新材,迷你盘,原材料,化学制品,其他化学制品,江苏,5.91,创业板,-,-,-,-,2011/1/25,无实际控制人,其他,"阿尔法高波动,等待周期更长,20厘米涨停爆发性强",行情酝酿中,-,-,化工,行业成熟稳定,传统行业,消耗品,-
300170.SZ,300170,汉得信息,大盘股,信息技术,信息技术服务,其他IT与互联网服务,上海,21.36,创业板,-,-,-,-,2011/2/1,陈迪清,民营企业,-,表现超预期,国产替代,-,-,政策支持,传统行业,-,-
300171.SZ,300171,东富龙,小盘股,工业,专用机械,其他专用机械,上海,14.85,创业板,火山口 派出小部队勇吃鱼身,连续多天小涨 龟壳战术吃鱼头,-,-,2011/2/1,郑效东,民营企业,"阿尔法高波动,等待周期更长,20厘米涨停爆发性强",行情酝酿中,大健康,-,-,行业成熟稳定,传统行业,消耗品,-
300172.SZ,300172,中电环保,小盘股,工业,污染治理,污水处理,江苏,5.3,创业板,火山口 派出小部队勇吃鱼身,-,-,-,2011/2/1,王政福,民营企业,"阿尔法高波动,等待周期更长,20厘米涨停爆发性强",行情酝酿中,-,-,民生,行业成熟稳定,传统行业,-,-
300173.SZ,300173,ST福能,迷你盘,工业,专用机械,其他专用机械,广东,4.4,创业板,火山口 派出小部队勇吃鱼身,-,-,-,2011/2/1,佛山市人民政府国有资产监督管理委员会,地方国有企业,"阿尔法高波动,等待周期更长,20厘米涨停爆发性强",行情酝酿中,-,-,制造业(工业母机),行业成熟稳定,传统行业,耐用品,-
300174.SZ,300174,元力股份,中盘股,原材料,其他非金属材料,其他非金属材料,福建,17.48,创业板,火山口 派出小部队勇吃鱼身,-,-,-,2011/2/1,王延安,民营企业,-,行情酝酿中,-,-,化工,行业成熟稳定,传统行业,耐用品,-
300175.SZ,300175,ST朗源,迷你盘,主要消费,种植,农产品,山东,6.55,创业板,火山口 派出小部队勇吃鱼身,连续多天小涨 龟壳战术吃鱼头,-,-,2011/2/15,赵征,民营企业,"阿尔法高波动,等待周期更长,20厘米涨停爆发性强",行情酝酿中,大消费,-,-,行业成熟稳定,传统行业,消耗品,-
300176.SZ,300176,鸿特科技,小盘股,可选消费,汽车零部件与轮胎,其他汽车零部件,广东,7.3,创业板,-,-,-,-,2011/2/15,卢宇轩,民营企业,"阿尔法高波动,等待周期更长,20厘米涨停爆发性强",行情酝酿中,-,智能汽车产业链,-,政策支持,传统行业,消耗品,-
300177.SZ,300177,中海达,小盘股,通信服务,通信设备,通信终端设备及组件,广东,8.01,创业板,火山口 派出小部队勇吃鱼身,-,-,-,2011/2/15,廖定海,民营企业,"阿尔法高波动,等待周期更长,20厘米涨停爆发性强",行情酝酿中,新基建,-,-,政策支持,高新技术产业,-,-
300179.SZ,300179,四方达,大盘股,原材料,其他非金属材料,其他非金属材料,河南,25.35,创业板,-,-,-,-,2011/2/15,方海江,民营企业,-,表现超预期,新能源,-,能源,行业成熟稳定,传统行业,消耗品,-
300180.SZ,300180,华峰超纤,中盘股,原材料,塑料,其他塑料制品,上海,5.94,创业板,-,-,-,-,2011/2/22,尤小平,民营企业,-,表现超预期,-,-,化工,行业成熟稳定,传统行业,耐用品,-
300181.SZ,300181,佐力药业,中盘股,医药卫生,中药,中成药,浙江,15.57,创业板,-,-,-,-,2011/2/22,俞有强,民营企业,-,行情酝酿中,大健康,-,-,行业成熟稳定,传统行业,消耗品,-
300182.SZ,300182,捷成股份,大盘股,通信服务,文化娱乐,影视动漫,北京,5.77,创业板,-,-,-,-,2011/2/22,徐子泉,民营企业,-,行情酝酿中,-,-,文化体育,行业成熟稳定,传统行业,-,-
300183.SZ,300183,东软载波,中盘股,通信服务,通信设备,通信终端设备及组件,山东,15.49,创业板,-,-,-,-,2011/2/22,佛山市南海区国有资产监督管理局,地方国有企业,-,表现超预期,新基建,-,-,政策支持,高新技术产业,-,-
300184.SZ,300184,力源信息,大盘股,工业,商业服务与用品,贸易商,湖北,12.63,创业板,-,-,-,-,2011/2/22,赵马克,外资,-,表现超预期,新科技,-,-,政策支持,高新技术产业,-,-
300185.SZ,300185,通裕重工,大盘股,工业,发电设备,风电设备,山东,3.29,创业板,火山口 派出小部队勇吃鱼身,-,-,-,2011/3/8,山东省人民政府国有资产监督管理委员会,地方国有企业,-,行情酝酿中,-,-,制造业(工业母机),行业成熟稳定,高新技术产业,耐用品,-
300187.SZ,300187,永清环保,迷你盘,工业,节能与生态修复,生态修复,湖南,5.03,创业板,-,-,-,-,2011/3/8,刘正军,民营企业,"阿尔法高波动,等待周期更长,20厘米涨停爆发性强",行情酝酿中,-,-,民生,行业成熟稳定,传统行业,-,-
300188.SZ,300188,国投智能,中盘股,信息技术,软件开发,行业应用软件,福建,13.08,创业板,-,-,-,-,2011/3/16,国务院国有资产监督管理委员会,中央企业,-,表现超预期,国产替代,-,-,政策支持,传统行业,-,-
300189.SZ,300189,神农种业,中盘股,主要消费,种植,种业,海南,6.75,创业板,火山口 派出小部队勇吃鱼身,-,-,-,2011/3/16,曹欧劼,民营企业,-,行情酝酿中,-,-,粮食,行业成熟稳定,传统行业,消耗品,-
300190.SZ,300190,维尔利,小盘股,工业,污染治理,固废处理,江苏,4.14,创业板,火山口 派出小部队勇吃鱼身,-,-,-,2011/3/16,李月中,民营企业,"阿尔法高波动,等待周期更长,20厘米涨停爆发性强",行情酝酿中,-,-,民生,行业成熟稳定,传统行业,-,-
300191.SZ,300191,潜能恒信,大盘股,能源,石油与天然气,燃油炼制,北京,38.58,创业板,-,-,-,-,2011/3/16,周锦明,民营企业,-,表现超预期,-,-,能源,行业成熟稳定,传统行业,-,-
300192.SZ,300192,科德教育,中盘股,可选消费,教育服务,学历教育,江苏,20.49,创业板,-,-,-,-,2011/3/22,周启超,民营企业,-,表现超预期,-,-,文化体育,行业成熟稳定,传统行业,-,-
300193.SZ,300193,佳士科技,迷你盘,工业,通用机械,加工机械,深圳,8.64,创业板,火山口 派出小部队勇吃鱼身,连续多天小涨 龟壳战术吃鱼头,-,-,2011/3/22,潘磊,民营企业,"阿尔法高波动,等待周期更长,20厘米涨停爆发性强",行情酝酿中,-,-,制造业(工业母机),行业成熟稳定,高新技术产业,耐用品,-
300194.SZ,300194,福安药业,小盘股,医药卫生,化学药,药品制剂,重庆,4.18,创业板,-,-,-,-,2011/3/22,汪天祥,民营企业,"阿尔法高波动,等待周期更长,20厘米涨停爆发性强",行情酝酿中,大健康,-,-,政策支持,高新技术产业,消耗品,-
300195.SZ,300195,长荣股份,迷你盘,工业,专用机械,印刷包装机械,天津,7.67,创业板,火山口 派出小部队勇吃鱼身,-,-,-,2011/3/29,李莉,民营企业,"阿尔法高波动,等待周期更长,20厘米涨停爆发性强",行情酝酿中,-,-,制造业(工业母机),行业成熟稳定,传统行业,耐用品,-
300196.SZ,300196,长海股份,大盘股,原材料,其他非金属材料,玻璃纤维,江苏,19.42,创业板,-,-,-,-,2011/3/29,杨鹏威,民营企业,-,表现超预期,-,-,化工,行业成熟稳定,传统行业,耐用品,-
300197.SZ,300197,节能铁汉,小盘股,工业,节能与生态修复,生态修复,深圳,1.67,创业板,-,-,-,-,2011/3/29,国务院国有资产监督管理委员会,中央企业,"阿尔法高波动,等待周期更长,20厘米涨停爆发性强",行情酝酿中,-,-,民生,行业成熟稳定,传统行业,-,-
300198.SZ,300198,ST纳川,迷你盘,工业,建筑产品,建筑产品,福建,2.58,创业板,火山口 派出小部队勇吃鱼身,-,-,-,2011/4/7,无实际控制人,其他,"阿尔法高波动,等待周期更长,20厘米涨停爆发性强",行情酝酿中,-,-,化工,行业成熟稳定,传统行业,消耗品,-
300199.SZ,300199,翰宇药业,大盘股,医药卫生,化学药,药品制剂,深圳,21.25,创业板,-,-,-,-,2011/4/7,曾少贵,民营企业,-,行情酝酿中,大健康,-,-,政策支持,高新技术产业,消耗品,-
300200.SZ,300200,高盟新材,中盘股,原材料,化学制品,胶黏剂及胶带,北京,9.77,创业板,火山口 派出小部队勇吃鱼身,-,-,-,2011/4/7,熊海涛,民营企业,-,行情酝酿中,-,-,化工,行业成熟稳定,传统行业,耐用品,-
300201.SZ,300201,海伦哲,大盘股,工业,交通运输设备,商用车,江苏,12.15,创业板,-,-,-,-,2011/4/7,无实际控制人,其他,-,表现超预期,-,-,制造业(工业母机),行业成熟稳定,高新技术产业,耐用品,-
300203.SZ,300203,聚光科技,迷你盘,工业,节能与生态修复,环境监测,浙江,13.78,创业板,火山口 派出小部队勇吃鱼身,连续多天小涨 龟壳战术吃鱼头,-,-,2011/4/15,王健,民营企业,"阿尔法高波动,等待周期更长,20厘米涨停爆发性强",行情酝酿中,-,智能汽车产业链,制造业(工业母机),行业成熟稳定,传统行业,耐用品,-
300204.SZ,300204,舒泰神,大盘股,医药卫生,化学药,药品制剂,北京,30.33,创业板,-,-,-,-,2011/4/15,周志文,民营企业,-,表现超预期,大健康,-,-,政策支持,高新技术产业,消耗品,-
300205.SZ,300205,*ST天喻,迷你盘,通信服务,通信设备,通信终端设备及组件,湖北,5.6,创业板,-,-,-,-,2011/4/21,艾迪,民营企业,"阿尔法高波动,等待周期更长,20厘米涨停爆发性强",表现超预期,新基建,-,-,政策支持,高新技术产业,-,-
300206.SZ,300206,理邦仪器,小盘股,医药卫生,医疗器械,医疗设备,深圳,14.61,创业板,火山口 派出小部队勇吃鱼身,连续多天小涨 龟壳战术吃鱼头,-,-,2011/4/21,无实际控制人,其他,"阿尔法高波动,等待周期更长,20厘米涨停爆发性强",行情酝酿中,大健康,-,-,行业成熟稳定,传统行业,消耗品,-
300207.SZ,300207,欣旺达,大盘股,工业,储能设备,电池,深圳,29.39,创业板,-,-,-,-,2011/4/21,王明旺,民营企业,-,表现超预期,新科技,特高压电力产业链,-,政策支持,高新技术产业,耐用品,-
300209.SZ,300209,行云科技,大盘股,可选消费,互联网零售,互联网零售,湖南,13.69,创业板,-,-,-,-,2011/4/26,王维,民营企业,-,表现超预期,国产替代,电子商务产业链,-,政策支持,传统行业,-,-
300210.SZ,300210,森远股份,小盘股,工业,专用机械,工程机械,辽宁,9.58,创业板,-,-,-,-,2011/4/26,无实际控制人,其他,"阿尔法高波动,等待周期更长,20厘米涨停爆发性强",表现超预期,-,-,制造业(工业母机),行业成熟稳定,高新技术产业,耐用品,-
300211.SZ,300211,*ST亿通,迷你盘,信息技术,分立器件,分立器件,江苏,8.3,创业板,火山口 派出小部队勇吃鱼身,-,-,-,2011/5/5,黄汪,民营企业,"阿尔法高波动,等待周期更长,20厘米涨停爆发性强",行情酝酿中,新基建,-,-,政策支持,高新技术产业,-,-
300212.SZ,300212,易华录,中盘股,通信服务,数据中心,数据中心,北京,8.06,创业板,-,-,-,-,2011/5/5,国务院国有资产监督管理委员会,中央企业,-,表现超预期,国产替代,-,-,政策支持,传统行业,-,-
300213.SZ,300213,佳讯飞鸿,迷你盘,通信服务,通信设备,通信终端设备及组件,北京,7.91,创业板,火山口 派出小部队勇吃鱼身,-,-,-,2011/5/5,林菁,民营企业,"阿尔法高波动,等待周期更长,20厘米涨停爆发性强",行情酝酿中,新基建,-,-,政策支持,高新技术产业,-,-
300214.SZ,300214,日科化学,中盘股,原材料,塑料,改性塑料,山东,7.86,创业板,-,-,-,高人气,2011/5/11,无实际控制人,其他,-,表现超预期,-,-,化工,行业成熟稳定,传统行业,耐用品,-
300215.SZ,300215,电科院,中盘股,工业,商业服务与用品,其他商业服务与用品,江苏,8.13,创业板,-,-,-,-,2011/5/11,李崇珠,民营企业,-,行情酝酿中,新科技,特高压电力产业链,-,政策支持,高新技术产业,耐用品,-
300217.SZ,300217,东方电热,大盘股,可选消费,家用电器,家电零部件及其他,江苏,5.59,创业板,-,-,-,-,2011/5/18,谭荣生,民营企业,-,表现超预期,大消费,-,-,行业成熟稳定,传统行业,耐用品,-
300218.SZ,300218,安利股份,小盘股,原材料,塑料,其他塑料制品,安徽,14.55,创业板,-,-,-,-,2011/5/18,姚和平,民营企业,"阿尔法高波动,等待周期更长,20厘米涨停爆发性强",行情酝酿中,-,-,化工,行业成熟稳定,传统行业,消耗品,-
300219.SZ,300219,鸿利智汇,中盘股,信息技术,光学光电子,LED,广东,7.81,创业板,火山口 派出小部队勇吃鱼身,连续多天小涨 龟壳战术吃鱼头,-,-,2011/5/18,泸州市国有资产监督管理委员会,地方国有企业,-,行情酝酿中,新科技,-,-,政策支持,高新技术产业,-,-
300220.SZ,300220,金运激光,迷你盘,工业,通用机械,电动机与工控自动化,湖北,14.17,创业板,火山口 派出小部队勇吃鱼身,-,-,-,2011/5/25,梁伟,民营企业,"阿尔法高波动,等待周期更长,20厘米涨停爆发性强",行情酝酿中,-,-,制造业(工业母机),行业成熟稳定,高新技术产业,耐用品,-
300221.SZ,300221,银禧科技,中盘股,原材料,塑料,改性塑料,广东,11.34,创业板,-,-,-,-,2011/5/25,无实际控制人,其他,-,表现超预期,-,-,化工,行业成熟稳定,传统行业,消耗品,-
300222.SZ,300222,科大智能,中盘股,工业,电网设备,电网自动化,上海,11.21,创业板,火山口 派出小部队勇吃鱼身,连续多天小涨 龟壳战术吃鱼头,-,-,2011/5/25,黄明松,民营企业,-,行情酝酿中,新科技,特高压电力产业链,-,政策支持,高新技术产业,耐用品,-
300223.SZ,300223,北京君正,大盘股,信息技术,集成电路,集成电路设计,北京,116.79,创业板,-,-,-,-,2011/5/31,刘强,民营企业,-,行情酝酿中,新科技,-,-,政策支持,高新技术产业,-,-
300224.SZ,300224,正海磁材,中盘股,原材料,稀有金属,稀土金属,山东,15,创业板,火山口 派出小部队勇吃鱼身,-,-,-,2011/5/31,秘波海,民营企业,-,行情酝酿中,新能源,-,能源,行业成熟稳定,传统行业,消耗品,-
300225.SZ,300225,*ST金泰,中盘股,原材料,化学制品,涂料油墨,上海,6.02,创业板,-,-,有涨停 火山口战法吃鱼身,-,2011/5/31,无实际控制人,其他,-,表现超预期,-,房地产产业链,-,行业成熟稳定,传统行业,耐用品,-
300226.SZ,300226,上海钢联,中盘股,信息技术,信息技术服务,其他IT与互联网服务,上海,25.05,创业板,-,-,-,-,2011/6/8,郭广昌,民营企业,-,行情酝酿中,国产替代,电子商务产业链,-,政策支持,传统行业,-,-
300227.SZ,300227,光韵达,中盘股,工业,通用机械,电动机与工控自动化,深圳,11.86,创业板,-,-,-,-,2011/6/8,曾三林,民营企业,-,表现超预期,-,-,制造业(工业母机),行业成熟稳定,高新技术产业,耐用品,-
300228.SZ,300228,富瑞特装,中盘股,工业,专用机械,其他专用机械,江苏,9.22,创业板,-,-,-,-,2011/6/8,无实际控制人,其他,-,行情酝酿中,-,-,制造业(工业母机),行业成熟稳定,传统行业,耐用品,-
300229.SZ,300229,拓尔思,中盘股,信息技术,软件开发,行业应用软件,北京,18.71,创业板,火山口 派出小部队勇吃鱼身,-,-,-,2011/6/15,李渝勤,民营企业,-,行情酝酿中,国产替代,-,-,政策支持,传统行业,-,-
300230.SZ,300230,永利股份,迷你盘,原材料,塑料,其他塑料制品,上海,4.82,创业板,火山口 派出小部队勇吃鱼身,连续多天小涨 龟壳战术吃鱼头,-,-,2011/6/15,史佩浩,民营企业,"阿尔法高波动,等待周期更长,20厘米涨停爆发性强",行情酝酿中,-,-,化工,行业成熟稳定,传统行业,消耗品,-
300231.SZ,300231,银信科技,中盘股,通信服务,数据中心,数据中心,北京,11.51,创业板,-,-,-,高人气,2011/6/15,詹立雄,民营企业,-,表现超预期,国产替代,-,-,政策支持,传统行业,-,-
300232.SZ,300232,洲明科技,中盘股,信息技术,光学光电子,LED,深圳,7.11,创业板,火山口 派出小部队勇吃鱼身,连续多天小涨 龟壳战术吃鱼头,-,-,2011/6/22,林洺锋,民营企业,-,行情酝酿中,新科技,-,-,政策支持,高新技术产业,-,-
300233.SZ,300233,金城医药,中盘股,医药卫生,化学药,药品制剂,山东,15.8,创业板,火山口 派出小部队勇吃鱼身,-,-,-,2011/6/22,赵叶青,民营企业,-,表现超预期,大健康,-,-,政策支持,高新技术产业,消耗品,-
300234.SZ,300234,开尔新材,小盘股,工业,建筑产品,建筑产品,浙江,5.81,创业板,-,-,-,-,2011/6/22,邢翰学,民营企业,"阿尔法高波动,等待周期更长,20厘米涨停爆发性强",行情酝酿中,-,-,化工,行业成熟稳定,传统行业,消耗品,-
300235.SZ,300235,方直科技,小盘股,信息技术,软件开发,行业应用软件,深圳,13.8,创业板,-,-,-,-,2011/6/29,黄元忠,民营企业,"阿尔法高波动,等待周期更长,20厘米涨停爆发性强",行情酝酿中,国产替代,-,-,政策支持,传统行业,-,-
300236.SZ,300236,上海新阳,大盘股,信息技术,半导体材料与设备,半导体材料,上海,87.86,创业板,-,-,-,-,2011/6/29,王福祥,民营企业,-,表现超预期,新科技,-,-,政策支持,高新技术产业,-,-
300237.SZ,300237,ST美晨,迷你盘,可选消费,汽车零部件与轮胎,其他汽车零部件,山东,2.34,创业板,火山口 派出小部队勇吃鱼身,-,-,-,2011/6/29,潍坊市国有资产监督管理委员会,地方国有企业,"阿尔法高波动,等待周期更长,20厘米涨停爆发性强",行情酝酿中,-,智能汽车产业链,-,政策支持,传统行业,消耗品,-
300238.SZ,300238,冠昊生物,小盘股,医药卫生,医疗器械,医疗耗材,广东,15,创业板,火山口 派出小部队勇吃鱼身,-,-,-,2011/7/6,张永明,民营企业,"阿尔法高波动,等待周期更长,20厘米涨停爆发性强",行情酝酿中,大健康,-,-,行业成熟稳定,传统行业,消耗品,-
300239.SZ,300239,东宝生物,迷你盘,医药卫生,生物药品,其他生物药品,内蒙,5.3,创业板,-,-,-,-,2011/7/6,王爱国,民营企业,"阿尔法高波动,等待周期更长,20厘米涨停爆发性强",行情酝酿中,大健康,-,-,政策支持,高新技术产业,消耗品,-
300240.SZ,300240,飞力达,迷你盘,工业,运输业,物流综合,江苏,7.03,创业板,-,-,-,-,2011/7/6,姚勤,民营企业,"阿尔法高波动,等待周期更长,20厘米涨停爆发性强",行情酝酿中,-,电子商务产业链,-,政策支持,传统行业,-,-
300241.SZ,300241,瑞丰光电,中盘股,信息技术,光学光电子,LED,深圳,6.97,创业板,火山口 派出小部队勇吃鱼身,-,-,-,2011/7/12,龚伟斌,民营企业,-,行情酝酿中,新科技,-,-,政策支持,高新技术产业,-,-
300242.SZ,300242,佳云科技,小盘股,通信服务,营销与广告,数字营销,广东,4.82,创业板,-,-,-,-,2011/7/12,尹杰,民营企业,"阿尔法高波动,等待周期更长,20厘米涨停爆发性强",行情酝酿中,国产替代,电子商务产业链,-,政策支持,传统行业,-,-
300243.SZ,300243,瑞丰高材,大盘股,原材料,塑料,改性塑料,山东,17.18,创业板,-,-,-,-,2011/7/12,周仕斌,民营企业,-,表现超预期,-,-,化工,行业成熟稳定,传统行业,耐用品,-
300244.SZ,300244,迪安诊断,大盘股,医药卫生,医疗器械,体外诊断,浙江,19.1,创业板,火山口 派出小部队勇吃鱼身,连续多天小涨 龟壳战术吃鱼头,-,-,2011/7/19,陈海斌,民营企业,-,行情酝酿中,大健康,-,-,行业成熟稳定,传统行业,消耗品,-
300245.SZ,300245,天玑科技,中盘股,通信服务,数据中心,数据中心,上海,14.06,创业板,-,-,-,-,2011/7/19,苏博,民营企业,-,表现超预期,国产替代,-,-,政策支持,传统行业,-,-
300246.SZ,300246,宝莱特,中盘股,医药卫生,医疗器械,医疗设备,广东,16.67,创业板,-,-,-,-,2011/7/19,燕金元,民营企业,-,表现超预期,大健康,-,-,行业成熟稳定,传统行业,消耗品,-
300247.SZ,300247,融捷健康,迷你盘,可选消费,家用电器,厨卫电器,安徽,4.59,创业板,火山口 派出小部队勇吃鱼身,-,-,-,2011/7/29,吕向阳,民营企业,"阿尔法高波动,等待周期更长,20厘米涨停爆发性强",行情酝酿中,大健康,-,-,行业成熟稳定,传统行业,消耗品,-
300248.SZ,300248,新开普,小盘股,信息技术,信息技术服务,系统集成服务,河南,10.49,创业板,火山口 派出小部队勇吃鱼身,-,-,-,2011/7/29,杨维国,民营企业,"阿尔法高波动,等待周期更长,20厘米涨停爆发性强",行情酝酿中,国产替代,-,-,政策支持,传统行业,-,-
300249.SZ,300249,依米康,大盘股,通信服务,数据中心,数据中心,四川,17.85,创业板,-,-,-,-,2011/8/3,张菀,民营企业,-,表现超预期,新基建,-,-,政策支持,高新技术产业,-,-
300250.SZ,300250,初灵信息,小盘股,信息技术,软件开发,行业应用软件,浙江,21.86,创业板,火山口 派出小部队勇吃鱼身,-,-,-,2011/8/3,洪爱金,民营企业,"阿尔法高波动,等待周期更长,20厘米涨停爆发性强",行情酝酿中,国产替代,-,-,政策支持,传统行业,-,-
300251.SZ,300251,光线传媒,大盘股,通信服务,文化娱乐,影视动漫,北京,16.67,创业板,-,-,-,-,2011/8/3,王长田,民营企业,-,表现超预期,-,-,文化体育,行业成熟稳定,传统行业,-,-
300252.SZ,300252,金信诺,中盘股,通信服务,通信设备,通信系统设备及组件,深圳,14.25,创业板,火山口 派出小部队勇吃鱼身,-,-,-,2011/8/18,黄昌华,民营企业,-,行情酝酿中,新基建,-,-,政策支持,高新技术产业,-,-
300253.SZ,300253,卫宁健康,中盘股,信息技术,软件开发,行业应用软件,上海,8.52,创业板,火山口 派出小部队勇吃鱼身,-,-,-,2011/8/18,周炜,民营企业,-,行情酝酿中,国产替代,-,-,政策支持,传统行业,-,-
300254.SZ,300254,仟源医药,中盘股,医药卫生,化学药,药品制剂,山西,11.98,创业板,-,-,-,-,2011/8/19,无实际控制人,其他,-,表现超预期,大健康,-,-,政策支持,高新技术产业,消耗品,-
300255.SZ,300255,常山药业,大盘股,医药卫生,化学药,药品制剂,河北,43.67,创业板,-,-,-,-,2011/8/19,高树华,民营企业,-,表现超预期,大健康,-,-,政策支持,高新技术产业,消耗品,-
300256.SZ,300256,星星科技,小盘股,信息技术,电子终端及组件,消费电子组件及零部件,江西,3.51,创业板,-,-,-,-,2011/8/19,应光捷,民营企业,"阿尔法高波动,等待周期更长,20厘米涨停爆发性强",行情酝酿中,新科技,-,-,政策支持,高新技术产业,-,-
300257.SZ,300257,开山股份,大盘股,工业,通用机械,气液机械,上海,29.38,创业板,-,-,-,-,2011/8/19,曹克坚,民营企业,-,行情酝酿中,-,-,制造业(工业母机),行业成熟稳定,传统行业,耐用品,有量化参与
300258.SZ,300258,精锻科技,中盘股,可选消费,汽车零部件与轮胎,汽车系统部件,江苏,12.92,创业板,火山口 派出小部队勇吃鱼身,连续多天小涨 龟壳战术吃鱼头,-,-,2011/8/26,夏汉关,民营企业,-,表现超预期,-,智能汽车产业链,-,政策支持,传统行业,消耗品,-
300259.SZ,300259,新天科技,小盘股,工业,通用机械,仪器仪表,河南,4.88,创业板,-,-,-,-,2011/8/31,费战波,民营企业,"阿尔法高波动,等待周期更长,20厘米涨停爆发性强",表现超预期,-,智能汽车产业链,制造业(工业母机),行业成熟稳定,传统行业,耐用品,-
300260.SZ,300260,新莱应材,大盘股,工业,通用机械,其他通用机械,江苏,49.87,创业板,火山口 派出小部队勇吃鱼身,-,-,-,2011/9/6,李水波,民营企业,-,行情酝酿中,-,-,制造业(工业母机),行业成熟稳定,传统行业,耐用品,-
300261.SZ,300261,雅本化学,小盘股,原材料,农用化工,农药,江苏,6.11,创业板,-,-,-,-,2011/9/6,蔡彤,外资,"阿尔法高波动,等待周期更长,20厘米涨停爆发性强",行情酝酿中,-,-,粮食,行业成熟稳定,传统行业,消耗品,-
300263.SZ,300263,隆华科技,大盘股,工业,节能与生态修复,节能与资源回收,河南,10.4,创业板,火山口 派出小部队勇吃鱼身,连续多天小涨 龟壳战术吃鱼头,-,-,2011/9/16,李占明,民营企业,-,行情酝酿中,-,-,制造业(工业母机),行业成熟稳定,高新技术产业,耐用品,-
300264.SZ,300264,佳创视讯,中盘股,信息技术,信息技术服务,系统集成服务,深圳,8.72,创业板,-,-,-,-,2011/9/16,陈坤江,民营企业,-,表现超预期,国产替代,-,-,政策支持,传统行业,-,-
300265.SZ,300265,通光线缆,大盘股,工业,电网设备,线缆及其他,江苏,18.77,创业板,-,-,-,-,2011/9/16,张强,民营企业,-,行情酝酿中,新科技,特高压电力产业链,-,政策支持,高新技术产业,耐用品,-
300266.SZ,300266,兴源环境,迷你盘,工业,污染治理,污水处理,浙江,2.41,创业板,-,-,-,-,2011/9/27,宁波市奉化区国有资产管理中心,地方国有企业,"阿尔法高波动,等待周期更长,20厘米涨停爆发性强",行情酝酿中,-,-,民生,行业成熟稳定,传统行业,-,-
300267.SZ,300267,尔康制药,中盘股,医药卫生,化学药,原料药,湖南,4.02,创业板,-,-,-,-,2011/9/27,帅放文,民营企业,-,行情酝酿中,大健康,-,-,政策支持,高新技术产业,消耗品,-
300268.SZ,300268,*ST佳沃,迷你盘,主要消费,养殖,渔业产品,湖南,13.97,创业板,火山口 派出小部队勇吃鱼身,-,-,-,2011/9/27,联想控股股份有限公司,中央企业,"阿尔法高波动,等待周期更长,20厘米涨停爆发性强",行情酝酿中,-,-,粮食,行业成熟稳定,传统行业,消耗品,-
300269.SZ,300269,联建光电,中盘股,信息技术,光学光电子,LED,深圳,7.41,创业板,火山口 派出小部队勇吃鱼身,-,-,-,2011/10/12,谭炜樑,民营企业,-,行情酝酿中,新科技,-,-,政策支持,高新技术产业,-,-
300270.SZ,300270,中威电子,大盘股,信息技术,电子终端及组件,安防设备及其他,浙江,11.95,创业板,-,-,有涨停 火山口战法吃鱼身,高人气,2011/10/12,付英波,民营企业,-,表现超预期,新基建,-,-,政策支持,高新技术产业,-,-
300271.SZ,300271,华宇软件,迷你盘,信息技术,软件开发,行业应用软件,北京,6.69,创业板,火山口 派出小部队勇吃鱼身,-,-,-,2011/10/26,邵学,民营企业,"阿尔法高波动,等待周期更长,20厘米涨停爆发性强",行情酝酿中,国产替代,-,-,政策支持,传统行业,-,-
300272.SZ,300272,开能健康,中盘股,可选消费,家用电器,小家电,上海,8.21,创业板,-,-,-,-,2011/11/2,瞿建国,民营企业,-,表现超预期,大消费,-,-,行业成熟稳定,传统行业,耐用品,-
300274.SZ,300274,阳光电源,大盘股,工业,发电设备,光伏设备,安徽,132.75,创业板,-,-,-,-,2011/11/2,曹仁贤,民营企业,-,表现超预期,新科技,特高压电力产业链,-,政策支持,高新技术产业,耐用品,-
300275.SZ,300275,梅安森,迷你盘,信息技术,电子终端及组件,安防设备及其他,重庆,11.08,创业板,火山口 派出小部队勇吃鱼身,-,-,-,2011/11/2,马焰,民营企业,"阿尔法高波动,等待周期更长,20厘米涨停爆发性强",行情酝酿中,-,-,制造业(工业母机),行业成熟稳定,高新技术产业,耐用品,-
300276.SZ,300276,三丰智能,中盘股,工业,专用机械,其他专用机械,湖北,7.23,创业板,-,-,-,-,2011/11/15,朱汉平,民营企业,-,表现超预期,-,-,制造业(工业母机),行业成熟稳定,高新技术产业,耐用品,-
300277.SZ,300277,汽轮科技,大盘股,工业,通用机械,动力机械,浙江,19.43,创业板,-,-,-,-,2011/11/23,杭州市人民政府国有资产监督管理委员会,地方国有企业,-,表现超预期,-,-,制造业(工业母机),行业成熟稳定,传统行业,耐用品,-
300278.SZ,300278,华昌达,中盘股,工业,专用机械,其他专用机械,湖北,4.66,创业板,火山口 派出小部队勇吃鱼身,-,-,-,2011/12/16,无实际控制人,其他,-,行情酝酿中,-,-,制造业(工业母机),行业成熟稳定,高新技术产业,耐用品,-
300279.SZ,300279,和晶科技,小盘股,信息技术,电子终端及组件,安防设备及其他,江苏,8.64,创业板,火山口 派出小部队勇吃鱼身,-,-,-,2011/12/29,无实际控制人,其他,"阿尔法高波动,等待周期更长,20厘米涨停爆发性强",行情酝酿中,新科技,-,-,政策支持,高新技术产业,-,-
300281.SZ,300281,金明精机,迷你盘,工业,专用机械,其他专用机械,广东,6.82,创业板,-,-,-,-,2011/12/29,广州市人民政府,地方国有企业,"阿尔法高波动,等待周期更长,20厘米涨停爆发性强",行情酝酿中,-,-,制造业(工业母机),行业成熟稳定,高新技术产业,耐用品,-
300283.SZ,300283,温州宏丰,大盘股,工业,电网设备,配电设备,浙江,9.67,创业板,-,-,-,-,2012/1/10,陈晓,民营企业,-,表现超预期,新科技,特高压电力产业链,-,政策支持,高新技术产业,耐用品,-
300284.SZ,300284,苏交科,小盘股,工业,建筑与工程,建筑设计及服务,江苏,6.75,创业板,火山口 派出小部队勇吃鱼身,连续多天小涨 龟壳战术吃鱼头,-,-,2012/1/10,广州市人民政府国有资产监督管理委员会,地方国有企业,"阿尔法高波动,等待周期更长,20厘米涨停爆发性强",行情酝酿中,-,房地产产业链,-,行业成熟稳定,传统行业,耐用品,-
300285.SZ,300285,国瓷材料,大盘股,信息技术,电子化学品,电子化学品,山东,36.6,创业板,-,-,-,-,2012/1/13,张曦,民营企业,-,表现超预期,-,-,化工,行业成熟稳定,传统行业,消耗品,-
300286.SZ,300286,安科瑞,中盘股,工业,电网设备,电网自动化,上海,26.15,创业板,火山口 派出小部队勇吃鱼身,连续多天小涨 龟壳战术吃鱼头,-,-,2012/1/13,周中,民营企业,-,行情酝酿中,-,智能汽车产业链,制造业(工业母机),行业成熟稳定,传统行业,耐用品,-
300287.SZ,300287,飞利信,小盘股,信息技术,信息技术服务,系统集成服务,北京,4.28,创业板,-,-,-,-,2012/2/1,杨振华,民营企业,"阿尔法高波动,等待周期更长,20厘米涨停爆发性强",行情酝酿中,国产替代,-,-,政策支持,传统行业,-,-
300288.SZ,300288,朗玛信息,小盘股,信息技术,软件开发,行业应用软件,贵州,12.77,创业板,-,-,-,-,2012/2/16,王伟,民营企业,"阿尔法高波动,等待周期更长,20厘米涨停爆发性强",行情酝酿中,国产替代,-,-,政策支持,传统行业,-,-
300289.SZ,300289,利德曼,迷你盘,医药卫生,医疗器械,体外诊断,北京,6.65,创业板,火山口 派出小部队勇吃鱼身,连续多天小涨 龟壳战术吃鱼头,-,-,2012/2/16,广州经济技术开发区管理委员会,地方国有企业,"阿尔法高波动,等待周期更长,20厘米涨停爆发性强",行情酝酿中,大健康,-,-,行业成熟稳定,传统行业,消耗品,-
300290.SZ,300290,荣科科技,大盘股,信息技术,软件开发,行业应用软件,辽宁,15.79,创业板,-,-,有涨停 火山口战法吃鱼身,高人气,2012/2/16,河南省人民政府国有资产监督管理委员会,地方国有企业,-,表现超预期,国产替代,-,-,政策支持,传统行业,-,-
300291.SZ,300291,百纳千成,小盘股,通信服务,文化娱乐,影视动漫,北京,6.73,创业板,-,-,-,-,2012/2/9,何剑锋,民营企业,"阿尔法高波动,等待周期更长,20厘米涨停爆发性强",行情酝酿中,-,-,文化体育,行业成熟稳定,传统行业,-,-
300292.SZ,300292,吴通控股,中盘股,通信服务,电信增值服务,电信增值服务,江苏,4.96,创业板,火山口 派出小部队勇吃鱼身,-,-,-,2012/2/29,万卫方,民营企业,-,行情酝酿中,国产替代,电子商务产业链,-,政策支持,传统行业,-,-
300293.SZ,300293,蓝英装备,小盘股,工业,通用机械,其他通用机械,辽宁,18.31,创业板,-,-,-,-,2012/3/8,郭洪生,民营企业,"阿尔法高波动,等待周期更长,20厘米涨停爆发性强",行情酝酿中,-,-,制造业(工业母机),行业成熟稳定,高新技术产业,耐用品,-
300294.SZ,300294,博雅生物,小盘股,医药卫生,生物药品,血液制品,江西,18.84,创业板,-,-,-,-,2012/3/8,国务院国有资产监督管理委员会,中央企业,"阿尔法高波动,等待周期更长,20厘米涨停爆发性强",行情酝酿中,大健康,-,-,政策支持,高新技术产业,消耗品,-
300295.SZ,300295,三六五网,小盘股,房地产,房地产管理与服务,房地产服务,江苏,10.33,创业板,火山口 派出小部队勇吃鱼身,连续多天小涨 龟壳战术吃鱼头,-,-,2012/3/15,无实际控制人,其他,"阿尔法高波动,等待周期更长,20厘米涨停爆发性强",行情酝酿中,国产替代,电子商务产业链,-,政策支持,传统行业,-,-
300296.SZ,300296,利亚德,大盘股,信息技术,光学光电子,LED,北京,7.76,创业板,火山口 派出小部队勇吃鱼身,-,-,-,2012/3/15,李军,民营企业,-,行情酝酿中,新科技,-,-,政策支持,高新技术产业,-,-
300298.SZ,300298,三诺生物,迷你盘,医药卫生,医疗器械,医疗设备,湖南,15.8,创业板,火山口 派出小部队勇吃鱼身,连续多天小涨 龟壳战术吃鱼头,-,-,2012/3/19,李少波,民营企业,"阿尔法高波动,等待周期更长,20厘米涨停爆发性强",行情酝酿中,大健康,-,-,行业成熟稳定,传统行业,消耗品,-
300299.SZ,300299,富春股份,小盘股,通信服务,文化娱乐,游戏,福建,5.91,创业板,-,-,-,-,2012/3/19,缪品章,民营企业,"阿尔法高波动,等待周期更长,20厘米涨停爆发性强",行情酝酿中,国产替代,电子商务产业链,-,政策支持,传统行业,-,-
300300.SZ,300300,海峡创新,大盘股,信息技术,信息技术服务,系统集成服务,福建,12.74,创业板,-,-,-,-,2012/3/19,平潭综合实验区投资促进局,地方国有企业,-,行情酝酿中,国产替代,-,-,政策支持,传统行业,-,-
300301.SZ,300301,ST长方,小盘股,信息技术,光学光电子,LED,深圳,3.92,创业板,-,-,有涨停 火山口战法吃鱼身,-,2012/3/21,无实际控制人,其他,"阿尔法高波动,等待周期更长,20厘米涨停爆发性强",表现超预期,新科技,-,-,政策支持,高新技术产业,-,-
300302.SZ,300302,同有科技,大盘股,信息技术,电子终端及组件,电脑与外围设备,北京,24.39,创业板,-,-,-,-,2012/3/21,无实际控制人,其他,-,行情酝酿中,新基建,-,-,政策支持,高新技术产业,-,-
300303.SZ,300303,聚飞光电,大盘股,信息技术,光学光电子,LED,深圳,10.21,创业板,-,-,-,-,2012/3/19,邢美正,民营企业,-,表现超预期,新科技,-,-,政策支持,高新技术产业,-,-
300304.SZ,300304,云意电气,中盘股,可选消费,汽车零部件与轮胎,汽车电子,江苏,13.05,创业板,-,-,-,-,2012/3/21,付红玲,民营企业,-,行情酝酿中,-,智能汽车产业链,-,政策支持,传统行业,消耗品,-
300305.SZ,300305,裕兴股份,迷你盘,工业,发电设备,光伏设备,江苏,6.31,创业板,-,-,-,-,2012/3/29,王建新,民营企业,"阿尔法高波动,等待周期更长,20厘米涨停爆发性强",行情酝酿中,-,-,化工,行业成熟稳定,传统行业,消耗品,-
300306.SZ,300306,远方信息,迷你盘,工业,通用机械,仪器仪表,浙江,12.35,创业板,-,-,-,-,2012/3/29,潘建根,民营企业,"阿尔法高波动,等待周期更长,20厘米涨停爆发性强",行情酝酿中,-,智能汽车产业链,制造业(工业母机),行业成熟稳定,传统行业,耐用品,-
300307.SZ,300307,慈星股份,迷你盘,工业,专用机械,纺织服装机械,浙江,6.55,创业板,火山口 派出小部队勇吃鱼身,连续多天小涨 龟壳战术吃鱼头,-,-,2012/3/29,孙平范,民营企业,"阿尔法高波动,等待周期更长,20厘米涨停爆发性强",行情酝酿中,-,-,制造业(工业母机),行业成熟稳定,传统行业,耐用品,-
300308.SZ,300308,中际旭创,大盘股,通信服务,通信设备,通信系统设备及组件,山东,851,创业板,-,-,-,-,2012/4/10,王伟修,民营企业,-,表现超预期,新基建,-,-,政策支持,高新技术产业,-,-
300310.SZ,300310,宜通世纪,中盘股,通信服务,通信技术服务,通信技术服务,广东,6.38,创业板,火山口 派出小部队勇吃鱼身,-,-,-,2012/4/25,无实际控制人,其他,-,行情酝酿中,新基建,-,-,政策支持,高新技术产业,-,-
300311.SZ,300311,ST任子行,迷你盘,信息技术,软件开发,通用软件,深圳,5.36,创业板,火山口 派出小部队勇吃鱼身,连续多天小涨 龟壳战术吃鱼头,-,-,2012/4/25,景晓军,民营企业,"阿尔法高波动,等待周期更长,20厘米涨停爆发性强",行情酝酿中,国产替代,-,-,政策支持,传统行业,-,-
300313.SZ,300313,*ST天山,迷你盘,主要消费,养殖,畜牧产品,新疆,8.11,创业板,-,-,-,-,2012/4/25,陈欢,民营企业,"阿尔法高波动,等待周期更长,20厘米涨停爆发性强",行情酝酿中,-,-,粮食,行业成熟稳定,传统行业,消耗品,-
300314.SZ,300314,戴维医疗,迷你盘,医药卫生,医疗器械,医疗设备,浙江,12.69,创业板,火山口 派出小部队勇吃鱼身,-,-,-,2012/5/8,陈再宏,民营企业,"阿尔法高波动,等待周期更长,20厘米涨停爆发性强",行情酝酿中,大健康,-,-,行业成熟稳定,传统行业,消耗品,-
300315.SZ,300315,掌趣科技,中盘股,通信服务,文化娱乐,游戏,北京,4.92,创业板,-,-,-,-,2012/5/11,无实际控制人,其他,-,表现超预期,国产替代,电子商务产业链,-,政策支持,传统行业,-,-
300316.SZ,300316,晶盛机电,大盘股,工业,发电设备,光伏设备,浙江,46.18,创业板,火山口 派出小部队勇吃鱼身,-,-,-,2012/5/11,邱敏秀,民营企业,-,表现超预期,-,-,制造业(工业母机),行业成熟稳定,高新技术产业,耐用品,-
300317.SZ,300317,珈伟新能,中盘股,工业,发电设备,光伏设备,深圳,4.9,创业板,-,-,-,-,2012/5/11,阜阳市颍泉区人民政府国有资产监督管理委员会,地方国有企业,-,行情酝酿中,新科技,特高压电力产业链,-,政策支持,高新技术产业,耐用品,-
300318.SZ,300318,博晖创新,迷你盘,医药卫生,生物药品,血液制品,北京,5.7,创业板,-,-,-,-,2012/5/23,杜江涛,民营企业,"阿尔法高波动,等待周期更长,20厘米涨停爆发性强",行情酝酿中,大健康,-,-,行业成熟稳定,传统行业,消耗品,-
300319.SZ,300319,麦捷科技,中盘股,信息技术,电子元件,被动元件,深圳,12.55,创业板,火山口 派出小部队勇吃鱼身,-,-,-,2012/5/23,深圳市特发集团有限公司,地方国有企业,-,行情酝酿中,新科技,-,-,政策支持,高新技术产业,-,-
300320.SZ,300320,海达股份,中盘股,原材料,橡胶,橡胶制品,江苏,9.62,创业板,-,-,-,-,2012/6/1,钱振宇,民营企业,-,行情酝酿中,-,-,化工,行业成熟稳定,传统行业,耐用品,-
300321.SZ,300321,同大股份,小盘股,原材料,塑料,其他塑料制品,山东,35.63,创业板,-,-,-,-,2012/5/23,潍坊市政府投融资管理中心,地方国有企业,"阿尔法高波动,等待周期更长,20厘米涨停爆发性强",行情酝酿中,-,-,化工,行业成熟稳定,传统行业,消耗品,-
300322.SZ,300322,硕贝德,大盘股,信息技术,电子终端及组件,消费电子组件及零部件,广东,32.08,创业板,-,-,-,-,2012/6/8,朱坤华,民营企业,-,表现超预期,新科技,-,-,政策支持,高新技术产业,-,-
300323.SZ,300323,华灿光电,大盘股,信息技术,光学光电子,LED,湖北,10.26,创业板,-,-,-,-,2012/6/1,北京市人民政府国有资产监督管理委员会,地方国有企业,-,行情酝酿中,新科技,-,-,政策支持,高新技术产业,-,-
300324.SZ,300324,旋极信息,中盘股,信息技术,软件开发,行业应用软件,北京,4.79,创业板,-,-,-,-,2012/6/8,陈江涛,民营企业,-,行情酝酿中,国产替代,-,-,政策支持,传统行业,-,-
300326.SZ,300326,ST凯利,小盘股,医药卫生,医疗器械,医疗耗材,上海,6.85,创业板,-,-,-,-,2012/6/13,无实际控制人,其他,"阿尔法高波动,等待周期更长,20厘米涨停爆发性强",行情酝酿中,大健康,-,-,行业成熟稳定,传统行业,消耗品,-
300327.SZ,300327,中颖电子,中盘股,信息技术,集成电路,集成电路设计,上海,25.8,创业板,火山口 派出小部队勇吃鱼身,-,-,-,2012/6/13,无实际控制人,其他,-,行情酝酿中,新科技,-,-,政策支持,高新技术产业,-,-
300328.SZ,300328,宜安科技,大盘股,工业,通用机械,其他通用机械,广东,16.73,创业板,-,-,-,-,2012/6/19,株洲市人民政府国有资产监督管理委员会,地方国有企业,-,行情酝酿中,新能源,-,-,行业成熟稳定,传统行业,消耗品,-
300329.SZ,300329,海伦钢琴,小盘股,可选消费,休闲设备与用品,休闲设备与用品,浙江,14.97,创业板,火山口 派出小部队勇吃鱼身,-,-,-,2012/6/19,崔永庆,民营企业,"阿尔法高波动,等待周期更长,20厘米涨停爆发性强",行情酝酿中,-,-,文化体育,行业成熟稳定,传统行业,-,-
300331.SZ,300331,苏大维格,大盘股,信息技术,光学光电子,光学元件,江苏,46.68,创业板,-,-,-,-,2012/6/28,陈林森,民营企业,-,表现超预期,新科技,-,-,政策支持,高新技术产业,-,-
300332.SZ,300332,天壕能源,中盘股,公用事业,燃气,燃气,北京,5.62,创业板,-,-,-,-,2012/6/28,陈作涛,民营企业,-,表现超预期,-,-,民生,行业成熟稳定,传统行业,消耗品,-
300333.SZ,300333,兆日科技,迷你盘,信息技术,电子终端及组件,安防设备及其他,深圳,9.19,创业板,-,-,-,-,2012/6/28,魏恺言,民营企业,"阿尔法高波动,等待周期更长,20厘米涨停爆发性强",表现超预期,新基建,-,-,政策支持,高新技术产业,-,-
300334.SZ,300334,津膜科技,迷你盘,工业,污染治理,污水处理,天津,7.17,创业板,-,-,-,-,2012/7/5,无实际控制人,其他,"阿尔法高波动,等待周期更长,20厘米涨停爆发性强",行情酝酿中,-,-,制造业(工业母机),行业成熟稳定,高新技术产业,耐用品,-
300335.SZ,300335,迪森股份,中盘股,公用事业,供热及其他,供热及其他,广东,6.63,创业板,-,-,-,-,2012/7/10,常厚春,民营企业,-,行情酝酿中,-,-,民生,行业成熟稳定,传统行业,消耗品,-
300337.SZ,300337,银邦股份,大盘股,原材料,工业金属,铝,江苏,14.24,创业板,-,-,-,-,2012/7/18,沈健生,民营企业,-,表现超预期,-,军工高铁产业链,-,行业成熟稳定,传统行业,消耗品,-
300338.SZ,300338,ST开元,迷你盘,可选消费,教育服务,培训教育及其他,湖南,3.67,创业板,火山口 派出小部队勇吃鱼身,-,-,-,2012/7/26,无实际控制人,其他,"阿尔法高波动,等待周期更长,20厘米涨停爆发性强",行情酝酿中,-,-,文化体育,行业成熟稳定,传统行业,-,-
300339.SZ,300339,润和软件,大盘股,信息技术,软件开发,行业应用软件,江苏,40.77,创业板,火山口 派出小部队勇吃鱼身,-,-,-,2012/7/18,周红卫,民营企业,-,行情酝酿中,国产替代,-,-,政策支持,传统行业,-,-
300340.SZ,300340,科恒股份,小盘股,工业,储能设备,电池部件及材料,广东,11.3,创业板,-,-,-,-,2012/7/26,珠海市人民政府国有资产监督管理委员会,地方国有企业,"阿尔法高波动,等待周期更长,20厘米涨停爆发性强",行情酝酿中,新科技,特高压电力产业链,-,政策支持,高新技术产业,耐用品,-
300341.SZ,300341,麦克奥迪,小盘股,工业,电网设备,线缆及其他,福建,15.09,创业板,火山口 派出小部队勇吃鱼身,连续多天小涨 龟壳战术吃鱼头,-,-,2012/7/26,北京经济技术开发区管理委员会,地方国有企业,"阿尔法高波动,等待周期更长,20厘米涨停爆发性强",行情酝酿中,新科技,特高压电力产业链,-,政策支持,高新技术产业,耐用品,-
300342.SZ,300342,天银机电,大盘股,可选消费,家用电器,家电零部件及其他,江苏,57.11,创业板,火山口 派出小部队勇吃鱼身,连续多天小涨 龟壳战术吃鱼头,-,-,2012/7/26,佛山市南海区国有资产监督管理局,地方国有企业,-,行情酝酿中,大消费,-,-,行业成熟稳定,传统行业,耐用品,-
300343.SZ,300343,ST联创,小盘股,原材料,化学制品,氟化工,山东,6.76,创业板,火山口 派出小部队勇吃鱼身,连续多天小涨 龟壳战术吃鱼头,-,-,2012/8/1,李洪国,民营企业,"阿尔法高波动,等待周期更长,20厘米涨停爆发性强",行情酝酿中,-,-,化工,行业成熟稳定,传统行业,耐用品,-
300344.SZ,300344,立方退,迷你盘,信息技术,信息技术服务,系统集成服务,NA,0.26,创业板,-,-,-,-,2012/8/1,古钰瑭,民营企业,"阿尔法高波动,等待周期更长,20厘米涨停爆发性强",行情酝酿中,-,-,-,行业成熟稳定,传统行业,-,-
300345.SZ,300345,华民股份,中盘股,工业,发电设备,光伏设备,湖南,6.7,创业板,-,-,-,-,2012/8/1,欧阳少红,民营企业,-,行情酝酿中,新科技,特高压电力产业链,-,政策支持,高新技术产业,耐用品,-
300346.SZ,300346,南大光电,大盘股,信息技术,半导体材料与设备,半导体材料,江苏,49.5,创业板,-,-,-,-,2012/8/7,无实际控制人,其他,-,行情酝酿中,新科技,-,-,政策支持,高新技术产业,-,-
300347.SZ,300347,泰格医药,大盘股,医药卫生,制药与生物科技服务,制药与生物科技服务,浙江,57.6,创业板,-,-,-,-,2012/8/17,曹晓春,民营企业,-,表现超预期,大健康,-,-,行业成熟稳定,传统行业,消耗品,-
300348.SZ,300348,长亮科技,中盘股,信息技术,软件开发,行业应用软件,深圳,13.82,创业板,-,-,-,-,2012/8/17,王长春,民营企业,-,表现超预期,国产替代,-,-,政策支持,传统行业,-,-
300349.SZ,300349,金卡智能,小盘股,工业,通用机械,仪器仪表,浙江,14.18,创业板,火山口 派出小部队勇吃鱼身,连续多天小涨 龟壳战术吃鱼头,-,-,2012/8/17,杨斌,民营企业,"阿尔法高波动,等待周期更长,20厘米涨停爆发性强",行情酝酿中,-,智能汽车产业链,制造业(工业母机),行业成熟稳定,传统行业,耐用品,-
300350.SZ,300350,华鹏飞,小盘股,工业,运输业,物流综合,深圳,5.21,创业板,-,-,-,-,2012/8/21,张京豫,民营企业,"阿尔法高波动,等待周期更长,20厘米涨停爆发性强",行情酝酿中,-,电子商务产业链,-,政策支持,传统行业,-,-
300351.SZ,300351,永贵电器,大盘股,可选消费,汽车零部件与轮胎,汽车电子,浙江,18.94,创业板,-,-,有涨停 火山口战法吃鱼身,高人气,2012/9/20,范纪军,民营企业,-,表现超预期,-,-,制造业(工业母机),行业成熟稳定,传统行业,耐用品,-
300352.SZ,300352,北信源,大盘股,信息技术,软件开发,通用软件,北京,7.88,创业板,-,-,有涨停 火山口战法吃鱼身,高人气,2012/9/12,林皓,民营企业,-,表现超预期,国产替代,-,-,政策支持,传统行业,-,-
300353.SZ,300353,东土科技,中盘股,通信服务,通信设备,通信系统设备及组件,北京,20.1,创业板,火山口 派出小部队勇吃鱼身,-,-,-,2012/9/27,李平,民营企业,-,行情酝酿中,新基建,-,-,政策支持,高新技术产业,-,-
300354.SZ,300354,东华测试,小盘股,工业,通用机械,仪器仪表,江苏,37.06,创业板,火山口 派出小部队勇吃鱼身,连续多天小涨 龟壳战术吃鱼头,-,-,2012/9/20,刘士钢,民营企业,"阿尔法高波动,等待周期更长,20厘米涨停爆发性强",行情酝酿中,-,智能汽车产业链,制造业(工业母机),行业成熟稳定,传统行业,耐用品,-
300355.SZ,300355,蒙草生态,小盘股,工业,节能与生态修复,生态修复,内蒙,3.77,创业板,-,-,-,-,2012/9/27,王召明,民营企业,"阿尔法高波动,等待周期更长,20厘米涨停爆发性强",表现超预期,-,-,民生,行业成熟稳定,传统行业,-,-
300357.SZ,300357,我武生物,中盘股,医药卫生,生物药品,其他生物药品,浙江,26.76,创业板,火山口 派出小部队勇吃鱼身,-,-,-,2014/1/21,胡赓熙,民营企业,-,行情酝酿中,大健康,-,-,政策支持,高新技术产业,消耗品,-
300358.SZ,300358,楚天科技,小盘股,工业,专用机械,其他专用机械,湖南,10.59,创业板,-,-,-,-,2014/1/21,唐岳,民营企业,"阿尔法高波动,等待周期更长,20厘米涨停爆发性强",表现超预期,大健康,-,-,行业成熟稳定,传统行业,消耗品,-
300359.SZ,300359,全通教育,迷你盘,可选消费,教育服务,培训教育及其他,广东,4.95,创业板,火山口 派出小部队勇吃鱼身,-,-,-,2014/1/21,无实际控制人,其他,"阿尔法高波动,等待周期更长,20厘米涨停爆发性强",行情酝酿中,-,-,文化体育,行业成熟稳定,传统行业,-,-
300360.SZ,300360,炬华科技,小盘股,工业,电网设备,电网自动化,浙江,16.45,创业板,火山口 派出小部队勇吃鱼身,连续多天小涨 龟壳战术吃鱼头,-,-,2014/1/21,丁敏华,民营企业,"阿尔法高波动,等待周期更长,20厘米涨停爆发性强",行情酝酿中,-,智能汽车产业链,制造业(工业母机),行业成熟稳定,传统行业,耐用品,-
300363.SZ,300363,博腾股份,中盘股,医药卫生,制药与生物科技服务,制药与生物科技服务,重庆,21.79,创业板,-,-,-,-,2014/1/29,居年丰,民营企业,-,行情酝酿中,大健康,-,-,政策支持,高新技术产业,消耗品,-
300364.SZ,300364,中文在线,大盘股,通信服务,文化娱乐,出版,北京,28.58,创业板,-,-,-,-,2015/1/21,童之磊,民营企业,-,行情酝酿中,-,-,文化体育,行业成熟稳定,传统行业,-,-
300365.SZ,300365,恒华科技,小盘股,信息技术,软件开发,行业应用软件,北京,5.89,创业板,-,-,-,-,2014/1/23,江春华,民营企业,"阿尔法高波动,等待周期更长,20厘米涨停爆发性强",行情酝酿中,国产替代,-,-,政策支持,传统行业,-,-
300366.SZ,300366,ST创意,迷你盘,信息技术,软件开发,通用软件,四川,5.6,创业板,火山口 派出小部队勇吃鱼身,-,-,-,2014/1/27,陆文斌,民营企业,"阿尔法高波动,等待周期更长,20厘米涨停爆发性强",行情酝酿中,国产替代,-,-,政策支持,传统行业,-,-
300368.SZ,300368,汇金股份,中盘股,信息技术,电子终端及组件,安防设备及其他,河北,10.75,创业板,-,-,-,-,2014/1/23,邯郸市人民政府国有资产监督管理委员会,地方国有企业,-,行情酝酿中,新基建,-,-,政策支持,高新技术产业,-,-
300369.SZ,300369,绿盟科技,中盘股,信息技术,软件开发,通用软件,北京,8.19,创业板,-,-,-,-,2014/1/29,无实际控制人,其他,-,行情酝酿中,国产替代,-,-,政策支持,传统行业,-,-
300370.SZ,300370,安控科技,迷你盘,能源,油气开采与油田服务,油田服务,四川,2.51,创业板,-,-,-,-,2014/1/23,宜宾市叙州区国有资产监督管理局,地方国有企业,"阿尔法高波动,等待周期更长,20厘米涨停爆发性强",行情酝酿中,-,智能汽车产业链,制造业(工业母机),行业成熟稳定,传统行业,耐用品,-
300371.SZ,300371,汇中股份,迷你盘,工业,通用机械,仪器仪表,河北,12.61,创业板,火山口 派出小部队勇吃鱼身,连续多天小涨 龟壳战术吃鱼头,-,-,2014/1/23,张力新,民营企业,"阿尔法高波动,等待周期更长,20厘米涨停爆发性强",行情酝酿中,-,智能汽车产业链,制造业(工业母机),行业成熟稳定,传统行业,耐用品,-
300373.SZ,300373,扬杰科技,大盘股,信息技术,分立器件,分立器件,江苏,78.69,创业板,火山口 派出小部队勇吃鱼身,-,-,-,2014/1/23,梁勤,民营企业,-,行情酝酿中,新科技,-,-,政策支持,高新技术产业,-,-
300374.SZ,300374,中铁装配,迷你盘,工业,建筑产品,建筑产品,北京,14.05,创业板,火山口 派出小部队勇吃鱼身,-,-,-,2015/3/19,国务院国有资产监督管理委员会,中央企业,"阿尔法高波动,等待周期更长,20厘米涨停爆发性强",行情酝酿中,-,房地产产业链,-,行业成熟稳定,传统行业,耐用品,-
300375.SZ,300375,鹏翎股份,迷你盘,可选消费,汽车零部件与轮胎,汽车系统部件,天津,4.87,创业板,火山口 派出小部队勇吃鱼身,-,-,-,2014/1/27,王志方,民营企业,"阿尔法高波动,等待周期更长,20厘米涨停爆发性强",行情酝酿中,-,智能汽车产业链,-,政策支持,传统行业,消耗品,-
300376.SZ,300376,易事特,中盘股,工业,储能设备,其他储能设备,广东,6.43,创业板,火山口 派出小部队勇吃鱼身,连续多天小涨 龟壳战术吃鱼头,-,-,2014/1/27,荆州市人民政府国有资产监督管理委员会,地方国有企业,-,行情酝酿中,新科技,特高压电力产业链,-,政策支持,高新技术产业,耐用品,-
300377.SZ,300377,赢时胜,大盘股,信息技术,软件开发,行业应用软件,深圳,18.04,创业板,-,-,-,-,2014/1/27,唐球,民营企业,-,行情酝酿中,国产替代,-,-,政策支持,传统行业,-,-
300378.SZ,300378,鼎捷数智,中盘股,信息技术,软件开发,通用软件,上海,40.97,创业板,-,-,-,-,2014/1/27,无实际控制人,其他,-,行情酝酿中,国产替代,-,-,政策支持,传统行业,-,-
300380.SZ,300380,安硕信息,小盘股,信息技术,软件开发,行业应用软件,上海,34.76,创业板,-,-,-,-,2014/1/28,高勇,民营企业,"阿尔法高波动,等待周期更长,20厘米涨停爆发性强",行情酝酿中,国产替代,-,-,政策支持,传统行业,-,-
300381.SZ,300381,溢多利,迷你盘,主要消费,养殖,饲料,广东,6.23,创业板,-,-,-,-,2014/1/28,陈少美,民营企业,"阿尔法高波动,等待周期更长,20厘米涨停爆发性强",行情酝酿中,大健康,-,-,政策支持,高新技术产业,消耗品,-
300382.SZ,300382,斯莱克,中盘股,工业,专用机械,印刷包装机械,江苏,12.59,创业板,-,-,-,-,2014/1/29,安旭,外资,-,表现超预期,-,-,制造业(工业母机),行业成熟稳定,高新技术产业,耐用品,-
300383.SZ,300383,光环新网,大盘股,信息技术,信息技术服务,云计算服务,北京,18.17,创业板,-,-,-,-,2014/1/29,耿殿根,民营企业,-,表现超预期,国产替代,-,-,政策支持,传统行业,-,-
300384.SZ,300384,三联虹普,小盘股,工业,商业服务与用品,其他商业服务与用品,北京,15.6,创业板,-,-,-,-,2014/8/1,刘迪,民营企业,"阿尔法高波动,等待周期更长,20厘米涨停爆发性强",表现超预期,-,房地产产业链,-,行业成熟稳定,传统行业,耐用品,-
300385.SZ,300385,ST雪浪,大盘股,工业,污染治理,烟气治理,江苏,15.93,创业板,-,-,有涨停 火山口战法吃鱼身,-,2014/6/26,常州国家高新区管委会(新北区人民政府),地方国有企业,-,表现超预期,-,-,民生,行业成熟稳定,传统行业,-,-
300386.SZ,300386,飞天诚信,小盘股,信息技术,电子终端及组件,安防设备及其他,北京,14.45,创业板,-,-,-,-,2014/6/26,黄煜,民营企业,"阿尔法高波动,等待周期更长,20厘米涨停爆发性强",行情酝酿中,新基建,-,-,政策支持,高新技术产业,-,-
300387.SZ,300387,富邦科技,小盘股,原材料,农用化工,复合肥,湖北,8.53,创业板,-,-,-,-,2014/7/2,王仁宗,民营企业,"阿尔法高波动,等待周期更长,20厘米涨停爆发性强",行情酝酿中,-,-,粮食,行业成熟稳定,传统行业,消耗品,-
300388.SZ,300388,节能国祯,迷你盘,工业,污染治理,污水处理,安徽,7.91,创业板,火山口 派出小部队勇吃鱼身,-,-,-,2014/8/1,国务院国有资产监督管理委员会,中央企业,"阿尔法高波动,等待周期更长,20厘米涨停爆发性强",行情酝酿中,-,-,民生,行业成熟稳定,传统行业,-,-
300389.SZ,300389,艾比森,中盘股,信息技术,光学光电子,LED,深圳,20.17,创业板,-,-,-,-,2014/8/1,丁彦辉,民营企业,-,表现超预期,新科技,-,-,政策支持,高新技术产业,-,-
300390.SZ,300390,天华新能,大盘股,工业,储能设备,电池部件及材料,江苏,87.79,创业板,-,-,有涨停 火山口战法吃鱼身,高人气,2014/7/31,裴振华,民营企业,-,表现超预期,新科技,特高压电力产业链,-,政策支持,高新技术产业,耐用品,-
300393.SZ,300393,中来股份,大盘股,工业,发电设备,光伏设备,江苏,10,创业板,-,-,-,-,2014/9/12,浙江省人民政府国有资产监督管理委员会,地方国有企业,-,表现超预期,-,-,化工,行业成熟稳定,传统行业,消耗品,-
300394.SZ,300394,天孚通信,大盘股,通信服务,通信设备,通信系统设备及组件,江苏,379.28,创业板,-,-,-,-,2015/2/17,邹支农,民营企业,-,表现超预期,新基建,-,-,政策支持,高新技术产业,-,-
300395.SZ,300395,菲利华,大盘股,原材料,其他非金属材料,玻璃纤维,湖北,112.2,创业板,-,-,-,-,2014/9/10,邓家贵,民营企业,-,表现超预期,-,-,化工,行业成熟稳定,传统行业,耐用品,-
300396.SZ,300396,迪瑞医疗,迷你盘,医药卫生,医疗器械,体外诊断,吉林,11.41,创业板,-,-,-,-,2014/9/10,国务院国有资产监督管理委员会,中央企业,"阿尔法高波动,等待周期更长,20厘米涨停爆发性强",行情酝酿中,大健康,-,-,行业成熟稳定,传统行业,消耗品,-
300397.SZ,300397,天和防务,小盘股,信息技术,其他电子,其他电子,陕西,11.97,创业板,火山口 派出小部队勇吃鱼身,-,-,-,2014/9/10,贺增林,民营企业,"阿尔法高波动,等待周期更长,20厘米涨停爆发性强",行情酝酿中,新基建,-,-,政策支持,高新技术产业,-,-
300398.SZ,300398,飞凯材料,大盘股,信息技术,光学光电子,面板,上海,29.25,创业板,-,-,-,-,2014/10/9,JINSHAN ZHANG,外资,-,表现超预期,-,-,化工,行业成熟稳定,传统行业,耐用品,-
300399.SZ,300399,天利科技,小盘股,金融,保险,保险经纪商,江西,21.2,创业板,火山口 派出小部队勇吃鱼身,-,-,-,2014/10/9,上饶市国有资产监督管理委员会,地方国有企业,"阿尔法高波动,等待周期更长,20厘米涨停爆发性强",行情酝酿中,国产替代,电子商务产业链,-,政策支持,传统行业,-,-
300400.SZ,300400,劲拓股份,大盘股,工业,通用机械,加工机械,深圳,28.57,创业板,-,连续多天小涨 龟壳战术吃鱼头,-,-,2014/10/10,吴限,民营企业,-,表现超预期,-,-,制造业(工业母机),行业成熟稳定,高新技术产业,耐用品,-
300401.SZ,300401,花园生物,中盘股,医药卫生,化学药,药品制剂,浙江,13.8,创业板,-,-,-,-,2014/10/9,邵钦祥,民营企业,-,行情酝酿中,大健康,-,-,政策支持,高新技术产业,消耗品,-
300402.SZ,300402,宝色股份,迷你盘,工业,专用机械,化工机械,江苏,19.18,创业板,火山口 派出小部队勇吃鱼身,-,-,-,2014/10/10,陕西有色金属控股集团有限责任公司,地方国有企业,"阿尔法高波动,等待周期更长,20厘米涨停爆发性强",行情酝酿中,-,-,制造业(工业母机),行业成熟稳定,高新技术产业,耐用品,-
300403.SZ,300403,汉宇集团,小盘股,可选消费,家用电器,家电零部件及其他,广东,12.05,创业板,火山口 派出小部队勇吃鱼身,-,-,-,2014/10/30,石华山,民营企业,"阿尔法高波动,等待周期更长,20厘米涨停爆发性强",行情酝酿中,大消费,-,-,行业成熟稳定,传统行业,耐用品,-
300404.SZ,300404,博济医药,小盘股,医药卫生,制药与生物科技服务,制药与生物科技服务,广东,10.19,创业板,-,-,-,-,2015/4/24,王廷春,民营企业,"阿尔法高波动,等待周期更长,20厘米涨停爆发性强",行情酝酿中,大健康,-,-,行业成熟稳定,传统行业,消耗品,-
300405.SZ,300405,科隆股份,迷你盘,原材料,建筑材料,水泥与混凝土,辽宁,6.03,创业板,-,-,-,-,2014/10/30,姜艳,民营企业,"阿尔法高波动,等待周期更长,20厘米涨停爆发性强",行情酝酿中,-,-,化工,行业成熟稳定,传统行业,耐用品,-
300406.SZ,300406,九强生物,迷你盘,医药卫生,医疗器械,体外诊断,北京,11.99,创业板,火山口 派出小部队勇吃鱼身,连续多天小涨 龟壳战术吃鱼头,-,-,2014/10/30,无实际控制人,其他,"阿尔法高波动,等待周期更长,20厘米涨停爆发性强",行情酝酿中,大健康,-,-,行业成熟稳定,传统行业,消耗品,-
300407.SZ,300407,凯发电气,中盘股,工业,交通运输设备,城轨铁路,天津,13.61,创业板,-,连续多天小涨 龟壳战术吃鱼头,-,-,2014/12/3,孔祥洲,民营企业,-,行情酝酿中,新科技,特高压电力产业链,-,政策支持,高新技术产业,耐用品,-
300408.SZ,300408,三环集团,大盘股,信息技术,电子元件,被动元件,广东,65.17,创业板,-,连续多天小涨 龟壳战术吃鱼头,-,-,2014/12/3,张万镇,民营企业,-,表现超预期,新科技,-,-,政策支持,高新技术产业,-,-
300409.SZ,300409,道氏技术,大盘股,工业,储能设备,电池部件及材料,广东,26.65,创业板,-,-,-,-,2014/12/3,荣继华,民营企业,-,表现超预期,新科技,特高压电力产业链,-,政策支持,高新技术产业,耐用品,-
300410.SZ,300410,正业科技,大盘股,工业,专用机械,其他专用机械,广东,9.81,创业板,火山口 派出小部队勇吃鱼身,-,-,-,2014/12/31,景德镇市国有资产监督管理委员会,地方国有企业,-,表现超预期,-,-,制造业(工业母机),行业成熟稳定,高新技术产业,耐用品,-
300411.SZ,300411,金盾股份,小盘股,工业,通用机械,气液机械,浙江,10.84,创业板,-,-,-,-,2014/12/31,无实际控制人,其他,"阿尔法高波动,等待周期更长,20厘米涨停爆发性强",行情酝酿中,-,-,制造业(工业母机),行业成熟稳定,高新技术产业,耐用品,-
300412.SZ,300412,迦南科技,迷你盘,工业,专用机械,其他专用机械,浙江,5.2,创业板,火山口 派出小部队勇吃鱼身,-,-,-,2014/12/31,方亨志,民营企业,"阿尔法高波动,等待周期更长,20厘米涨停爆发性强",行情酝酿中,大健康,-,-,行业成熟稳定,传统行业,消耗品,-
300413.SZ,300413,芒果超媒,中盘股,通信服务,数字媒体,视频媒体,湖南,21.05,创业板,-,-,-,-,2015/1/21,湖南省人民政府国有资产监督管理委员会,地方国有企业,-,行情酝酿中,-,-,文化体育,行业成熟稳定,传统行业,-,-
300414.SZ,300414,中光防雷,小盘股,通信服务,通信设备,通信系统设备及组件,四川,14.29,创业板,-,-,-,-,2015/5/13,王雪颖,民营企业,"阿尔法高波动,等待周期更长,20厘米涨停爆发性强",行情酝酿中,新基建,-,-,政策支持,高新技术产业,-,-
300415.SZ,300415,伊之密,大盘股,工业,通用机械,加工机械,广东,24.46,创业板,-,-,-,-,2015/1/23,甄荣辉,外资,-,行情酝酿中,-,-,制造业(工业母机),行业成熟稳定,高新技术产业,耐用品,-
300416.SZ,300416,苏试试验,中盘股,工业,商业服务与用品,其他商业服务与用品,江苏,18.32,创业板,火山口 派出小部队勇吃鱼身,连续多天小涨 龟壳战术吃鱼头,-,-,2015/1/22,钟琼华,民营企业,-,行情酝酿中,-,智能汽车产业链,制造业(工业母机),行业成熟稳定,传统行业,耐用品,-
300417.SZ,300417,南华仪器,迷你盘,工业,通用机械,仪器仪表,广东,12.63,创业板,-,-,-,-,2015/1/23,杨耀光,民营企业,"阿尔法高波动,等待周期更长,20厘米涨停爆发性强",行情酝酿中,-,智能汽车产业链,制造业(工业母机),行业成熟稳定,传统行业,耐用品,-
300418.SZ,300418,昆仑万维,大盘股,通信服务,数字媒体,互动媒体,北京,52.62,创业板,-,-,-,-,2015/1/21,周亚辉,民营企业,-,表现超预期,国产替代,电子商务产业链,-,政策支持,传统行业,-,-
300419.SZ,300419,ST浩丰,迷你盘,信息技术,信息技术服务,系统集成服务,北京,7.35,创业板,火山口 派出小部队勇吃鱼身,-,-,-,2015/1/22,薛杰,民营企业,"阿尔法高波动,等待周期更长,20厘米涨停爆发性强",表现超预期,国产替代,-,-,政策支持,传统行业,-,-
300420.SZ,300420,五洋自控,小盘股,工业,通用机械,其他通用机械,江苏,3.69,创业板,火山口 派出小部队勇吃鱼身,-,-,-,2015/2/17,姚小春,民营企业,"阿尔法高波动,等待周期更长,20厘米涨停爆发性强",行情酝酿中,-,-,制造业(工业母机),行业成熟稳定,传统行业,耐用品,-
300421.SZ,300421,力星股份,中盘股,工业,通用机械,动力机械,江苏,25.13,创业板,-,-,-,-,2015/2/17,施祥贵,民营企业,-,行情酝酿中,-,-,制造业(工业母机),行业成熟稳定,传统行业,耐用品,-
300422.SZ,300422,博世科,迷你盘,工业,污染治理,污水处理,广西,4.55,创业板,-,-,-,-,2015/2/17,广西壮族自治区人民政府国有资产监督管理委员会,地方国有企业,"阿尔法高波动,等待周期更长,20厘米涨停爆发性强",行情酝酿中,-,-,民生,行业成熟稳定,传统行业,-,-
300423.SZ,300423,昇辉科技,小盘股,工业,电网设备,配电设备,山东,8.04,创业板,火山口 派出小部队勇吃鱼身,-,-,-,2015/2/17,李昭强,民营企业,"阿尔法高波动,等待周期更长,20厘米涨停爆发性强",行情酝酿中,新科技,特高压电力产业链,-,政策支持,高新技术产业,耐用品,-
300424.SZ,300424,航新科技,中盘股,工业,航空航天,航空,广东,18.55,创业板,-,连续多天小涨 龟壳战术吃鱼头,-,-,2015/4/22,胡晨,民营企业,-,表现超预期,-,军工高铁产业链,-,政策支持,高新技术产业,-,-
300425.SZ,300425,中建环能,迷你盘,工业,污染治理,污水处理,四川,4.87,创业板,火山口 派出小部队勇吃鱼身,-,-,-,2015/2/16,中国建筑集团有限公司,中央企业,"阿尔法高波动,等待周期更长,20厘米涨停爆发性强",行情酝酿中,-,-,民生,行业成熟稳定,传统行业,-,-
300426.SZ,300426,华智数媒,小盘股,通信服务,文化娱乐,影视动漫,浙江,7.59,创业板,-,-,-,-,2015/2/17,浙江广播电视集团,地方国有企业,"阿尔法高波动,等待周期更长,20厘米涨停爆发性强",表现超预期,-,-,文化体育,行业成熟稳定,传统行业,-,-
300427.SZ,300427,红相股份,大盘股,工业,电网设备,电网自动化,福建,12.38,创业板,-,-,-,-,2015/2/17,杨保田,民营企业,-,表现超预期,新科技,特高压电力产业链,-,政策支持,高新技术产业,耐用品,-
300428.SZ,300428,立中集团,小盘股,原材料,工业金属,铝,河北,21.51,创业板,火山口 派出小部队勇吃鱼身,-,-,-,2015/3/19,臧立国,民营企业,"阿尔法高波动,等待周期更长,20厘米涨停爆发性强",行情酝酿中,-,智能汽车产业链,-,政策支持,传统行业,消耗品,-
300429.SZ,300429,强力新材,大盘股,信息技术,电子化学品,电子化学品,江苏,14.35,创业板,火山口 派出小部队勇吃鱼身,-,-,-,2015/3/24,钱晓春,民营企业,-,行情酝酿中,-,-,化工,行业成熟稳定,传统行业,耐用品,-
300430.SZ,300430,诚益通,小盘股,工业,专用机械,其他专用机械,北京,18.09,创业板,火山口 派出小部队勇吃鱼身,-,-,-,2015/3/19,梁学贤,民营企业,"阿尔法高波动,等待周期更长,20厘米涨停爆发性强",行情酝酿中,-,智能汽车产业链,制造业(工业母机),行业成熟稳定,传统行业,耐用品,-
300432.SZ,300432,富临精工,大盘股,可选消费,汽车零部件与轮胎,汽车系统部件,四川,26.76,创业板,-,-,-,-,2015/3/19,安治富,民营企业,-,表现超预期,-,智能汽车产业链,-,政策支持,传统行业,消耗品,-
300433.SZ,300433,蓝思科技,大盘股,信息技术,电子终端及组件,消费电子组件及零部件,湖南,25.99,创业板,-,-,-,-,2015/3/18,周群飞,外资,-,行情酝酿中,新科技,-,-,政策支持,高新技术产业,-,-
300434.SZ,300434,金石亚药,小盘股,医药卫生,化学药,药品制剂,四川,10.35,创业板,火山口 派出小部队勇吃鱼身,-,-,-,2015/4/24,无实际控制人,其他,"阿尔法高波动,等待周期更长,20厘米涨停爆发性强",行情酝酿中,大健康,-,-,政策支持,高新技术产业,消耗品,-
300435.SZ,300435,中泰股份,中盘股,公用事业,燃气,燃气,浙江,27.87,创业板,-,-,-,-,2015/3/26,章有虎,民营企业,-,行情酝酿中,-,-,民生,行业成熟稳定,传统行业,消耗品,-
300436.SZ,300436,广生堂,大盘股,医药卫生,化学药,药品制剂,福建,116.5,创业板,-,-,-,-,2015/4/22,李国平,民营企业,-,表现超预期,大健康,-,-,政策支持,高新技术产业,消耗品,-
300437.SZ,300437,清水源,中盘股,工业,污染治理,污水处理,河南,16,创业板,火山口 派出小部队勇吃鱼身,-,-,-,2015/4/23,王志清,民营企业,-,行情酝酿中,-,-,化工,行业成熟稳定,传统行业,耐用品,-
300438.SZ,300438,鹏辉能源,大盘股,工业,储能设备,电池,广东,68.98,创业板,-,-,有涨停 火山口战法吃鱼身,高人气,2015/4/24,夏信德,民营企业,-,表现超预期,新科技,特高压电力产业链,-,政策支持,高新技术产业,耐用品,-
300439.SZ,300439,美康生物,迷你盘,医药卫生,医疗器械,体外诊断,浙江,9.9,创业板,-,-,-,-,2015/4/22,邹炳德,民营企业,"阿尔法高波动,等待周期更长,20厘米涨停爆发性强",表现超预期,大健康,-,-,行业成熟稳定,传统行业,消耗品,-
300440.SZ,300440,运达科技,中盘股,工业,交通运输设备,城轨铁路,四川,16.48,创业板,-,-,-,-,2015/4/23,何鸿云,民营企业,-,行情酝酿中,国产替代,-,-,政策支持,传统行业,-,-
300441.SZ,300441,鲍斯股份,迷你盘,工业,通用机械,气液机械,浙江,7.21,创业板,火山口 派出小部队勇吃鱼身,连续多天小涨 龟壳战术吃鱼头,-,-,2015/4/23,陈金岳,民营企业,"阿尔法高波动,等待周期更长,20厘米涨停爆发性强",行情酝酿中,新科技,-,制造业(工业母机),政策支持,高新技术产业,耐用品,-
300442.SZ,300442,润泽科技,大盘股,通信服务,数据中心,数据中心,河北,94.29,创业板,-,-,-,-,2015/4/24,周超男,民营企业,-,表现超预期,国产替代,-,-,政策支持,传统行业,-,有量化参与
300443.SZ,300443,金雷股份,大盘股,工业,发电设备,风电设备,山东,30.96,创业板,火山口 派出小部队勇吃鱼身,-,-,-,2015/4/22,伊廷雷,民营企业,-,表现超预期,新科技,特高压电力产业链,-,政策支持,高新技术产业,耐用品,-
300444.SZ,300444,双杰电气,大盘股,工业,电网设备,配电设备,北京,15.29,创业板,火山口 派出小部队勇吃鱼身,-,有涨停 火山口战法吃鱼身,高人气,2015/4/23,赵志宏,民营企业,-,表现超预期,新科技,特高压电力产业链,-,政策支持,高新技术产业,耐用品,-
300445.SZ,300445,康斯特,小盘股,工业,通用机械,仪器仪表,北京,21.78,创业板,火山口 派出小部队勇吃鱼身,连续多天小涨 龟壳战术吃鱼头,-,-,2015/4/24,姜维利,民营企业,"阿尔法高波动,等待周期更长,20厘米涨停爆发性强",表现超预期,-,智能汽车产业链,制造业(工业母机),行业成熟稳定,传统行业,耐用品,-
300446.SZ,300446,航天智造,中盘股,可选消费,汽车零部件与轮胎,汽车内饰与外饰,河北,20.5,创业板,火山口 派出小部队勇吃鱼身,连续多天小涨 龟壳战术吃鱼头,-,-,2015/4/23,国务院国有资产监督管理委员会,中央企业,-,行情酝酿中,-,智能汽车产业链,-,政策支持,传统行业,消耗品,-
300447.SZ,300447,全信股份,中盘股,工业,国防装备,国防装备,江苏,20.05,创业板,火山口 派出小部队勇吃鱼身,连续多天小涨 龟壳战术吃鱼头,-,-,2015/4/22,陈祥楼,民营企业,-,行情酝酿中,新科技,特高压电力产业链,-,政策支持,高新技术产业,耐用品,-
300448.SZ,300448,浩云科技,小盘股,信息技术,信息技术服务,系统集成服务,广东,6.72,创业板,-,-,-,-,2015/4/24,茅庆江,民营企业,"阿尔法高波动,等待周期更长,20厘米涨停爆发性强",表现超预期,国产替代,-,-,政策支持,传统行业,-,-
300449.SZ,300449,汉邦高科,迷你盘,信息技术,信息技术服务,系统集成服务,北京,7.1,创业板,-,-,-,-,2015/4/22,李柠,民营企业,"阿尔法高波动,等待周期更长,20厘米涨停爆发性强",行情酝酿中,新基建,-,-,政策支持,高新技术产业,-,-
300450.SZ,300450,先导智能,大盘股,工业,专用机械,其他专用机械,江苏,56,创业板,-,-,-,-,2015/5/18,王燕清,民营企业,-,表现超预期,-,-,制造业(工业母机),行业成熟稳定,高新技术产业,耐用品,-
300451.SZ,300451,创业慧康,中盘股,信息技术,软件开发,行业应用软件,浙江,4.48,创业板,-,-,-,-,2015/5/14,无实际控制人,其他,-,行情酝酿中,国产替代,-,-,政策支持,传统行业,-,-
300452.SZ,300452,山河药辅,小盘股,医药卫生,化学药,原料药,安徽,14.76,创业板,-,-,-,-,2015/5/15,吴长虹,民营企业,"阿尔法高波动,等待周期更长,20厘米涨停爆发性强",行情酝酿中,大健康,-,-,政策支持,高新技术产业,消耗品,-
300453.SZ,300453,三鑫医疗,小盘股,医药卫生,医疗器械,医疗耗材,江西,9.34,创业板,-,-,-,-,2015/5/15,彭义兴,民营企业,"阿尔法高波动,等待周期更长,20厘米涨停爆发性强",行情酝酿中,大健康,-,-,行业成熟稳定,传统行业,消耗品,-
300454.SZ,300454,深信服,大盘股,信息技术,软件开发,通用软件,深圳,113.02,创业板,-,-,-,-,2018/5/16,何朝曦,民营企业,-,表现超预期,国产替代,-,-,政策支持,传统行业,-,-
300455.SZ,300455,航天智装,中盘股,工业,航空航天,航天,北京,25.51,创业板,火山口 派出小部队勇吃鱼身,连续多天小涨 龟壳战术吃鱼头,-,-,2015/5/15,国务院国有资产监督管理委员会,中央企业,-,行情酝酿中,新基建,-,-,政策支持,高新技术产业,-,-
300456.SZ,300456,赛微电子,大盘股,信息技术,集成电路,集成电路制造,北京,55.9,创业板,-,-,-,-,2015/5/14,杨云春,民营企业,-,表现超预期,新科技,-,-,政策支持,高新技术产业,-,-
300457.SZ,300457,赢合科技,大盘股,工业,专用机械,其他专用机械,深圳,28.78,创业板,火山口 派出小部队勇吃鱼身,-,-,-,2015/5/14,上海市国有资产监督管理委员会,地方国有企业,-,行情酝酿中,-,-,制造业(工业母机),行业成熟稳定,高新技术产业,耐用品,-
300458.SZ,300458,全志科技,大盘股,信息技术,集成电路,集成电路设计,广东,38.36,创业板,-,-,-,-,2015/5/15,无实际控制人,其他,-,表现超预期,新科技,-,-,政策支持,高新技术产业,-,-
300459.SZ,300459,汤姆猫,中盘股,通信服务,文化娱乐,游戏,浙江,4.13,创业板,火山口 派出小部队勇吃鱼身,连续多天小涨 龟壳战术吃鱼头,-,-,2015/5/15,朱志刚,外资,-,行情酝酿中,国产替代,电子商务产业链,-,政策支持,传统行业,-,-
300460.SZ,300460,ST惠伦,迷你盘,信息技术,电子元件,被动元件,广东,8.86,创业板,火山口 派出小部队勇吃鱼身,-,-,-,2015/5/15,赵积清,民营企业,"阿尔法高波动,等待周期更长,20厘米涨停爆发性强",行情酝酿中,新科技,-,-,政策支持,高新技术产业,-,-
300461.SZ,300461,田中精机,大盘股,工业,专用机械,其他专用机械,浙江,59.02,创业板,-,-,-,-,2015/5/19,肖永富,民营企业,-,表现超预期,-,-,制造业(工业母机),行业成熟稳定,高新技术产业,耐用品,有量化参与
300462.SZ,300462,ST华铭,迷你盘,信息技术,电子终端及组件,安防设备及其他,上海,12.89,创业板,火山口 派出小部队勇吃鱼身,连续多天小涨 龟壳战术吃鱼头,-,-,2015/5/27,张亮,民营企业,"阿尔法高波动,等待周期更长,20厘米涨停爆发性强",行情酝酿中,新基建,-,-,政策支持,高新技术产业,-,-
300463.SZ,300463,迈克生物,小盘股,医药卫生,医疗器械,体外诊断,四川,10.65,创业板,火山口 派出小部队勇吃鱼身,-,-,-,2015/5/28,唐勇,民营企业,"阿尔法高波动,等待周期更长,20厘米涨停爆发性强",行情酝酿中,大健康,-,-,行业成熟稳定,传统行业,消耗品,-
300464.SZ,300464,星徽股份,中盘股,可选消费,互联网零售,互联网零售,广东,8.13,创业板,-,-,-,-,2015/6/10,谢晓华,外资,-,表现超预期,-,-,制造业(工业母机),行业成熟稳定,传统行业,耐用品,-
300465.SZ,300465,高伟达,小盘股,信息技术,软件开发,行业应用软件,北京,15.08,创业板,-,-,-,-,2015/5/28,于伟,民营企业,"阿尔法高波动,等待周期更长,20厘米涨停爆发性强",行情酝酿中,国产替代,-,-,政策支持,传统行业,-,-
300466.SZ,300466,赛摩智能,迷你盘,工业,通用机械,仪器仪表,江苏,8.77,创业板,火山口 派出小部队勇吃鱼身,-,-,-,2015/5/28,洛阳市人民政府国有资产监督管理委员会,地方国有企业,"阿尔法高波动,等待周期更长,20厘米涨停爆发性强",行情酝酿中,-,智能汽车产业链,制造业(工业母机),行业成熟稳定,传统行业,耐用品,-
300467.SZ,300467,迅游科技,小盘股,通信服务,文化娱乐,游戏,四川,32.05,创业板,火山口 派出小部队勇吃鱼身,-,-,-,2015/5/27,无实际控制人,其他,"阿尔法高波动,等待周期更长,20厘米涨停爆发性强",表现超预期,国产替代,电子商务产业链,-,政策支持,传统行业,-,-
300468.SZ,300468,四方精创,大盘股,信息技术,软件开发,行业应用软件,深圳,31.58,创业板,-,-,-,-,2015/5/27,周志群,民营企业,-,表现超预期,国产替代,-,-,政策支持,传统行业,-,-
300469.SZ,300469,信息发展,大盘股,信息技术,信息技术服务,系统集成服务,浙江,56.12,创业板,-,-,-,-,2015/6/11,无实际控制人,其他,-,行情酝酿中,国产替代,-,-,政策支持,传统行业,-,-
300470.SZ,300470,中密控股,中盘股,工业,通用机械,其他通用机械,四川,36.7,创业板,-,-,-,-,2015/6/12,四川省机械研究设计院(集团)有限公司,地方国有企业,-,行情酝酿中,-,-,制造业(工业母机),行业成熟稳定,传统行业,耐用品,-
300471.SZ,300471,厚普股份,中盘股,工业,专用机械,其他专用机械,四川,13.17,创业板,火山口 派出小部队勇吃鱼身,连续多天小涨 龟壳战术吃鱼头,-,-,2015/6/11,王季文,民营企业,-,行情酝酿中,-,-,制造业(工业母机),行业成熟稳定,高新技术产业,耐用品,-
300472.SZ,300472,*ST新元,迷你盘,工业,专用机械,其他专用机械,江西,8,创业板,-,-,-,-,2015/6/11,吴贤龙,民营企业,"阿尔法高波动,等待周期更长,20厘米涨停爆发性强",表现超预期,-,-,制造业(工业母机),行业成熟稳定,高新技术产业,耐用品,-
300473.SZ,300473,德尔股份,中盘股,可选消费,汽车零部件与轮胎,其他汽车零部件,辽宁,34.44,创业板,-,-,-,-,2015/6/12,李毅,民营企业,-,表现超预期,-,智能汽车产业链,-,政策支持,传统行业,消耗品,-
300474.SZ,300474,景嘉微,大盘股,信息技术,集成电路,集成电路设计,湖南,61.64,创业板,火山口 派出小部队勇吃鱼身,连续多天小涨 龟壳战术吃鱼头,-,-,2016/3/31,曾万辉,民营企业,-,行情酝酿中,新科技,-,-,政策支持,高新技术产业,-,-
300475.SZ,300475,香农芯创,大盘股,工业,商业服务与用品,贸易商,安徽,159.12,创业板,-,-,-,-,2015/6/10,张维,民营企业,-,表现超预期,新科技,-,-,政策支持,高新技术产业,-,-
300476.SZ,300476,胜宏科技,大盘股,信息技术,电子元件,印制电路板,广东,326.42,创业板,-,-,-,-,2015/6/11,陈涛,民营企业,-,表现超预期,新科技,-,-,政策支持,高新技术产业,-,-
300477.SZ,300477,ST合纵,小盘股,工业,电网设备,配电设备,北京,2.5,创业板,-,-,-,-,2015/6/10,刘泽刚,民营企业,"阿尔法高波动,等待周期更长,20厘米涨停爆发性强",行情酝酿中,新科技,特高压电力产业链,-,政策支持,高新技术产业,耐用品,-
300478.SZ,300478,杭州高新,小盘股,原材料,塑料,其他塑料制品,浙江,26.7,创业板,-,-,-,-,2015/6/10,林融升,民营企业,"阿尔法高波动,等待周期更长,20厘米涨停爆发性强",表现超预期,-,-,化工,行业成熟稳定,传统行业,消耗品,-
300479.SZ,300479,神思电子,小盘股,信息技术,信息技术服务,系统集成服务,山东,19.34,创业板,火山口 派出小部队勇吃鱼身,-,-,-,2015/6/12,济南市人民政府国有资产监督管理委员会,地方国有企业,"阿尔法高波动,等待周期更长,20厘米涨停爆发性强",行情酝酿中,国产替代,-,-,政策支持,传统行业,-,-
300480.SZ,300480,光力科技,大盘股,工业,通用机械,仪器仪表,河南,34.69,创业板,-,-,-,-,2015/7/2,赵彤宇,民营企业,-,表现超预期,-,-,制造业(工业母机),行业成熟稳定,高新技术产业,耐用品,-
300481.SZ,300481,濮阳惠成,小盘股,信息技术,电子化学品,电子化学品,河南,14.88,创业板,-,-,-,-,2015/6/30,王中锋,民营企业,"阿尔法高波动,等待周期更长,20厘米涨停爆发性强",行情酝酿中,-,-,化工,行业成熟稳定,传统行业,耐用品,-
300482.SZ,300482,万孚生物,迷你盘,医药卫生,医疗器械,体外诊断,广东,17.78,创业板,火山口 派出小部队勇吃鱼身,连续多天小涨 龟壳战术吃鱼头,-,-,2015/6/30,王继华,民营企业,"阿尔法高波动,等待周期更长,20厘米涨停爆发性强",行情酝酿中,大健康,-,-,行业成熟稳定,传统行业,消耗品,-
300483.SZ,300483,首华燃气,大盘股,能源,石油与天然气,天然气加工,上海,19.47,创业板,-,-,-,-,2015/6/30,刘庆礼,外资,-,表现超预期,-,-,能源,行业成熟稳定,传统行业,-,-
300484.SZ,300484,蓝海华腾,小盘股,可选消费,汽车零部件与轮胎,汽车电子,深圳,17.44,创业板,火山口 派出小部队勇吃鱼身,-,-,-,2016/3/22,邱文渊,民营企业,"阿尔法高波动,等待周期更长,20厘米涨停爆发性强",行情酝酿中,新科技,特高压电力产业链,-,政策支持,高新技术产业,耐用品,-
300485.SZ,300485,赛升药业,中盘股,医药卫生,化学药,药品制剂,北京,11.93,创业板,-,-,-,-,2015/6/26,马骉,民营企业,-,表现超预期,大健康,-,-,政策支持,高新技术产业,消耗品,-
300486.SZ,300486,东杰智能,中盘股,工业,通用机械,电动机与工控自动化,山西,24.06,创业板,火山口 派出小部队勇吃鱼身,-,-,-,2015/6/30,韩永光,民营企业,-,行情酝酿中,-,-,制造业(工业母机),行业成熟稳定,高新技术产业,耐用品,-
300487.SZ,300487,蓝晓科技,中盘股,原材料,塑料,合成树脂,陕西,73.29,创业板,-,-,-,-,2015/7/2,高月静,民营企业,-,行情酝酿中,-,-,化工,行业成熟稳定,传统行业,耐用品,-
300488.SZ,300488,恒锋工具,中盘股,工业,通用机械,加工机械,浙江,30.07,创业板,-,-,-,-,2015/7/1,陈尔容,民营企业,-,行情酝酿中,-,-,制造业(工业母机),行业成熟稳定,传统行业,耐用品,-
300489.SZ,300489,光智科技,大盘股,信息技术,光学光电子,光学元件,浙江,70.92,创业板,-,-,-,-,2015/7/1,朱世会,民营企业,-,表现超预期,-,-,制造业(工业母机),行业成熟稳定,高新技术产业,耐用品,-
300490.SZ,300490,华自科技,大盘股,工业,专用机械,其他专用机械,湖南,20.45,创业板,-,-,-,-,2015/12/31,黄文宝,民营企业,-,表现超预期,-,-,制造业(工业母机),行业成熟稳定,高新技术产业,耐用品,-
300491.SZ,300491,通合科技,中盘股,工业,储能设备,其他储能设备,河北,27.13,创业板,-,-,-,高人气,2015/12/31,马晓峰,民营企业,-,表现超预期,新科技,特高压电力产业链,-,政策支持,高新技术产业,耐用品,-
300492.SZ,300492,华图山鼎,中盘股,可选消费,教育服务,培训教育及其他,四川,53.02,创业板,-,-,-,-,2015/12/23,易定宏,民营企业,-,表现超预期,-,-,文化体育,行业成熟稳定,传统行业,-,-
300493.SZ,300493,润欣科技,小盘股,工业,商业服务与用品,贸易商,上海,16.05,创业板,火山口 派出小部队勇吃鱼身,-,-,-,2015/12/10,郎晓刚,外资,"阿尔法高波动,等待周期更长,20厘米涨停爆发性强",行情酝酿中,新科技,-,-,政策支持,高新技术产业,-,-
300494.SZ,300494,盛天网络,小盘股,通信服务,营销与广告,数字营销,湖北,11.83,创业板,-,-,-,-,2015/12/31,赖春临,民营企业,"阿尔法高波动,等待周期更长,20厘米涨停爆发性强",行情酝酿中,国产替代,电子商务产业链,-,政策支持,传统行业,-,-
300496.SZ,300496,中科创达,大盘股,信息技术,软件开发,通用软件,北京,61.34,创业板,火山口 派出小部队勇吃鱼身,-,-,-,2015/12/10,赵鸿飞,民营企业,-,行情酝酿中,国产替代,-,-,政策支持,传统行业,-,-
300497.SZ,300497,富祥药业,大盘股,医药卫生,化学药,原料药,江西,18.84,创业板,-,-,-,-,2015/12/22,包建华,民营企业,-,行情酝酿中,大健康,-,-,政策支持,高新技术产业,消耗品,-
300498.SZ,300498,温氏股份,大盘股,主要消费,养殖,畜牧产品,广东,16.83,创业板,火山口 派出小部队勇吃鱼身,-,-,-,2015/11/2,温志芬,民营企业,-,行情酝酿中,-,-,粮食,行业成熟稳定,传统行业,消耗品,-
300499.SZ,300499,高澜股份,大盘股,工业,专用机械,其他专用机械,广东,42.6,创业板,-,-,-,-,2016/2/2,无实际控制人,其他,-,表现超预期,-,-,制造业(工业母机),行业成熟稳定,高新技术产业,耐用品,-
300500.SZ,300500,启迪设计,迷你盘,工业,建筑与工程,建筑设计及服务,江苏,10.59,创业板,-,-,-,-,2016/2/4,无实际控制人,其他,"阿尔法高波动,等待周期更长,20厘米涨停爆发性强",行情酝酿中,-,房地产产业链,-,行业成熟稳定,传统行业,耐用品,-
300501.SZ,300501,海顺新材,小盘股,医药卫生,医疗器械,医疗耗材,上海,19.4,创业板,火山口 派出小部队勇吃鱼身,连续多天小涨 龟壳战术吃鱼头,-,-,2016/2/4,林武辉,民营企业,"阿尔法高波动,等待周期更长,20厘米涨停爆发性强",表现超预期,-,电子商务产业链,-,行业成熟稳定,传统行业,-,-
300502.SZ,300502,新易盛,大盘股,通信服务,通信设备,通信系统设备及组件,四川,589,创业板,-,-,-,高人气,2016/3/3,高光荣,民营企业,-,表现超预期,新基建,-,-,政策支持,高新技术产业,-,-
300503.SZ,300503,昊志机电,大盘股,工业,通用机械,电动机与工控自动化,广东,59.29,创业板,-,-,-,-,2016/3/9,汤秀清,民营企业,-,表现超预期,-,-,制造业(工业母机),行业成熟稳定,传统行业,耐用品,-
300504.SZ,300504,天邑股份,小盘股,通信服务,通信设备,通信系统设备及组件,四川,16.09,创业板,火山口 派出小部队勇吃鱼身,-,-,-,2018/3/30,李世宏,民营企业,"阿尔法高波动,等待周期更长,20厘米涨停爆发性强",行情酝酿中,新基建,-,-,政策支持,高新技术产业,-,-
300505.SZ,300505,川金诺,大盘股,原材料,农用化工,磷肥及磷化工,云南,26.39,创业板,-,-,-,-,2016/3/15,刘甍,民营企业,-,行情酝酿中,-,-,粮食,行业成熟稳定,传统行业,消耗品,-
300506.SZ,300506,ST名家汇,迷你盘,工业,建筑与工程,专业工程,深圳,5.08,创业板,-,连续多天小涨 龟壳战术吃鱼头,-,-,2016/3/24,吴立群,民营企业,"阿尔法高波动,等待周期更长,20厘米涨停爆发性强",表现超预期,-,房地产产业链,-,行业成熟稳定,传统行业,耐用品,-
300507.SZ,300507,苏奥传感,中盘股,可选消费,汽车零部件与轮胎,汽车系统部件,江苏,8.86,创业板,火山口 派出小部队勇吃鱼身,连续多天小涨 龟壳战术吃鱼头,-,-,2016/4/29,无实际控制人,其他,-,行情酝酿中,-,智能汽车产业链,-,政策支持,传统行业,消耗品,-
300508.SZ,300508,维宏股份,迷你盘,工业,通用机械,电动机与工控自动化,上海,39.05,创业板,火山口 派出小部队勇吃鱼身,连续多天小涨 龟壳战术吃鱼头,-,-,2016/4/19,汤同奎,民营企业,"阿尔法高波动,等待周期更长,20厘米涨停爆发性强",行情酝酿中,国产替代,-,-,政策支持,传统行业,-,-
300509.SZ,300509,新美星,中盘股,工业,专用机械,印刷包装机械,江苏,12.52,创业板,火山口 派出小部队勇吃鱼身,-,-,-,2016/4/25,何德平,民营企业,-,行情酝酿中,-,-,制造业(工业母机),行业成熟稳定,高新技术产业,耐用品,-
300510.SZ,300510,金冠股份,小盘股,工业,电网设备,配电设备,吉林,4.21,创业板,火山口 派出小部队勇吃鱼身,连续多天小涨 龟壳战术吃鱼头,-,-,2016/5/6,洛阳市老城区人民政府,地方国有企业,"阿尔法高波动,等待周期更长,20厘米涨停爆发性强",行情酝酿中,新科技,特高压电力产业链,-,政策支持,高新技术产业,耐用品,-
300511.SZ,300511,雪榕生物,中盘股,主要消费,种植,农产品,上海,7.4,创业板,-,-,-,-,2016/5/4,蒋智,民营企业,-,表现超预期,-,-,粮食,行业成熟稳定,传统行业,消耗品,-
300512.SZ,300512,中亚股份,迷你盘,工业,专用机械,印刷包装机械,浙江,9.14,创业板,火山口 派出小部队勇吃鱼身,-,-,-,2016/5/26,史中伟,民营企业,"阿尔法高波动,等待周期更长,20厘米涨停爆发性强",行情酝酿中,-,-,制造业(工业母机),行业成熟稳定,高新技术产业,耐用品,-
300513.SZ,300513,恒实科技,小盘股,信息技术,信息技术服务,系统集成服务,北京,8.85,创业板,-,-,-,-,2016/5/30,钱苏晋,民营企业,"阿尔法高波动,等待周期更长,20厘米涨停爆发性强",行情酝酿中,国产替代,-,-,政策支持,传统行业,-,-
300514.SZ,300514,友讯达,迷你盘,工业,电网设备,电网自动化,深圳,13.19,创业板,火山口 派出小部队勇吃鱼身,连续多天小涨 龟壳战术吃鱼头,-,-,2017/4/26,崔涛,民营企业,"阿尔法高波动,等待周期更长,20厘米涨停爆发性强",行情酝酿中,-,智能汽车产业链,制造业(工业母机),行业成熟稳定,传统行业,耐用品,-
300515.SZ,300515,三德科技,迷你盘,工业,通用机械,仪器仪表,湖南,18.62,创业板,火山口 派出小部队勇吃鱼身,连续多天小涨 龟壳战术吃鱼头,-,-,2016/6/8,朱先德,民营企业,"阿尔法高波动,等待周期更长,20厘米涨停爆发性强",行情酝酿中,-,智能汽车产业链,制造业(工业母机),行业成熟稳定,传统行业,耐用品,-
300516.SZ,300516,久之洋,中盘股,工业,国防装备,国防装备,湖北,62.14,创业板,-,-,-,-,2016/6/2,国务院国有资产监督管理委员会,中央企业,-,行情酝酿中,-,智能汽车产业链,制造业(工业母机),行业成熟稳定,传统行业,耐用品,-
300517.SZ,300517,海波重科,小盘股,工业,建筑与工程,专业工程,湖北,11.92,创业板,-,-,-,-,2016/7/19,张海波,民营企业,"阿尔法高波动,等待周期更长,20厘米涨停爆发性强",行情酝酿中,-,房地产产业链,-,行业成熟稳定,传统行业,耐用品,-
300518.SZ,300518,新迅达,中盘股,可选消费,互联网零售,互联网零售,广西,21.37,创业板,-,连续多天小涨 龟壳战术吃鱼头,-,-,2016/6/24,吴成华,民营企业,-,表现超预期,国产替代,电子商务产业链,-,政策支持,传统行业,-,-
300519.SZ,300519,新光药业,迷你盘,医药卫生,中药,中成药,浙江,14.95,创业板,-,-,-,-,2016/6/24,王岳钧,民营企业,"阿尔法高波动,等待周期更长,20厘米涨停爆发性强",行情酝酿中,大健康,-,-,行业成熟稳定,传统行业,消耗品,-
300520.SZ,300520,科大国创,大盘股,信息技术,软件开发,行业应用软件,安徽,37.2,创业板,-,-,-,-,2016/7/8,董永东,民营企业,-,行情酝酿中,国产替代,-,-,政策支持,传统行业,-,-
300521.SZ,300521,爱司凯,小盘股,工业,专用机械,印刷包装机械,广东,27.15,创业板,-,-,-,-,2016/7/5,李明之,民营企业,"阿尔法高波动,等待周期更长,20厘米涨停爆发性强",行情酝酿中,-,-,制造业(工业母机),行业成熟稳定,高新技术产业,耐用品,-
300522.SZ,300522,世名科技,中盘股,原材料,化学制品,涂料油墨,江苏,13.91,创业板,-,-,-,-,2016/7/5,陆勇,民营企业,-,表现超预期,-,房地产产业链,-,行业成熟稳定,传统行业,耐用品,-
300523.SZ,300523,辰安科技,迷你盘,信息技术,软件开发,行业应用软件,北京,21.9,创业板,火山口 派出小部队勇吃鱼身,-,-,-,2016/7/26,国务院国有资产监督管理委员会,中央企业,"阿尔法高波动,等待周期更长,20厘米涨停爆发性强",行情酝酿中,国产替代,-,-,政策支持,传统行业,-,-
300525.SZ,300525,博思软件,小盘股,信息技术,软件开发,行业应用软件,福建,10.43,创业板,火山口 派出小部队勇吃鱼身,连续多天小涨 龟壳战术吃鱼头,-,-,2016/7/26,陈航,民营企业,"阿尔法高波动,等待周期更长,20厘米涨停爆发性强",行情酝酿中,国产替代,-,-,政策支持,传统行业,-,-
300527.SZ,300527,ST应急,迷你盘,工业,国防装备,国防装备,湖北,8.12,创业板,火山口 派出小部队勇吃鱼身,连续多天小涨 龟壳战术吃鱼头,-,-,2016/8/5,国务院国有资产监督管理委员会,中央企业,"阿尔法高波动,等待周期更长,20厘米涨停爆发性强",行情酝酿中,-,-,制造业(工业母机),行业成熟稳定,高新技术产业,耐用品,-
300528.SZ,300528,幸福蓝海,大盘股,通信服务,文化娱乐,影视动漫,江苏,17.41,创业板,火山口 派出小部队勇吃鱼身,-,-,-,2016/8/8,江苏省人民政府,地方国有企业,-,行情酝酿中,-,-,文化体育,行业成熟稳定,传统行业,-,-
300529.SZ,300529,健帆生物,迷你盘,医药卫生,医疗器械,医疗耗材,广东,17.55,创业板,火山口 派出小部队勇吃鱼身,连续多天小涨 龟壳战术吃鱼头,-,-,2016/8/2,董凡,民营企业,"阿尔法高波动,等待周期更长,20厘米涨停爆发性强",行情酝酿中,大健康,-,-,行业成熟稳定,传统行业,消耗品,-
300530.SZ,300530,领湃科技,小盘股,工业,储能设备,电池,湖南,25.15,创业板,火山口 派出小部队勇吃鱼身,-,-,-,2016/8/9,衡阳市人民政府国有资产监督管理委员会,地方国有企业,"阿尔法高波动,等待周期更长,20厘米涨停爆发性强",行情酝酿中,新科技,特高压电力产业链,-,政策支持,高新技术产业,耐用品,-
300531.SZ,300531,优博讯,大盘股,通信服务,通信设备,通信终端设备及组件,深圳,20.25,创业板,-,-,-,-,2016/8/9,郭颂,外资,-,表现超预期,新基建,-,-,政策支持,高新技术产业,-,-
300532.SZ,300532,今天国际,小盘股,信息技术,信息技术服务,系统集成服务,深圳,11.91,创业板,火山口 派出小部队勇吃鱼身,连续多天小涨 龟壳战术吃鱼头,-,-,2016/8/18,邵健伟,民营企业,"阿尔法高波动,等待周期更长,20厘米涨停爆发性强",行情酝酿中,国产替代,-,-,政策支持,传统行业,-,-
300533.SZ,300533,冰川网络,中盘股,通信服务,文化娱乐,游戏,深圳,25.33,创业板,-,-,-,-,2016/8/18,刘和国,民营企业,-,行情酝酿中,国产替代,电子商务产业链,-,政策支持,传统行业,-,-
300534.SZ,300534,陇神戎发,迷你盘,医药卫生,中药,中成药,甘肃,9.39,创业板,-,-,-,-,2016/9/13,甘肃省人民政府国有资产监督管理委员会,地方国有企业,"阿尔法高波动,等待周期更长,20厘米涨停爆发性强",行情酝酿中,大健康,-,-,行业成熟稳定,传统行业,消耗品,-
300535.SZ,300535,达威股份,迷你盘,原材料,化学制品,其他化学制品,四川,19.68,创业板,-,-,-,-,2016/8/12,严建林,民营企业,"阿尔法高波动,等待周期更长,20厘米涨停爆发性强",表现超预期,-,-,化工,行业成熟稳定,传统行业,耐用品,-
300536.SZ,300536,农尚环境,迷你盘,工业,建筑与工程,园林工程,湖北,7.99,创业板,-,-,-,-,2016/9/20,林峰,民营企业,"阿尔法高波动,等待周期更长,20厘米涨停爆发性强",行情酝酿中,-,房地产产业链,-,行业成熟稳定,传统行业,耐用品,-
300537.SZ,300537,广信材料,小盘股,信息技术,电子化学品,电子化学品,江苏,22.5,创业板,火山口 派出小部队勇吃鱼身,-,-,-,2016/8/30,李有明,民营企业,"阿尔法高波动,等待周期更长,20厘米涨停爆发性强",行情酝酿中,-,房地产产业链,-,行业成熟稳定,传统行业,耐用品,-
300538.SZ,300538,同益股份,小盘股,工业,商业服务与用品,贸易商,深圳,16.22,创业板,-,-,-,-,2016/8/26,邵羽南,民营企业,"阿尔法高波动,等待周期更长,20厘米涨停爆发性强",行情酝酿中,-,-,化工,行业成熟稳定,传统行业,消耗品,-
300539.SZ,300539,横河精密,大盘股,可选消费,家用电器,家电零部件及其他,浙江,30.61,创业板,-,-,-,-,2016/8/30,胡志军,民营企业,-,表现超预期,-,-,化工,行业成熟稳定,传统行业,消耗品,-
300540.SZ,300540,蜀道装备,中盘股,工业,专用机械,其他专用机械,四川,22.2,创业板,火山口 派出小部队勇吃鱼身,-,-,-,2016/8/23,四川省政府国有资产监督管理委员会,地方国有企业,-,表现超预期,-,-,制造业(工业母机),行业成熟稳定,高新技术产业,耐用品,-
300541.SZ,300541,先进数通,中盘股,信息技术,信息技术服务,系统集成服务,北京,14.78,创业板,火山口 派出小部队勇吃鱼身,连续多天小涨 龟壳战术吃鱼头,-,-,2016/9/13,无实际控制人,其他,-,行情酝酿中,国产替代,-,-,政策支持,传统行业,-,-
300542.SZ,300542,新晨科技,小盘股,信息技术,信息技术服务,系统集成服务,北京,16.14,创业板,火山口 派出小部队勇吃鱼身,连续多天小涨 龟壳战术吃鱼头,-,-,2016/9/20,无实际控制人,其他,"阿尔法高波动,等待周期更长,20厘米涨停爆发性强",行情酝酿中,国产替代,-,-,政策支持,传统行业,-,-
300543.SZ,300543,朗科智能,迷你盘,信息技术,电子终端及组件,安防设备及其他,深圳,9.84,创业板,火山口 派出小部队勇吃鱼身,-,-,-,2016/9/8,陈静,民营企业,"阿尔法高波动,等待周期更长,20厘米涨停爆发性强",行情酝酿中,新科技,-,-,政策支持,高新技术产业,-,-
300545.SZ,300545,联得装备,中盘股,工业,专用机械,其他专用机械,深圳,32.72,创业板,火山口 派出小部队勇吃鱼身,连续多天小涨 龟壳战术吃鱼头,-,-,2016/9/28,聂泉,民营企业,-,行情酝酿中,-,-,制造业(工业母机),行业成熟稳定,高新技术产业,耐用品,-
300546.SZ,300546,雄帝科技,小盘股,通信服务,通信设备,通信终端设备及组件,深圳,21.8,创业板,-,-,-,-,2016/9/28,高晶,民营企业,"阿尔法高波动,等待周期更长,20厘米涨停爆发性强",表现超预期,新基建,-,-,政策支持,高新技术产业,-,-
300547.SZ,300547,川环科技,大盘股,可选消费,汽车零部件与轮胎,汽车系统部件,四川,38.35,创业板,-,-,-,-,2016/9/30,文建树,民营企业,-,表现超预期,-,智能汽车产业链,-,政策支持,传统行业,消耗品,-
300548.SZ,300548,长芯博创,大盘股,通信服务,通信设备,通信系统设备及组件,浙江,260.05,创业板,火山口 派出小部队勇吃鱼身,-,-,-,2016/10/12,国务院国有资产监督管理委员会,中央企业,-,表现超预期,新基建,-,-,政策支持,高新技术产业,-,-
300549.SZ,300549,优德精密,迷你盘,可选消费,汽车零部件与轮胎,其他汽车零部件,江苏,17.38,创业板,火山口 派出小部队勇吃鱼身,连续多天小涨 龟壳战术吃鱼头,-,-,2016/9/30,曾正雄,外资,"阿尔法高波动,等待周期更长,20厘米涨停爆发性强",行情酝酿中,-,-,制造业(工业母机),行业成熟稳定,高新技术产业,耐用品,-
300550.SZ,300550,和仁科技,小盘股,信息技术,软件开发,行业应用软件,浙江,11.48,创业板,-,-,-,-,2016/10/18,杨一兵,民营企业,"阿尔法高波动,等待周期更长,20厘米涨停爆发性强",行情酝酿中,国产替代,-,-,政策支持,传统行业,-,-
300551.SZ,300551,古鳌科技,小盘股,信息技术,电子终端及组件,安防设备及其他,上海,14,创业板,-,-,-,-,2016/10/18,徐迎辉,民营企业,"阿尔法高波动,等待周期更长,20厘米涨停爆发性强",行情酝酿中,国产替代,-,-,政策支持,传统行业,-,-
300552.SZ,300552,万集科技,中盘股,通信服务,通信设备,通信终端设备及组件,北京,26.8,创业板,火山口 派出小部队勇吃鱼身,-,-,-,2016/10/21,翟军,民营企业,-,行情酝酿中,新基建,-,-,政策支持,高新技术产业,-,-
300553.SZ,300553,集智股份,小盘股,工业,通用机械,仪器仪表,浙江,43.25,创业板,火山口 派出小部队勇吃鱼身,连续多天小涨 龟壳战术吃鱼头,-,-,2016/10/21,楼荣伟,民营企业,"阿尔法高波动,等待周期更长,20厘米涨停爆发性强",表现超预期,-,智能汽车产业链,制造业(工业母机),行业成熟稳定,传统行业,耐用品,-
300554.SZ,300554,三超新材,小盘股,工业,通用机械,加工机械,江苏,23.29,创业板,火山口 派出小部队勇吃鱼身,连续多天小涨 龟壳战术吃鱼头,-,-,2017/4/21,柳敬麒,民营企业,"阿尔法高波动,等待周期更长,20厘米涨停爆发性强",行情酝酿中,新能源,-,能源,行业成熟稳定,传统行业,消耗品,-
300555.SZ,300555,ST路通,迷你盘,通信服务,通信设备,通信系统设备及组件,江苏,13.5,创业板,-,-,-,-,2016/10/18,吴世春,民营企业,"阿尔法高波动,等待周期更长,20厘米涨停爆发性强",表现超预期,新基建,-,-,政策支持,高新技术产业,-,-
300556.SZ,300556,丝路视觉,小盘股,信息技术,信息技术服务,其他IT与互联网服务,深圳,18.07,创业板,-,-,-,-,2016/11/4,李萌迪,民营企业,"阿尔法高波动,等待周期更长,20厘米涨停爆发性强",表现超预期,国产替代,-,-,政策支持,传统行业,-,-
300557.SZ,300557,理工光科,中盘股,工业,通用机械,仪器仪表,湖北,35.6,创业板,-,-,-,-,2016/11/1,中国信息通信科技集团有限公司,中央企业,-,表现超预期,-,智能汽车产业链,制造业(工业母机),行业成熟稳定,传统行业,耐用品,-
300558.SZ,300558,贝达药业,中盘股,医药卫生,化学药,药品制剂,浙江,44.07,创业板,-,-,-,-,2016/11/7,丁列明,民营企业,-,行情酝酿中,大健康,-,-,政策支持,高新技术产业,消耗品,-
300559.SZ,300559,佳发教育,中盘股,信息技术,软件开发,行业应用软件,四川,15.08,创业板,-,-,-,-,2016/11/1,袁斌,民营企业,-,表现超预期,国产替代,-,-,政策支持,传统行业,-,-
300560.SZ,300560,中富通,小盘股,通信服务,通信技术服务,通信技术服务,福建,16.3,创业板,火山口 派出小部队勇吃鱼身,-,-,-,2016/11/1,陈融洁,民营企业,"阿尔法高波动,等待周期更长,20厘米涨停爆发性强",行情酝酿中,新基建,-,-,政策支持,高新技术产业,-,-
300561.SZ,300561,*ST汇科,大盘股,信息技术,信息技术服务,系统集成服务,广东,18.09,创业板,-,-,有涨停 火山口战法吃鱼身,-,2016/11/17,陈喆,民营企业,-,表现超预期,国产替代,-,-,政策支持,传统行业,-,-
300562.SZ,300562,乐心医疗,迷你盘,医药卫生,医疗器械,医疗设备,广东,13.31,创业板,火山口 派出小部队勇吃鱼身,-,-,-,2016/11/16,潘伟潮,民营企业,"阿尔法高波动,等待周期更长,20厘米涨停爆发性强",行情酝酿中,大健康,-,-,行业成熟稳定,传统行业,消耗品,-
300563.SZ,300563,神宇股份,小盘股,通信服务,通信设备,通信系统设备及组件,江苏,33.16,创业板,火山口 派出小部队勇吃鱼身,-,-,-,2016/11/14,任凤娟,民营企业,"阿尔法高波动,等待周期更长,20厘米涨停爆发性强",行情酝酿中,新基建,-,-,政策支持,高新技术产业,-,-
300564.SZ,300564,筑博设计,迷你盘,工业,建筑与工程,建筑设计及服务,西藏,14.97,创业板,-,-,-,-,2019/11/8,徐先林,民营企业,"阿尔法高波动,等待周期更长,20厘米涨停爆发性强",行情酝酿中,-,房地产产业链,-,行业成熟稳定,传统行业,耐用品,-
300565.SZ,300565,科信技术,中盘股,通信服务,通信设备,通信系统设备及组件,深圳,14.43,创业板,火山口 派出小部队勇吃鱼身,-,-,-,2016/11/22,陈登志,民营企业,-,表现超预期,新基建,-,-,政策支持,高新技术产业,-,-
300566.SZ,300566,激智科技,小盘股,信息技术,光学光电子,面板,浙江,18.88,创业板,火山口 派出小部队勇吃鱼身,连续多天小涨 龟壳战术吃鱼头,-,-,2016/11/15,张彦,民营企业,"阿尔法高波动,等待周期更长,20厘米涨停爆发性强",行情酝酿中,新科技,-,-,政策支持,高新技术产业,-,-
300567.SZ,300567,精测电子,大盘股,工业,专用机械,其他专用机械,湖北,127.58,创业板,-,-,-,-,2016/11/22,彭骞,民营企业,-,行情酝酿中,-,智能汽车产业链,制造业(工业母机),行业成熟稳定,传统行业,耐用品,有量化参与
300568.SZ,300568,星源材质,大盘股,工业,储能设备,电池部件及材料,深圳,15.67,创业板,火山口 派出小部队勇吃鱼身,-,-,-,2016/12/1,陈秀峰,民营企业,-,行情酝酿中,-,-,化工,行业成熟稳定,传统行业,耐用品,-
300569.SZ,300569,天能重工,大盘股,工业,发电设备,风电设备,山东,6.91,创业板,火山口 派出小部队勇吃鱼身,-,-,-,2016/11/25,珠海市人民政府国有资产监督管理委员会,地方国有企业,-,表现超预期,新科技,特高压电力产业链,-,政策支持,高新技术产业,耐用品,-
300570.SZ,300570,太辰光,大盘股,通信服务,通信设备,通信系统设备及组件,深圳,141.22,创业板,-,-,-,-,2016/12/6,张致民,民营企业,-,表现超预期,新基建,-,-,政策支持,高新技术产业,-,-
300571.SZ,300571,平治信息,大盘股,通信服务,电信增值服务,电信增值服务,浙江,35.71,创业板,-,-,-,-,2016/12/13,郭庆,民营企业,-,表现超预期,国产替代,电子商务产业链,-,政策支持,传统行业,-,-
300572.SZ,300572,安车检测,小盘股,工业,通用机械,仪器仪表,深圳,28.63,创业板,-,-,-,-,2016/12/6,无实际控制人,其他,"阿尔法高波动,等待周期更长,20厘米涨停爆发性强",行情酝酿中,-,智能汽车产业链,制造业(工业母机),行业成熟稳定,传统行业,耐用品,-
300573.SZ,300573,兴齐眼药,中盘股,医药卫生,化学药,药品制剂,辽宁,67.19,创业板,火山口 派出小部队勇吃鱼身,连续多天小涨 龟壳战术吃鱼头,-,-,2016/12/8,刘继东,民营企业,-,行情酝酿中,大健康,-,-,政策支持,高新技术产业,消耗品,-
300575.SZ,300575,中旗股份,小盘股,原材料,农用化工,农药,江苏,6.02,创业板,-,-,-,-,2016/12/20,吴耀军,民营企业,"阿尔法高波动,等待周期更长,20厘米涨停爆发性强",行情酝酿中,-,-,粮食,行业成熟稳定,传统行业,消耗品,-
300576.SZ,300576,容大感光,中盘股,信息技术,电子元件,印制电路板,深圳,36.06,创业板,火山口 派出小部队勇吃鱼身,-,-,-,2016/12/20,林海望,民营企业,-,行情酝酿中,-,房地产产业链,-,行业成熟稳定,传统行业,耐用品,-
300577.SZ,300577,开润股份,迷你盘,可选消费,纺织服装,鞋帽与配饰,安徽,18.81,创业板,-,-,-,-,2016/12/21,范劲松,民营企业,"阿尔法高波动,等待周期更长,20厘米涨停爆发性强",行情酝酿中,-,-,化工,行业成熟稳定,传统行业,消耗品,-
300578.SZ,300578,会畅科技,中盘股,通信服务,电信增值服务,电信增值服务,上海,21.84,创业板,-,-,-,-,2017/1/25,何其金,民营企业,-,表现超预期,新基建,-,-,政策支持,高新技术产业,-,-
300579.SZ,300579,数字认证,小盘股,信息技术,软件开发,通用软件,北京,26.95,创业板,火山口 派出小部队勇吃鱼身,-,-,-,2016/12/23,北京市国有资产经营有限责任公司,地方国有企业,"阿尔法高波动,等待周期更长,20厘米涨停爆发性强",行情酝酿中,国产替代,-,-,政策支持,传统行业,-,-
300580.SZ,300580,贝斯特,中盘股,可选消费,汽车零部件与轮胎,汽车系统部件,江苏,27.7,创业板,-,-,-,-,2017/1/11,曹余华,民营企业,-,表现超预期,-,智能汽车产业链,-,政策支持,传统行业,消耗品,-
300581.SZ,300581,晨曦航空,小盘股,工业,航空航天,航空,陕西,12.95,创业板,火山口 派出小部队勇吃鱼身,-,-,-,2016/12/20,吴坚,民营企业,"阿尔法高波动,等待周期更长,20厘米涨停爆发性强",行情酝酿中,-,军工高铁产业链,-,政策支持,高新技术产业,-,-
300582.SZ,300582,英飞特,小盘股,信息技术,光学光电子,LED,浙江,13.03,创业板,火山口 派出小部队勇吃鱼身,-,-,-,2016/12/28,Guichao Hua,外资,"阿尔法高波动,等待周期更长,20厘米涨停爆发性强",行情酝酿中,新科技,-,-,政策支持,高新技术产业,-,-
300583.SZ,300583,赛托生物,迷你盘,医药卫生,化学药,原料药,山东,13.99,创业板,-,-,-,-,2017/1/6,米超杰,民营企业,"阿尔法高波动,等待周期更长,20厘米涨停爆发性强",行情酝酿中,大健康,-,-,政策支持,高新技术产业,消耗品,-
300584.SZ,300584,海辰药业,中盘股,医药卫生,化学药,药品制剂,江苏,43.83,创业板,-,连续多天小涨 龟壳战术吃鱼头,-,-,2017/1/12,曹于平,民营企业,-,行情酝酿中,大健康,-,-,政策支持,高新技术产业,消耗品,-
300585.SZ,300585,奥联电子,中盘股,可选消费,汽车零部件与轮胎,汽车电子,江苏,18.18,创业板,-,-,-,-,2016/12/29,钱明飞,民营企业,-,表现超预期,-,智能汽车产业链,-,政策支持,传统行业,消耗品,-
300586.SZ,300586,美联新材,中盘股,原材料,化学制品,其他化学制品,广东,10.6,创业板,-,-,-,-,2017/1/4,黄伟汕,民营企业,-,表现超预期,-,-,化工,行业成熟稳定,传统行业,耐用品,-
300587.SZ,300587,天铁科技,大盘股,原材料,橡胶,橡胶制品,浙江,6.03,创业板,-,-,有涨停 火山口战法吃鱼身,高人气,2017/1/5,王美雨,民营企业,-,表现超预期,-,-,化工,行业成熟稳定,传统行业,耐用品,-
300588.SZ,300588,熙菱信息,小盘股,信息技术,信息技术服务,系统集成服务,新疆,25.24,创业板,火山口 派出小部队勇吃鱼身,连续多天小涨 龟壳战术吃鱼头,-,-,2017/1/5,何开文,民营企业,"阿尔法高波动,等待周期更长,20厘米涨停爆发性强",行情酝酿中,新基建,-,-,政策支持,高新技术产业,-,-
300589.SZ,300589,江龙船艇,中盘股,工业,交通运输设备,船舶及其他航运设备,广东,16.09,创业板,火山口 派出小部队勇吃鱼身,-,-,-,2017/1/13,无实际控制人,其他,-,行情酝酿中,-,军工高铁产业链,-,政策支持,传统行业,-,-
300590.SZ,300590,移为通信,迷你盘,通信服务,通信设备,通信终端设备及组件,上海,11.93,创业板,火山口 派出小部队勇吃鱼身,连续多天小涨 龟壳战术吃鱼头,-,-,2017/1/11,廖荣华,民营企业,"阿尔法高波动,等待周期更长,20厘米涨停爆发性强",行情酝酿中,新基建,-,-,政策支持,高新技术产业,-,-
300591.SZ,300591,万里马,小盘股,可选消费,纺织服装,鞋帽与配饰,广东,6.96,创业板,-,-,-,-,2017/1/10,林大耀,民营企业,"阿尔法高波动,等待周期更长,20厘米涨停爆发性强",行情酝酿中,大消费,-,-,行业成熟稳定,传统行业,耐用品,-
300592.SZ,300592,华凯易佰,小盘股,可选消费,互联网零售,互联网零售,湖南,13.09,创业板,火山口 派出小部队勇吃鱼身,连续多天小涨 龟壳战术吃鱼头,-,-,2017/1/20,无实际控制人,其他,"阿尔法高波动,等待周期更长,20厘米涨停爆发性强",行情酝酿中,国产替代,电子商务产业链,-,政策支持,传统行业,-,-
300593.SZ,300593,新雷能,大盘股,工业,储能设备,其他储能设备,北京,29.41,创业板,-,-,有涨停 火山口战法吃鱼身,-,2017/1/13,王彬,民营企业,-,表现超预期,新科技,特高压电力产业链,-,政策支持,高新技术产业,耐用品,-
300594.SZ,300594,朗进科技,小盘股,工业,交通运输设备,城轨铁路,山东,30.07,创业板,-,-,-,-,2019/6/21,李敬茂,民营企业,"阿尔法高波动,等待周期更长,20厘米涨停爆发性强",行情酝酿中,-,-,制造业(工业母机),行业成熟稳定,传统行业,耐用品,-
300595.SZ,300595,欧普康视,中盘股,医药卫生,医疗器械,医疗耗材,安徽,13.99,创业板,火山口 派出小部队勇吃鱼身,-,-,-,2017/1/17,陶悦群,民营企业,-,行情酝酿中,大健康,-,-,行业成熟稳定,传统行业,消耗品,-
300596.SZ,300596,利安隆,小盘股,原材料,化学制品,其他化学制品,天津,43.85,创业板,-,-,-,-,2017/1/19,李海平,民营企业,"阿尔法高波动,等待周期更长,20厘米涨停爆发性强",行情酝酿中,-,-,化工,行业成熟稳定,传统行业,耐用品,-
300597.SZ,300597,吉大通信,迷你盘,通信服务,通信技术服务,通信技术服务,吉林,9.5,创业板,火山口 派出小部队勇吃鱼身,-,-,-,2017/1/23,吉林大学,大学,"阿尔法高波动,等待周期更长,20厘米涨停爆发性强",行情酝酿中,新基建,-,-,政策支持,高新技术产业,-,-
300598.SZ,300598,诚迈科技,小盘股,信息技术,信息技术服务,其他IT与互联网服务,江苏,37.58,创业板,火山口 派出小部队勇吃鱼身,-,-,-,2017/1/20,王继平,民营企业,"阿尔法高波动,等待周期更长,20厘米涨停爆发性强",行情酝酿中,国产替代,-,-,政策支持,传统行业,-,-
300599.SZ,300599,雄塑科技,中盘股,工业,建筑产品,建筑产品,广东,11.25,创业板,火山口 派出小部队勇吃鱼身,连续多天小涨 龟壳战术吃鱼头,-,-,2017/1/23,黄淦雄,民营企业,-,表现超预期,-,-,化工,行业成熟稳定,传统行业,消耗品,-
300600.SZ,300600,国瑞科技,迷你盘,工业,交通运输设备,船舶及其他航运设备,江苏,12.65,创业板,火山口 派出小部队勇吃鱼身,连续多天小涨 龟壳战术吃鱼头,-,-,2017/1/25,浙江省人民政府国有资产监督管理委员会,地方国有企业,"阿尔法高波动,等待周期更长,20厘米涨停爆发性强",行情酝酿中,-,军工高铁产业链,-,政策支持,传统行业,-,-
300601.SZ,300601,康泰生物,小盘股,医药卫生,生物药品,疫苗,深圳,14.07,创业板,-,-,-,-,2017/2/7,杜伟民,民营企业,"阿尔法高波动,等待周期更长,20厘米涨停爆发性强",行情酝酿中,大健康,-,-,政策支持,高新技术产业,消耗品,-
300602.SZ,300602,飞荣达,大盘股,信息技术,其他电子,其他电子,深圳,34.97,创业板,-,-,-,-,2017/1/26,马飞,民营企业,-,行情酝酿中,新科技,-,-,政策支持,高新技术产业,-,-
300603.SZ,300603,立昂技术,大盘股,通信服务,通信技术服务,通信技术服务,新疆,12.06,创业板,-,-,-,-,2017/1/26,王刚,民营企业,-,行情酝酿中,新基建,-,-,政策支持,高新技术产业,-,-
300604.SZ,300604,长川科技,大盘股,信息技术,半导体材料与设备,半导体设备,浙江,150.7,创业板,-,-,-,高人气,2017/4/17,赵轶,民营企业,-,表现超预期,新科技,-,-,政策支持,高新技术产业,-,有量化参与
300605.SZ,300605,恒锋信息,小盘股,信息技术,信息技术服务,系统集成服务,福建,14.44,创业板,-,-,-,-,2017/2/8,魏晓曦,民营企业,"阿尔法高波动,等待周期更长,20厘米涨停爆发性强",表现超预期,国产替代,-,-,政策支持,传统行业,-,-
300606.SZ,300606,金太阳,大盘股,工业,通用机械,磨具磨料,广东,38.6,创业板,-,-,-,-,2017/2/8,杨璐,民营企业,-,行情酝酿中,-,-,制造业(工业母机),行业成熟稳定,传统行业,耐用品,-
300607.SZ,300607,拓斯达,中盘股,工业,通用机械,电动机与工控自动化,广东,26.61,创业板,火山口 派出小部队勇吃鱼身,-,-,-,2017/2/9,吴丰礼,民营企业,-,行情酝酿中,-,-,制造业(工业母机),行业成熟稳定,高新技术产业,耐用品,-
300608.SZ,300608,思特奇,中盘股,信息技术,软件开发,行业应用软件,北京,13.1,创业板,-,-,-,-,2017/2/13,无实际控制人,其他,-,表现超预期,国产替代,-,-,政策支持,传统行业,-,-
300609.SZ,300609,汇纳科技,小盘股,信息技术,信息技术服务,系统集成服务,上海,37.23,创业板,-,-,-,-,2017/2/15,江泽星,民营企业,"阿尔法高波动,等待周期更长,20厘米涨停爆发性强",表现超预期,国产替代,-,-,政策支持,传统行业,-,-
300610.SZ,300610,晨化股份,小盘股,原材料,化学制品,其他化学制品,江苏,11.98,创业板,火山口 派出小部队勇吃鱼身,-,-,-,2017/2/13,于子洲,民营企业,"阿尔法高波动,等待周期更长,20厘米涨停爆发性强",行情酝酿中,-,-,化工,行业成熟稳定,传统行业,耐用品,-
300611.SZ,300611,美力科技,中盘股,可选消费,汽车零部件与轮胎,汽车系统部件,浙江,27.74,创业板,-,-,-,-,2017/2/20,章碧鸿,民营企业,-,行情酝酿中,-,智能汽车产业链,-,政策支持,传统行业,消耗品,-
300612.SZ,300612,宣亚国际,小盘股,通信服务,营销与广告,数字营销,北京,15.12,创业板,-,-,-,-,2017/2/15,张秀兵,民营企业,"阿尔法高波动,等待周期更长,20厘米涨停爆发性强",行情酝酿中,-,电子商务产业链,-,行业成熟稳定,传统行业,-,-
300613.SZ,300613,富瀚微,中盘股,信息技术,集成电路,集成电路设计,上海,44.69,创业板,火山口 派出小部队勇吃鱼身,-,-,-,2017/2/20,杨小奇,民营企业,-,行情酝酿中,新科技,-,-,政策支持,高新技术产业,-,-
300614.SZ,300614,百川畅银,迷你盘,工业,污染治理,固废处理,河南,13.08,创业板,火山口 派出小部队勇吃鱼身,-,-,-,2021/5/25,陈功海,民营企业,"阿尔法高波动,等待周期更长,20厘米涨停爆发性强",行情酝酿中,-,-,民生,行业成熟稳定,传统行业,-,-
300615.SZ,300615,欣天科技,小盘股,通信服务,通信设备,通信系统设备及组件,深圳,13.88,创业板,-,-,-,-,2017/2/15,石伟平,民营企业,"阿尔法高波动,等待周期更长,20厘米涨停爆发性强",表现超预期,新基建,-,-,政策支持,高新技术产业,-,-
300616.SZ,300616,尚品宅配,迷你盘,可选消费,家居,家具,广东,12.12,创业板,火山口 派出小部队勇吃鱼身,连续多天小涨 龟壳战术吃鱼头,-,-,2017/3/7,李连柱,民营企业,"阿尔法高波动,等待周期更长,20厘米涨停爆发性强",行情酝酿中,大消费,-,-,行业成熟稳定,传统行业,耐用品,-
300617.SZ,300617,安靠智电,大盘股,工业,电网设备,线缆及其他,江苏,60.78,创业板,火山口 派出小部队勇吃鱼身,连续多天小涨 龟壳战术吃鱼头,-,-,2017/2/28,陈晓晖,民营企业,-,行情酝酿中,新科技,特高压电力产业链,-,政策支持,高新技术产业,耐用品,-
300618.SZ,300618,寒锐钴业,大盘股,原材料,工业金属,铜,江苏,46.78,创业板,-,-,-,-,2017/3/6,梁杰,民营企业,-,表现超预期,新能源,-,-,行业成熟稳定,传统行业,消耗品,-
300619.SZ,300619,金银河,中盘股,工业,专用机械,其他专用机械,广东,42.61,创业板,-,-,-,-,2017/3/1,张启发,民营企业,-,表现超预期,-,-,制造业(工业母机),行业成熟稳定,高新技术产业,耐用品,-
300620.SZ,300620,光库科技,大盘股,通信服务,通信设备,通信系统设备及组件,广东,251.83,创业板,-,-,-,-,2017/3/10,珠海市人民政府国有资产监督管理委员会,地方国有企业,-,表现超预期,新基建,-,-,政策支持,高新技术产业,-,-
300621.SZ,300621,维业股份,迷你盘,工业,建筑装修,建筑装修,深圳,8.3,创业板,-,-,-,-,2017/3/16,珠海市人民政府国有资产监督管理委员会,地方国有企业,"阿尔法高波动,等待周期更长,20厘米涨停爆发性强",行情酝酿中,-,房地产产业链,-,行业成熟稳定,传统行业,耐用品,-
300622.SZ,300622,博士眼镜,小盘股,可选消费,专营零售,专营零售,深圳,25,创业板,火山口 派出小部队勇吃鱼身,连续多天小涨 龟壳战术吃鱼头,-,-,2017/3/15,ALEXANDER LIU,外资,"阿尔法高波动,等待周期更长,20厘米涨停爆发性强",行情酝酿中,-,实体经济,-,行业成熟稳定,传统行业,-,-
300623.SZ,300623,捷捷微电,大盘股,信息技术,分立器件,分立器件,江苏,28.58,创业板,火山口 派出小部队勇吃鱼身,连续多天小涨 龟壳战术吃鱼头,-,-,2017/3/14,黄善兵,民营企业,-,行情酝酿中,新科技,-,-,政策支持,高新技术产业,-,-
300624.SZ,300624,万兴科技,大盘股,信息技术,软件开发,通用软件,西藏,70.85,创业板,火山口 派出小部队勇吃鱼身,-,-,-,2018/1/18,吴太兵,民营企业,-,行情酝酿中,国产替代,-,-,政策支持,传统行业,-,-
300625.SZ,300625,三雄极光,迷你盘,可选消费,家用电器,照明电器,广东,11.79,创业板,火山口 派出小部队勇吃鱼身,连续多天小涨 龟壳战术吃鱼头,-,-,2017/3/17,无实际控制人,其他,"阿尔法高波动,等待周期更长,20厘米涨停爆发性强",行情酝酿中,大消费,-,-,行业成熟稳定,传统行业,耐用品,-
300626.SZ,300626,华瑞股份,大盘股,工业,通用机械,电动机与工控自动化,浙江,28.2,创业板,-,-,-,-,2017/3/20,梧州市人民政府国有资产监督管理委员会,地方国有企业,-,表现超预期,新科技,特高压电力产业链,-,政策支持,高新技术产业,耐用品,-
300627.SZ,300627,华测导航,中盘股,通信服务,通信设备,通信终端设备及组件,上海,34.23,创业板,火山口 派出小部队勇吃鱼身,连续多天小涨 龟壳战术吃鱼头,-,-,2017/3/21,赵延平,民营企业,-,行情酝酿中,新基建,-,-,政策支持,高新技术产业,-,-
300628.SZ,300628,亿联网络,中盘股,通信服务,通信设备,通信终端设备及组件,福建,35.67,创业板,-,-,-,-,2017/3/17,吴仲毅,民营企业,-,表现超预期,新基建,-,-,政策支持,高新技术产业,-,-
300629.SZ,300629,新劲刚,大盘股,工业,国防装备,国防装备,广东,25.51,创业板,-,-,-,-,2017/3/24,王刚,民营企业,-,表现超预期,新科技,-,-,政策支持,高新技术产业,-,-
300631.SZ,300631,久吾高科,小盘股,工业,污染治理,污水处理,江苏,27.56,创业板,火山口 派出小部队勇吃鱼身,-,-,-,2017/3/23,薛加玉,民营企业,"阿尔法高波动,等待周期更长,20厘米涨停爆发性强",行情酝酿中,-,-,民生,行业成熟稳定,传统行业,-,-
300632.SZ,300632,光莆股份,大盘股,信息技术,光学光电子,LED,福建,18.66,创业板,-,-,-,-,2017/4/6,林瑞梅,民营企业,-,表现超预期,新科技,-,-,政策支持,高新技术产业,-,-
300633.SZ,300633,开立医疗,大盘股,医药卫生,医疗器械,医疗设备,深圳,28.19,创业板,火山口 派出小部队勇吃鱼身,-,-,-,2017/4/6,陈志强,民营企业,-,行情酝酿中,大健康,-,-,行业成熟稳定,传统行业,消耗品,-
300634.SZ,300634,彩讯股份,大盘股,信息技术,软件开发,行业应用软件,深圳,27.66,创业板,火山口 派出小部队勇吃鱼身,-,-,-,2018/3/23,曾之俊,民营企业,-,行情酝酿中,国产替代,-,-,政策支持,传统行业,-,-
300635.SZ,300635,中达安,小盘股,工业,建筑与工程,建筑设计及服务,广东,14.09,创业板,-,-,-,-,2017/3/31,济南市历城区财政局,地方国有企业,"阿尔法高波动,等待周期更长,20厘米涨停爆发性强",表现超预期,-,房地产产业链,-,行业成熟稳定,传统行业,耐用品,-
300636.SZ,300636,同和药业,小盘股,医药卫生,化学药,原料药,江西,8.05,创业板,火山口 派出小部队勇吃鱼身,-,-,-,2017/3/31,庞正伟,民营企业,"阿尔法高波动,等待周期更长,20厘米涨停爆发性强",行情酝酿中,大健康,-,-,政策支持,高新技术产业,消耗品,-
300637.SZ,300637,扬帆新材,迷你盘,原材料,化学制品,其他化学制品,浙江,11.87,创业板,火山口 派出小部队勇吃鱼身,-,-,-,2017/4/12,樊培仁,民营企业,"阿尔法高波动,等待周期更长,20厘米涨停爆发性强",行情酝酿中,-,-,化工,行业成熟稳定,传统行业,耐用品,-
300638.SZ,300638,广和通,中盘股,通信服务,通信设备,通信终端设备及组件,深圳,25.79,创业板,-,-,-,-,2017/4/13,张天瑜,民营企业,-,行情酝酿中,新基建,-,-,政策支持,高新技术产业,-,-
300639.SZ,300639,凯普生物,中盘股,医药卫生,医疗器械,体外诊断,广东,6.63,创业板,-,-,-,-,2017/4/12,王建瑜,民营企业,-,表现超预期,大健康,-,-,行业成熟稳定,传统行业,消耗品,-
300640.SZ,300640,德艺文创,迷你盘,可选消费,家居,其他家居,福建,6.97,创业板,-,-,-,-,2017/4/17,吴体芳,民营企业,"阿尔法高波动,等待周期更长,20厘米涨停爆发性强",行情酝酿中,大消费,-,-,行业成熟稳定,传统行业,耐用品,-
300641.SZ,300641,正丹股份,中盘股,原材料,化学制品,其他化学制品,江苏,18.86,创业板,火山口 派出小部队勇吃鱼身,-,-,-,2017/4/18,曹正国,民营企业,-,行情酝酿中,-,-,化工,行业成熟稳定,传统行业,耐用品,-
300642.SZ,300642,透景生命,迷你盘,医药卫生,医疗器械,体外诊断,上海,16.83,创业板,火山口 派出小部队勇吃鱼身,-,-,-,2017/4/21,姚见儿,民营企业,"阿尔法高波动,等待周期更长,20厘米涨停爆发性强",行情酝酿中,大健康,-,-,行业成熟稳定,传统行业,消耗品,-
300643.SZ,300643,万通智控,小盘股,可选消费,汽车零部件与轮胎,汽车系统部件,浙江,18.03,创业板,火山口 派出小部队勇吃鱼身,-,-,-,2017/5/5,张健儿,民营企业,"阿尔法高波动,等待周期更长,20厘米涨停爆发性强",行情酝酿中,-,智能汽车产业链,-,政策支持,传统行业,消耗品,-
300644.SZ,300644,南京聚隆,小盘股,原材料,塑料,改性塑料,江苏,30.34,创业板,-,-,-,-,2018/2/6,刘曙阳,民营企业,"阿尔法高波动,等待周期更长,20厘米涨停爆发性强",行情酝酿中,-,-,化工,行业成熟稳定,传统行业,消耗品,-
300645.SZ,300645,正元智慧,迷你盘,信息技术,信息技术服务,系统集成服务,浙江,17.02,创业板,火山口 派出小部队勇吃鱼身,-,-,-,2017/4/21,陈坚,民营企业,"阿尔法高波动,等待周期更长,20厘米涨停爆发性强",行情酝酿中,国产替代,-,-,政策支持,传统行业,-,-
300647.SZ,300647,超频三,小盘股,工业,储能设备,电池部件及材料,深圳,6.48,创业板,火山口 派出小部队勇吃鱼身,-,-,-,2017/5/3,刘郁,民营企业,"阿尔法高波动,等待周期更长,20厘米涨停爆发性强",行情酝酿中,-,-,化工,行业成熟稳定,传统行业,耐用品,-
300648.SZ,300648,星云股份,中盘股,工业,专用机械,其他专用机械,福建,52.61,创业板,-,-,-,-,2017/4/25,李有财,民营企业,-,表现超预期,新科技,特高压电力产业链,-,政策支持,高新技术产业,耐用品,-
300649.SZ,300649,杭州园林,迷你盘,工业,建筑与工程,园林工程,浙江,15.48,创业板,-,-,-,-,2017/5/5,何韦,民营企业,"阿尔法高波动,等待周期更长,20厘米涨停爆发性强",表现超预期,-,房地产产业链,-,行业成熟稳定,传统行业,耐用品,-
300650.SZ,300650,太龙股份,小盘股,工业,商业服务与用品,贸易商,福建,16.07,创业板,-,-,-,-,2017/5/3,庄占龙,民营企业,"阿尔法高波动,等待周期更长,20厘米涨停爆发性强",表现超预期,新科技,-,-,政策支持,高新技术产业,-,-
300651.SZ,300651,金陵体育,大盘股,可选消费,休闲设备与用品,休闲设备与用品,江苏,29.68,创业板,-,-,-,-,2017/5/9,李春荣,民营企业,-,行情酝酿中,-,-,文化体育,行业成熟稳定,传统行业,-,-
300652.SZ,300652,雷迪克,小盘股,可选消费,汽车零部件与轮胎,汽车系统部件,浙江,43.54,创业板,火山口 派出小部队勇吃鱼身,连续多天小涨 龟壳战术吃鱼头,-,-,2017/5/16,沈仁荣,民营企业,"阿尔法高波动,等待周期更长,20厘米涨停爆发性强",行情酝酿中,-,智能汽车产业链,-,政策支持,传统行业,消耗品,-
300653.SZ,300653,正海生物,迷你盘,医药卫生,医疗器械,医疗耗材,山东,19.65,创业板,火山口 派出小部队勇吃鱼身,-,-,-,2017/5/16,秘波海,民营企业,"阿尔法高波动,等待周期更长,20厘米涨停爆发性强",行情酝酿中,大健康,-,-,行业成熟稳定,传统行业,消耗品,-
300654.SZ,300654,世纪天鸿,小盘股,通信服务,文化娱乐,出版,山东,10.92,创业板,-,-,-,-,2017/9/26,任志鸿,民营企业,"阿尔法高波动,等待周期更长,20厘米涨停爆发性强",行情酝酿中,-,-,文化体育,行业成熟稳定,传统行业,-,-
300655.SZ,300655,晶瑞电材,大盘股,信息技术,半导体材料与设备,半导体材料,江苏,15.35,创业板,火山口 派出小部队勇吃鱼身,-,-,-,2017/5/23,罗培楠,外资,-,行情酝酿中,新科技,-,-,政策支持,高新技术产业,-,-
300656.SZ,300656,民德电子,中盘股,信息技术,电子终端及组件,安防设备及其他,深圳,24.99,创业板,-,-,-,-,2017/5/19,许香灿,民营企业,-,表现超预期,新基建,-,-,政策支持,高新技术产业,-,-
300657.SZ,300657,弘信电子,大盘股,信息技术,电子元件,印制电路板,福建,35.07,创业板,-,-,-,-,2017/5/23,李强,民营企业,-,表现超预期,新科技,-,-,政策支持,高新技术产业,-,-
300658.SZ,300658,延江股份,大盘股,可选消费,纺织服装,纺织品,福建,21.84,创业板,-,-,-,-,2017/6/2,谢继华,民营企业,-,行情酝酿中,-,-,化工,行业成熟稳定,传统行业,消耗品,-
300659.SZ,300659,中孚信息,迷你盘,信息技术,信息技术服务,系统集成服务,山东,13.02,创业板,火山口 派出小部队勇吃鱼身,-,-,-,2017/5/26,魏东晓,民营企业,"阿尔法高波动,等待周期更长,20厘米涨停爆发性强",行情酝酿中,新基建,-,-,政策支持,高新技术产业,-,-
300660.SZ,300660,江苏雷利,中盘股,可选消费,家用电器,家电零部件及其他,江苏,44,创业板,火山口 派出小部队勇吃鱼身,-,-,-,2017/6/2,苏达,民营企业,-,行情酝酿中,新科技,特高压电力产业链,-,政策支持,高新技术产业,耐用品,-
300661.SZ,300661,圣邦股份,大盘股,信息技术,集成电路,集成电路设计,北京,77.53,创业板,火山口 派出小部队勇吃鱼身,连续多天小涨 龟壳战术吃鱼头,-,-,2017/6/6,张世龙,民营企业,-,表现超预期,新科技,-,-,政策支持,高新技术产业,-,-
300662.SZ,300662,科锐国际,小盘股,工业,商业服务与用品,其他商业服务与用品,北京,24.28,创业板,-,-,-,-,2017/6/8,高勇,民营企业,"阿尔法高波动,等待周期更长,20厘米涨停爆发性强",行情酝酿中,-,-,文化体育,行业成熟稳定,传统行业,-,-
300663.SZ,300663,科蓝软件,小盘股,信息技术,软件开发,行业应用软件,北京,13.37,创业板,火山口 派出小部队勇吃鱼身,-,-,-,2017/6/8,王安京,民营企业,"阿尔法高波动,等待周期更长,20厘米涨停爆发性强",行情酝酿中,国产替代,-,-,政策支持,传统行业,-,-
300664.SZ,300664,鹏鹞环保,中盘股,工业,污染治理,污水处理,江苏,6.19,创业板,-,-,-,-,2018/1/5,王洪春,民营企业,-,行情酝酿中,-,-,民生,行业成熟稳定,传统行业,-,-
300665.SZ,300665,飞鹿股份,迷你盘,原材料,化学制品,涂料油墨,湖南,7.68,创业板,火山口 派出小部队勇吃鱼身,-,-,-,2017/6/13,章卫国,民营企业,"阿尔法高波动,等待周期更长,20厘米涨停爆发性强",行情酝酿中,-,房地产产业链,-,行业成熟稳定,传统行业,耐用品,-
300666.SZ,300666,江丰电子,大盘股,信息技术,半导体材料与设备,半导体材料,浙江,159.42,创业板,-,-,-,-,2017/6/15,姚力军,民营企业,-,行情酝酿中,新科技,-,-,政策支持,高新技术产业,-,-
300667.SZ,300667,必创科技,中盘股,工业,通用机械,仪器仪表,北京,17.86,创业板,-,-,有涨停 火山口战法吃鱼身,-,2017/6/19,代啸宁,民营企业,-,表现超预期,-,智能汽车产业链,制造业(工业母机),行业成熟稳定,传统行业,耐用品,-
300668.SZ,300668,杰恩设计,中盘股,工业,商业服务与用品,其他商业服务与用品,深圳,57.18,创业板,-,-,有涨停 火山口战法吃鱼身,-,2017/6/19,高汴京,民营企业,-,表现超预期,-,房地产产业链,-,行业成熟稳定,传统行业,耐用品,-
300669.SZ,300669,沪宁股份,小盘股,工业,专用机械,楼宇设备,浙江,32.95,创业板,-,-,-,-,2017/6/29,邹家春,民营企业,"阿尔法高波动,等待周期更长,20厘米涨停爆发性强",行情酝酿中,-,-,制造业(工业母机),行业成熟稳定,传统行业,耐用品,-
300670.SZ,300670,大烨智能,小盘股,工业,电网设备,配电设备,江苏,6.25,创业板,-,-,-,-,2017/7/3,陈杰,民营企业,"阿尔法高波动,等待周期更长,20厘米涨停爆发性强",行情酝酿中,新科技,特高压电力产业链,-,政策支持,高新技术产业,耐用品,-
300671.SZ,300671,富满微,大盘股,信息技术,集成电路,集成电路设计,深圳,44.5,创业板,-,-,有涨停 火山口战法吃鱼身,-,2017/7/5,刘景裕,外资,-,表现超预期,新科技,-,-,政策支持,高新技术产业,-,-
300672.SZ,300672,国科微,大盘股,信息技术,集成电路,集成电路设计,湖南,166.9,创业板,-,-,-,-,2017/7/12,向平,民营企业,-,表现超预期,新科技,-,-,政策支持,高新技术产业,-,-
300673.SZ,300673,佩蒂股份,迷你盘,主要消费,家庭用品,家庭用品,浙江,16.18,创业板,火山口 派出小部队勇吃鱼身,连续多天小涨 龟壳战术吃鱼头,-,-,2017/7/11,陈振标,民营企业,"阿尔法高波动,等待周期更长,20厘米涨停爆发性强",行情酝酿中,-,-,粮食,行业成熟稳定,传统行业,消耗品,-
300674.SZ,300674,宇信科技,中盘股,信息技术,软件开发,行业应用软件,北京,20.54,创业板,火山口 派出小部队勇吃鱼身,连续多天小涨 龟壳战术吃鱼头,-,-,2018/11/7,洪卫东,民营企业,-,行情酝酿中,国产替代,-,-,政策支持,传统行业,-,-
300675.SZ,300675,建科院,迷你盘,工业,建筑与工程,建筑设计及服务,深圳,15.2,创业板,-,-,-,-,2017/7/19,深圳市人民政府国有资产监督管理委员会,地方国有企业,"阿尔法高波动,等待周期更长,20厘米涨停爆发性强",行情酝酿中,-,房地产产业链,-,行业成熟稳定,传统行业,耐用品,-
300676.SZ,300676,华大基因,中盘股,医药卫生,医疗器械,体外诊断,深圳,39.87,创业板,-,-,-,-,2017/7/14,汪建,民营企业,-,行情酝酿中,大健康,-,-,行业成熟稳定,传统行业,消耗品,-
300677.SZ,300677,英科医疗,大盘股,医药卫生,医疗器械,医疗耗材,山东,53.53,创业板,-,-,-,-,2017/7/21,刘方毅,民营企业,-,行情酝酿中,大健康,-,-,行业成熟稳定,传统行业,消耗品,-
300678.SZ,300678,中科信息,小盘股,信息技术,信息技术服务,系统集成服务,四川,28.93,创业板,火山口 派出小部队勇吃鱼身,-,-,-,2017/7/28,中国科学院控股有限公司,中央企业,"阿尔法高波动,等待周期更长,20厘米涨停爆发性强",行情酝酿中,国产替代,-,-,政策支持,传统行业,-,-
300679.SZ,300679,电连技术,大盘股,信息技术,电子终端及组件,消费电子组件及零部件,深圳,43.14,创业板,-,-,-,-,2017/7/31,陈育宣,民营企业,-,表现超预期,新科技,-,-,政策支持,高新技术产业,-,-
300680.SZ,300680,隆盛科技,中盘股,可选消费,汽车零部件与轮胎,其他汽车零部件,江苏,40.56,创业板,-,-,-,-,2017/7/25,倪茂生,民营企业,-,行情酝酿中,-,智能汽车产业链,-,政策支持,传统行业,消耗品,-
300681.SZ,300681,英搏尔,大盘股,可选消费,汽车零部件与轮胎,汽车电子,广东,29.58,创业板,-,-,-,-,2017/7/25,姜桂宾,民营企业,-,表现超预期,-,智能汽车产业链,-,政策支持,传统行业,消耗品,-
300682.SZ,300682,朗新科技,中盘股,信息技术,软件开发,行业应用软件,江苏,16.13,创业板,-,-,-,-,2017/8/1,徐长军,民营企业,-,行情酝酿中,国产替代,-,-,政策支持,传统行业,-,-
300683.SZ,300683,海特生物,中盘股,医药卫生,制药与生物科技服务,制药与生物科技服务,湖北,34.2,创业板,-,-,-,-,2017/8/8,陈亚,外资,-,行情酝酿中,大健康,-,-,政策支持,高新技术产业,消耗品,-
300684.SZ,300684,中石科技,大盘股,信息技术,电子化学品,电子化学品,北京,59.64,创业板,-,-,有涨停 火山口战法吃鱼身,高人气,2017/12/27,吴晓宁,民营企业,-,表现超预期,新科技,-,-,政策支持,高新技术产业,-,-
300685.SZ,300685,艾德生物,中盘股,医药卫生,医疗器械,体外诊断,福建,22.94,创业板,-,-,-,-,2017/8/2,郑立谋,外资,-,行情酝酿中,大健康,-,-,行业成熟稳定,传统行业,消耗品,-
300686.SZ,300686,智动力,大盘股,信息技术,电子终端及组件,消费电子组件及零部件,深圳,18.65,创业板,-,-,-,-,2017/8/4,吴加维,民营企业,-,表现超预期,新科技,-,-,政策支持,高新技术产业,-,-
300687.SZ,300687,赛意信息,中盘股,信息技术,软件开发,通用软件,广东,21.11,创业板,-,-,-,高人气,2017/8/3,张成康,民营企业,-,表现超预期,国产替代,-,-,政策支持,传统行业,-,-
300688.SZ,300688,创业黑马,小盘股,工业,商业服务与用品,其他商业服务与用品,北京,24.89,创业板,-,-,-,-,2017/8/10,牛文文,民营企业,"阿尔法高波动,等待周期更长,20厘米涨停爆发性强",行情酝酿中,-,-,文化体育,行业成熟稳定,传统行业,-,-
300689.SZ,300689,澄天伟业,中盘股,通信服务,通信设备,通信终端设备及组件,深圳,52.08,创业板,-,-,-,高人气,2017/8/9,冯学裕,民营企业,-,表现超预期,新基建,-,-,政策支持,高新技术产业,-,-
300690.SZ,300690,双一科技,大盘股,工业,发电设备,风电设备,山东,32.17,创业板,-,-,-,-,2017/8/8,王庆华,民营企业,-,表现超预期,新科技,特高压电力产业链,-,政策支持,高新技术产业,耐用品,-
300691.SZ,300691,联合光电,迷你盘,信息技术,光学光电子,光学元件,广东,16.73,创业板,火山口 派出小部队勇吃鱼身,连续多天小涨 龟壳战术吃鱼头,-,-,2017/8/11,龚俊强,民营企业,"阿尔法高波动,等待周期更长,20厘米涨停爆发性强",行情酝酿中,新科技,-,-,政策支持,高新技术产业,-,-
300692.SZ,300692,中赋科技,小盘股,工业,污染治理,污水处理,安徽,8.66,创业板,火山口 派出小部队勇吃鱼身,连续多天小涨 龟壳战术吃鱼头,-,-,2017/8/21,刘杨,民营企业,"阿尔法高波动,等待周期更长,20厘米涨停爆发性强",行情酝酿中,-,-,民生,行业成熟稳定,传统行业,-,-
300693.SZ,300693,盛弘股份,大盘股,工业,储能设备,其他储能设备,深圳,51.28,创业板,-,-,-,-,2017/8/22,方兴,民营企业,-,表现超预期,新科技,特高压电力产业链,-,政策支持,高新技术产业,耐用品,-
300694.SZ,300694,蠡湖股份,迷你盘,可选消费,汽车零部件与轮胎,汽车系统部件,江苏,12.4,创业板,火山口 派出小部队勇吃鱼身,连续多天小涨 龟壳战术吃鱼头,-,-,2018/10/15,泉州市人民政府国有资产监督管理委员会,地方国有企业,"阿尔法高波动,等待周期更长,20厘米涨停爆发性强",行情酝酿中,-,智能汽车产业链,-,政策支持,传统行业,消耗品,-
300695.SZ,300695,兆丰股份,小盘股,可选消费,汽车零部件与轮胎,汽车系统部件,浙江,70.97,创业板,-,-,-,-,2017/9/8,孔爱祥,民营企业,"阿尔法高波动,等待周期更长,20厘米涨停爆发性强",表现超预期,-,智能汽车产业链,-,政策支持,传统行业,消耗品,-
300696.SZ,300696,爱乐达,大盘股,工业,航空航天,航空,四川,34.91,创业板,-,-,-,高人气,2017/8/22,冉光文,民营企业,-,表现超预期,-,军工高铁产业链,-,政策支持,高新技术产业,-,-
300697.SZ,300697,电工合金,小盘股,工业,电网设备,线缆及其他,江苏,16.03,创业板,火山口 派出小部队勇吃鱼身,连续多天小涨 龟壳战术吃鱼头,-,-,2017/9/7,厦门市人民政府国有资产监督管理委员会,地方国有企业,"阿尔法高波动,等待周期更长,20厘米涨停爆发性强",行情酝酿中,新能源,特高压电力产业链,-,行业成熟稳定,传统行业,消耗品,-
300698.SZ,300698,万马科技,小盘股,通信服务,通信设备,通信系统设备及组件,浙江,36.64,创业板,火山口 派出小部队勇吃鱼身,-,-,-,2017/8/31,张德生,民营企业,"阿尔法高波动,等待周期更长,20厘米涨停爆发性强",行情酝酿中,新基建,-,-,政策支持,高新技术产业,-,-
300699.SZ,300699,光威复材,大盘股,原材料,化学纤维,氨纶及其他化纤,山东,35.31,创业板,火山口 派出小部队勇吃鱼身,连续多天小涨 龟壳战术吃鱼头,-,-,2017/9/1,陈亮,民营企业,-,行情酝酿中,-,-,化工,行业成熟稳定,传统行业,耐用品,-
300700.SZ,300700,岱勒新材,小盘股,工业,通用机械,加工机械,湖南,15.73,创业板,火山口 派出小部队勇吃鱼身,连续多天小涨 龟壳战术吃鱼头,-,-,2017/9/12,段志明,民营企业,"阿尔法高波动,等待周期更长,20厘米涨停爆发性强",行情酝酿中,新能源,-,能源,行业成熟稳定,传统行业,消耗品,-
300701.SZ,300701,森霸传感,迷你盘,信息技术,光学光电子,光学元件,河南,11.97,创业板,火山口 派出小部队勇吃鱼身,连续多天小涨 龟壳战术吃鱼头,-,-,2017/9/15,单森林,民营企业,"阿尔法高波动,等待周期更长,20厘米涨停爆发性强",行情酝酿中,新科技,-,-,政策支持,高新技术产业,-,-
300702.SZ,300702,天宇股份,小盘股,医药卫生,化学药,原料药,浙江,22.53,创业板,火山口 派出小部队勇吃鱼身,-,-,-,2017/9/19,屠勇军,民营企业,"阿尔法高波动,等待周期更长,20厘米涨停爆发性强",行情酝酿中,大健康,-,-,政策支持,高新技术产业,消耗品,-
300703.SZ,300703,创源股份,大盘股,可选消费,休闲设备与用品,休闲设备与用品,浙江,22.46,创业板,-,-,有涨停 火山口战法吃鱼身,-,2017/9/19,宁波市人民政府国有资产监督管理委员会,地方国有企业,-,表现超预期,-,-,文化体育,行业成熟稳定,传统行业,-,-
300705.SZ,300705,九典制药,小盘股,医药卫生,化学药,药品制剂,湖南,13.93,创业板,-,-,-,-,2017/10/10,朱志宏,民营企业,"阿尔法高波动,等待周期更长,20厘米涨停爆发性强",行情酝酿中,大健康,-,-,政策支持,高新技术产业,消耗品,-
300706.SZ,300706,阿石创,大盘股,信息技术,光学光电子,面板,福建,37.71,创业板,-,-,-,-,2017/9/26,陈钦忠,民营企业,-,表现超预期,新科技,-,-,政策支持,高新技术产业,-,-
300707.SZ,300707,威唐工业,小盘股,可选消费,汽车零部件与轮胎,其他汽车零部件,江苏,16.35,创业板,火山口 派出小部队勇吃鱼身,-,-,-,2017/10/10,张锡亮,民营企业,"阿尔法高波动,等待周期更长,20厘米涨停爆发性强",行情酝酿中,-,智能汽车产业链,-,政策支持,传统行业,消耗品,-
300708.SZ,300708,聚灿光电,大盘股,信息技术,光学光电子,LED,江苏,9.88,创业板,火山口 派出小部队勇吃鱼身,连续多天小涨 龟壳战术吃鱼头,-,-,2017/10/16,潘华荣,民营企业,-,行情酝酿中,新科技,-,-,政策支持,高新技术产业,-,-
300709.SZ,300709,精研科技,中盘股,信息技术,电子终端及组件,消费电子组件及零部件,江苏,42.06,创业板,火山口 派出小部队勇吃鱼身,连续多天小涨 龟壳战术吃鱼头,-,-,2017/10/19,王明喜,民营企业,-,行情酝酿中,新科技,-,-,政策支持,高新技术产业,-,-
300710.SZ,300710,万隆光电,小盘股,通信服务,通信设备,通信系统设备及组件,浙江,30.27,创业板,火山口 派出小部队勇吃鱼身,-,-,-,2017/10/19,付小铜,民营企业,"阿尔法高波动,等待周期更长,20厘米涨停爆发性强",行情酝酿中,新基建,-,-,政策支持,高新技术产业,-,-
300711.SZ,300711,广哈通信,小盘股,通信服务,通信设备,通信终端设备及组件,广东,25.19,创业板,火山口 派出小部队勇吃鱼身,连续多天小涨 龟壳战术吃鱼头,-,-,2017/11/1,广州市人民政府国有资产监督管理委员会,地方国有企业,"阿尔法高波动,等待周期更长,20厘米涨停爆发性强",行情酝酿中,新基建,-,-,政策支持,高新技术产业,-,-
300712.SZ,300712,永福股份,小盘股,工业,建筑与工程,基础设施建设,福建,27.98,创业板,火山口 派出小部队勇吃鱼身,-,-,-,2017/10/31,林一文,民营企业,"阿尔法高波动,等待周期更长,20厘米涨停爆发性强",行情酝酿中,-,房地产产业链,-,行业成熟稳定,传统行业,耐用品,-
300713.SZ,300713,英可瑞,小盘股,工业,储能设备,其他储能设备,深圳,16.86,创业板,-,-,-,-,2017/11/1,尹伟,民营企业,"阿尔法高波动,等待周期更长,20厘米涨停爆发性强",表现超预期,新科技,特高压电力产业链,-,政策支持,高新技术产业,耐用品,-
300715.SZ,300715,凯伦股份,小盘股,工业,建筑产品,建筑产品,江苏,13.12,创业板,-,-,-,-,2017/10/26,钱林弟,民营企业,"阿尔法高波动,等待周期更长,20厘米涨停爆发性强",行情酝酿中,-,房地产产业链,-,行业成熟稳定,传统行业,耐用品,-
300716.SZ,300716,ST泉为,小盘股,原材料,塑料,改性塑料,广东,13.55,创业板,-,-,-,-,2017/11/9,褚一凡,外资,"阿尔法高波动,等待周期更长,20厘米涨停爆发性强",行情酝酿中,-,-,化工,行业成熟稳定,传统行业,消耗品,-
300717.SZ,300717,华信新材,迷你盘,原材料,塑料,其他塑料制品,江苏,20.76,创业板,火山口 派出小部队勇吃鱼身,连续多天小涨 龟壳战术吃鱼头,-,-,2017/11/6,李振斌,民营企业,"阿尔法高波动,等待周期更长,20厘米涨停爆发性强",行情酝酿中,-,-,化工,行业成熟稳定,传统行业,消耗品,-
300718.SZ,300718,长盛轴承,中盘股,工业,通用机械,动力机械,浙江,72.45,创业板,火山口 派出小部队勇吃鱼身,-,-,-,2017/11/6,孙志华,民营企业,-,行情酝酿中,-,-,制造业(工业母机),行业成熟稳定,传统行业,耐用品,-
300719.SZ,300719,安达维尔,小盘股,工业,航空航天,航空,北京,16.3,创业板,火山口 派出小部队勇吃鱼身,-,-,-,2017/11/9,赵子安,民营企业,"阿尔法高波动,等待周期更长,20厘米涨停爆发性强",行情酝酿中,-,军工高铁产业链,-,政策支持,高新技术产业,-,-
300720.SZ,300720,海川智能,大盘股,工业,通用机械,仪器仪表,广东,60.43,创业板,-,-,-,-,2017/11/6,邓永议,民营企业,-,表现超预期,-,智能汽车产业链,制造业(工业母机),行业成熟稳定,传统行业,耐用品,-
300721.SZ,300721,怡达股份,迷你盘,原材料,化学制品,其他化学制品,江苏,14.18,创业板,火山口 派出小部队勇吃鱼身,-,-,-,2017/11/15,刘准,民营企业,"阿尔法高波动,等待周期更长,20厘米涨停爆发性强",行情酝酿中,-,-,化工,行业成熟稳定,传统行业,耐用品,-
300722.SZ,300722,新余国科,小盘股,工业,国防装备,国防装备,江西,30.98,创业板,火山口 派出小部队勇吃鱼身,-,-,-,2017/11/10,江西省国有资产监督管理委员会,地方国有企业,"阿尔法高波动,等待周期更长,20厘米涨停爆发性强",行情酝酿中,-,军工高铁产业链,-,政策支持,高新技术产业,-,-
300723.SZ,300723,一品红,大盘股,医药卫生,化学药,药品制剂,广东,36.58,创业板,-,-,-,-,2017/11/16,李捍雄,民营企业,-,表现超预期,大健康,-,-,政策支持,高新技术产业,消耗品,-
300724.SZ,300724,捷佳伟创,大盘股,工业,发电设备,光伏设备,深圳,110.23,创业板,火山口 派出小部队勇吃鱼身,-,-,-,2018/8/10,余仲,民营企业,-,行情酝酿中,-,-,制造业(工业母机),行业成熟稳定,高新技术产业,耐用品,-
300725.SZ,300725,药石科技,中盘股,医药卫生,制药与生物科技服务,制药与生物科技服务,江苏,38.06,创业板,-,-,-,-,2017/11/10,杨民民,民营企业,-,行情酝酿中,大健康,-,-,政策支持,高新技术产业,消耗品,-
300726.SZ,300726,宏达电子,中盘股,工业,国防装备,国防装备,湖南,45.68,创业板,火山口 派出小部队勇吃鱼身,-,-,-,2017/11/21,曾琛,民营企业,-,行情酝酿中,新科技,-,-,政策支持,高新技术产业,-,-
300727.SZ,300727,润禾材料,中盘股,原材料,化学制品,有机硅,浙江,34.76,创业板,火山口 派出小部队勇吃鱼身,连续多天小涨 龟壳战术吃鱼头,-,-,2017/11/27,叶剑平,民营企业,-,行情酝酿中,-,-,化工,行业成熟稳定,传统行业,耐用品,-
300729.SZ,300729,乐歌股份,小盘股,可选消费,家居,家具,浙江,13.08,创业板,火山口 派出小部队勇吃鱼身,-,-,-,2017/12/1,项乐宏,民营企业,"阿尔法高波动,等待周期更长,20厘米涨停爆发性强",行情酝酿中,大消费,-,-,行业成熟稳定,传统行业,耐用品,-
300730.SZ,300730,科创信息,中盘股,信息技术,信息技术服务,系统集成服务,湖南,14.41,创业板,-,-,-,-,2017/12/5,无实际控制人,其他,-,行情酝酿中,国产替代,-,-,政策支持,传统行业,-,-
300731.SZ,300731,科创新源,大盘股,原材料,橡胶,橡胶制品,深圳,76.98,创业板,火山口 派出小部队勇吃鱼身,连续多天小涨 龟壳战术吃鱼头,-,-,2017/12/8,周东,民营企业,-,表现超预期,-,-,化工,行业成熟稳定,传统行业,耐用品,-
300732.SZ,300732,设研院,小盘股,工业,建筑与工程,建筑设计及服务,河南,6.92,创业板,火山口 派出小部队勇吃鱼身,-,-,-,2017/12/12,常兴文,民营企业,"阿尔法高波动,等待周期更长,20厘米涨停爆发性强",行情酝酿中,-,房地产产业链,-,行业成熟稳定,传统行业,耐用品,-
300733.SZ,300733,西菱动力,小盘股,可选消费,汽车零部件与轮胎,汽车系统部件,四川,18.05,创业板,-,-,-,-,2018/1/16,魏晓林,民营企业,"阿尔法高波动,等待周期更长,20厘米涨停爆发性强",表现超预期,-,智能汽车产业链,-,政策支持,传统行业,消耗品,-
300735.SZ,300735,光弘科技,大盘股,信息技术,电子终端及组件,消费电子组件及零部件,广东,23.84,创业板,火山口 派出小部队勇吃鱼身,-,-,-,2017/12/29,唐建兴,外资,-,表现超预期,新科技,-,-,政策支持,高新技术产业,-,-
300736.SZ,300736,百邦科技,大盘股,工业,商业服务与用品,其他商业服务与用品,北京,24.61,创业板,-,-,有涨停 火山口战法吃鱼身,高人气,2018/1/9,刘铁峰,民营企业,-,表现超预期,新基建,-,-,政策支持,高新技术产业,-,-
300737.SZ,300737,科顺股份,中盘股,工业,建筑产品,建筑产品,广东,6.35,创业板,火山口 派出小部队勇吃鱼身,连续多天小涨 龟壳战术吃鱼头,-,-,2018/1/25,陈伟忠,民营企业,-,行情酝酿中,-,房地产产业链,-,行业成熟稳定,传统行业,耐用品,-
300738.SZ,300738,奥飞数据,大盘股,通信服务,数据中心,数据中心,广东,24.99,创业板,-,-,有涨停 火山口战法吃鱼身,高人气,2018/1/19,冯康,民营企业,-,表现超预期,国产替代,-,-,政策支持,传统行业,-,-
300739.SZ,300739,明阳电路,大盘股,信息技术,电子元件,印制电路板,深圳,30.13,创业板,-,-,-,-,2018/2/1,张佩珂,民营企业,-,表现超预期,新科技,-,-,政策支持,高新技术产业,-,-
300740.SZ,300740,水羊股份,大盘股,主要消费,美容护理,美容护理,湖南,22.77,创业板,火山口 派出小部队勇吃鱼身,-,-,-,2018/2/8,戴跃锋,民营企业,-,表现超预期,-,-,化工,行业成熟稳定,传统行业,消耗品,-
300741.SZ,300741,华宝股份,小盘股,主要消费,食品,其他食品,西藏,17.32,创业板,-,-,-,高人气,2018/3/1,朱林瑶,外资,"阿尔法高波动,等待周期更长,20厘米涨停爆发性强",表现超预期,大消费,-,-,行业成熟稳定,传统行业,消耗品,-
300743.SZ,300743,天地数码,迷你盘,工业,商业服务与用品,办公服务与用品,浙江,18.2,创业板,火山口 派出小部队勇吃鱼身,-,-,-,2018/4/27,韩琼,民营企业,"阿尔法高波动,等待周期更长,20厘米涨停爆发性强",行情酝酿中,新基建,-,-,政策支持,高新技术产业,-,-
300745.SZ,300745,欣锐科技,小盘股,可选消费,汽车零部件与轮胎,汽车电子,深圳,27.16,创业板,-,-,-,-,2018/5/23,吴壬华,民营企业,"阿尔法高波动,等待周期更长,20厘米涨停爆发性强",表现超预期,-,智能汽车产业链,-,政策支持,传统行业,消耗品,-
300746.SZ,300746,汉嘉数智,迷你盘,工业,建筑与工程,建筑设计及服务,浙江,13.47,创业板,-,-,-,-,2018/5/25,岑政平,外资,"阿尔法高波动,等待周期更长,20厘米涨停爆发性强",行情酝酿中,-,房地产产业链,-,行业成熟稳定,传统行业,耐用品,-
300747.SZ,300747,锐科激光,大盘股,工业,通用机械,电动机与工控自动化,湖北,34.85,创业板,-,-,-,-,2018/6/25,中国航天科工集团有限公司,中央企业,-,表现超预期,-,-,制造业(工业母机),行业成熟稳定,高新技术产业,耐用品,-
300748.SZ,300748,金力永磁,大盘股,原材料,稀有金属,稀土金属,江西,33,创业板,火山口 派出小部队勇吃鱼身,-,-,-,2018/9/21,蔡报贵,民营企业,-,行情酝酿中,新能源,-,能源,行业成熟稳定,传统行业,消耗品,-
300749.SZ,300749,顶固集创,中盘股,可选消费,家居,家具,广东,25.13,创业板,-,-,-,-,2018/9/25,林新达,民营企业,-,行情酝酿中,大消费,-,-,行业成熟稳定,传统行业,耐用品,-
300750.SZ,300750,宁德时代,大盘股,工业,储能设备,电池,福建,444.2,创业板,-,-,-,-,2018/6/11,曾毓群,外资,-,表现超预期,新科技,特高压电力产业链,-,政策支持,高新技术产业,耐用品,有量化参与
300751.SZ,300751,迈为股份,大盘股,工业,发电设备,光伏设备,江苏,231.02,创业板,-,-,-,-,2018/11/9,周剑,民营企业,-,行情酝酿中,-,-,制造业(工业母机),行业成熟稳定,高新技术产业,耐用品,-
300752.SZ,300752,隆利科技,中盘股,信息技术,光学光电子,LED,深圳,19.38,创业板,-,-,-,高人气,2018/11/30,吴新理,民营企业,-,表现超预期,新科技,-,-,政策支持,高新技术产业,-,-
300753.SZ,300753,爱朋医疗,小盘股,医药卫生,医疗器械,医疗设备,江苏,28.18,创业板,-,-,-,-,2018/12/13,王凝宇,民营企业,"阿尔法高波动,等待周期更长,20厘米涨停爆发性强",行情酝酿中,大健康,-,-,行业成熟稳定,传统行业,消耗品,-
300755.SZ,300755,华致酒行,迷你盘,可选消费,专营零售,专营零售,云南,13.19,创业板,火山口 派出小部队勇吃鱼身,-,-,-,2019/1/29,吴向东,民营企业,"阿尔法高波动,等待周期更长,20厘米涨停爆发性强",行情酝酿中,-,实体经济,-,行业成熟稳定,传统行业,-,-
300756.SZ,300756,金马游乐,中盘股,工业,专用机械,其他专用机械,广东,50.89,创业板,-,-,-,-,2018/12/28,邓志毅,民营企业,-,表现超预期,-,-,制造业(工业母机),行业成熟稳定,高新技术产业,耐用品,-
300757.SZ,300757,罗博特科,大盘股,工业,发电设备,光伏设备,江苏,524,创业板,-,-,-,-,2019/1/8,戴军,民营企业,-,表现超预期,-,-,制造业(工业母机),行业成熟稳定,高新技术产业,耐用品,-
300758.SZ,300758,七彩化学,小盘股,原材料,化学制品,涂料油墨,辽宁,13.94,创业板,火山口 派出小部队勇吃鱼身,-,-,-,2019/2/22,徐惠祥,民营企业,"阿尔法高波动,等待周期更长,20厘米涨停爆发性强",行情酝酿中,-,房地产产业链,-,行业成熟稳定,传统行业,耐用品,-
300759.SZ,300759,康龙化成,大盘股,医药卫生,制药与生物科技服务,制药与生物科技服务,北京,30.47,创业板,-,-,-,-,2019/1/28,Boliang Lou,外资,-,行情酝酿中,大健康,-,-,政策支持,高新技术产业,消耗品,-
300760.SZ,300760,迈瑞医疗,大盘股,医药卫生,医疗器械,医疗设备,深圳,156.75,创业板,火山口 派出小部队勇吃鱼身,-,-,-,2018/10/16,李西廷,外资,-,行情酝酿中,大健康,-,-,行业成熟稳定,传统行业,消耗品,有量化参与
300761.SZ,300761,立华股份,中盘股,主要消费,养殖,畜牧产品,江苏,21.89,创业板,-,-,-,-,2019/2/18,程立力,民营企业,-,行情酝酿中,-,-,粮食,行业成熟稳定,传统行业,消耗品,-
300762.SZ,300762,上海瀚讯,大盘股,工业,国防装备,国防装备,上海,39.73,创业板,火山口 派出小部队勇吃鱼身,连续多天小涨 龟壳战术吃鱼头,-,-,2019/3/14,卜智勇,民营企业,-,表现超预期,新基建,-,-,政策支持,高新技术产业,-,-
300763.SZ,300763,锦浪科技,大盘股,工业,发电设备,光伏设备,浙江,93.76,创业板,火山口 派出小部队勇吃鱼身,-,-,-,2019/3/19,王一鸣,民营企业,-,行情酝酿中,新科技,特高压电力产业链,-,政策支持,高新技术产业,耐用品,-
300765.SZ,300765,新诺威,大盘股,主要消费,食品,其他食品,河北,32.87,创业板,-,-,-,-,2019/3/22,蔡东晨,民营企业,-,表现超预期,大消费,-,-,行业成熟稳定,传统行业,消耗品,-
300766.SZ,300766,每日互动,大盘股,信息技术,信息技术服务,其他IT与互联网服务,浙江,38.81,创业板,-,-,-,-,2019/3/25,方毅,民营企业,-,表现超预期,国产替代,电子商务产业链,-,政策支持,传统行业,-,-
300767.SZ,300767,震安科技,中盘股,工业,建筑产品,建筑产品,云南,23.35,创业板,-,-,-,-,2019/3/29,宁花香,民营企业,-,表现超预期,-,-,化工,行业成熟稳定,传统行业,耐用品,-
300768.SZ,300768,迪普科技,小盘股,信息技术,信息技术服务,系统集成服务,浙江,17.1,创业板,-,-,-,-,2019/4/12,郑树生,民营企业,"阿尔法高波动,等待周期更长,20厘米涨停爆发性强",表现超预期,国产替代,-,-,政策支持,传统行业,-,-
300769.SZ,300769,德方纳米,大盘股,工业,储能设备,电池部件及材料,深圳,47.91,创业板,-,-,-,-,2019/4/15,无实际控制人,其他,-,表现超预期,-,-,化工,行业成熟稳定,传统行业,耐用品,-
300770.SZ,300770,新媒股份,小盘股,通信服务,文化娱乐,广播与电视,广东,40.25,创业板,火山口 派出小部队勇吃鱼身,-,-,-,2019/4/19,广东广播电视台,地方国有企业,"阿尔法高波动,等待周期更长,20厘米涨停爆发性强",行情酝酿中,-,-,文化体育,行业成熟稳定,传统行业,-,-
300771.SZ,300771,智莱科技,小盘股,工业,运输业,快递,深圳,13.99,创业板,火山口 派出小部队勇吃鱼身,连续多天小涨 龟壳战术吃鱼头,-,-,2019/4/22,干德义,民营企业,"阿尔法高波动,等待周期更长,20厘米涨停爆发性强",行情酝酿中,新基建,-,-,政策支持,高新技术产业,-,-
300772.SZ,300772,运达股份,大盘股,工业,发电设备,风电设备,浙江,16.46,创业板,火山口 派出小部队勇吃鱼身,-,-,-,2019/4/26,浙江省人民政府国有资产监督管理委员会,地方国有企业,-,行情酝酿中,新科技,特高压电力产业链,-,政策支持,高新技术产业,耐用品,-
300773.SZ,300773,拉卡拉,大盘股,金融,其他金融服务,特殊金融服务,北京,26.99,创业板,-,-,-,-,2019/4/25,无实际控制人,其他,-,表现超预期,国产替代,-,-,政策支持,传统行业,-,-
300774.SZ,300774,倍杰特,中盘股,工业,污染治理,污水处理,北京,17.63,创业板,-,-,-,-,2021/8/4,权秋红,民营企业,-,表现超预期,-,-,民生,行业成熟稳定,传统行业,-,-
300775.SZ,300775,三角防务,大盘股,工业,航空航天,航空,陕西,36.99,创业板,火山口 派出小部队勇吃鱼身,-,-,-,2019/5/21,无实际控制人,其他,-,行情酝酿中,-,军工高铁产业链,-,政策支持,高新技术产业,-,-
300776.SZ,300776,帝尔激光,大盘股,工业,发电设备,光伏设备,湖北,99.36,创业板,-,-,有涨停 火山口战法吃鱼身,-,2019/5/17,李志刚,民营企业,-,表现超预期,-,-,制造业(工业母机),行业成熟稳定,高新技术产业,耐用品,-
300777.SZ,300777,中简科技,大盘股,原材料,化学纤维,氨纶及其他化纤,江苏,32.15,创业板,-,-,-,-,2019/5/16,无实际控制人,其他,-,行情酝酿中,-,-,化工,行业成熟稳定,传统行业,耐用品,-
300778.SZ,300778,新城市,小盘股,工业,建筑与工程,建筑设计及服务,深圳,12.89,创业板,火山口 派出小部队勇吃鱼身,连续多天小涨 龟壳战术吃鱼头,-,-,2019/5/10,张春杰,民营企业,"阿尔法高波动,等待周期更长,20厘米涨停爆发性强",行情酝酿中,-,房地产产业链,-,行业成熟稳定,传统行业,耐用品,-
300779.SZ,300779,惠城环保,大盘股,工业,污染治理,固废处理,山东,90.5,创业板,-,-,-,-,2019/5/22,张新功,民营企业,-,行情酝酿中,-,-,民生,行业成熟稳定,传统行业,-,-
300780.SZ,300780,德恩精工,中盘股,工业,通用机械,动力机械,四川,24.81,创业板,-,连续多天小涨 龟壳战术吃鱼头,-,-,2019/5/31,雷永志,民营企业,-,行情酝酿中,-,-,制造业(工业母机),行业成熟稳定,传统行业,耐用品,-
300781.SZ,300781,因赛集团,中盘股,通信服务,营销与广告,其他广告营销,广东,36.13,创业板,-,-,-,-,2019/6/6,王建朝,民营企业,-,行情酝酿中,-,电子商务产业链,-,行业成熟稳定,传统行业,-,-
300782.SZ,300782,卓胜微,大盘股,信息技术,集成电路,集成电路设计,江苏,106,创业板,-,-,-,-,2019/6/18,Chenhui Feng(冯晨晖),外资,-,表现超预期,新科技,-,-,政策支持,高新技术产业,-,-
300783.SZ,300783,三只松鼠,小盘股,主要消费,食品,休闲食品,安徽,18.52,创业板,火山口 派出小部队勇吃鱼身,连续多天小涨 龟壳战术吃鱼头,-,-,2019/7/12,章燎源,民营企业,"阿尔法高波动,等待周期更长,20厘米涨停爆发性强",行情酝酿中,大消费,-,-,行业成熟稳定,传统行业,消耗品,-
300784.SZ,300784,利安科技,迷你盘,原材料,塑料,其他塑料制品,浙江,50.33,创业板,火山口 派出小部队勇吃鱼身,连续多天小涨 龟壳战术吃鱼头,-,-,2024/6/7,李士峰,民营企业,"阿尔法高波动,等待周期更长,20厘米涨停爆发性强",行情酝酿中,-,-,化工,行业成熟稳定,传统行业,消耗品,-
300785.SZ,300785,值得买,大盘股,通信服务,数字媒体,互动媒体,北京,51.22,创业板,-,-,-,-,2019/7/15,隋国栋,民营企业,-,行情酝酿中,国产替代,电子商务产业链,-,政策支持,传统行业,-,-
300786.SZ,300786,国林科技,小盘股,工业,污染治理,污水处理,山东,15,创业板,-,-,-,-,2019/7/23,丁香鹏,民营企业,"阿尔法高波动,等待周期更长,20厘米涨停爆发性强",行情酝酿中,-,-,民生,行业成熟稳定,传统行业,-,-
300787.SZ,300787,海能实业,小盘股,信息技术,电子终端及组件,消费电子组件及零部件,江西,12.35,创业板,火山口 派出小部队勇吃鱼身,连续多天小涨 龟壳战术吃鱼头,-,-,2019/8/15,周洪亮,民营企业,"阿尔法高波动,等待周期更长,20厘米涨停爆发性强",行情酝酿中,新科技,-,-,政策支持,高新技术产业,-,-
300788.SZ,300788,中信出版,中盘股,通信服务,文化娱乐,出版,北京,32.8,创业板,-,-,-,-,2019/7/5,中国中信集团有限公司,中央企业,-,表现超预期,-,-,文化体育,行业成熟稳定,传统行业,-,-
300789.SZ,300789,唐源电气,迷你盘,工业,交通运输设备,城轨铁路,四川,21.13,创业板,-,-,-,-,2019/8/28,周艳,民营企业,"阿尔法高波动,等待周期更长,20厘米涨停爆发性强",行情酝酿中,-,-,制造业(工业母机),行业成熟稳定,传统行业,耐用品,-
300790.SZ,300790,宇瞳光学,大盘股,信息技术,光学光电子,光学元件,广东,30.03,创业板,火山口 派出小部队勇吃鱼身,连续多天小涨 龟壳战术吃鱼头,-,-,2019/9/20,无实际控制人,其他,-,表现超预期,新科技,-,-,政策支持,高新技术产业,-,-
300791.SZ,300791,仙乐健康,小盘股,主要消费,食品,其他食品,广东,21.25,创业板,火山口 派出小部队勇吃鱼身,-,-,-,2019/9/25,林培青,民营企业,"阿尔法高波动,等待周期更长,20厘米涨停爆发性强",行情酝酿中,大健康,-,-,行业成熟稳定,传统行业,消耗品,-
300792.SZ,300792,壹网壹创,中盘股,可选消费,互联网零售,互联网零售,浙江,35.7,创业板,火山口 派出小部队勇吃鱼身,-,-,-,2019/9/27,林振宇,民营企业,-,行情酝酿中,国产替代,电子商务产业链,-,政策支持,传统行业,-,-
300793.SZ,300793,佳禾智能,迷你盘,信息技术,电子终端及组件,消费电子终端,广东,14.4,创业板,火山口 派出小部队勇吃鱼身,-,-,-,2019/10/18,严文华,民营企业,"阿尔法高波动,等待周期更长,20厘米涨停爆发性强",行情酝酿中,新基建,-,-,政策支持,高新技术产业,-,-
300795.SZ,300795,米奥会展,迷你盘,工业,商业服务与用品,其他商业服务与用品,浙江,11.74,创业板,-,-,-,-,2019/10/22,无实际控制人,其他,"阿尔法高波动,等待周期更长,20厘米涨停爆发性强",行情酝酿中,-,-,文化体育,行业成熟稳定,传统行业,-,-
300796.SZ,300796,贝斯美,小盘股,原材料,农用化工,农药,浙江,9.08,创业板,火山口 派出小部队勇吃鱼身,连续多天小涨 龟壳战术吃鱼头,-,-,2019/11/15,陈峰,民营企业,"阿尔法高波动,等待周期更长,20厘米涨停爆发性强",行情酝酿中,-,-,粮食,行业成熟稳定,传统行业,消耗品,-
300797.SZ,300797,钢研纳克,迷你盘,工业,商业服务与用品,其他商业服务与用品,北京,15.65,创业板,火山口 派出小部队勇吃鱼身,连续多天小涨 龟壳战术吃鱼头,-,-,2019/11/1,国务院国有资产监督管理委员会,中央企业,"阿尔法高波动,等待周期更长,20厘米涨停爆发性强",行情酝酿中,-,智能汽车产业链,制造业(工业母机),行业成熟稳定,传统行业,耐用品,-
300798.SZ,300798,锦鸡股份,大盘股,原材料,化学制品,印染化学品,江苏,11.95,创业板,-,-,有涨停 火山口战法吃鱼身,高人气,2019/11/22,无实际控制人,其他,-,表现超预期,-,房地产产业链,-,行业成熟稳定,传统行业,耐用品,有量化参与
300800.SZ,300800,力合科技,迷你盘,工业,节能与生态修复,环境监测,湖南,11.73,创业板,火山口 派出小部队勇吃鱼身,-,-,-,2019/11/6,张广胜,民营企业,"阿尔法高波动,等待周期更长,20厘米涨停爆发性强",行情酝酿中,-,-,民生,行业成熟稳定,传统行业,-,-
300801.SZ,300801,泰和科技,小盘股,原材料,化学制品,其他化学制品,山东,26.8,创业板,-,-,-,-,2019/11/28,程终发,民营企业,"阿尔法高波动,等待周期更长,20厘米涨停爆发性强",行情酝酿中,-,-,化工,行业成熟稳定,传统行业,耐用品,-
300802.SZ,300802,矩子科技,小盘股,工业,通用机械,仪器仪表,上海,19.27,创业板,火山口 派出小部队勇吃鱼身,连续多天小涨 龟壳战术吃鱼头,-,-,2019/11/14,杨勇,民营企业,"阿尔法高波动,等待周期更长,20厘米涨停爆发性强",行情酝酿中,-,-,制造业(工业母机),行业成熟稳定,高新技术产业,耐用品,-
300803.SZ,300803,指南针,大盘股,信息技术,软件开发,行业应用软件,北京,99.54,创业板,-,-,-,-,2019/11/18,黄少雄,民营企业,-,行情酝酿中,国产替代,-,-,政策支持,传统行业,-,-
300804.SZ,300804,广康生化,中盘股,原材料,农用化工,农药,广东,50.4,创业板,-,-,-,-,2023/6/27,蔡丹群,民营企业,-,表现超预期,-,-,粮食,行业成熟稳定,传统行业,消耗品,-
300805.SZ,300805,电声股份,小盘股,通信服务,营销与广告,其他广告营销,广东,10.58,创业板,-,-,-,-,2019/11/21,梁定郊,民营企业,"阿尔法高波动,等待周期更长,20厘米涨停爆发性强",行情酝酿中,-,电子商务产业链,-,行业成熟稳定,传统行业,-,-
300806.SZ,300806,斯迪克,大盘股,信息技术,电子化学品,电子化学品,江苏,65.27,创业板,-,-,有涨停 火山口战法吃鱼身,-,2019/11/25,金闯,民营企业,-,表现超预期,-,-,化工,行业成熟稳定,传统行业,消耗品,-
300807.SZ,300807,天迈科技,中盘股,信息技术,信息技术服务,系统集成服务,河南,56.02,创业板,火山口 派出小部队勇吃鱼身,-,-,-,2019/12/19,邝子平,外资,-,行情酝酿中,国产替代,-,-,政策支持,传统行业,-,-
300808.SZ,300808,久量股份,迷你盘,可选消费,家用电器,照明电器,湖北,24.81,创业板,-,-,-,-,2019/11/29,十堰市人民政府国有资产监督管理委员会,地方国有企业,"阿尔法高波动,等待周期更长,20厘米涨停爆发性强",行情酝酿中,大消费,-,-,行业成熟稳定,传统行业,耐用品,-
300809.SZ,300809,华辰装备,中盘股,工业,通用机械,电动机与工控自动化,江苏,35.71,创业板,-,-,-,-,2019/12/4,曹宇中,民营企业,-,表现超预期,新科技,-,制造业(工业母机),政策支持,高新技术产业,耐用品,-
300810.SZ,300810,中科海讯,小盘股,工业,交通运输设备,船舶及其他航运设备,北京,33.5,创业板,火山口 派出小部队勇吃鱼身,-,-,-,2019/12/6,蔡惠智,民营企业,"阿尔法高波动,等待周期更长,20厘米涨停爆发性强",行情酝酿中,-,军工高铁产业链,-,政策支持,传统行业,-,-
300811.SZ,300811,铂科新材,大盘股,原材料,稀有金属,稀土金属,深圳,86.7,创业板,-,-,-,-,2019/12/30,杜江华,民营企业,-,行情酝酿中,新能源,-,能源,行业成熟稳定,传统行业,消耗品,-
300812.SZ,300812,易天股份,大盘股,工业,专用机械,其他专用机械,深圳,39.85,创业板,-,-,-,-,2020/1/9,柴明华,民营企业,-,表现超预期,-,-,制造业(工业母机),行业成熟稳定,高新技术产业,耐用品,有量化参与
300813.SZ,300813,泰林生物,中盘股,工业,专用机械,其他专用机械,浙江,26.86,创业板,-,-,-,-,2020/1/14,叶大林,民营企业,-,表现超预期,大健康,-,-,行业成熟稳定,传统行业,消耗品,-
300814.SZ,300814,中富电路,大盘股,信息技术,电子元件,印制电路板,深圳,98.31,创业板,火山口 派出小部队勇吃鱼身,连续多天小涨 龟壳战术吃鱼头,-,-,2021/8/12,王昌民,民营企业,-,行情酝酿中,新科技,-,-,政策支持,高新技术产业,-,-
300815.SZ,300815,玉禾田,小盘股,公用事业,市政环卫,市政环卫,安徽,21.46,创业板,火山口 派出小部队勇吃鱼身,连续多天小涨 龟壳战术吃鱼头,-,-,2020/1/23,周平,民营企业,"阿尔法高波动,等待周期更长,20厘米涨停爆发性强",行情酝酿中,-,-,民生,行业成熟稳定,传统行业,-,-
300816.SZ,300816,艾可蓝,中盘股,工业,污染治理,烟气治理,安徽,68.68,创业板,-,-,-,-,2020/2/10,刘屹,民营企业,-,表现超预期,-,智能汽车产业链,-,政策支持,传统行业,消耗品,-
300817.SZ,300817,双飞集团,小盘股,工业,通用机械,动力机械,浙江,20.32,创业板,-,-,有涨停 火山口战法吃鱼身,-,2020/2/18,周引春,民营企业,"阿尔法高波动,等待周期更长,20厘米涨停爆发性强",表现超预期,-,-,制造业(工业母机),行业成熟稳定,传统行业,耐用品,-
300818.SZ,300818,耐普矿机,中盘股,工业,专用机械,采矿冶金机械,江西,35.47,创业板,-,-,-,-,2020/2/12,郑昊,民营企业,-,行情酝酿中,-,-,制造业(工业母机),行业成熟稳定,高新技术产业,耐用品,-
300819.SZ,300819,聚杰微纤,中盘股,可选消费,纺织服装,纺织品,江苏,52.01,创业板,-,-,有涨停 火山口战法吃鱼身,-,2020/3/12,仲鸿天,民营企业,-,表现超预期,-,-,化工,行业成熟稳定,传统行业,消耗品,-
300820.SZ,300820,英杰电气,小盘股,工业,储能设备,其他储能设备,四川,46.84,创业板,火山口 派出小部队勇吃鱼身,连续多天小涨 龟壳战术吃鱼头,-,-,2020/2/13,王军,民营企业,"阿尔法高波动,等待周期更长,20厘米涨停爆发性强",行情酝酿中,新科技,特高压电力产业链,-,政策支持,高新技术产业,耐用品,-
300821.SZ,300821,东岳硅材,大盘股,原材料,化学制品,有机硅,山东,13.93,创业板,-,-,-,-,2020/3/12,无实际控制人,其他,-,表现超预期,-,-,化工,行业成熟稳定,传统行业,耐用品,-
300822.SZ,300822,贝仕达克,迷你盘,信息技术,电子终端及组件,安防设备及其他,深圳,14.19,创业板,火山口 派出小部队勇吃鱼身,-,-,-,2020/3/13,肖萍,民营企业,"阿尔法高波动,等待周期更长,20厘米涨停爆发性强",行情酝酿中,新科技,-,-,政策支持,高新技术产业,-,-
300823.SZ,300823,建科智能,迷你盘,工业,专用机械,其他专用机械,天津,16.35,创业板,-,-,-,-,2020/3/19,陈振东,民营企业,"阿尔法高波动,等待周期更长,20厘米涨停爆发性强",行情酝酿中,-,-,制造业(工业母机),行业成熟稳定,高新技术产业,耐用品,-
300824.SZ,300824,北鼎股份,迷你盘,可选消费,家用电器,小家电,深圳,10.3,创业板,火山口 派出小部队勇吃鱼身,-,-,-,2020/6/19,GEORGE MOHAN ZHANG,外资,"阿尔法高波动,等待周期更长,20厘米涨停爆发性强",行情酝酿中,大消费,-,-,行业成熟稳定,传统行业,耐用品,-
300825.SZ,300825,阿尔特,小盘股,工业,商业服务与用品,其他商业服务与用品,北京,9.01,创业板,火山口 派出小部队勇吃鱼身,连续多天小涨 龟壳战术吃鱼头,-,-,2020/3/27,宣奇武,民营企业,"阿尔法高波动,等待周期更长,20厘米涨停爆发性强",行情酝酿中,-,智能汽车产业链,-,政策支持,传统行业,-,-
300826.SZ,300826,测绘股份,迷你盘,工业,建筑与工程,建筑设计及服务,江苏,16.49,创业板,火山口 派出小部队勇吃鱼身,-,-,-,2020/4/3,卢祖飞,民营企业,"阿尔法高波动,等待周期更长,20厘米涨停爆发性强",行情酝酿中,-,房地产产业链,-,行业成熟稳定,传统行业,耐用品,-
300827.SZ,300827,上能电气,大盘股,工业,发电设备,光伏设备,江苏,37.65,创业板,-,-,-,-,2020/4/10,吴强,民营企业,-,行情酝酿中,新科技,特高压电力产业链,-,政策支持,高新技术产业,耐用品,-
300828.SZ,300828,锐新科技,小盘股,工业,通用机械,其他通用机械,天津,21.62,创业板,-,-,-,-,2020/4/21,安徽省黄山市人民政府国有资产监督管理委员会,地方国有企业,"阿尔法高波动,等待周期更长,20厘米涨停爆发性强",表现超预期,-,-,制造业(工业母机),行业成熟稳定,传统行业,耐用品,-
300829.SZ,300829,金丹科技,小盘股,主要消费,食品,其他食品,河南,17.96,创业板,-,-,-,-,2020/4/22,张鹏,民营企业,"阿尔法高波动,等待周期更长,20厘米涨停爆发性强",行情酝酿中,大消费,-,-,行业成熟稳定,传统行业,消耗品,-
300830.SZ,300830,金现代,小盘股,信息技术,软件开发,行业应用软件,山东,10.94,创业板,火山口 派出小部队勇吃鱼身,-,-,-,2020/5/6,黎峰,民营企业,"阿尔法高波动,等待周期更长,20厘米涨停爆发性强",行情酝酿中,国产替代,-,-,政策支持,传统行业,-,-
300831.SZ,300831,派瑞股份,中盘股,信息技术,分立器件,分立器件,陕西,17.3,创业板,火山口 派出小部队勇吃鱼身,-,-,-,2020/5/7,陕西省人民政府国有资产监督管理委员会,地方国有企业,-,行情酝酿中,新科技,-,-,政策支持,高新技术产业,-,-
300832.SZ,300832,新产业,中盘股,医药卫生,医疗器械,体外诊断,深圳,45.45,创业板,-,-,-,-,2020/5/12,翁先定,民营企业,-,行情酝酿中,大健康,-,-,行业成熟稳定,传统行业,消耗品,-
300833.SZ,300833,浩洋股份,小盘股,工业,专用机械,其他专用机械,广东,34.26,创业板,火山口 派出小部队勇吃鱼身,-,-,-,2020/5/20,蒋伟楷,民营企业,"阿尔法高波动,等待周期更长,20厘米涨停爆发性强",行情酝酿中,-,-,制造业(工业母机),行业成熟稳定,高新技术产业,耐用品,-
300834.SZ,300834,星辉环材,大盘股,原材料,塑料,改性塑料,广东,42.75,创业板,-,-,-,-,2022/1/13,陈雁升,民营企业,-,表现超预期,-,-,化工,行业成熟稳定,传统行业,耐用品,-
300835.SZ,300835,龙磁科技,中盘股,原材料,稀有金属,稀土金属,安徽,95.9,创业板,-,-,-,-,2020/5/25,熊永宏,民营企业,-,表现超预期,新能源,-,能源,行业成熟稳定,传统行业,消耗品,-
300836.SZ,300836,佰奥智能,小盘股,工业,通用机械,电动机与工控自动化,江苏,62.32,创业板,-,-,-,-,2020/5/28,肖朝蓬,民营企业,"阿尔法高波动,等待周期更长,20厘米涨停爆发性强",表现超预期,-,-,制造业(工业母机),行业成熟稳定,高新技术产业,耐用品,-
300837.SZ,300837,浙矿股份,小盘股,工业,专用机械,采矿冶金机械,浙江,36.97,创业板,-,-,-,-,2020/6/5,陈利华,民营企业,"阿尔法高波动,等待周期更长,20厘米涨停爆发性强",行情酝酿中,-,-,制造业(工业母机),行业成熟稳定,高新技术产业,耐用品,-
300838.SZ,300838,浙江力诺,迷你盘,工业,通用机械,电动机与工控自动化,浙江,15.25,创业板,-,-,-,-,2020/6/8,陈晓宇,民营企业,"阿尔法高波动,等待周期更长,20厘米涨停爆发性强",行情酝酿中,-,-,制造业(工业母机),行业成熟稳定,传统行业,耐用品,-
300839.SZ,300839,博汇股份,中盘股,能源,石油与天然气,燃油炼制,浙江,14.8,创业板,火山口 派出小部队勇吃鱼身,-,-,-,2020/6/30,金碧华,民营企业,-,行情酝酿中,-,-,能源,行业成熟稳定,传统行业,消耗品,-
300840.SZ,300840,酷特智能,中盘股,可选消费,纺织服装,服装,山东,19.53,创业板,-,-,-,-,2020/7/8,张代理,民营企业,-,表现超预期,大消费,-,-,行业成熟稳定,传统行业,耐用品,-
300841.SZ,300841,康华生物,小盘股,医药卫生,生物药品,疫苗,四川,59.76,创业板,-,-,-,-,2020/6/16,无实际控制人,其他,"阿尔法高波动,等待周期更长,20厘米涨停爆发性强",表现超预期,大健康,-,-,政策支持,高新技术产业,消耗品,-
300842.SZ,300842,帝科股份,大盘股,工业,发电设备,光伏设备,江苏,84.86,创业板,火山口 派出小部队勇吃鱼身,连续多天小涨 龟壳战术吃鱼头,-,-,2020/6/18,史卫利,民营企业,-,行情酝酿中,新科技,特高压电力产业链,-,政策支持,高新技术产业,耐用品,-
300843.SZ,300843,胜蓝股份,大盘股,信息技术,电子终端及组件,消费电子组件及零部件,广东,69.17,创业板,-,-,-,-,2020/7/2,黄雪林,民营企业,-,表现超预期,新科技,-,-,政策支持,高新技术产业,-,-
300844.SZ,300844,山水比德,迷你盘,工业,建筑与工程,园林工程,广东,34.48,创业板,-,连续多天小涨 龟壳战术吃鱼头,-,-,2021/8/13,孙虎,民营企业,"阿尔法高波动,等待周期更长,20厘米涨停爆发性强",表现超预期,-,房地产产业链,-,行业成熟稳定,传统行业,耐用品,-
300845.SZ,300845,捷安高科,中盘股,信息技术,信息技术服务,系统集成服务,河南,13.7,创业板,-,-,-,-,2020/7/3,郑乐观,民营企业,-,表现超预期,国产替代,-,-,政策支持,传统行业,-,-
300846.SZ,300846,首都在线,大盘股,通信服务,数据中心,数据中心,北京,30.8,创业板,-,-,-,-,2020/7/1,曲宁,民营企业,-,表现超预期,国产替代,-,-,政策支持,传统行业,-,-
300847.SZ,300847,中船汉光,迷你盘,原材料,化学制品,涂料油墨,河北,15.72,创业板,火山口 派出小部队勇吃鱼身,-,-,-,2020/7/9,国务院国有资产监督管理委员会,中央企业,"阿尔法高波动,等待周期更长,20厘米涨停爆发性强",行情酝酿中,-,-,化工,行业成熟稳定,传统行业,耐用品,-
300848.SZ,300848,美瑞新材,迷你盘,原材料,化学制品,聚氨酯,山东,14.99,创业板,火山口 派出小部队勇吃鱼身,-,-,-,2020/7/20,王仁鸿,民营企业,"阿尔法高波动,等待周期更长,20厘米涨停爆发性强",行情酝酿中,-,-,化工,行业成熟稳定,传统行业,耐用品,-
300849.SZ,300849,锦盛新材,迷你盘,原材料,容器与包装,金属、玻璃与塑料包装,浙江,20.24,创业板,-,-,-,-,2020/7/10,阮荣涛,民营企业,"阿尔法高波动,等待周期更长,20厘米涨停爆发性强",行情酝酿中,-,-,化工,行业成熟稳定,传统行业,消耗品,-
300850.SZ,300850,新强联,大盘股,工业,发电设备,风电设备,河南,42.57,创业板,火山口 派出小部队勇吃鱼身,连续多天小涨 龟壳战术吃鱼头,-,-,2020/7/13,肖争强,民营企业,-,行情酝酿中,-,-,制造业(工业母机),行业成熟稳定,传统行业,耐用品,-
300851.SZ,300851,交大思诺,迷你盘,工业,交通运输设备,城轨铁路,北京,29.05,创业板,火山口 派出小部队勇吃鱼身,连续多天小涨 龟壳战术吃鱼头,-,-,2020/7/17,邱宽民,民营企业,"阿尔法高波动,等待周期更长,20厘米涨停爆发性强",行情酝酿中,-,-,制造业(工业母机),行业成熟稳定,传统行业,耐用品,-
300852.SZ,300852,四会富仕,中盘股,信息技术,电子元件,印制电路板,广东,44.07,创业板,-,-,-,-,2020/7/13,刘天明,民营企业,-,行情酝酿中,新科技,-,-,政策支持,高新技术产业,-,-
300853.SZ,300853,申昊科技,中盘股,工业,电网设备,电网自动化,浙江,24.47,创业板,-,-,有涨停 火山口战法吃鱼身,高人气,2020/7/24,陈如申,民营企业,-,表现超预期,-,-,制造业(工业母机),行业成熟稳定,高新技术产业,耐用品,-
300854.SZ,300854,中兰环保,中盘股,工业,污染治理,固废处理,深圳,28,创业板,-,-,-,-,2021/9/16,葛芳,民营企业,-,表现超预期,-,-,民生,行业成熟稳定,传统行业,-,-
300855.SZ,300855,图南股份,大盘股,工业,航空航天,航空,江苏,45.74,创业板,火山口 派出小部队勇吃鱼身,-,-,-,2020/7/23,万柏方,民营企业,-,行情酝酿中,新能源,-,-,行业成熟稳定,传统行业,消耗品,-
300856.SZ,300856,科思股份,迷你盘,主要消费,美容护理,美容护理,江苏,12.53,创业板,火山口 派出小部队勇吃鱼身,连续多天小涨 龟壳战术吃鱼头,-,-,2020/7/22,周旭明,民营企业,"阿尔法高波动,等待周期更长,20厘米涨停爆发性强",行情酝酿中,-,-,化工,行业成熟稳定,传统行业,消耗品,-
300857.SZ,300857,协创数据,大盘股,信息技术,电子终端及组件,电脑与外围设备,深圳,316.9,创业板,-,-,有涨停 火山口战法吃鱼身,高人气,2020/7/27,耿康铭,外资,-,表现超预期,新基建,-,-,政策支持,高新技术产业,-,有量化参与
300858.SZ,300858,科拓生物,大盘股,主要消费,食品,其他食品,北京,25.45,创业板,-,-,有涨停 火山口战法吃鱼身,高人气,2020/7/27,孙天松,民营企业,-,表现超预期,大消费,-,-,行业成熟稳定,传统行业,消耗品,-
300859.SZ,300859,西域旅游,中盘股,可选消费,休闲服务,景点,新疆,33.88,创业板,火山口 派出小部队勇吃鱼身,-,-,-,2020/8/6,新疆维吾尔自治区人民政府国有资产监督管理委员会,地方国有企业,-,行情酝酿中,-,实体经济,-,行业成熟稳定,传统行业,-,-
300860.SZ,300860,锋尚文化,迷你盘,可选消费,休闲服务,其他休闲服务,北京,24.06,创业板,火山口 派出小部队勇吃鱼身,连续多天小涨 龟壳战术吃鱼头,-,-,2020/8/24,沙晓岚,民营企业,"阿尔法高波动,等待周期更长,20厘米涨停爆发性强",行情酝酿中,-,-,文化体育,行业成熟稳定,传统行业,-,-
300861.SZ,300861,美畅股份,中盘股,工业,通用机械,加工机械,陕西,17.26,创业板,火山口 派出小部队勇吃鱼身,连续多天小涨 龟壳战术吃鱼头,-,-,2020/8/24,吴英,民营企业,-,行情酝酿中,新能源,-,能源,行业成熟稳定,传统行业,消耗品,-
300862.SZ,300862,蓝盾光电,小盘股,工业,节能与生态修复,环境监测,安徽,22.78,创业板,火山口 派出小部队勇吃鱼身,连续多天小涨 龟壳战术吃鱼头,-,-,2020/8/24,袁永刚,民营企业,"阿尔法高波动,等待周期更长,20厘米涨停爆发性强",表现超预期,-,智能汽车产业链,制造业(工业母机),行业成熟稳定,传统行业,耐用品,-
300863.SZ,300863,卡倍亿,中盘股,可选消费,汽车零部件与轮胎,汽车电子,浙江,59.72,创业板,火山口 派出小部队勇吃鱼身,连续多天小涨 龟壳战术吃鱼头,-,-,2020/8/24,林光耀,民营企业,-,表现超预期,-,智能汽车产业链,-,政策支持,传统行业,消耗品,-
300864.SZ,300864,南大环境,迷你盘,工业,节能与生态修复,环境监测,江苏,20.62,创业板,火山口 派出小部队勇吃鱼身,连续多天小涨 龟壳战术吃鱼头,-,-,2020/8/24,南京大学,大学,"阿尔法高波动,等待周期更长,20厘米涨停爆发性强",行情酝酿中,-,-,民生,行业成熟稳定,传统行业,-,-
300865.SZ,300865,大宏立,迷你盘,工业,专用机械,采矿冶金机械,四川,27.77,创业板,火山口 派出小部队勇吃鱼身,连续多天小涨 龟壳战术吃鱼头,-,-,2020/8/24,甘德宏,民营企业,"阿尔法高波动,等待周期更长,20厘米涨停爆发性强",行情酝酿中,-,-,制造业(工业母机),行业成熟稳定,高新技术产业,耐用品,-
300866.SZ,300866,安克创新,大盘股,信息技术,电子终端及组件,消费电子组件及零部件,湖南,117.35,创业板,-,-,-,-,2020/8/24,阳萌,民营企业,-,表现超预期,新科技,-,-,政策支持,高新技术产业,-,有量化参与
300867.SZ,300867,圣元环保,小盘股,工业,污染治理,固废处理,福建,20.28,创业板,火山口 派出小部队勇吃鱼身,连续多天小涨 龟壳战术吃鱼头,-,-,2020/8/24,朱煜煊,民营企业,"阿尔法高波动,等待周期更长,20厘米涨停爆发性强",行情酝酿中,-,-,民生,行业成熟稳定,传统行业,-,-
300868.SZ,300868,杰美特,大盘股,信息技术,电子终端及组件,消费电子组件及零部件,深圳,76.62,创业板,-,-,-,-,2020/8/24,谌建平,民营企业,-,表现超预期,新科技,-,-,政策支持,高新技术产业,-,-
300869.SZ,300869,康泰医学,迷你盘,医药卫生,医疗器械,医疗设备,河北,13.09,创业板,火山口 派出小部队勇吃鱼身,-,-,-,2020/8/24,胡坤,民营企业,"阿尔法高波动,等待周期更长,20厘米涨停爆发性强",行情酝酿中,大健康,-,-,行业成熟稳定,传统行业,消耗品,-
300870.SZ,300870,欧陆通,大盘股,信息技术,其他电子,其他电子,深圳,358.88,创业板,-,-,-,-,2020/8/24,王合球,民营企业,-,表现超预期,新科技,特高压电力产业链,-,政策支持,高新技术产业,耐用品,-
300871.SZ,300871,回盛生物,大盘股,主要消费,养殖,动物保健与育种,湖北,28.16,创业板,-,-,-,高人气,2020/8/24,张卫元,民营企业,-,表现超预期,-,-,粮食,行业成熟稳定,传统行业,消耗品,-
300872.SZ,300872,天阳科技,中盘股,信息技术,软件开发,行业应用软件,西藏,16.69,创业板,-,-,-,-,2020/8/24,欧阳建平,民营企业,-,行情酝酿中,国产替代,-,-,政策支持,传统行业,-,-
300873.SZ,300873,海晨股份,小盘股,工业,运输业,物流综合,江苏,23.24,创业板,火山口 派出小部队勇吃鱼身,连续多天小涨 龟壳战术吃鱼头,-,-,2020/8/24,梁晨,民营企业,"阿尔法高波动,等待周期更长,20厘米涨停爆发性强",行情酝酿中,-,电子商务产业链,-,政策支持,传统行业,-,-
300875.SZ,300875,捷强装备,中盘股,工业,国防装备,国防装备,天津,40.5,创业板,-,-,-,-,2020/8/24,潘峰,民营企业,-,行情酝酿中,-,-,制造业(工业母机),行业成熟稳定,高新技术产业,耐用品,-
300876.SZ,300876,蒙泰高新,迷你盘,原材料,化学纤维,氨纶及其他化纤,广东,26.77,创业板,火山口 派出小部队勇吃鱼身,-,-,-,2020/8/24,郭清海,民营企业,"阿尔法高波动,等待周期更长,20厘米涨停爆发性强",行情酝酿中,-,-,化工,行业成熟稳定,传统行业,耐用品,-
300877.SZ,300877,金春股份,迷你盘,可选消费,纺织服装,纺织品,安徽,27.81,创业板,-,-,-,-,2020/8/24,杨迎春,民营企业,"阿尔法高波动,等待周期更长,20厘米涨停爆发性强",表现超预期,-,-,化工,行业成熟稳定,传统行业,消耗品,-
300878.SZ,300878,维康药业,迷你盘,医药卫生,中药,中成药,浙江,26.71,创业板,-,-,-,-,2020/8/24,刘忠良,民营企业,"阿尔法高波动,等待周期更长,20厘米涨停爆发性强",行情酝酿中,大健康,-,-,行业成熟稳定,传统行业,消耗品,-
300879.SZ,300879,大叶股份,中盘股,工业,专用机械,农业机械,浙江,25.43,创业板,-,-,-,-,2020/9/1,叶晓波,民营企业,-,行情酝酿中,-,-,制造业(工业母机),行业成熟稳定,传统行业,耐用品,-
300880.SZ,300880,迦南智能,中盘股,工业,电网设备,电网自动化,浙江,22.77,创业板,-,-,-,高人气,2020/9/1,章国耀,民营企业,-,表现超预期,-,智能汽车产业链,制造业(工业母机),行业成熟稳定,传统行业,耐用品,-
300881.SZ,300881,盛德鑫泰,中盘股,原材料,钢铁,特钢,江苏,48.12,创业板,-,连续多天小涨 龟壳战术吃鱼头,-,-,2020/9/1,周文庆,民营企业,-,表现超预期,-,-,能源,行业成熟稳定,传统行业,消耗品,-
300882.SZ,300882,万胜智能,小盘股,工业,电网设备,电网自动化,浙江,22.39,创业板,-,-,-,-,2020/9/10,邬永强,民营企业,"阿尔法高波动,等待周期更长,20厘米涨停爆发性强",行情酝酿中,-,智能汽车产业链,制造业(工业母机),行业成熟稳定,传统行业,耐用品,-
300883.SZ,300883,龙利得,小盘股,原材料,容器与包装,纸材料包装,安徽,6.7,创业板,火山口 派出小部队勇吃鱼身,连续多天小涨 龟壳战术吃鱼头,-,-,2020/9/10,徐龙平,民营企业,"阿尔法高波动,等待周期更长,20厘米涨停爆发性强",行情酝酿中,-,-,化工,行业成熟稳定,传统行业,消耗品,-
300884.SZ,300884,狄耐克,迷你盘,信息技术,电子终端及组件,安防设备及其他,福建,13.5,创业板,-,-,-,-,2020/11/12,缪国栋,民营企业,"阿尔法高波动,等待周期更长,20厘米涨停爆发性强",行情酝酿中,新基建,-,-,政策支持,高新技术产业,-,-
300885.SZ,300885,海昌新材,中盘股,工业,通用机械,其他通用机械,江苏,24.99,创业板,-,-,-,-,2020/9/10,周光荣,民营企业,-,表现超预期,-,-,制造业(工业母机),行业成熟稳定,传统行业,耐用品,-
300886.SZ,300886,华业香料,迷你盘,原材料,化学制品,其他化学制品,安徽,29.01,创业板,-,-,-,-,2020/9/16,华文亮,民营企业,"阿尔法高波动,等待周期更长,20厘米涨停爆发性强",行情酝酿中,-,-,化工,行业成熟稳定,传统行业,耐用品,-
300887.SZ,300887,谱尼测试,小盘股,工业,商业服务与用品,其他商业服务与用品,北京,9.97,创业板,火山口 派出小部队勇吃鱼身,-,-,-,2020/9/16,宋薇,民营企业,"阿尔法高波动,等待周期更长,20厘米涨停爆发性强",行情酝酿中,-,智能汽车产业链,制造业(工业母机),行业成熟稳定,传统行业,耐用品,-
300888.SZ,300888,稳健医疗,小盘股,医药卫生,医疗器械,医疗耗材,深圳,33.47,创业板,火山口 派出小部队勇吃鱼身,-,-,-,2020/9/17,李建全,民营企业,"阿尔法高波动,等待周期更长,20厘米涨停爆发性强",行情酝酿中,大健康,-,-,行业成熟稳定,传统行业,消耗品,-
300889.SZ,300889,爱克股份,中盘股,信息技术,光学光电子,LED,深圳,26.31,创业板,火山口 派出小部队勇吃鱼身,连续多天小涨 龟壳战术吃鱼头,-,-,2020/9/16,谢明武,民营企业,-,表现超预期,新科技,特高压电力产业链,-,政策支持,高新技术产业,耐用品,-
300890.SZ,300890,翔丰华,中盘股,工业,储能设备,电池部件及材料,上海,33.01,创业板,火山口 派出小部队勇吃鱼身,-,-,-,2020/9/17,周鹏伟,民营企业,-,行情酝酿中,新科技,特高压电力产业链,-,政策支持,高新技术产业,耐用品,-
300891.SZ,300891,惠云钛业,迷你盘,原材料,化学原料,钛白粉,广东,8.44,创业板,-,-,-,-,2020/9/17,钟镇光,民营企业,"阿尔法高波动,等待周期更长,20厘米涨停爆发性强",行情酝酿中,-,-,化工,行业成熟稳定,传统行业,耐用品,-
300892.SZ,300892,品渥食品,迷你盘,可选消费,互联网零售,互联网零售,上海,28.47,创业板,火山口 派出小部队勇吃鱼身,连续多天小涨 龟壳战术吃鱼头,-,-,2020/9/24,王牧,民营企业,"阿尔法高波动,等待周期更长,20厘米涨停爆发性强",行情酝酿中,大消费,-,-,行业成熟稳定,传统行业,消耗品,-
300893.SZ,300893,松原安全,小盘股,可选消费,汽车零部件与轮胎,汽车内饰与外饰,浙江,23.28,创业板,火山口 派出小部队勇吃鱼身,连续多天小涨 龟壳战术吃鱼头,-,-,2020/9/24,胡铲明,民营企业,"阿尔法高波动,等待周期更长,20厘米涨停爆发性强",行情酝酿中,-,智能汽车产业链,-,政策支持,传统行业,消耗品,-
300894.SZ,300894,火星人,迷你盘,可选消费,家用电器,厨卫电器,浙江,9.92,创业板,-,-,-,-,2020/12/31,黄卫斌,民营企业,"阿尔法高波动,等待周期更长,20厘米涨停爆发性强",行情酝酿中,大消费,-,-,行业成熟稳定,传统行业,耐用品,-
300895.SZ,300895,铜牛信息,大盘股,通信服务,数据中心,数据中心,北京,61.95,创业板,-,-,-,-,2020/9/24,北京市人民政府国有资产监督管理委员会,地方国有企业,-,表现超预期,国产替代,-,-,政策支持,传统行业,-,-
300896.SZ,300896,爱美客,中盘股,医药卫生,医疗器械,医疗耗材,北京,114.55,创业板,-,-,-,-,2020/9/28,简军,民营企业,-,行情酝酿中,大健康,-,-,行业成熟稳定,传统行业,消耗品,-
300897.SZ,300897,山科智能,小盘股,工业,通用机械,仪器仪表,浙江,25.91,创业板,-,-,-,-,2020/9/28,无实际控制人,其他,"阿尔法高波动,等待周期更长,20厘米涨停爆发性强",表现超预期,-,智能汽车产业链,制造业(工业母机),行业成熟稳定,传统行业,耐用品,-
300898.SZ,300898,熊猫乳品,中盘股,主要消费,食品,乳制品,浙江,24.32,创业板,火山口 派出小部队勇吃鱼身,连续多天小涨 龟壳战术吃鱼头,-,-,2020/10/16,李作恭,民营企业,-,行情酝酿中,大消费,-,-,行业成熟稳定,传统行业,消耗品,-
300899.SZ,300899,*ST凯鑫,迷你盘,工业,污染治理,污水处理,上海,39.85,创业板,火山口 派出小部队勇吃鱼身,连续多天小涨 龟壳战术吃鱼头,-,-,2020/10/16,葛文越,民营企业,"阿尔法高波动,等待周期更长,20厘米涨停爆发性强",行情酝酿中,-,-,民生,行业成熟稳定,传统行业,-,-
300900.SZ,300900,广联航空,大盘股,工业,航空航天,航空,黑龙江,45.01,创业板,-,-,-,-,2020/10/29,王增夺,民营企业,-,表现超预期,-,军工高铁产业链,-,政策支持,高新技术产业,-,-
300901.SZ,300901,中胤时尚,小盘股,可选消费,纺织服装,鞋帽与配饰,浙江,14.38,创业板,-,-,-,-,2020/10/29,倪秀华,民营企业,"阿尔法高波动,等待周期更长,20厘米涨停爆发性强",行情酝酿中,大消费,-,-,行业成熟稳定,传统行业,耐用品,-
300902.SZ,300902,国安达,中盘股,工业,商业服务与用品,其他商业服务与用品,福建,18.47,创业板,-,-,-,-,2020/10/29,洪伟艺,民营企业,-,行情酝酿中,-,-,制造业(工业母机),行业成熟稳定,高新技术产业,耐用品,-
300903.SZ,300903,科翔股份,大盘股,信息技术,电子元件,印制电路板,广东,39.3,创业板,-,-,有涨停 火山口战法吃鱼身,-,2020/11/5,郑晓蓉,民营企业,-,表现超预期,新科技,-,-,政策支持,高新技术产业,-,-
300904.SZ,300904,威力传动,迷你盘,工业,发电设备,风电设备,宁夏,60,创业板,-,-,-,-,2023/8/9,李阿波,民营企业,"阿尔法高波动,等待周期更长,20厘米涨停爆发性强",表现超预期,新科技,特高压电力产业链,-,政策支持,高新技术产业,耐用品,-
300905.SZ,300905,宝丽迪,大盘股,原材料,化学制品,印染化学品,江苏,55.58,创业板,-,-,有涨停 火山口战法吃鱼身,高人气,2020/11/5,徐毅明,民营企业,-,表现超预期,-,房地产产业链,-,行业成熟稳定,传统行业,耐用品,-
300906.SZ,300906,日月明,迷你盘,工业,交通运输设备,城轨铁路,江西,33.26,创业板,火山口 派出小部队勇吃鱼身,-,-,-,2020/11/5,陶捷,民营企业,"阿尔法高波动,等待周期更长,20厘米涨停爆发性强",行情酝酿中,-,-,制造业(工业母机),行业成熟稳定,传统行业,耐用品,-
300907.SZ,300907,康平科技,迷你盘,工业,通用机械,电动机与工控自动化,江苏,29.1,创业板,火山口 派出小部队勇吃鱼身,-,-,-,2020/11/18,江建平,民营企业,"阿尔法高波动,等待周期更长,20厘米涨停爆发性强",表现超预期,新科技,特高压电力产业链,-,政策支持,高新技术产业,耐用品,-
300908.SZ,300908,仲景食品,迷你盘,主要消费,食品,调味品与食用油,河南,29.13,创业板,火山口 派出小部队勇吃鱼身,连续多天小涨 龟壳战术吃鱼头,-,-,2020/11/23,孙耀志,民营企业,"阿尔法高波动,等待周期更长,20厘米涨停爆发性强",行情酝酿中,大消费,-,-,行业成熟稳定,传统行业,消耗品,-
300909.SZ,300909,汇创达,中盘股,信息技术,其他电子,其他电子,深圳,42.15,创业板,-,连续多天小涨 龟壳战术吃鱼头,-,-,2020/11/18,李明,民营企业,-,表现超预期,新科技,-,-,政策支持,高新技术产业,-,-
300910.SZ,300910,瑞丰新材,大盘股,原材料,化学制品,其他化学制品,河南,46.67,创业板,-,-,-,-,2020/11/27,郭春萱,民营企业,-,行情酝酿中,-,-,化工,行业成熟稳定,传统行业,耐用品,有量化参与
300911.SZ,300911,亿田智能,大盘股,可选消费,家用电器,厨卫电器,浙江,33.89,创业板,-,-,有涨停 火山口战法吃鱼身,高人气,2020/12/3,孙伟勇,民营企业,-,表现超预期,大消费,-,-,行业成熟稳定,传统行业,耐用品,有量化参与
300912.SZ,300912,凯龙高科,大盘股,可选消费,汽车零部件与轮胎,其他汽车零部件,江苏,27.87,创业板,-,-,-,-,2020/12/7,臧志成,民营企业,-,表现超预期,-,智能汽车产业链,-,政策支持,传统行业,消耗品,-
300913.SZ,300913,兆龙互连,大盘股,通信服务,通信设备,通信系统设备及组件,浙江,55.06,创业板,火山口 派出小部队勇吃鱼身,-,-,-,2020/12/7,姚金龙,民营企业,-,行情酝酿中,新基建,-,-,政策支持,高新技术产业,-,-
300915.SZ,300915,海融科技,迷你盘,主要消费,食品,其他食品,上海,22.88,创业板,火山口 派出小部队勇吃鱼身,连续多天小涨 龟壳战术吃鱼头,-,-,2020/12/2,黄海晓,民营企业,"阿尔法高波动,等待周期更长,20厘米涨停爆发性强",行情酝酿中,大消费,-,-,行业成熟稳定,传统行业,消耗品,-
300916.SZ,300916,朗特智能,小盘股,信息技术,电子终端及组件,安防设备及其他,深圳,31.28,创业板,火山口 派出小部队勇吃鱼身,-,-,-,2020/12/2,欧阳正良,民营企业,"阿尔法高波动,等待周期更长,20厘米涨停爆发性强",行情酝酿中,新科技,-,-,政策支持,高新技术产业,-,-
300917.SZ,300917,特发服务,中盘股,房地产,房地产管理与服务,房地产管理,深圳,33.62,创业板,-,-,-,-,2020/12/21,深圳市人民政府国有资产监督管理委员会,地方国有企业,-,行情酝酿中,-,房地产产业链,-,行业成熟稳定,传统行业,耐用品,-
300918.SZ,300918,南山智尚,中盘股,可选消费,纺织服装,纺织品,山东,15.16,创业板,-,-,-,-,2020/12/22,龙口市东江街道南山村村民委员会,民营企业,-,表现超预期,-,-,化工,行业成熟稳定,传统行业,消耗品,-
300919.SZ,300919,中伟新材,大盘股,工业,储能设备,电池部件及材料,贵州,57.94,创业板,-,-,-,-,2020/12/23,邓伟明,民营企业,-,行情酝酿中,新科技,特高压电力产业链,-,政策支持,高新技术产业,耐用品,-
300920.SZ,300920,润阳科技,迷你盘,原材料,塑料,其他塑料制品,浙江,39.98,创业板,火山口 派出小部队勇吃鱼身,-,-,-,2020/12/25,杨庆锋,民营企业,"阿尔法高波动,等待周期更长,20厘米涨停爆发性强",行情酝酿中,-,-,化工,行业成熟稳定,传统行业,消耗品,-
300921.SZ,300921,南凌科技,中盘股,通信服务,电信增值服务,电信增值服务,深圳,26.3,创业板,-,-,-,-,2020/12/22,陈树林,民营企业,-,表现超预期,国产替代,电子商务产业链,-,政策支持,传统行业,-,-
300922.SZ,300922,天秦装备,迷你盘,工业,国防装备,国防装备,河北,19.96,创业板,火山口 派出小部队勇吃鱼身,-,-,-,2020/12/25,宋金锁,民营企业,"阿尔法高波动,等待周期更长,20厘米涨停爆发性强",行情酝酿中,-,-,制造业(工业母机),行业成熟稳定,高新技术产业,耐用品,-
300923.SZ,300923,研奥股份,迷你盘,工业,交通运输设备,城轨铁路,吉林,27.61,创业板,-,-,-,-,2020/12/24,李彪,民营企业,"阿尔法高波动,等待周期更长,20厘米涨停爆发性强",行情酝酿中,-,-,制造业(工业母机),行业成熟稳定,传统行业,耐用品,-
300925.SZ,300925,法本信息,小盘股,信息技术,信息技术服务,其他IT与互联网服务,深圳,18.48,创业板,-,-,-,-,2020/12/30,严华,民营企业,"阿尔法高波动,等待周期更长,20厘米涨停爆发性强",行情酝酿中,国产替代,-,-,政策支持,传统行业,-,-
300926.SZ,300926,博俊科技,小盘股,可选消费,汽车零部件与轮胎,其他汽车零部件,江苏,25.7,创业板,火山口 派出小部队勇吃鱼身,-,-,-,2021/1/7,伍亚林,民营企业,"阿尔法高波动,等待周期更长,20厘米涨停爆发性强",表现超预期,-,智能汽车产业链,-,政策支持,传统行业,消耗品,-
300927.SZ,300927,江天化学,中盘股,原材料,化学原料,其他化学原料,江苏,29.67,创业板,-,-,-,-,2021/1/7,南通市人民政府国有资产监督管理委员会,地方国有企业,-,行情酝酿中,-,-,化工,行业成熟稳定,传统行业,耐用品,-
300928.SZ,300928,华安鑫创,小盘股,可选消费,汽车零部件与轮胎,汽车电子,北京,30.3,创业板,-,-,-,-,2021/1/6,何攀,民营企业,"阿尔法高波动,等待周期更长,20厘米涨停爆发性强",表现超预期,-,智能汽车产业链,-,政策支持,传统行业,消耗品,-
300929.SZ,300929,华骐环保,迷你盘,工业,污染治理,污水处理,安徽,12.45,创业板,-,-,-,-,2021/1/20,安徽工业大学,大学,"阿尔法高波动,等待周期更长,20厘米涨停爆发性强",行情酝酿中,-,-,民生,行业成熟稳定,传统行业,-,-
300930.SZ,300930,屹通新材,迷你盘,工业,节能与生态修复,节能与资源回收,浙江,30.39,创业板,火山口 派出小部队勇吃鱼身,连续多天小涨 龟壳战术吃鱼头,-,-,2021/1/21,汪志荣,民营企业,"阿尔法高波动,等待周期更长,20厘米涨停爆发性强",行情酝酿中,新能源,-,-,行业成熟稳定,传统行业,消耗品,-
300931.SZ,300931,通用电梯,小盘股,工业,专用机械,楼宇设备,江苏,13.14,创业板,-,-,-,-,2021/1/21,徐志明,民营企业,"阿尔法高波动,等待周期更长,20厘米涨停爆发性强",行情酝酿中,-,-,制造业(工业母机),行业成熟稳定,传统行业,耐用品,-
300932.SZ,300932,三友联众,中盘股,工业,电网设备,电网自动化,广东,14.33,创业板,火山口 派出小部队勇吃鱼身,-,-,-,2021/1/22,宋朝阳,民营企业,-,行情酝酿中,新科技,特高压电力产业链,-,政策支持,高新技术产业,耐用品,-
300933.SZ,300933,中辰股份,小盘股,工业,电网设备,线缆及其他,江苏,7.96,创业板,火山口 派出小部队勇吃鱼身,-,-,-,2021/1/22,杜南平,民营企业,"阿尔法高波动,等待周期更长,20厘米涨停爆发性强",行情酝酿中,新科技,特高压电力产业链,-,政策支持,高新技术产业,耐用品,-
300935.SZ,300935,盈建科,小盘股,信息技术,软件开发,行业应用软件,北京,33.27,创业板,火山口 派出小部队勇吃鱼身,-,-,-,2021/1/20,陈岱林,民营企业,"阿尔法高波动,等待周期更长,20厘米涨停爆发性强",表现超预期,国产替代,-,-,政策支持,传统行业,-,-
300936.SZ,300936,中英科技,大盘股,信息技术,电子元件,印制电路板,江苏,74.25,创业板,-,-,有涨停 火山口战法吃鱼身,高人气,2021/1/26,俞卫忠,民营企业,-,表现超预期,新科技,-,-,政策支持,高新技术产业,-,-
300937.SZ,300937,药易购,小盘股,医药卫生,医疗商业与服务,医药商业,四川,30.18,创业板,-,-,-,-,2021/1/27,李燕飞,民营企业,"阿尔法高波动,等待周期更长,20厘米涨停爆发性强",表现超预期,-,实体经济,-,政策支持,传统行业,消耗品,-
300938.SZ,300938,信测标准,大盘股,工业,商业服务与用品,其他商业服务与用品,深圳,49.24,创业板,-,-,有涨停 火山口战法吃鱼身,高人气,2021/1/27,吕杰中,民营企业,-,表现超预期,-,智能汽车产业链,制造业(工业母机),行业成熟稳定,传统行业,耐用品,有量化参与
300939.SZ,300939,秋田微,中盘股,信息技术,光学光电子,面板,深圳,40.41,创业板,-,-,-,-,2021/1/28,黄志毅,民营企业,-,行情酝酿中,新科技,-,-,政策支持,高新技术产业,-,-
300940.SZ,300940,南极光,小盘股,信息技术,光学光电子,LED,深圳,23.7,创业板,-,-,-,-,2021/2/3,姜发明,民营企业,"阿尔法高波动,等待周期更长,20厘米涨停爆发性强",行情酝酿中,新科技,-,-,政策支持,高新技术产业,-,-
300941.SZ,300941,创识科技,迷你盘,信息技术,电子终端及组件,安防设备及其他,福建,20.12,创业板,火山口 派出小部队勇吃鱼身,-,-,-,2021/2/9,张更生,民营企业,"阿尔法高波动,等待周期更长,20厘米涨停爆发性强",行情酝酿中,新基建,-,-,政策支持,高新技术产业,-,-
300942.SZ,300942,易瑞生物,迷你盘,工业,商业服务与用品,其他商业服务与用品,深圳,8.38,创业板,-,-,-,-,2021/2/9,朱海,民营企业,"阿尔法高波动,等待周期更长,20厘米涨停爆发性强",行情酝酿中,大健康,-,-,行业成熟稳定,传统行业,消耗品,-
300943.SZ,300943,春晖智控,中盘股,工业,通用机械,气液机械,浙江,30.78,创业板,-,-,有涨停 火山口战法吃鱼身,-,2021/2/10,杨广宇,民营企业,-,表现超预期,-,-,制造业(工业母机),行业成熟稳定,传统行业,耐用品,-
300945.SZ,300945,曼卡龙,小盘股,可选消费,珠宝与奢侈品,珠宝与奢侈品,浙江,15.7,创业板,火山口 派出小部队勇吃鱼身,-,-,-,2021/2/10,孙松鹤,民营企业,"阿尔法高波动,等待周期更长,20厘米涨停爆发性强",行情酝酿中,大消费,-,-,行业成熟稳定,传统行业,耐用品,-
300946.SZ,300946,恒而达,迷你盘,工业,通用机械,加工机械,福建,46.67,创业板,火山口 派出小部队勇吃鱼身,-,-,-,2021/2/8,林正华,民营企业,"阿尔法高波动,等待周期更长,20厘米涨停爆发性强",行情酝酿中,-,-,制造业(工业母机),行业成熟稳定,传统行业,耐用品,-
300947.SZ,300947,德必集团,小盘股,房地产,房地产管理与服务,房地产服务,上海,17.09,创业板,火山口 派出小部队勇吃鱼身,-,-,-,2021/2/10,贾波,民营企业,"阿尔法高波动,等待周期更长,20厘米涨停爆发性强",行情酝酿中,-,房地产产业链,-,行业成熟稳定,传统行业,耐用品,-
300948.SZ,300948,冠中生态,小盘股,工业,节能与生态修复,生态修复,山东,19.3,创业板,-,-,-,-,2021/2/25,靳春平,民营企业,"阿尔法高波动,等待周期更长,20厘米涨停爆发性强",行情酝酿中,-,-,民生,行业成熟稳定,传统行业,-,-
300949.SZ,300949,奥雅股份,迷你盘,工业,建筑与工程,建筑设计及服务,深圳,39.05,创业板,-,-,-,-,2021/2/26,李宝章,民营企业,"阿尔法高波动,等待周期更长,20厘米涨停爆发性强",表现超预期,-,房地产产业链,-,行业成熟稳定,传统行业,耐用品,-
300950.SZ,300950,德固特,迷你盘,工业,节能与生态修复,节能与资源回收,山东,21.71,创业板,火山口 派出小部队勇吃鱼身,连续多天小涨 龟壳战术吃鱼头,-,-,2021/3/3,魏振文,民营企业,"阿尔法高波动,等待周期更长,20厘米涨停爆发性强",行情酝酿中,-,-,制造业(工业母机),行业成熟稳定,高新技术产业,耐用品,-
300951.SZ,300951,博硕科技,小盘股,信息技术,电子终端及组件,消费电子组件及零部件,深圳,37.21,创业板,-,-,-,-,2021/2/26,徐思通,民营企业,"阿尔法高波动,等待周期更长,20厘米涨停爆发性强",行情酝酿中,新科技,-,-,政策支持,高新技术产业,-,-
300952.SZ,300952,恒辉安防,中盘股,可选消费,纺织服装,鞋帽与配饰,江苏,39.23,创业板,-,-,-,-,2021/3/11,王咸华,民营企业,-,行情酝酿中,-,-,化工,行业成熟稳定,传统行业,消耗品,-
300953.SZ,300953,震裕科技,大盘股,工业,储能设备,电池部件及材料,浙江,208.47,创业板,-,-,有涨停 火山口战法吃鱼身,高人气,2021/3/18,蒋震林,民营企业,-,表现超预期,新科技,特高压电力产业链,-,政策支持,高新技术产业,耐用品,-
300955.SZ,300955,嘉亨家化,小盘股,主要消费,美容护理,美容护理,福建,38.39,创业板,火山口 派出小部队勇吃鱼身,连续多天小涨 龟壳战术吃鱼头,-,-,2021/3/24,曾本生,外资,"阿尔法高波动,等待周期更长,20厘米涨停爆发性强",行情酝酿中,-,-,化工,行业成熟稳定,传统行业,消耗品,-
300956.SZ,300956,英力股份,迷你盘,信息技术,电子终端及组件,电脑与外围设备,安徽,15.38,创业板,火山口 派出小部队勇吃鱼身,连续多天小涨 龟壳战术吃鱼头,-,-,2021/3/26,戴明,民营企业,"阿尔法高波动,等待周期更长,20厘米涨停爆发性强",行情酝酿中,新科技,-,-,政策支持,高新技术产业,-,-
300957.SZ,300957,贝泰妮,中盘股,主要消费,美容护理,美容护理,云南,36.78,创业板,-,-,-,-,2021/3/25,GUO ZHENYU(郭振宇),外资,-,行情酝酿中,-,-,化工,行业成熟稳定,传统行业,消耗品,-
300958.SZ,300958,建工修复,迷你盘,工业,节能与生态修复,生态修复,北京,13.22,创业板,火山口 派出小部队勇吃鱼身,连续多天小涨 龟壳战术吃鱼头,-,-,2021/3/29,北京市人民政府国有资产监督管理委员会,地方国有企业,"阿尔法高波动,等待周期更长,20厘米涨停爆发性强",行情酝酿中,-,-,民生,行业成熟稳定,传统行业,-,-
300959.SZ,300959,线上线下,大盘股,通信服务,电信增值服务,电信增值服务,江苏,87.4,创业板,-,-,-,-,2021/3/22,夏军,民营企业,-,行情酝酿中,新基建,-,-,行业成熟稳定,传统行业,-,-
300960.SZ,300960,通业科技,迷你盘,工业,交通运输设备,城轨铁路,深圳,23.98,创业板,火山口 派出小部队勇吃鱼身,-,-,-,2021/3/29,徐建英,民营企业,"阿尔法高波动,等待周期更长,20厘米涨停爆发性强",行情酝酿中,-,-,制造业(工业母机),行业成熟稳定,传统行业,耐用品,-
300961.SZ,300961,深水海纳,小盘股,工业,污染治理,污水处理,深圳,13.44,创业板,火山口 派出小部队勇吃鱼身,-,-,-,2021/3/30,李海波,民营企业,"阿尔法高波动,等待周期更长,20厘米涨停爆发性强",行情酝酿中,-,-,民生,行业成熟稳定,传统行业,-,-
300962.SZ,300962,中金辐照,迷你盘,工业,商业服务与用品,其他商业服务与用品,深圳,16.15,创业板,火山口 派出小部队勇吃鱼身,-,-,-,2021/4/9,国务院国有资产监督管理委员会,中央企业,"阿尔法高波动,等待周期更长,20厘米涨停爆发性强",行情酝酿中,大健康,-,-,行业成熟稳定,传统行业,消耗品,-
300963.SZ,300963,中洲特材,中盘股,原材料,其他有色金属及合金,其他有色金属及合金,上海,17.43,创业板,火山口 派出小部队勇吃鱼身,连续多天小涨 龟壳战术吃鱼头,-,-,2021/4/9,冯明明,民营企业,-,行情酝酿中,新能源,-,-,行业成熟稳定,传统行业,消耗品,-
300964.SZ,300964,本川智能,大盘股,信息技术,电子元件,印制电路板,江苏,77.5,创业板,-,-,-,-,2021/8/5,董晓俊,民营企业,-,表现超预期,新科技,-,-,政策支持,高新技术产业,-,-
300965.SZ,300965,恒宇信通,迷你盘,工业,航空航天,航空,北京,56,创业板,火山口 派出小部队勇吃鱼身,连续多天小涨 龟壳战术吃鱼头,-,-,2021/4/2,饶丹妮,民营企业,"阿尔法高波动,等待周期更长,20厘米涨停爆发性强",行情酝酿中,-,军工高铁产业链,-,政策支持,高新技术产业,-,-
300966.SZ,300966,共同药业,迷你盘,医药卫生,化学药,原料药,湖北,21.7,创业板,火山口 派出小部队勇吃鱼身,-,-,-,2021/4/9,系祖斌,民营企业,"阿尔法高波动,等待周期更长,20厘米涨停爆发性强",行情酝酿中,大健康,-,-,政策支持,高新技术产业,消耗品,-
300967.SZ,300967,晓鸣股份,中盘股,主要消费,养殖,畜牧产品,宁夏,17.84,创业板,-,-,-,-,2021/4/13,魏晓明,民营企业,-,行情酝酿中,-,-,粮食,行业成熟稳定,传统行业,消耗品,-
300968.SZ,300968,格林精密,迷你盘,信息技术,电子终端及组件,消费电子组件及零部件,广东,12.14,创业板,火山口 派出小部队勇吃鱼身,连续多天小涨 龟壳战术吃鱼头,-,-,2021/4/15,吴宝玉,民营企业,"阿尔法高波动,等待周期更长,20厘米涨停爆发性强",行情酝酿中,新科技,-,-,政策支持,高新技术产业,-,-
300969.SZ,300969,恒帅股份,中盘股,可选消费,汽车零部件与轮胎,其他汽车零部件,浙江,132.47,创业板,-,-,-,-,2021/4/12,许宁宁,民营企业,-,表现超预期,-,智能汽车产业链,-,政策支持,传统行业,消耗品,-
300970.SZ,300970,华绿生物,中盘股,主要消费,种植,农产品,江苏,32.64,创业板,-,-,-,-,2021/4/12,余养朝,民营企业,-,表现超预期,-,-,粮食,行业成熟稳定,传统行业,消耗品,-
300971.SZ,300971,博亚精工,迷你盘,工业,专用机械,其他专用机械,湖北,23.79,创业板,火山口 派出小部队勇吃鱼身,连续多天小涨 龟壳战术吃鱼头,-,-,2021/4/15,李文喜,民营企业,"阿尔法高波动,等待周期更长,20厘米涨停爆发性强",行情酝酿中,-,-,制造业(工业母机),行业成熟稳定,传统行业,耐用品,-
300972.SZ,300972,万辰集团,中盘股,可选消费,一般零售,超市与便利店,福建,203.65,创业板,-,-,-,-,2021/4/19,王泽宁,民营企业,-,表现超预期,大消费,-,-,行业成熟稳定,传统行业,消耗品,有量化参与
300973.SZ,300973,立高食品,小盘股,主要消费,食品,休闲食品,广东,33.6,创业板,火山口 派出小部队勇吃鱼身,连续多天小涨 龟壳战术吃鱼头,-,-,2021/4/15,彭裕辉,民营企业,"阿尔法高波动,等待周期更长,20厘米涨停爆发性强",行情酝酿中,大消费,-,-,行业成熟稳定,传统行业,消耗品,-
300975.SZ,300975,商络电子,大盘股,工业,商业服务与用品,贸易商,江苏,20.38,创业板,-,-,-,-,2021/4/21,沙宏志,民营企业,-,行情酝酿中,新科技,-,-,政策支持,高新技术产业,-,-
300976.SZ,300976,达瑞电子,小盘股,信息技术,电子终端及组件,消费电子组件及零部件,广东,59.96,创业板,火山口 派出小部队勇吃鱼身,连续多天小涨 龟壳战术吃鱼头,-,-,2021/4/19,李清平,民营企业,"阿尔法高波动,等待周期更长,20厘米涨停爆发性强",行情酝酿中,新科技,-,-,政策支持,高新技术产业,-,-
300977.SZ,300977,深圳瑞捷,迷你盘,工业,建筑与工程,建筑设计及服务,深圳,19.75,创业板,-,-,-,-,2021/4/20,黄新华,民营企业,"阿尔法高波动,等待周期更长,20厘米涨停爆发性强",行情酝酿中,-,房地产产业链,-,行业成熟稳定,传统行业,耐用品,-
300978.SZ,300978,东箭科技,迷你盘,可选消费,汽车零部件与轮胎,汽车内饰与外饰,广东,11.27,创业板,火山口 派出小部队勇吃鱼身,连续多天小涨 龟壳战术吃鱼头,-,-,2021/4/26,马永涛,民营企业,"阿尔法高波动,等待周期更长,20厘米涨停爆发性强",行情酝酿中,-,智能汽车产业链,-,政策支持,传统行业,消耗品,-
300979.SZ,300979,华利集团,迷你盘,可选消费,纺织服装,鞋帽与配饰,广东,42.88,创业板,火山口 派出小部队勇吃鱼身,连续多天小涨 龟壳战术吃鱼头,-,-,2021/4/26,张聪渊,外资,"阿尔法高波动,等待周期更长,20厘米涨停爆发性强",行情酝酿中,大消费,-,-,行业成熟稳定,传统行业,耐用品,-
300980.SZ,300980,祥源新材,中盘股,原材料,塑料,其他塑料制品,湖北,36.44,创业板,-,-,-,-,2021/4/21,魏志祥,民营企业,-,表现超预期,-,-,化工,行业成熟稳定,传统行业,消耗品,-
300981.SZ,300981,中红医疗,小盘股,医药卫生,医疗器械,医疗耗材,河北,13.45,创业板,-,-,-,-,2021/4/27,厦门市人民政府国有资产监督管理委员会,地方国有企业,"阿尔法高波动,等待周期更长,20厘米涨停爆发性强",表现超预期,大健康,-,-,行业成熟稳定,传统行业,消耗品,-
300982.SZ,300982,苏文电能,小盘股,工业,建筑与工程,基础设施建设,江苏,22.54,创业板,火山口 派出小部队勇吃鱼身,-,-,-,2021/4/27,施小波,民营企业,"阿尔法高波动,等待周期更长,20厘米涨停爆发性强",行情酝酿中,-,房地产产业链,-,行业成熟稳定,传统行业,耐用品,-
300983.SZ,300983,尤安设计,迷你盘,工业,建筑与工程,建筑设计及服务,上海,30.09,创业板,火山口 派出小部队勇吃鱼身,连续多天小涨 龟壳战术吃鱼头,-,-,2021/4/20,陈磊,民营企业,"阿尔法高波动,等待周期更长,20厘米涨停爆发性强",行情酝酿中,-,房地产产业链,-,行业成熟稳定,传统行业,耐用品,-
300984.SZ,300984,金沃股份,小盘股,工业,通用机械,动力机械,浙江,59.02,创业板,-,-,-,-,2021/6/18,郑立成,民营企业,"阿尔法高波动,等待周期更长,20厘米涨停爆发性强",行情酝酿中,-,-,制造业(工业母机),行业成熟稳定,传统行业,耐用品,-
300985.SZ,300985,致远新能,迷你盘,工业,交通运输设备,商用车,吉林,22.13,创业板,火山口 派出小部队勇吃鱼身,-,-,-,2021/4/29,张远,民营企业,"阿尔法高波动,等待周期更长,20厘米涨停爆发性强",行情酝酿中,-,智能汽车产业链,-,政策支持,传统行业,消耗品,-
300986.SZ,300986,志特新材,大盘股,工业,建筑产品,建筑产品,江西,24.76,创业板,-,-,-,-,2021/4/30,高渭泉,民营企业,-,表现超预期,-,房地产产业链,-,行业成熟稳定,传统行业,耐用品,-
300987.SZ,300987,川网传媒,迷你盘,通信服务,数字媒体,图文媒体,四川,17.49,创业板,-,-,-,-,2021/5/11,中国共产党四川省委员会宣传部,地方国有企业,"阿尔法高波动,等待周期更长,20厘米涨停爆发性强",行情酝酿中,国产替代,电子商务产业链,-,政策支持,传统行业,-,-
300988.SZ,300988,津荣天宇,小盘股,工业,通用机械,其他通用机械,天津,28.07,创业板,火山口 派出小部队勇吃鱼身,连续多天小涨 龟壳战术吃鱼头,-,-,2021/5/12,孙兴文,民营企业,"阿尔法高波动,等待周期更长,20厘米涨停爆发性强",行情酝酿中,-,-,制造业(工业母机),行业成熟稳定,传统行业,耐用品,-
300989.SZ,300989,蕾奥规划,迷你盘,工业,建筑与工程,建筑设计及服务,深圳,14.85,创业板,火山口 派出小部队勇吃鱼身,连续多天小涨 龟壳战术吃鱼头,-,-,2021/5/7,无实际控制人,其他,"阿尔法高波动,等待周期更长,20厘米涨停爆发性强",行情酝酿中,-,房地产产业链,-,行业成熟稳定,传统行业,耐用品,-
300990.SZ,300990,同飞股份,大盘股,工业,通用机械,其他通用机械,河北,87.77,创业板,-,-,-,-,2021/5/12,张国山,民营企业,-,表现超预期,-,-,制造业(工业母机),行业成熟稳定,高新技术产业,耐用品,-
300991.SZ,300991,创益通,大盘股,信息技术,电子终端及组件,消费电子组件及零部件,深圳,55.61,创业板,-,-,-,-,2021/5/20,张建明,民营企业,-,表现超预期,新科技,-,-,政策支持,高新技术产业,-,-
300992.SZ,300992,泰福泵业,中盘股,工业,通用机械,气液机械,浙江,31.77,创业板,-,-,-,-,2021/5/25,陈宜文,民营企业,-,表现超预期,-,-,制造业(工业母机),行业成熟稳定,传统行业,耐用品,-
300993.SZ,300993,玉马科技,迷你盘,工业,建筑产品,建筑产品,山东,12.41,创业板,火山口 派出小部队勇吃鱼身,连续多天小涨 龟壳战术吃鱼头,-,-,2021/5/24,孙承志,民营企业,"阿尔法高波动,等待周期更长,20厘米涨停爆发性强",行情酝酿中,大消费,-,-,行业成熟稳定,传统行业,耐用品,-
300994.SZ,300994,久祺股份,迷你盘,可选消费,休闲设备与用品,休闲设备与用品,浙江,15.17,创业板,火山口 派出小部队勇吃鱼身,-,-,-,2021/8/12,李政,民营企业,"阿尔法高波动,等待周期更长,20厘米涨停爆发性强",行情酝酿中,-,-,文化体育,行业成熟稳定,传统行业,-,-
300995.SZ,300995,奇德新材,迷你盘,原材料,塑料,改性塑料,广东,36.14,创业板,火山口 派出小部队勇吃鱼身,连续多天小涨 龟壳战术吃鱼头,-,-,2021/5/26,饶德生,民营企业,"阿尔法高波动,等待周期更长,20厘米涨停爆发性强",行情酝酿中,-,-,化工,行业成熟稳定,传统行业,消耗品,-
300996.SZ,300996,普联软件,中盘股,信息技术,软件开发,通用软件,山东,17.64,创业板,火山口 派出小部队勇吃鱼身,-,-,-,2021/6/3,蔺国强,民营企业,-,表现超预期,国产替代,-,-,政策支持,传统行业,-,-
300997.SZ,300997,欢乐家,中盘股,主要消费,软饮料,软饮料,广东,21.16,创业板,火山口 派出小部队勇吃鱼身,连续多天小涨 龟壳战术吃鱼头,-,-,2021/6/2,李兴,民营企业,-,行情酝酿中,大消费,-,-,行业成熟稳定,传统行业,消耗品,-
300998.SZ,300998,宁波方正,小盘股,可选消费,汽车零部件与轮胎,汽车内饰与外饰,浙江,25.45,创业板,-,-,-,-,2021/6/2,方永杰,民营企业,"阿尔法高波动,等待周期更长,20厘米涨停爆发性强",表现超预期,-,-,制造业(工业母机),行业成熟稳定,高新技术产业,耐用品,-
300999.SZ,300999,金龙鱼,中盘股,主要消费,食品,调味品与食用油,上海,28.36,创业板,火山口 派出小部队勇吃鱼身,连续多天小涨 龟壳战术吃鱼头,-,-,2020/10/15,无实际控制人,其他,-,行情酝酿中,大消费,-,-,行业成熟稳定,传统行业,消耗品,-
301000.SZ,301000,肇民科技,小盘股,可选消费,汽车零部件与轮胎,其他汽车零部件,上海,30.49,创业板,火山口 派出小部队勇吃鱼身,连续多天小涨 龟壳战术吃鱼头,-,-,2021/5/28,邵雄辉,民营企业,"阿尔法高波动,等待周期更长,20厘米涨停爆发性强",行情酝酿中,-,智能汽车产业链,-,政策支持,传统行业,消耗品,-
301001.SZ,301001,凯淳股份,迷你盘,可选消费,互联网零售,互联网零售,上海,28.72,创业板,火山口 派出小部队勇吃鱼身,-,-,-,2021/5/28,王莉,民营企业,"阿尔法高波动,等待周期更长,20厘米涨停爆发性强",行情酝酿中,国产替代,电子商务产业链,-,政策支持,传统行业,-,-
301002.SZ,301002,崧盛股份,大盘股,信息技术,光学光电子,LED,深圳,43.45,创业板,-,-,-,高人气,2021/6/7,田年斌,民营企业,-,表现超预期,新科技,特高压电力产业链,-,政策支持,高新技术产业,耐用品,-
301003.SZ,301003,江苏博云,中盘股,原材料,塑料,改性塑料,江苏,52.4,创业板,-,-,-,-,2021/6/1,吕锋,民营企业,-,行情酝酿中,-,-,化工,行业成熟稳定,传统行业,消耗品,-
301004.SZ,301004,嘉益股份,迷你盘,可选消费,家居,其他家居,浙江,50.48,创业板,-,-,-,高人气,2021/6/25,戚兴华,民营企业,"阿尔法高波动,等待周期更长,20厘米涨停爆发性强",表现超预期,大消费,-,-,行业成熟稳定,传统行业,耐用品,-
301005.SZ,301005,超捷股份,大盘股,可选消费,汽车零部件与轮胎,其他汽车零部件,上海,168,创业板,-,连续多天小涨 龟壳战术吃鱼头,-,-,2021/6/1,宋广东,民营企业,-,表现超预期,-,智能汽车产业链,-,政策支持,传统行业,消耗品,-
301006.SZ,301006,迈拓股份,迷你盘,工业,通用机械,仪器仪表,江苏,17.63,创业板,火山口 派出小部队勇吃鱼身,连续多天小涨 龟壳战术吃鱼头,-,-,2021/6/7,孙卫国,民营企业,"阿尔法高波动,等待周期更长,20厘米涨停爆发性强",行情酝酿中,-,智能汽车产业链,制造业(工业母机),行业成熟稳定,传统行业,耐用品,-
301007.SZ,301007,德迈仕,小盘股,可选消费,汽车零部件与轮胎,汽车系统部件,辽宁,35.23,创业板,火山口 派出小部队勇吃鱼身,连续多天小涨 龟壳战术吃鱼头,-,-,2021/6/16,潘异,民营企业,"阿尔法高波动,等待周期更长,20厘米涨停爆发性强",行情酝酿中,-,智能汽车产业链,-,政策支持,传统行业,消耗品,-
301008.SZ,301008,宏昌科技,大盘股,可选消费,家用电器,家电零部件及其他,浙江,37.36,创业板,-,-,-,-,2021/6/11,陆宝宏,民营企业,-,表现超预期,大消费,-,-,行业成熟稳定,传统行业,耐用品,-
301009.SZ,301009,可靠股份,迷你盘,主要消费,家庭用品,家庭用品,浙江,11.78,创业板,火山口 派出小部队勇吃鱼身,-,-,-,2021/6/17,金利伟,民营企业,"阿尔法高波动,等待周期更长,20厘米涨停爆发性强",行情酝酿中,-,-,化工,行业成熟稳定,传统行业,消耗品,-
301010.SZ,301010,晶雪节能,迷你盘,工业,建筑产品,建筑产品,江苏,21.48,创业板,-,-,-,-,2021/6/18,贾富忠,民营企业,"阿尔法高波动,等待周期更长,20厘米涨停爆发性强",行情酝酿中,-,房地产产业链,-,行业成熟稳定,传统行业,耐用品,-
301011.SZ,301011,华立科技,迷你盘,可选消费,休闲设备与用品,休闲设备与用品,广东,22.13,创业板,-,-,-,-,2021/6/17,苏本立,外资,"阿尔法高波动,等待周期更长,20厘米涨停爆发性强",行情酝酿中,-,-,文化体育,行业成熟稳定,传统行业,-,-
301012.SZ,301012,扬电科技,大盘股,工业,电网设备,输变电设备,江苏,33.98,创业板,-,-,-,高人气,2021/6/22,聂琨林,民营企业,-,表现超预期,新科技,特高压电力产业链,-,政策支持,高新技术产业,耐用品,-
301013.SZ,301013,利和兴,大盘股,工业,专用机械,其他专用机械,深圳,25.28,创业板,-,连续多天小涨 龟壳战术吃鱼头,-,-,2021/6/29,林宜潘,民营企业,-,表现超预期,-,-,制造业(工业母机),行业成熟稳定,高新技术产业,耐用品,-
301015.SZ,301015,百洋医药,大盘股,医药卫生,医疗商业与服务,医药商业,山东,26.53,创业板,火山口 派出小部队勇吃鱼身,连续多天小涨 龟壳战术吃鱼头,-,-,2021/6/30,付钢,民营企业,-,表现超预期,-,实体经济,-,政策支持,传统行业,消耗品,-
301016.SZ,301016,雷尔伟,小盘股,工业,交通运输设备,城轨铁路,江苏,23.94,创业板,-,-,-,-,2021/6/30,刘俊,民营企业,"阿尔法高波动,等待周期更长,20厘米涨停爆发性强",表现超预期,-,-,制造业(工业母机),行业成熟稳定,传统行业,耐用品,-
301017.SZ,301017,漱玉平民,中盘股,医药卫生,医疗商业与服务,医药商业,山东,15.34,创业板,-,-,有涨停 火山口战法吃鱼身,高人气,2021/7/5,李文杰,民营企业,-,表现超预期,-,实体经济,-,政策支持,传统行业,消耗品,-
301018.SZ,301018,申菱环境,大盘股,工业,专用机械,楼宇设备,广东,120.45,创业板,-,-,-,-,2021/7/7,崔颖琦,民营企业,-,表现超预期,-,-,制造业(工业母机),行业成熟稳定,高新技术产业,耐用品,有量化参与
301019.SZ,301019,宁波色母,迷你盘,原材料,塑料,其他塑料制品,浙江,21.54,创业板,火山口 派出小部队勇吃鱼身,连续多天小涨 龟壳战术吃鱼头,-,-,2021/6/28,任卫庆,民营企业,"阿尔法高波动,等待周期更长,20厘米涨停爆发性强",行情酝酿中,-,-,化工,行业成熟稳定,传统行业,消耗品,-
301020.SZ,301020,密封科技,迷你盘,可选消费,汽车零部件与轮胎,其他汽车零部件,山东,21.77,创业板,火山口 派出小部队勇吃鱼身,连续多天小涨 龟壳战术吃鱼头,-,-,2021/7/6,烟台市人民政府国有资产监督管理委员会,地方国有企业,"阿尔法高波动,等待周期更长,20厘米涨停爆发性强",行情酝酿中,-,智能汽车产业链,-,政策支持,传统行业,消耗品,-
301021.SZ,301021,英诺激光,大盘股,工业,通用机械,电动机与工控自动化,深圳,60.83,创业板,火山口 派出小部队勇吃鱼身,-,-,-,2021/7/6,赵晓杰,外资,-,表现超预期,-,-,制造业(工业母机),行业成熟稳定,高新技术产业,耐用品,-
301023.SZ,301023,奕帆传动,迷你盘,工业,通用机械,电动机与工控自动化,江苏,41.17,创业板,火山口 派出小部队勇吃鱼身,连续多天小涨 龟壳战术吃鱼头,-,-,2021/7/7,刘锦成,民营企业,"阿尔法高波动,等待周期更长,20厘米涨停爆发性强",行情酝酿中,新科技,特高压电力产业链,-,政策支持,高新技术产业,耐用品,-
301024.SZ,301024,霍普股份,迷你盘,工业,建筑与工程,建筑设计及服务,上海,39.03,创业板,-,-,-,-,2021/7/28,龚俊,民营企业,"阿尔法高波动,等待周期更长,20厘米涨停爆发性强",行情酝酿中,-,房地产产业链,-,行业成熟稳定,传统行业,耐用品,-
301025.SZ,301025,读客文化,迷你盘,通信服务,文化娱乐,出版,上海,10.93,创业板,火山口 派出小部队勇吃鱼身,-,-,-,2021/7/19,华楠,民营企业,"阿尔法高波动,等待周期更长,20厘米涨停爆发性强",行情酝酿中,-,-,文化体育,行业成熟稳定,传统行业,-,-
301026.SZ,301026,浩通科技,小盘股,工业,节能与生态修复,节能与资源回收,江苏,30.35,创业板,火山口 派出小部队勇吃鱼身,-,-,-,2021/7/16,夏军,民营企业,"阿尔法高波动,等待周期更长,20厘米涨停爆发性强",行情酝酿中,新能源,-,-,行业成熟稳定,传统行业,消耗品,-
301027.SZ,301027,华蓝集团,小盘股,工业,建筑与工程,建筑设计及服务,广西,22.97,创业板,火山口 派出小部队勇吃鱼身,连续多天小涨 龟壳战术吃鱼头,-,-,2021/7/15,林伟,民营企业,"阿尔法高波动,等待周期更长,20厘米涨停爆发性强",表现超预期,-,房地产产业链,-,行业成熟稳定,传统行业,耐用品,-
301028.SZ,301028,鼎熔岩,迷你盘,工业,通用机械,气液机械,福建,14.67,创业板,火山口 派出小部队勇吃鱼身,-,-,-,2021/7/20,韩萤焕,民营企业,"阿尔法高波动,等待周期更长,20厘米涨停爆发性强",行情酝酿中,-,-,制造业(工业母机),行业成熟稳定,高新技术产业,耐用品,-
301029.SZ,301029,怡合达,中盘股,工业,通用机械,电动机与工控自动化,广东,27.85,创业板,火山口 派出小部队勇吃鱼身,连续多天小涨 龟壳战术吃鱼头,-,-,2021/7/23,金立国,民营企业,-,行情酝酿中,-,-,制造业(工业母机),行业成熟稳定,高新技术产业,耐用品,-
301030.SZ,301030,仕净科技,中盘股,工业,污染治理,烟气治理,江苏,11.92,创业板,-,-,有涨停 火山口战法吃鱼身,高人气,2021/7/22,朱叶,民营企业,-,表现超预期,-,-,民生,行业成熟稳定,传统行业,-,-
301031.SZ,301031,中熔电气,中盘股,工业,电网设备,配电设备,陕西,146.95,创业板,-,-,-,-,2021/7/15,方广文,民营企业,-,行情酝酿中,新科技,特高压电力产业链,-,政策支持,高新技术产业,耐用品,有量化参与
301032.SZ,301032,新柴股份,迷你盘,工业,通用机械,动力机械,浙江,13.15,创业板,火山口 派出小部队勇吃鱼身,连续多天小涨 龟壳战术吃鱼头,-,-,2021/7/22,仇建平,民营企业,"阿尔法高波动,等待周期更长,20厘米涨停爆发性强",表现超预期,-,-,制造业(工业母机),行业成熟稳定,高新技术产业,耐用品,-
301033.SZ,301033,迈普医学,迷你盘,医药卫生,医疗器械,医疗耗材,广东,58.63,创业板,-,-,-,-,2021/7/26,袁玉宇,民营企业,"阿尔法高波动,等待周期更长,20厘米涨停爆发性强",行情酝酿中,大健康,-,-,行业成熟稳定,传统行业,消耗品,-
301035.SZ,301035,润丰股份,小盘股,原材料,农用化工,农药,山东,76.44,创业板,-,-,-,-,2021/7/28,王文才,民营企业,"阿尔法高波动,等待周期更长,20厘米涨停爆发性强",行情酝酿中,-,-,粮食,行业成熟稳定,传统行业,消耗品,有量化参与
301036.SZ,301036,双乐股份,迷你盘,原材料,化学制品,涂料油墨,江苏,28.67,创业板,火山口 派出小部队勇吃鱼身,-,-,-,2021/7/29,杨汉洲,民营企业,"阿尔法高波动,等待周期更长,20厘米涨停爆发性强",行情酝酿中,-,房地产产业链,-,行业成熟稳定,传统行业,耐用品,-
301037.SZ,301037,保立佳,迷你盘,原材料,化学制品,涂料油墨,上海,15.01,创业板,火山口 派出小部队勇吃鱼身,-,-,-,2021/7/30,杨文瑜,民营企业,"阿尔法高波动,等待周期更长,20厘米涨停爆发性强",行情酝酿中,-,房地产产业链,-,行业成熟稳定,传统行业,耐用品,-
301038.SZ,301038,深水规院,迷你盘,工业,建筑与工程,建筑设计及服务,深圳,20.94,创业板,火山口 派出小部队勇吃鱼身,连续多天小涨 龟壳战术吃鱼头,-,-,2021/8/4,深圳市人民政府国有资产监督管理委员会,地方国有企业,"阿尔法高波动,等待周期更长,20厘米涨停爆发性强",行情酝酿中,-,房地产产业链,-,行业成熟稳定,传统行业,耐用品,-
301039.SZ,301039,中集车辆,小盘股,工业,交通运输设备,商用车,深圳,9.01,创业板,火山口 派出小部队勇吃鱼身,-,-,-,2021/7/8,无实际控制人,其他,"阿尔法高波动,等待周期更长,20厘米涨停爆发性强",行情酝酿中,-,智能汽车产业链,-,政策支持,传统行业,耐用品,-
301040.SZ,301040,中环海陆,中盘股,工业,发电设备,风电设备,江苏,33.96,创业板,-,-,-,高人气,2021/8/3,吴君三,民营企业,-,表现超预期,-,-,制造业(工业母机),行业成熟稳定,传统行业,耐用品,-
301041.SZ,301041,金百泽,中盘股,信息技术,电子元件,印制电路板,深圳,29.98,创业板,火山口 派出小部队勇吃鱼身,-,-,-,2021/8/11,武守坤,民营企业,-,表现超预期,新科技,-,-,政策支持,高新技术产业,-,-
301042.SZ,301042,安联锐视,小盘股,信息技术,电子终端及组件,安防设备及其他,广东,95.31,创业板,火山口 派出小部队勇吃鱼身,连续多天小涨 龟壳战术吃鱼头,-,-,2021/8/5,徐进,民营企业,"阿尔法高波动,等待周期更长,20厘米涨停爆发性强",行情酝酿中,新基建,-,-,政策支持,高新技术产业,-,-
301043.SZ,301043,绿岛风,小盘股,工业,专用机械,楼宇设备,广东,54.81,创业板,-,-,-,-,2021/8/11,李清泉,民营企业,"阿尔法高波动,等待周期更长,20厘米涨停爆发性强",表现超预期,-,-,制造业(工业母机),行业成熟稳定,传统行业,耐用品,-
301045.SZ,301045,天禄科技,中盘股,信息技术,光学光电子,面板,江苏,41.37,创业板,-,-,-,-,2021/8/13,陈凌,民营企业,-,行情酝酿中,新科技,-,-,政策支持,高新技术产业,-,-
301046.SZ,301046,能辉科技,小盘股,工业,建筑与工程,基础设施建设,上海,26.84,创业板,火山口 派出小部队勇吃鱼身,连续多天小涨 龟壳战术吃鱼头,-,-,2021/8/17,罗传奎,民营企业,"阿尔法高波动,等待周期更长,20厘米涨停爆发性强",表现超预期,-,房地产产业链,-,行业成熟稳定,传统行业,耐用品,-
301047.SZ,301047,义翘神州,小盘股,医药卫生,制药与生物科技服务,制药与生物科技服务,北京,75.25,创业板,火山口 派出小部队勇吃鱼身,连续多天小涨 龟壳战术吃鱼头,-,-,2021/8/16,谢良志,民营企业,"阿尔法高波动,等待周期更长,20厘米涨停爆发性强",行情酝酿中,大健康,-,-,政策支持,高新技术产业,消耗品,-
301048.SZ,301048,金鹰重工,小盘股,工业,交通运输设备,城轨铁路,湖北,10.93,创业板,火山口 派出小部队勇吃鱼身,连续多天小涨 龟壳战术吃鱼头,-,-,2021/8/18,中华人民共和国国务院,中央企业,"阿尔法高波动,等待周期更长,20厘米涨停爆发性强",行情酝酿中,-,-,制造业(工业母机),行业成熟稳定,传统行业,耐用品,-
301049.SZ,301049,超越科技,迷你盘,工业,污染治理,固废处理,安徽,22.34,创业板,-,-,-,-,2021/8/24,高志江,民营企业,"阿尔法高波动,等待周期更长,20厘米涨停爆发性强",行情酝酿中,-,-,民生,行业成熟稳定,传统行业,-,-
301050.SZ,301050,雷电微力,中盘股,工业,国防装备,国防装备,四川,49.81,创业板,-,-,-,-,2021/8/24,邓洁茹,民营企业,-,表现超预期,-,军工高铁产业链,-,政策支持,高新技术产业,-,-
301051.SZ,301051,信濠光电,迷你盘,信息技术,光学光电子,面板,深圳,22.35,创业板,火山口 派出小部队勇吃鱼身,-,-,-,2021/8/27,无实际控制人,其他,"阿尔法高波动,等待周期更长,20厘米涨停爆发性强",行情酝酿中,新科技,-,-,政策支持,高新技术产业,-,-
301052.SZ,301052,果麦文化,小盘股,通信服务,文化娱乐,出版,浙江,33.68,创业板,火山口 派出小部队勇吃鱼身,连续多天小涨 龟壳战术吃鱼头,-,-,2021/8/30,路金波,民营企业,"阿尔法高波动,等待周期更长,20厘米涨停爆发性强",行情酝酿中,-,-,文化体育,行业成熟稳定,传统行业,-,-
301053.SZ,301053,远信工业,大盘股,工业,专用机械,纺织服装机械,浙江,64.5,创业板,-,-,-,高人气,2021/9/1,陈少军,民营企业,-,表现超预期,-,-,制造业(工业母机),行业成熟稳定,高新技术产业,耐用品,-
301055.SZ,301055,张小泉,大盘股,可选消费,家居,其他家居,浙江,34.94,创业板,-,-,有涨停 火山口战法吃鱼身,高人气,2021/9/6,无实际控制人,其他,-,表现超预期,大消费,-,-,行业成熟稳定,传统行业,耐用品,-
301056.SZ,301056,森赫股份,中盘股,工业,专用机械,楼宇设备,浙江,16.53,创业板,-,-,-,-,2021/9/7,李东流,民营企业,-,表现超预期,-,-,制造业(工业母机),行业成熟稳定,传统行业,耐用品,-
301057.SZ,301057,汇隆新材,迷你盘,原材料,化学纤维,锦纶与涤纶,浙江,32.13,创业板,-,-,-,-,2021/9/9,沈顺华,民营企业,"阿尔法高波动,等待周期更长,20厘米涨停爆发性强",行情酝酿中,-,-,化工,行业成熟稳定,传统行业,耐用品,-
301058.SZ,301058,中粮科工,迷你盘,工业,建筑与工程,专业工程,江苏,9.92,创业板,火山口 派出小部队勇吃鱼身,连续多天小涨 龟壳战术吃鱼头,-,-,2021/9/9,中粮集团有限公司,中央企业,"阿尔法高波动,等待周期更长,20厘米涨停爆发性强",行情酝酿中,-,房地产产业链,-,行业成熟稳定,传统行业,耐用品,-
301059.SZ,301059,金三江,迷你盘,原材料,化学制品,其他化学制品,广东,14.24,创业板,火山口 派出小部队勇吃鱼身,连续多天小涨 龟壳战术吃鱼头,-,-,2021/9/13,赵国法,民营企业,"阿尔法高波动,等待周期更长,20厘米涨停爆发性强",行情酝酿中,-,-,化工,行业成熟稳定,传统行业,耐用品,-
301060.SZ,301060,兰卫医学,迷你盘,医药卫生,医疗商业与服务,医疗服务,上海,9.74,创业板,-,-,-,-,2021/9/13,曾伟雄,民营企业,"阿尔法高波动,等待周期更长,20厘米涨停爆发性强",行情酝酿中,大健康,-,-,行业成熟稳定,传统行业,消耗品,-
301061.SZ,301061,匠心家居,小盘股,可选消费,家居,家具,江苏,73.67,创业板,-,-,-,-,2021/9/13,李小勤,民营企业,"阿尔法高波动,等待周期更长,20厘米涨停爆发性强",表现超预期,大消费,-,-,行业成熟稳定,传统行业,耐用品,-
301062.SZ,301062,上海艾录,迷你盘,原材料,容器与包装,纸材料包装,上海,8.17,创业板,-,-,-,-,2021/9/14,陈安康,民营企业,"阿尔法高波动,等待周期更长,20厘米涨停爆发性强",行情酝酿中,-,电子商务产业链,-,行业成熟稳定,传统行业,-,-
301063.SZ,301063,海锅股份,小盘股,能源,油气开采与油田服务,油气开采,江苏,25.16,创业板,火山口 派出小部队勇吃鱼身,连续多天小涨 龟壳战术吃鱼头,-,-,2021/9/24,盛雪华,民营企业,"阿尔法高波动,等待周期更长,20厘米涨停爆发性强",行情酝酿中,新科技,特高压电力产业链,-,政策支持,高新技术产业,耐用品,-
301065.SZ,301065,本立科技,迷你盘,医药卫生,化学药,原料药,浙江,23.02,创业板,火山口 派出小部队勇吃鱼身,连续多天小涨 龟壳战术吃鱼头,-,-,2021/9/14,吴政杰,民营企业,"阿尔法高波动,等待周期更长,20厘米涨停爆发性强",行情酝酿中,大健康,-,-,政策支持,高新技术产业,消耗品,-
301066.SZ,301066,万事利,小盘股,可选消费,纺织服装,鞋帽与配饰,浙江,14.28,创业板,-,-,-,-,2021/9/22,李建华,民营企业,"阿尔法高波动,等待周期更长,20厘米涨停爆发性强",行情酝酿中,-,-,化工,行业成熟稳定,传统行业,消耗品,-
301067.SZ,301067,显盈科技,迷你盘,信息技术,电子终端及组件,电脑与外围设备,深圳,34.23,创业板,-,连续多天小涨 龟壳战术吃鱼头,-,-,2021/9/22,林涓,民营企业,"阿尔法高波动,等待周期更长,20厘米涨停爆发性强",表现超预期,新科技,-,-,政策支持,高新技术产业,-,-
301068.SZ,301068,大地海洋,中盘股,工业,节能与生态修复,节能与资源回收,浙江,38.7,创业板,-,-,有涨停 火山口战法吃鱼身,-,2021/9/28,唐伟忠,民营企业,-,表现超预期,-,-,民生,行业成熟稳定,传统行业,-,-
301069.SZ,301069,凯盛新材,中盘股,原材料,化学原料,其他化学原料,山东,21.88,创业板,火山口 派出小部队勇吃鱼身,-,-,-,2021/9/27,张松山,民营企业,-,行情酝酿中,-,-,化工,行业成熟稳定,传统行业,耐用品,-
301070.SZ,301070,开勒股份,大盘股,工业,专用机械,楼宇设备,上海,95.58,创业板,-,-,-,-,2021/9/23,卢小波,民营企业,-,表现超预期,-,-,制造业(工业母机),行业成熟稳定,传统行业,耐用品,-
301071.SZ,301071,力量钻石,大盘股,原材料,其他非金属材料,其他非金属材料,河南,46.63,创业板,-,-,-,-,2021/9/24,邵增明,民营企业,-,表现超预期,新能源,-,能源,行业成熟稳定,传统行业,消耗品,-
301072.SZ,301072,中捷精工,迷你盘,可选消费,汽车零部件与轮胎,其他汽车零部件,江苏,22.64,创业板,-,-,-,-,2021/9/29,魏忠,民营企业,"阿尔法高波动,等待周期更长,20厘米涨停爆发性强",行情酝酿中,-,智能汽车产业链,-,政策支持,传统行业,消耗品,-
301073.SZ,301073,君亭酒店,中盘股,可选消费,休闲服务,酒店,浙江,26.64,创业板,-,-,-,-,2021/9/30,吴启元,民营企业,-,行情酝酿中,-,实体经济,-,行业成熟稳定,传统行业,-,有量化参与
301075.SZ,301075,多瑞医药,中盘股,医药卫生,化学药,药品制剂,西藏,76.53,创业板,-,-,-,-,2021/9/29,崔子浩,民营企业,-,表现超预期,大健康,-,-,政策支持,高新技术产业,消耗品,-
301076.SZ,301076,新瀚新材,小盘股,原材料,化学制品,其他化学制品,江苏,38.88,创业板,火山口 派出小部队勇吃鱼身,-,-,-,2021/10/11,严留新,民营企业,"阿尔法高波动,等待周期更长,20厘米涨停爆发性强",行情酝酿中,-,-,化工,行业成熟稳定,传统行业,耐用品,-
301077.SZ,301077,星华新材,中盘股,原材料,化学制品,其他化学制品,浙江,28.83,创业板,-,-,-,-,2021/9/30,王世杰,民营企业,-,表现超预期,-,-,化工,行业成熟稳定,传统行业,耐用品,-
301078.SZ,301078,孩子王,中盘股,可选消费,专营零售,专营零售,江苏,8.87,创业板,火山口 派出小部队勇吃鱼身,连续多天小涨 龟壳战术吃鱼头,-,-,2021/10/14,汪建国,民营企业,-,行情酝酿中,-,实体经济,-,行业成熟稳定,传统行业,-,-
301079.SZ,301079,邵阳液压,大盘股,工业,通用机械,气液机械,湖南,50.53,创业板,-,-,-,-,2021/10/19,粟武洪,民营企业,-,表现超预期,-,-,制造业(工业母机),行业成熟稳定,传统行业,耐用品,-
301080.SZ,301080,百普赛斯,中盘股,医药卫生,生物药品,其他生物药品,北京,48.06,创业板,-,-,-,-,2021/10/18,陈宜顶,民营企业,-,表现超预期,大健康,-,-,政策支持,高新技术产业,消耗品,-
301081.SZ,301081,严牌股份,小盘股,工业,污染治理,烟气治理,浙江,15.17,创业板,火山口 派出小部队勇吃鱼身,连续多天小涨 龟壳战术吃鱼头,-,-,2021/10/20,孙尚泽,民营企业,"阿尔法高波动,等待周期更长,20厘米涨停爆发性强",行情酝酿中,-,-,民生,行业成熟稳定,传统行业,-,-
301082.SZ,301082,久盛电气,小盘股,工业,电网设备,线缆及其他,浙江,18.23,创业板,火山口 派出小部队勇吃鱼身,连续多天小涨 龟壳战术吃鱼头,-,-,2021/10/27,张建华,民营企业,"阿尔法高波动,等待周期更长,20厘米涨停爆发性强",行情酝酿中,新科技,特高压电力产业链,-,政策支持,高新技术产业,耐用品,-
301083.SZ,301083,百胜智能,迷你盘,信息技术,电子终端及组件,安防设备及其他,江西,17.5,创业板,火山口 派出小部队勇吃鱼身,-,-,-,2021/10/21,刘润根,民营企业,"阿尔法高波动,等待周期更长,20厘米涨停爆发性强",行情酝酿中,-,-,制造业(工业母机),行业成熟稳定,高新技术产业,耐用品,-
301085.SZ,301085,亚康股份,大盘股,通信服务,数据中心,数据中心,北京,67.3,创业板,-,-,-,-,2021/10/18,徐江,民营企业,-,表现超预期,国产替代,-,-,政策支持,传统行业,-,-
301086.SZ,301086,鸿富瀚,大盘股,信息技术,电子终端及组件,消费电子组件及零部件,深圳,168.35,创业板,-,-,有涨停 火山口战法吃鱼身,高人气,2021/10/20,张定武,民营企业,-,表现超预期,新科技,-,-,政策支持,高新技术产业,-,-
301087.SZ,301087,可孚医疗,中盘股,医药卫生,医疗器械,医疗设备,湖南,57.5,创业板,-,-,-,-,2021/10/25,张敏,民营企业,-,表现超预期,大健康,-,-,行业成熟稳定,传统行业,消耗品,-
301088.SZ,301088,戎美股份,迷你盘,可选消费,专营零售,专营零售,江苏,14.3,创业板,火山口 派出小部队勇吃鱼身,连续多天小涨 龟壳战术吃鱼头,-,-,2021/10/28,郭健,民营企业,"阿尔法高波动,等待周期更长,20厘米涨停爆发性强",行情酝酿中,大消费,-,-,行业成熟稳定,传统行业,耐用品,-
301089.SZ,301089,拓新药业,小盘股,医药卫生,化学药,原料药,河南,27.73,创业板,-,-,-,-,2021/10/27,杨西宁,民营企业,"阿尔法高波动,等待周期更长,20厘米涨停爆发性强",行情酝酿中,大健康,-,-,政策支持,高新技术产业,消耗品,-
301090.SZ,301090,华润材料,大盘股,原材料,容器与包装,金属、玻璃与塑料包装,江苏,9.01,创业板,-,-,有涨停 火山口战法吃鱼身,-,2021/10/26,国务院国有资产监督管理委员会,中央企业,-,表现超预期,-,-,化工,行业成熟稳定,传统行业,耐用品,-
301091.SZ,301091,深城交,中盘股,工业,建筑与工程,建筑设计及服务,深圳,23.29,创业板,-,-,有涨停 火山口战法吃鱼身,高人气,2021/10/29,深圳市人民政府国有资产监督管理委员会,地方国有企业,-,表现超预期,-,房地产产业链,-,行业成熟稳定,传统行业,耐用品,-
301092.SZ,301092,争光股份,迷你盘,原材料,塑料,合成树脂,浙江,34.34,创业板,火山口 派出小部队勇吃鱼身,连续多天小涨 龟壳战术吃鱼头,-,-,2021/11/2,沈建华,民营企业,"阿尔法高波动,等待周期更长,20厘米涨停爆发性强",行情酝酿中,-,-,化工,行业成熟稳定,传统行业,耐用品,-
301093.SZ,301093,华兰股份,中盘股,医药卫生,医疗器械,医疗耗材,江苏,75.62,创业板,-,-,-,-,2021/11/1,华国平,民营企业,-,表现超预期,大健康,-,-,行业成熟稳定,传统行业,消耗品,-
301095.SZ,301095,广立微,大盘股,信息技术,半导体材料与设备,半导体设备,浙江,86.33,创业板,-,-,-,-,2022/8/5,郑勇军,民营企业,-,表现超预期,新科技,-,-,政策支持,高新技术产业,-,-
301096.SZ,301096,百诚医药,中盘股,医药卫生,制药与生物科技服务,制药与生物科技服务,浙江,57.94,创业板,-,-,-,-,2021/12/20,楼金芳,民营企业,-,行情酝酿中,大健康,-,-,行业成熟稳定,传统行业,消耗品,-
301097.SZ,301097,天益医疗,迷你盘,医药卫生,医疗器械,医疗耗材,浙江,59.26,创业板,-,-,-,-,2022/4/7,吴志敏,民营企业,"阿尔法高波动,等待周期更长,20厘米涨停爆发性强",表现超预期,大健康,-,-,行业成熟稳定,传统行业,消耗品,-
301098.SZ,301098,金埔园林,迷你盘,工业,建筑与工程,园林工程,江苏,8.57,创业板,-,-,-,-,2021/11/12,王宜森,民营企业,"阿尔法高波动,等待周期更长,20厘米涨停爆发性强",行情酝酿中,-,房地产产业链,-,行业成熟稳定,传统行业,耐用品,-
301099.SZ,301099,雅创电子,中盘股,工业,商业服务与用品,贸易商,上海,53.88,创业板,-,-,-,-,2021/11/22,谢力书,民营企业,-,表现超预期,新科技,-,-,政策支持,高新技术产业,-,-
301100.SZ,301100,风光股份,迷你盘,原材料,化学制品,其他化学制品,辽宁,18.74,创业板,-,-,-,-,2021/12/17,王磊,民营企业,"阿尔法高波动,等待周期更长,20厘米涨停爆发性强",行情酝酿中,-,-,化工,行业成熟稳定,传统行业,耐用品,-
301101.SZ,301101,明月镜片,迷你盘,主要消费,美容护理,美容护理,江苏,34.86,创业板,火山口 派出小部队勇吃鱼身,连续多天小涨 龟壳战术吃鱼头,-,-,2021/12/16,谢公晚,民营企业,"阿尔法高波动,等待周期更长,20厘米涨停爆发性强",行情酝酿中,-,-,文化体育,行业成熟稳定,传统行业,-,-
301102.SZ,301102,兆讯传媒,迷你盘,通信服务,营销与广告,数字营销,天津,10.87,创业板,火山口 派出小部队勇吃鱼身,-,-,-,2022/3/28,苏壮强,外资,"阿尔法高波动,等待周期更长,20厘米涨停爆发性强",行情酝酿中,-,电子商务产业链,-,行业成熟稳定,传统行业,-,-
301103.SZ,301103,何氏眼科,迷你盘,医药卫生,医疗商业与服务,医疗服务,辽宁,19.14,创业板,火山口 派出小部队勇吃鱼身,-,-,-,2022/3/22,何伟,民营企业,"阿尔法高波动,等待周期更长,20厘米涨停爆发性强",行情酝酿中,大健康,-,-,行业成熟稳定,传统行业,消耗品,-
301105.SZ,301105,鸿铭股份,迷你盘,工业,专用机械,印刷包装机械,广东,58.43,创业板,火山口 派出小部队勇吃鱼身,连续多天小涨 龟壳战术吃鱼头,-,-,2022/12/30,金健,民营企业,"阿尔法高波动,等待周期更长,20厘米涨停爆发性强",行情酝酿中,-,-,制造业(工业母机),行业成熟稳定,高新技术产业,耐用品,-
301106.SZ,301106,骏成科技,小盘股,信息技术,光学光电子,面板,江苏,30.18,创业板,-,-,-,-,2022/1/28,应发祥,民营企业,"阿尔法高波动,等待周期更长,20厘米涨停爆发性强",表现超预期,新科技,-,-,政策支持,高新技术产业,-,-
301107.SZ,301107,瑜欣电子,迷你盘,工业,通用机械,动力机械,重庆,28.03,创业板,火山口 派出小部队勇吃鱼身,-,-,-,2022/5/24,胡欣睿,民营企业,"阿尔法高波动,等待周期更长,20厘米涨停爆发性强",行情酝酿中,-,-,制造业(工业母机),行业成熟稳定,传统行业,耐用品,-
301108.SZ,301108,洁雅股份,迷你盘,主要消费,家庭用品,家庭用品,安徽,27.45,创业板,火山口 派出小部队勇吃鱼身,连续多天小涨 龟壳战术吃鱼头,-,-,2021/12/3,蔡英传,民营企业,"阿尔法高波动,等待周期更长,20厘米涨停爆发性强",行情酝酿中,-,-,化工,行业成熟稳定,传统行业,消耗品,-
301109.SZ,301109,军信股份,小盘股,工业,污染治理,固废处理,湖南,15.09,创业板,-,-,-,-,2022/4/13,戴道国,民营企业,"阿尔法高波动,等待周期更长,20厘米涨停爆发性强",行情酝酿中,-,-,民生,行业成熟稳定,传统行业,-,-
301110.SZ,301110,青木科技,小盘股,可选消费,互联网零售,互联网零售,广东,61.41,创业板,火山口 派出小部队勇吃鱼身,-,-,-,2022/3/11,吕斌,民营企业,"阿尔法高波动,等待周期更长,20厘米涨停爆发性强",行情酝酿中,国产替代,电子商务产业链,-,政策支持,传统行业,-,-
301111.SZ,301111,粤万年青,小盘股,医药卫生,中药,中成药,广东,19.11,创业板,-,-,-,-,2021/12/7,欧先涛,民营企业,"阿尔法高波动,等待周期更长,20厘米涨停爆发性强",表现超预期,大健康,-,-,行业成熟稳定,传统行业,消耗品,-
301112.SZ,301112,信邦智能,迷你盘,工业,通用机械,电动机与工控自动化,广东,33.9,创业板,火山口 派出小部队勇吃鱼身,-,-,-,2022/6/29,李罡,民营企业,"阿尔法高波动,等待周期更长,20厘米涨停爆发性强",行情酝酿中,-,-,制造业(工业母机),行业成熟稳定,高新技术产业,耐用品,-
301113.SZ,301113,雅艺科技,迷你盘,可选消费,家居,家具,浙江,25.3,创业板,-,-,-,-,2021/12/22,叶跃庭,民营企业,"阿尔法高波动,等待周期更长,20厘米涨停爆发性强",行情酝酿中,大消费,-,-,行业成熟稳定,传统行业,耐用品,-
301115.SZ,301115,联检科技,小盘股,工业,建筑与工程,建筑设计及服务,江苏,21.4,创业板,火山口 派出小部队勇吃鱼身,连续多天小涨 龟壳战术吃鱼头,-,-,2022/8/31,杨江金,民营企业,"阿尔法高波动,等待周期更长,20厘米涨停爆发性强",行情酝酿中,-,房地产产业链,-,行业成熟稳定,传统行业,耐用品,-
301116.SZ,301116,益客食品,迷你盘,主要消费,养殖,畜牧产品,江苏,10.37,创业板,火山口 派出小部队勇吃鱼身,连续多天小涨 龟壳战术吃鱼头,-,-,2022/1/18,田立余,民营企业,"阿尔法高波动,等待周期更长,20厘米涨停爆发性强",行情酝酿中,大消费,-,-,行业成熟稳定,传统行业,消耗品,-
301117.SZ,301117,佳缘科技,中盘股,信息技术,信息技术服务,系统集成服务,四川,45.9,创业板,-,-,-,-,2022/1/17,王进,民营企业,-,表现超预期,国产替代,-,-,政策支持,传统行业,-,-
301118.SZ,301118,恒光股份,迷你盘,原材料,化学原料,氯碱,湖南,24.39,创业板,-,-,-,-,2021/11/18,曹立祥,民营企业,"阿尔法高波动,等待周期更长,20厘米涨停爆发性强",行情酝酿中,-,-,化工,行业成熟稳定,传统行业,耐用品,-
301119.SZ,301119,正强股份,小盘股,可选消费,汽车零部件与轮胎,汽车系统部件,浙江,45.98,创业板,火山口 派出小部队勇吃鱼身,-,-,-,2021/11/22,许正庆,民营企业,"阿尔法高波动,等待周期更长,20厘米涨停爆发性强",表现超预期,-,智能汽车产业链,-,政策支持,传统行业,消耗品,-
301120.SZ,301120,新特电气,大盘股,工业,电网设备,输变电设备,北京,23,创业板,-,-,-,-,2022/4/19,谭勇,民营企业,-,表现超预期,新科技,特高压电力产业链,-,政策支持,高新技术产业,耐用品,-
301121.SZ,301121,紫建电子,迷你盘,工业,储能设备,电池,重庆,38.1,创业板,火山口 派出小部队勇吃鱼身,-,-,-,2022/8/8,朱传钦,民营企业,"阿尔法高波动,等待周期更长,20厘米涨停爆发性强",行情酝酿中,新科技,特高压电力产业链,-,政策支持,高新技术产业,耐用品,-
301122.SZ,301122,采纳股份,迷你盘,医药卫生,医疗器械,医疗耗材,江苏,30.44,创业板,-,-,-,-,2022/1/26,陆军,民营企业,"阿尔法高波动,等待周期更长,20厘米涨停爆发性强",表现超预期,大健康,-,-,行业成熟稳定,传统行业,消耗品,-
301123.SZ,301123,奕东电子,大盘股,信息技术,电子终端及组件,消费电子组件及零部件,广东,68.53,创业板,-,-,有涨停 火山口战法吃鱼身,高人气,2022/1/25,邓玉泉,民营企业,-,表现超预期,新科技,-,-,政策支持,高新技术产业,-,-
301125.SZ,301125,腾亚精工,小盘股,工业,通用机械,其他通用机械,江苏,22.88,创业板,-,-,有涨停 火山口战法吃鱼身,-,2022/6/8,乐清勇,民营企业,"阿尔法高波动,等待周期更长,20厘米涨停爆发性强",表现超预期,-,-,制造业(工业母机),行业成熟稳定,传统行业,耐用品,-
301126.SZ,301126,达嘉维康,迷你盘,医药卫生,医疗商业与服务,医药商业,湖南,11.18,创业板,-,-,-,-,2021/12/7,王毅清,民营企业,"阿尔法高波动,等待周期更长,20厘米涨停爆发性强",行情酝酿中,-,实体经济,-,政策支持,传统行业,消耗品,-
301127.SZ,301127,武汉天源,中盘股,工业,污染治理,污水处理,湖北,16.09,创业板,-,-,-,-,2021/12/30,黄昭玮,民营企业,-,行情酝酿中,-,-,民生,行业成熟稳定,传统行业,-,-
301128.SZ,301128,强瑞技术,大盘股,工业,专用机械,其他专用机械,深圳,183.59,创业板,-,-,-,-,2021/11/10,尹高斌,民营企业,-,表现超预期,-,-,制造业(工业母机),行业成熟稳定,高新技术产业,耐用品,有量化参与
301129.SZ,301129,瑞纳智能,小盘股,工业,通用机械,仪器仪表,安徽,27.26,创业板,火山口 派出小部队勇吃鱼身,连续多天小涨 龟壳战术吃鱼头,-,-,2021/11/2,于大永,民营企业,"阿尔法高波动,等待周期更长,20厘米涨停爆发性强",行情酝酿中,-,智能汽车产业链,制造业(工业母机),行业成熟稳定,传统行业,耐用品,-
301130.SZ,301130,西点药业,迷你盘,医药卫生,化学药,药品制剂,吉林,30.88,创业板,-,-,-,-,2022/2/23,张俊,民营企业,"阿尔法高波动,等待周期更长,20厘米涨停爆发性强",行情酝酿中,大健康,-,-,政策支持,高新技术产业,消耗品,-
301131.SZ,301131,聚赛龙,迷你盘,原材料,塑料,改性塑料,广东,42.5,创业板,火山口 派出小部队勇吃鱼身,-,-,-,2022/3/14,郝源增,民营企业,"阿尔法高波动,等待周期更长,20厘米涨停爆发性强",行情酝酿中,-,-,化工,行业成熟稳定,传统行业,消耗品,-
301132.SZ,301132,满坤科技,中盘股,信息技术,电子元件,印制电路板,江西,42.45,创业板,火山口 派出小部队勇吃鱼身,连续多天小涨 龟壳战术吃鱼头,-,-,2022/8/10,洪俊城,民营企业,-,行情酝酿中,新科技,-,-,政策支持,高新技术产业,-,-
301133.SZ,301133,金钟股份,中盘股,可选消费,汽车零部件与轮胎,汽车内饰与外饰,广东,45.93,创业板,-,-,-,-,2021/11/26,辛洪萍,民营企业,-,表现超预期,-,智能汽车产业链,-,政策支持,传统行业,消耗品,-
301135.SZ,301135,瑞德智能,迷你盘,可选消费,家用电器,家电零部件及其他,广东,28.58,创业板,火山口 派出小部队勇吃鱼身,连续多天小涨 龟壳战术吃鱼头,-,-,2022/4/12,汪军,民营企业,"阿尔法高波动,等待周期更长,20厘米涨停爆发性强",行情酝酿中,新科技,-,-,政策支持,高新技术产业,-,-
301136.SZ,301136,招标股份,小盘股,工业,建筑与工程,建筑设计及服务,福建,15.96,创业板,火山口 派出小部队勇吃鱼身,连续多天小涨 龟壳战术吃鱼头,-,-,2022/1/11,福建省人民政府国有资产监督管理委员会,地方国有企业,"阿尔法高波动,等待周期更长,20厘米涨停爆发性强",行情酝酿中,-,房地产产业链,-,行业成熟稳定,传统行业,耐用品,-
301137.SZ,301137,哈焊华通,中盘股,工业,通用机械,其他通用机械,江苏,45.18,创业板,火山口 派出小部队勇吃鱼身,-,-,-,2022/3/22,中国机械科学研究总院集团有限公司,中央企业,-,行情酝酿中,-,-,制造业(工业母机),行业成熟稳定,传统行业,耐用品,-
301138.SZ,301138,华研精机,迷你盘,工业,专用机械,印刷包装机械,广东,38.34,创业板,火山口 派出小部队勇吃鱼身,-,-,-,2021/12/15,包贺林,民营企业,"阿尔法高波动,等待周期更长,20厘米涨停爆发性强",行情酝酿中,-,-,制造业(工业母机),行业成熟稳定,高新技术产业,耐用品,-
301139.SZ,301139,元道通信,中盘股,通信服务,通信技术服务,通信技术服务,新疆,18.23,创业板,-,-,-,-,2022/7/8,李晋,民营企业,-,表现超预期,新基建,-,-,政策支持,高新技术产业,-,-
301141.SZ,301141,中科磁业,中盘股,原材料,稀有金属,稀土金属,浙江,53.53,创业板,火山口 派出小部队勇吃鱼身,连续多天小涨 龟壳战术吃鱼头,-,-,2023/4/3,吴中平,民营企业,-,行情酝酿中,新能源,-,能源,行业成熟稳定,传统行业,消耗品,-
301148.SZ,301148,嘉戎技术,大盘股,工业,污染治理,污水处理,福建,64.28,创业板,-,-,有涨停 火山口战法吃鱼身,高人气,2022/4/21,蒋林煜,民营企业,-,表现超预期,-,-,民生,行业成熟稳定,传统行业,-,-
301149.SZ,301149,隆华新材,中盘股,原材料,化学制品,聚氨酯,山东,12.89,创业板,-,连续多天小涨 龟壳战术吃鱼头,-,-,2021/11/10,韩志刚,民营企业,-,表现超预期,-,-,化工,行业成熟稳定,传统行业,耐用品,-
301150.SZ,301150,中一科技,大盘股,工业,储能设备,电池部件及材料,湖北,61.15,创业板,-,-,-,-,2022/4/21,汪立,民营企业,-,表现超预期,新科技,特高压电力产业链,-,政策支持,高新技术产业,耐用品,-
301151.SZ,301151,冠龙节能,迷你盘,工业,通用机械,气液机械,上海,18.82,创业板,火山口 派出小部队勇吃鱼身,连续多天小涨 龟壳战术吃鱼头,-,-,2022/4/11,李政宏,外资,"阿尔法高波动,等待周期更长,20厘米涨停爆发性强",行情酝酿中,-,-,制造业(工业母机),行业成熟稳定,传统行业,耐用品,-
301152.SZ,301152,天力锂能,中盘股,工业,储能设备,电池部件及材料,河南,30.13,创业板,-,-,-,-,2022/8/29,王瑞庆,民营企业,-,表现超预期,新能源,-,-,行业成熟稳定,传统行业,消耗品,-
301153.SZ,301153,中科江南,中盘股,信息技术,软件开发,行业应用软件,北京,24.95,创业板,火山口 派出小部队勇吃鱼身,连续多天小涨 龟壳战术吃鱼头,-,-,2022/5/18,广州市人民政府国有资产监督管理委员会,地方国有企业,-,行情酝酿中,国产替代,-,-,政策支持,传统行业,-,-
301155.SZ,301155,海力风电,中盘股,工业,发电设备,风电设备,江苏,66.72,创业板,火山口 派出小部队勇吃鱼身,连续多天小涨 龟壳战术吃鱼头,-,-,2021/11/24,许世俊,民营企业,-,行情酝酿中,新科技,特高压电力产业链,-,政策支持,高新技术产业,耐用品,-
301156.SZ,301156,美农生物,迷你盘,主要消费,养殖,饲料,上海,18.54,创业板,火山口 派出小部队勇吃鱼身,-,-,-,2022/6/17,洪伟,民营企业,"阿尔法高波动,等待周期更长,20厘米涨停爆发性强",行情酝酿中,-,-,粮食,行业成熟稳定,传统行业,消耗品,-
301157.SZ,301157,华塑科技,大盘股,工业,储能设备,其他储能设备,浙江,85.74,创业板,-,-,有涨停 火山口战法吃鱼身,-,2023/3/9,杨冬强,民营企业,-,表现超预期,新科技,特高压电力产业链,-,政策支持,高新技术产业,耐用品,-
301158.SZ,301158,德石股份,中盘股,能源,油气开采与油田服务,油气开采,山东,22.96,创业板,-,-,-,-,2022/1/17,孙伟杰,民营企业,-,行情酝酿中,-,-,制造业(工业母机),行业成熟稳定,高新技术产业,耐用品,有量化参与
301159.SZ,301159,三维天地,迷你盘,信息技术,软件开发,行业应用软件,北京,41.68,创业板,-,-,-,-,2022/1/7,金震,民营企业,"阿尔法高波动,等待周期更长,20厘米涨停爆发性强",行情酝酿中,国产替代,-,-,政策支持,传统行业,-,-
301160.SZ,301160,翔楼新材,中盘股,原材料,钢铁,特钢,江苏,60.19,创业板,-,-,-,-,2022/6/6,钱和生,民营企业,-,表现超预期,-,-,制造业(工业母机),行业成熟稳定,传统行业,耐用品,-
301161.SZ,301161,唯万密封,小盘股,工业,通用机械,其他通用机械,上海,31.15,创业板,-,-,-,-,2022/9/14,董静,民营企业,"阿尔法高波动,等待周期更长,20厘米涨停爆发性强",行情酝酿中,-,-,制造业(工业母机),行业成熟稳定,高新技术产业,耐用品,-
301162.SZ,301162,国能日新,小盘股,信息技术,软件开发,行业应用软件,北京,68.97,创业板,-,-,-,-,2022/4/29,雍正,民营企业,"阿尔法高波动,等待周期更长,20厘米涨停爆发性强",表现超预期,国产替代,-,-,政策支持,传统行业,-,-
301163.SZ,301163,宏德股份,小盘股,工业,发电设备,风电设备,江苏,31.08,创业板,-,-,-,-,2022/4/19,杨金德,民营企业,"阿尔法高波动,等待周期更长,20厘米涨停爆发性强",行情酝酿中,新科技,特高压电力产业链,-,政策支持,高新技术产业,耐用品,-
301165.SZ,301165,锐捷网络,大盘股,通信服务,通信设备,通信系统设备及组件,福建,95.97,创业板,火山口 派出小部队勇吃鱼身,连续多天小涨 龟壳战术吃鱼头,-,-,2022/11/21,福建省人民政府国有资产监督管理委员会,地方国有企业,-,行情酝酿中,新基建,-,-,政策支持,高新技术产业,-,-
301166.SZ,301166,优宁维,迷你盘,医药卫生,医疗商业与服务,医药商业,上海,30.52,创业板,火山口 派出小部队勇吃鱼身,-,-,-,2021/12/28,冷兆武,民营企业,"阿尔法高波动,等待周期更长,20厘米涨停爆发性强",行情酝酿中,-,实体经济,-,政策支持,传统行业,消耗品,-
301167.SZ,301167,建研设计,迷你盘,工业,建筑与工程,建筑设计及服务,安徽,16.67,创业板,火山口 派出小部队勇吃鱼身,连续多天小涨 龟壳战术吃鱼头,-,-,2021/12/6,安徽省人民政府国有资产监督管理委员会,地方国有企业,"阿尔法高波动,等待周期更长,20厘米涨停爆发性强",行情酝酿中,-,房地产产业链,-,行业成熟稳定,传统行业,耐用品,-
301168.SZ,301168,通灵股份,小盘股,工业,发电设备,光伏设备,江苏,45.1,创业板,-,-,-,-,2021/12/10,严荣飞,民营企业,"阿尔法高波动,等待周期更长,20厘米涨停爆发性强",行情酝酿中,新科技,特高压电力产业链,-,政策支持,高新技术产业,耐用品,-
301169.SZ,301169,零点有数,小盘股,工业,商业服务与用品,其他商业服务与用品,北京,58.73,创业板,-,-,-,-,2021/11/3,袁岳,民营企业,"阿尔法高波动,等待周期更长,20厘米涨停爆发性强",表现超预期,-,-,文化体育,行业成熟稳定,传统行业,-,-
301170.SZ,301170,锡南科技,迷你盘,可选消费,汽车零部件与轮胎,汽车系统部件,江苏,28.98,创业板,火山口 派出小部队勇吃鱼身,连续多天小涨 龟壳战术吃鱼头,-,-,2023/6/27,李忠良,民营企业,"阿尔法高波动,等待周期更长,20厘米涨停爆发性强",行情酝酿中,-,智能汽车产业链,-,政策支持,传统行业,消耗品,-
301171.SZ,301171,易点天下,大盘股,通信服务,营销与广告,数字营销,陕西,48.94,创业板,-,-,-,-,2022/8/19,邹小武,民营企业,-,表现超预期,国产替代,电子商务产业链,-,政策支持,传统行业,-,-
301172.SZ,301172,君逸数码,中盘股,信息技术,信息技术服务,系统集成服务,四川,30.27,创业板,-,-,-,-,2023/7/26,曾立军,民营企业,-,表现超预期,国产替代,-,-,政策支持,传统行业,-,-
301173.SZ,301173,毓恬冠佳,迷你盘,可选消费,汽车零部件与轮胎,汽车内饰与外饰,上海,43.75,创业板,火山口 派出小部队勇吃鱼身,连续多天小涨 龟壳战术吃鱼头,-,-,2025/3/3,吴军,民营企业,"阿尔法高波动,等待周期更长,20厘米涨停爆发性强",行情酝酿中,-,智能汽车产业链,-,政策支持,传统行业,消耗品,-
301175.SZ,301175,中科环保,小盘股,工业,污染治理,固废处理,北京,6.24,创业板,火山口 派出小部队勇吃鱼身,连续多天小涨 龟壳战术吃鱼头,-,-,2022/7/8,中国科学院控股有限公司,中央企业,"阿尔法高波动,等待周期更长,20厘米涨停爆发性强",行情酝酿中,-,-,民生,行业成熟稳定,传统行业,-,-
301176.SZ,301176,逸豪新材,中盘股,信息技术,电子元件,印制电路板,江西,29.24,创业板,-,-,-,-,2022/9/28,张剑萌,民营企业,-,行情酝酿中,新科技,-,-,政策支持,高新技术产业,-,-
301177.SZ,301177,迪阿股份,迷你盘,可选消费,珠宝与奢侈品,珠宝与奢侈品,深圳,29.02,创业板,火山口 派出小部队勇吃鱼身,连续多天小涨 龟壳战术吃鱼头,-,-,2021/12/15,张国涛,民营企业,"阿尔法高波动,等待周期更长,20厘米涨停爆发性强",行情酝酿中,大消费,-,-,行业成熟稳定,传统行业,耐用品,-
301178.SZ,301178,天亿马,中盘股,信息技术,信息技术服务,系统集成服务,广东,55.2,创业板,-,-,-,-,2021/11/12,林明玲,民营企业,-,表现超预期,国产替代,-,-,政策支持,传统行业,-,-
301179.SZ,301179,泽宇智能,大盘股,工业,电网设备,电网自动化,江苏,26.4,创业板,-,-,-,-,2021/12/8,张剑,民营企业,-,表现超预期,国产替代,-,-,政策支持,传统行业,-,-
301180.SZ,301180,万祥科技,小盘股,信息技术,电子终端及组件,消费电子组件及零部件,江苏,20.68,创业板,-,-,-,-,2021/11/16,黄军,民营企业,"阿尔法高波动,等待周期更长,20厘米涨停爆发性强",表现超预期,新科技,-,-,政策支持,高新技术产业,-,-
301181.SZ,301181,标榜股份,中盘股,可选消费,汽车零部件与轮胎,汽车系统部件,江苏,45.72,创业板,-,-,-,-,2022/2/21,赵奇,民营企业,-,表现超预期,-,智能汽车产业链,-,政策支持,传统行业,消耗品,有量化参与
301182.SZ,301182,凯旺科技,中盘股,信息技术,电子终端及组件,安防设备及其他,河南,68.26,创业板,-,-,-,-,2021/12/23,陈海刚,民营企业,-,表现超预期,新科技,-,-,政策支持,高新技术产业,-,-
301183.SZ,301183,东田微,大盘股,信息技术,光学光电子,光学元件,湖北,199.12,创业板,-,-,-,-,2022/5/24,高登华,民营企业,-,表现超预期,新科技,-,-,政策支持,高新技术产业,-,-
301185.SZ,301185,鸥玛软件,迷你盘,信息技术,软件开发,行业应用软件,山东,18.99,创业板,火山口 派出小部队勇吃鱼身,连续多天小涨 龟壳战术吃鱼头,-,-,2021/11/19,山东省人民政府国有资产监督管理委员会,地方国有企业,"阿尔法高波动,等待周期更长,20厘米涨停爆发性强",行情酝酿中,国产替代,-,-,政策支持,传统行业,-,-
301186.SZ,301186,超达装备,中盘股,可选消费,汽车零部件与轮胎,汽车内饰与外饰,江苏,67.18,创业板,-,-,-,-,2021/12/23,陈存友,民营企业,-,表现超预期,-,-,制造业(工业母机),行业成熟稳定,高新技术产业,耐用品,-
301187.SZ,301187,欧圣电气,迷你盘,可选消费,家用电器,小家电,江苏,19.94,创业板,-,-,-,-,2022/4/22,WEIDONG LU,外资,"阿尔法高波动,等待周期更长,20厘米涨停爆发性强",行情酝酿中,大消费,-,-,行业成熟稳定,传统行业,耐用品,-
301188.SZ,301188,力诺药包,大盘股,可选消费,家居,其他家居,山东,25.06,创业板,-,-,-,-,2021/11/11,高元坤,民营企业,-,表现超预期,-,-,化工,行业成熟稳定,传统行业,耐用品,-
301189.SZ,301189,奥尼电子,大盘股,信息技术,电子终端及组件,安防设备及其他,深圳,82,创业板,-,-,有涨停 火山口战法吃鱼身,高人气,2021/12/28,吴世杰,民营企业,-,表现超预期,新基建,-,-,政策支持,高新技术产业,-,-
301190.SZ,301190,善水科技,迷你盘,原材料,化学制品,印染化学品,江西,22.21,创业板,-,-,-,-,2021/12/24,吴新艳,民营企业,"阿尔法高波动,等待周期更长,20厘米涨停爆发性强",行情酝酿中,-,房地产产业链,-,行业成熟稳定,传统行业,耐用品,-
301191.SZ,301191,菲菱科思,大盘股,通信服务,通信设备,通信系统设备及组件,深圳,146,创业板,-,-,-,-,2022/5/26,陈龙发,民营企业,-,表现超预期,新基建,-,-,政策支持,高新技术产业,-,有量化参与
301192.SZ,301192,泰祥股份,迷你盘,可选消费,汽车零部件与轮胎,汽车系统部件,湖北,26.05,创业板,-,-,-,-,2022/8/11,王世斌,民营企业,"阿尔法高波动,等待周期更长,20厘米涨停爆发性强",行情酝酿中,-,智能汽车产业链,-,政策支持,传统行业,消耗品,-
301193.SZ,301193,家联科技,小盘股,可选消费,家居,其他家居,浙江,21.88,创业板,-,-,-,-,2021/12/9,王熊,民营企业,"阿尔法高波动,等待周期更长,20厘米涨停爆发性强",表现超预期,大消费,-,-,行业成熟稳定,传统行业,耐用品,-
301195.SZ,301195,北路智控,迷你盘,信息技术,信息技术服务,系统集成服务,江苏,32.29,创业板,火山口 派出小部队勇吃鱼身,连续多天小涨 龟壳战术吃鱼头,-,-,2022/8/1,于胜利,民营企业,"阿尔法高波动,等待周期更长,20厘米涨停爆发性强",行情酝酿中,国产替代,-,-,政策支持,传统行业,-,-
301196.SZ,301196,唯科科技,大盘股,原材料,塑料,其他塑料制品,福建,117.11,创业板,-,-,-,-,2022/1/11,庄辉阳,民营企业,-,表现超预期,-,-,制造业(工业母机),行业成熟稳定,高新技术产业,耐用品,有量化参与
301197.SZ,301197,工大科雅,中盘股,信息技术,信息技术服务,系统集成服务,河北,27.48,创业板,-,-,-,-,2022/8/8,齐承英,民营企业,-,表现超预期,国产替代,-,-,政策支持,传统行业,-,-
301198.SZ,301198,喜悦智行,迷你盘,原材料,容器与包装,金属、玻璃与塑料包装,浙江,14.21,创业板,火山口 派出小部队勇吃鱼身,-,-,-,2021/12/2,罗志强,民营企业,"阿尔法高波动,等待周期更长,20厘米涨停爆发性强",行情酝酿中,-,-,化工,行业成熟稳定,传统行业,消耗品,-
301199.SZ,301199,迈赫股份,迷你盘,工业,专用机械,其他专用机械,山东,22.92,创业板,火山口 派出小部队勇吃鱼身,-,-,-,2021/12/7,王金平,民营企业,"阿尔法高波动,等待周期更长,20厘米涨停爆发性强",行情酝酿中,-,-,制造业(工业母机),行业成熟稳定,高新技术产业,耐用品,-
301200.SZ,301200,大族数控,大盘股,工业,专用机械,其他专用机械,深圳,202.79,创业板,-,-,-,-,2022/2/28,高云峰,外资,-,表现超预期,-,-,制造业(工业母机),行业成熟稳定,高新技术产业,耐用品,-
301201.SZ,301201,诚达药业,大盘股,医药卫生,制药与生物科技服务,制药与生物科技服务,浙江,41.85,创业板,-,-,-,-,2022/1/20,葛建利,民营企业,-,行情酝酿中,大健康,-,-,政策支持,高新技术产业,消耗品,-
301202.SZ,301202,朗威股份,小盘股,通信服务,数据中心,数据中心,江苏,41.53,创业板,-,-,-,-,2023/7/5,高利擎,民营企业,"阿尔法高波动,等待周期更长,20厘米涨停爆发性强",表现超预期,-,-,制造业(工业母机),行业成熟稳定,传统行业,耐用品,-
301203.SZ,301203,国泰环保,迷你盘,工业,污染治理,污水处理,浙江,41.14,创业板,火山口 派出小部队勇吃鱼身,连续多天小涨 龟壳战术吃鱼头,-,-,2023/4/4,陈柏校,民营企业,"阿尔法高波动,等待周期更长,20厘米涨停爆发性强",行情酝酿中,-,-,民生,行业成熟稳定,传统行业,-,-
301205.SZ,301205,联特科技,大盘股,通信服务,通信设备,通信系统设备及组件,湖北,285.55,创业板,-,-,-,-,2022/9/13,张健,民营企业,-,表现超预期,新基建,-,-,政策支持,高新技术产业,-,-
301206.SZ,301206,三元生物,迷你盘,主要消费,食品,其他食品,山东,26.28,创业板,火山口 派出小部队勇吃鱼身,-,-,-,2022/2/10,聂在建,民营企业,"阿尔法高波动,等待周期更长,20厘米涨停爆发性强",行情酝酿中,大消费,-,-,行业成熟稳定,传统行业,消耗品,-
301207.SZ,301207,华兰疫苗,小盘股,医药卫生,生物药品,疫苗,河南,19.91,创业板,火山口 派出小部队勇吃鱼身,连续多天小涨 龟壳战术吃鱼头,-,-,2022/2/18,安康,民营企业,"阿尔法高波动,等待周期更长,20厘米涨停爆发性强",行情酝酿中,大健康,-,-,政策支持,高新技术产业,消耗品,-
301208.SZ,301208,中亦科技,迷你盘,通信服务,数据中心,数据中心,北京,35.01,创业板,火山口 派出小部队勇吃鱼身,连续多天小涨 龟壳战术吃鱼头,-,-,2022/7/7,徐晓飞,民营企业,"阿尔法高波动,等待周期更长,20厘米涨停爆发性强",行情酝酿中,国产替代,-,-,政策支持,传统行业,-,-
301209.SZ,301209,联合化学,小盘股,原材料,化学制品,涂料油墨,山东,95.13,创业板,-,连续多天小涨 龟壳战术吃鱼头,-,-,2022/8/25,李秀梅,民营企业,"阿尔法高波动,等待周期更长,20厘米涨停爆发性强",行情酝酿中,-,房地产产业链,-,行业成熟稳定,传统行业,耐用品,-
301210.SZ,301210,金杨精密,中盘股,工业,储能设备,电池部件及材料,江苏,40.19,创业板,火山口 派出小部队勇吃鱼身,连续多天小涨 龟壳战术吃鱼头,-,-,2023/6/30,杨建林,民营企业,-,行情酝酿中,新科技,特高压电力产业链,-,政策支持,高新技术产业,耐用品,-
301211.SZ,301211,亨迪药业,迷你盘,医药卫生,化学药,原料药,湖北,12.01,创业板,火山口 派出小部队勇吃鱼身,-,-,-,2021/12/22,刘益谦,民营企业,"阿尔法高波动,等待周期更长,20厘米涨停爆发性强",行情酝酿中,大健康,-,-,政策支持,高新技术产业,消耗品,-
301212.SZ,301212,联盛化学,迷你盘,原材料,化学制品,其他化学制品,浙江,27.35,创业板,-,-,-,-,2022/4/19,牟建宇,民营企业,"阿尔法高波动,等待周期更长,20厘米涨停爆发性强",行情酝酿中,-,-,化工,行业成熟稳定,传统行业,耐用品,-
301213.SZ,301213,观想科技,小盘股,工业,国防装备,国防装备,四川,70.13,创业板,火山口 派出小部队勇吃鱼身,连续多天小涨 龟壳战术吃鱼头,-,-,2021/12/6,魏强,民营企业,"阿尔法高波动,等待周期更长,20厘米涨停爆发性强",行情酝酿中,国产替代,-,-,政策支持,传统行业,-,-
301215.SZ,301215,中汽股份,迷你盘,工业,商业服务与用品,其他商业服务与用品,江苏,6.22,创业板,火山口 派出小部队勇吃鱼身,连续多天小涨 龟壳战术吃鱼头,-,-,2022/3/8,国务院国有资产监督管理委员会,中央企业,"阿尔法高波动,等待周期更长,20厘米涨停爆发性强",行情酝酿中,-,智能汽车产业链,-,政策支持,传统行业,-,-
301216.SZ,301216,万凯新材,中盘股,原材料,容器与包装,金属、玻璃与塑料包装,浙江,29.48,创业板,-,-,-,-,2022/3/29,沈志刚,民营企业,-,表现超预期,-,-,化工,行业成熟稳定,传统行业,耐用品,-
301217.SZ,301217,铜冠铜箔,大盘股,信息技术,电子元件,印制电路板,安徽,47.54,创业板,-,-,-,-,2022/1/27,安徽省人民政府国有资产监督管理委员会,地方国有企业,-,表现超预期,新科技,-,-,政策支持,高新技术产业,-,-
301218.SZ,301218,华是科技,小盘股,信息技术,信息技术服务,系统集成服务,浙江,35.19,创业板,-,-,-,-,2022/3/7,郑剑波,民营企业,"阿尔法高波动,等待周期更长,20厘米涨停爆发性强",行情酝酿中,国产替代,-,-,政策支持,传统行业,-,-
301219.SZ,301219,腾远钴业,大盘股,原材料,工业金属,铜,江西,83.06,创业板,-,-,有涨停 火山口战法吃鱼身,-,2022/3/17,罗洁,民营企业,-,表现超预期,新能源,-,-,行业成熟稳定,传统行业,消耗品,-
301220.SZ,301220,亚香股份,小盘股,原材料,化学制品,其他化学制品,江苏,39.71,创业板,火山口 派出小部队勇吃鱼身,-,-,-,2022/6/22,周军学,民营企业,"阿尔法高波动,等待周期更长,20厘米涨停爆发性强",行情酝酿中,-,-,化工,行业成熟稳定,传统行业,耐用品,有量化参与
301221.SZ,301221,光庭信息,小盘股,可选消费,汽车零部件与轮胎,汽车电子,湖北,53.35,创业板,火山口 派出小部队勇吃鱼身,-,-,-,2021/12/22,朱敦尧,民营企业,"阿尔法高波动,等待周期更长,20厘米涨停爆发性强",行情酝酿中,国产替代,-,-,政策支持,传统行业,-,-
301222.SZ,301222,浙江恒威,中盘股,工业,储能设备,电池,浙江,38.98,创业板,-,-,-,-,2022/3/9,汪剑平,民营企业,-,表现超预期,新科技,特高压电力产业链,-,政策支持,高新技术产业,耐用品,-
301223.SZ,301223,中荣股份,迷你盘,原材料,容器与包装,纸材料包装,广东,19.91,创业板,火山口 派出小部队勇吃鱼身,连续多天小涨 龟壳战术吃鱼头,-,-,2022/10/26,黄焕然,民营企业,"阿尔法高波动,等待周期更长,20厘米涨停爆发性强",行情酝酿中,-,电子商务产业链,-,行业成熟稳定,传统行业,-,-
301225.SZ,301225,恒勃股份,中盘股,可选消费,汽车零部件与轮胎,汽车系统部件,浙江,115.8,创业板,-,-,-,-,2023/6/16,周书忠,民营企业,-,行情酝酿中,-,智能汽车产业链,-,政策支持,传统行业,消耗品,有量化参与
301226.SZ,301226,祥明智能,中盘股,工业,通用机械,电动机与工控自动化,江苏,40.37,创业板,-,-,-,-,2022/3/25,张敏,民营企业,-,行情酝酿中,新科技,特高压电力产业链,-,政策支持,高新技术产业,耐用品,-
301227.SZ,301227,森鹰窗业,中盘股,工业,建筑产品,建筑产品,黑龙江,35.79,创业板,-,-,-,-,2022/9/26,边书平,民营企业,-,表现超预期,大消费,-,-,行业成熟稳定,传统行业,耐用品,-
301228.SZ,301228,实朴检测,大盘股,工业,节能与生态修复,环境监测,上海,57.91,创业板,-,-,有涨停 火山口战法吃鱼身,-,2022/1/28,杨进,民营企业,-,表现超预期,-,智能汽车产业链,制造业(工业母机),行业成熟稳定,传统行业,耐用品,-
301229.SZ,301229,纽泰格,迷你盘,可选消费,汽车零部件与轮胎,汽车系统部件,江苏,18.61,创业板,火山口 派出小部队勇吃鱼身,连续多天小涨 龟壳战术吃鱼头,-,-,2022/2/22,张义,民营企业,"阿尔法高波动,等待周期更长,20厘米涨停爆发性强",行情酝酿中,-,智能汽车产业链,-,政策支持,传统行业,消耗品,-
301230.SZ,301230,泓博医药,中盘股,医药卫生,制药与生物科技服务,制药与生物科技服务,上海,40.06,创业板,火山口 派出小部队勇吃鱼身,-,-,-,2022/11/1,PING CHEN,外资,-,行情酝酿中,大健康,-,-,政策支持,高新技术产业,消耗品,-
301231.SZ,301231,荣信文化,小盘股,通信服务,文化娱乐,出版,陕西,31.5,创业板,-,-,-,-,2022/9/8,王艺桦,民营企业,"阿尔法高波动,等待周期更长,20厘米涨停爆发性强",行情酝酿中,-,-,文化体育,行业成熟稳定,传统行业,-,-
301232.SZ,301232,飞沃科技,大盘股,工业,发电设备,风电设备,湖南,221.5,创业板,-,-,有涨停 火山口战法吃鱼身,高人气,2023/6/15,张友君,民营企业,-,表现超预期,-,-,制造业(工业母机),行业成熟稳定,传统行业,耐用品,-
301233.SZ,301233,盛帮股份,迷你盘,可选消费,汽车零部件与轮胎,汽车系统部件,四川,54.76,创业板,火山口 派出小部队勇吃鱼身,连续多天小涨 龟壳战术吃鱼头,-,-,2022/7/6,赖喜隆,民营企业,"阿尔法高波动,等待周期更长,20厘米涨停爆发性强",行情酝酿中,-,智能汽车产业链,-,政策支持,传统行业,消耗品,-
301234.SZ,301234,五洲医疗,迷你盘,医药卫生,医疗器械,医疗耗材,安徽,39.21,创业板,火山口 派出小部队勇吃鱼身,连续多天小涨 龟壳战术吃鱼头,-,-,2022/7/5,黄凡,民营企业,"阿尔法高波动,等待周期更长,20厘米涨停爆发性强",表现超预期,大健康,-,-,行业成熟稳定,传统行业,消耗品,-
301235.SZ,301235,华康洁净,中盘股,工业,建筑装修,建筑装修,湖北,51.73,创业板,火山口 派出小部队勇吃鱼身,连续多天小涨 龟壳战术吃鱼头,-,-,2022/1/28,谭平涛,民营企业,-,表现超预期,大健康,-,-,行业成熟稳定,传统行业,消耗品,-
301236.SZ,301236,软通动力,大盘股,信息技术,信息技术服务,其他IT与互联网服务,北京,40.27,创业板,火山口 派出小部队勇吃鱼身,-,-,-,2022/3/15,刘天文,民营企业,-,行情酝酿中,国产替代,-,-,政策支持,传统行业,-,-
301237.SZ,301237,和顺科技,中盘股,原材料,塑料,膜材料,浙江,71.17,创业板,火山口 派出小部队勇吃鱼身,-,有涨停 火山口战法吃鱼身,-,2022/3/23,范和强,民营企业,-,表现超预期,-,-,化工,行业成熟稳定,传统行业,消耗品,-
301238.SZ,301238,瑞泰新材,中盘股,工业,储能设备,电池部件及材料,江苏,21.6,创业板,-,-,-,-,2022/6/17,张家港市国有资产管理中心,地方国有企业,-,表现超预期,-,-,化工,行业成熟稳定,传统行业,耐用品,-
301239.SZ,301239,普瑞眼科,小盘股,医药卫生,医疗商业与服务,医疗服务,四川,37.24,创业板,-,-,-,-,2022/7/5,徐旭阳,民营企业,"阿尔法高波动,等待周期更长,20厘米涨停爆发性强",行情酝酿中,大健康,-,-,行业成熟稳定,传统行业,消耗品,-
301246.SZ,301246,宏源药业,大盘股,医药卫生,化学药,原料药,湖北,24.3,创业板,-,-,-,-,2023/3/20,阎晓辉,民营企业,-,表现超预期,大健康,-,-,政策支持,高新技术产业,消耗品,-
301248.SZ,301248,杰创智能,大盘股,信息技术,信息技术服务,系统集成服务,广东,58.92,创业板,-,-,有涨停 火山口战法吃鱼身,高人气,2022/4/20,孙超,民营企业,-,表现超预期,国产替代,-,-,政策支持,传统行业,-,有量化参与
301251.SZ,301251,威尔高,中盘股,信息技术,电子元件,印制电路板,江西,68.41,创业板,火山口 派出小部队勇吃鱼身,连续多天小涨 龟壳战术吃鱼头,-,-,2023/9/6,邓艳群,民营企业,-,行情酝酿中,新科技,-,-,政策支持,高新技术产业,-,-
301252.SZ,301252,同星科技,小盘股,工业,通用机械,其他通用机械,浙江,39.3,创业板,-,-,-,-,2023/5/25,张良灿,民营企业,"阿尔法高波动,等待周期更长,20厘米涨停爆发性强",行情酝酿中,-,-,制造业(工业母机),行业成熟稳定,传统行业,耐用品,-
301255.SZ,301255,通力科技,中盘股,工业,通用机械,动力机械,浙江,30.1,创业板,-,-,-,-,2022/12/27,项献忠,民营企业,-,表现超预期,-,-,制造业(工业母机),行业成熟稳定,传统行业,耐用品,-
301256.SZ,301256,华融化学,中盘股,原材料,化学原料,其他化学原料,四川,13.88,创业板,-,-,-,-,2022/3/22,刘永好,民营企业,-,表现超预期,-,-,化工,行业成熟稳定,传统行业,耐用品,-
301257.SZ,301257,普蕊斯,小盘股,医药卫生,制药与生物科技服务,制药与生物科技服务,上海,57.86,创业板,-,-,-,-,2022/5/17,赖春宝,民营企业,"阿尔法高波动,等待周期更长,20厘米涨停爆发性强",行情酝酿中,大健康,-,-,行业成熟稳定,传统行业,消耗品,-
301258.SZ,301258,富士莱,迷你盘,医药卫生,化学药,原料药,江苏,31.97,创业板,火山口 派出小部队勇吃鱼身,-,-,-,2022/3/29,钱祥云,民营企业,"阿尔法高波动,等待周期更长,20厘米涨停爆发性强",行情酝酿中,大健康,-,-,政策支持,高新技术产业,消耗品,-
301259.SZ,301259,艾布鲁,大盘股,工业,污染治理,污水处理,湖南,38.71,创业板,-,-,有涨停 火山口战法吃鱼身,-,2022/4/26,钟儒波,民营企业,-,表现超预期,-,-,民生,行业成熟稳定,传统行业,-,-
301260.SZ,301260,格力博,迷你盘,工业,专用机械,农业机械,江苏,15.69,创业板,火山口 派出小部队勇吃鱼身,连续多天小涨 龟壳战术吃鱼头,-,-,2023/2/8,陈寅,民营企业,"阿尔法高波动,等待周期更长,20厘米涨停爆发性强",行情酝酿中,-,-,制造业(工业母机),行业成熟稳定,高新技术产业,耐用品,-
301261.SZ,301261,恒工精密,小盘股,工业,通用机械,气液机械,河北,77.9,创业板,火山口 派出小部队勇吃鱼身,连续多天小涨 龟壳战术吃鱼头,-,-,2023/7/10,魏志勇,民营企业,"阿尔法高波动,等待周期更长,20厘米涨停爆发性强",行情酝酿中,-,-,制造业(工业母机),行业成熟稳定,传统行业,耐用品,-
301262.SZ,301262,海看股份,小盘股,通信服务,文化娱乐,广播与电视,山东,23.48,创业板,-,-,-,-,2023/6/20,山东广播电视台,地方国有企业,"阿尔法高波动,等待周期更长,20厘米涨停爆发性强",行情酝酿中,-,-,文化体育,行业成熟稳定,传统行业,-,-
301263.SZ,301263,泰恩康,小盘股,医药卫生,医疗商业与服务,医药商业,广东,28.95,创业板,火山口 派出小部队勇吃鱼身,连续多天小涨 龟壳战术吃鱼头,-,-,2022/3/29,郑汉杰,民营企业,"阿尔法高波动,等待周期更长,20厘米涨停爆发性强",行情酝酿中,-,实体经济,-,政策支持,传统行业,消耗品,-
301265.SZ,301265,华新科技,大盘股,工业,节能与生态修复,节能与资源回收,北京,23.5,创业板,-,-,-,-,2022/12/16,张军,民营企业,-,表现超预期,-,-,民生,行业成熟稳定,传统行业,-,-
301266.SZ,301266,宇邦新材,中盘股,工业,发电设备,光伏设备,江苏,40.31,创业板,-,-,-,-,2022/6/8,肖锋,民营企业,-,表现超预期,新科技,特高压电力产业链,-,政策支持,高新技术产业,耐用品,-
301267.SZ,301267,华厦眼科,迷你盘,医药卫生,医疗商业与服务,医疗服务,福建,17.04,创业板,-,-,-,-,2022/11/7,苏庆灿,民营企业,"阿尔法高波动,等待周期更长,20厘米涨停爆发性强",行情酝酿中,大健康,-,-,行业成熟稳定,传统行业,消耗品,-
301268.SZ,301268,铭利达,小盘股,工业,发电设备,光伏设备,深圳,22.73,创业板,火山口 派出小部队勇吃鱼身,连续多天小涨 龟壳战术吃鱼头,-,-,2022/4/7,陶诚,民营企业,"阿尔法高波动,等待周期更长,20厘米涨停爆发性强",行情酝酿中,-,-,制造业(工业母机),行业成熟稳定,传统行业,耐用品,-
301269.SZ,301269,华大九天,大盘股,信息技术,集成电路,集成电路设计,北京,85.85,创业板,火山口 派出小部队勇吃鱼身,-,-,-,2022/7/29,国务院国有资产监督管理委员会,中央企业,-,行情酝酿中,新科技,-,-,政策支持,高新技术产业,-,-
301270.SZ,301270,汉仪股份,中盘股,信息技术,软件开发,通用软件,北京,35.77,创业板,-,-,-,-,2022/8/31,谢立群,民营企业,-,表现超预期,国产替代,-,-,政策支持,传统行业,-,-
301272.SZ,301272,英华特,迷你盘,工业,通用机械,气液机械,江苏,41.35,创业板,火山口 派出小部队勇吃鱼身,连续多天小涨 龟壳战术吃鱼头,-,-,2023/7/13,陈毅敏,民营企业,"阿尔法高波动,等待周期更长,20厘米涨停爆发性强",行情酝酿中,-,-,制造业(工业母机),行业成熟稳定,高新技术产业,耐用品,-
301273.SZ,301273,瑞晨环保,迷你盘,工业,通用机械,气液机械,上海,31.06,创业板,火山口 派出小部队勇吃鱼身,-,-,-,2022/10/25,陈万东,民营企业,"阿尔法高波动,等待周期更长,20厘米涨停爆发性强",行情酝酿中,-,-,制造业(工业母机),行业成熟稳定,传统行业,耐用品,-
301275.SZ,301275,汉朔科技,中盘股,通信服务,通信设备,通信终端设备及组件,浙江,41.65,创业板,火山口 派出小部队勇吃鱼身,连续多天小涨 龟壳战术吃鱼头,-,-,2025/3/11,侯世国,民营企业,-,行情酝酿中,新科技,-,-,政策支持,高新技术产业,-,-
301276.SZ,301276,嘉曼服饰,迷你盘,可选消费,纺织服装,服装,北京,24.93,创业板,火山口 派出小部队勇吃鱼身,连续多天小涨 龟壳战术吃鱼头,-,-,2022/9/9,刘溦,民营企业,"阿尔法高波动,等待周期更长,20厘米涨停爆发性强",行情酝酿中,大消费,-,-,行业成熟稳定,传统行业,耐用品,-
301277.SZ,301277,新天地,迷你盘,医药卫生,化学药,原料药,河南,11.95,创业板,-,-,-,-,2022/11/16,谢建中,民营企业,"阿尔法高波动,等待周期更长,20厘米涨停爆发性强",行情酝酿中,大健康,-,-,政策支持,高新技术产业,消耗品,-
301278.SZ,301278,快可电子,小盘股,工业,发电设备,光伏设备,江苏,39.9,创业板,火山口 派出小部队勇吃鱼身,-,-,-,2022/8/4,段正刚,民营企业,"阿尔法高波动,等待周期更长,20厘米涨停爆发性强",行情酝酿中,新科技,特高压电力产业链,-,政策支持,高新技术产业,耐用品,-
301279.SZ,301279,金道科技,小盘股,工业,专用机械,工程机械,浙江,29.64,创业板,火山口 派出小部队勇吃鱼身,-,-,-,2022/4/13,金言荣,民营企业,"阿尔法高波动,等待周期更长,20厘米涨停爆发性强",表现超预期,-,-,制造业(工业母机),行业成熟稳定,高新技术产业,耐用品,-
301280.SZ,301280,珠城科技,中盘股,信息技术,电子终端及组件,消费电子组件及零部件,浙江,62.18,创业板,火山口 派出小部队勇吃鱼身,连续多天小涨 龟壳战术吃鱼头,-,-,2022/12/26,张建春,民营企业,-,表现超预期,新科技,-,-,政策支持,高新技术产业,-,-
301281.SZ,301281,科源制药,小盘股,医药卫生,化学药,原料药,山东,38.24,创业板,-,-,-,-,2023/4/4,高元坤,民营企业,"阿尔法高波动,等待周期更长,20厘米涨停爆发性强",表现超预期,大健康,-,-,政策支持,高新技术产业,消耗品,-
301282.SZ,301282,金禄电子,大盘股,信息技术,电子元件,印制电路板,广东,46.4,创业板,-,-,有涨停 火山口战法吃鱼身,高人气,2022/8/26,李继林,民营企业,-,表现超预期,新科技,-,-,政策支持,高新技术产业,-,-
301283.SZ,301283,聚胶股份,小盘股,原材料,化学制品,胶黏剂及胶带,广东,48.9,创业板,-,-,-,高人气,2022/9/2,陈曙光,民营企业,"阿尔法高波动,等待周期更长,20厘米涨停爆发性强",表现超预期,-,-,化工,行业成熟稳定,传统行业,消耗品,-
301285.SZ,301285,鸿日达,大盘股,信息技术,电子终端及组件,消费电子组件及零部件,江苏,101,创业板,-,-,-,-,2022/9/28,王玉田,民营企业,-,表现超预期,新科技,-,-,政策支持,高新技术产业,-,-
301286.SZ,301286,侨源股份,中盘股,原材料,化学原料,其他化学原料,四川,50.99,创业板,-,-,-,-,2022/6/14,乔志涌,民营企业,-,表现超预期,-,-,化工,行业成熟稳定,传统行业,耐用品,-
301287.SZ,301287,康力源,迷你盘,可选消费,休闲设备与用品,休闲设备与用品,江苏,42.95,创业板,火山口 派出小部队勇吃鱼身,连续多天小涨 龟壳战术吃鱼头,-,-,2023/6/14,衡墩建,民营企业,"阿尔法高波动,等待周期更长,20厘米涨停爆发性强",行情酝酿中,-,-,文化体育,行业成熟稳定,传统行业,-,-
301288.SZ,301288,*ST清研,迷你盘,工业,污染治理,污水处理,深圳,18.54,创业板,-,-,-,-,2022/4/22,刘淑杰,民营企业,"阿尔法高波动,等待周期更长,20厘米涨停爆发性强",表现超预期,-,-,民生,行业成熟稳定,传统行业,-,-
301289.SZ,301289,国缆检测,迷你盘,工业,商业服务与用品,其他商业服务与用品,上海,56.06,创业板,火山口 派出小部队勇吃鱼身,连续多天小涨 龟壳战术吃鱼头,-,-,2022/6/22,上海市国有资产监督管理委员会,地方国有企业,"阿尔法高波动,等待周期更长,20厘米涨停爆发性强",行情酝酿中,-,智能汽车产业链,制造业(工业母机),行业成熟稳定,传统行业,耐用品,-
301290.SZ,301290,东星医疗,迷你盘,医药卫生,医疗器械,医疗耗材,江苏,27.61,创业板,火山口 派出小部队勇吃鱼身,连续多天小涨 龟壳战术吃鱼头,-,-,2022/11/30,万世平,民营企业,"阿尔法高波动,等待周期更长,20厘米涨停爆发性强",行情酝酿中,大健康,-,-,行业成熟稳定,传统行业,消耗品,-
301291.SZ,301291,明阳电气,大盘股,工业,电网设备,配电设备,广东,55.19,创业板,火山口 派出小部队勇吃鱼身,连续多天小涨 龟壳战术吃鱼头,-,-,2023/6/30,张传卫,民营企业,-,行情酝酿中,新科技,特高压电力产业链,-,政策支持,高新技术产业,耐用品,-
301292.SZ,301292,海科新源,大盘股,工业,储能设备,电池部件及材料,山东,92.6,创业板,-,-,有涨停 火山口战法吃鱼身,-,2023/7/7,杨晓宏,民营企业,-,表现超预期,-,-,化工,行业成熟稳定,传统行业,耐用品,-
301293.SZ,301293,三博脑科,大盘股,医药卫生,医疗商业与服务,医疗服务,北京,68.8,创业板,-,-,-,-,2023/5/5,张阳,民营企业,-,行情酝酿中,大健康,-,-,行业成熟稳定,传统行业,消耗品,-
301295.SZ,301295,美硕科技,小盘股,工业,电网设备,电网自动化,浙江,40.99,创业板,-,-,-,-,2023/6/28,黄晓湖,民营企业,"阿尔法高波动,等待周期更长,20厘米涨停爆发性强",表现超预期,新科技,特高压电力产业链,-,政策支持,高新技术产业,耐用品,-
301296.SZ,301296,新巨丰,迷你盘,原材料,容器与包装,纸材料包装,山东,7.92,创业板,火山口 派出小部队勇吃鱼身,连续多天小涨 龟壳战术吃鱼头,-,-,2022/9/2,袁训军,民营企业,"阿尔法高波动,等待周期更长,20厘米涨停爆发性强",行情酝酿中,-,电子商务产业链,-,行业成熟稳定,传统行业,-,-
301297.SZ,301297,富乐德,大盘股,信息技术,电子元件,印制电路板,安徽,37.34,创业板,-,-,-,-,2022/12/30,无实际控制人,其他,-,表现超预期,新科技,-,-,政策支持,高新技术产业,-,-
301298.SZ,301298,东利机械,迷你盘,可选消费,汽车零部件与轮胎,汽车系统部件,河北,16.36,创业板,火山口 派出小部队勇吃鱼身,连续多天小涨 龟壳战术吃鱼头,-,-,2022/6/6,王征,民营企业,"阿尔法高波动,等待周期更长,20厘米涨停爆发性强",行情酝酿中,-,智能汽车产业链,-,政策支持,传统行业,消耗品,-
301299.SZ,301299,卓创资讯,中盘股,信息技术,信息技术服务,其他IT与互联网服务,山东,68.51,创业板,-,-,-,-,2022/10/19,姜虎林,民营企业,-,行情酝酿中,国产替代,电子商务产业链,-,政策支持,传统行业,-,-
301300.SZ,301300,远翔新材,迷你盘,原材料,橡胶,橡胶助剂,福建,44.32,创业板,火山口 派出小部队勇吃鱼身,-,-,-,2022/8/19,王承辉,民营企业,"阿尔法高波动,等待周期更长,20厘米涨停爆发性强",行情酝酿中,-,-,化工,行业成熟稳定,传统行业,耐用品,-
301301.SZ,301301,川宁生物,小盘股,医药卫生,化学药,原料药,新疆,10.32,创业板,-,-,-,-,2022/12/27,刘革新,民营企业,"阿尔法高波动,等待周期更长,20厘米涨停爆发性强",行情酝酿中,大健康,-,-,政策支持,高新技术产业,消耗品,-
301302.SZ,301302,华如科技,小盘股,工业,国防装备,国防装备,北京,22.09,创业板,火山口 派出小部队勇吃鱼身,-,-,-,2022/6/23,李杰,民营企业,"阿尔法高波动,等待周期更长,20厘米涨停爆发性强",行情酝酿中,国产替代,-,-,政策支持,传统行业,-,-
301303.SZ,301303,真兰仪表,小盘股,工业,通用机械,仪器仪表,上海,15.96,创业板,火山口 派出小部队勇吃鱼身,连续多天小涨 龟壳战术吃鱼头,-,-,2023/2/20,无实际控制人,其他,"阿尔法高波动,等待周期更长,20厘米涨停爆发性强",行情酝酿中,-,智能汽车产业链,制造业(工业母机),行业成熟稳定,传统行业,耐用品,-
301305.SZ,301305,朗坤科技,小盘股,工业,污染治理,固废处理,深圳,27.37,创业板,-,-,-,-,2023/5/23,陈建湘,民营企业,"阿尔法高波动,等待周期更长,20厘米涨停爆发性强",表现超预期,-,-,民生,行业成熟稳定,传统行业,-,-
301306.SZ,301306,西测测试,大盘股,工业,商业服务与用品,其他商业服务与用品,陕西,173.94,创业板,-,-,-,-,2022/7/26,李泽新,民营企业,-,表现超预期,-,军工高铁产业链,-,政策支持,高新技术产业,-,-
301307.SZ,301307,美利信,大盘股,可选消费,汽车零部件与轮胎,其他汽车零部件,重庆,45.4,创业板,火山口 派出小部队勇吃鱼身,-,-,-,2023/4/24,余克飞,民营企业,-,表现超预期,新基建,-,-,政策支持,高新技术产业,-,-
301308.SZ,301308,江波龙,大盘股,信息技术,电子终端及组件,电脑与外围设备,深圳,370.52,创业板,-,-,-,-,2022/8/5,蔡华波,民营企业,-,表现超预期,新科技,-,-,政策支持,高新技术产业,-,有量化参与
301309.SZ,301309,万得凯,中盘股,工业,建筑产品,建筑产品,浙江,35.2,创业板,-,-,-,高人气,2022/9/19,钟兴富,民营企业,-,表现超预期,-,-,制造业(工业母机),行业成熟稳定,传统行业,耐用品,-
301310.SZ,301310,鑫宏业,大盘股,工业,电网设备,线缆及其他,江苏,56.53,创业板,-,-,有涨停 火山口战法吃鱼身,-,2023/6/2,卜晓华,民营企业,-,表现超预期,-,智能汽车产业链,-,政策支持,传统行业,消耗品,-
301311.SZ,301311,昆船智能,迷你盘,工业,专用机械,其他专用机械,云南,16.82,创业板,火山口 派出小部队勇吃鱼身,连续多天小涨 龟壳战术吃鱼头,-,-,2022/11/30,国务院国有资产监督管理委员会,中央企业,"阿尔法高波动,等待周期更长,20厘米涨停爆发性强",行情酝酿中,-,-,制造业(工业母机),行业成熟稳定,传统行业,耐用品,-
301312.SZ,301312,智立方,大盘股,工业,通用机械,电动机与工控自动化,深圳,120.8,创业板,-,-,-,-,2022/7/11,邱鹏,民营企业,-,表现超预期,-,-,制造业(工业母机),行业成熟稳定,高新技术产业,耐用品,-
301313.SZ,301313,凡拓数创,中盘股,信息技术,信息技术服务,系统集成服务,广东,34,创业板,-,-,-,-,2022/9/30,伍穗颖,民营企业,-,表现超预期,-,-,文化体育,行业成熟稳定,传统行业,-,-
301314.SZ,301314,科瑞思,中盘股,信息技术,电子元件,被动元件,广东,51.3,创业板,火山口 派出小部队勇吃鱼身,-,-,-,2023/3/28,于志江,民营企业,-,行情酝酿中,新科技,-,-,政策支持,高新技术产业,-,-
301315.SZ,301315,威士顿,迷你盘,信息技术,软件开发,行业应用软件,上海,50.76,创业板,火山口 派出小部队勇吃鱼身,-,-,-,2023/6/21,茆宇忠,民营企业,"阿尔法高波动,等待周期更长,20厘米涨停爆发性强",行情酝酿中,国产替代,-,-,政策支持,传统行业,-,-
301316.SZ,301316,慧博云通,大盘股,信息技术,信息技术服务,其他IT与互联网服务,浙江,47.31,创业板,-,-,-,-,2022/10/13,余浩,民营企业,-,表现超预期,国产替代,-,-,政策支持,传统行业,-,-
301317.SZ,301317,鑫磊股份,中盘股,工业,通用机械,气液机械,浙江,63.05,创业板,-,-,-,-,2023/1/19,钟仁志,民营企业,-,表现超预期,-,-,制造业(工业母机),行业成熟稳定,传统行业,耐用品,-
301318.SZ,301318,维海德,迷你盘,信息技术,电子终端及组件,安防设备及其他,深圳,27.25,创业板,火山口 派出小部队勇吃鱼身,-,-,-,2022/8/10,陈涛,民营企业,"阿尔法高波动,等待周期更长,20厘米涨停爆发性强",行情酝酿中,新基建,-,-,政策支持,高新技术产业,-,-
301319.SZ,301319,唯特偶,大盘股,信息技术,电子化学品,电子化学品,深圳,68.39,创业板,-,-,有涨停 火山口战法吃鱼身,-,2022/9/29,廖高兵,民营企业,-,表现超预期,新科技,-,-,政策支持,高新技术产业,-,-
301320.SZ,301320,豪江智能,迷你盘,工业,通用机械,电动机与工控自动化,山东,17.17,创业板,火山口 派出小部队勇吃鱼身,-,-,-,2023/6/9,宫志强,民营企业,"阿尔法高波动,等待周期更长,20厘米涨停爆发性强",行情酝酿中,新科技,特高压电力产业链,-,政策支持,高新技术产业,耐用品,-
301321.SZ,301321,翰博高新,中盘股,信息技术,光学光电子,面板,安徽,23.89,创业板,-,-,-,-,2022/8/18,王照忠,民营企业,-,表现超预期,新科技,-,-,政策支持,高新技术产业,-,-
301322.SZ,301322,绿通科技,小盘股,可选消费,摩托车及其他,摩托车及其他,广东,35.9,创业板,-,-,-,-,2023/3/6,张志江,民营企业,"阿尔法高波动,等待周期更长,20厘米涨停爆发性强",表现超预期,-,智能汽车产业链,-,行业成熟稳定,传统行业,耐用品,-
301323.SZ,301323,新莱福,中盘股,原材料,稀有金属,稀土金属,广东,65.71,创业板,火山口 派出小部队勇吃鱼身,连续多天小涨 龟壳战术吃鱼头,-,-,2023/6/6,汪小明,民营企业,-,表现超预期,-,-,化工,行业成熟稳定,传统行业,耐用品,-
301325.SZ,301325,曼恩斯特,小盘股,工业,专用机械,其他专用机械,深圳,46.4,创业板,-,-,-,-,2023/5/12,唐雪姣,民营企业,"阿尔法高波动,等待周期更长,20厘米涨停爆发性强",行情酝酿中,-,-,制造业(工业母机),行业成熟稳定,高新技术产业,耐用品,-
301326.SZ,301326,捷邦科技,中盘股,信息技术,电子终端及组件,消费电子组件及零部件,广东,165.67,创业板,火山口 派出小部队勇吃鱼身,连续多天小涨 龟壳战术吃鱼头,-,-,2022/9/21,杨巍,民营企业,-,行情酝酿中,新科技,-,-,政策支持,高新技术产业,-,-
301327.SZ,301327,华宝新能,中盘股,工业,储能设备,电池,深圳,64.28,创业板,火山口 派出小部队勇吃鱼身,-,-,-,2022/9/19,孙中伟,民营企业,-,行情酝酿中,新科技,特高压电力产业链,-,政策支持,高新技术产业,耐用品,-
301328.SZ,301328,维峰电子,中盘股,工业,通用机械,电动机与工控自动化,广东,58.97,创业板,-,-,-,-,2022/9/8,李文化,民营企业,-,表现超预期,新科技,-,-,政策支持,高新技术产业,-,-
301329.SZ,301329,信音电子,迷你盘,信息技术,电子终端及组件,消费电子组件及零部件,江苏,23.46,创业板,火山口 派出小部队勇吃鱼身,连续多天小涨 龟壳战术吃鱼头,-,-,2023/7/17,无实际控制人,其他,"阿尔法高波动,等待周期更长,20厘米涨停爆发性强",行情酝酿中,新科技,-,-,政策支持,高新技术产业,-,-
301330.SZ,301330,熵基科技,小盘股,信息技术,电子终端及组件,安防设备及其他,广东,34.46,创业板,火山口 派出小部队勇吃鱼身,-,-,-,2022/8/17,车全宏,民营企业,"阿尔法高波动,等待周期更长,20厘米涨停爆发性强",行情酝酿中,新基建,-,-,政策支持,高新技术产业,-,-
301331.SZ,301331,恩威医药,迷你盘,医药卫生,中药,中成药,西藏,26.39,创业板,-,-,-,-,2022/9/21,薛永新,民营企业,"阿尔法高波动,等待周期更长,20厘米涨停爆发性强",行情酝酿中,大健康,-,-,行业成熟稳定,传统行业,消耗品,-
301332.SZ,301332,德尔玛,迷你盘,可选消费,家用电器,小家电,广东,9.35,创业板,火山口 派出小部队勇吃鱼身,连续多天小涨 龟壳战术吃鱼头,-,-,2023/5/18,蔡铁强,民营企业,"阿尔法高波动,等待周期更长,20厘米涨停爆发性强",行情酝酿中,大消费,-,-,行业成熟稳定,传统行业,耐用品,-
301333.SZ,301333,诺思格,小盘股,医药卫生,制药与生物科技服务,制药与生物科技服务,北京,67.73,创业板,-,-,-,-,2022/8/2,WU JIE,外资,"阿尔法高波动,等待周期更长,20厘米涨停爆发性强",行情酝酿中,大健康,-,-,行业成熟稳定,传统行业,消耗品,有量化参与
301335.SZ,301335,天元宠物,小盘股,主要消费,家庭用品,家庭用品,浙江,26.59,创业板,-,-,-,-,2022/11/18,薛元潮,民营企业,"阿尔法高波动,等待周期更长,20厘米涨停爆发性强",表现超预期,-,-,文化体育,行业成熟稳定,传统行业,-,-
301336.SZ,301336,趣睡科技,迷你盘,可选消费,家居,家具,四川,51.35,创业板,-,-,-,-,2022/8/12,李勇,民营企业,"阿尔法高波动,等待周期更长,20厘米涨停爆发性强",行情酝酿中,大消费,-,-,行业成熟稳定,传统行业,耐用品,-
301337.SZ,301337,亚华电子,迷你盘,通信服务,通信设备,通信系统设备及组件,山东,28.29,创业板,火山口 派出小部队勇吃鱼身,连续多天小涨 龟壳战术吃鱼头,-,-,2023/5/26,耿玉泉,民营企业,"阿尔法高波动,等待周期更长,20厘米涨停爆发性强",行情酝酿中,国产替代,-,-,政策支持,传统行业,-,-
301338.SZ,301338,凯格精机,大盘股,工业,专用机械,其他专用机械,广东,180.91,创业板,-,-,有涨停 火山口战法吃鱼身,-,2022/8/16,邱国良,民营企业,-,表现超预期,-,-,制造业(工业母机),行业成熟稳定,高新技术产业,耐用品,-
301339.SZ,301339,通行宝,迷你盘,通信服务,通信设备,通信终端设备及组件,江苏,13.35,创业板,火山口 派出小部队勇吃鱼身,连续多天小涨 龟壳战术吃鱼头,-,-,2022/9/9,江苏省政府国有资产监督管理委员会,地方国有企业,"阿尔法高波动,等待周期更长,20厘米涨停爆发性强",行情酝酿中,新基建,-,-,政策支持,高新技术产业,-,-
301345.SZ,301345,涛涛车业,中盘股,可选消费,摩托车及其他,摩托车及其他,浙江,239.59,创业板,-,-,-,高人气,2023/3/21,曹马涛,民营企业,-,表现超预期,-,智能汽车产业链,-,行业成熟稳定,传统行业,耐用品,有量化参与
301348.SZ,301348,蓝箭电子,中盘股,信息技术,分立器件,分立器件,广东,24.73,创业板,火山口 派出小部队勇吃鱼身,-,-,-,2023/8/10,王成名,民营企业,-,行情酝酿中,新科技,-,-,政策支持,高新技术产业,-,-
301349.SZ,301349,信德新材,大盘股,工业,储能设备,电池部件及材料,辽宁,62.4,创业板,-,-,-,-,2022/9/9,尹洪涛,民营企业,-,表现超预期,-,-,化工,行业成熟稳定,传统行业,耐用品,-
301353.SZ,301353,普莱得,迷你盘,工业,通用机械,其他通用机械,浙江,28.17,创业板,火山口 派出小部队勇吃鱼身,连续多天小涨 龟壳战术吃鱼头,-,-,2023/5/30,杨伟明,民营企业,"阿尔法高波动,等待周期更长,20厘米涨停爆发性强",行情酝酿中,-,-,制造业(工业母机),行业成熟稳定,高新技术产业,耐用品,-
301355.SZ,301355,南王科技,迷你盘,原材料,容器与包装,纸材料包装,福建,12.47,创业板,火山口 派出小部队勇吃鱼身,-,-,-,2023/6/12,陈凯声,民营企业,"阿尔法高波动,等待周期更长,20厘米涨停爆发性强",行情酝酿中,-,电子商务产业链,-,行业成熟稳定,传统行业,-,-
301356.SZ,301356,天振股份,迷你盘,工业,建筑产品,建筑产品,浙江,21.52,创业板,-,-,-,-,2022/11/14,方庆华,民营企业,"阿尔法高波动,等待周期更长,20厘米涨停爆发性强",行情酝酿中,大消费,-,-,行业成熟稳定,传统行业,耐用品,-
301357.SZ,301357,北方长龙,中盘股,工业,国防装备,国防装备,陕西,115.1,创业板,火山口 派出小部队勇吃鱼身,-,-,-,2023/4/18,陈跃,民营企业,-,行情酝酿中,-,-,制造业(工业母机),行业成熟稳定,高新技术产业,耐用品,-
301358.SZ,301358,湖南裕能,大盘股,工业,储能设备,电池部件及材料,湖南,83.38,创业板,-,-,-,-,2023/2/9,无实际控制人,其他,-,表现超预期,新科技,特高压电力产业链,-,政策支持,高新技术产业,耐用品,有量化参与
301359.SZ,301359,东南电子,迷你盘,工业,电网设备,配电设备,浙江,21.42,创业板,火山口 派出小部队勇吃鱼身,-,-,-,2022/11/9,仇文奎,民营企业,"阿尔法高波动,等待周期更长,20厘米涨停爆发性强",行情酝酿中,新科技,-,-,政策支持,高新技术产业,-,-
301360.SZ,301360,荣旗科技,中盘股,工业,专用机械,其他专用机械,江苏,82.13,创业板,火山口 派出小部队勇吃鱼身,-,-,-,2023/4/25,钱曙光,民营企业,-,表现超预期,-,-,制造业(工业母机),行业成熟稳定,高新技术产业,耐用品,-
301361.SZ,301361,众智科技,小盘股,工业,电网设备,电网自动化,河南,38.55,创业板,-,-,-,-,2022/11/16,杨新征,民营企业,"阿尔法高波动,等待周期更长,20厘米涨停爆发性强",表现超预期,新科技,特高压电力产业链,-,政策支持,高新技术产业,耐用品,-
301362.SZ,301362,民爆光电,大盘股,信息技术,光学光电子,LED,深圳,150.73,创业板,-,-,-,-,2023/8/4,谢祖华,民营企业,-,表现超预期,新科技,特高压电力产业链,-,政策支持,高新技术产业,耐用品,有量化参与
301363.SZ,301363,美好医疗,中盘股,医药卫生,医疗器械,医疗设备,深圳,26.2,创业板,火山口 派出小部队勇吃鱼身,-,-,-,2022/10/12,熊小川,民营企业,-,行情酝酿中,大健康,-,-,行业成熟稳定,传统行业,消耗品,-
301365.SZ,301365,矩阵股份,小盘股,工业,建筑装修,建筑装修,深圳,30.15,创业板,-,-,-,-,2022/11/22,王冠,民营企业,"阿尔法高波动,等待周期更长,20厘米涨停爆发性强",行情酝酿中,-,房地产产业链,-,行业成熟稳定,传统行业,耐用品,-
301366.SZ,301366,一博科技,中盘股,信息技术,电子元件,印制电路板,深圳,35.97,创业板,火山口 派出小部队勇吃鱼身,-,-,-,2022/9/26,汤昌茂,民营企业,-,表现超预期,新科技,-,-,政策支持,高新技术产业,-,-
301367.SZ,301367,瑞迈特,迷你盘,医药卫生,医疗器械,医疗设备,北京,69.12,创业板,火山口 派出小部队勇吃鱼身,连续多天小涨 龟壳战术吃鱼头,-,-,2022/11/1,庄志,民营企业,"阿尔法高波动,等待周期更长,20厘米涨停爆发性强",行情酝酿中,大健康,-,-,行业成熟稳定,传统行业,消耗品,-
301368.SZ,301368,丰立智能,小盘股,工业,通用机械,动力机械,浙江,53.48,创业板,火山口 派出小部队勇吃鱼身,连续多天小涨 龟壳战术吃鱼头,-,-,2022/12/15,王友利,民营企业,"阿尔法高波动,等待周期更长,20厘米涨停爆发性强",行情酝酿中,-,-,制造业(工业母机),行业成熟稳定,传统行业,耐用品,-
301369.SZ,301369,联动科技,中盘股,信息技术,半导体材料与设备,半导体设备,广东,168.88,创业板,-,-,有涨停 火山口战法吃鱼身,高人气,2022/9/22,张赤梅,民营企业,-,表现超预期,新科技,-,-,政策支持,高新技术产业,-,有量化参与
301370.SZ,301370,国科恒泰,迷你盘,医药卫生,医疗商业与服务,医药商业,北京,10.43,创业板,-,-,-,-,2023/7/12,中国科学院控股有限公司,中央企业,"阿尔法高波动,等待周期更长,20厘米涨停爆发性强",行情酝酿中,-,实体经济,-,政策支持,传统行业,消耗品,-
301371.SZ,301371,敷尔佳,迷你盘,主要消费,美容护理,美容护理,黑龙江,24.23,创业板,火山口 派出小部队勇吃鱼身,连续多天小涨 龟壳战术吃鱼头,-,-,2023/8/1,张立国,民营企业,"阿尔法高波动,等待周期更长,20厘米涨停爆发性强",表现超预期,-,-,化工,行业成熟稳定,传统行业,消耗品,-
301372.SZ,301372,科净源,小盘股,工业,污染治理,污水处理,北京,33.26,创业板,-,-,-,-,2023/8/11,葛敬,民营企业,"阿尔法高波动,等待周期更长,20厘米涨停爆发性强",表现超预期,-,-,民生,行业成熟稳定,传统行业,-,-
301373.SZ,301373,凌玮科技,大盘股,原材料,化学制品,涂料油墨,广东,100.51,创业板,-,-,有涨停 火山口战法吃鱼身,-,2023/2/8,胡颖妮,民营企业,-,表现超预期,-,-,化工,行业成熟稳定,传统行业,耐用品,-
301376.SZ,301376,致欧科技,小盘股,可选消费,家居,家具,河南,16.11,创业板,火山口 派出小部队勇吃鱼身,-,-,-,2023/6/21,宋川,民营企业,"阿尔法高波动,等待周期更长,20厘米涨停爆发性强",行情酝酿中,大消费,-,-,行业成熟稳定,传统行业,耐用品,-
301377.SZ,301377,鼎泰高科,大盘股,工业,专用机械,其他专用机械,广东,225.22,创业板,-,-,-,-,2022/11/22,王馨,民营企业,-,表现超预期,-,-,制造业(工业母机),行业成熟稳定,传统行业,耐用品,-
301378.SZ,301378,通达海,迷你盘,信息技术,软件开发,行业应用软件,江苏,32.16,创业板,-,-,-,-,2023/3/20,郑建国,民营企业,"阿尔法高波动,等待周期更长,20厘米涨停爆发性强",行情酝酿中,国产替代,-,-,政策支持,传统行业,-,-
301379.SZ,301379,天山电子,小盘股,信息技术,光学光电子,面板,广西,26.03,创业板,-,-,-,-,2022/11/1,王嗣纬,民营企业,"阿尔法高波动,等待周期更长,20厘米涨停爆发性强",行情酝酿中,新科技,-,-,政策支持,高新技术产业,-,-
301380.SZ,301380,挖金客,迷你盘,通信服务,电信增值服务,电信增值服务,北京,33.74,创业板,-,-,-,-,2022/10/25,李征,民营企业,"阿尔法高波动,等待周期更长,20厘米涨停爆发性强",行情酝酿中,国产替代,-,-,政策支持,传统行业,-,-
301381.SZ,301381,赛维时代,小盘股,可选消费,互联网零售,互联网零售,深圳,20.68,创业板,火山口 派出小部队勇吃鱼身,-,-,-,2023/7/12,陈文平,民营企业,"阿尔法高波动,等待周期更长,20厘米涨停爆发性强",表现超预期,国产替代,电子商务产业链,-,政策支持,传统行业,-,-
301382.SZ,301382,蜂助手,大盘股,信息技术,信息技术服务,其他IT与互联网服务,广东,40.34,创业板,火山口 派出小部队勇吃鱼身,-,有涨停 火山口战法吃鱼身,高人气,2023/5/17,罗洪鹏,民营企业,-,表现超预期,国产替代,电子商务产业链,-,政策支持,传统行业,-,-
301383.SZ,301383,天键股份,迷你盘,信息技术,电子终端及组件,消费电子终端,江西,29.34,创业板,火山口 派出小部队勇吃鱼身,连续多天小涨 龟壳战术吃鱼头,-,-,2023/6/9,冯砚儒,民营企业,"阿尔法高波动,等待周期更长,20厘米涨停爆发性强",行情酝酿中,新科技,-,-,政策支持,高新技术产业,-,-
301386.SZ,301386,未来电器,迷你盘,工业,电网设备,配电设备,江苏,26.54,创业板,火山口 派出小部队勇吃鱼身,连续多天小涨 龟壳战术吃鱼头,-,-,2023/3/29,莫文艺,民营企业,"阿尔法高波动,等待周期更长,20厘米涨停爆发性强",行情酝酿中,新科技,特高压电力产业链,-,政策支持,高新技术产业,耐用品,-
301387.SZ,301387,光大同创,中盘股,信息技术,电子终端及组件,消费电子组件及零部件,深圳,64.39,创业板,-,-,-,-,2023/4/18,马增龙,民营企业,-,表现超预期,新科技,-,-,政策支持,高新技术产业,-,-
301388.SZ,301388,欣灵电气,小盘股,工业,电网设备,电网自动化,浙江,32.19,创业板,火山口 派出小部队勇吃鱼身,-,-,-,2022/11/9,胡志兴,民营企业,"阿尔法高波动,等待周期更长,20厘米涨停爆发性强",行情酝酿中,新科技,特高压电力产业链,-,政策支持,高新技术产业,耐用品,-
301389.SZ,301389,隆扬电子,大盘股,信息技术,电子终端及组件,消费电子组件及零部件,江苏,58,创业板,火山口 派出小部队勇吃鱼身,连续多天小涨 龟壳战术吃鱼头,-,-,2022/10/31,傅青炫,外资,-,行情酝酿中,新科技,-,-,政策支持,高新技术产业,-,-
301390.SZ,301390,经纬股份,迷你盘,工业,建筑与工程,建筑设计及服务,浙江,35.29,创业板,-,-,-,-,2023/5/8,叶肖华,民营企业,"阿尔法高波动,等待周期更长,20厘米涨停爆发性强",行情酝酿中,-,房地产产业链,-,行业成熟稳定,传统行业,耐用品,-
301391.SZ,301391,卡莱特,中盘股,信息技术,光学光电子,LED,深圳,80.2,创业板,-,-,-,-,2022/12/1,周锦志,民营企业,-,表现超预期,新基建,-,-,政策支持,高新技术产业,-,-
301392.SZ,301392,汇成真空,大盘股,工业,通用机械,其他通用机械,广东,162.14,创业板,-,-,-,-,2024/6/5,李志荣,民营企业,-,表现超预期,-,-,制造业(工业母机),行业成熟稳定,高新技术产业,耐用品,-
301393.SZ,301393,昊帆生物,中盘股,医药卫生,制药与生物科技服务,制药与生物科技服务,江苏,57.63,创业板,-,-,-,-,2023/7/12,朱勇,民营企业,-,表现超预期,-,-,化工,行业成熟稳定,传统行业,耐用品,-
301395.SZ,301395,仁信新材,中盘股,原材料,塑料,合成树脂,广东,13.72,创业板,-,-,-,-,2023/7/3,邱汉周,民营企业,-,表现超预期,-,-,化工,行业成熟稳定,传统行业,耐用品,-
301396.SZ,301396,宏景科技,大盘股,信息技术,信息技术服务,系统集成服务,广东,282.68,创业板,-,-,有涨停 火山口战法吃鱼身,高人气,2022/11/11,欧阳华,民营企业,-,表现超预期,国产替代,-,-,政策支持,传统行业,-,有量化参与
301397.SZ,301397,溯联股份,中盘股,可选消费,汽车零部件与轮胎,汽车系统部件,重庆,36.09,创业板,-,-,-,-,2023/6/28,韩宗俊,民营企业,-,表现超预期,-,智能汽车产业链,-,政策支持,传统行业,消耗品,-
301398.SZ,301398,星源卓镁,小盘股,可选消费,汽车零部件与轮胎,其他汽车零部件,浙江,48.36,创业板,-,-,-,-,2022/12/15,邱卓雄,民营企业,"阿尔法高波动,等待周期更长,20厘米涨停爆发性强",表现超预期,-,智能汽车产业链,-,政策支持,传统行业,消耗品,-
301399.SZ,301399,英特科技,中盘股,工业,通用机械,其他通用机械,浙江,24.02,创业板,-,-,-,-,2023/5/23,方真健,民营企业,-,表现超预期,-,-,制造业(工业母机),行业成熟稳定,传统行业,耐用品,-
301408.SZ,301408,华人健康,大盘股,医药卫生,医疗商业与服务,医药商业,安徽,20.21,创业板,-,-,有涨停 火山口战法吃鱼身,高人气,2023/3/1,何家乐,民营企业,-,表现超预期,-,实体经济,-,政策支持,传统行业,消耗品,-
301413.SZ,301413,安培龙,大盘股,信息技术,其他电子,其他电子,深圳,123.78,创业板,-,-,-,-,2023/12/18,邬若军,民营企业,-,行情酝酿中,-,智能汽车产业链,制造业(工业母机),行业成熟稳定,传统行业,耐用品,有量化参与
301418.SZ,301418,协昌科技,迷你盘,工业,通用机械,电动机与工控自动化,江苏,39.8,创业板,火山口 派出小部队勇吃鱼身,连续多天小涨 龟壳战术吃鱼头,-,-,2023/8/21,顾挺,民营企业,"阿尔法高波动,等待周期更长,20厘米涨停爆发性强",行情酝酿中,新科技,特高压电力产业链,-,政策支持,高新技术产业,耐用品,-
301419.SZ,301419,阿莱德,大盘股,通信服务,通信设备,通信系统设备及组件,上海,45.36,创业板,-,-,-,-,2023/2/9,张耀华,民营企业,-,表现超预期,新基建,-,-,政策支持,高新技术产业,-,-
301421.SZ,301421,波长光电,大盘股,信息技术,光学光电子,光学元件,江苏,98.53,创业板,-,-,-,-,2023/8/23,朱敏,民营企业,-,表现超预期,新科技,-,-,政策支持,高新技术产业,-,-
301428.SZ,301428,世纪恒通,中盘股,信息技术,信息技术服务,其他IT与互联网服务,贵州,34.73,创业板,-,-,-,-,2023/5/19,杨兴海,民营企业,-,表现超预期,国产替代,电子商务产业链,-,政策支持,传统行业,-,-
301429.SZ,301429,森泰股份,迷你盘,工业,建筑产品,建筑产品,安徽,19.78,创业板,火山口 派出小部队勇吃鱼身,-,-,-,2023/4/17,唐圣卫,民营企业,"阿尔法高波动,等待周期更长,20厘米涨停爆发性强",行情酝酿中,-,房地产产业链,-,行业成熟稳定,传统行业,耐用品,-
301439.SZ,301439,泓淋电力,小盘股,可选消费,家用电器,家电零部件及其他,山东,16.13,创业板,火山口 派出小部队勇吃鱼身,连续多天小涨 龟壳战术吃鱼头,-,-,2023/3/17,迟少林,民营企业,"阿尔法高波动,等待周期更长,20厘米涨停爆发性强",行情酝酿中,新科技,特高压电力产业链,-,政策支持,高新技术产业,耐用品,-
301446.SZ,301446,福事特,小盘股,工业,通用机械,气液机械,江西,40,创业板,-,-,-,-,2023/7/25,彭香安,民营企业,"阿尔法高波动,等待周期更长,20厘米涨停爆发性强",行情酝酿中,-,-,制造业(工业母机),行业成熟稳定,传统行业,耐用品,-
301448.SZ,301448,开创电气,迷你盘,工业,通用机械,其他通用机械,浙江,38.67,创业板,-,-,-,-,2023/6/19,吴宁,民营企业,"阿尔法高波动,等待周期更长,20厘米涨停爆发性强",表现超预期,-,-,制造业(工业母机),行业成熟稳定,传统行业,耐用品,-
301449.SZ,301449,天溯计量,小盘股,工业,商业服务与用品,其他商业服务与用品,深圳,80,创业板,-,-,-,-,2025/12/23,龚天保,民营企业,"阿尔法高波动,等待周期更长,20厘米涨停爆发性强",表现超预期,-,智能汽车产业链,制造业(工业母机),行业成熟稳定,传统行业,耐用品,-
301456.SZ,301456,盘古智能,迷你盘,工业,发电设备,风电设备,山东,29.86,创业板,火山口 派出小部队勇吃鱼身,连续多天小涨 龟壳战术吃鱼头,-,-,2023/7/14,邵安仓,民营企业,"阿尔法高波动,等待周期更长,20厘米涨停爆发性强",行情酝酿中,新科技,特高压电力产业链,-,政策支持,高新技术产业,耐用品,-
301458.SZ,301458,钧崴电子,中盘股,信息技术,电子元件,被动元件,广东,35.81,创业板,火山口 派出小部队勇吃鱼身,连续多天小涨 龟壳战术吃鱼头,-,-,2025/1/10,颜睿志,外资,-,行情酝酿中,新科技,-,-,政策支持,高新技术产业,-,-
301459.SZ,301459,丰茂股份,迷你盘,可选消费,汽车零部件与轮胎,汽车系统部件,浙江,38.31,创业板,火山口 派出小部队勇吃鱼身,-,-,-,2023/12/13,蒋春雷,民营企业,"阿尔法高波动,等待周期更长,20厘米涨停爆发性强",行情酝酿中,-,智能汽车产业链,-,政策支持,传统行业,消耗品,-
301468.SZ,301468,博盈特焊,中盘股,工业,通用机械,加工机械,广东,53.22,创业板,-,-,-,-,2023/7/24,李海生,民营企业,-,表现超预期,-,-,制造业(工业母机),行业成熟稳定,高新技术产业,耐用品,-
301469.SZ,301469,恒达新材,迷你盘,原材料,容器与包装,纸材料包装,浙江,34.25,创业板,-,-,-,-,2023/8/22,潘昌,民营企业,"阿尔法高波动,等待周期更长,20厘米涨停爆发性强",行情酝酿中,-,-,化工,行业成熟稳定,传统行业,消耗品,-
301479.SZ,301479,弘景光电,大盘股,信息技术,光学光电子,光学元件,广东,108.88,创业板,-,-,-,-,2025/3/18,赵治平,民营企业,-,表现超预期,新科技,-,-,政策支持,高新技术产业,-,-
301486.SZ,301486,致尚科技,大盘股,信息技术,电子终端及组件,消费电子组件及零部件,深圳,169.69,创业板,-,-,-,-,2023/7/7,陈潮先,民营企业,-,表现超预期,新科技,-,-,政策支持,高新技术产业,-,-
301487.SZ,301487,盟固利,中盘股,工业,储能设备,电池部件及材料,天津,22.63,创业板,-,-,-,-,2023/8/9,崔根良,民营企业,-,表现超预期,-,-,化工,行业成熟稳定,传统行业,耐用品,-
301488.SZ,301488,豪恩汽电,中盘股,可选消费,汽车零部件与轮胎,汽车电子,深圳,136.89,创业板,火山口 派出小部队勇吃鱼身,-,-,-,2023/7/4,陈金法,民营企业,-,行情酝酿中,-,智能汽车产业链,-,政策支持,传统行业,消耗品,-
301489.SZ,301489,思泉新材,大盘股,信息技术,电子化学品,电子化学品,广东,219.2,创业板,-,-,-,-,2023/10/24,任泽明,民营企业,-,表现超预期,新科技,-,-,政策支持,高新技术产业,-,-
301491.SZ,301491,汉桑科技,迷你盘,可选消费,家用电器,黑色家电,江苏,50.95,创业板,火山口 派出小部队勇吃鱼身,连续多天小涨 龟壳战术吃鱼头,-,-,2025/8/6,王斌,民营企业,"阿尔法高波动,等待周期更长,20厘米涨停爆发性强",行情酝酿中,新基建,-,-,政策支持,高新技术产业,-,-
301498.SZ,301498,乖宝宠物,大盘股,主要消费,家庭用品,家庭用品,山东,55.09,创业板,-,-,-,-,2023/8/16,秦华,民营企业,-,表现超预期,-,-,粮食,行业成熟稳定,传统行业,消耗品,-
301499.SZ,301499,维科精密,中盘股,可选消费,汽车零部件与轮胎,汽车电子,上海,34.34,创业板,-,-,-,-,2023/7/21,TAN YAN LAI,外资,-,表现超预期,-,智能汽车产业链,-,政策支持,传统行业,消耗品,-
301500.SZ,301500,飞南资源,中盘股,工业,节能与生态修复,节能与资源回收,广东,24.04,创业板,-,-,-,-,2023/9/21,孙雁军,民营企业,-,表现超预期,-,-,民生,行业成熟稳定,传统行业,-,-
301501.SZ,301501,恒鑫生活,迷你盘,可选消费,家居,其他家居,安徽,38.23,创业板,火山口 派出小部队勇吃鱼身,连续多天小涨 龟壳战术吃鱼头,-,-,2025/3/19,樊砚茹,民营企业,"阿尔法高波动,等待周期更长,20厘米涨停爆发性强",行情酝酿中,-,-,化工,行业成熟稳定,传统行业,消耗品,-
301502.SZ,301502,华阳智能,小盘股,工业,通用机械,电动机与工控自动化,江苏,45.92,创业板,火山口 派出小部队勇吃鱼身,-,-,-,2024/2/2,许云初,民营企业,"阿尔法高波动,等待周期更长,20厘米涨停爆发性强",表现超预期,新科技,特高压电力产业链,-,政策支持,高新技术产业,耐用品,-
301503.SZ,301503,智迪科技,迷你盘,信息技术,电子终端及组件,电脑与外围设备,广东,36.12,创业板,火山口 派出小部队勇吃鱼身,-,-,-,2023/7/17,谢伟明,民营企业,"阿尔法高波动,等待周期更长,20厘米涨停爆发性强",行情酝酿中,新基建,-,-,政策支持,高新技术产业,-,-
301505.SZ,301505,苏州规划,小盘股,工业,建筑与工程,建筑设计及服务,江苏,22.8,创业板,-,-,-,-,2023/7/19,李锋,民营企业,"阿尔法高波动,等待周期更长,20厘米涨停爆发性强",行情酝酿中,-,房地产产业链,-,行业成熟稳定,传统行业,耐用品,-
301507.SZ,301507,民生健康,迷你盘,医药卫生,化学药,药品制剂,浙江,14.4,创业板,火山口 派出小部队勇吃鱼身,连续多天小涨 龟壳战术吃鱼头,-,-,2023/9/5,竺福江,民营企业,"阿尔法高波动,等待周期更长,20厘米涨停爆发性强",行情酝酿中,大健康,-,-,政策支持,高新技术产业,消耗品,-
301508.SZ,301508,中机认检,迷你盘,工业,商业服务与用品,其他商业服务与用品,北京,29.75,创业板,火山口 派出小部队勇吃鱼身,连续多天小涨 龟壳战术吃鱼头,-,-,2023/12/1,国务院国有资产监督管理委员会,中央企业,"阿尔法高波动,等待周期更长,20厘米涨停爆发性强",行情酝酿中,-,智能汽车产业链,制造业(工业母机),行业成熟稳定,传统行业,耐用品,-
301509.SZ,301509,金凯生科,大盘股,医药卫生,制药与生物科技服务,制药与生物科技服务,辽宁,44.53,创业板,-,-,-,-,2023/8/3,Fumin Wang,外资,-,表现超预期,大健康,-,-,政策支持,高新技术产业,消耗品,有量化参与
301510.SZ,301510,固高科技,中盘股,工业,通用机械,电动机与工控自动化,深圳,31.68,创业板,火山口 派出小部队勇吃鱼身,连续多天小涨 龟壳战术吃鱼头,-,-,2023/8/15,李泽湘,民营企业,-,行情酝酿中,-,智能汽车产业链,制造业(工业母机),行业成熟稳定,传统行业,耐用品,-
301511.SZ,301511,德福科技,大盘股,工业,储能设备,电池部件及材料,江西,50.28,创业板,-,-,-,-,2023/8/17,马科,民营企业,-,表现超预期,新科技,特高压电力产业链,-,政策支持,高新技术产业,耐用品,-
301512.SZ,301512,智信精密,迷你盘,工业,通用机械,电动机与工控自动化,深圳,46.81,创业板,火山口 派出小部队勇吃鱼身,连续多天小涨 龟壳战术吃鱼头,-,-,2023/7/20,李晓华,民营企业,"阿尔法高波动,等待周期更长,20厘米涨停爆发性强",行情酝酿中,-,-,制造业(工业母机),行业成熟稳定,高新技术产业,耐用品,-
301513.SZ,301513,N尚水,大盘股,NA,NA,NA,深圳,103.1,创业板,-,-,有涨停 火山口战法吃鱼身,-,2026/4/17,金旭东,民营企业,-,表现超预期,-,-,制造业(工业母机),行业成熟稳定,高新技术产业,耐用品,-
301515.SZ,301515,港通医疗,迷你盘,医药卫生,医疗器械,医疗设备,四川,22.81,创业板,火山口 派出小部队勇吃鱼身,连续多天小涨 龟壳战术吃鱼头,-,-,2023/7/25,陈永,民营企业,"阿尔法高波动,等待周期更长,20厘米涨停爆发性强",行情酝酿中,大健康,-,-,行业成熟稳定,传统行业,消耗品,-
301516.SZ,301516,中远通,中盘股,工业,储能设备,其他储能设备,深圳,19.75,创业板,火山口 派出小部队勇吃鱼身,-,-,-,2023/12/8,吉学龙,民营企业,-,行情酝酿中,新科技,特高压电力产业链,-,政策支持,高新技术产业,耐用品,-
301517.SZ,301517,陕西华达,大盘股,工业,航空航天,航天,陕西,72.29,创业板,-,-,-,-,2023/10/17,陕西省人民政府国有资产监督管理委员会,地方国有企业,-,表现超预期,新科技,-,-,政策支持,高新技术产业,-,-
301518.SZ,301518,长华化学,小盘股,原材料,化学制品,其他化学制品,江苏,42,创业板,-,-,-,-,2023/8/3,顾仁发,民营企业,"阿尔法高波动,等待周期更长,20厘米涨停爆发性强",表现超预期,-,-,化工,行业成熟稳定,传统行业,耐用品,-
301519.SZ,301519,舜禹股份,迷你盘,工业,专用机械,其他专用机械,安徽,14.34,创业板,火山口 派出小部队勇吃鱼身,连续多天小涨 龟壳战术吃鱼头,-,-,2023/7/27,邓帮武,民营企业,"阿尔法高波动,等待周期更长,20厘米涨停爆发性强",行情酝酿中,-,-,制造业(工业母机),行业成熟稳定,高新技术产业,耐用品,-
301520.SZ,301520,万邦医药,迷你盘,医药卫生,制药与生物科技服务,制药与生物科技服务,安徽,44.28,创业板,-,-,-,-,2023/9/25,陶春蕾,民营企业,"阿尔法高波动,等待周期更长,20厘米涨停爆发性强",表现超预期,大健康,-,-,政策支持,高新技术产业,消耗品,-
301522.SZ,301522,上大股份,中盘股,工业,航空航天,航空,河北,32.35,创业板,火山口 派出小部队勇吃鱼身,连续多天小涨 龟壳战术吃鱼头,-,-,2024/10/16,栾东海,民营企业,-,行情酝酿中,新能源,-,-,行业成熟稳定,传统行业,消耗品,-
301525.SZ,301525,儒竞科技,小盘股,工业,通用机械,其他通用机械,上海,73.65,创业板,火山口 派出小部队勇吃鱼身,-,-,-,2023/8/30,雷淮刚,民营企业,"阿尔法高波动,等待周期更长,20厘米涨停爆发性强",行情酝酿中,大消费,-,-,行业成熟稳定,传统行业,耐用品,-
301526.SZ,301526,国际复材,大盘股,原材料,其他非金属材料,玻璃纤维,重庆,14,创业板,-,-,有涨停 火山口战法吃鱼身,-,2023/12/26,云南省人民政府国有资产监督管理委员会,地方国有企业,-,表现超预期,-,-,化工,行业成熟稳定,传统行业,耐用品,-
301528.SZ,301528,多浦乐,中盘股,工业,通用机械,仪器仪表,广东,72,创业板,-,-,-,-,2023/8/28,蔡庆生,民营企业,-,表现超预期,-,智能汽车产业链,制造业(工业母机),行业成熟稳定,传统行业,耐用品,-
301529.SZ,301529,福赛科技,大盘股,可选消费,汽车零部件与轮胎,汽车内饰与外饰,安徽,113.2,创业板,-,-,-,-,2023/9/11,陆文波,民营企业,-,表现超预期,-,智能汽车产业链,-,政策支持,传统行业,消耗品,有量化参与
301533.SZ,301533,威马农机,迷你盘,工业,专用机械,农业机械,重庆,32.63,创业板,火山口 派出小部队勇吃鱼身,-,-,-,2023/8/18,夏峰,民营企业,"阿尔法高波动,等待周期更长,20厘米涨停爆发性强",行情酝酿中,-,-,制造业(工业母机),行业成熟稳定,传统行业,耐用品,-
301535.SZ,301535,浙江华远,小盘股,可选消费,汽车零部件与轮胎,其他汽车零部件,浙江,20.26,创业板,火山口 派出小部队勇吃鱼身,连续多天小涨 龟壳战术吃鱼头,-,-,2025/3/27,姜肖斐,民营企业,"阿尔法高波动,等待周期更长,20厘米涨停爆发性强",行情酝酿中,-,智能汽车产业链,-,政策支持,传统行业,消耗品,-
301536.SZ,301536,星宸科技,中盘股,信息技术,集成电路,集成电路设计,福建,76.38,创业板,火山口 派出小部队勇吃鱼身,-,-,-,2024/3/28,无实际控制人,其他,-,行情酝酿中,新科技,-,-,政策支持,高新技术产业,-,-
301538.SZ,301538,骏鼎达,中盘股,原材料,塑料,改性塑料,深圳,84.75,创业板,-,-,-,-,2024/3/20,杨凤凯,民营企业,-,表现超预期,-,-,化工,行业成熟稳定,传统行业,消耗品,-
301539.SZ,301539,宏鑫科技,迷你盘,工业,交通运输设备,商用车,浙江,19.37,创业板,火山口 派出小部队勇吃鱼身,连续多天小涨 龟壳战术吃鱼头,-,-,2024/4/15,王文志,民营企业,"阿尔法高波动,等待周期更长,20厘米涨停爆发性强",行情酝酿中,-,智能汽车产业链,-,政策支持,传统行业,消耗品,-
301548.SZ,301548,崇德科技,中盘股,工业,通用机械,动力机械,湖南,79.05,创业板,-,-,有涨停 火山口战法吃鱼身,高人气,2023/9/20,周少华,民营企业,-,表现超预期,-,-,制造业(工业母机),行业成熟稳定,传统行业,耐用品,-
301550.SZ,301550,斯菱智驱,大盘股,可选消费,汽车零部件与轮胎,汽车系统部件,浙江,162.79,创业板,-,连续多天小涨 龟壳战术吃鱼头,-,-,2023/9/15,姜岭,民营企业,-,行情酝酿中,-,智能汽车产业链,-,政策支持,传统行业,消耗品,-
301551.SZ,301551,无线传媒,小盘股,通信服务,文化娱乐,广播与电视,河北,29.87,创业板,火山口 派出小部队勇吃鱼身,-,-,-,2024/9/26,河北广播电视台,地方国有企业,"阿尔法高波动,等待周期更长,20厘米涨停爆发性强",行情酝酿中,-,-,文化体育,行业成熟稳定,传统行业,-,-
301552.SZ,301552,科力装备,中盘股,可选消费,汽车零部件与轮胎,汽车内饰与外饰,河北,44.49,创业板,-,-,-,-,2024/7/22,张万武,民营企业,-,表现超预期,-,智能汽车产业链,-,政策支持,传统行业,消耗品,-
301555.SZ,301555,惠柏新材,小盘股,原材料,塑料,合成树脂,上海,36.88,创业板,火山口 派出小部队勇吃鱼身,连续多天小涨 龟壳战术吃鱼头,-,-,2023/10/31,杨裕镜,外资,"阿尔法高波动,等待周期更长,20厘米涨停爆发性强",行情酝酿中,-,-,化工,行业成熟稳定,传统行业,耐用品,-
301556.SZ,301556,托普云农,小盘股,信息技术,信息技术服务,系统集成服务,浙江,84.8,创业板,-,-,-,-,2024/10/17,陈丽婷,民营企业,"阿尔法高波动,等待周期更长,20厘米涨停爆发性强",行情酝酿中,国产替代,-,-,政策支持,传统行业,-,-
301557.SZ,301557,常友科技,中盘股,工业,发电设备,风电设备,江苏,113.05,创业板,-,-,-,-,2025/3/4,刘文叶,民营企业,-,表现超预期,新科技,特高压电力产业链,-,政策支持,高新技术产业,耐用品,有量化参与
301558.SZ,301558,三态股份,迷你盘,可选消费,互联网零售,互联网零售,深圳,8.28,创业板,火山口 派出小部队勇吃鱼身,连续多天小涨 龟壳战术吃鱼头,-,-,2023/9/28,ZHONGBIN SUN,外资,"阿尔法高波动,等待周期更长,20厘米涨停爆发性强",行情酝酿中,国产替代,电子商务产业链,-,政策支持,传统行业,-,-
301559.SZ,301559,中集环科,迷你盘,工业,交通运输设备,船舶及其他航运设备,江苏,17.02,创业板,火山口 派出小部队勇吃鱼身,连续多天小涨 龟壳战术吃鱼头,-,-,2023/10/11,无实际控制人,其他,"阿尔法高波动,等待周期更长,20厘米涨停爆发性强",行情酝酿中,-,-,制造业(工业母机),行业成熟稳定,高新技术产业,耐用品,-
301560.SZ,301560,众捷汽车,小盘股,可选消费,汽车零部件与轮胎,汽车系统部件,江苏,40.16,创业板,-,-,-,-,2025/4/25,孙文伟,民营企业,"阿尔法高波动,等待周期更长,20厘米涨停爆发性强",行情酝酿中,-,智能汽车产业链,-,政策支持,传统行业,消耗品,-
301563.SZ,301563,云汉芯城,中盘股,工业,商业服务与用品,贸易商,上海,168.52,创业板,-,-,-,-,2025/9/30,曾烨,民营企业,-,表现超预期,新科技,-,-,政策支持,高新技术产业,-,-
301565.SZ,301565,中仑新材,迷你盘,原材料,塑料,膜材料,福建,21.82,创业板,火山口 派出小部队勇吃鱼身,-,-,-,2024/6/20,杨清金,民营企业,"阿尔法高波动,等待周期更长,20厘米涨停爆发性强",行情酝酿中,-,-,化工,行业成熟稳定,传统行业,消耗品,-
301566.SZ,301566,达利凯普,大盘股,信息技术,电子元件,被动元件,辽宁,22.44,创业板,-,-,-,-,2023/12/29,赵丰,民营企业,-,行情酝酿中,新科技,-,-,政策支持,高新技术产业,-,-
301567.SZ,301567,贝隆精密,迷你盘,信息技术,电子终端及组件,消费电子组件及零部件,浙江,43.2,创业板,火山口 派出小部队勇吃鱼身,-,-,-,2024/1/16,杨炯,民营企业,"阿尔法高波动,等待周期更长,20厘米涨停爆发性强",行情酝酿中,新科技,-,-,政策支持,高新技术产业,-,-
301568.SZ,301568,思泰克,中盘股,工业,专用机械,其他专用机械,福建,57.11,创业板,-,-,-,-,2023/11/28,陈志忠,民营企业,-,行情酝酿中,-,-,制造业(工业母机),行业成熟稳定,高新技术产业,耐用品,-
301571.SZ,301571,国科天成,中盘股,工业,国防装备,国防装备,北京,74.6,创业板,火山口 派出小部队勇吃鱼身,连续多天小涨 龟壳战术吃鱼头,-,-,2024/8/21,罗珏典,民营企业,-,表现超预期,新科技,-,-,政策支持,高新技术产业,-,-
301575.SZ,301575,艾芬达,迷你盘,可选消费,家居,其他家居,江西,45.89,创业板,火山口 派出小部队勇吃鱼身,连续多天小涨 龟壳战术吃鱼头,-,-,2025/9/10,吴剑斌,民营企业,"阿尔法高波动,等待周期更长,20厘米涨停爆发性强",行情酝酿中,大消费,-,-,行业成熟稳定,传统行业,耐用品,-
301577.SZ,301577,美信科技,小盘股,通信服务,通信设备,通信系统设备及组件,广东,63.59,创业板,火山口 派出小部队勇吃鱼身,连续多天小涨 龟壳战术吃鱼头,-,-,2024/1/24,张定珍,民营企业,"阿尔法高波动,等待周期更长,20厘米涨停爆发性强",行情酝酿中,新科技,-,-,政策支持,高新技术产业,-,-
301578.SZ,301578,辰奕智能,迷你盘,可选消费,家用电器,家电零部件及其他,广东,33.53,创业板,火山口 派出小部队勇吃鱼身,-,-,-,2023/12/28,胡卫清,民营企业,"阿尔法高波动,等待周期更长,20厘米涨停爆发性强",行情酝酿中,新基建,-,-,政策支持,高新技术产业,-,-
301580.SZ,301580,爱迪特,大盘股,医药卫生,医疗器械,医疗耗材,河北,78.77,创业板,-,-,有涨停 火山口战法吃鱼身,高人气,2024/6/26,李洪文,民营企业,-,表现超预期,大健康,-,-,行业成熟稳定,传统行业,消耗品,-
301581.SZ,301581,黄山谷捷,迷你盘,可选消费,汽车零部件与轮胎,汽车系统部件,安徽,47.04,创业板,火山口 派出小部队勇吃鱼身,连续多天小涨 龟壳战术吃鱼头,-,-,2025/1/3,黄山市供销合作社联合社,集体企业,"阿尔法高波动,等待周期更长,20厘米涨停爆发性强",行情酝酿中,新科技,-,-,政策支持,高新技术产业,-,-
301584.SZ,301584,建发致新,小盘股,医药卫生,医疗商业与服务,医药商业,上海,27.99,创业板,-,-,-,-,2025/9/25,厦门市人民政府国有资产监督管理委员会,地方国有企业,"阿尔法高波动,等待周期更长,20厘米涨停爆发性强",表现超预期,-,实体经济,-,政策支持,传统行业,消耗品,-
301585.SZ,301585,蓝宇股份,迷你盘,原材料,化学制品,涂料油墨,浙江,29.27,创业板,火山口 派出小部队勇吃鱼身,连续多天小涨 龟壳战术吃鱼头,-,-,2024/12/20,郭振荣,民营企业,"阿尔法高波动,等待周期更长,20厘米涨停爆发性强",行情酝酿中,-,房地产产业链,-,行业成熟稳定,传统行业,耐用品,-
301586.SZ,301586,佳力奇,迷你盘,工业,航空航天,航空,安徽,44.01,创业板,火山口 派出小部队勇吃鱼身,连续多天小涨 龟壳战术吃鱼头,-,-,2024/8/28,路强,民营企业,"阿尔法高波动,等待周期更长,20厘米涨停爆发性强",行情酝酿中,-,军工高铁产业链,-,政策支持,高新技术产业,-,-
301587.SZ,301587,中瑞股份,中盘股,工业,储能设备,电池部件及材料,江苏,27.7,创业板,-,-,-,-,2024/4/8,杨学新,民营企业,-,表现超预期,新科技,特高压电力产业链,-,政策支持,高新技术产业,耐用品,-
301588.SZ,301588,美新科技,小盘股,工业,建筑产品,建筑产品,广东,21.52,创业板,-,-,-,-,2024/3/13,林东亮,外资,"阿尔法高波动,等待周期更长,20厘米涨停爆发性强",行情酝酿中,大消费,-,-,行业成熟稳定,传统行业,耐用品,-
301589.SZ,301589,诺瓦星云,小盘股,信息技术,光学光电子,LED,陕西,173.37,创业板,火山口 派出小部队勇吃鱼身,-,-,-,2024/2/8,袁胜春,民营企业,"阿尔法高波动,等待周期更长,20厘米涨停爆发性强",表现超预期,新基建,-,-,政策支持,高新技术产业,-,有量化参与
301590.SZ,301590,优优绿能,小盘股,工业,电网设备,配电设备,深圳,185.39,创业板,-,-,-,-,2025/6/5,柏建国,民营企业,"阿尔法高波动,等待周期更长,20厘米涨停爆发性强",行情酝酿中,新科技,特高压电力产业链,-,政策支持,高新技术产业,耐用品,-
301591.SZ,301591,肯特股份,迷你盘,工业,通用机械,其他通用机械,江苏,42.94,创业板,火山口 派出小部队勇吃鱼身,连续多天小涨 龟壳战术吃鱼头,-,-,2024/2/28,杨文光,民营企业,"阿尔法高波动,等待周期更长,20厘米涨停爆发性强",行情酝酿中,-,-,化工,行业成熟稳定,传统行业,消耗品,-
301592.SZ,301592,六九一二,中盘股,工业,国防装备,国防装备,四川,126.52,创业板,-,-,-,-,2024/10/24,蒋家德,民营企业,-,表现超预期,国产替代,-,-,政策支持,传统行业,-,-
301595.SZ,301595,太力科技,小盘股,可选消费,家居,其他家居,广东,49.54,创业板,-,-,-,-,2025/5/19,石正兵,民营企业,"阿尔法高波动,等待周期更长,20厘米涨停爆发性强",行情酝酿中,-,-,化工,行业成熟稳定,传统行业,耐用品,-
301596.SZ,301596,瑞迪智驱,迷你盘,工业,通用机械,动力机械,四川,69.91,创业板,火山口 派出小部队勇吃鱼身,-,-,-,2024/5/13,卢晓蓉,民营企业,"阿尔法高波动,等待周期更长,20厘米涨停爆发性强",行情酝酿中,-,-,制造业(工业母机),行业成熟稳定,传统行业,耐用品,-
301598.SZ,301598,博科测试,迷你盘,工业,专用机械,其他专用机械,北京,62.98,创业板,火山口 派出小部队勇吃鱼身,连续多天小涨 龟壳战术吃鱼头,-,-,2024/12/20,仝雷,民营企业,"阿尔法高波动,等待周期更长,20厘米涨停爆发性强",行情酝酿中,-,-,制造业(工业母机),行业成熟稳定,高新技术产业,耐用品,-
301600.SZ,301600,慧翰股份,小盘股,可选消费,汽车零部件与轮胎,汽车电子,福建,108,创业板,火山口 派出小部队勇吃鱼身,连续多天小涨 龟壳战术吃鱼头,-,-,2024/9/11,陈国鹰,民营企业,"阿尔法高波动,等待周期更长,20厘米涨停爆发性强",行情酝酿中,新基建,-,-,政策支持,高新技术产业,-,-
301601.SZ,301601,惠通科技,小盘股,工业,建筑与工程,专业工程,江苏,23.95,创业板,火山口 派出小部队勇吃鱼身,-,-,-,2025/1/15,严旭明,民营企业,"阿尔法高波动,等待周期更长,20厘米涨停爆发性强",行情酝酿中,-,-,制造业(工业母机),行业成熟稳定,高新技术产业,耐用品,-
301602.SZ,301602,超研股份,迷你盘,医药卫生,医疗器械,医疗设备,广东,19.24,创业板,-,-,-,-,2025/1/22,李德来,民营企业,"阿尔法高波动,等待周期更长,20厘米涨停爆发性强",行情酝酿中,大健康,-,-,行业成熟稳定,传统行业,消耗品,-
301603.SZ,301603,乔锋智能,大盘股,工业,通用机械,电动机与工控自动化,广东,94.5,创业板,-,-,有涨停 火山口战法吃鱼身,高人气,2024/7/10,蒋修华,民营企业,-,表现超预期,新科技,-,制造业(工业母机),政策支持,高新技术产业,耐用品,-
301606.SZ,301606,绿联科技,中盘股,信息技术,电子终端及组件,消费电子组件及零部件,深圳,75.15,创业板,-,-,-,-,2024/7/26,张清森,民营企业,-,表现超预期,新科技,-,-,政策支持,高新技术产业,-,-
301607.SZ,301607,富特科技,小盘股,可选消费,汽车零部件与轮胎,汽车电子,浙江,48.97,创业板,-,-,-,-,2024/9/4,李宁川,民营企业,"阿尔法高波动,等待周期更长,20厘米涨停爆发性强",行情酝酿中,-,智能汽车产业链,-,政策支持,传统行业,消耗品,-
301608.SZ,301608,博实结,小盘股,可选消费,汽车零部件与轮胎,汽车电子,深圳,86.54,创业板,火山口 派出小部队勇吃鱼身,连续多天小涨 龟壳战术吃鱼头,-,-,2024/8/1,周小强,民营企业,"阿尔法高波动,等待周期更长,20厘米涨停爆发性强",行情酝酿中,新基建,-,-,政策支持,高新技术产业,-,-
301609.SZ,301609,山大电力,小盘股,工业,电网设备,电网自动化,山东,47.52,创业板,火山口 派出小部队勇吃鱼身,-,-,-,2025/7/23,山东大学,大学,"阿尔法高波动,等待周期更长,20厘米涨停爆发性强",表现超预期,新科技,特高压电力产业链,-,政策支持,高新技术产业,耐用品,-
301611.SZ,301611,珂玛科技,大盘股,信息技术,半导体材料与设备,半导体设备,江苏,103,创业板,-,-,-,-,2024/8/16,刘先兵,民营企业,-,表现超预期,新科技,-,-,政策支持,高新技术产业,-,-
301613.SZ,301613,新铝时代,迷你盘,可选消费,汽车零部件与轮胎,其他汽车零部件,重庆,47.48,创业板,火山口 派出小部队勇吃鱼身,-,-,-,2024/10/25,何峰,民营企业,"阿尔法高波动,等待周期更长,20厘米涨停爆发性强",行情酝酿中,-,智能汽车产业链,-,政策支持,传统行业,消耗品,-
301616.SZ,301616,浙江华业,迷你盘,工业,通用机械,加工机械,浙江,51.96,创业板,火山口 派出小部队勇吃鱼身,连续多天小涨 龟壳战术吃鱼头,-,-,2025/3/27,夏瑜键,民营企业,"阿尔法高波动,等待周期更长,20厘米涨停爆发性强",行情酝酿中,-,-,制造业(工业母机),行业成熟稳定,传统行业,耐用品,-
301617.SZ,301617,博苑股份,中盘股,医药卫生,化学药,原料药,山东,61.37,创业板,-,-,-,-,2024/12/11,李成林,民营企业,-,表现超预期,-,-,化工,行业成熟稳定,传统行业,耐用品,-
301618.SZ,301618,长联科技,迷你盘,原材料,化学制品,印染化学品,广东,48.58,创业板,火山口 派出小部队勇吃鱼身,连续多天小涨 龟壳战术吃鱼头,-,-,2024/9/30,卢开平,民营企业,"阿尔法高波动,等待周期更长,20厘米涨停爆发性强",行情酝酿中,-,房地产产业链,-,行业成熟稳定,传统行业,耐用品,-
301622.SZ,301622,英思特,小盘股,原材料,稀有金属,稀土金属,内蒙,63.93,创业板,-,-,-,-,2024/12/4,周保平,民营企业,"阿尔法高波动,等待周期更长,20厘米涨停爆发性强",行情酝酿中,新能源,-,能源,行业成熟稳定,传统行业,消耗品,-
301626.SZ,301626,苏州天脉,大盘股,信息技术,电子化学品,电子化学品,江苏,266.8,创业板,-,-,-,-,2024/10/24,谢毅,民营企业,-,表现超预期,新科技,-,-,政策支持,高新技术产业,-,有量化参与
301628.SZ,301628,强达电路,中盘股,信息技术,电子元件,印制电路板,深圳,110.68,创业板,-,-,-,-,2024/10/31,祝小华,民营企业,-,行情酝酿中,新科技,-,-,政策支持,高新技术产业,-,-
301629.SZ,301629,矽电股份,大盘股,信息技术,半导体材料与设备,半导体设备,深圳,289.28,创业板,-,-,有涨停 火山口战法吃鱼身,-,2025/3/24,何沁修,民营企业,-,表现超预期,新科技,-,-,政策支持,高新技术产业,-,-
301630.SZ,301630,同宇新材,大盘股,原材料,塑料,合成树脂,广东,221.9,创业板,-,-,-,-,2025/7/10,张驰,民营企业,-,行情酝酿中,-,-,化工,行业成熟稳定,传统行业,耐用品,-
301631.SZ,301631,壹连科技,大盘股,可选消费,汽车零部件与轮胎,汽车电子,深圳,104.03,创业板,-,-,有涨停 火山口战法吃鱼身,高人气,2024/11/22,田王星,民营企业,-,表现超预期,新科技,-,-,政策支持,高新技术产业,-,-
301632.SZ,301632,广东建科,迷你盘,工业,建筑与工程,建筑设计及服务,广东,21.22,创业板,火山口 派出小部队勇吃鱼身,连续多天小涨 龟壳战术吃鱼头,-,-,2025/8/12,广东省人民政府国有资产监督管理委员会,地方国有企业,"阿尔法高波动,等待周期更长,20厘米涨停爆发性强",行情酝酿中,-,房地产产业链,-,行业成熟稳定,传统行业,耐用品,-
301633.SZ,301633,港迪技术,迷你盘,工业,通用机械,电动机与工控自动化,湖北,63.08,创业板,火山口 派出小部队勇吃鱼身,-,-,-,2024/11/7,向爱国,民营企业,"阿尔法高波动,等待周期更长,20厘米涨停爆发性强",行情酝酿中,-,-,制造业(工业母机),行业成熟稳定,高新技术产业,耐用品,-
301636.SZ,301636,泽润新能,中盘股,工业,发电设备,光伏设备,江苏,73.99,创业板,-,-,-,高人气,2025/5/16,陈泽鹏,民营企业,-,表现超预期,新科技,特高压电力产业链,-,政策支持,高新技术产业,耐用品,有量化参与
301638.SZ,301638,南网数字,大盘股,信息技术,信息技术服务,系统集成服务,广东,28.6,创业板,-,-,-,-,2025/11/18,国务院国有资产监督管理委员会,中央企业,-,表现超预期,国产替代,-,-,政策支持,传统行业,-,-
301656.SZ,301656,联合动力,小盘股,可选消费,汽车零部件与轮胎,汽车电子,江苏,21.77,创业板,火山口 派出小部队勇吃鱼身,连续多天小涨 龟壳战术吃鱼头,-,-,2025/9/25,朱兴明,民营企业,"阿尔法高波动,等待周期更长,20厘米涨停爆发性强",行情酝酿中,-,智能汽车产业链,-,政策支持,传统行业,消耗品,-
301658.SZ,301658,首航新能,大盘股,工业,发电设备,光伏设备,深圳,41.72,创业板,火山口 派出小部队勇吃鱼身,-,-,-,2025/4/2,许韬,民营企业,-,行情酝酿中,新科技,特高压电力产业链,-,政策支持,高新技术产业,耐用品,-
301662.SZ,301662,宏工科技,大盘股,工业,专用机械,其他专用机械,广东,165,创业板,-,-,有涨停 火山口战法吃鱼身,-,2025/4/17,罗才华,民营企业,-,表现超预期,-,-,制造业(工业母机),行业成熟稳定,高新技术产业,耐用品,-
301665.SZ,301665,泰禾股份,迷你盘,原材料,农用化工,农药,江苏,26.92,创业板,火山口 派出小部队勇吃鱼身,-,-,-,2025/4/11,田晓宏,民营企业,"阿尔法高波动,等待周期更长,20厘米涨停爆发性强",行情酝酿中,-,-,粮食,行业成熟稳定,传统行业,消耗品,-
301666.SZ,301666,C大普微-UW,大盘股,NA,NA,NA,深圳,231.5,创业板,-,-,有涨停 火山口战法吃鱼身,高人气,2026/4/16,杨亚飞,民营企业,-,表现超预期,新基建,-,-,政策支持,高新技术产业,-,有量化参与
301667.SZ,301667,纳百川,大盘股,可选消费,汽车零部件与轮胎,汽车系统部件,浙江,99.67,创业板,-,-,有涨停 火山口战法吃鱼身,-,2025/12/23,陈荣贤,民营企业,-,表现超预期,-,智能汽车产业链,-,政策支持,传统行业,消耗品,有量化参与
301668.SZ,301668,昊创瑞通,小盘股,工业,电网设备,配电设备,北京,51.65,创业板,火山口 派出小部队勇吃鱼身,连续多天小涨 龟壳战术吃鱼头,-,-,2025/9/26,段友涛,民营企业,"阿尔法高波动,等待周期更长,20厘米涨停爆发性强",行情酝酿中,新科技,特高压电力产业链,-,政策支持,高新技术产业,耐用品,-
301678.SZ,301678,新恒汇,小盘股,通信服务,通信设备,通信终端设备及组件,山东,63.96,创业板,火山口 派出小部队勇吃鱼身,-,-,-,2025/6/20,虞仁荣,民营企业,"阿尔法高波动,等待周期更长,20厘米涨停爆发性强",行情酝酿中,新科技,-,-,政策支持,高新技术产业,-,-
301680.SZ,301680,固德电材,中盘股,可选消费,汽车零部件与轮胎,其他汽车零部件,江苏,104.48,创业板,-,-,-,-,2026/3/6,朱国来,民营企业,-,表现超预期,-,智能汽车产业链,-,政策支持,传统行业,消耗品,有量化参与
301682.SZ,301682,宏明电子,大盘股,信息技术,电子元件,被动元件,四川,127.25,创业板,火山口 派出小部队勇吃鱼身,-,-,-,2026/3/25,四川省政府国有资产监督管理委员会,地方国有企业,-,表现超预期,新科技,-,-,政策支持,高新技术产业,-,-
301683.SZ,301683,慧谷新材,大盘股,原材料,化学制品,涂料油墨,广东,124.3,创业板,-,-,-,-,2026/4/1,唐靖,民营企业,-,表现超预期,-,房地产产业链,-,行业成熟稳定,传统行业,耐用品,-
301687.SZ,301687,新广益,中盘股,信息技术,电子元件,印制电路板,江苏,58.51,创业板,火山口 派出小部队勇吃鱼身,连续多天小涨 龟壳战术吃鱼头,-,-,2025/12/31,夏超华,民营企业,-,行情酝酿中,-,-,化工,行业成熟稳定,传统行业,耐用品,-
301696.SZ,301696,三瑞智能,大盘股,工业,航空航天,航空,江西,105.28,创业板,-,-,有涨停 火山口战法吃鱼身,-,2026/4/10,吴敏,民营企业,-,表现超预期,新科技,特高压电力产业链,-,政策支持,高新技术产业,耐用品,有量化参与
302132.SZ,302132,中航成飞,中盘股,工业,航空航天,航空,陕西,68.93,创业板,火山口 派出小部队勇吃鱼身,-,-,-,2010/8/27,国务院国有资产监督管理委员会,中央企业,-,行情酝酿中,-,军工高铁产业链,-,政策支持,高新技术产业,-,-
600000.SH,600000,浦发银行,大盘股,金融,商业银行,综合性银行,上海,9.86,主板,-,-,-,-,1999/11/10,无实际控制人,其他,β高股息低波动 适合防御,行情酝酿中,大金融,-,-,行业成熟稳定,传统行业,-,-
600004.SH,600004,白云机场,迷你盘,工业,交通基本设施,机场,广东,8.88,主板,火山口 派出小部队勇吃鱼身,连续多天小涨 龟壳战术吃鱼头,-,-,2003/4/28,广东省人民政府,地方国有企业,-,行情酝酿中,-,-,交通,行业成熟稳定,传统行业,-,-
600006.SH,600006,东风股份,迷你盘,工业,交通运输设备,商用车,湖北,6.39,主板,火山口 派出小部队勇吃鱼身,连续多天小涨 龟壳战术吃鱼头,-,-,1999/7/27,国务院国有资产监督管理委员会,中央企业,-,行情酝酿中,-,智能汽车产业链,-,政策支持,传统行业,耐用品,-
600007.SH,600007,中国国贸,迷你盘,房地产,房地产管理与服务,房地产服务,北京,21.5,主板,火山口 派出小部队勇吃鱼身,连续多天小涨 龟壳战术吃鱼头,-,-,1999/3/12,香格里拉(亚洲)有限公司,外资,-,行情酝酿中,-,电子商务产业链,-,行业成熟稳定,传统行业,-,-
600008.SH,600008,首创环保,中盘股,公用事业,水务,水务,北京,3.04,主板,火山口 派出小部队勇吃鱼身,连续多天小涨 龟壳战术吃鱼头,-,-,2000/4/27,北京市人民政府国有资产监督管理委员会,地方国有企业,β高股息低波动 适合防御,行情酝酿中,-,-,民生,行业成熟稳定,传统行业,耐用品,-
600009.SH,600009,上海机场,中盘股,工业,交通基本设施,机场,上海,27.25,主板,火山口 派出小部队勇吃鱼身,连续多天小涨 龟壳战术吃鱼头,-,-,1998/2/18,上海市国有资产监督管理委员会,地方国有企业,β高股息低波动 适合防御,行情酝酿中,-,-,交通,行业成熟稳定,传统行业,-,-
600010.SH,600010,包钢股份,大盘股,原材料,钢铁,普钢,内蒙,2.86,主板,-,-,-,-,2001/3/9,内蒙古自治区人民政府,地方国有企业,β高股息低波动 适合防御,表现超预期,-,-,能源,行业成熟稳定,传统行业,消耗品,-
600011.SH,600011,华能国际,大盘股,公用事业,电力及电网,火电,北京,6.94,主板,火山口 派出小部队勇吃鱼身,连续多天小涨 龟壳战术吃鱼头,-,-,2001/12/6,国务院国有资产监督管理委员会,中央企业,β高股息低波动 适合防御,行情酝酿中,-,特高压电力产业链,-,行业成熟稳定,传统行业,-,-
600012.SH,600012,皖通高速,迷你盘,工业,交通基本设施,高速公路,安徽,15.4,主板,火山口 派出小部队勇吃鱼身,-,-,-,2003/1/7,安徽省人民政府国有资产监督管理委员会,地方国有企业,-,行情酝酿中,-,-,交通,行业成熟稳定,传统行业,-,-
600015.SH,600015,华夏银行,中盘股,金融,商业银行,综合性银行,北京,7.14,主板,火山口 派出小部队勇吃鱼身,连续多天小涨 龟壳战术吃鱼头,-,-,2003/9/12,无实际控制人,其他,β高股息低波动 适合防御,行情酝酿中,大金融,-,-,行业成熟稳定,传统行业,-,-
600016.SH,600016,民生银行,大盘股,金融,商业银行,综合性银行,北京,3.71,主板,火山口 派出小部队勇吃鱼身,连续多天小涨 龟壳战术吃鱼头,-,-,2000/12/19,无实际控制人,其他,β高股息低波动 适合防御,行情酝酿中,大金融,-,-,行业成熟稳定,传统行业,-,-
600017.SH,600017,日照港,小盘股,工业,交通基本设施,港口,山东,2.98,主板,火山口 派出小部队勇吃鱼身,连续多天小涨 龟壳战术吃鱼头,-,-,2006/10/17,山东省人民政府国有资产监督管理委员会,地方国有企业,-,行情酝酿中,-,-,交通,行业成熟稳定,传统行业,-,-
600018.SH,600018,上港集团,中盘股,工业,交通基本设施,港口,上海,4.93,主板,火山口 派出小部队勇吃鱼身,-,-,-,2006/10/26,上海市国有资产监督管理委员会,地方国有企业,β高股息低波动 适合防御,行情酝酿中,-,-,交通,行业成熟稳定,传统行业,-,-
600019.SH,600019,宝钢股份,大盘股,原材料,钢铁,普钢,上海,6.3,主板,火山口 派出小部队勇吃鱼身,-,-,-,2000/12/12,国务院国有资产监督管理委员会,中央企业,β高股息低波动 适合防御,行情酝酿中,-,-,能源,行业成熟稳定,传统行业,消耗品,-
600020.SH,600020,中原高速,迷你盘,工业,交通基本设施,高速公路,河南,3.8,主板,火山口 派出小部队勇吃鱼身,连续多天小涨 龟壳战术吃鱼头,-,-,2003/8/8,河南省人民政府,地方国有企业,-,行情酝酿中,-,-,交通,行业成熟稳定,传统行业,-,-
600021.SH,600021,上海电力,大盘股,公用事业,电力及电网,火电,上海,17.73,主板,-,-,-,-,2003/10/29,国务院国有资产监督管理委员会,中央企业,β高股息低波动 适合防御,行情酝酿中,-,特高压电力产业链,-,行业成熟稳定,传统行业,-,-
600022.SH,600022,山东钢铁,小盘股,原材料,钢铁,普钢,山东,1.51,主板,-,-,-,-,2004/6/29,山东省人民政府国有资产监督管理委员会,地方国有企业,-,行情酝酿中,-,-,能源,行业成熟稳定,传统行业,消耗品,-
600023.SH,600023,浙能电力,中盘股,公用事业,电力及电网,火电,浙江,5.51,主板,火山口 派出小部队勇吃鱼身,连续多天小涨 龟壳战术吃鱼头,-,-,2013/12/19,浙江省人民政府国有资产监督管理委员会,地方国有企业,β高股息低波动 适合防御,行情酝酿中,-,特高压电力产业链,-,行业成熟稳定,传统行业,-,-
600025.SH,600025,华能水电,中盘股,公用事业,电力及电网,水电,云南,9.51,主板,火山口 派出小部队勇吃鱼身,连续多天小涨 龟壳战术吃鱼头,-,-,2017/12/15,国务院国有资产监督管理委员会,中央企业,β高股息低波动 适合防御,行情酝酿中,-,特高压电力产业链,-,行业成熟稳定,传统行业,-,-
600026.SH,600026,中远海能,大盘股,工业,运输业,航运,上海,21.95,主板,-,-,-,-,2002/5/23,国务院国有资产监督管理委员会,中央企业,β高股息低波动 适合防御,行情酝酿中,-,-,交通,行业成熟稳定,传统行业,-,-
600027.SH,600027,华电国际,大盘股,公用事业,电力及电网,火电,山东,4.64,主板,火山口 派出小部队勇吃鱼身,连续多天小涨 龟壳战术吃鱼头,-,-,2005/2/3,国务院国有资产监督管理委员会,中央企业,β高股息低波动 适合防御,行情酝酿中,-,特高压电力产业链,-,行业成熟稳定,传统行业,-,-
600028.SH,600028,中国石化,大盘股,能源,石油与天然气,综合性石油与天然气企业,北京,5.56,主板,-,-,-,-,2001/8/8,国务院国有资产监督管理委员会,中央企业,β高股息低波动 适合防御,行情酝酿中,-,-,能源,行业成熟稳定,传统行业,消耗品,-
600029.SH,600029,南方航空,大盘股,工业,运输业,航空运输,广东,5.71,主板,火山口 派出小部队勇吃鱼身,连续多天小涨 龟壳战术吃鱼头,-,-,2003/7/25,国务院国有资产监督管理委员会,中央企业,β高股息低波动 适合防御,行情酝酿中,-,-,交通,行业成熟稳定,传统行业,-,-
600030.SH,600030,中信证券,大盘股,金融,证券公司,证券公司,深圳,26.26,主板,火山口 派出小部队勇吃鱼身,连续多天小涨 龟壳战术吃鱼头,-,-,2003/1/6,无实际控制人,其他,β高股息低波动 适合防御,表现超预期,大金融,-,-,行业成熟稳定,传统行业,-,-
600031.SH,600031,三一重工,大盘股,工业,专用机械,工程机械,北京,20.16,主板,-,-,-,-,2003/7/3,梁稳根,民营企业,β高股息低波动 适合防御,行情酝酿中,-,-,制造业(工业母机),行业成熟稳定,高新技术产业,耐用品,-
600032.SH,600032,浙江新能,大盘股,公用事业,电力及电网,光伏发电,浙江,9.75,主板,-,-,有涨停 火山口战法吃鱼身,-,2021/5/25,浙江省人民政府国有资产监督管理委员会,地方国有企业,β高股息低波动 适合防御,表现超预期,-,特高压电力产业链,-,政策支持,高新技术产业,-,-
600033.SH,600033,福建高速,小盘股,工业,交通基本设施,高速公路,福建,3.7,主板,火山口 派出小部队勇吃鱼身,连续多天小涨 龟壳战术吃鱼头,-,-,2001/2/9,福建省人民政府国有资产监督管理委员会,地方国有企业,-,行情酝酿中,-,-,交通,行业成熟稳定,传统行业,-,-
600035.SH,600035,楚天高速,迷你盘,工业,交通基本设施,高速公路,湖北,3.81,主板,火山口 派出小部队勇吃鱼身,连续多天小涨 龟壳战术吃鱼头,-,-,2004/3/10,湖北省人民政府国有资产监督管理委员会,地方国有企业,-,行情酝酿中,-,-,交通,行业成熟稳定,传统行业,-,-
600036.SH,600036,招商银行,大盘股,金融,商业银行,综合性银行,深圳,39.52,主板,火山口 派出小部队勇吃鱼身,连续多天小涨 龟壳战术吃鱼头,-,-,2002/4/9,无实际控制人,其他,β高股息低波动 适合防御,行情酝酿中,大金融,-,-,行业成熟稳定,传统行业,-,-
600037.SH,600037,歌华有线,小盘股,通信服务,文化娱乐,广播与电视,北京,7.69,主板,火山口 派出小部队勇吃鱼身,-,-,-,2001/2/8,国务院国有资产监督管理委员会,中央企业,-,行情酝酿中,-,-,文化体育,行业成熟稳定,传统行业,-,-
600038.SH,600038,中直股份,中盘股,工业,航空航天,航空,黑龙江,34.06,主板,火山口 派出小部队勇吃鱼身,连续多天小涨 龟壳战术吃鱼头,-,-,2000/12/18,中国航空工业集团有限公司,中央企业,β高股息低波动 适合防御,行情酝酿中,-,军工高铁产业链,-,政策支持,高新技术产业,-,-
600039.SH,600039,四川路桥,小盘股,工业,建筑与工程,基础设施建设,四川,9.67,主板,火山口 派出小部队勇吃鱼身,连续多天小涨 龟壳战术吃鱼头,-,-,2003/3/25,四川省政府国有资产监督管理委员会,地方国有企业,-,行情酝酿中,-,房地产产业链,-,行业成熟稳定,传统行业,耐用品,-
600048.SH,600048,保利发展,大盘股,房地产,房地产开发与园区,房地产开发,广东,6.07,主板,火山口 派出小部队勇吃鱼身,连续多天小涨 龟壳战术吃鱼头,-,-,2006/7/31,国务院国有资产监督管理委员会,中央企业,β高股息低波动 适合防御,行情酝酿中,-,房地产产业链,-,行业成熟稳定,传统行业,耐用品,-
600050.SH,600050,中国联通,大盘股,通信服务,电信运营服务,电信运营服务,北京,4.64,主板,火山口 派出小部队勇吃鱼身,连续多天小涨 龟壳战术吃鱼头,-,-,2002/10/9,国务院国有资产监督管理委员会,中央企业,β高股息低波动 适合防御,行情酝酿中,新基建,-,-,行业成熟稳定,传统行业,-,-
600051.SH,600051,宁波联合,小盘股,公用事业,供热及其他,供热及其他,浙江,7.62,主板,-,-,-,-,1997/4/10,李水荣,民营企业,-,行情酝酿中,-,实体经济,-,行业成熟稳定,传统行业,-,-
600052.SH,600052,东望时代,迷你盘,公用事业,供热及其他,供热及其他,浙江,3.77,主板,-,-,-,-,1997/4/15,东阳市人民政府国有资产监督管理办公室,地方国有企业,-,行情酝酿中,-,-,民生,行业成熟稳定,传统行业,消耗品,-
600053.SH,600053,九鼎投资,迷你盘,金融,其他资本市场,资产管理,江西,15.32,主板,火山口 派出小部队勇吃鱼身,连续多天小涨 龟壳战术吃鱼头,-,-,1997/4/18,吴刚,民营企业,-,行情酝酿中,大金融,-,-,行业成熟稳定,传统行业,-,-
600054.SH,600054,黄山旅游,中盘股,可选消费,休闲服务,景点,安徽,12.26,主板,-,-,-,-,1997/5/6,安徽省黄山市人民政府国有资产监督管理委员会,地方国有企业,β高股息低波动 适合防御,行情酝酿中,-,实体经济,-,行业成熟稳定,传统行业,-,-
600055.SH,600055,万东医疗,迷你盘,医药卫生,医疗器械,医疗设备,北京,14.76,主板,火山口 派出小部队勇吃鱼身,连续多天小涨 龟壳战术吃鱼头,-,-,1997/5/19,何享健,民营企业,-,行情酝酿中,大健康,-,-,行业成熟稳定,传统行业,消耗品,-
600056.SH,600056,中国医药,中盘股,医药卫生,医疗商业与服务,医药商业,北京,10.7,主板,-,-,-,-,1997/5/15,国务院国有资产监督管理委员会,中央企业,β高股息低波动 适合防御,行情酝酿中,-,实体经济,-,政策支持,传统行业,消耗品,-
600057.SH,600057,厦门象屿,中盘股,工业,运输业,物流综合,福建,8.07,主板,-,连续多天小涨 龟壳战术吃鱼头,-,-,1997/6/4,厦门市人民政府国有资产监督管理委员会,地方国有企业,β高股息低波动 适合防御,行情酝酿中,-,电子商务产业链,-,政策支持,传统行业,-,-
600058.SH,600058,五矿发展,小盘股,工业,商业服务与用品,贸易商,北京,11.14,主板,火山口 派出小部队勇吃鱼身,连续多天小涨 龟壳战术吃鱼头,-,-,1997/5/28,国务院国有资产监督管理委员会,中央企业,-,行情酝酿中,-,实体经济,-,行业成熟稳定,传统行业,-,-
600059.SH,600059,古越龙山,迷你盘,主要消费,酒,黄酒,浙江,8.92,主板,火山口 派出小部队勇吃鱼身,连续多天小涨 龟壳战术吃鱼头,-,-,1997/5/16,绍兴市人民政府国有资产监督管理委员会,地方国有企业,-,行情酝酿中,大消费,-,-,行业成熟稳定,传统行业,消耗品,-
600060.SH,600060,海信视像,小盘股,可选消费,家用电器,黑色家电,山东,22.92,主板,火山口 派出小部队勇吃鱼身,-,-,-,1997/4/22,无实际控制人,其他,-,行情酝酿中,大消费,-,-,行业成熟稳定,传统行业,耐用品,-
600061.SH,600061,国投资本,中盘股,金融,证券公司,证券公司,上海,6.89,主板,火山口 派出小部队勇吃鱼身,-,-,-,1997/5/19,国务院国有资产监督管理委员会,中央企业,β高股息低波动 适合防御,行情酝酿中,大金融,-,-,行业成熟稳定,传统行业,-,-
600062.SH,600062,华润双鹤,中盘股,医药卫生,化学药,药品制剂,北京,18.3,主板,火山口 派出小部队勇吃鱼身,-,-,-,1997/5/22,国务院国有资产监督管理委员会,中央企业,β高股息低波动 适合防御,行情酝酿中,大健康,-,-,政策支持,高新技术产业,消耗品,-
600063.SH,600063,皖维高新,中盘股,原材料,化学原料,其他化学原料,安徽,7.03,主板,-,-,-,-,1997/5/28,安徽省人民政府国有资产监督管理委员会,地方国有企业,β高股息低波动 适合防御,行情酝酿中,-,-,化工,行业成熟稳定,传统行业,耐用品,-
600064.SH,600064,南京高科,小盘股,房地产,房地产开发与园区,房地产开发,江苏,8.58,主板,火山口 派出小部队勇吃鱼身,连续多天小涨 龟壳战术吃鱼头,-,-,1997/5/6,南京市人民政府国有资产监督管理委员会,地方国有企业,-,行情酝酿中,-,电子商务产业链,-,行业成熟稳定,传统行业,-,-
600066.SH,600066,宇通客车,大盘股,工业,交通运输设备,商用车,河南,36.04,主板,火山口 派出小部队勇吃鱼身,-,-,-,1997/5/8,汤玉祥,民营企业,β高股息低波动 适合防御,行情酝酿中,-,智能汽车产业链,-,政策支持,传统行业,耐用品,-
600067.SH,600067,冠城新材,小盘股,工业,电网设备,线缆及其他,福建,4.13,主板,-,-,-,-,1997/5/8,韩国龙,外资,-,行情酝酿中,新科技,特高压电力产业链,-,政策支持,高新技术产业,耐用品,-
600071.SH,600071,凤凰光学,中盘股,信息技术,光学光电子,光学元件,江西,21.17,主板,-,-,-,-,1997/5/28,国务院国有资产监督管理委员会,中央企业,β高股息低波动 适合防御,行情酝酿中,新科技,-,-,政策支持,高新技术产业,-,-
600072.SH,600072,中船科技,中盘股,工业,发电设备,风电设备,上海,12,主板,-,-,-,-,1997/6/3,国务院国有资产监督管理委员会,中央企业,β高股息低波动 适合防御,行情酝酿中,新科技,特高压电力产业链,-,政策支持,高新技术产业,耐用品,-
600073.SH,600073,光明肉业,迷你盘,主要消费,食品,肉制品,上海,5.89,主板,火山口 派出小部队勇吃鱼身,-,-,-,1997/7/4,光明食品(集团)有限公司,地方国有企业,-,行情酝酿中,大消费,-,-,行业成熟稳定,传统行业,消耗品,-
600075.SH,600075,新疆天业,中盘股,原材料,化学原料,氯碱,新疆,6.15,主板,火山口 派出小部队勇吃鱼身,-,-,-,1997/6/17,新疆生产建设兵团第八师国有资产监督管理委员会(石河子市国有资产监督管理委员会),地方国有企业,β高股息低波动 适合防御,行情酝酿中,-,-,化工,行业成熟稳定,传统行业,耐用品,-
600076.SH,600076,康欣新材,小盘股,原材料,纸类与林业产品,林业产品,山东,3.51,主板,-,-,-,-,1997/5/26,无锡市人民政府国有资产监督管理委员会,地方国有企业,-,行情酝酿中,-,电子商务产业链,-,行业成熟稳定,传统行业,-,-
600078.SH,600078,澄星股份,中盘股,原材料,农用化工,磷肥及磷化工,江苏,13.01,主板,-,-,-,-,1997/6/27,李星星,民营企业,β高股息低波动 适合防御,表现超预期,-,-,化工,行业成熟稳定,传统行业,耐用品,-
600079.SH,600079,ST人福,中盘股,医药卫生,化学药,药品制剂,湖北,18.8,主板,火山口 派出小部队勇吃鱼身,连续多天小涨 龟壳战术吃鱼头,-,-,1997/6/6,招商局集团有限公司,中央企业,β高股息低波动 适合防御,行情酝酿中,大健康,-,-,政策支持,高新技术产业,消耗品,-
600080.SH,600080,金花股份,小盘股,医药卫生,中药,中成药,陕西,8.1,主板,-,-,-,-,1997/6/12,邢博越,民营企业,-,行情酝酿中,大健康,-,-,行业成熟稳定,传统行业,消耗品,-
600081.SH,600081,东风科技,迷你盘,可选消费,汽车零部件与轮胎,汽车系统部件,上海,11.05,主板,火山口 派出小部队勇吃鱼身,连续多天小涨 龟壳战术吃鱼头,-,-,1997/7/3,国务院国有资产监督管理委员会,中央企业,-,行情酝酿中,-,智能汽车产业链,-,政策支持,传统行业,消耗品,-
600082.SH,600082,ST海泰,中盘股,房地产,房地产开发与园区,园区,天津,2.91,主板,-,-,-,-,1997/6/20,天津市人民政府,地方国有企业,β高股息低波动 适合防御,行情酝酿中,-,电子商务产业链,-,行业成熟稳定,传统行业,-,-
600084.SH,600084,中信尼雅,小盘股,主要消费,酒,葡萄酒及其他,新疆,6.68,主板,-,-,-,-,1997/7/11,中国中信集团有限公司,中央企业,-,行情酝酿中,大消费,-,-,行业成熟稳定,传统行业,消耗品,-
600085.SH,600085,同仁堂,小盘股,医药卫生,中药,中成药,北京,27.73,主板,火山口 派出小部队勇吃鱼身,连续多天小涨 龟壳战术吃鱼头,-,-,1997/6/25,北京市人民政府国有资产监督管理委员会,地方国有企业,-,行情酝酿中,大健康,-,-,行业成熟稳定,传统行业,消耗品,-
600088.SH,600088,中视传媒,迷你盘,通信服务,文化娱乐,影视动漫,上海,14.66,主板,火山口 派出小部队勇吃鱼身,-,-,-,1997/6/16,中央广播电视总台,中央企业,-,行情酝酿中,-,-,文化体育,行业成熟稳定,传统行业,-,-
600089.SH,600089,特变电工,大盘股,工业,发电设备,光伏设备,新疆,27.32,主板,火山口 派出小部队勇吃鱼身,-,-,-,1997/6/18,张新,民营企业,β高股息低波动 适合防御,行情酝酿中,新科技,特高压电力产业链,-,政策支持,高新技术产业,耐用品,-
600094.SH,600094,大名城,中盘股,房地产,房地产开发与园区,房地产开发,上海,4.71,主板,-,-,-,-,1997/7/3,俞培俤,外资,β高股息低波动 适合防御,表现超预期,-,-,-,行业成熟稳定,传统行业,耐用品,-
600095.SH,600095,湘财股份,小盘股,金融,证券公司,证券公司,黑龙江,9.43,主板,火山口 派出小部队勇吃鱼身,连续多天小涨 龟壳战术吃鱼头,-,-,1997/7/8,黄伟,民营企业,-,行情酝酿中,大金融,-,-,行业成熟稳定,传统行业,-,-
600096.SH,600096,云天化,大盘股,原材料,农用化工,磷肥及磷化工,云南,33.36,主板,-,-,-,-,1997/7/9,云南省人民政府国有资产监督管理委员会,地方国有企业,β高股息低波动 适合防御,行情酝酿中,-,-,粮食,行业成熟稳定,传统行业,消耗品,-
600097.SH,600097,开创国际,迷你盘,主要消费,养殖,渔业产品,上海,10.71,主板,火山口 派出小部队勇吃鱼身,-,-,-,1997/6/19,上海市国有资产监督管理委员会,地方国有企业,-,行情酝酿中,-,-,粮食,行业成熟稳定,传统行业,消耗品,-
600098.SH,600098,广州发展,中盘股,公用事业,电力及电网,火电,广东,7.01,主板,火山口 派出小部队勇吃鱼身,-,-,-,1997/7/18,广州市人民政府国有资产监督管理委员会,地方国有企业,β高股息低波动 适合防御,行情酝酿中,-,特高压电力产业链,-,行业成熟稳定,传统行业,-,-
600099.SH,600099,林海股份,迷你盘,可选消费,摩托车及其他,摩托车及其他,江苏,11.41,主板,火山口 派出小部队勇吃鱼身,-,-,-,1997/7/4,国务院国有资产监督管理委员会,中央企业,-,行情酝酿中,-,智能汽车产业链,-,政策支持,传统行业,耐用品,-
600100.SH,600100,同方股份,中盘股,信息技术,电子终端及组件,电脑与外围设备,北京,8.33,主板,-,-,-,-,1997/6/27,国务院国有资产监督管理委员会,中央企业,β高股息低波动 适合防御,行情酝酿中,新基建,-,-,政策支持,高新技术产业,-,-
600101.SH,600101,明星电力,小盘股,公用事业,电力及电网,电网,四川,9.3,主板,火山口 派出小部队勇吃鱼身,连续多天小涨 龟壳战术吃鱼头,-,-,1997/6/27,国务院国有资产监督管理委员会,中央企业,-,行情酝酿中,-,特高压电力产业链,-,行业成熟稳定,传统行业,-,-
600103.SH,600103,青山纸业,大盘股,原材料,纸类与林业产品,纸制品,福建,4.3,主板,-,-,-,-,1997/7/3,福建省人民政府国有资产监督管理委员会,地方国有企业,β高股息低波动 适合防御,表现超预期,-,-,化工,行业成熟稳定,传统行业,消耗品,-
600104.SH,600104,上汽集团,大盘股,可选消费,乘用车,乘用车,上海,13.92,主板,火山口 派出小部队勇吃鱼身,连续多天小涨 龟壳战术吃鱼头,-,-,1997/11/25,上海市国有资产监督管理委员会,地方国有企业,β高股息低波动 适合防御,行情酝酿中,-,智能汽车产业链,-,政策支持,传统行业,耐用品,-
600105.SH,600105,永鼎股份,大盘股,通信服务,通信设备,通信系统设备及组件,江苏,41.3,主板,-,-,-,-,1997/9/29,莫林弟,民营企业,β高股息低波动 适合防御,表现超预期,新基建,-,-,政策支持,高新技术产业,-,-
600106.SH,600106,重庆路桥,中盘股,工业,交通基本设施,高速公路,重庆,6.23,主板,火山口 派出小部队勇吃鱼身,-,-,-,1997/6/18,无实际控制人,其他,β高股息低波动 适合防御,表现超预期,-,-,交通,行业成熟稳定,传统行业,-,-
600107.SH,600107,ST尔雅,迷你盘,可选消费,纺织服装,服装,湖北,5.51,主板,-,-,-,-,1997/11/6,郑继平,民营企业,-,行情酝酿中,大消费,-,-,行业成熟稳定,传统行业,耐用品,-
600108.SH,600108,亚盛集团,中盘股,主要消费,种植,农产品,甘肃,4.52,主板,-,-,-,-,1997/8/18,甘肃省人民政府国有资产监督管理委员会,地方国有企业,β高股息低波动 适合防御,行情酝酿中,-,-,粮食,行业成熟稳定,传统行业,消耗品,-
600109.SH,600109,国金证券,小盘股,金融,证券公司,证券公司,四川,8.65,主板,火山口 派出小部队勇吃鱼身,连续多天小涨 龟壳战术吃鱼头,-,-,1997/8/7,陈金霞,民营企业,-,行情酝酿中,大金融,-,-,行业成熟稳定,传统行业,-,-
600110.SH,600110,诺德股份,大盘股,工业,储能设备,电池部件及材料,吉林,9.99,主板,-,-,-,-,1997/10/7,陈立志,民营企业,β高股息低波动 适合防御,行情酝酿中,新科技,特高压电力产业链,-,政策支持,高新技术产业,耐用品,-
600111.SH,600111,北方稀土,大盘股,原材料,稀有金属,稀土金属,内蒙,49.22,主板,-,-,-,-,1997/9/24,内蒙古自治区人民政府,地方国有企业,β高股息低波动 适合防御,行情酝酿中,新能源,-,-,行业成熟稳定,传统行业,消耗品,-
600113.SH,600113,XD浙江东,中盘股,NA,NA,NA,浙江,47.19,主板,火山口 派出小部队勇吃鱼身,-,-,-,1997/10/21,浙江省温州市人民政府国有资产监督管理委员会,地方国有企业,β高股息低波动 适合防御,行情酝酿中,-,-,-,行业成熟稳定,传统行业,耐用品,-
600114.SH,600114,东睦股份,大盘股,工业,通用机械,其他通用机械,浙江,31.75,主板,-,-,-,-,2004/5/11,无实际控制人,其他,β高股息低波动 适合防御,表现超预期,-,-,制造业(工业母机),行业成熟稳定,传统行业,耐用品,-
600115.SH,600115,中国东航,大盘股,工业,运输业,航空运输,上海,4.41,主板,火山口 派出小部队勇吃鱼身,连续多天小涨 龟壳战术吃鱼头,-,-,1997/11/5,国务院国有资产监督管理委员会,中央企业,β高股息低波动 适合防御,行情酝酿中,-,-,交通,行业成熟稳定,传统行业,-,-
600116.SH,600116,三峡水利,大盘股,公用事业,电力及电网,水电,重庆,6.75,主板,火山口 派出小部队勇吃鱼身,连续多天小涨 龟壳战术吃鱼头,-,-,1997/8/4,国务院国有资产监督管理委员会,中央企业,β高股息低波动 适合防御,行情酝酿中,-,特高压电力产业链,-,行业成熟稳定,传统行业,-,-
600117.SH,600117,西宁特钢,迷你盘,原材料,钢铁,特钢,青海,2.57,主板,火山口 派出小部队勇吃鱼身,-,-,-,1997/10/15,张志祥,民营企业,-,行情酝酿中,-,军工高铁产业链,-,行业成熟稳定,传统行业,消耗品,-
600118.SH,600118,中国卫星,大盘股,工业,航空航天,航天,北京,85.93,主板,火山口 派出小部队勇吃鱼身,连续多天小涨 龟壳战术吃鱼头,-,-,1997/9/8,国务院国有资产监督管理委员会,中央企业,β高股息低波动 适合防御,表现超预期,-,军工高铁产业链,-,政策支持,高新技术产业,-,-
600119.SH,600119,长江投资,迷你盘,工业,运输业,物流综合,上海,5.96,主板,-,-,-,-,1998/1/15,上海市国有资产监督管理委员会,地方国有企业,-,行情酝酿中,-,电子商务产业链,-,政策支持,传统行业,-,-
600120.SH,600120,浙江东方,中盘股,金融,其他金融服务,其他综合性金融服务,浙江,5.73,主板,火山口 派出小部队勇吃鱼身,连续多天小涨 龟壳战术吃鱼头,-,-,1997/12/1,浙江省人民政府国有资产监督管理委员会,地方国有企业,β高股息低波动 适合防御,行情酝酿中,大金融,-,-,行业成熟稳定,传统行业,-,-
600121.SH,600121,郑州煤电,小盘股,能源,煤炭,煤炭,河南,4.09,主板,-,-,-,-,1998/1/7,郑州市人民政府国有资产监督管理委员会,地方国有企业,-,行情酝酿中,-,-,能源,行业成熟稳定,传统行业,消耗品,-
600123.SH,600123,兰花科创,小盘股,能源,煤炭,煤炭,山西,6.18,主板,-,-,-,-,1998/12/17,山西省晋城市人民政府国有资产监督管理委员会,地方国有企业,-,行情酝酿中,-,-,能源,行业成熟稳定,传统行业,消耗品,-
600125.SH,600125,铁龙物流,中盘股,工业,运输业,铁路运输,辽宁,6.06,主板,-,-,-,-,1998/5/11,中国国家铁路集团有限公司,中央企业,β高股息低波动 适合防御,行情酝酿中,-,-,交通,行业成熟稳定,传统行业,-,-
600126.SH,600126,杭钢股份,大盘股,原材料,钢铁,普钢,浙江,9.96,主板,-,-,-,-,1998/3/11,浙江省人民政府国有资产监督管理委员会,地方国有企业,β高股息低波动 适合防御,表现超预期,-,-,能源,行业成熟稳定,传统行业,消耗品,-
600127.SH,600127,金健米业,中盘股,主要消费,种植,农产品,湖南,6.98,主板,-,-,-,-,1998/5/6,湖南省人民政府国有资产监督管理委员会,地方国有企业,β高股息低波动 适合防御,行情酝酿中,-,-,粮食,行业成熟稳定,传统行业,消耗品,-
600128.SH,600128,苏豪弘业,迷你盘,工业,商业服务与用品,贸易商,江苏,10.53,主板,火山口 派出小部队勇吃鱼身,连续多天小涨 龟壳战术吃鱼头,-,-,1997/9/1,江苏省政府国有资产监督管理委员会,地方国有企业,-,行情酝酿中,-,实体经济,-,行业成熟稳定,传统行业,-,-
600129.SH,600129,太极集团,小盘股,医药卫生,中药,中成药,重庆,16.25,主板,-,-,-,-,1997/11/18,国务院国有资产监督管理委员会,中央企业,-,行情酝酿中,大健康,-,-,行业成熟稳定,传统行业,消耗品,-
600130.SH,600130,*ST波导,小盘股,信息技术,电子终端及组件,消费电子终端,浙江,4.67,主板,火山口 派出小部队勇吃鱼身,连续多天小涨 龟壳战术吃鱼头,-,-,2000/7/6,徐立华,民营企业,-,行情酝酿中,新科技,-,-,政策支持,高新技术产业,-,-
600131.SH,600131,国网信通,中盘股,通信服务,数据中心,数据中心,四川,18.31,主板,火山口 派出小部队勇吃鱼身,连续多天小涨 龟壳战术吃鱼头,-,-,1998/4/2,国务院国有资产监督管理委员会,中央企业,β高股息低波动 适合防御,行情酝酿中,新基建,-,-,政策支持,高新技术产业,-,-
600132.SH,600132,重庆啤酒,中盘股,主要消费,酒,啤酒,重庆,53.97,主板,火山口 派出小部队勇吃鱼身,连续多天小涨 龟壳战术吃鱼头,-,-,1997/10/30,嘉士伯基金会,外资,β高股息低波动 适合防御,行情酝酿中,大消费,-,-,行业成熟稳定,传统行业,消耗品,-
600133.SH,600133,东湖高新,中盘股,工业,污染治理,烟气治理,湖北,8.75,主板,火山口 派出小部队勇吃鱼身,连续多天小涨 龟壳战术吃鱼头,-,-,1998/2/12,湖北省人民政府国有资产监督管理委员会,地方国有企业,β高股息低波动 适合防御,行情酝酿中,-,-,民生,行业成熟稳定,传统行业,-,-
600135.SH,600135,乐凯胶片,大盘股,工业,发电设备,光伏设备,河北,11.13,主板,-,-,有涨停 火山口战法吃鱼身,高人气,1998/1/22,中国航天科技集团有限公司,中央企业,β高股息低波动 适合防御,表现超预期,-,-,化工,行业成熟稳定,传统行业,消耗品,-
600136.SH,600136,ST明诚,迷你盘,通信服务,文化娱乐,影视动漫,湖北,1.84,主板,火山口 派出小部队勇吃鱼身,-,-,-,1998/3/3,湖北省人民政府国有资产监督管理委员会,地方国有企业,-,行情酝酿中,-,房地产产业链,-,行业成熟稳定,传统行业,耐用品,-
600137.SH,600137,浪莎股份,小盘股,可选消费,纺织服装,服装,四川,22.36,主板,-,-,-,-,1998/4/16,翁荣金,民营企业,-,行情酝酿中,大消费,-,-,行业成熟稳定,传统行业,耐用品,-
600138.SH,600138,中青旅,小盘股,可选消费,休闲服务,景点,北京,9.31,主板,火山口 派出小部队勇吃鱼身,连续多天小涨 龟壳战术吃鱼头,-,-,1997/12/3,国务院国有资产监督管理委员会,中央企业,-,行情酝酿中,-,实体经济,-,行业成熟稳定,传统行业,-,-
600141.SH,600141,兴发集团,大盘股,原材料,农用化工,磷肥及磷化工,湖北,31.65,主板,-,-,-,-,1999/6/16,兴山县国资局,地方国有企业,β高股息低波动 适合防御,行情酝酿中,-,-,粮食,行业成熟稳定,传统行业,消耗品,-
600143.SH,600143,金发科技,大盘股,原材料,塑料,改性塑料,广东,17.29,主板,火山口 派出小部队勇吃鱼身,-,-,-,2004/6/23,袁志敏,民营企业,β高股息低波动 适合防御,行情酝酿中,-,-,化工,行业成熟稳定,传统行业,消耗品,-
600148.SH,600148,长春一东,迷你盘,可选消费,汽车零部件与轮胎,汽车系统部件,吉林,18.21,主板,火山口 派出小部队勇吃鱼身,-,-,-,1998/5/20,国务院国有资产监督管理委员会,中央企业,-,行情酝酿中,-,智能汽车产业链,-,政策支持,传统行业,消耗品,-
600149.SH,600149,廊坊发展,小盘股,公用事业,供热及其他,供热及其他,河北,5.76,主板,-,-,-,-,1999/10/14,廊坊市人民政府国有资产监督管理委员会,地方国有企业,-,行情酝酿中,-,实体经济,-,行业成熟稳定,传统行业,-,-
600150.SH,600150,中国船舶,大盘股,工业,交通运输设备,船舶及其他航运设备,上海,33.03,主板,火山口 派出小部队勇吃鱼身,连续多天小涨 龟壳战术吃鱼头,-,-,1998/5/20,国务院国有资产监督管理委员会,中央企业,β高股息低波动 适合防御,行情酝酿中,-,军工高铁产业链,-,政策支持,传统行业,-,-
600151.SH,600151,航天机电,大盘股,工业,发电设备,光伏设备,上海,14.62,主板,-,-,-,-,1998/6/5,国务院国有资产监督管理委员会,中央企业,β高股息低波动 适合防御,表现超预期,-,智能汽车产业链,-,政策支持,传统行业,消耗品,-
600152.SH,600152,维科技术,大盘股,工业,储能设备,电池,浙江,13.9,主板,-,-,-,-,1998/6/9,何承命,民营企业,β高股息低波动 适合防御,表现超预期,新科技,特高压电力产业链,-,政策支持,高新技术产业,耐用品,-
600153.SH,600153,建发股份,小盘股,工业,运输业,物流综合,福建,9,主板,火山口 派出小部队勇吃鱼身,连续多天小涨 龟壳战术吃鱼头,-,-,1998/6/16,厦门市人民政府国有资产监督管理委员会,地方国有企业,-,行情酝酿中,-,电子商务产业链,-,政策支持,传统行业,-,-
600155.SH,600155,华创云信,小盘股,金融,证券公司,证券公司,北京,6.34,主板,火山口 派出小部队勇吃鱼身,连续多天小涨 龟壳战术吃鱼头,-,-,1998/9/18,无实际控制人,其他,-,行情酝酿中,大金融,-,-,行业成熟稳定,传统行业,-,-
600156.SH,600156,华升股份,大盘股,可选消费,专营零售,专营零售,湖南,9.26,主板,-,-,有涨停 火山口战法吃鱼身,高人气,1998/5/27,湖南省人民政府国有资产监督管理委员会,地方国有企业,β高股息低波动 适合防御,表现超预期,-,-,化工,行业成熟稳定,传统行业,消耗品,-
600157.SH,600157,永泰能源,大盘股,公用事业,电力及电网,火电,山西,1.68,主板,-,-,-,-,1998/5/13,王广西,民营企业,β高股息低波动 适合防御,行情酝酿中,-,特高压电力产业链,-,行业成熟稳定,传统行业,-,-
600158.SH,600158,中体产业,大盘股,可选消费,休闲服务,其他休闲服务,天津,10.95,主板,-,-,-,-,1998/3/27,国家体育总局,中央企业,β高股息低波动 适合防御,行情酝酿中,-,-,文化体育,行业成熟稳定,传统行业,-,-
600159.SH,600159,大龙地产,小盘股,工业,建筑与工程,房屋建设,北京,3.01,主板,-,-,-,-,1998/5/26,北京市顺义区人民政府国有资产监督管理委员会,地方国有企业,-,表现超预期,-,-,-,行业成熟稳定,传统行业,耐用品,-
600160.SH,600160,巨化股份,大盘股,原材料,化学制品,氟化工,浙江,33.79,主板,-,-,-,-,1998/6/26,浙江省人民政府国有资产监督管理委员会,地方国有企业,β高股息低波动 适合防御,表现超预期,-,-,化工,行业成熟稳定,传统行业,耐用品,-
600161.SH,600161,天坛生物,中盘股,医药卫生,生物药品,血液制品,北京,15.18,主板,火山口 派出小部队勇吃鱼身,-,-,-,1998/6/16,中国医药集团有限公司,中央企业,β高股息低波动 适合防御,行情酝酿中,大健康,-,-,政策支持,高新技术产业,消耗品,-
600162.SH,600162,香江控股,小盘股,房地产,房地产开发与园区,房地产开发,深圳,1.8,主板,-,-,-,-,1998/6/9,翟美卿,外资,-,表现超预期,-,房地产产业链,-,行业成熟稳定,传统行业,耐用品,-
600163.SH,600163,中闽能源,中盘股,公用事业,电力及电网,风电,福建,6.04,主板,-,-,-,-,1998/6/2,福建省人民政府国有资产监督管理委员会,地方国有企业,β高股息低波动 适合防御,表现超预期,-,特高压电力产业链,-,政策支持,高新技术产业,-,-
600165.SH,600165,ST宁科,迷你盘,原材料,其他非金属材料,其他非金属材料,宁夏,3.57,主板,-,-,-,-,1998/5/29,刘喜荣,民营企业,-,表现超预期,-,-,化工,行业成熟稳定,传统行业,耐用品,-
600166.SH,600166,福田汽车,大盘股,工业,交通运输设备,商用车,北京,3.45,主板,-,-,-,-,1998/6/2,北京市人民政府国有资产监督管理委员会,地方国有企业,β高股息低波动 适合防御,表现超预期,-,智能汽车产业链,-,政策支持,传统行业,耐用品,-
600167.SH,600167,联美控股,迷你盘,公用事业,供热及其他,供热及其他,辽宁,6.59,主板,-,-,-,-,1999/1/28,苏壮强,外资,-,行情酝酿中,-,-,民生,行业成熟稳定,传统行业,消耗品,-
600168.SH,600168,武汉控股,迷你盘,公用事业,水务,水务,湖北,4.87,主板,火山口 派出小部队勇吃鱼身,-,-,-,1998/4/27,武汉市人民政府国有资产监督管理委员会,地方国有企业,-,行情酝酿中,-,-,民生,行业成熟稳定,传统行业,耐用品,-
600169.SH,600169,ST太重,迷你盘,工业,专用机械,采矿冶金机械,山西,2.4,主板,火山口 派出小部队勇吃鱼身,连续多天小涨 龟壳战术吃鱼头,-,-,1998/9/4,山西省人民政府国有资产监督管理委员会,地方国有企业,-,行情酝酿中,-,-,制造业(工业母机),行业成熟稳定,高新技术产业,耐用品,-
600170.SH,600170,上海建工,中盘股,工业,建筑与工程,房屋建设,上海,2.73,主板,火山口 派出小部队勇吃鱼身,连续多天小涨 龟壳战术吃鱼头,-,-,1998/6/23,上海市国有资产监督管理委员会,地方国有企业,β高股息低波动 适合防御,行情酝酿中,-,房地产产业链,-,行业成熟稳定,传统行业,耐用品,-
600171.SH,600171,上海贝岭,中盘股,信息技术,集成电路,集成电路设计,上海,27.87,主板,火山口 派出小部队勇吃鱼身,-,-,-,1998/9/24,中国电子信息产业集团有限公司,中央企业,β高股息低波动 适合防御,行情酝酿中,新科技,-,-,政策支持,高新技术产业,-,-
600172.SH,600172,黄河旋风,大盘股,原材料,其他非金属材料,其他非金属材料,河南,8.77,主板,-,连续多天小涨 龟壳战术吃鱼头,-,-,1998/11/26,许昌市财政局,地方国有企业,β高股息低波动 适合防御,表现超预期,新能源,-,能源,行业成熟稳定,传统行业,消耗品,-
600173.SH,600173,卧龙新能,大盘股,房地产,房地产开发与园区,房地产开发,浙江,7.99,主板,-,-,-,-,1999/4/15,陈建成,民营企业,β高股息低波动 适合防御,表现超预期,-,房地产产业链,-,行业成熟稳定,传统行业,耐用品,-
600176.SH,600176,中国巨石,大盘股,原材料,其他非金属材料,玻璃纤维,浙江,33.5,主板,-,-,有涨停 火山口战法吃鱼身,-,1999/4/22,国务院国有资产监督管理委员会,中央企业,β高股息低波动 适合防御,表现超预期,-,-,化工,行业成熟稳定,传统行业,耐用品,-
600177.SH,600177,雅戈尔,小盘股,可选消费,纺织服装,服装,浙江,7.3,主板,火山口 派出小部队勇吃鱼身,连续多天小涨 龟壳战术吃鱼头,-,-,1998/11/19,李如成,民营企业,-,行情酝酿中,大消费,-,-,行业成熟稳定,传统行业,耐用品,-
600178.SH,600178,东安动力,迷你盘,可选消费,汽车零部件与轮胎,汽车系统部件,黑龙江,11.39,主板,火山口 派出小部队勇吃鱼身,-,-,-,1998/10/14,国务院国有资产监督管理委员会,中央企业,-,行情酝酿中,-,智能汽车产业链,-,政策支持,传统行业,消耗品,-
600179.SH,600179,安通控股,小盘股,工业,运输业,航运,福建,4.47,主板,火山口 派出小部队勇吃鱼身,连续多天小涨 龟壳战术吃鱼头,-,-,1998/11/4,无实际控制人,其他,-,行情酝酿中,-,-,交通,行业成熟稳定,传统行业,-,-
600180.SH,600180,瑞茂通,迷你盘,工业,运输业,物流综合,山东,3.22,主板,-,-,-,-,1998/7/3,万永兴,民营企业,-,行情酝酿中,-,电子商务产业链,-,政策支持,传统行业,-,-
600182.SH,600182,S佳通,迷你盘,可选消费,汽车零部件与轮胎,轮胎,黑龙江,14.61,主板,火山口 派出小部队勇吃鱼身,连续多天小涨 龟壳战术吃鱼头,-,-,1999/5/7,林美凤,外资,-,行情酝酿中,-,智能汽车产业链,-,政策支持,传统行业,消耗品,-
600183.SH,600183,生益科技,大盘股,信息技术,电子元件,印制电路板,广东,69.25,主板,-,连续多天小涨 龟壳战术吃鱼头,-,-,1998/10/28,无实际控制人,其他,β高股息低波动 适合防御,表现超预期,新科技,-,-,政策支持,高新技术产业,-,-
600184.SH,600184,光电股份,大盘股,工业,国防装备,国防装备,湖北,22.22,主板,-,-,-,-,2003/11/6,国务院国有资产监督管理委员会,中央企业,β高股息低波动 适合防御,表现超预期,-,-,制造业(工业母机),行业成熟稳定,高新技术产业,耐用品,-
600185.SH,600185,珠免集团,中盘股,可选消费,旅游零售,旅游零售,广东,5.98,主板,火山口 派出小部队勇吃鱼身,连续多天小涨 龟壳战术吃鱼头,-,-,1999/6/11,珠海市人民政府国有资产监督管理委员会,地方国有企业,β高股息低波动 适合防御,行情酝酿中,-,实体经济,-,行业成熟稳定,传统行业,-,-
600186.SH,600186,莲花控股,大盘股,主要消费,食品,调味品与食用油,河南,7.89,主板,-,-,-,-,1998/8/25,李厚文,民营企业,β高股息低波动 适合防御,表现超预期,大消费,-,-,行业成熟稳定,传统行业,消耗品,-
600187.SH,600187,国中水务,小盘股,公用事业,水务,水务,黑龙江,1.81,主板,-,-,-,-,1998/11/11,姜照柏,民营企业,-,行情酝酿中,-,-,民生,行业成熟稳定,传统行业,耐用品,-
600188.SH,600188,兖矿能源,大盘股,能源,煤炭,煤炭,山东,19,主板,-,-,-,-,1998/7/1,山东省人民政府国有资产监督管理委员会,地方国有企业,β高股息低波动 适合防御,行情酝酿中,-,-,能源,行业成熟稳定,传统行业,消耗品,-
600189.SH,600189,泉阳泉,迷你盘,主要消费,软饮料,软饮料,吉林,7.63,主板,火山口 派出小部队勇吃鱼身,-,-,-,1998/10/7,吉林省人民政府国有资产监督管理委员会,地方国有企业,-,行情酝酿中,大消费,-,-,行业成熟稳定,传统行业,消耗品,-
600191.SH,600191,华资实业,小盘股,主要消费,种植,农产品,内蒙,12.67,主板,-,-,-,-,1998/12/10,宋民松,民营企业,-,行情酝酿中,大消费,-,-,行业成熟稳定,传统行业,消耗品,-
600192.SH,600192,长城电工,迷你盘,工业,电网设备,配电设备,甘肃,8.36,主板,火山口 派出小部队勇吃鱼身,-,-,-,1998/12/24,甘肃省人民政府国有资产监督管理委员会,地方国有企业,-,行情酝酿中,新科技,特高压电力产业链,-,政策支持,高新技术产业,耐用品,-
600193.SH,600193,*ST创兴,迷你盘,工业,建筑装修,建筑装修,上海,2.95,主板,-,-,-,-,1999/5/27,王相荣,民营企业,-,表现超预期,-,房地产产业链,-,行业成熟稳定,传统行业,耐用品,-
600195.SH,600195,中牧股份,中盘股,主要消费,养殖,动物保健与育种,北京,7.82,主板,-,-,-,-,1999/1/7,国务院国有资产监督管理委员会,中央企业,β高股息低波动 适合防御,行情酝酿中,-,-,粮食,行业成熟稳定,传统行业,消耗品,-
600196.SH,600196,复星医药,大盘股,医药卫生,化学药,药品制剂,上海,26.15,主板,火山口 派出小部队勇吃鱼身,-,-,-,1998/8/7,郭广昌,民营企业,β高股息低波动 适合防御,行情酝酿中,大健康,-,-,政策支持,高新技术产业,消耗品,-
600197.SH,600197,伊力特,迷你盘,主要消费,酒,白酒,新疆,11.95,主板,火山口 派出小部队勇吃鱼身,-,-,-,1999/9/16,新疆生产建设兵团农四师,地方国有企业,-,行情酝酿中,大消费,-,-,行业成熟稳定,传统行业,消耗品,-
600198.SH,600198,大唐电信,小盘股,通信服务,通信设备,通信系统设备及组件,北京,8.5,主板,火山口 派出小部队勇吃鱼身,-,-,-,1998/10/21,国务院国有资产监督管理委员会,中央企业,-,行情酝酿中,新基建,-,-,政策支持,高新技术产业,-,-
600199.SH,600199,金种子酒,迷你盘,主要消费,酒,白酒,安徽,8.06,主板,火山口 派出小部队勇吃鱼身,连续多天小涨 龟壳战术吃鱼头,-,-,1998/8/12,阜阳市人民政府国有资产监督管理委员会,地方国有企业,-,行情酝酿中,大消费,-,-,行业成熟稳定,传统行业,消耗品,-
600201.SH,600201,生物股份,中盘股,主要消费,养殖,动物保健与育种,内蒙,14.68,主板,火山口 派出小部队勇吃鱼身,连续多天小涨 龟壳战术吃鱼头,-,-,1999/1/15,无实际控制人,其他,β高股息低波动 适合防御,行情酝酿中,-,-,粮食,行业成熟稳定,传统行业,消耗品,-
600202.SH,600202,哈空调,迷你盘,工业,专用机械,化工机械,黑龙江,5.85,主板,火山口 派出小部队勇吃鱼身,-,-,-,1999/6/3,哈尔滨市人民政府国有资产监督管理委员会,地方国有企业,-,行情酝酿中,-,-,制造业(工业母机),行业成熟稳定,高新技术产业,耐用品,-
600203.SH,600203,福日电子,中盘股,信息技术,电子终端及组件,消费电子终端,福建,11.6,主板,火山口 派出小部队勇吃鱼身,连续多天小涨 龟壳战术吃鱼头,-,-,1999/5/14,福建省人民政府国有资产监督管理委员会,地方国有企业,β高股息低波动 适合防御,行情酝酿中,新科技,-,-,政策支持,高新技术产业,-,-
600206.SH,600206,有研新材,大盘股,信息技术,半导体材料与设备,半导体材料,北京,23.29,主板,-,-,-,-,1999/3/19,国务院国有资产监督管理委员会,中央企业,β高股息低波动 适合防御,表现超预期,新科技,-,-,政策支持,高新技术产业,-,-
600207.SH,600207,安彩高科,中盘股,工业,发电设备,光伏设备,河南,5.7,主板,-,-,-,-,1999/7/14,河南省财政厅,地方国有企业,β高股息低波动 适合防御,表现超预期,新科技,特高压电力产业链,-,政策支持,高新技术产业,耐用品,-
600208.SH,600208,衢州发展,大盘股,房地产,房地产开发与园区,房地产开发,浙江,3.58,主板,-,-,有涨停 火山口战法吃鱼身,-,1999/6/23,衢州工业控股集团有限公司,地方国有企业,β高股息低波动 适合防御,表现超预期,-,房地产产业链,-,行业成熟稳定,传统行业,耐用品,-
600210.SH,600210,紫江企业,小盘股,原材料,容器与包装,金属、玻璃与塑料包装,上海,6.97,主板,火山口 派出小部队勇吃鱼身,连续多天小涨 龟壳战术吃鱼头,-,-,1999/8/24,沈雯,民营企业,-,行情酝酿中,-,电子商务产业链,-,行业成熟稳定,传统行业,-,-
600211.SH,600211,西藏药业,小盘股,医药卫生,生物药品,其他生物药品,西藏,41.89,主板,火山口 派出小部队勇吃鱼身,连续多天小涨 龟壳战术吃鱼头,-,-,1999/7/21,林刚,外资,-,行情酝酿中,大健康,-,-,政策支持,高新技术产业,消耗品,-
600212.SH,600212,绿能慧充,中盘股,工业,储能设备,其他储能设备,山东,7.94,主板,-,-,-,-,1999/8/17,徐益明,外资,β高股息低波动 适合防御,表现超预期,新科技,特高压电力产业链,-,政策支持,高新技术产业,耐用品,-
600215.SH,600215,派斯林,迷你盘,工业,专用机械,其他专用机械,吉林,6.56,主板,-,-,-,-,1999/9/9,陈爱莲,民营企业,-,行情酝酿中,-,-,制造业(工业母机),行业成熟稳定,高新技术产业,耐用品,-
600216.SH,600216,浙江医药,大盘股,医药卫生,化学药,原料药,浙江,14.9,主板,-,-,-,-,1999/10/21,李男行,民营企业,β高股息低波动 适合防御,行情酝酿中,大健康,-,-,政策支持,高新技术产业,消耗品,-
600217.SH,600217,中再资环,迷你盘,工业,节能与生态修复,节能与资源回收,陕西,3.79,主板,火山口 派出小部队勇吃鱼身,-,-,-,1999/12/16,中国供销集团有限公司,中央企业,-,行情酝酿中,-,-,民生,行业成熟稳定,传统行业,-,-
600218.SH,600218,全柴动力,小盘股,工业,通用机械,动力机械,安徽,9.84,主板,-,-,-,-,1998/12/3,全椒县人民政府,地方国有企业,-,表现超预期,-,智能汽车产业链,-,政策支持,传统行业,消耗品,-
600219.SH,600219,南山铝业,大盘股,原材料,工业金属,铝,山东,6.39,主板,-,-,-,-,1999/12/23,龙口市东江街道南山村村民委员会,民营企业,β高股息低波动 适合防御,行情酝酿中,-,军工高铁产业链,-,行业成熟稳定,传统行业,消耗品,-
600221.SH,600221,海航控股,大盘股,工业,运输业,航空运输,海南,1.48,主板,火山口 派出小部队勇吃鱼身,连续多天小涨 龟壳战术吃鱼头,-,-,1999/11/25,方威,民营企业,β高股息低波动 适合防御,行情酝酿中,-,-,交通,行业成熟稳定,传统行业,-,-
600222.SH,600222,太龙药业,中盘股,医药卫生,中药,中药饮片,河南,7.18,主板,-,-,-,-,1999/11/5,郑州高新技术产业开发区管理委员会,地方国有企业,β高股息低波动 适合防御,行情酝酿中,大健康,-,-,行业成熟稳定,传统行业,消耗品,-
600223.SH,600223,福瑞达,迷你盘,主要消费,美容护理,美容护理,山东,6.74,主板,火山口 派出小部队勇吃鱼身,-,-,-,2000/1/13,山东省人民政府国有资产监督管理委员会,地方国有企业,-,行情酝酿中,-,-,化工,行业成熟稳定,传统行业,消耗品,-
600226.SH,600226,亨通股份,中盘股,公用事业,供热及其他,供热及其他,浙江,5.4,主板,火山口 派出小部队勇吃鱼身,连续多天小涨 龟壳战术吃鱼头,-,-,1999/11/16,崔根良,民营企业,β高股息低波动 适合防御,表现超预期,-,-,民生,行业成熟稳定,传统行业,消耗品,-
600227.SH,600227,赤天化,大盘股,原材料,农用化工,氮肥,贵州,3.46,主板,-,-,-,-,2000/2/21,丁林洪,外资,β高股息低波动 适合防御,行情酝酿中,-,-,粮食,行业成熟稳定,传统行业,消耗品,-
600228.SH,600228,*ST返利,小盘股,通信服务,营销与广告,数字营销,江西,6.24,主板,火山口 派出小部队勇吃鱼身,-,-,-,1999/1/19,葛永昌,民营企业,-,表现超预期,国产替代,电子商务产业链,-,政策支持,传统行业,-,-
600229.SH,600229,城市传媒,迷你盘,通信服务,文化娱乐,出版,山东,5.99,主板,-,-,-,-,2000/3/9,青岛市财政局,地方国有企业,-,行情酝酿中,-,-,文化体育,行业成熟稳定,传统行业,-,-
600230.SH,600230,沧州大化,中盘股,原材料,化学制品,聚氨酯,河北,19.4,主板,-,-,-,-,2000/4/6,国务院国有资产监督管理委员会,中央企业,β高股息低波动 适合防御,行情酝酿中,-,-,化工,行业成熟稳定,传统行业,耐用品,-
600231.SH,600231,凌钢股份,迷你盘,原材料,钢铁,普钢,辽宁,2.1,主板,-,-,-,-,2000/5/11,鞍钢集团有限公司,中央企业,-,行情酝酿中,-,-,能源,行业成熟稳定,传统行业,消耗品,-
600232.SH,600232,金鹰股份,小盘股,可选消费,纺织服装,纺织品,浙江,8.8,主板,火山口 派出小部队勇吃鱼身,-,-,-,2000/6/2,傅国定,民营企业,-,表现超预期,-,-,制造业(工业母机),行业成熟稳定,传统行业,耐用品,-
600233.SH,600233,圆通速递,大盘股,工业,运输业,快递,辽宁,21.04,主板,-,-,-,-,2000/6/8,喻会蛟,民营企业,β高股息低波动 适合防御,表现超预期,-,电子商务产业链,-,政策支持,传统行业,-,-
600234.SH,600234,科新发展,中盘股,工业,建筑装修,建筑装修,山西,19.92,主板,-,-,-,-,2000/6/15,连宗盛,民营企业,β高股息低波动 适合防御,表现超预期,-,房地产产业链,-,行业成熟稳定,传统行业,耐用品,-
600235.SH,600235,民丰特纸,迷你盘,原材料,纸类与林业产品,纸制品,浙江,6.72,主板,-,-,-,-,2000/6/15,嘉兴市人民政府国有资产监督管理委员会,地方国有企业,-,行情酝酿中,-,-,化工,行业成熟稳定,传统行业,消耗品,-
600236.SH,600236,桂冠电力,中盘股,公用事业,电力及电网,水电,广西,9.88,主板,火山口 派出小部队勇吃鱼身,-,-,-,2000/3/23,国务院国有资产监督管理委员会,中央企业,β高股息低波动 适合防御,行情酝酿中,-,特高压电力产业链,-,行业成熟稳定,传统行业,-,-
600237.SH,600237,铜峰电子,中盘股,信息技术,电子元件,被动元件,安徽,9.33,主板,-,-,-,-,2000/6/9,铜陵市人民政府国有资产监督管理委员会,地方国有企业,β高股息低波动 适合防御,表现超预期,新科技,-,-,政策支持,高新技术产业,-,-
600238.SH,600238,*ST椰岛,小盘股,主要消费,酒,葡萄酒及其他,海南,4.67,主板,-,-,-,-,2000/1/20,海口市国有资产监督管理委员会,地方国有企业,-,表现超预期,大消费,-,-,行业成熟稳定,传统行业,消耗品,-
600239.SH,600239,云南城投,迷你盘,房地产,房地产管理与服务,房地产服务,云南,2.05,主板,-,-,-,-,1999/12/2,云南省人民政府国有资产监督管理委员会,地方国有企业,-,行情酝酿中,-,-,-,行业成熟稳定,传统行业,耐用品,-
600241.SH,600241,时代万恒,小盘股,工业,储能设备,电池,辽宁,9.79,主板,-,-,-,-,2000/11/28,辽宁省人民政府国有资产监督管理委员会,地方国有企业,-,行情酝酿中,新科技,特高压电力产业链,-,政策支持,高新技术产业,耐用品,-
600243.SH,600243,*ST海华,迷你盘,工业,专用机械,楼宇设备,青海,3.7,主板,-,-,-,-,2000/11/20,占舜迪,民营企业,-,表现超预期,-,-,制造业(工业母机),行业成熟稳定,传统行业,耐用品,-
600246.SH,600246,万通发展,大盘股,房地产,房地产开发与园区,房地产开发,北京,9.69,主板,-,连续多天小涨 龟壳战术吃鱼头,-,-,2000/9/22,王忆会,民营企业,β高股息低波动 适合防御,表现超预期,-,-,-,行业成熟稳定,传统行业,耐用品,-
600248.SH,600248,陕建股份,迷你盘,工业,建筑与工程,基础设施建设,陕西,3.47,主板,火山口 派出小部队勇吃鱼身,连续多天小涨 龟壳战术吃鱼头,-,-,2000/6/22,陕西省人民政府国有资产监督管理委员会,地方国有企业,-,行情酝酿中,-,房地产产业链,-,行业成熟稳定,传统行业,耐用品,-
600249.SH,600249,两面针,小盘股,主要消费,家庭用品,家庭用品,广西,5.99,主板,-,-,-,-,2004/1/30,柳州市人民政府国有资产监督管理委员会,地方国有企业,-,行情酝酿中,-,-,化工,行业成熟稳定,传统行业,消耗品,-
600250.SH,600250,南京商旅,中盘股,可选消费,休闲服务,旅游服务,江苏,11.51,主板,-,连续多天小涨 龟壳战术吃鱼头,-,-,2001/3/6,南京市人民政府国有资产监督管理委员会,地方国有企业,β高股息低波动 适合防御,行情酝酿中,-,实体经济,-,行业成熟稳定,传统行业,-,-
600251.SH,600251,冠农股份,小盘股,主要消费,种植,农产品,新疆,11.42,主板,-,-,-,-,2003/6/9,新疆生产建设兵团农业建设第二师,地方国有企业,-,表现超预期,-,-,粮食,行业成熟稳定,传统行业,消耗品,-
600252.SH,600252,中恒集团,小盘股,医药卫生,中药,中成药,广西,2.51,主板,-,-,-,-,2000/11/30,广西壮族自治区人民政府国有资产监督管理委员会,地方国有企业,-,表现超预期,大健康,-,-,行业成熟稳定,传统行业,消耗品,-
600255.SH,600255,鑫科材料,中盘股,原材料,工业金属,铜,安徽,3.65,主板,火山口 派出小部队勇吃鱼身,-,-,-,2000/11/22,三台县财政局,地方国有企业,β高股息低波动 适合防御,行情酝酿中,新能源,-,-,行业成熟稳定,传统行业,消耗品,-
600256.SH,600256,广汇能源,大盘股,能源,石油与天然气,油气流通及其他,新疆,6.15,主板,-,-,-,-,2000/5/26,孙广信,民营企业,β高股息低波动 适合防御,表现超预期,-,-,能源,行业成熟稳定,传统行业,-,-
600257.SH,600257,大湖股份,小盘股,主要消费,养殖,渔业产品,湖南,6.38,主板,-,-,-,-,2000/6/12,罗祖亮,民营企业,-,行情酝酿中,-,-,粮食,行业成熟稳定,传统行业,消耗品,-
600258.SH,600258,首旅酒店,中盘股,可选消费,休闲服务,酒店,北京,14.97,主板,火山口 派出小部队勇吃鱼身,-,-,-,2000/6/1,北京市人民政府国有资产监督管理委员会,地方国有企业,β高股息低波动 适合防御,行情酝酿中,-,实体经济,-,行业成熟稳定,传统行业,-,-
600259.SH,600259,中稀有色,大盘股,原材料,稀有金属,稀土金属,海南,97.33,主板,-,-,-,-,2000/5/25,中国稀土集团有限公司,中央企业,β高股息低波动 适合防御,表现超预期,新能源,-,-,行业成熟稳定,传统行业,消耗品,-
600261.SH,600261,阳光照明,迷你盘,可选消费,家用电器,照明电器,浙江,3.72,主板,-,-,-,-,2000/7/20,陈森洁,民营企业,-,行情酝酿中,大消费,-,-,行业成熟稳定,传统行业,耐用品,-
600262.SH,600262,北方股份,中盘股,工业,专用机械,采矿冶金机械,内蒙,27.3,主板,-,-,-,-,2000/6/30,国务院国有资产监督管理委员会,中央企业,β高股息低波动 适合防御,行情酝酿中,-,-,制造业(工业母机),行业成熟稳定,高新技术产业,耐用品,-
600265.SH,600265,ST景谷,迷你盘,原材料,纸类与林业产品,林业产品,云南,20.32,主板,-,-,-,-,2000/8/25,郑家纯,外资,-,行情酝酿中,-,-,民生,行业成熟稳定,传统行业,耐用品,-
600266.SH,600266,城建发展,中盘股,房地产,房地产开发与园区,房地产开发,北京,5.11,主板,火山口 派出小部队勇吃鱼身,-,-,-,1999/2/3,北京市人民政府国有资产监督管理委员会,地方国有企业,β高股息低波动 适合防御,行情酝酿中,-,-,-,行业成熟稳定,传统行业,耐用品,-
600267.SH,600267,海正药业,大盘股,医药卫生,化学药,药品制剂,浙江,11.24,主板,-,-,有涨停 火山口战法吃鱼身,高人气,2000/7/25,台州市椒江区人民政府,地方国有企业,β高股息低波动 适合防御,表现超预期,大健康,-,-,政策支持,高新技术产业,消耗品,-
600268.SH,600268,国电南自,大盘股,工业,电网设备,电网自动化,江苏,15.62,主板,火山口 派出小部队勇吃鱼身,-,-,-,1999/11/18,国务院国有资产监督管理委员会,中央企业,β高股息低波动 适合防御,表现超预期,新科技,特高压电力产业链,-,政策支持,高新技术产业,耐用品,-
600269.SH,600269,赣粤高速,小盘股,工业,交通基本设施,高速公路,江西,4.45,主板,火山口 派出小部队勇吃鱼身,-,-,-,2000/5/18,江西省国有资产监督管理委员会,地方国有企业,-,行情酝酿中,-,-,交通,行业成熟稳定,传统行业,-,-
600271.SH,600271,航天信息,中盘股,信息技术,软件开发,行业应用软件,北京,8.72,主板,火山口 派出小部队勇吃鱼身,连续多天小涨 龟壳战术吃鱼头,-,-,2003/7/11,国务院国有资产监督管理委员会,中央企业,β高股息低波动 适合防御,行情酝酿中,国产替代,-,-,政策支持,传统行业,-,-
600272.SH,600272,开开实业,迷你盘,医药卫生,医疗商业与服务,医药商业,上海,12.27,主板,-,-,-,-,2001/2/28,上海市静安区国有资产监督管理委员会(上海市静安区集体资产监督管理委员会),地方国有企业,-,行情酝酿中,-,实体经济,-,政策支持,传统行业,消耗品,-
600273.SH,600273,嘉化能源,小盘股,原材料,化学制品,其他化学制品,浙江,9.04,主板,-,-,-,-,2003/6/27,管建忠,民营企业,-,行情酝酿中,-,-,化工,行业成熟稳定,传统行业,耐用品,-
600276.SH,600276,恒瑞医药,大盘股,医药卫生,化学药,药品制剂,江苏,56.33,主板,-,-,-,-,2000/10/18,孙飘扬,民营企业,β高股息低波动 适合防御,行情酝酿中,大健康,-,-,政策支持,高新技术产业,消耗品,-
600278.SH,600278,东方创业,迷你盘,工业,商业服务与用品,贸易商,上海,7.32,主板,火山口 派出小部队勇吃鱼身,连续多天小涨 龟壳战术吃鱼头,-,-,2000/7/12,上海市国有资产监督管理委员会,地方国有企业,-,行情酝酿中,-,实体经济,-,行业成熟稳定,传统行业,-,-
600279.SH,600279,重庆港,迷你盘,工业,交通基本设施,港口,重庆,4.92,主板,火山口 派出小部队勇吃鱼身,连续多天小涨 龟壳战术吃鱼头,-,-,2000/7/31,重庆市国有资产监督管理委员会,地方国有企业,-,行情酝酿中,-,-,交通,行业成熟稳定,传统行业,-,-
600280.SH,600280,中央商场,小盘股,可选消费,一般零售,百货商店,江苏,3.12,主板,火山口 派出小部队勇吃鱼身,-,-,-,2000/9/26,祝义财,民营企业,-,行情酝酿中,-,实体经济,-,行业成熟稳定,传统行业,-,-
600281.SH,600281,华阳新材,小盘股,工业,节能与生态修复,节能与资源回收,山西,5.58,主板,-,-,-,-,2000/11/9,山西省人民政府国有资产监督管理委员会,地方国有企业,-,行情酝酿中,新能源,-,-,行业成熟稳定,传统行业,消耗品,-
600282.SH,600282,南钢股份,中盘股,原材料,钢铁,普钢,江苏,5.73,主板,火山口 派出小部队勇吃鱼身,连续多天小涨 龟壳战术吃鱼头,-,-,2000/9/19,中国中信集团有限公司,中央企业,β高股息低波动 适合防御,行情酝酿中,-,-,能源,行业成熟稳定,传统行业,消耗品,-
600283.SH,600283,钱江水利,迷你盘,公用事业,水务,水务,浙江,9.12,主板,火山口 派出小部队勇吃鱼身,连续多天小涨 龟壳战术吃鱼头,-,-,2000/10/18,无实际控制人,其他,-,行情酝酿中,-,-,民生,行业成熟稳定,传统行业,耐用品,-
600284.SH,600284,浦东建设,中盘股,工业,建筑与工程,基础设施建设,上海,7.51,主板,-,-,-,高人气,2004/3/16,上海市浦东新区国有资产监督管理委员会,地方国有企业,β高股息低波动 适合防御,表现超预期,-,房地产产业链,-,行业成熟稳定,传统行业,耐用品,-
600285.SH,600285,羚锐制药,中盘股,医药卫生,中药,中成药,河南,21.08,主板,火山口 派出小部队勇吃鱼身,-,-,-,2000/10/18,熊伟,民营企业,β高股息低波动 适合防御,行情酝酿中,大健康,-,-,行业成熟稳定,传统行业,消耗品,-
600287.SH,600287,苏豪时尚,迷你盘,可选消费,专营零售,专营零售,江苏,5.71,主板,-,-,-,-,2000/9/1,江苏省政府国有资产监督管理委员会,地方国有企业,-,行情酝酿中,-,实体经济,-,行业成熟稳定,传统行业,-,-
600288.SH,600288,大恒科技,中盘股,工业,通用机械,仪器仪表,北京,15.84,主板,火山口 派出小部队勇吃鱼身,-,-,-,2000/11/29,无实际控制人,其他,β高股息低波动 适合防御,表现超预期,新科技,-,-,政策支持,高新技术产业,-,-
600289.SH,600289,ST信通,迷你盘,信息技术,软件开发,行业应用软件,黑龙江,7.44,主板,-,连续多天小涨 龟壳战术吃鱼头,-,-,2000/7/20,王文锋,民营企业,-,表现超预期,国产替代,-,-,政策支持,传统行业,-,-
600292.SH,600292,电投水电,大盘股,公用事业,电力及电网,水电,重庆,15.08,主板,火山口 派出小部队勇吃鱼身,-,-,-,2000/11/1,国务院国有资产监督管理委员会,中央企业,β高股息低波动 适合防御,行情酝酿中,-,特高压电力产业链,-,行业成熟稳定,传统行业,-,-
600293.SH,600293,三峡新材,小盘股,原材料,建筑材料,玻璃,湖北,3.18,主板,火山口 派出小部队勇吃鱼身,-,-,-,2000/9/19,宜昌市人民政府国有资产监督管理委员会,地方国有企业,-,行情酝酿中,-,-,化工,行业成熟稳定,传统行业,耐用品,-
600295.SH,600295,鄂尔多斯,小盘股,原材料,钢铁,其他钢铁,内蒙,15.29,主板,-,-,-,-,2001/4/26,王林祥,民营企业,-,表现超预期,-,军工高铁产业链,-,行业成熟稳定,传统行业,消耗品,-
600298.SH,600298,安琪酵母,中盘股,主要消费,食品,其他食品,湖北,39.76,主板,火山口 派出小部队勇吃鱼身,-,-,-,2000/8/18,宜昌市人民政府国有资产监督管理委员会,地方国有企业,β高股息低波动 适合防御,行情酝酿中,大消费,-,-,行业成熟稳定,传统行业,消耗品,-
600299.SH,600299,安迪苏,中盘股,主要消费,养殖,饲料,北京,14.05,主板,-,-,有涨停 火山口战法吃鱼身,-,2000/4/20,国务院国有资产监督管理委员会,中央企业,β高股息低波动 适合防御,表现超预期,-,-,粮食,行业成熟稳定,传统行业,消耗品,-
600300.SH,600300,维维股份,中盘股,主要消费,软饮料,软饮料,江苏,3.58,主板,-,-,-,-,2000/6/30,徐州市人民政府国有资产监督管理委员会,地方国有企业,β高股息低波动 适合防御,表现超预期,大消费,-,-,行业成熟稳定,传统行业,消耗品,-
600301.SH,600301,华锡有色,大盘股,原材料,其他有色金属及合金,其他有色金属及合金,广西,50.51,主板,-,-,-,-,2000/7/12,广西壮族自治区人民政府国有资产监督管理委员会,地方国有企业,β高股息低波动 适合防御,行情酝酿中,新能源,-,-,行业成熟稳定,传统行业,消耗品,-
600302.SH,600302,标准股份,小盘股,工业,专用机械,纺织服装机械,陕西,11.28,主板,-,-,-,-,2000/12/13,陕西省西安市人民政府国有资产监督管理委员会,地方国有企业,-,行情酝酿中,-,-,制造业(工业母机),行业成熟稳定,传统行业,耐用品,-
600303.SH,600303,曙光股份,迷你盘,工业,交通运输设备,商用车,辽宁,3.04,主板,-,-,-,-,2000/12/26,梁梓,民营企业,-,行情酝酿中,-,智能汽车产业链,-,政策支持,传统行业,耐用品,-
600305.SH,600305,恒顺醋业,迷你盘,主要消费,食品,调味品与食用油,江苏,7.41,主板,火山口 派出小部队勇吃鱼身,连续多天小涨 龟壳战术吃鱼头,-,-,2001/2/6,江苏省镇江市人民政府国有资产监督管理委员会,地方国有企业,-,行情酝酿中,大消费,-,-,行业成熟稳定,传统行业,消耗品,-
600307.SH,600307,酒钢宏兴,小盘股,原材料,钢铁,普钢,甘肃,1.81,主板,-,-,-,-,2000/12/20,甘肃省人民政府国有资产监督管理委员会,地方国有企业,-,行情酝酿中,-,-,能源,行业成熟稳定,传统行业,消耗品,-
600308.SH,600308,华泰股份,迷你盘,原材料,纸类与林业产品,纸制品,山东,3.77,主板,-,-,-,-,2000/9/28,李建华,民营企业,-,行情酝酿中,-,-,化工,行业成熟稳定,传统行业,消耗品,-
600309.SH,600309,万华化学,大盘股,原材料,化学制品,聚氨酯,山东,87.77,主板,-,-,-,-,2001/1/5,烟台市人民政府国有资产监督管理委员会,地方国有企业,β高股息低波动 适合防御,行情酝酿中,-,-,化工,行业成熟稳定,传统行业,耐用品,有量化参与
600310.SH,600310,广西能源,中盘股,公用事业,电力及电网,水电,广西,4.41,主板,-,-,-,-,2001/2/28,广西壮族自治区人民政府国有资产监督管理委员会,地方国有企业,β高股息低波动 适合防御,表现超预期,-,特高压电力产业链,-,行业成熟稳定,传统行业,-,-
600312.SH,600312,平高电气,大盘股,工业,电网设备,输变电设备,河南,19.91,主板,-,-,-,-,2001/2/21,国务院国有资产监督管理委员会,中央企业,β高股息低波动 适合防御,表现超预期,新科技,特高压电力产业链,-,政策支持,高新技术产业,耐用品,-
600313.SH,600313,农发种业,中盘股,主要消费,种植,种业,北京,7.34,主板,-,-,-,-,2001/1/19,国务院国有资产监督管理委员会,中央企业,β高股息低波动 适合防御,行情酝酿中,-,-,粮食,行业成熟稳定,传统行业,消耗品,-
600315.SH,600315,上海家化,迷你盘,主要消费,家庭用品,家庭用品,上海,20.56,主板,-,-,-,-,2001/3/15,无实际控制人,其他,-,行情酝酿中,-,-,化工,行业成熟稳定,传统行业,消耗品,-
600316.SH,600316,洪都航空,大盘股,工业,航空航天,航空,江西,40.21,主板,-,-,-,-,2000/12/15,国务院国有资产监督管理委员会,中央企业,β高股息低波动 适合防御,表现超预期,-,军工高铁产业链,-,政策支持,高新技术产业,-,-
600318.SH,600318,新力金融,小盘股,金融,其他金融服务,特殊金融服务,安徽,7.9,主板,-,-,-,-,2000/12/8,安徽省供销合作社联合社,集体企业,-,行情酝酿中,大金融,-,-,行业成熟稳定,传统行业,-,-
600319.SH,600319,亚星化学,迷你盘,原材料,化学原料,氯碱,山东,7.44,主板,-,-,-,-,2001/3/26,潍坊市国有资产监督管理委员会,地方国有企业,-,行情酝酿中,-,-,化工,行业成熟稳定,传统行业,耐用品,-
600320.SH,600320,振华重工,中盘股,工业,专用机械,工程机械,上海,5.06,主板,火山口 派出小部队勇吃鱼身,-,-,-,2000/12/21,国务院国有资产监督管理委员会,中央企业,β高股息低波动 适合防御,行情酝酿中,-,-,制造业(工业母机),行业成熟稳定,高新技术产业,耐用品,-
600322.SH,600322,津投城开,小盘股,房地产,房地产管理与服务,房地产管理,天津,2.41,主板,-,-,-,-,2001/9/10,天津市人民政府国有资产监督管理委员会,地方国有企业,-,表现超预期,-,-,-,行业成熟稳定,传统行业,耐用品,-
600323.SH,600323,瀚蓝环境,小盘股,工业,污染治理,固废处理,广东,28.5,主板,-,-,-,-,2000/12/25,佛山市南海区国有资产监督管理局,地方国有企业,-,行情酝酿中,-,-,民生,行业成熟稳定,传统行业,-,-
600325.SH,600325,华发股份,中盘股,房地产,房地产开发与园区,房地产开发,广东,3.59,主板,火山口 派出小部队勇吃鱼身,-,-,-,2004/2/25,珠海市人民政府国有资产监督管理委员会,地方国有企业,β高股息低波动 适合防御,行情酝酿中,-,-,-,行业成熟稳定,传统行业,耐用品,-
600326.SH,600326,西藏天路,中盘股,原材料,建筑材料,水泥与混凝土,西藏,9.29,主板,-,-,-,-,2001/1/16,西藏自治区人民政府国有资产监督管理委员会,地方国有企业,β高股息低波动 适合防御,行情酝酿中,-,房地产产业链,-,行业成熟稳定,传统行业,耐用品,-
600327.SH,600327,大东方,迷你盘,医药卫生,医疗商业与服务,医疗服务,江苏,3.9,主板,-,-,-,-,2002/6/25,王均金,民营企业,-,行情酝酿中,大健康,-,-,行业成熟稳定,传统行业,消耗品,-
600328.SH,600328,中盐化工,中盘股,原材料,化学原料,纯碱,内蒙,8.54,主板,-,-,-,-,2000/12/22,国务院国有资产监督管理委员会,中央企业,β高股息低波动 适合防御,行情酝酿中,-,-,化工,行业成熟稳定,传统行业,耐用品,-
600329.SH,600329,达仁堂,小盘股,医药卫生,中药,中成药,天津,40.7,主板,-,-,-,-,2001/6/6,无实际控制人,其他,-,行情酝酿中,大健康,-,-,行业成熟稳定,传统行业,消耗品,-
600330.SH,600330,天通股份,大盘股,信息技术,电子化学品,电子化学品,浙江,21.73,主板,-,-,有涨停 火山口战法吃鱼身,-,2001/1/18,潘建清,民营企业,β高股息低波动 适合防御,表现超预期,-,-,制造业(工业母机),行业成熟稳定,高新技术产业,耐用品,-
600331.SH,600331,宏达股份,大盘股,原材料,农用化工,磷肥及磷化工,四川,16.59,主板,-,-,-,-,2001/12/20,四川省政府国有资产监督管理委员会,地方国有企业,β高股息低波动 适合防御,表现超预期,-,-,粮食,行业成熟稳定,传统行业,消耗品,-
600332.SH,600332,白云山,中盘股,医药卫生,中药,中成药,广东,22.78,主板,火山口 派出小部队勇吃鱼身,连续多天小涨 龟壳战术吃鱼头,-,-,2001/2/6,广州市人民政府,地方国有企业,β高股息低波动 适合防御,行情酝酿中,大健康,-,-,行业成熟稳定,传统行业,消耗品,-
600333.SH,600333,长春燃气,迷你盘,公用事业,燃气,燃气,吉林,5.17,主板,-,-,-,-,2000/12/11,长春市人民政府国有资产监督管理委员会,地方国有企业,-,行情酝酿中,-,-,民生,行业成熟稳定,传统行业,消耗品,-
600335.SH,600335,国机汽车,迷你盘,可选消费,汽车经销商与汽车服务,汽车经销商,天津,6.07,主板,火山口 派出小部队勇吃鱼身,连续多天小涨 龟壳战术吃鱼头,-,-,2001/3/5,国务院国有资产监督管理委员会,中央企业,-,行情酝酿中,-,智能汽车产业链,-,政策支持,传统行业,-,-
600336.SH,600336,澳柯玛,迷你盘,可选消费,家用电器,白色家电,山东,7.11,主板,火山口 派出小部队勇吃鱼身,连续多天小涨 龟壳战术吃鱼头,-,-,2000/12/29,青岛市人民政府国有资产监督管理委员会,地方国有企业,-,行情酝酿中,大消费,-,-,行业成熟稳定,传统行业,耐用品,-
600337.SH,600337,美克家居,中盘股,可选消费,家居,家具,江西,3.43,主板,-,-,-,-,2000/11/27,冯东明,民营企业,β高股息低波动 适合防御,表现超预期,大消费,-,-,行业成熟稳定,传统行业,耐用品,-
600338.SH,600338,西藏珠峰,大盘股,原材料,工业金属,铅锌,西藏,21.71,主板,-,-,-,高人气,2000/12/27,黄瑛,民营企业,β高股息低波动 适合防御,表现超预期,新能源,-,-,行业成熟稳定,传统行业,消耗品,-
600339.SH,600339,中油工程,大盘股,能源,油气开采与油田服务,油田服务,新疆,3.9,主板,-,-,-,-,2000/12/25,中国石油天然气集团有限公司,中央企业,β高股息低波动 适合防御,行情酝酿中,-,-,能源,行业成熟稳定,传统行业,-,-
600340.SH,600340,华夏幸福,小盘股,房地产,房地产开发与园区,房地产开发,河北,1.34,主板,-,-,-,-,2003/12/30,王文学,民营企业,-,行情酝酿中,-,电子商务产业链,-,行业成熟稳定,传统行业,-,-
600343.SH,600343,航天动力,大盘股,工业,通用机械,气液机械,陕西,35.67,主板,火山口 派出小部队勇吃鱼身,连续多天小涨 龟壳战术吃鱼头,-,-,2003/4/8,国务院国有资产监督管理委员会,中央企业,β高股息低波动 适合防御,表现超预期,-,-,制造业(工业母机),行业成熟稳定,传统行业,耐用品,-
600345.SH,600345,长江通信,大盘股,通信服务,通信设备,通信终端设备及组件,湖北,50.64,主板,-,-,-,-,2000/12/22,国务院国有资产监督管理委员会,中央企业,β高股息低波动 适合防御,表现超预期,新基建,-,-,政策支持,高新技术产业,-,-
600346.SH,600346,恒力石化,大盘股,原材料,化学原料,其他化学原料,辽宁,23.33,主板,-,-,-,-,2001/8/20,范红卫,民营企业,β高股息低波动 适合防御,行情酝酿中,-,-,能源,行业成熟稳定,传统行业,消耗品,-
600348.SH,600348,华阳股份,中盘股,能源,煤炭,煤炭,山西,9.3,主板,火山口 派出小部队勇吃鱼身,连续多天小涨 龟壳战术吃鱼头,-,-,2003/8/21,山西省人民政府国有资产监督管理委员会,地方国有企业,β高股息低波动 适合防御,行情酝酿中,-,-,能源,行业成熟稳定,传统行业,消耗品,-
600350.SH,600350,山东高速,迷你盘,工业,交通基本设施,高速公路,山东,10.22,主板,火山口 派出小部队勇吃鱼身,连续多天小涨 龟壳战术吃鱼头,-,-,2002/3/18,山东省人民政府国有资产监督管理委员会,地方国有企业,-,行情酝酿中,-,-,交通,行业成熟稳定,传统行业,-,-
600351.SH,600351,亚宝药业,中盘股,医药卫生,中药,中成药,山西,6.63,主板,-,-,-,-,2002/9/26,任武贤,民营企业,β高股息低波动 适合防御,表现超预期,大健康,-,-,行业成熟稳定,传统行业,消耗品,-
600352.SH,600352,浙江龙盛,大盘股,原材料,化学制品,印染化学品,浙江,13.19,主板,-,-,-,-,2003/8/1,阮伟祥,民营企业,β高股息低波动 适合防御,行情酝酿中,-,房地产产业链,-,行业成熟稳定,传统行业,耐用品,-
600353.SH,600353,旭光电子,中盘股,信息技术,其他电子,其他电子,四川,15.6,主板,-,-,-,-,2002/11/20,张建和,民营企业,β高股息低波动 适合防御,表现超预期,新科技,-,-,政策支持,高新技术产业,-,-
600354.SH,600354,敦煌种业,小盘股,主要消费,种植,种业,甘肃,6.28,主板,-,-,-,-,2004/1/15,甘肃省人民政府国有资产监督管理委员会,地方国有企业,-,行情酝酿中,-,-,粮食,行业成熟稳定,传统行业,消耗品,-
600356.SH,600356,恒丰纸业,中盘股,原材料,容器与包装,纸材料包装,黑龙江,9.49,主板,-,-,-,-,2001/4/19,黑龙江省人民政府国有资产监督管理委员会,地方国有企业,β高股息低波动 适合防御,表现超预期,-,-,化工,行业成熟稳定,传统行业,消耗品,-
600359.SH,600359,新农开发,小盘股,主要消费,种植,农产品,新疆,6.97,主板,-,-,-,-,1999/4/29,新疆生产建设兵团第一师国有资产监督管理委员会,地方国有企业,-,行情酝酿中,-,-,粮食,行业成熟稳定,传统行业,消耗品,-
600360.SH,600360,*ST华微,中盘股,信息技术,分立器件,分立器件,吉林,10.01,主板,火山口 派出小部队勇吃鱼身,-,-,-,2001/3/16,吉林省人民政府国有资产监督管理委员会,地方国有企业,β高股息低波动 适合防御,表现超预期,新科技,-,-,政策支持,高新技术产业,-,-
600361.SH,600361,创新新材,中盘股,原材料,工业金属,铝,北京,4.48,主板,-,-,-,-,2001/11/29,崔立新,民营企业,β高股息低波动 适合防御,表现超预期,-,军工高铁产业链,-,行业成熟稳定,传统行业,消耗品,-
600362.SH,600362,江西铜业,大盘股,原材料,工业金属,铜,江西,46.75,主板,火山口 派出小部队勇吃鱼身,连续多天小涨 龟壳战术吃鱼头,-,-,2002/1/11,江西省国有资产监督管理委员会,地方国有企业,β高股息低波动 适合防御,行情酝酿中,新能源,特高压电力产业链,-,行业成熟稳定,传统行业,消耗品,-
600363.SH,600363,联创光电,大盘股,信息技术,光学光电子,LED,江西,53.85,主板,火山口 派出小部队勇吃鱼身,连续多天小涨 龟壳战术吃鱼头,-,-,2001/3/29,伍锐,民营企业,β高股息低波动 适合防御,行情酝酿中,新科技,-,-,政策支持,高新技术产业,-,-
600365.SH,600365,ST通葡,迷你盘,可选消费,互联网零售,互联网零售,吉林,3.08,主板,火山口 派出小部队勇吃鱼身,-,-,-,2001/1/15,吴玉华,民营企业,-,行情酝酿中,国产替代,电子商务产业链,-,政策支持,传统行业,-,-
600366.SH,600366,宁波韵升,中盘股,原材料,稀有金属,稀土金属,浙江,12.61,主板,火山口 派出小部队勇吃鱼身,连续多天小涨 龟壳战术吃鱼头,-,-,2000/10/30,竺韵德,民营企业,β高股息低波动 适合防御,行情酝酿中,新能源,-,能源,行业成熟稳定,传统行业,消耗品,-
600367.SH,600367,红星发展,大盘股,原材料,化学原料,无机盐,贵州,21.36,主板,-,-,-,-,2001/3/20,青岛市人民政府国有资产监督管理委员会,地方国有企业,β高股息低波动 适合防御,表现超预期,-,-,化工,行业成熟稳定,传统行业,耐用品,-
600368.SH,600368,五洲交通,迷你盘,工业,交通基本设施,高速公路,广西,3.9,主板,火山口 派出小部队勇吃鱼身,连续多天小涨 龟壳战术吃鱼头,-,-,2000/12/21,广西壮族自治区人民政府国有资产监督管理委员会,地方国有企业,-,行情酝酿中,-,-,交通,行业成熟稳定,传统行业,-,-
600369.SH,600369,西南证券,小盘股,金融,证券公司,证券公司,重庆,4.23,主板,火山口 派出小部队勇吃鱼身,连续多天小涨 龟壳战术吃鱼头,-,-,2001/1/9,重庆市国有资产监督管理委员会,地方国有企业,-,行情酝酿中,大金融,-,-,行业成熟稳定,传统行业,-,-
600370.SH,600370,三房巷,小盘股,原材料,容器与包装,金属、玻璃与塑料包装,江苏,2.4,主板,-,-,-,-,2003/3/6,卞平刚,民营企业,-,行情酝酿中,-,-,化工,行业成熟稳定,传统行业,耐用品,-
600371.SH,600371,万向德农,迷你盘,主要消费,种植,种业,黑龙江,8.64,主板,火山口 派出小部队勇吃鱼身,-,-,-,2002/9/16,鲁伟鼎,民营企业,-,行情酝酿中,-,-,粮食,行业成熟稳定,传统行业,消耗品,-
600372.SH,600372,中航机载,大盘股,工业,航空航天,航空,北京,13.24,主板,火山口 派出小部队勇吃鱼身,连续多天小涨 龟壳战术吃鱼头,-,-,2001/7/6,国务院国有资产监督管理委员会,中央企业,β高股息低波动 适合防御,行情酝酿中,-,军工高铁产业链,-,政策支持,高新技术产业,-,-
600373.SH,600373,中文传媒,迷你盘,通信服务,文化娱乐,出版,江西,8.49,主板,火山口 派出小部队勇吃鱼身,连续多天小涨 龟壳战术吃鱼头,-,-,2002/3/4,江西省人民政府,地方国有企业,-,行情酝酿中,-,-,文化体育,行业成熟稳定,传统行业,-,-
600375.SH,600375,汉马科技,小盘股,工业,交通运输设备,商用车,安徽,5.22,主板,火山口 派出小部队勇吃鱼身,连续多天小涨 龟壳战术吃鱼头,-,-,2003/4/1,李书福,民营企业,-,行情酝酿中,-,智能汽车产业链,-,政策支持,传统行业,耐用品,-
600376.SH,600376,首开股份,中盘股,房地产,房地产开发与园区,房地产开发,北京,4.88,主板,-,-,-,-,2001/3/12,北京市人民政府国有资产监督管理委员会,地方国有企业,β高股息低波动 适合防御,行情酝酿中,-,-,-,行业成熟稳定,传统行业,耐用品,-
600377.SH,600377,宁沪高速,迷你盘,工业,交通基本设施,高速公路,江苏,11.75,主板,火山口 派出小部队勇吃鱼身,连续多天小涨 龟壳战术吃鱼头,-,-,2001/1/16,江苏省政府国有资产监督管理委员会,地方国有企业,-,行情酝酿中,-,-,交通,行业成熟稳定,传统行业,-,-
600378.SH,600378,昊华科技,中盘股,原材料,化学制品,氟化工,四川,32.8,主板,-,-,-,-,2001/1/11,国务院国有资产监督管理委员会,中央企业,β高股息低波动 适合防御,行情酝酿中,-,-,化工,行业成熟稳定,传统行业,耐用品,-
600379.SH,600379,宝光股份,小盘股,工业,电网设备,输变电设备,陕西,11.85,主板,-,-,-,-,2002/1/16,国务院国有资产监督管理委员会,中央企业,-,表现超预期,新科技,特高压电力产业链,-,政策支持,高新技术产业,耐用品,-
600380.SH,600380,健康元,小盘股,医药卫生,化学药,药品制剂,深圳,11.09,主板,-,-,-,-,2001/6/8,朱保国,民营企业,-,行情酝酿中,大健康,-,-,政策支持,高新技术产业,消耗品,-
600381.SH,600381,*ST春天,迷你盘,医药卫生,中药,中成药,青海,2.81,主板,-,-,-,-,2001/5/8,肖融,民营企业,-,表现超预期,大健康,-,-,行业成熟稳定,传统行业,消耗品,-
600382.SH,600382,广东明珠,中盘股,原材料,钢铁,其他钢铁,广东,10.14,主板,-,-,-,-,2001/1/18,张坚力,民营企业,β高股息低波动 适合防御,表现超预期,-,-,能源,行业成熟稳定,传统行业,消耗品,-
600383.SH,600383,金地集团,中盘股,房地产,房地产开发与园区,房地产开发,深圳,2.84,主板,火山口 派出小部队勇吃鱼身,-,-,-,2001/4/12,无实际控制人,其他,β高股息低波动 适合防御,行情酝酿中,-,房地产产业链,-,行业成熟稳定,传统行业,耐用品,-
600386.SH,600386,北巴传媒,迷你盘,可选消费,汽车经销商与汽车服务,汽车经销商,北京,4.01,主板,-,-,-,-,2001/2/16,北京市人民政府国有资产监督管理委员会,地方国有企业,-,行情酝酿中,-,智能汽车产业链,-,政策支持,传统行业,-,-
600388.SH,600388,龙净环保,中盘股,工业,污染治理,烟气治理,福建,18.84,主板,火山口 派出小部队勇吃鱼身,连续多天小涨 龟壳战术吃鱼头,-,-,2000/12/29,上杭县财政局,地方国有企业,β高股息低波动 适合防御,行情酝酿中,-,-,民生,行业成熟稳定,传统行业,-,-
600389.SH,600389,江山股份,大盘股,原材料,农用化工,农药,江苏,28.27,主板,-,-,-,-,2001/1/10,无实际控制人,其他,β高股息低波动 适合防御,行情酝酿中,-,-,粮食,行业成熟稳定,传统行业,消耗品,-
600390.SH,600390,五矿资本,小盘股,金融,其他金融服务,其他综合性金融服务,湖南,5.33,主板,火山口 派出小部队勇吃鱼身,连续多天小涨 龟壳战术吃鱼头,-,-,2001/1/15,国务院国有资产监督管理委员会,中央企业,-,行情酝酿中,大金融,-,-,行业成熟稳定,传统行业,-,-
600391.SH,600391,航发科技,大盘股,工业,航空航天,航空,四川,40.18,主板,火山口 派出小部队勇吃鱼身,-,-,-,2001/12/12,国务院国有资产监督管理委员会,中央企业,β高股息低波动 适合防御,行情酝酿中,-,军工高铁产业链,-,政策支持,高新技术产业,-,-
600392.SH,600392,盛和资源,大盘股,原材料,稀有金属,稀土金属,四川,26.18,主板,-,-,-,-,2003/5/29,中华人民共和国财政部,中央企业,β高股息低波动 适合防御,行情酝酿中,新能源,-,-,行业成熟稳定,传统行业,消耗品,-
600395.SH,600395,盘江股份,小盘股,能源,煤炭,焦炭,贵州,5.71,主板,火山口 派出小部队勇吃鱼身,连续多天小涨 龟壳战术吃鱼头,-,-,2001/5/31,贵州省人民政府国有资产监督管理委员会,地方国有企业,-,行情酝酿中,-,-,能源,行业成熟稳定,传统行业,消耗品,-
600396.SH,600396,华电辽能,大盘股,公用事业,电力及电网,火电,辽宁,7.14,主板,-,-,有涨停 火山口战法吃鱼身,-,2001/3/28,国务院国有资产监督管理委员会,中央企业,β高股息低波动 适合防御,表现超预期,-,特高压电力产业链,-,行业成熟稳定,传统行业,-,-
600397.SH,600397,江钨装备,大盘股,工业,专用机械,采矿冶金机械,江西,15.15,主板,-,-,-,-,2002/7/2,江西省国有资产监督管理委员会,地方国有企业,β高股息低波动 适合防御,表现超预期,-,-,制造业(工业母机),行业成熟稳定,高新技术产业,耐用品,-
600398.SH,600398,海澜之家,小盘股,可选消费,纺织服装,服装,江苏,6.74,主板,火山口 派出小部队勇吃鱼身,连续多天小涨 龟壳战术吃鱼头,-,-,2000/12/28,周建平,民营企业,-,行情酝酿中,大消费,-,-,行业成熟稳定,传统行业,耐用品,-
600399.SH,600399,抚顺特钢,中盘股,原材料,钢铁,特钢,辽宁,5.91,主板,火山口 派出小部队勇吃鱼身,连续多天小涨 龟壳战术吃鱼头,-,-,2000/12/29,沈彬,民营企业,β高股息低波动 适合防御,行情酝酿中,-,军工高铁产业链,-,行业成熟稳定,传统行业,消耗品,-
600400.SH,600400,红豆股份,小盘股,可选消费,纺织服装,服装,江苏,2.01,主板,火山口 派出小部队勇吃鱼身,-,-,-,2001/1/8,周海江,民营企业,-,行情酝酿中,大消费,-,-,行业成熟稳定,传统行业,耐用品,-
600403.SH,600403,大有能源,小盘股,能源,煤炭,煤炭,河南,5.67,主板,火山口 派出小部队勇吃鱼身,连续多天小涨 龟壳战术吃鱼头,-,-,2003/10/9,河南省人民政府国有资产监督管理委员会,地方国有企业,-,行情酝酿中,-,-,能源,行业成熟稳定,传统行业,消耗品,-
600405.SH,600405,动力源,小盘股,工业,储能设备,其他储能设备,北京,5.21,主板,-,-,-,-,2004/4/1,何振亚,民营企业,-,行情酝酿中,新科技,特高压电力产业链,-,政策支持,高新技术产业,耐用品,-
600406.SH,600406,国电南瑞,大盘股,工业,电网设备,电网自动化,江苏,26.81,主板,火山口 派出小部队勇吃鱼身,连续多天小涨 龟壳战术吃鱼头,-,-,2003/10/16,国务院国有资产监督管理委员会,中央企业,β高股息低波动 适合防御,行情酝酿中,新科技,特高压电力产业链,-,政策支持,高新技术产业,耐用品,-
600408.SH,600408,安泰集团,小盘股,原材料,钢铁,普钢,山西,3.13,主板,-,-,-,-,2003/2/12,李安民,民营企业,-,行情酝酿中,-,-,能源,行业成熟稳定,传统行业,消耗品,-
600409.SH,600409,三友化工,中盘股,原材料,化学纤维,粘胶,河北,6.97,主板,-,-,-,-,2003/6/18,唐山市人民政府国有资产监督管理委员会,地方国有企业,β高股息低波动 适合防御,行情酝酿中,-,-,化工,行业成熟稳定,传统行业,耐用品,-
600410.SH,600410,华胜天成,大盘股,信息技术,信息技术服务,系统集成服务,北京,28.94,主板,-,-,-,-,2004/4/27,无实际控制人,其他,β高股息低波动 适合防御,表现超预期,国产替代,-,-,政策支持,传统行业,-,-
600415.SH,600415,小商品城,大盘股,工业,商业服务与用品,市场服务,浙江,12.17,主板,-,-,-,-,2002/5/9,义乌市人民政府国有资产监督管理办公室,地方国有企业,β高股息低波动 适合防御,行情酝酿中,-,实体经济,-,行业成熟稳定,传统行业,-,-
600416.SH,600416,湘电股份,中盘股,工业,通用机械,电动机与工控自动化,湖南,12.33,主板,火山口 派出小部队勇吃鱼身,-,-,-,2002/7/18,湖南省人民政府国有资产监督管理委员会,地方国有企业,β高股息低波动 适合防御,行情酝酿中,新科技,特高压电力产业链,-,政策支持,高新技术产业,耐用品,-
600418.SH,600418,江淮汽车,大盘股,工业,交通运输设备,商用车,安徽,46.51,主板,火山口 派出小部队勇吃鱼身,-,-,-,2001/8/24,安徽省人民政府国有资产监督管理委员会,地方国有企业,β高股息低波动 适合防御,行情酝酿中,-,智能汽车产业链,-,政策支持,传统行业,耐用品,-
600419.SH,600419,天润乳业,迷你盘,主要消费,食品,乳制品,新疆,9.75,主板,火山口 派出小部队勇吃鱼身,连续多天小涨 龟壳战术吃鱼头,-,-,2001/6/28,新疆生产建设兵团第十二师国有资产监督管理委员会,地方国有企业,-,行情酝酿中,大消费,-,-,行业成熟稳定,传统行业,消耗品,-
600420.SH,600420,国药现代,小盘股,医药卫生,化学药,药品制剂,上海,9.81,主板,-,-,-,-,2004/6/16,国务院国有资产监督管理委员会,中央企业,-,行情酝酿中,大健康,-,-,政策支持,高新技术产业,消耗品,-
600421.SH,600421,*ST华嵘,迷你盘,工业,专用机械,其他专用机械,湖北,5.43,主板,-,-,-,-,2004/6/7,楼永良,民营企业,-,表现超预期,-,-,制造业(工业母机),行业成熟稳定,高新技术产业,耐用品,-
600422.SH,600422,昆药集团,迷你盘,医药卫生,中药,中成药,云南,11.17,主板,火山口 派出小部队勇吃鱼身,连续多天小涨 龟壳战术吃鱼头,-,-,2000/12/6,国务院国有资产监督管理委员会,中央企业,-,行情酝酿中,大健康,-,-,行业成熟稳定,传统行业,消耗品,-
600423.SH,600423,柳化股份,中盘股,原材料,化学原料,其他化学原料,广西,2.71,主板,-,-,-,-,2003/7/17,柳州市人民政府国有资产监督管理委员会,地方国有企业,β高股息低波动 适合防御,行情酝酿中,-,-,粮食,行业成熟稳定,传统行业,消耗品,-
600425.SH,600425,青松建化,小盘股,原材料,建筑材料,水泥与混凝土,新疆,4.06,主板,火山口 派出小部队勇吃鱼身,连续多天小涨 龟壳战术吃鱼头,-,-,2003/7/24,新疆生产建设兵团国有资产监督管理委员会,地方国有企业,-,行情酝酿中,-,房地产产业链,-,行业成熟稳定,传统行业,耐用品,-
600426.SH,600426,华鲁恒升,大盘股,原材料,化学原料,其他化学原料,山东,35.34,主板,-,-,-,-,2002/6/20,山东省人民政府国有资产监督管理委员会,地方国有企业,β高股息低波动 适合防御,行情酝酿中,-,-,粮食,行业成熟稳定,传统行业,消耗品,-
600428.SH,600428,中远海特,中盘股,工业,运输业,航运,广东,9.04,主板,-,-,-,-,2002/4/18,国务院国有资产监督管理委员会,中央企业,β高股息低波动 适合防御,行情酝酿中,-,-,交通,行业成熟稳定,传统行业,-,-
600429.SH,600429,三元股份,小盘股,主要消费,食品,乳制品,北京,5.77,主板,-,-,-,-,2003/9/15,北京市人民政府国有资产监督管理委员会,地方国有企业,-,行情酝酿中,大消费,-,-,行业成熟稳定,传统行业,消耗品,-
600433.SH,600433,冠豪高新,中盘股,原材料,容器与包装,纸材料包装,广东,3.67,主板,-,-,-,-,2003/6/19,国务院国有资产监督管理委员会,中央企业,β高股息低波动 适合防御,表现超预期,-,-,化工,行业成熟稳定,传统行业,消耗品,-
600435.SH,600435,北方导航,中盘股,工业,国防装备,国防装备,北京,15.03,主板,火山口 派出小部队勇吃鱼身,-,-,-,2003/7/4,国务院国有资产监督管理委员会,中央企业,β高股息低波动 适合防御,行情酝酿中,-,-,制造业(工业母机),行业成熟稳定,高新技术产业,耐用品,-
600436.SH,600436,片仔癀,中盘股,医药卫生,中药,中成药,福建,146.31,主板,-,-,-,-,2003/6/16,漳州市人民政府国有资产监督管理委员会,地方国有企业,β高股息低波动 适合防御,行情酝酿中,大健康,-,-,行业成熟稳定,传统行业,消耗品,有量化参与
600438.SH,600438,通威股份,大盘股,工业,发电设备,光伏设备,四川,17.61,主板,-,-,-,-,2004/3/2,刘汉元,民营企业,β高股息低波动 适合防御,表现超预期,新科技,特高压电力产业链,-,政策支持,高新技术产业,耐用品,-
600439.SH,600439,瑞贝卡,迷你盘,主要消费,美容护理,美容护理,河南,2.53,主板,-,-,-,-,2003/7/10,郑有全,民营企业,-,行情酝酿中,大消费,-,-,行业成熟稳定,传统行业,耐用品,-
600444.SH,600444,国机通用,迷你盘,工业,污染治理,污水处理,安徽,17.76,主板,火山口 派出小部队勇吃鱼身,-,-,-,2004/2/19,国务院国有资产监督管理委员会,中央企业,-,行情酝酿中,-,-,制造业(工业母机),行业成熟稳定,高新技术产业,耐用品,-
600446.SH,600446,金证股份,小盘股,信息技术,软件开发,行业应用软件,深圳,12.76,主板,-,-,-,-,2003/12/24,无实际控制人,其他,-,行情酝酿中,国产替代,-,-,政策支持,传统行业,-,-
600448.SH,600448,华纺股份,迷你盘,可选消费,纺织服装,纺织品,山东,3.25,主板,火山口 派出小部队勇吃鱼身,-,-,-,2001/9/3,滨州市人民政府国有资产监督管理委员会,地方国有企业,-,行情酝酿中,-,-,化工,行业成熟稳定,传统行业,消耗品,-
600449.SH,600449,宁夏建材,迷你盘,原材料,建筑材料,水泥与混凝土,宁夏,12.9,主板,火山口 派出小部队勇吃鱼身,-,-,-,2003/8/29,国务院国有资产监督管理委员会,中央企业,-,行情酝酿中,-,房地产产业链,-,行业成熟稳定,传统行业,耐用品,-
600452.SH,600452,涪陵电力,大盘股,公用事业,电力及电网,电网,重庆,11.95,主板,-,-,-,-,2004/3/3,国务院国有资产监督管理委员会,中央企业,β高股息低波动 适合防御,行情酝酿中,-,特高压电力产业链,-,行业成熟稳定,传统行业,-,-
600455.SH,600455,博通股份,迷你盘,可选消费,教育服务,学历教育,陕西,25.62,主板,火山口 派出小部队勇吃鱼身,-,-,-,2004/3/29,西安经济技术开发区管理委员会,地方国有企业,-,行情酝酿中,-,-,文化体育,行业成熟稳定,传统行业,-,-
600456.SH,600456,宝钛股份,中盘股,原材料,其他有色金属及合金,钛,陕西,34.78,主板,火山口 派出小部队勇吃鱼身,连续多天小涨 龟壳战术吃鱼头,-,-,2002/4/12,陕西省人民政府国有资产监督管理委员会,地方国有企业,β高股息低波动 适合防御,行情酝酿中,新能源,-,-,行业成熟稳定,传统行业,消耗品,-
600458.SH,600458,时代新材,中盘股,工业,发电设备,风电设备,湖南,11.98,主板,火山口 派出小部队勇吃鱼身,连续多天小涨 龟壳战术吃鱼头,-,-,2002/12/19,中国中车集团有限公司,中央企业,β高股息低波动 适合防御,行情酝酿中,-,-,化工,行业成熟稳定,传统行业,消耗品,-
600459.SH,600459,贵研铂业,中盘股,原材料,贵金属,其他贵金属,云南,21.18,主板,火山口 派出小部队勇吃鱼身,连续多天小涨 龟壳战术吃鱼头,-,-,2003/5/16,云南省人民政府国有资产监督管理委员会,地方国有企业,β高股息低波动 适合防御,行情酝酿中,新能源,-,-,行业成熟稳定,传统行业,消耗品,-
600460.SH,600460,士兰微,大盘股,信息技术,分立器件,分立器件,浙江,26.94,主板,火山口 派出小部队勇吃鱼身,-,-,-,2003/3/11,陈向东,民营企业,β高股息低波动 适合防御,行情酝酿中,新科技,-,-,政策支持,高新技术产业,-,-
600461.SH,600461,洪城环境,小盘股,公用事业,水务,水务,江西,9.83,主板,火山口 派出小部队勇吃鱼身,-,-,-,2004/6/1,南昌市国有资产监督管理委员会,地方国有企业,-,行情酝酿中,-,-,民生,行业成熟稳定,传统行业,耐用品,-
600463.SH,600463,空港股份,迷你盘,工业,建筑与工程,房屋建设,北京,10.07,主板,火山口 派出小部队勇吃鱼身,-,-,-,2004/3/18,北京市顺义区人民政府国有资产监督管理委员会,地方国有企业,-,行情酝酿中,-,电子商务产业链,-,行业成熟稳定,传统行业,-,-
600467.SH,600467,好当家,小盘股,主要消费,养殖,渔业产品,山东,2.4,主板,-,-,-,-,2004/4/5,唐传勤,民营企业,-,行情酝酿中,-,-,粮食,行业成熟稳定,传统行业,消耗品,-
600468.SH,600468,百利电气,中盘股,工业,电网设备,配电设备,天津,7.94,主板,火山口 派出小部队勇吃鱼身,-,-,-,2001/6/15,天津市人民政府国有资产监督管理委员会,地方国有企业,β高股息低波动 适合防御,表现超预期,新科技,特高压电力产业链,-,政策支持,高新技术产业,耐用品,-
600469.SH,600469,风神股份,小盘股,可选消费,汽车零部件与轮胎,轮胎,河南,7.1,主板,-,-,有涨停 火山口战法吃鱼身,-,2003/10/21,国务院国有资产监督管理委员会,中央企业,-,表现超预期,-,智能汽车产业链,-,政策支持,传统行业,消耗品,-
600470.SH,600470,六国化工,中盘股,原材料,农用化工,磷肥及磷化工,安徽,6.78,主板,-,-,-,-,2004/3/5,无实际控制人,其他,β高股息低波动 适合防御,行情酝酿中,-,-,粮食,行业成熟稳定,传统行业,消耗品,-
600475.SH,600475,华光环能,中盘股,公用事业,供热及其他,供热及其他,江苏,17.81,主板,-,-,-,-,2003/7/21,无锡市人民政府国有资产监督管理委员会,地方国有企业,β高股息低波动 适合防御,行情酝酿中,新科技,特高压电力产业链,-,政策支持,高新技术产业,耐用品,-
600476.SH,600476,湘邮科技,小盘股,信息技术,信息技术服务,系统集成服务,湖南,11.26,主板,-,-,-,-,2003/12/10,中华人民共和国国务院,中央企业,-,行情酝酿中,国产替代,-,-,政策支持,传统行业,-,-
600477.SH,600477,杭萧钢构,中盘股,工业,建筑与工程,专业工程,浙江,3.08,主板,火山口 派出小部队勇吃鱼身,-,-,-,2003/11/10,单银木,民营企业,β高股息低波动 适合防御,行情酝酿中,-,-,能源,行业成熟稳定,传统行业,消耗品,-
600478.SH,600478,科力远,中盘股,工业,储能设备,电池,湖南,7.71,主板,火山口 派出小部队勇吃鱼身,-,-,-,2003/9/18,钟发平,民营企业,β高股息低波动 适合防御,行情酝酿中,新科技,特高压电力产业链,-,政策支持,高新技术产业,耐用品,-
600479.SH,600479,千金药业,小盘股,医药卫生,中药,中成药,湖南,10.59,主板,-,-,-,-,2004/3/12,株洲市人民政府国有资产监督管理委员会,地方国有企业,-,行情酝酿中,大健康,-,-,行业成熟稳定,传统行业,消耗品,-
600480.SH,600480,凌云股份,大盘股,可选消费,汽车零部件与轮胎,其他汽车零部件,河北,11.54,主板,-,-,-,-,2003/8/15,国务院国有资产监督管理委员会,中央企业,β高股息低波动 适合防御,表现超预期,-,智能汽车产业链,-,政策支持,传统行业,消耗品,-
600481.SH,600481,双良节能,中盘股,工业,发电设备,光伏设备,江苏,6.49,主板,-,-,-,-,2003/4/22,缪双大,民营企业,β高股息低波动 适合防御,行情酝酿中,新科技,特高压电力产业链,-,政策支持,高新技术产业,耐用品,-
600482.SH,600482,中国动力,大盘股,工业,交通运输设备,船舶及其他航运设备,河北,38.21,主板,-,-,-,-,2004/7/14,国务院国有资产监督管理委员会,中央企业,β高股息低波动 适合防御,表现超预期,-,军工高铁产业链,-,政策支持,传统行业,-,-
600483.SH,600483,福能股份,中盘股,公用事业,电力及电网,火电,福建,10.22,主板,-,-,-,-,2004/5/31,福建省人民政府国有资产监督管理委员会,地方国有企业,β高股息低波动 适合防御,行情酝酿中,-,特高压电力产业链,-,政策支持,高新技术产业,-,-
600486.SH,600486,扬农化工,大盘股,原材料,农用化工,农药,江苏,71.6,主板,-,-,-,-,2002/4/25,国务院国有资产监督管理委员会,中央企业,β高股息低波动 适合防御,行情酝酿中,-,-,粮食,行业成熟稳定,传统行业,消耗品,有量化参与
600487.SH,600487,亨通光电,大盘股,通信服务,通信设备,通信系统设备及组件,江苏,55.65,主板,-,-,-,-,2003/8/22,崔巍,民营企业,β高股息低波动 适合防御,表现超预期,新基建,-,-,政策支持,高新技术产业,-,-
600488.SH,600488,津药药业,大盘股,医药卫生,化学药,原料药,天津,6.06,主板,-,-,-,高人气,2001/6/18,无实际控制人,其他,β高股息低波动 适合防御,表现超预期,大健康,-,-,政策支持,高新技术产业,消耗品,-
600489.SH,600489,中金黄金,大盘股,原材料,贵金属,黄金,北京,26.9,主板,火山口 派出小部队勇吃鱼身,连续多天小涨 龟壳战术吃鱼头,-,-,2003/8/14,国务院国有资产监督管理委员会,中央企业,β高股息低波动 适合防御,行情酝酿中,大消费,-,-,行业成熟稳定,传统行业,耐用品,-
600490.SH,600490,鹏欣资源,中盘股,原材料,工业金属,铜,上海,8.48,主板,-,-,-,-,2003/6/26,姜照柏,民营企业,β高股息低波动 适合防御,表现超预期,新能源,特高压电力产业链,-,行业成熟稳定,传统行业,消耗品,-
600491.SH,600491,龙元建设,中盘股,工业,建筑与工程,房屋建设,浙江,2.26,主板,-,-,-,-,2004/5/24,赖振元,民营企业,β高股息低波动 适合防御,行情酝酿中,-,房地产产业链,-,行业成熟稳定,传统行业,耐用品,-
600493.SH,600493,凤竹纺织,迷你盘,可选消费,纺织服装,纺织品,福建,7.46,主板,-,-,-,-,2004/4/21,陈澄清,民营企业,-,行情酝酿中,-,-,化工,行业成熟稳定,传统行业,消耗品,-
600495.SH,600495,晋西车轴,小盘股,工业,交通运输设备,城轨铁路,山西,4.37,主板,-,-,-,-,2004/5/26,国务院国有资产监督管理委员会,中央企业,-,行情酝酿中,-,-,制造业(工业母机),行业成熟稳定,传统行业,耐用品,-
600496.SH,600496,精工钢构,小盘股,工业,建筑与工程,专业工程,安徽,3.88,主板,火山口 派出小部队勇吃鱼身,连续多天小涨 龟壳战术吃鱼头,-,-,2002/6/5,方朝阳,民营企业,-,行情酝酿中,-,-,能源,行业成熟稳定,传统行业,消耗品,-
600497.SH,600497,驰宏锌锗,大盘股,原材料,工业金属,铅锌,云南,8.85,主板,-,-,-,-,2004/4/20,国务院国有资产监督管理委员会,中央企业,β高股息低波动 适合防御,表现超预期,新能源,-,-,行业成熟稳定,传统行业,消耗品,-
600498.SH,600498,烽火通信,大盘股,通信服务,通信设备,通信系统设备及组件,湖北,49.27,主板,-,-,-,-,2001/8/23,国务院国有资产监督管理委员会,中央企业,β高股息低波动 适合防御,表现超预期,新基建,-,-,政策支持,高新技术产业,-,-
600499.SH,600499,科达制造,大盘股,工业,专用机械,其他专用机械,广东,18.13,主板,-,-,-,-,2002/10/10,无实际控制人,其他,β高股息低波动 适合防御,表现超预期,-,-,制造业(工业母机),行业成熟稳定,高新技术产业,耐用品,-
600500.SH,600500,中化国际,小盘股,原材料,化学制品,其他化学制品,上海,4.28,主板,-,-,-,-,2000/3/1,国务院国有资产监督管理委员会,中央企业,-,行情酝酿中,-,-,化工,行业成熟稳定,传统行业,消耗品,-
600501.SH,600501,航天晨光,中盘股,工业,国防装备,国防装备,江苏,23.57,主板,火山口 派出小部队勇吃鱼身,连续多天小涨 龟壳战术吃鱼头,-,-,2001/6/15,国务院国有资产监督管理委员会,中央企业,β高股息低波动 适合防御,行情酝酿中,-,-,制造业(工业母机),行业成熟稳定,高新技术产业,耐用品,-
600502.SH,600502,安徽建工,中盘股,工业,建筑与工程,基础设施建设,安徽,5.95,主板,火山口 派出小部队勇吃鱼身,连续多天小涨 龟壳战术吃鱼头,-,-,2003/4/15,安徽省人民政府国有资产监督管理委员会,地方国有企业,β高股息低波动 适合防御,行情酝酿中,-,房地产产业链,-,行业成熟稳定,传统行业,耐用品,-
600503.SH,600503,华丽家族,小盘股,房地产,房地产开发与园区,房地产开发,上海,2.35,主板,-,-,-,-,2002/7/9,刘雅娟,民营企业,-,行情酝酿中,-,-,-,行业成熟稳定,传统行业,耐用品,-
600505.SH,600505,西昌电力,小盘股,公用事业,电力及电网,水电,四川,12.92,主板,火山口 派出小部队勇吃鱼身,-,-,-,2002/5/30,国务院国有资产监督管理委员会,中央企业,-,行情酝酿中,-,特高压电力产业链,-,行业成熟稳定,传统行业,-,-
600506.SH,600506,统一股份,小盘股,原材料,化学制品,其他化学制品,新疆,21.02,主板,-,-,-,-,2001/12/26,中央汇金投资有限责任公司,中央企业,-,行情酝酿中,-,-,能源,行业成熟稳定,传统行业,消耗品,-
600507.SH,600507,方大特钢,大盘股,原材料,钢铁,普钢,江西,6.01,主板,火山口 派出小部队勇吃鱼身,-,有涨停 火山口战法吃鱼身,高人气,2003/9/30,方威,民营企业,β高股息低波动 适合防御,表现超预期,-,军工高铁产业链,-,行业成熟稳定,传统行业,消耗品,-
600508.SH,600508,上海能源,小盘股,能源,煤炭,煤炭,上海,12.66,主板,火山口 派出小部队勇吃鱼身,-,-,-,2001/8/29,国务院国有资产监督管理委员会,中央企业,-,行情酝酿中,-,-,能源,行业成熟稳定,传统行业,消耗品,-
600509.SH,600509,天富能源,中盘股,公用事业,电力及电网,火电,新疆,7.9,主板,火山口 派出小部队勇吃鱼身,-,-,-,2002/2/28,新疆生产建设兵团农八师石河子市国有资产监督管理委员会,地方国有企业,β高股息低波动 适合防御,表现超预期,-,特高压电力产业链,-,行业成熟稳定,传统行业,-,-
600510.SH,600510,黑牡丹,中盘股,房地产,房地产开发与园区,房地产开发,江苏,9.16,主板,-,-,-,-,2002/6/18,常州国家高新区管委会(新北区人民政府),地方国有企业,β高股息低波动 适合防御,表现超预期,-,房地产产业链,-,行业成熟稳定,传统行业,耐用品,-
600511.SH,600511,国药股份,中盘股,医药卫生,医疗商业与服务,医药商业,北京,28.68,主板,-,-,-,-,2002/11/27,国务院国有资产监督管理委员会,中央企业,β高股息低波动 适合防御,行情酝酿中,-,实体经济,-,政策支持,传统行业,消耗品,-
600512.SH,600512,腾达建设,小盘股,工业,建筑与工程,基础设施建设,浙江,2.52,主板,火山口 派出小部队勇吃鱼身,-,-,-,2002/12/26,叶林富,外资,-,行情酝酿中,-,房地产产业链,-,行业成熟稳定,传统行业,耐用品,-
600513.SH,600513,联环药业,大盘股,医药卫生,化学药,药品制剂,江苏,21.12,主板,-,-,-,-,2003/3/19,扬州市人民政府国有资产监督管理委员会,地方国有企业,β高股息低波动 适合防御,表现超预期,大健康,-,-,政策支持,高新技术产业,消耗品,-
600515.SH,600515,海南机场,中盘股,房地产,房地产开发与园区,房地产开发,海南,3.63,主板,火山口 派出小部队勇吃鱼身,-,-,-,2002/8/6,海南省国有资产监督管理委员会,地方国有企业,β高股息低波动 适合防御,行情酝酿中,-,-,交通,行业成熟稳定,传统行业,-,-
600516.SH,600516,方大炭素,中盘股,原材料,其他非金属材料,其他非金属材料,甘肃,5.59,主板,火山口 派出小部队勇吃鱼身,-,-,-,2002/8/30,方威,民营企业,β高股息低波动 适合防御,行情酝酿中,新能源,-,能源,行业成熟稳定,传统行业,消耗品,-
600517.SH,600517,国网英大,小盘股,工业,电网设备,输变电设备,上海,6.47,主板,火山口 派出小部队勇吃鱼身,连续多天小涨 龟壳战术吃鱼头,-,-,2003/10/10,国务院国有资产监督管理委员会,中央企业,-,行情酝酿中,大金融,-,-,行业成熟稳定,传统行业,-,-
600518.SH,600518,康美药业,中盘股,医药卫生,中药,中药饮片,广东,1.75,主板,火山口 派出小部队勇吃鱼身,连续多天小涨 龟壳战术吃鱼头,-,-,2001/3/19,无实际控制人,其他,β高股息低波动 适合防御,行情酝酿中,大健康,-,-,行业成熟稳定,传统行业,消耗品,-
600519.SH,600519,贵州茅台,大盘股,主要消费,酒,白酒,贵州,1407.24,主板,火山口 派出小部队勇吃鱼身,-,-,-,2001/8/27,贵州省人民政府国有资产监督管理委员会,地方国有企业,β高股息低波动 适合防御,行情酝酿中,大消费,-,-,行业成熟稳定,传统行业,消耗品,有量化参与
600520.SH,600520,三佳科技,中盘股,信息技术,半导体材料与设备,半导体设备,安徽,27.81,主板,-,-,有涨停 火山口战法吃鱼身,-,2002/1/8,合肥市人民政府国有资产监督管理委员会,地方国有企业,β高股息低波动 适合防御,表现超预期,新科技,-,-,政策支持,高新技术产业,-,-
600521.SH,600521,华海药业,大盘股,医药卫生,化学药,药品制剂,浙江,16.88,主板,-,-,-,-,2003/3/4,陈保华,民营企业,β高股息低波动 适合防御,行情酝酿中,大健康,-,-,政策支持,高新技术产业,消耗品,-
600522.SH,600522,中天科技,大盘股,通信服务,通信设备,通信系统设备及组件,江苏,28.14,主板,-,-,-,-,2002/10/24,薛驰,民营企业,β高股息低波动 适合防御,行情酝酿中,新基建,-,-,政策支持,高新技术产业,-,-
600523.SH,600523,贵航股份,小盘股,可选消费,汽车零部件与轮胎,其他汽车零部件,贵州,14.15,主板,火山口 派出小部队勇吃鱼身,连续多天小涨 龟壳战术吃鱼头,-,-,2001/12/27,国务院国有资产监督管理委员会,中央企业,-,行情酝酿中,-,智能汽车产业链,-,政策支持,传统行业,消耗品,-
600525.SH,600525,ST长园,小盘股,工业,电网设备,电网自动化,深圳,5.28,主板,-,-,-,-,2002/12/2,无实际控制人,其他,-,行情酝酿中,新科技,特高压电力产业链,-,政策支持,高新技术产业,耐用品,-
600526.SH,600526,菲达环保,迷你盘,工业,污染治理,烟气治理,浙江,5.37,主板,-,-,-,-,2002/7/22,浙江省人民政府国有资产监督管理委员会,地方国有企业,-,行情酝酿中,-,-,民生,行业成熟稳定,传统行业,-,-
600527.SH,600527,江南高纤,大盘股,原材料,化学纤维,氨纶及其他化纤,江苏,2.69,主板,-,-,有涨停 火山口战法吃鱼身,-,2003/11/27,陶冶,民营企业,β高股息低波动 适合防御,表现超预期,-,-,化工,行业成熟稳定,传统行业,耐用品,-
600528.SH,600528,中铁工业,中盘股,工业,交通运输设备,城轨铁路,北京,7.88,主板,火山口 派出小部队勇吃鱼身,-,-,-,2001/5/28,国务院国有资产监督管理委员会,中央企业,β高股息低波动 适合防御,行情酝酿中,-,-,制造业(工业母机),行业成熟稳定,传统行业,耐用品,-
600529.SH,600529,山东药玻,小盘股,医药卫生,医疗器械,医疗耗材,山东,18.56,主板,火山口 派出小部队勇吃鱼身,连续多天小涨 龟壳战术吃鱼头,-,-,2002/6/3,沂源县财政局,地方国有企业,-,行情酝酿中,大健康,-,-,行业成熟稳定,传统行业,消耗品,-
600530.SH,600530,交大昂立,迷你盘,主要消费,食品,其他食品,上海,5.2,主板,火山口 派出小部队勇吃鱼身,连续多天小涨 龟壳战术吃鱼头,-,-,2001/7/2,嵇霖,民营企业,-,行情酝酿中,大健康,-,-,行业成熟稳定,传统行业,消耗品,-
600531.SH,600531,豫光金铅,大盘股,原材料,工业金属,铜,河南,14.63,主板,-,-,-,-,2002/7/30,济源产城融合示范区财政局(济源产城融合示范区国有资产监督管理局),地方国有企业,β高股息低波动 适合防御,表现超预期,新能源,-,-,行业成熟稳定,传统行业,消耗品,-
600533.SH,600533,栖霞建设,迷你盘,房地产,房地产开发与园区,房地产开发,江苏,2.42,主板,-,-,-,-,2002/3/28,南京栖霞国资投资集团有限公司,地方国有企业,-,行情酝酿中,-,-,-,行业成熟稳定,传统行业,耐用品,-
600535.SH,600535,天士力,小盘股,医药卫生,中药,中成药,天津,14.25,主板,-,-,-,-,2002/8/23,中国华润有限公司,中央企业,-,行情酝酿中,大健康,-,-,行业成熟稳定,传统行业,消耗品,-
600536.SH,600536,中国软件,中盘股,信息技术,软件开发,行业应用软件,北京,37.69,主板,火山口 派出小部队勇吃鱼身,连续多天小涨 龟壳战术吃鱼头,-,-,2002/5/17,国务院国有资产监督管理委员会,中央企业,β高股息低波动 适合防御,行情酝酿中,国产替代,-,-,政策支持,传统行业,-,-
600537.SH,600537,亿晶光电,大盘股,工业,发电设备,光伏设备,浙江,4.02,主板,-,-,-,-,2003/1/23,无实际控制人,其他,β高股息低波动 适合防御,表现超预期,新科技,特高压电力产业链,-,政策支持,高新技术产业,耐用品,-
600538.SH,600538,国发股份,小盘股,医药卫生,医疗器械,体外诊断,广西,6.61,主板,-,-,-,-,2003/1/14,朱蓉娟,民营企业,-,表现超预期,-,实体经济,-,政策支持,传统行业,消耗品,-
600539.SH,600539,狮头股份,大盘股,可选消费,互联网零售,互联网零售,山西,17.07,主板,-,-,有涨停 火山口战法吃鱼身,-,2001/8/24,吴靓怡,民营企业,β高股息低波动 适合防御,表现超预期,国产替代,电子商务产业链,-,政策支持,传统行业,-,-
600540.SH,600540,新赛股份,小盘股,主要消费,种植,农产品,新疆,4.75,主板,-,-,-,-,2004/1/7,新疆生产建设兵团国有资产监督管理委员会,地方国有企业,-,行情酝酿中,-,-,粮食,行业成熟稳定,传统行业,消耗品,-
600543.SH,600543,莫高股份,迷你盘,主要消费,酒,葡萄酒及其他,甘肃,4.78,主板,-,-,-,-,2004/3/24,甘肃省人民政府国有资产监督管理委员会,地方国有企业,-,行情酝酿中,大消费,-,-,行业成熟稳定,传统行业,消耗品,-
600545.SH,600545,卓郎智能,大盘股,工业,专用机械,纺织服装机械,新疆,4.34,主板,-,-,-,-,2003/12/3,潘雪平,民营企业,β高股息低波动 适合防御,表现超预期,-,-,制造业(工业母机),行业成熟稳定,传统行业,耐用品,-
600546.SH,600546,山煤国际,中盘股,能源,煤炭,煤炭,山西,11.66,主板,-,-,-,-,2003/7/31,山西省人民政府国有资产监督管理委员会,地方国有企业,β高股息低波动 适合防御,行情酝酿中,-,-,能源,行业成熟稳定,传统行业,消耗品,-
600547.SH,600547,山东黄金,大盘股,原材料,贵金属,黄金,山东,38.44,主板,-,-,-,-,2003/8/28,山东省人民政府国有资产监督管理委员会,地方国有企业,β高股息低波动 适合防御,行情酝酿中,大消费,-,-,行业成熟稳定,传统行业,耐用品,-
600548.SH,600548,深高速,迷你盘,工业,交通基本设施,高速公路,深圳,9.16,主板,火山口 派出小部队勇吃鱼身,连续多天小涨 龟壳战术吃鱼头,-,-,2001/12/25,深圳市人民政府国有资产监督管理委员会,地方国有企业,-,行情酝酿中,-,-,交通,行业成熟稳定,传统行业,-,-
600549.SH,600549,厦门钨业,大盘股,原材料,稀有金属,钨钼,福建,62.85,主板,-,-,有涨停 火山口战法吃鱼身,高人气,2002/11/7,福建省人民政府国有资产监督管理委员会,地方国有企业,β高股息低波动 适合防御,表现超预期,新能源,-,-,行业成熟稳定,传统行业,消耗品,-
600550.SH,600550,保变电气,大盘股,工业,电网设备,输变电设备,河北,15.7,主板,-,-,-,-,2001/2/28,国务院国有资产监督管理委员会,中央企业,β高股息低波动 适合防御,表现超预期,新科技,特高压电力产业链,-,政策支持,高新技术产业,耐用品,-
600551.SH,600551,时代出版,迷你盘,通信服务,文化娱乐,出版,安徽,8.22,主板,火山口 派出小部队勇吃鱼身,连续多天小涨 龟壳战术吃鱼头,-,-,2002/9/5,安徽省人民政府,地方国有企业,-,行情酝酿中,-,-,文化体育,行业成熟稳定,传统行业,-,-
600552.SH,600552,凯盛科技,大盘股,信息技术,光学光电子,面板,安徽,15.02,主板,-,-,有涨停 火山口战法吃鱼身,-,2002/11/8,国务院国有资产监督管理委员会,中央企业,β高股息低波动 适合防御,表现超预期,新科技,-,-,政策支持,高新技术产业,-,-
600556.SH,600556,天下秀,中盘股,通信服务,营销与广告,数字营销,广西,6.2,主板,火山口 派出小部队勇吃鱼身,-,-,-,2001/8/7,李檬,民营企业,β高股息低波动 适合防御,行情酝酿中,国产替代,电子商务产业链,-,政策支持,传统行业,-,-
600557.SH,600557,康缘药业,迷你盘,医药卫生,中药,中成药,江苏,13.92,主板,火山口 派出小部队勇吃鱼身,连续多天小涨 龟壳战术吃鱼头,-,-,2002/9/18,肖伟,民营企业,-,行情酝酿中,大健康,-,-,行业成熟稳定,传统行业,消耗品,-
600558.SH,600558,大西洋,小盘股,工业,通用机械,其他通用机械,四川,5.41,主板,火山口 派出小部队勇吃鱼身,-,-,-,2001/2/27,自贡市政府国有资产监督管理委员会,地方国有企业,-,行情酝酿中,-,-,能源,行业成熟稳定,传统行业,消耗品,-
600559.SH,600559,老白干酒,小盘股,主要消费,酒,白酒,河北,13.49,主板,火山口 派出小部队勇吃鱼身,-,-,-,2002/10/29,衡水市财政局,地方国有企业,-,行情酝酿中,大消费,-,-,行业成熟稳定,传统行业,消耗品,-
600560.SH,600560,金自天正,迷你盘,工业,通用机械,电动机与工控自动化,北京,14.48,主板,-,-,-,-,2002/9/19,国务院国有资产监督管理委员会,中央企业,-,行情酝酿中,新科技,特高压电力产业链,-,政策支持,高新技术产业,耐用品,-
600561.SH,600561,江西长运,迷你盘,工业,运输业,公路运输,江西,6.66,主板,火山口 派出小部队勇吃鱼身,-,-,-,2002/7/16,南昌市国有资产监督管理委员会,地方国有企业,-,行情酝酿中,-,-,交通,行业成熟稳定,传统行业,-,-
600562.SH,600562,国睿科技,大盘股,工业,国防装备,国防装备,江苏,28.5,主板,-,-,-,-,2003/1/28,国务院国有资产监督管理委员会,中央企业,β高股息低波动 适合防御,表现超预期,新基建,-,-,政策支持,高新技术产业,-,-
600563.SH,600563,法拉电子,大盘股,信息技术,电子元件,被动元件,福建,127.34,主板,-,-,-,-,2002/12/10,厦门市法拉发展有限公司,集体企业,β高股息低波动 适合防御,表现超预期,新科技,-,-,政策支持,高新技术产业,-,-
600566.SH,600566,济川药业,小盘股,医药卫生,中药,中成药,湖北,24.9,主板,-,-,-,-,2001/8/22,曹龙祥,民营企业,-,行情酝酿中,大健康,-,-,行业成熟稳定,传统行业,消耗品,-
600567.SH,600567,山鹰国际,小盘股,原材料,容器与包装,纸材料包装,安徽,1.53,主板,火山口 派出小部队勇吃鱼身,连续多天小涨 龟壳战术吃鱼头,-,-,2001/12/18,吴明武,外资,-,行情酝酿中,-,-,化工,行业成熟稳定,传统行业,消耗品,-
600568.SH,600568,ST中珠,迷你盘,医药卫生,医疗商业与服务,医疗服务,湖北,2.95,主板,-,-,-,-,2001/5/18,无实际控制人,其他,-,表现超预期,大健康,-,-,行业成熟稳定,传统行业,消耗品,-
600569.SH,600569,安阳钢铁,迷你盘,原材料,钢铁,普钢,河南,2.16,主板,-,-,-,-,2001/8/20,河南省人民政府国有资产监督管理委员会,地方国有企业,-,行情酝酿中,-,-,能源,行业成熟稳定,传统行业,消耗品,-
600570.SH,600570,恒生电子,大盘股,信息技术,软件开发,行业应用软件,浙江,26.63,主板,火山口 派出小部队勇吃鱼身,-,-,-,2003/12/16,无实际控制人,其他,β高股息低波动 适合防御,行情酝酿中,国产替代,-,-,政策支持,传统行业,-,-
600571.SH,600571,信雅达,小盘股,信息技术,软件开发,行业应用软件,浙江,13.63,主板,火山口 派出小部队勇吃鱼身,连续多天小涨 龟壳战术吃鱼头,-,-,2002/11/1,郭华强,民营企业,-,行情酝酿中,国产替代,-,-,政策支持,传统行业,-,-
600572.SH,600572,康恩贝,大盘股,医药卫生,中药,中成药,浙江,4.68,主板,-,-,有涨停 火山口战法吃鱼身,高人气,2004/4/12,浙江省人民政府国有资产监督管理委员会,地方国有企业,β高股息低波动 适合防御,表现超预期,大健康,-,-,行业成熟稳定,传统行业,消耗品,-
600573.SH,600573,惠泉啤酒,中盘股,主要消费,酒,啤酒,福建,12.16,主板,-,-,-,-,2003/2/26,北京市人民政府,地方国有企业,β高股息低波动 适合防御,表现超预期,大消费,-,-,行业成熟稳定,传统行业,消耗品,-
600575.SH,600575,淮河能源,中盘股,公用事业,电力及电网,火电,安徽,3.62,主板,-,-,-,-,2003/3/28,安徽省人民政府国有资产监督管理委员会,地方国有企业,β高股息低波动 适合防御,行情酝酿中,-,特高压电力产业链,-,行业成熟稳定,传统行业,-,-
600576.SH,600576,祥源文旅,小盘股,可选消费,休闲服务,景点,浙江,6,主板,火山口 派出小部队勇吃鱼身,-,-,-,2003/2/20,俞发祥,民营企业,-,行情酝酿中,-,实体经济,-,行业成熟稳定,传统行业,-,-
600577.SH,600577,精达股份,大盘股,工业,电网设备,线缆及其他,安徽,13.25,主板,-,-,-,-,2002/9/11,李光荣,民营企业,β高股息低波动 适合防御,表现超预期,新科技,特高压电力产业链,-,政策支持,高新技术产业,耐用品,-
600578.SH,600578,京能电力,小盘股,公用事业,电力及电网,火电,北京,5.3,主板,火山口 派出小部队勇吃鱼身,连续多天小涨 龟壳战术吃鱼头,-,-,2002/5/10,北京市人民政府国有资产监督管理委员会,地方国有企业,-,行情酝酿中,-,特高压电力产业链,-,行业成熟稳定,传统行业,-,-
600579.SH,600579,中化装备,迷你盘,工业,专用机械,化工机械,山东,7.95,主板,火山口 派出小部队勇吃鱼身,-,-,-,2002/8/9,国务院国有资产监督管理委员会,中央企业,-,行情酝酿中,-,-,制造业(工业母机),行业成熟稳定,传统行业,耐用品,-
600580.SH,600580,卧龙电驱,大盘股,工业,通用机械,电动机与工控自动化,浙江,38.81,主板,火山口 派出小部队勇吃鱼身,-,-,-,2002/6/6,陈建成,民营企业,β高股息低波动 适合防御,行情酝酿中,新科技,特高压电力产业链,-,政策支持,高新技术产业,耐用品,-
600581.SH,600581,*ST八钢,中盘股,原材料,钢铁,普钢,新疆,3.03,主板,-,-,-,-,2002/8/16,国务院国有资产监督管理委员会,中央企业,β高股息低波动 适合防御,表现超预期,-,-,能源,行业成熟稳定,传统行业,消耗品,-
600582.SH,600582,天地科技,小盘股,工业,专用机械,采矿冶金机械,北京,5.71,主板,火山口 派出小部队勇吃鱼身,连续多天小涨 龟壳战术吃鱼头,-,-,2002/5/15,国务院国有资产监督管理委员会,中央企业,-,行情酝酿中,-,-,制造业(工业母机),行业成熟稳定,高新技术产业,耐用品,-
600583.SH,600583,海油工程,大盘股,能源,油气开采与油田服务,油田服务,天津,7.01,主板,火山口 派出小部队勇吃鱼身,-,-,-,2002/2/5,国务院国有资产监督管理委员会,中央企业,β高股息低波动 适合防御,表现超预期,-,-,能源,行业成熟稳定,传统行业,-,-
600584.SH,600584,长电科技,大盘股,信息技术,集成电路,集成电路封测,江苏,43.98,主板,-,-,-,-,2003/6/3,国务院国有资产监督管理委员会,中央企业,β高股息低波动 适合防御,行情酝酿中,新科技,-,-,政策支持,高新技术产业,-,-
600585.SH,600585,海螺水泥,大盘股,原材料,建筑材料,水泥与混凝土,安徽,22.22,主板,火山口 派出小部队勇吃鱼身,-,-,-,2002/2/7,安徽省人民政府国有资产监督管理委员会,地方国有企业,β高股息低波动 适合防御,行情酝酿中,-,房地产产业链,-,行业成熟稳定,传统行业,耐用品,-
600586.SH,600586,金晶科技,中盘股,原材料,建筑材料,玻璃,山东,5.42,主板,火山口 派出小部队勇吃鱼身,连续多天小涨 龟壳战术吃鱼头,-,-,2002/8/15,丁茂良,民营企业,β高股息低波动 适合防御,行情酝酿中,-,-,化工,行业成熟稳定,传统行业,耐用品,-
600587.SH,600587,新华医疗,小盘股,医药卫生,医疗器械,医疗设备,山东,14.24,主板,火山口 派出小部队勇吃鱼身,-,-,-,2002/9/27,山东省人民政府国有资产监督管理委员会,地方国有企业,-,行情酝酿中,大健康,-,-,行业成熟稳定,传统行业,消耗品,-
600588.SH,600588,用友网络,大盘股,信息技术,信息技术服务,云计算服务,北京,12.38,主板,火山口 派出小部队勇吃鱼身,-,-,-,2001/5/18,王文京,民营企业,β高股息低波动 适合防御,行情酝酿中,国产替代,-,-,政策支持,传统行业,-,-
600589.SH,600589,大位科技,大盘股,通信服务,数据中心,数据中心,广东,11.2,主板,-,-,-,-,2001/6/12,吴境,民营企业,β高股息低波动 适合防御,行情酝酿中,国产替代,-,-,政策支持,传统行业,-,-
600590.SH,600590,泰豪科技,大盘股,工业,储能设备,其他储能设备,江西,15.84,主板,-,-,-,-,2002/7/3,无实际控制人,其他,β高股息低波动 适合防御,表现超预期,新基建,-,-,政策支持,高新技术产业,-,-
600592.SH,600592,龙溪股份,小盘股,工业,通用机械,动力机械,福建,20.24,主板,火山口 派出小部队勇吃鱼身,-,-,-,2002/8/5,漳州市人民政府国有资产监督管理委员会,地方国有企业,-,行情酝酿中,-,-,制造业(工业母机),行业成熟稳定,传统行业,耐用品,-
600593.SH,600593,大连圣亚,中盘股,可选消费,休闲服务,景点,辽宁,36.34,主板,-,-,-,-,2002/7/11,大连市人民政府国有资产监督管理委员会,地方国有企业,β高股息低波动 适合防御,行情酝酿中,-,实体经济,-,行业成熟稳定,传统行业,-,-
600594.SH,600594,益佰制药,大盘股,医药卫生,化学药,药品制剂,贵州,4.5,主板,-,-,-,高人气,2004/3/23,窦啟玲,民营企业,β高股息低波动 适合防御,表现超预期,大健康,-,-,行业成熟稳定,传统行业,消耗品,-
600595.SH,600595,中孚实业,大盘股,原材料,工业金属,铝,河南,8.85,主板,-,-,-,-,2002/6/26,Maxon Limited,外资,β高股息低波动 适合防御,表现超预期,-,军工高铁产业链,-,行业成熟稳定,传统行业,消耗品,-
600596.SH,600596,新安股份,中盘股,原材料,化学制品,有机硅,浙江,12.1,主板,-,-,-,-,2001/9/6,徐冠巨,民营企业,β高股息低波动 适合防御,行情酝酿中,-,-,化工,行业成熟稳定,传统行业,耐用品,-
600597.SH,600597,光明乳业,迷你盘,主要消费,食品,乳制品,上海,7.44,主板,火山口 派出小部队勇吃鱼身,连续多天小涨 龟壳战术吃鱼头,-,-,2002/8/28,上海市国有资产监督管理委员会,地方国有企业,-,行情酝酿中,大消费,-,-,行业成熟稳定,传统行业,消耗品,-
600598.SH,600598,北大荒,中盘股,主要消费,种植,农产品,黑龙江,16.15,主板,火山口 派出小部队勇吃鱼身,连续多天小涨 龟壳战术吃鱼头,-,-,2002/3/29,中华人民共和国农业农村部,中央企业,β高股息低波动 适合防御,行情酝酿中,-,-,粮食,行业成熟稳定,传统行业,消耗品,-
600599.SH,600599,*ST熊猫,迷你盘,可选消费,休闲设备与用品,休闲设备与用品,湖南,4.12,主板,-,-,-,-,2001/8/28,赵伟平,民营企业,-,表现超预期,-,-,化工,行业成熟稳定,传统行业,耐用品,-
600600.SH,600600,青岛啤酒,中盘股,主要消费,酒,啤酒,山东,61.95,主板,火山口 派出小部队勇吃鱼身,连续多天小涨 龟壳战术吃鱼头,-,-,1993/8/27,青岛市人民政府国有资产监督管理委员会,地方国有企业,β高股息低波动 适合防御,行情酝酿中,大消费,-,-,行业成熟稳定,传统行业,消耗品,-
600601.SH,600601,方正科技,大盘股,信息技术,电子元件,印制电路板,上海,10.68,主板,-,-,-,-,1990/12/19,珠海市人民政府国有资产监督管理委员会,地方国有企业,β高股息低波动 适合防御,行情酝酿中,新科技,-,-,政策支持,高新技术产业,-,-
600602.SH,600602,云赛智联,大盘股,通信服务,数据中心,数据中心,上海,24.08,主板,-,-,-,-,1990/12/19,上海市国有资产监督管理委员会,地方国有企业,β高股息低波动 适合防御,行情酝酿中,国产替代,-,-,政策支持,传统行业,-,-
600603.SH,600603,广汇物流,中盘股,房地产,房地产开发与园区,房地产开发,四川,7.1,主板,火山口 派出小部队勇吃鱼身,连续多天小涨 龟壳战术吃鱼头,-,-,1992/1/13,孙广信,民营企业,β高股息低波动 适合防御,行情酝酿中,-,-,-,行业成熟稳定,传统行业,耐用品,-
600604.SH,600604,市北高新,迷你盘,房地产,房地产开发与园区,园区,上海,4.88,主板,火山口 派出小部队勇吃鱼身,-,-,-,1992/3/27,上海市静安区国有资产监督管理委员会(上海市静安区集体资产监督管理委员会),地方国有企业,-,行情酝酿中,-,电子商务产业链,-,行业成熟稳定,传统行业,-,-
600605.SH,600605,汇通能源,中盘股,房地产,房地产管理与服务,房地产服务,上海,30.84,主板,-,-,有涨停 火山口战法吃鱼身,高人气,1992/3/27,黄颖,民营企业,β高股息低波动 适合防御,表现超预期,-,房地产产业链,-,行业成熟稳定,传统行业,耐用品,-
600606.SH,600606,绿地控股,小盘股,房地产,房地产开发与园区,房地产开发,上海,1.48,主板,-,-,-,-,1992/3/27,无实际控制人,其他,-,表现超预期,-,房地产产业链,-,行业成熟稳定,传统行业,耐用品,-
600608.SH,600608,*ST沪科,迷你盘,工业,商业服务与用品,贸易商,上海,2.3,主板,-,-,-,-,1992/3/27,云南省昆明市人民政府国有资产监督管理委员会,地方国有企业,-,表现超预期,-,实体经济,-,行业成熟稳定,传统行业,-,-
600609.SH,600609,金杯汽车,迷你盘,可选消费,汽车零部件与轮胎,汽车内饰与外饰,辽宁,4.09,主板,-,-,-,-,1992/7/24,辽宁省沈阳市人民政府国有资产监督管理委员会,地方国有企业,-,行情酝酿中,-,智能汽车产业链,-,政策支持,传统行业,消耗品,-
600610.SH,600610,中毅达,小盘股,原材料,化学制品,其他化学制品,贵州,9.19,主板,火山口 派出小部队勇吃鱼身,-,-,-,1992/8/5,信达证券股份有限公司,中央企业,-,行情酝酿中,-,-,化工,行业成熟稳定,传统行业,耐用品,-
600611.SH,600611,大众交通,小盘股,工业,运输业,公路运输,上海,4.72,主板,火山口 派出小部队勇吃鱼身,-,-,-,1992/8/7,上海大众职工持股会,其他,-,行情酝酿中,-,-,交通,行业成熟稳定,传统行业,-,-
600612.SH,600612,老凤祥,迷你盘,可选消费,珠宝与奢侈品,珠宝与奢侈品,上海,41.57,主板,火山口 派出小部队勇吃鱼身,连续多天小涨 龟壳战术吃鱼头,-,-,1992/8/14,上海市黄浦区国有资产监督管理委员会(上海市黄浦区集体资产监督管理委员会),地方国有企业,-,行情酝酿中,大消费,-,-,行业成熟稳定,传统行业,耐用品,-
600613.SH,600613,神奇制药,小盘股,医药卫生,化学药,药品制剂,上海,5.96,主板,-,-,-,-,1992/8/20,文邦英,民营企业,-,行情酝酿中,大健康,-,-,行业成熟稳定,传统行业,消耗品,-
600615.SH,600615,鑫源智造,迷你盘,原材料,其他有色金属及合金,其他有色金属及合金,重庆,11.44,主板,-,-,-,-,1992/9/10,龚大兴,民营企业,-,行情酝酿中,-,军工高铁产业链,-,行业成熟稳定,传统行业,消耗品,-
600616.SH,600616,金枫酒业,迷你盘,主要消费,酒,黄酒,上海,5.01,主板,火山口 派出小部队勇吃鱼身,-,-,-,1992/9/29,上海市国有资产监督管理委员会,地方国有企业,-,行情酝酿中,大消费,-,-,行业成熟稳定,传统行业,消耗品,-
600617.SH,600617,国新能源,小盘股,公用事业,燃气,燃气,山西,3.19,主板,-,-,-,-,1992/10/13,山西省人民政府国有资产监督管理委员会,地方国有企业,-,行情酝酿中,-,-,民生,行业成熟稳定,传统行业,消耗品,-
600618.SH,600618,氯碱化工,小盘股,原材料,化学原料,氯碱,上海,12.71,主板,火山口 派出小部队勇吃鱼身,连续多天小涨 龟壳战术吃鱼头,-,-,1992/11/13,上海市国有资产监督管理委员会,地方国有企业,-,行情酝酿中,-,-,化工,行业成熟稳定,传统行业,耐用品,-
600619.SH,600619,海立股份,大盘股,可选消费,家用电器,家电零部件及其他,上海,17.82,主板,-,-,-,-,1992/11/16,上海市国有资产监督管理委员会,地方国有企业,β高股息低波动 适合防御,表现超预期,大消费,-,-,行业成熟稳定,传统行业,耐用品,-
600620.SH,600620,天宸股份,迷你盘,房地产,房地产开发与园区,房地产开发,上海,6.04,主板,-,-,-,-,1992/11/17,叶茂菁,外资,-,行情酝酿中,-,实体经济,-,行业成熟稳定,传统行业,-,-
600621.SH,600621,华鑫股份,小盘股,金融,证券公司,证券公司,上海,14.18,主板,火山口 派出小部队勇吃鱼身,连续多天小涨 龟壳战术吃鱼头,-,-,1992/12/2,上海市国有资产监督管理委员会,地方国有企业,-,行情酝酿中,大金融,-,-,行业成熟稳定,传统行业,-,-
600622.SH,600622,光大嘉宝,迷你盘,房地产,房地产开发与园区,房地产开发,上海,2.61,主板,-,-,-,-,1992/12/3,中央汇金投资有限责任公司,中央企业,-,行情酝酿中,-,-,-,行业成熟稳定,传统行业,耐用品,-
600623.SH,600623,华谊集团,中盘股,原材料,化学制品,其他化学制品,上海,10,主板,火山口 派出小部队勇吃鱼身,连续多天小涨 龟壳战术吃鱼头,-,-,1992/12/4,上海市国有资产监督管理委员会,地方国有企业,β高股息低波动 适合防御,行情酝酿中,-,-,化工,行业成熟稳定,传统行业,耐用品,-
600624.SH,600624,ST复华,迷你盘,医药卫生,化学药,药品制剂,上海,4.55,主板,火山口 派出小部队勇吃鱼身,-,-,-,1993/1/5,上海市奉贤区人民政府国有资产监督管理委员会,地方国有企业,-,行情酝酿中,大健康,-,-,政策支持,高新技术产业,消耗品,-
600626.SH,600626,申达股份,迷你盘,可选消费,汽车零部件与轮胎,汽车内饰与外饰,上海,3.9,主板,-,-,-,-,1993/1/7,上海市国有资产监督管理委员会,地方国有企业,-,行情酝酿中,-,智能汽车产业链,-,政策支持,传统行业,消耗品,-
600628.SH,600628,新世界,小盘股,医药卫生,医疗商业与服务,医药商业,上海,7.15,主板,火山口 派出小部队勇吃鱼身,连续多天小涨 龟壳战术吃鱼头,-,-,1993/1/19,上海市黄浦区国有资产监督管理委员会(上海市黄浦区集体资产监督管理委员会),地方国有企业,-,行情酝酿中,-,实体经济,-,行业成熟稳定,传统行业,-,-
600629.SH,600629,华建集团,大盘股,工业,建筑与工程,建筑设计及服务,上海,21.33,主板,-,-,-,-,1993/2/9,上海市国有资产监督管理委员会,地方国有企业,β高股息低波动 适合防御,表现超预期,-,房地产产业链,-,行业成熟稳定,传统行业,耐用品,-
600630.SH,600630,龙头股份,迷你盘,可选消费,纺织服装,服装,上海,7.98,主板,火山口 派出小部队勇吃鱼身,-,-,-,1993/2/9,上海市国有资产监督管理委员会,地方国有企业,-,行情酝酿中,大消费,-,-,行业成熟稳定,传统行业,耐用品,-
600633.SH,600633,浙数文化,中盘股,通信服务,文化娱乐,游戏,浙江,12.97,主板,-,-,-,-,1993/3/4,浙江日报报业集团(浙江日报社),地方国有企业,β高股息低波动 适合防御,行情酝酿中,国产替代,电子商务产业链,-,政策支持,传统行业,-,-
600635.SH,600635,大众公用,中盘股,公用事业,燃气,燃气,上海,5.38,主板,火山口 派出小部队勇吃鱼身,-,-,-,1993/3/4,上海大众职工持股会,其他,β高股息低波动 适合防御,行情酝酿中,-,-,民生,行业成熟稳定,传统行业,消耗品,-
600636.SH,600636,*ST国化,小盘股,信息技术,信息技术服务,系统集成服务,上海,6.09,主板,-,-,-,-,1993/3/16,国务院国有资产监督管理委员会,中央企业,-,行情酝酿中,-,-,文化体育,行业成熟稳定,传统行业,-,-
600637.SH,600637,东方明珠,大盘股,通信服务,文化娱乐,广播与电视,上海,10,主板,火山口 派出小部队勇吃鱼身,-,-,-,1993/3/16,上海市国有资产监督管理委员会,地方国有企业,β高股息低波动 适合防御,行情酝酿中,-,-,文化体育,行业成熟稳定,传统行业,-,-
600638.SH,600638,新黄浦,迷你盘,房地产,房地产开发与园区,房地产开发,上海,5.95,主板,火山口 派出小部队勇吃鱼身,-,-,-,1993/3/26,北京国际信托有限公司,地方国有企业,-,行情酝酿中,-,-,-,行业成熟稳定,传统行业,耐用品,-
600639.SH,600639,浦东金桥,小盘股,房地产,房地产开发与园区,园区,上海,11.16,主板,-,-,-,-,1993/3/26,上海市浦东新区国有资产监督管理委员会,地方国有企业,-,表现超预期,-,电子商务产业链,-,行业成熟稳定,传统行业,-,-
600640.SH,600640,国脉文化,迷你盘,通信服务,营销与广告,数字营销,上海,12.06,主板,火山口 派出小部队勇吃鱼身,-,-,-,1993/4/7,国务院国有资产监督管理委员会,中央企业,-,行情酝酿中,-,-,文化体育,行业成熟稳定,传统行业,-,-
600641.SH,600641,先导基电,大盘股,房地产,房地产开发与园区,房地产开发,上海,24.29,主板,-,-,有涨停 火山口战法吃鱼身,-,1993/4/7,朱世会,民营企业,β高股息低波动 适合防御,表现超预期,新科技,-,-,政策支持,高新技术产业,-,-
600642.SH,600642,申能股份,中盘股,公用事业,电力及电网,火电,上海,9.16,主板,火山口 派出小部队勇吃鱼身,连续多天小涨 龟壳战术吃鱼头,-,-,1993/4/16,上海市国有资产监督管理委员会,地方国有企业,β高股息低波动 适合防御,行情酝酿中,-,特高压电力产业链,-,行业成熟稳定,传统行业,-,-
600643.SH,600643,爱建集团,中盘股,金融,其他金融服务,其他综合性金融服务,上海,5.04,主板,-,-,-,-,1993/4/26,王均金,民营企业,β高股息低波动 适合防御,表现超预期,大金融,-,-,行业成熟稳定,传统行业,-,-
600644.SH,600644,乐山电力,中盘股,公用事业,电力及电网,水电,四川,11.41,主板,火山口 派出小部队勇吃鱼身,连续多天小涨 龟壳战术吃鱼头,-,-,1993/4/26,无实际控制人,其他,β高股息低波动 适合防御,行情酝酿中,-,特高压电力产业链,-,行业成熟稳定,传统行业,-,-
600645.SH,600645,中源协和,中盘股,医药卫生,医疗器械,体外诊断,天津,28.32,主板,-,-,-,-,1993/5/4,陈春梅,民营企业,β高股息低波动 适合防御,行情酝酿中,大健康,-,-,行业成熟稳定,传统行业,消耗品,-
600648.SH,600648,外高桥,迷你盘,房地产,房地产开发与园区,园区,上海,10.69,主板,火山口 派出小部队勇吃鱼身,连续多天小涨 龟壳战术吃鱼头,-,-,1993/5/4,上海市浦东新区国有资产监督管理委员会,地方国有企业,-,行情酝酿中,-,电子商务产业链,-,行业成熟稳定,传统行业,-,-
600649.SH,600649,城投控股,中盘股,房地产,房地产开发与园区,房地产开发,上海,4.42,主板,火山口 派出小部队勇吃鱼身,-,-,-,1993/5/18,上海市国有资产监督管理委员会,地方国有企业,β高股息低波动 适合防御,行情酝酿中,-,-,-,行业成熟稳定,传统行业,耐用品,-
600650.SH,600650,锦江在线,迷你盘,工业,运输业,公路运输,上海,12.8,主板,火山口 派出小部队勇吃鱼身,连续多天小涨 龟壳战术吃鱼头,-,-,1993/6/7,上海市国有资产监督管理委员会,地方国有企业,-,行情酝酿中,-,-,交通,行业成熟稳定,传统行业,-,-
600651.SH,600651,飞乐音响,小盘股,可选消费,汽车零部件与轮胎,汽车内饰与外饰,上海,6.85,主板,-,-,-,-,1990/12/19,上海市国有资产监督管理委员会,地方国有企业,-,行情酝酿中,-,智能汽车产业链,制造业(工业母机),行业成熟稳定,传统行业,耐用品,-
600653.SH,600653,申华控股,迷你盘,可选消费,汽车经销商与汽车服务,汽车经销商,辽宁,1.75,主板,-,-,-,-,1990/12/19,辽宁省沈阳市人民政府国有资产监督管理委员会,地方国有企业,-,行情酝酿中,-,智能汽车产业链,-,政策支持,传统行业,-,-
600654.SH,600654,中安科,大盘股,工业,商业服务与用品,其他商业服务与用品,湖北,4.47,主板,-,-,有涨停 火山口战法吃鱼身,-,1990/12/19,涂国身,民营企业,β高股息低波动 适合防御,表现超预期,-,电子商务产业链,-,政策支持,传统行业,-,-
600655.SH,600655,豫园股份,中盘股,可选消费,珠宝与奢侈品,珠宝与奢侈品,上海,5.13,主板,-,-,-,-,1992/9/2,郭广昌,民营企业,β高股息低波动 适合防御,表现超预期,-,实体经济,-,行业成熟稳定,传统行业,-,-
600657.SH,600657,信达地产,小盘股,房地产,房地产开发与园区,房地产开发,北京,3.12,主板,火山口 派出小部队勇吃鱼身,-,-,-,1993/5/24,中央汇金投资有限责任公司,中央企业,-,行情酝酿中,-,房地产产业链,-,行业成熟稳定,传统行业,耐用品,-
600658.SH,600658,电子城,中盘股,房地产,房地产开发与园区,园区,北京,5.07,主板,-,-,-,-,1993/5/24,北京市人民政府国有资产监督管理委员会,地方国有企业,β高股息低波动 适合防御,表现超预期,-,电子商务产业链,-,行业成熟稳定,传统行业,-,-
600660.SH,600660,福耀玻璃,大盘股,可选消费,汽车零部件与轮胎,汽车内饰与外饰,福建,58.79,主板,火山口 派出小部队勇吃鱼身,连续多天小涨 龟壳战术吃鱼头,-,-,1993/6/10,曹德旺,外资,β高股息低波动 适合防御,行情酝酿中,-,智能汽车产业链,-,政策支持,传统行业,消耗品,-
600661.SH,600661,昂立教育,迷你盘,可选消费,教育服务,学历教育,上海,9.72,主板,火山口 派出小部队勇吃鱼身,-,-,-,1993/6/14,周传有,民营企业,-,行情酝酿中,-,-,文化体育,行业成熟稳定,传统行业,-,-
600662.SH,600662,外服控股,迷你盘,工业,商业服务与用品,其他商业服务与用品,上海,5.1,主板,火山口 派出小部队勇吃鱼身,-,-,-,1993/6/14,东浩兰生(集团)有限公司,地方国有企业,-,行情酝酿中,-,-,文化体育,行业成熟稳定,传统行业,-,-
600663.SH,600663,陆家嘴,小盘股,房地产,房地产开发与园区,房地产开发,上海,7.95,主板,火山口 派出小部队勇吃鱼身,连续多天小涨 龟壳战术吃鱼头,-,-,1993/6/28,上海市浦东新区国有资产监督管理委员会,地方国有企业,-,行情酝酿中,-,电子商务产业链,-,行业成熟稳定,传统行业,-,-
600664.SH,600664,哈药股份,大盘股,医药卫生,化学药,药品制剂,黑龙江,4.17,主板,-,-,有涨停 火山口战法吃鱼身,高人气,1993/6/29,无实际控制人,其他,β高股息低波动 适合防御,表现超预期,大健康,-,-,政策支持,高新技术产业,消耗品,-
600665.SH,600665,天地源,迷你盘,房地产,房地产开发与园区,房地产开发,陕西,3.23,主板,火山口 派出小部队勇吃鱼身,-,-,-,1993/7/9,西安高新技术产业开发区管理委员会,地方国有企业,-,行情酝酿中,-,房地产产业链,-,行业成熟稳定,传统行业,耐用品,-
600666.SH,600666,奥瑞德,大盘股,信息技术,电子化学品,电子化学品,黑龙江,7.09,主板,-,-,-,高人气,1993/7/12,无实际控制人,其他,β高股息低波动 适合防御,表现超预期,新科技,-,-,政策支持,高新技术产业,-,-
600667.SH,600667,太极实业,大盘股,工业,建筑与工程,专业工程,江苏,9.95,主板,-,-,-,-,1993/7/28,无锡市人民政府国有资产监督管理委员会,地方国有企业,β高股息低波动 适合防御,表现超预期,新科技,-,-,政策支持,高新技术产业,-,-
600668.SH,600668,尖峰集团,小盘股,原材料,建筑材料,水泥与混凝土,浙江,11.51,主板,-,-,-,-,1993/7/28,金华市人民政府国有资产监督管理委员会,地方国有企业,-,行情酝酿中,-,房地产产业链,-,行业成熟稳定,传统行业,耐用品,-
600671.SH,600671,天目药业,迷你盘,医药卫生,中药,中成药,浙江,19.48,主板,-,-,-,-,1993/8/23,青岛市崂山区财政局,地方国有企业,-,行情酝酿中,大健康,-,-,行业成熟稳定,传统行业,消耗品,-
600673.SH,600673,东阳光,大盘股,原材料,工业金属,铝,广东,35.05,主板,-,-,-,-,1993/9/17,张寓帅,民营企业,β高股息低波动 适合防御,表现超预期,-,实体经济,-,行业成熟稳定,传统行业,-,-
600674.SH,600674,川投能源,中盘股,公用事业,电力及电网,水电,四川,14.52,主板,火山口 派出小部队勇吃鱼身,连续多天小涨 龟壳战术吃鱼头,-,-,1993/9/24,四川省政府国有资产监督管理委员会,地方国有企业,β高股息低波动 适合防御,行情酝酿中,-,特高压电力产业链,-,行业成熟稳定,传统行业,-,-
600675.SH,600675,中华企业,小盘股,房地产,房地产开发与园区,房地产开发,上海,2.67,主板,火山口 派出小部队勇吃鱼身,-,-,-,1993/9/24,上海市国有资产监督管理委员会,地方国有企业,-,行情酝酿中,-,-,-,行业成熟稳定,传统行业,耐用品,-
600676.SH,600676,交运股份,中盘股,工业,运输业,公路运输,上海,7.95,主板,-,-,-,-,1993/9/28,上海市国有资产监督管理委员会,地方国有企业,β高股息低波动 适合防御,表现超预期,-,智能汽车产业链,-,政策支持,传统行业,消耗品,-
600678.SH,600678,四川金顶,小盘股,原材料,建筑材料,水泥与混凝土,四川,10.47,主板,火山口 派出小部队勇吃鱼身,-,-,-,1993/10/8,洛阳市人民政府办公室,地方国有企业,-,行情酝酿中,-,房地产产业链,-,行业成熟稳定,传统行业,耐用品,-
600679.SH,600679,上海凤凰,迷你盘,可选消费,休闲设备与用品,休闲设备与用品,上海,11.4,主板,-,-,-,-,1993/10/8,上海市国有资产监督管理委员会,地方国有企业,-,行情酝酿中,-,-,文化体育,行业成熟稳定,传统行业,-,-
600681.SH,600681,百川能源,小盘股,公用事业,燃气,燃气,湖北,3.98,主板,-,-,-,-,1993/10/18,王东海,民营企业,-,行情酝酿中,-,-,民生,行业成熟稳定,传统行业,消耗品,-
600682.SH,600682,南京新百,小盘股,医药卫生,生物药品,其他生物药品,江苏,7.07,主板,-,-,-,-,1993/10/18,袁亚非,民营企业,-,行情酝酿中,大健康,-,-,政策支持,高新技术产业,消耗品,-
600683.SH,600683,京投发展,中盘股,房地产,房地产开发与园区,房地产开发,北京,11.99,主板,-,-,有涨停 火山口战法吃鱼身,高人气,1993/10/25,北京市人民政府国有资产监督管理委员会,地方国有企业,β高股息低波动 适合防御,表现超预期,-,-,-,行业成熟稳定,传统行业,耐用品,-
600684.SH,600684,珠江股份,小盘股,房地产,房地产管理与服务,房地产管理,广东,4.61,主板,火山口 派出小部队勇吃鱼身,-,-,-,1993/10/28,广州市人民政府国有资产监督管理委员会,地方国有企业,-,行情酝酿中,-,-,-,行业成熟稳定,传统行业,耐用品,-
600685.SH,600685,中船防务,大盘股,工业,交通运输设备,船舶及其他航运设备,广东,29.63,主板,火山口 派出小部队勇吃鱼身,连续多天小涨 龟壳战术吃鱼头,-,-,1993/10/28,国务院国有资产监督管理委员会,中央企业,β高股息低波动 适合防御,行情酝酿中,-,军工高铁产业链,-,政策支持,传统行业,-,-
600686.SH,600686,金龙汽车,中盘股,工业,交通运输设备,商用车,福建,16.05,主板,火山口 派出小部队勇吃鱼身,连续多天小涨 龟壳战术吃鱼头,-,-,1993/11/8,福建省人民政府国有资产监督管理委员会,地方国有企业,β高股息低波动 适合防御,行情酝酿中,-,智能汽车产业链,-,政策支持,传统行业,耐用品,-
600688.SH,600688,上海石化,小盘股,能源,石油与天然气,燃油炼制,上海,2.82,主板,-,-,-,-,1993/11/8,国务院国有资产监督管理委员会,中央企业,-,行情酝酿中,-,-,能源,行业成熟稳定,传统行业,消耗品,-
600689.SH,600689,上海三毛,迷你盘,工业,商业服务与用品,贸易商,上海,13.75,主板,-,-,-,-,1993/11/8,重庆市国有资产监督管理委员会,地方国有企业,-,表现超预期,-,实体经济,-,行业成熟稳定,传统行业,-,-
600690.SH,600690,海尔智家,大盘股,可选消费,家用电器,白色家电,山东,20.85,主板,火山口 派出小部队勇吃鱼身,连续多天小涨 龟壳战术吃鱼头,-,-,1993/11/19,海尔集团公司,集体企业,β高股息低波动 适合防御,行情酝酿中,大消费,-,-,行业成熟稳定,传统行业,耐用品,-
600691.SH,600691,潞化科技,中盘股,原材料,农用化工,氮肥,山西,3.11,主板,-,-,-,-,1993/11/19,山西省人民政府国有资产监督管理委员会,地方国有企业,β高股息低波动 适合防御,行情酝酿中,-,-,粮食,行业成熟稳定,传统行业,消耗品,-
600692.SH,600692,亚通股份,小盘股,房地产,房地产开发与园区,房地产开发,上海,7.36,主板,-,-,-,-,1993/11/19,上海市崇明区人民政府国有资产监督管理委员会,地方国有企业,-,行情酝酿中,-,-,-,行业成熟稳定,传统行业,耐用品,-
600693.SH,600693,东百集团,大盘股,可选消费,一般零售,百货商店,福建,11.91,主板,火山口 派出小部队勇吃鱼身,连续多天小涨 龟壳战术吃鱼头,-,-,1993/11/22,施文义,外资,β高股息低波动 适合防御,行情酝酿中,-,实体经济,-,行业成熟稳定,传统行业,-,-
600694.SH,600694,大商股份,迷你盘,可选消费,一般零售,百货商店,辽宁,16.98,主板,火山口 派出小部队勇吃鱼身,连续多天小涨 龟壳战术吃鱼头,-,-,1993/11/22,牛钢,民营企业,-,行情酝酿中,-,实体经济,-,行业成熟稳定,传统行业,-,-
600696.SH,600696,*ST岩石,迷你盘,主要消费,酒,白酒,上海,1.08,主板,-,-,-,-,1993/12/6,韩啸,民营企业,-,表现超预期,大消费,-,-,行业成熟稳定,传统行业,消耗品,-
600697.SH,600697,欧亚集团,迷你盘,可选消费,一般零售,百货商店,吉林,11.75,主板,火山口 派出小部队勇吃鱼身,-,-,-,1993/12/6,长春市人民政府国有资产监督管理委员会,地方国有企业,-,行情酝酿中,-,实体经济,-,行业成熟稳定,传统行业,-,-
600698.SH,600698,湖南天雁,小盘股,可选消费,汽车零部件与轮胎,汽车系统部件,湖南,7.26,主板,-,-,-,-,1993/12/6,国务院国有资产监督管理委员会,中央企业,-,行情酝酿中,-,智能汽车产业链,-,政策支持,传统行业,消耗品,-
600699.SH,600699,均胜电子,大盘股,可选消费,汽车零部件与轮胎,汽车电子,浙江,26.5,主板,-,-,-,-,1993/12/6,王剑峰,民营企业,β高股息低波动 适合防御,行情酝酿中,-,智能汽车产业链,-,政策支持,传统行业,消耗品,-
600702.SH,600702,舍得酒业,中盘股,主要消费,酒,白酒,四川,45.96,主板,火山口 派出小部队勇吃鱼身,-,-,-,1996/5/24,郭广昌,民营企业,β高股息低波动 适合防御,行情酝酿中,大消费,-,-,行业成熟稳定,传统行业,消耗品,-
600703.SH,600703,三安光电,大盘股,信息技术,光学光电子,LED,湖北,13.34,主板,-,-,-,-,1996/5/28,林秀成,民营企业,β高股息低波动 适合防御,表现超预期,新科技,-,-,政策支持,高新技术产业,-,-
600704.SH,600704,物产中大,中盘股,工业,运输业,物流综合,浙江,5.25,主板,火山口 派出小部队勇吃鱼身,连续多天小涨 龟壳战术吃鱼头,-,-,1996/6/6,浙江省人民政府国有资产监督管理委员会,地方国有企业,β高股息低波动 适合防御,行情酝酿中,-,电子商务产业链,-,政策支持,传统行业,-,-
600706.SH,600706,曲江文旅,小盘股,可选消费,休闲服务,景点,陕西,9.51,主板,火山口 派出小部队勇吃鱼身,-,-,-,1996/5/16,西安曲江新区管理委员会,地方国有企业,-,行情酝酿中,-,实体经济,-,行业成熟稳定,传统行业,-,-
600707.SH,600707,彩虹股份,大盘股,信息技术,光学光电子,面板,陕西,7.79,主板,-,-,有涨停 火山口战法吃鱼身,-,1996/5/20,咸阳市国有资产监督管理委员会,地方国有企业,β高股息低波动 适合防御,表现超预期,新科技,-,-,政策支持,高新技术产业,-,-
600708.SH,600708,光明地产,小盘股,房地产,房地产开发与园区,房地产开发,上海,3.29,主板,-,-,-,-,1996/6/6,上海市国有资产监督管理委员会,地方国有企业,-,行情酝酿中,-,房地产产业链,-,行业成熟稳定,传统行业,耐用品,-
600710.SH,600710,苏美达,中盘股,工业,商业服务与用品,贸易商,江苏,12.86,主板,-,-,-,-,1996/7/1,中国机械工业集团有限公司,中央企业,β高股息低波动 适合防御,行情酝酿中,-,实体经济,-,行业成熟稳定,传统行业,-,-
600711.SH,600711,盛屯矿业,大盘股,原材料,工业金属,铜,福建,14.54,主板,火山口 派出小部队勇吃鱼身,连续多天小涨 龟壳战术吃鱼头,-,-,1996/5/31,姚雄杰,民营企业,β高股息低波动 适合防御,行情酝酿中,新能源,-,-,行业成熟稳定,传统行业,消耗品,-
600712.SH,600712,南宁百货,迷你盘,可选消费,一般零售,百货商店,广西,5.97,主板,-,-,-,-,1996/6/26,广西壮族自治区南宁市人民政府国有资产监督管理委员会,地方国有企业,-,行情酝酿中,-,实体经济,-,行业成熟稳定,传统行业,-,-
600713.SH,600713,南京医药,中盘股,医药卫生,医疗商业与服务,医药商业,江苏,5.99,主板,-,-,-,-,1996/7/1,南京市人民政府国有资产监督管理委员会,地方国有企业,β高股息低波动 适合防御,表现超预期,-,实体经济,-,政策支持,传统行业,消耗品,-
600714.SH,600714,金瑞矿业,大盘股,原材料,其他有色金属及合金,其他有色金属及合金,青海,18.08,主板,-,-,-,-,1996/6/6,国家电力投资集团有限公司,中央企业,β高股息低波动 适合防御,表现超预期,-,-,化工,行业成熟稳定,传统行业,耐用品,-
600715.SH,600715,文投控股,小盘股,通信服务,文化娱乐,游戏,北京,2.02,主板,火山口 派出小部队勇吃鱼身,连续多天小涨 龟壳战术吃鱼头,-,-,1996/7/1,首都文化科技集团有限公司,地方国有企业,-,行情酝酿中,-,-,文化体育,行业成熟稳定,传统行业,-,-
600716.SH,600716,凤凰股份,迷你盘,房地产,房地产开发与园区,房地产开发,江苏,4.19,主板,-,-,-,-,1996/7/2,江苏省人民政府,地方国有企业,-,行情酝酿中,-,-,-,行业成熟稳定,传统行业,耐用品,-
600717.SH,600717,天津港,小盘股,工业,交通基本设施,港口,天津,4.47,主板,火山口 派出小部队勇吃鱼身,连续多天小涨 龟壳战术吃鱼头,-,-,1996/6/14,天津市人民政府国有资产监督管理委员会,地方国有企业,-,行情酝酿中,-,-,交通,行业成熟稳定,传统行业,-,-
600718.SH,600718,东软集团,小盘股,信息技术,软件开发,行业应用软件,辽宁,9.01,主板,火山口 派出小部队勇吃鱼身,-,-,-,1996/6/18,无实际控制人,其他,-,行情酝酿中,国产替代,-,-,政策支持,传统行业,-,-
600719.SH,600719,大连热电,中盘股,公用事业,供热及其他,供热及其他,辽宁,7.38,主板,-,-,有涨停 火山口战法吃鱼身,高人气,1996/7/16,大连市人民政府国有资产监督管理委员会,地方国有企业,β高股息低波动 适合防御,表现超预期,-,-,民生,行业成熟稳定,传统行业,消耗品,-
600720.SH,600720,中交设计,迷你盘,工业,建筑与工程,建筑设计及服务,甘肃,6.92,主板,-,-,-,-,1996/7/16,中国交通建设集团有限公司,中央企业,-,行情酝酿中,-,房地产产业链,-,行业成熟稳定,传统行业,耐用品,-
600721.SH,600721,百花医药,中盘股,医药卫生,制药与生物科技服务,制药与生物科技服务,新疆,8.92,主板,-,-,-,-,1996/6/26,米在齐,民营企业,β高股息低波动 适合防御,行情酝酿中,大健康,-,-,政策支持,高新技术产业,消耗品,-
600722.SH,600722,金牛化工,大盘股,原材料,化学原料,其他化学原料,河北,13.5,主板,-,-,-,-,1996/6/26,河北省人民政府国有资产监督管理委员会,地方国有企业,β高股息低波动 适合防御,行情酝酿中,-,-,化工,行业成熟稳定,传统行业,耐用品,-
600724.SH,600724,宁波富达,小盘股,原材料,建筑材料,水泥与混凝土,浙江,6.93,主板,火山口 派出小部队勇吃鱼身,连续多天小涨 龟壳战术吃鱼头,-,-,1996/7/16,宁波市人民政府国有资产监督管理委员会,地方国有企业,-,行情酝酿中,-,实体经济,-,行业成熟稳定,传统行业,-,-
600725.SH,600725,云维股份,小盘股,工业,商业服务与用品,贸易商,云南,4.1,主板,-,-,-,-,1996/7/2,云南省人民政府国有资产监督管理委员会,地方国有企业,-,行情酝酿中,-,实体经济,-,行业成熟稳定,传统行业,-,-
600726.SH,600726,华电能源,大盘股,能源,煤炭,煤炭,黑龙江,4.49,主板,-,-,-,-,1996/7/1,国务院国有资产监督管理委员会,中央企业,β高股息低波动 适合防御,行情酝酿中,-,特高压电力产业链,-,行业成熟稳定,传统行业,-,-
600727.SH,600727,鲁北化工,大盘股,原材料,化学原料,钛白粉,山东,7.69,主板,-,-,有涨停 火山口战法吃鱼身,-,1996/7/2,无棣县财政局,地方国有企业,β高股息低波动 适合防御,表现超预期,-,-,化工,行业成熟稳定,传统行业,耐用品,-
600728.SH,600728,佳都科技,中盘股,信息技术,信息技术服务,系统集成服务,广东,5.63,主板,火山口 派出小部队勇吃鱼身,-,-,-,1996/7/16,刘伟,外资,β高股息低波动 适合防御,行情酝酿中,国产替代,-,-,政策支持,传统行业,-,-
600729.SH,600729,重庆百货,迷你盘,可选消费,一般零售,超市与便利店,重庆,22.32,主板,火山口 派出小部队勇吃鱼身,连续多天小涨 龟壳战术吃鱼头,-,-,1996/7/2,无实际控制人,其他,-,行情酝酿中,-,实体经济,-,行业成熟稳定,传统行业,-,-
600730.SH,600730,中国高科,中盘股,可选消费,教育服务,培训教育及其他,北京,8.6,主板,-,-,-,-,1996/7/26,东阳市人民政府国有资产监督管理办公室,地方国有企业,β高股息低波动 适合防御,行情酝酿中,-,-,文化体育,行业成熟稳定,传统行业,-,-
600731.SH,600731,湖南海利,小盘股,原材料,农用化工,农药,湖南,6.76,主板,-,-,-,-,1996/8/2,湖南省人民政府国有资产监督管理委员会,地方国有企业,-,行情酝酿中,-,-,粮食,行业成熟稳定,传统行业,消耗品,-
600732.SH,600732,爱旭股份,大盘股,工业,发电设备,光伏设备,上海,15.98,主板,-,-,-,-,1996/8/16,陈刚,民营企业,β高股息低波动 适合防御,表现超预期,新科技,特高压电力产业链,-,政策支持,高新技术产业,耐用品,-
600733.SH,600733,北汽蓝谷,大盘股,可选消费,乘用车,乘用车,北京,7.22,主板,火山口 派出小部队勇吃鱼身,-,-,-,1996/8/16,北京市人民政府国有资产监督管理委员会,地方国有企业,β高股息低波动 适合防御,行情酝酿中,-,智能汽车产业链,-,政策支持,传统行业,耐用品,-
600734.SH,600734,实达集团,小盘股,信息技术,信息技术服务,其他IT与互联网服务,福建,3.41,主板,-,-,-,-,1996/8/8,福建省人民政府国有资产监督管理委员会,地方国有企业,-,行情酝酿中,国产替代,-,-,政策支持,传统行业,-,-
600736.SH,600736,苏州高新,小盘股,房地产,房地产开发与园区,房地产开发,江苏,6.29,主板,火山口 派出小部队勇吃鱼身,-,-,-,1996/8/15,苏州国家高新技术产业开发区管理委员会(苏州市虎丘区人民政府),地方国有企业,-,行情酝酿中,-,电子商务产业链,-,行业成熟稳定,传统行业,-,-
600737.SH,600737,中粮糖业,中盘股,主要消费,食品,调味品与食用油,新疆,14.61,主板,-,-,-,-,1996/7/31,国务院国有资产监督管理委员会,中央企业,β高股息低波动 适合防御,行情酝酿中,大消费,-,-,行业成熟稳定,传统行业,消耗品,-
600738.SH,600738,丽尚国潮,迷你盘,工业,商业服务与用品,市场服务,甘肃,4.84,主板,火山口 派出小部队勇吃鱼身,-,-,-,1996/8/2,丽水经济技术开发区管理委员会,地方国有企业,-,行情酝酿中,-,实体经济,-,行业成熟稳定,传统行业,-,-
600739.SH,600739,辽宁成大,小盘股,医药卫生,生物药品,疫苗,辽宁,11.67,主板,火山口 派出小部队勇吃鱼身,连续多天小涨 龟壳战术吃鱼头,-,-,1996/8/19,无实际控制人,其他,-,表现超预期,大健康,-,-,政策支持,高新技术产业,消耗品,-
600740.SH,600740,山西焦化,中盘股,能源,煤炭,焦炭,山西,4.15,主板,-,-,-,-,1996/8/8,山西省人民政府国有资产监督管理委员会,地方国有企业,β高股息低波动 适合防御,行情酝酿中,-,-,能源,行业成熟稳定,传统行业,消耗品,-
600741.SH,600741,华域汽车,中盘股,可选消费,汽车零部件与轮胎,汽车内饰与外饰,上海,20.43,主板,火山口 派出小部队勇吃鱼身,连续多天小涨 龟壳战术吃鱼头,-,-,1996/8/26,上海市国有资产监督管理委员会,地方国有企业,β高股息低波动 适合防御,行情酝酿中,-,智能汽车产业链,-,政策支持,传统行业,消耗品,-
600742.SH,600742,富维股份,小盘股,可选消费,汽车零部件与轮胎,汽车内饰与外饰,吉林,10.44,主板,火山口 派出小部队勇吃鱼身,连续多天小涨 龟壳战术吃鱼头,-,-,1996/8/26,吉林省人民政府国有资产监督管理委员会,地方国有企业,-,行情酝酿中,-,智能汽车产业链,-,政策支持,传统行业,消耗品,-
600743.SH,600743,华远控股,大盘股,可选消费,休闲服务,酒店,北京,2.69,主板,-,-,有涨停 火山口战法吃鱼身,-,1996/9/9,北京市西城区人民政府国有资产监督管理委员会,地方国有企业,β高股息低波动 适合防御,表现超预期,-,-,-,行业成熟稳定,传统行业,耐用品,-
600744.SH,600744,华银电力,大盘股,公用事业,电力及电网,火电,湖南,7.5,主板,火山口 派出小部队勇吃鱼身,连续多天小涨 龟壳战术吃鱼头,-,-,1996/9/5,国务院国有资产监督管理委员会,中央企业,β高股息低波动 适合防御,行情酝酿中,-,特高压电力产业链,-,行业成熟稳定,传统行业,-,-
600745.SH,600745,闻泰科技,大盘股,信息技术,电子终端及组件,消费电子终端,湖北,31.18,主板,火山口 派出小部队勇吃鱼身,-,-,-,1996/8/28,张学政,民营企业,β高股息低波动 适合防御,行情酝酿中,新科技,-,-,政策支持,高新技术产业,-,-
600746.SH,600746,江苏索普,中盘股,原材料,化学原料,其他化学原料,江苏,9.54,主板,-,-,-,-,1996/9/18,江苏省镇江市人民政府国有资产监督管理委员会,地方国有企业,β高股息低波动 适合防御,行情酝酿中,-,-,化工,行业成熟稳定,传统行业,耐用品,-
600748.SH,600748,上实发展,小盘股,房地产,房地产开发与园区,房地产开发,上海,5.37,主板,火山口 派出小部队勇吃鱼身,连续多天小涨 龟壳战术吃鱼头,-,-,1996/9/25,上海市国有资产监督管理委员会,地方国有企业,-,行情酝酿中,-,房地产产业链,-,行业成熟稳定,传统行业,耐用品,-
600749.SH,600749,西藏旅游,大盘股,可选消费,休闲服务,景点,西藏,20.3,主板,-,-,-,高人气,1996/10/15,王玉锁,民营企业,β高股息低波动 适合防御,表现超预期,-,实体经济,-,行业成熟稳定,传统行业,-,-
600750.SH,600750,华润江中,小盘股,医药卫生,中药,中成药,江西,26.96,主板,-,-,-,-,1996/9/23,国务院国有资产监督管理委员会,中央企业,-,行情酝酿中,大健康,-,-,行业成熟稳定,传统行业,消耗品,-
600751.SH,600751,海航科技,中盘股,工业,运输业,航运,天津,3.84,主板,火山口 派出小部队勇吃鱼身,连续多天小涨 龟壳战术吃鱼头,-,-,1996/9/9,无实际控制人,其他,β高股息低波动 适合防御,行情酝酿中,-,-,交通,行业成熟稳定,传统行业,-,-
600753.SH,600753,*ST海钦,迷你盘,工业,商业服务与用品,贸易商,福建,12.32,主板,火山口 派出小部队勇吃鱼身,连续多天小涨 龟壳战术吃鱼头,-,-,1996/9/27,钟仁海,民营企业,-,表现超预期,-,实体经济,-,行业成熟稳定,传统行业,-,-
600754.SH,600754,锦江酒店,大盘股,可选消费,休闲服务,酒店,上海,27.06,主板,-,-,-,-,1996/10/11,上海市国有资产监督管理委员会,地方国有企业,β高股息低波动 适合防御,行情酝酿中,-,实体经济,-,行业成熟稳定,传统行业,-,-
600755.SH,600755,厦门国贸,小盘股,工业,运输业,物流综合,福建,6.27,主板,火山口 派出小部队勇吃鱼身,-,-,-,1996/10/3,厦门市人民政府国有资产监督管理委员会,地方国有企业,-,行情酝酿中,-,电子商务产业链,-,政策支持,传统行业,-,-
600756.SH,600756,浪潮软件,中盘股,信息技术,软件开发,行业应用软件,山东,16.49,主板,-,-,-,-,1996/9/23,山东省人民政府国有资产监督管理委员会,地方国有企业,β高股息低波动 适合防御,行情酝酿中,国产替代,-,-,政策支持,传统行业,-,-
600757.SH,600757,长江传媒,小盘股,通信服务,文化娱乐,出版,湖北,8.75,主板,-,-,-,-,1996/10/3,湖北省国有文化资产监督管理与产业发展领导小组办公室,地方国有企业,-,行情酝酿中,-,-,文化体育,行业成熟稳定,传统行业,-,-
600758.SH,600758,辽宁能源,中盘股,能源,煤炭,焦炭,辽宁,3.82,主板,-,-,-,-,1996/10/29,辽宁省人民政府国有资产监督管理委员会,地方国有企业,β高股息低波动 适合防御,行情酝酿中,-,-,能源,行业成熟稳定,传统行业,消耗品,-
600759.SH,600759,洲际油气,大盘股,能源,石油与天然气,燃油炼制,海南,5.17,主板,-,-,-,-,1996/10/8,HUI Ling(许玲),民营企业,β高股息低波动 适合防御,表现超预期,-,-,能源,行业成熟稳定,传统行业,-,-
600760.SH,600760,中航沈飞,大盘股,工业,航空航天,航空,山东,50.93,主板,-,-,-,-,1996/10/11,国务院国有资产监督管理委员会,中央企业,β高股息低波动 适合防御,表现超预期,-,军工高铁产业链,-,政策支持,高新技术产业,-,-
600761.SH,600761,安徽合力,中盘股,工业,专用机械,工程机械,安徽,17.36,主板,-,-,-,-,1996/10/9,安徽省人民政府国有资产监督管理委员会,地方国有企业,β高股息低波动 适合防御,行情酝酿中,-,-,制造业(工业母机),行业成熟稳定,高新技术产业,耐用品,-
600763.SH,600763,通策医疗,中盘股,医药卫生,医疗商业与服务,医疗服务,浙江,41.21,主板,-,-,-,-,1996/10/30,吕建明,民营企业,β高股息低波动 适合防御,行情酝酿中,大健康,-,-,行业成熟稳定,传统行业,消耗品,-
600764.SH,600764,中国海防,中盘股,工业,国防装备,国防装备,北京,24.32,主板,火山口 派出小部队勇吃鱼身,连续多天小涨 龟壳战术吃鱼头,-,-,1996/11/4,国务院国有资产监督管理委员会,中央企业,β高股息低波动 适合防御,行情酝酿中,-,军工高铁产业链,-,政策支持,传统行业,-,-
600765.SH,600765,中航重机,中盘股,工业,航空航天,航空,贵州,16.58,主板,火山口 派出小部队勇吃鱼身,连续多天小涨 龟壳战术吃鱼头,-,-,1996/11/6,中国航空工业集团有限公司,中央企业,β高股息低波动 适合防御,行情酝酿中,-,军工高铁产业链,-,政策支持,高新技术产业,-,-
600768.SH,600768,宁波富邦,大盘股,工业,电网设备,配电设备,浙江,17.83,主板,-,-,-,高人气,1996/11/11,宋汉平,民营企业,β高股息低波动 适合防御,表现超预期,-,军工高铁产业链,-,行业成熟稳定,传统行业,消耗品,-
600769.SH,600769,祥龙电业,中盘股,公用事业,水务,水务,湖北,14.93,主板,-,-,-,-,1996/11/1,武汉东湖新技术开发区管理委员会,地方国有企业,β高股息低波动 适合防御,表现超预期,-,-,民生,行业成熟稳定,传统行业,耐用品,-
600770.SH,600770,综艺股份,中盘股,公用事业,电力及电网,光伏发电,江苏,5.78,主板,-,-,-,-,1996/11/20,昝圣达,民营企业,β高股息低波动 适合防御,行情酝酿中,-,实体经济,-,行业成熟稳定,传统行业,-,-
600771.SH,600771,广誉远,小盘股,医药卫生,中药,中成药,山西,17.35,主板,火山口 派出小部队勇吃鱼身,连续多天小涨 龟壳战术吃鱼头,-,-,1996/11/5,山西省人民政府国有资产监督管理委员会,地方国有企业,-,行情酝酿中,大健康,-,-,行业成熟稳定,传统行业,消耗品,-
600773.SH,600773,西藏城投,大盘股,房地产,房地产开发与园区,房地产开发,西藏,22.47,主板,-,-,有涨停 火山口战法吃鱼身,-,1996/11/8,上海市静安区国有资产监督管理委员会(上海市静安区集体资产监督管理委员会),地方国有企业,β高股息低波动 适合防御,表现超预期,-,-,-,行业成熟稳定,传统行业,耐用品,-
600774.SH,600774,汉商集团,迷你盘,医药卫生,化学药,药品制剂,湖北,8.7,主板,-,-,-,-,1996/11/8,阎志,民营企业,-,行情酝酿中,大健康,-,-,政策支持,高新技术产业,消耗品,-
600775.SH,600775,南京熊猫,中盘股,信息技术,电子终端及组件,消费电子组件及零部件,江苏,13.47,主板,火山口 派出小部队勇吃鱼身,-,-,-,1996/11/18,国务院国有资产监督管理委员会,中央企业,β高股息低波动 适合防御,行情酝酿中,新基建,-,-,政策支持,高新技术产业,-,-
600776.SH,600776,东方通信,大盘股,通信服务,通信设备,通信系统设备及组件,浙江,16.74,主板,-,-,-,-,1996/11/26,国务院国有资产监督管理委员会,中央企业,β高股息低波动 适合防御,表现超预期,新基建,-,-,政策支持,高新技术产业,-,-
600777.SH,600777,*ST新潮,小盘股,能源,石油与天然气,燃油炼制,山东,5.86,主板,火山口 派出小部队勇吃鱼身,连续多天小涨 龟壳战术吃鱼头,-,-,1996/11/21,无实际控制人,其他,-,表现超预期,-,-,能源,行业成熟稳定,传统行业,-,-
600778.SH,600778,友好集团,迷你盘,可选消费,一般零售,超市与便利店,新疆,6.39,主板,火山口 派出小部队勇吃鱼身,-,-,-,1996/12/3,牛钢,民营企业,-,行情酝酿中,-,实体经济,-,行业成熟稳定,传统行业,-,-
600779.SH,600779,水井坊,小盘股,主要消费,酒,白酒,四川,32.7,主板,火山口 派出小部队勇吃鱼身,-,-,-,1996/12/6,Diageo Plc,外资,-,行情酝酿中,大消费,-,-,行业成熟稳定,传统行业,消耗品,-
600780.SH,600780,通宝能源,中盘股,公用事业,电力及电网,火电,山西,6.63,主板,火山口 派出小部队勇吃鱼身,-,-,-,1996/12/5,山西省人民政府国有资产监督管理委员会,地方国有企业,β高股息低波动 适合防御,行情酝酿中,-,特高压电力产业链,-,行业成熟稳定,传统行业,-,-
600782.SH,600782,新钢股份,小盘股,原材料,钢铁,普钢,江西,3.53,主板,火山口 派出小部队勇吃鱼身,连续多天小涨 龟壳战术吃鱼头,-,-,1996/12/25,国务院国有资产监督管理委员会,中央企业,-,行情酝酿中,-,-,能源,行业成熟稳定,传统行业,消耗品,-
600783.SH,600783,鲁信创投,大盘股,工业,通用机械,磨具磨料,山东,21.33,主板,-,-,-,-,1996/12/25,山东省人民政府,地方国有企业,β高股息低波动 适合防御,行情酝酿中,-,-,制造业(工业母机),行业成熟稳定,高新技术产业,耐用品,-
600784.SH,600784,鲁银投资,小盘股,主要消费,食品,调味品与食用油,山东,7.45,主板,火山口 派出小部队勇吃鱼身,连续多天小涨 龟壳战术吃鱼头,-,-,1996/12/25,山东省人民政府国有资产监督管理委员会,地方国有企业,-,行情酝酿中,-,实体经济,-,行业成熟稳定,传统行业,-,-
600785.SH,600785,新华百货,中盘股,可选消费,一般零售,超市与便利店,宁夏,17.8,主板,火山口 派出小部队勇吃鱼身,-,-,-,1997/1/8,张文中,民营企业,β高股息低波动 适合防御,行情酝酿中,-,实体经济,-,行业成熟稳定,传统行业,-,-
600787.SH,600787,中储股份,小盘股,工业,运输业,物流综合,天津,5.34,主板,火山口 派出小部队勇吃鱼身,连续多天小涨 龟壳战术吃鱼头,-,-,1997/1/21,国务院国有资产监督管理委员会,中央企业,-,行情酝酿中,-,电子商务产业链,-,政策支持,传统行业,-,-
600789.SH,600789,鲁抗医药,小盘股,医药卫生,化学药,药品制剂,山东,8.25,主板,-,-,-,-,1997/2/26,山东省人民政府国有资产监督管理委员会,地方国有企业,-,行情酝酿中,大健康,-,-,政策支持,高新技术产业,消耗品,-
600790.SH,600790,轻纺城,迷你盘,工业,商业服务与用品,市场服务,浙江,3.66,主板,-,-,-,-,1997/2/28,绍兴县人民政府,地方国有企业,-,行情酝酿中,-,实体经济,-,行业成熟稳定,传统行业,-,-
600791.SH,600791,京能置业,中盘股,房地产,房地产开发与园区,房地产开发,北京,12.45,主板,-,-,-,-,1997/1/30,北京市人民政府国有资产监督管理委员会,地方国有企业,β高股息低波动 适合防御,表现超预期,-,房地产产业链,-,行业成熟稳定,传统行业,耐用品,-
600792.SH,600792,云煤能源,小盘股,能源,煤炭,焦炭,云南,3.92,主板,-,-,-,-,1997/1/23,云南省人民政府国有资产监督管理委员会,地方国有企业,-,行情酝酿中,-,-,能源,行业成熟稳定,传统行业,消耗品,-
600793.SH,600793,宜宾纸业,迷你盘,原材料,容器与包装,纸材料包装,四川,18.71,主板,火山口 派出小部队勇吃鱼身,连续多天小涨 龟壳战术吃鱼头,-,-,1997/2/20,宜宾市政府国有资产监督管理委员会,地方国有企业,-,行情酝酿中,-,-,化工,行业成熟稳定,传统行业,消耗品,-
600794.SH,600794,保税科技,迷你盘,工业,运输业,物流综合,江苏,3.6,主板,-,-,-,-,1997/3/6,张家港保税区管委会,地方国有企业,-,行情酝酿中,-,电子商务产业链,-,政策支持,传统行业,-,-
600795.SH,600795,国电电力,大盘股,公用事业,电力及电网,火电,辽宁,4.82,主板,火山口 派出小部队勇吃鱼身,-,-,-,1997/3/18,国务院国有资产监督管理委员会,中央企业,β高股息低波动 适合防御,行情酝酿中,-,特高压电力产业链,-,行业成熟稳定,传统行业,-,-
600796.SH,600796,钱江生化,迷你盘,工业,污染治理,污水处理,浙江,6.28,主板,火山口 派出小部队勇吃鱼身,-,-,-,1997/4/8,浙江省嘉兴市海宁市人民政府国有资产监督管理委员会,地方国有企业,-,行情酝酿中,-,-,民生,行业成熟稳定,传统行业,-,-
600797.SH,600797,浙大网新,中盘股,信息技术,信息技术服务,系统集成服务,浙江,9.36,主板,-,-,-,-,1997/4/18,无实际控制人,其他,β高股息低波动 适合防御,行情酝酿中,国产替代,-,-,政策支持,传统行业,-,-
600798.SH,600798,宁波海运,小盘股,工业,运输业,航运,浙江,3.61,主板,-,-,-,-,1997/4/23,浙江省人民政府国有资产监督管理委员会,地方国有企业,-,行情酝酿中,-,-,交通,行业成熟稳定,传统行业,-,-
600800.SH,600800,渤海化学,中盘股,原材料,化学原料,其他化学原料,天津,4.62,主板,火山口 派出小部队勇吃鱼身,-,-,-,1993/12/6,天津市人民政府国有资产监督管理委员会,地方国有企业,β高股息低波动 适合防御,行情酝酿中,-,-,化工,行业成熟稳定,传统行业,耐用品,-
600801.SH,600801,华新建材,中盘股,原材料,建筑材料,水泥与混凝土,湖北,23.01,主板,火山口 派出小部队勇吃鱼身,连续多天小涨 龟壳战术吃鱼头,-,-,1994/1/3,Holcim Ltd.,外资,β高股息低波动 适合防御,行情酝酿中,-,房地产产业链,-,行业成熟稳定,传统行业,耐用品,-
600802.SH,600802,福建水泥,迷你盘,原材料,建筑材料,水泥与混凝土,福建,5.59,主板,-,-,-,-,1994/1/3,福建省人民政府国有资产监督管理委员会,地方国有企业,-,行情酝酿中,-,房地产产业链,-,行业成熟稳定,传统行业,耐用品,-
600803.SH,600803,新奥股份,中盘股,公用事业,燃气,燃气,河北,20.71,主板,-,-,-,-,1994/1/3,王玉锁,民营企业,β高股息低波动 适合防御,行情酝酿中,-,-,民生,行业成熟稳定,传统行业,消耗品,-
600805.SH,600805,悦达投资,迷你盘,工业,工业集团企业,工业集团企业,江苏,5.18,主板,-,-,-,-,1994/1/3,盐城市人民政府,地方国有企业,-,行情酝酿中,-,实体经济,-,行业成熟稳定,传统行业,-,-
600807.SH,600807,济高发展,小盘股,医药卫生,医疗器械,体外诊断,山东,2.94,主板,-,-,-,-,1994/1/3,山东省济南市高新技术产业开发区人民政府国有资产监督管理委员会,地方国有企业,-,行情酝酿中,大健康,-,-,行业成熟稳定,传统行业,消耗品,-
600808.SH,600808,马钢股份,中盘股,原材料,钢铁,普钢,安徽,4.01,主板,-,-,-,-,1994/1/6,国务院国有资产监督管理委员会,中央企业,β高股息低波动 适合防御,表现超预期,-,-,能源,行业成熟稳定,传统行业,消耗品,-
600809.SH,600809,山西汾酒,大盘股,主要消费,酒,白酒,山西,139.5,主板,-,-,-,-,1994/1/6,山西省人民政府国有资产监督管理委员会,地方国有企业,β高股息低波动 适合防御,行情酝酿中,大消费,-,-,行业成熟稳定,传统行业,消耗品,有量化参与
600810.SH,600810,神马股份,小盘股,原材料,化学纤维,锦纶与涤纶,河南,8.64,主板,火山口 派出小部队勇吃鱼身,-,-,-,1994/1/6,河南省人民政府国有资产监督管理委员会,地方国有企业,-,表现超预期,-,-,化工,行业成熟稳定,传统行业,耐用品,-
600812.SH,600812,华北制药,小盘股,医药卫生,化学药,药品制剂,河北,5.49,主板,-,-,-,-,1994/1/14,河北省人民政府国有资产监督管理委员会,地方国有企业,-,行情酝酿中,大健康,-,-,政策支持,高新技术产业,消耗品,-
600814.SH,600814,杭州解百,小盘股,可选消费,一般零售,百货商店,浙江,7.75,主板,火山口 派出小部队勇吃鱼身,连续多天小涨 龟壳战术吃鱼头,-,-,1994/1/14,杭州市人民政府国有资产监督管理委员会,地方国有企业,-,行情酝酿中,-,实体经济,-,行业成熟稳定,传统行业,-,-
600815.SH,600815,厦工股份,中盘股,工业,专用机械,工程机械,福建,4.06,主板,-,-,-,-,1994/1/28,厦门市人民政府国有资产监督管理委员会,地方国有企业,β高股息低波动 适合防御,表现超预期,-,-,制造业(工业母机),行业成熟稳定,高新技术产业,耐用品,-
600816.SH,600816,建元信托,小盘股,金融,其他资本市场,资产管理,上海,2.54,主板,火山口 派出小部队勇吃鱼身,-,-,-,1994/1/28,无实际控制人,其他,-,行情酝酿中,大金融,-,-,行业成熟稳定,传统行业,-,-
600817.SH,600817,宇通重工,迷你盘,工业,污染治理,固废处理,河南,12.33,主板,火山口 派出小部队勇吃鱼身,-,-,-,1994/1/28,汤玉祥,民营企业,-,行情酝酿中,-,-,制造业(工业母机),行业成熟稳定,高新技术产业,耐用品,-
600818.SH,600818,中路股份,迷你盘,可选消费,休闲设备与用品,休闲设备与用品,上海,8.44,主板,-,-,-,-,1994/1/28,陈荣,民营企业,-,行情酝酿中,-,-,文化体育,行业成熟稳定,传统行业,-,-
600819.SH,600819,耀皮玻璃,迷你盘,原材料,建筑材料,玻璃,上海,7,主板,-,-,-,-,1994/1/28,上海市国有资产监督管理委员会,地方国有企业,-,行情酝酿中,-,-,化工,行业成熟稳定,传统行业,耐用品,-
600820.SH,600820,隧道股份,小盘股,工业,建筑与工程,基础设施建设,上海,6.16,主板,火山口 派出小部队勇吃鱼身,连续多天小涨 龟壳战术吃鱼头,-,-,1994/1/28,上海市国有资产监督管理委员会,地方国有企业,-,行情酝酿中,-,房地产产业链,-,行业成熟稳定,传统行业,耐用品,-
600821.SH,600821,金开新能,大盘股,公用事业,电力及电网,光伏发电,天津,9.08,主板,-,-,-,-,1994/1/28,天津市人民政府国有资产监督管理委员会,地方国有企业,β高股息低波动 适合防御,表现超预期,-,特高压电力产业链,-,政策支持,高新技术产业,-,-
600822.SH,600822,上海物贸,小盘股,可选消费,汽车经销商与汽车服务,汽车经销商,上海,9.82,主板,-,-,-,-,1994/2/4,上海市国有资产监督管理委员会,地方国有企业,-,行情酝酿中,-,智能汽车产业链,-,政策支持,传统行业,-,-
600824.SH,600824,益民集团,迷你盘,可选消费,专营零售,专营零售,上海,3.98,主板,火山口 派出小部队勇吃鱼身,-,-,-,1994/2/4,上海市黄浦区国有资产监督管理委员会(上海市黄浦区集体资产监督管理委员会),地方国有企业,-,行情酝酿中,-,实体经济,-,行业成熟稳定,传统行业,-,-
600825.SH,600825,新华传媒,迷你盘,通信服务,文化娱乐,出版,上海,5.93,主板,火山口 派出小部队勇吃鱼身,-,-,-,1994/2/4,上海市国有资产监督管理委员会,地方国有企业,-,行情酝酿中,-,-,文化体育,行业成熟稳定,传统行业,-,-
600826.SH,600826,兰生股份,迷你盘,工业,商业服务与用品,其他商业服务与用品,上海,9.5,主板,-,-,-,-,1994/2/4,上海市国有资产监督管理委员会,地方国有企业,-,行情酝酿中,-,-,文化体育,行业成熟稳定,传统行业,-,-
600827.SH,600827,百联股份,小盘股,可选消费,一般零售,超市与便利店,上海,8.23,主板,-,-,-,-,1994/2/4,上海市国有资产监督管理委员会,地方国有企业,-,行情酝酿中,-,实体经济,-,行业成熟稳定,传统行业,-,-
600828.SH,600828,茂业商业,小盘股,可选消费,一般零售,百货商店,四川,5.28,主板,火山口 派出小部队勇吃鱼身,-,-,-,1994/2/24,黄茂如,外资,-,行情酝酿中,-,实体经济,-,行业成熟稳定,传统行业,-,-
600829.SH,600829,人民同泰,小盘股,医药卫生,医疗商业与服务,医药商业,黑龙江,9.85,主板,-,-,-,-,1994/2/24,无实际控制人,其他,-,表现超预期,-,实体经济,-,政策支持,传统行业,消耗品,-
600830.SH,600830,香溢融通,迷你盘,金融,其他金融服务,特殊金融服务,浙江,8.82,主板,火山口 派出小部队勇吃鱼身,-,-,-,1994/2/24,中国烟草总公司,中央企业,-,行情酝酿中,大金融,-,-,行业成熟稳定,传统行业,-,-
600831.SH,600831,广电网络,迷你盘,通信服务,文化娱乐,广播与电视,陕西,3.5,主板,-,-,-,-,1994/2/24,中共陕西省委宣传部,地方国有企业,-,行情酝酿中,-,-,文化体育,行业成熟稳定,传统行业,-,-
600833.SH,600833,第一医药,迷你盘,医药卫生,医疗商业与服务,医药商业,上海,11.42,主板,-,-,-,-,1994/2/24,上海市国有资产监督管理委员会,地方国有企业,-,行情酝酿中,-,实体经济,-,政策支持,传统行业,消耗品,-
600834.SH,600834,申通地铁,迷你盘,工业,运输业,公共交通,上海,8.23,主板,火山口 派出小部队勇吃鱼身,-,-,-,1994/2/24,上海市国有资产监督管理委员会,地方国有企业,-,行情酝酿中,-,-,交通,行业成熟稳定,传统行业,-,-
600835.SH,600835,上海机电,中盘股,工业,专用机械,楼宇设备,上海,22.88,主板,火山口 派出小部队勇吃鱼身,-,-,-,1994/2/24,上海市国有资产监督管理委员会,地方国有企业,β高股息低波动 适合防御,行情酝酿中,-,-,制造业(工业母机),行业成熟稳定,传统行业,耐用品,-
600838.SH,600838,上海九百,小盘股,房地产,房地产管理与服务,房地产服务,上海,10.08,主板,火山口 派出小部队勇吃鱼身,-,-,-,1994/2/24,上海市静安区国有资产监督管理委员会(上海市静安区集体资产监督管理委员会),地方国有企业,-,行情酝酿中,-,实体经济,-,行业成熟稳定,传统行业,-,-
600839.SH,600839,四川长虹,大盘股,可选消费,家用电器,黑色家电,四川,9.21,主板,-,-,-,-,1994/3/11,绵阳市国有资产监督管理委员会,地方国有企业,β高股息低波动 适合防御,表现超预期,大消费,-,-,行业成熟稳定,传统行业,耐用品,-
600841.SH,600841,动力新科,中盘股,工业,交通运输设备,商用车,上海,9.58,主板,-,-,-,-,1994/3/11,上海市国有资产监督管理委员会,地方国有企业,β高股息低波动 适合防御,表现超预期,-,智能汽车产业链,-,政策支持,传统行业,消耗品,-
600843.SH,600843,上工申贝,迷你盘,工业,专用机械,纺织服装机械,上海,9.56,主板,火山口 派出小部队勇吃鱼身,-,-,-,1994/3/11,无实际控制人,其他,-,行情酝酿中,-,-,制造业(工业母机),行业成熟稳定,传统行业,耐用品,-
600844.SH,600844,金煤科技,中盘股,原材料,化学原料,其他化学原料,内蒙,3.44,主板,-,-,-,-,1994/3/11,于泽国,民营企业,β高股息低波动 适合防御,行情酝酿中,-,-,化工,行业成熟稳定,传统行业,耐用品,-
600845.SH,600845,宝信软件,大盘股,信息技术,软件开发,行业应用软件,上海,22.92,主板,-,-,-,-,1994/3/11,国务院国有资产监督管理委员会,中央企业,β高股息低波动 适合防御,表现超预期,国产替代,-,-,政策支持,传统行业,-,-
600846.SH,600846,同济科技,迷你盘,工业,建筑与工程,房屋建设,上海,12.18,主板,火山口 派出小部队勇吃鱼身,连续多天小涨 龟壳战术吃鱼头,-,-,1994/3/11,上海市杨浦区人民政府国有资产监督管理委员会,地方国有企业,-,行情酝酿中,-,房地产产业链,-,行业成熟稳定,传统行业,耐用品,-
600847.SH,600847,万里股份,中盘股,工业,储能设备,电池,重庆,14.79,主板,-,-,有涨停 火山口战法吃鱼身,高人气,1994/3/24,莫天全,民营企业,β高股息低波动 适合防御,表现超预期,新科技,特高压电力产业链,-,政策支持,高新技术产业,耐用品,-
600848.SH,600848,上海临港,中盘股,房地产,房地产开发与园区,园区,上海,9.53,主板,-,-,-,-,1994/3/24,上海市国有资产监督管理委员会,地方国有企业,β高股息低波动 适合防御,行情酝酿中,-,电子商务产业链,-,行业成熟稳定,传统行业,-,-
600850.SH,600850,电科数字,中盘股,信息技术,信息技术服务,系统集成服务,上海,20.51,主板,火山口 派出小部队勇吃鱼身,连续多天小涨 龟壳战术吃鱼头,-,-,1994/3/24,国务院国有资产监督管理委员会,中央企业,β高股息低波动 适合防御,行情酝酿中,国产替代,-,-,政策支持,传统行业,-,-
600851.SH,600851,海欣股份,小盘股,医药卫生,化学药,药品制剂,上海,8.5,主板,火山口 派出小部队勇吃鱼身,连续多天小涨 龟壳战术吃鱼头,-,-,1994/4/4,无实际控制人,其他,-,行情酝酿中,大健康,-,-,政策支持,高新技术产业,消耗品,-
600853.SH,600853,龙建股份,迷你盘,工业,建筑与工程,基础设施建设,黑龙江,3.96,主板,火山口 派出小部队勇吃鱼身,连续多天小涨 龟壳战术吃鱼头,-,-,1994/4/4,黑龙江省人民政府国有资产监督管理委员会,地方国有企业,-,行情酝酿中,-,房地产产业链,-,行业成熟稳定,传统行业,耐用品,-
600854.SH,600854,春兰股份,迷你盘,房地产,房地产开发与园区,房地产开发,江苏,5.06,主板,火山口 派出小部队勇吃鱼身,连续多天小涨 龟壳战术吃鱼头,-,-,1994/4/25,春兰(集团)公司,集体企业,-,行情酝酿中,大消费,-,-,行业成熟稳定,传统行业,耐用品,-
600855.SH,600855,航天长峰,大盘股,工业,国防装备,国防装备,北京,20.38,主板,-,-,有涨停 火山口战法吃鱼身,-,1994/4/25,国务院国有资产监督管理委员会,中央企业,β高股息低波动 适合防御,表现超预期,-,-,制造业(工业母机),行业成熟稳定,高新技术产业,耐用品,-
600857.SH,600857,宁波中百,迷你盘,可选消费,一般零售,百货商店,浙江,12.03,主板,火山口 派出小部队勇吃鱼身,-,-,-,1994/4/25,卢斯侃,民营企业,-,行情酝酿中,-,实体经济,-,行业成熟稳定,传统行业,-,-
600858.SH,600858,银座股份,迷你盘,可选消费,一般零售,百货商店,山东,5.63,主板,火山口 派出小部队勇吃鱼身,-,-,-,1994/5/6,山东省人民政府国有资产监督管理委员会,地方国有企业,-,行情酝酿中,-,实体经济,-,行业成熟稳定,传统行业,-,-
600859.SH,600859,王府井,小盘股,可选消费,一般零售,百货商店,北京,12.25,主板,火山口 派出小部队勇吃鱼身,连续多天小涨 龟壳战术吃鱼头,-,-,1994/5/6,北京市人民政府国有资产监督管理委员会,地方国有企业,-,行情酝酿中,-,实体经济,-,行业成熟稳定,传统行业,-,-
600860.SH,600860,京城股份,中盘股,工业,专用机械,其他专用机械,北京,11.92,主板,火山口 派出小部队勇吃鱼身,连续多天小涨 龟壳战术吃鱼头,-,-,1994/5/6,北京市人民政府国有资产监督管理委员会,地方国有企业,β高股息低波动 适合防御,行情酝酿中,-,-,制造业(工业母机),行业成熟稳定,高新技术产业,耐用品,-
600861.SH,600861,北京人力,迷你盘,工业,商业服务与用品,其他商业服务与用品,北京,16.32,主板,火山口 派出小部队勇吃鱼身,连续多天小涨 龟壳战术吃鱼头,-,-,1994/5/20,北京市人民政府国有资产监督管理委员会,地方国有企业,-,行情酝酿中,-,-,文化体育,行业成熟稳定,传统行业,-,-
600862.SH,600862,中航高科,大盘股,工业,航空航天,航空,江苏,21.66,主板,火山口 派出小部队勇吃鱼身,连续多天小涨 龟壳战术吃鱼头,-,-,1994/5/20,中国航空工业集团有限公司,中央企业,β高股息低波动 适合防御,行情酝酿中,-,军工高铁产业链,-,政策支持,高新技术产业,-,-
600863.SH,600863,华能蒙电,中盘股,公用事业,电力及电网,火电,内蒙,4.64,主板,-,-,-,-,1994/5/20,国务院国有资产监督管理委员会,中央企业,β高股息低波动 适合防御,行情酝酿中,-,特高压电力产业链,-,行业成熟稳定,传统行业,-,-
600864.SH,600864,哈投股份,大盘股,公用事业,供热及其他,供热及其他,黑龙江,7.12,主板,-,-,-,-,1994/8/9,哈尔滨市人民政府国有资产监督管理委员会,地方国有企业,β高股息低波动 适合防御,表现超预期,大金融,-,-,行业成熟稳定,传统行业,-,-
600865.SH,600865,百大集团,小盘股,可选消费,一般零售,百货商店,浙江,11.45,主板,火山口 派出小部队勇吃鱼身,连续多天小涨 龟壳战术吃鱼头,-,-,1994/8/9,陈夏鑫,民营企业,-,行情酝酿中,-,实体经济,-,行业成熟稳定,传统行业,-,-
600866.SH,600866,星湖科技,中盘股,主要消费,养殖,饲料,广东,6.93,主板,火山口 派出小部队勇吃鱼身,连续多天小涨 龟壳战术吃鱼头,-,-,1994/8/18,广东省人民政府,地方国有企业,β高股息低波动 适合防御,行情酝酿中,-,-,粮食,行业成熟稳定,传统行业,消耗品,-
600867.SH,600867,通化东宝,大盘股,医药卫生,生物药品,其他生物药品,吉林,10.15,主板,-,-,-,-,1994/8/24,李一奎,民营企业,β高股息低波动 适合防御,表现超预期,大健康,-,-,政策支持,高新技术产业,消耗品,-
600868.SH,600868,梅雁吉祥,中盘股,公用事业,电力及电网,水电,广东,3.4,主板,-,-,-,-,1994/9/12,无实际控制人,其他,β高股息低波动 适合防御,行情酝酿中,-,特高压电力产业链,-,行业成熟稳定,传统行业,-,-
600869.SH,600869,远东股份,大盘股,工业,电网设备,线缆及其他,青海,14.7,主板,-,-,-,-,1995/2/6,蒋锡培,民营企业,β高股息低波动 适合防御,行情酝酿中,新科技,特高压电力产业链,-,政策支持,高新技术产业,耐用品,-
600871.SH,600871,石化油服,中盘股,能源,油气开采与油田服务,油气开采,北京,2.65,主板,-,-,-,-,1995/4/11,国务院国有资产监督管理委员会,中央企业,β高股息低波动 适合防御,行情酝酿中,-,-,能源,行业成熟稳定,传统行业,-,-
600872.SH,600872,中炬高新,中盘股,主要消费,食品,调味品与食用油,广东,19.52,主板,-,-,-,-,1995/1/24,中山火炬高技术产业开发区管理委员会,地方国有企业,β高股息低波动 适合防御,行情酝酿中,大消费,-,-,行业成熟稳定,传统行业,消耗品,-
600873.SH,600873,梅花生物,中盘股,主要消费,养殖,饲料,西藏,10.89,主板,火山口 派出小部队勇吃鱼身,连续多天小涨 龟壳战术吃鱼头,-,-,1995/2/17,孟庆山,民营企业,β高股息低波动 适合防御,行情酝酿中,大消费,-,-,行业成熟稳定,传统行业,消耗品,-
600874.SH,600874,创业环保,迷你盘,工业,污染治理,污水处理,天津,6.07,主板,火山口 派出小部队勇吃鱼身,-,-,-,1995/6/30,天津市人民政府国有资产监督管理委员会,地方国有企业,-,行情酝酿中,-,-,民生,行业成熟稳定,传统行业,-,-
600875.SH,600875,东方电气,大盘股,工业,发电设备,其他发电设备,四川,41.72,主板,-,-,-,高人气,1995/10/10,国务院国有资产监督管理委员会,中央企业,β高股息低波动 适合防御,表现超预期,新科技,特高压电力产业链,-,政策支持,高新技术产业,耐用品,-
600876.SH,600876,凯盛新能,小盘股,工业,发电设备,光伏设备,河南,9.81,主板,火山口 派出小部队勇吃鱼身,-,-,-,1995/10/31,国务院国有资产监督管理委员会,中央企业,-,表现超预期,-,-,化工,行业成熟稳定,传统行业,耐用品,-
600877.SH,600877,电科芯片,大盘股,信息技术,集成电路,集成电路设计,重庆,17.32,主板,-,-,-,-,1995/10/13,国务院国有资产监督管理委员会,中央企业,β高股息低波动 适合防御,表现超预期,新科技,-,-,政策支持,高新技术产业,-,-
600879.SH,600879,航天电子,大盘股,工业,航空航天,航天,湖北,23.42,主板,-,-,-,-,1995/11/15,国务院国有资产监督管理委员会,中央企业,β高股息低波动 适合防御,表现超预期,-,军工高铁产业链,-,政策支持,高新技术产业,-,-
600880.SH,600880,博瑞传播,中盘股,信息技术,信息技术服务,系统集成服务,四川,5.05,主板,-,-,-,-,1995/11/15,成都市国有资产监督管理委员会,地方国有企业,β高股息低波动 适合防御,表现超预期,-,电子商务产业链,-,行业成熟稳定,传统行业,-,-
600881.SH,600881,亚泰集团,迷你盘,金融,其他金融服务,多领域投资,吉林,1.57,主板,-,-,-,-,1995/11/15,长春市人民政府国有资产监督管理委员会,地方国有企业,-,行情酝酿中,-,实体经济,-,行业成熟稳定,传统行业,-,-
600882.SH,600882,妙可蓝多,小盘股,主要消费,食品,乳制品,上海,19.25,主板,火山口 派出小部队勇吃鱼身,连续多天小涨 龟壳战术吃鱼头,-,-,1995/12/6,无实际控制人,其他,-,行情酝酿中,大消费,-,-,行业成熟稳定,传统行业,消耗品,-
600883.SH,600883,博闻科技,迷你盘,主要消费,种植,农产品,云南,7.97,主板,-,-,-,-,1995/12/8,王绥义,民营企业,-,行情酝酿中,-,-,粮食,行业成熟稳定,传统行业,消耗品,-
600884.SH,600884,杉杉股份,大盘股,信息技术,光学光电子,面板,浙江,14.7,主板,-,-,-,-,1996/1/30,郑永刚,民营企业,β高股息低波动 适合防御,表现超预期,新科技,特高压电力产业链,-,政策支持,高新技术产业,耐用品,-
600885.SH,600885,宏发股份,大盘股,工业,电网设备,电网自动化,湖北,28.55,主板,-,-,-,-,1996/2/5,郭满金,民营企业,β高股息低波动 适合防御,表现超预期,新科技,特高压电力产业链,-,政策支持,高新技术产业,耐用品,-
600886.SH,600886,国投电力,中盘股,公用事业,电力及电网,水电,北京,13.2,主板,火山口 派出小部队勇吃鱼身,连续多天小涨 龟壳战术吃鱼头,-,-,1996/1/18,国务院国有资产监督管理委员会,中央企业,β高股息低波动 适合防御,行情酝酿中,-,特高压电力产业链,-,行业成熟稳定,传统行业,-,-
600887.SH,600887,伊利股份,大盘股,主要消费,食品,乳制品,内蒙,25.39,主板,火山口 派出小部队勇吃鱼身,-,-,-,1996/3/12,无实际控制人,其他,β高股息低波动 适合防御,行情酝酿中,大消费,-,-,行业成熟稳定,传统行业,消耗品,-
600888.SH,600888,新疆众和,中盘股,原材料,工业金属,铝,新疆,8.7,主板,火山口 派出小部队勇吃鱼身,-,-,-,1996/2/15,张新,民营企业,β高股息低波动 适合防御,行情酝酿中,-,军工高铁产业链,-,行业成熟稳定,传统行业,消耗品,-
600889.SH,600889,南京化纤,迷你盘,工业,通用机械,动力机械,江苏,14.9,主板,火山口 派出小部队勇吃鱼身,连续多天小涨 龟壳战术吃鱼头,-,-,1996/3/8,南京市人民政府国有资产监督管理委员会,地方国有企业,-,行情酝酿中,-,-,制造业(工业母机),行业成熟稳定,传统行业,耐用品,-
600892.SH,600892,*ST大晟,迷你盘,通信服务,文化娱乐,游戏,深圳,3.62,主板,火山口 派出小部队勇吃鱼身,-,-,-,1996/3/15,唐山市人民政府国有资产监督管理委员会,地方国有企业,-,行情酝酿中,国产替代,电子商务产业链,-,政策支持,传统行业,-,-
600893.SH,600893,航发动力,大盘股,工业,航空航天,航空,陕西,49.77,主板,-,-,-,-,1996/4/8,中国航空发动机集团有限公司,中央企业,β高股息低波动 适合防御,行情酝酿中,-,军工高铁产业链,-,政策支持,高新技术产业,-,-
600894.SH,600894,广日股份,小盘股,工业,专用机械,楼宇设备,广东,10.09,主板,火山口 派出小部队勇吃鱼身,连续多天小涨 龟壳战术吃鱼头,-,-,1996/3/28,广州市人民政府国有资产监督管理委员会,地方国有企业,-,行情酝酿中,-,-,制造业(工业母机),行业成熟稳定,传统行业,耐用品,-
600895.SH,600895,张江高科,大盘股,房地产,房地产开发与园区,园区,上海,37.04,主板,-,-,-,-,1996/4/22,上海市浦东新区国有资产监督管理委员会,地方国有企业,β高股息低波动 适合防御,行情酝酿中,-,电子商务产业链,-,行业成熟稳定,传统行业,-,-
600897.SH,600897,厦门空港,迷你盘,工业,交通基本设施,机场,福建,16.23,主板,火山口 派出小部队勇吃鱼身,-,-,-,1996/5/31,厦门市人民政府国有资产监督管理委员会,地方国有企业,-,行情酝酿中,-,-,交通,行业成熟稳定,传统行业,-,-
600900.SH,600900,长江电力,大盘股,公用事业,电力及电网,水电,北京,26.38,主板,火山口 派出小部队勇吃鱼身,连续多天小涨 龟壳战术吃鱼头,-,-,2003/11/18,国务院国有资产监督管理委员会,中央企业,β高股息低波动 适合防御,行情酝酿中,-,特高压电力产业链,-,行业成熟稳定,传统行业,-,-
600901.SH,600901,江苏金租,中盘股,金融,其他金融服务,特殊金融服务,江苏,6.92,主板,火山口 派出小部队勇吃鱼身,连续多天小涨 龟壳战术吃鱼头,-,-,2018/3/1,江苏省政府国有资产监督管理委员会,地方国有企业,β高股息低波动 适合防御,行情酝酿中,大金融,-,-,行业成熟稳定,传统行业,-,-
600903.SH,600903,贵州燃气,迷你盘,公用事业,燃气,燃气,贵州,6.22,主板,火山口 派出小部队勇吃鱼身,-,-,-,2017/11/7,贵州省人民政府国有资产监督管理委员会,地方国有企业,-,行情酝酿中,-,-,民生,行业成熟稳定,传统行业,消耗品,-
600905.SH,600905,三峡能源,大盘股,公用事业,电力及电网,风电,北京,4.1,主板,火山口 派出小部队勇吃鱼身,连续多天小涨 龟壳战术吃鱼头,-,-,2021/6/10,中国长江三峡集团有限公司,中央企业,β高股息低波动 适合防御,行情酝酿中,-,特高压电力产业链,-,政策支持,高新技术产业,-,-
600906.SH,600906,财达证券,小盘股,金融,证券公司,证券公司,河北,6.46,主板,火山口 派出小部队勇吃鱼身,连续多天小涨 龟壳战术吃鱼头,-,-,2021/5/7,河北省人民政府国有资产监督管理委员会,地方国有企业,-,行情酝酿中,大金融,-,-,行业成熟稳定,传统行业,-,-
600908.SH,600908,无锡银行,迷你盘,金融,商业银行,区域性银行,江苏,5.65,主板,火山口 派出小部队勇吃鱼身,连续多天小涨 龟壳战术吃鱼头,-,-,2016/9/23,无实际控制人,其他,-,行情酝酿中,大金融,-,-,行业成熟稳定,传统行业,-,-
600909.SH,600909,华安证券,中盘股,金融,证券公司,证券公司,安徽,5.7,主板,火山口 派出小部队勇吃鱼身,连续多天小涨 龟壳战术吃鱼头,-,-,2016/12/6,安徽省人民政府国有资产监督管理委员会,地方国有企业,β高股息低波动 适合防御,行情酝酿中,大金融,-,-,行业成熟稳定,传统行业,-,-
600916.SH,600916,中国黄金,中盘股,可选消费,珠宝与奢侈品,珠宝与奢侈品,北京,9.1,主板,火山口 派出小部队勇吃鱼身,连续多天小涨 龟壳战术吃鱼头,-,-,2021/2/5,国务院国有资产监督管理委员会,中央企业,β高股息低波动 适合防御,行情酝酿中,大消费,-,-,行业成熟稳定,传统行业,耐用品,-
600917.SH,600917,重庆燃气,迷你盘,公用事业,燃气,燃气,重庆,5.27,主板,火山口 派出小部队勇吃鱼身,-,-,-,2014/9/30,国务院国有资产监督管理委员会,中央企业,-,行情酝酿中,-,-,民生,行业成熟稳定,传统行业,消耗品,-
600918.SH,600918,中泰证券,小盘股,金融,证券公司,证券公司,山东,6.07,主板,火山口 派出小部队勇吃鱼身,连续多天小涨 龟壳战术吃鱼头,-,-,2020/6/3,山东省人民政府国有资产监督管理委员会,地方国有企业,-,行情酝酿中,大金融,-,-,行业成熟稳定,传统行业,-,-
600919.SH,600919,江苏银行,大盘股,金融,商业银行,区域性银行,江苏,10.83,主板,火山口 派出小部队勇吃鱼身,连续多天小涨 龟壳战术吃鱼头,-,-,2016/8/2,无实际控制人,其他,β高股息低波动 适合防御,行情酝酿中,大金融,-,-,行业成熟稳定,传统行业,-,-
600925.SH,600925,苏能股份,迷你盘,能源,煤炭,煤炭,江苏,4.52,主板,火山口 派出小部队勇吃鱼身,连续多天小涨 龟壳战术吃鱼头,-,-,2023/3/29,江苏省人民政府,地方国有企业,-,行情酝酿中,-,-,能源,行业成熟稳定,传统行业,消耗品,-
600926.SH,600926,杭州银行,中盘股,金融,商业银行,区域性银行,浙江,16.99,主板,火山口 派出小部队勇吃鱼身,-,-,-,2016/10/27,无实际控制人,其他,β高股息低波动 适合防御,行情酝酿中,大金融,-,-,行业成熟稳定,传统行业,-,-
600927.SH,600927,永安期货,迷你盘,金融,其他资本市场,其他资本市场,浙江,14.33,主板,火山口 派出小部队勇吃鱼身,连续多天小涨 龟壳战术吃鱼头,-,-,2021/12/23,浙江省财政厅,地方国有企业,-,行情酝酿中,大金融,-,-,行业成熟稳定,传统行业,-,-
600928.SH,600928,西安银行,迷你盘,金融,商业银行,区域性银行,陕西,3.62,主板,火山口 派出小部队勇吃鱼身,连续多天小涨 龟壳战术吃鱼头,-,-,2019/3/1,西安市人民政府,地方国有企业,-,行情酝酿中,大金融,-,-,行业成熟稳定,传统行业,-,-
600929.SH,600929,雪天盐业,中盘股,原材料,化学原料,无机盐,湖南,7.03,主板,-,-,-,-,2018/3/26,湖南省人民政府国有资产监督管理委员会,地方国有企业,β高股息低波动 适合防御,表现超预期,大消费,-,-,行业成熟稳定,传统行业,消耗品,-
600930.SH,600930,华电新能,大盘股,公用事业,电力及电网,风电,福建,6.01,主板,火山口 派出小部队勇吃鱼身,连续多天小涨 龟壳战术吃鱼头,-,-,2025/7/16,中国华电集团有限公司,中央企业,β高股息低波动 适合防御,行情酝酿中,-,特高压电力产业链,-,政策支持,高新技术产业,-,-
600933.SH,600933,爱柯迪,中盘股,可选消费,汽车零部件与轮胎,其他汽车零部件,浙江,17.06,主板,-,-,-,-,2017/11/17,张建成,民营企业,β高股息低波动 适合防御,行情酝酿中,-,智能汽车产业链,-,政策支持,传统行业,消耗品,-
600935.SH,600935,华塑股份,小盘股,原材料,化学原料,氯碱,安徽,2.63,主板,火山口 派出小部队勇吃鱼身,-,-,-,2021/11/26,安徽省人民政府国有资产监督管理委员会,地方国有企业,-,行情酝酿中,-,-,化工,行业成熟稳定,传统行业,耐用品,-
600936.SH,600936,北投科技,小盘股,信息技术,信息技术服务,系统集成服务,广西,4.18,主板,-,-,-,-,2016/8/15,广西壮族自治区人民政府国有资产监督管理委员会,地方国有企业,-,行情酝酿中,国产替代,-,-,政策支持,传统行业,-,-
600938.SH,600938,中国海油,大盘股,能源,石油与天然气,燃油炼制,北京,37.34,主板,-,-,-,-,2022/4/21,中国海洋石油集团有限公司,中央企业,β高股息低波动 适合防御,行情酝酿中,-,-,能源,行业成熟稳定,传统行业,-,-
600939.SH,600939,重庆建工,迷你盘,工业,建筑与工程,房屋建设,重庆,2.88,主板,-,-,-,-,2017/2/21,重庆市国有资产监督管理委员会,地方国有企业,-,行情酝酿中,-,房地产产业链,-,行业成熟稳定,传统行业,耐用品,-
600941.SH,600941,中国移动,大盘股,通信服务,电信运营服务,电信运营服务,北京,93.47,主板,火山口 派出小部队勇吃鱼身,连续多天小涨 龟壳战术吃鱼头,-,-,2022/1/5,中国移动通信集团有限公司,中央企业,β高股息低波动 适合防御,行情酝酿中,新基建,-,-,行业成熟稳定,传统行业,-,-
600955.SH,600955,维远股份,中盘股,原材料,化学原料,其他化学原料,山东,19.27,主板,-,-,-,-,2021/9/15,徐云亭,民营企业,β高股息低波动 适合防御,表现超预期,-,-,化工,行业成熟稳定,传统行业,耐用品,-
600956.SH,600956,新天绿能,小盘股,公用事业,燃气,燃气,河北,8.07,主板,火山口 派出小部队勇吃鱼身,连续多天小涨 龟壳战术吃鱼头,-,-,2020/6/29,河北省人民政府国有资产监督管理委员会,地方国有企业,-,行情酝酿中,-,-,民生,行业成熟稳定,传统行业,消耗品,-
600958.SH,600958,东方证券,大盘股,金融,证券公司,证券公司,上海,9.34,主板,火山口 派出小部队勇吃鱼身,连续多天小涨 龟壳战术吃鱼头,-,-,2015/3/23,无实际控制人,其他,β高股息低波动 适合防御,行情酝酿中,大金融,-,-,行业成熟稳定,传统行业,-,-
600959.SH,600959,江苏有线,中盘股,通信服务,文化娱乐,广播与电视,江苏,4.15,主板,-,-,-,-,2015/4/28,江苏省人民政府,地方国有企业,β高股息低波动 适合防御,表现超预期,-,-,文化体育,行业成熟稳定,传统行业,-,-
600960.SH,600960,渤海汽车,小盘股,可选消费,汽车零部件与轮胎,汽车系统部件,山东,5.26,主板,-,-,-,-,2004/4/7,北京市人民政府国有资产监督管理委员会,地方国有企业,-,行情酝酿中,-,智能汽车产业链,-,政策支持,传统行业,消耗品,-
600961.SH,600961,株冶集团,小盘股,原材料,工业金属,铅锌,湖南,22.09,主板,-,-,有涨停 火山口战法吃鱼身,高人气,2004/8/30,国务院国有资产监督管理委员会,中央企业,-,表现超预期,新能源,-,-,行业成熟稳定,传统行业,消耗品,-
600962.SH,600962,国投中鲁,中盘股,主要消费,软饮料,软饮料,北京,20.71,主板,-,-,-,-,2004/6/22,国务院国有资产监督管理委员会,中央企业,β高股息低波动 适合防御,表现超预期,大消费,-,-,行业成熟稳定,传统行业,消耗品,-
600963.SH,600963,岳阳林纸,小盘股,原材料,纸类与林业产品,纸制品,湖南,4.81,主板,火山口 派出小部队勇吃鱼身,连续多天小涨 龟壳战术吃鱼头,-,-,2004/5/25,国务院国有资产监督管理委员会,中央企业,-,行情酝酿中,-,-,化工,行业成熟稳定,传统行业,消耗品,-
600965.SH,600965,福成股份,迷你盘,主要消费,食品,肉制品,河北,5.49,主板,火山口 派出小部队勇吃鱼身,-,-,-,2004/7/13,李高生,民营企业,-,行情酝酿中,-,-,粮食,行业成熟稳定,传统行业,消耗品,-
600966.SH,600966,博汇纸业,小盘股,原材料,纸类与林业产品,纸制品,山东,6.59,主板,火山口 派出小部队勇吃鱼身,连续多天小涨 龟壳战术吃鱼头,-,-,2004/6/8,黄志源,外资,-,行情酝酿中,-,-,化工,行业成熟稳定,传统行业,消耗品,-
600967.SH,600967,内蒙一机,中盘股,工业,国防装备,国防装备,内蒙,14.91,主板,火山口 派出小部队勇吃鱼身,连续多天小涨 龟壳战术吃鱼头,-,-,2004/5/18,国务院国有资产监督管理委员会,中央企业,β高股息低波动 适合防御,行情酝酿中,-,-,制造业(工业母机),行业成熟稳定,传统行业,耐用品,-
600968.SH,600968,海油发展,中盘股,能源,油气开采与油田服务,油田服务,北京,4.24,主板,-,-,-,-,2019/6/26,中国海洋石油集团有限公司,中央企业,β高股息低波动 适合防御,行情酝酿中,-,-,能源,行业成熟稳定,传统行业,-,-
600969.SH,600969,郴电国际,小盘股,公用事业,电力及电网,电网,湖南,9.84,主板,-,-,-,-,2004/4/8,郴州市人民政府国有资产监督管理委员会,地方国有企业,-,表现超预期,-,特高压电力产业链,-,行业成熟稳定,传统行业,-,-
600970.SH,600970,中材国际,中盘股,工业,建筑与工程,专业工程,江苏,10.56,主板,火山口 派出小部队勇吃鱼身,连续多天小涨 龟壳战术吃鱼头,-,-,2005/4/12,国务院国有资产监督管理委员会,中央企业,β高股息低波动 适合防御,行情酝酿中,-,房地产产业链,-,行业成熟稳定,传统行业,耐用品,-
600971.SH,600971,恒源煤电,小盘股,能源,煤炭,煤炭,安徽,7.2,主板,-,-,-,-,2004/8/17,安徽省人民政府国有资产监督管理委员会,地方国有企业,-,行情酝酿中,-,-,能源,行业成熟稳定,传统行业,消耗品,-
600973.SH,600973,宝胜股份,中盘股,工业,电网设备,线缆及其他,江苏,7.23,主板,火山口 派出小部队勇吃鱼身,-,-,-,2004/8/2,中国航空工业集团有限公司,中央企业,β高股息低波动 适合防御,行情酝酿中,新科技,特高压电力产业链,-,政策支持,高新技术产业,耐用品,-
600975.SH,600975,新五丰,小盘股,主要消费,养殖,畜牧产品,湖南,5.71,主板,火山口 派出小部队勇吃鱼身,连续多天小涨 龟壳战术吃鱼头,-,-,2004/6/9,湖南省人民政府国有资产监督管理委员会,地方国有企业,-,行情酝酿中,-,-,粮食,行业成熟稳定,传统行业,消耗品,-
600976.SH,600976,健民集团,小盘股,医药卫生,中药,中成药,湖北,33.37,主板,火山口 派出小部队勇吃鱼身,连续多天小涨 龟壳战术吃鱼头,-,-,2004/4/19,汪力成,民营企业,-,行情酝酿中,大健康,-,-,行业成熟稳定,传统行业,消耗品,-
600977.SH,600977,中国电影,大盘股,通信服务,文化娱乐,影视动漫,北京,14.91,主板,火山口 派出小部队勇吃鱼身,-,-,-,2016/8/9,中国电影集团公司,中央企业,β高股息低波动 适合防御,表现超预期,-,-,文化体育,行业成熟稳定,传统行业,-,-
600979.SH,600979,广安爱众,小盘股,公用事业,电力及电网,水电,四川,4.4,主板,-,-,-,-,2004/9/6,广安市广安区人民政府,地方国有企业,-,行情酝酿中,-,特高压电力产业链,-,行业成熟稳定,传统行业,-,-
600980.SH,600980,北矿科技,小盘股,工业,专用机械,采矿冶金机械,北京,22.93,主板,火山口 派出小部队勇吃鱼身,-,-,-,2004/5/12,国务院国有资产监督管理委员会,中央企业,-,行情酝酿中,-,-,制造业(工业母机),行业成熟稳定,高新技术产业,耐用品,-
600981.SH,600981,苏豪汇鸿,迷你盘,工业,商业服务与用品,贸易商,江苏,2.94,主板,火山口 派出小部队勇吃鱼身,-,-,-,2004/6/30,江苏省政府国有资产监督管理委员会,地方国有企业,-,行情酝酿中,-,实体经济,-,行业成熟稳定,传统行业,-,-
600982.SH,600982,宁波能源,中盘股,公用事业,供热及其他,供热及其他,浙江,5.62,主板,-,-,有涨停 火山口战法吃鱼身,-,2004/7/6,宁波市人民政府国有资产监督管理委员会,地方国有企业,β高股息低波动 适合防御,表现超预期,-,-,民生,行业成熟稳定,传统行业,消耗品,-
600983.SH,600983,惠而浦,小盘股,可选消费,家用电器,白色家电,安徽,10.59,主板,-,-,-,-,2004/7/27,梁昭贤,外资,-,表现超预期,大消费,-,-,行业成熟稳定,传统行业,耐用品,-
600984.SH,600984,建设机械,小盘股,工业,商业服务与用品,其他商业服务与用品,陕西,4.31,主板,-,-,-,-,2004/7/7,陕西省人民政府国有资产监督管理委员会,地方国有企业,-,行情酝酿中,-,-,制造业(工业母机),行业成熟稳定,高新技术产业,耐用品,-
600985.SH,600985,淮北矿业,中盘股,能源,煤炭,焦炭,安徽,13.25,主板,火山口 派出小部队勇吃鱼身,-,-,-,2004/4/28,安徽省人民政府国有资产监督管理委员会,地方国有企业,β高股息低波动 适合防御,行情酝酿中,-,-,能源,行业成熟稳定,传统行业,消耗品,-
600986.SH,600986,浙文互联,大盘股,通信服务,营销与广告,数字营销,浙江,10.78,主板,-,-,-,-,2004/4/26,浙江省财政厅,地方国有企业,β高股息低波动 适合防御,表现超预期,国产替代,电子商务产业链,-,政策支持,传统行业,-,-
600987.SH,600987,航民股份,小盘股,可选消费,纺织服装,纺织品,浙江,7.4,主板,-,-,-,-,2004/8/9,杭州萧山航民村资产经营中心,集体企业,-,行情酝酿中,-,-,化工,行业成熟稳定,传统行业,消耗品,-
600988.SH,600988,赤峰黄金,大盘股,原材料,贵金属,黄金,内蒙,43.42,主板,-,-,-,-,2004/4/14,李金阳,民营企业,β高股息低波动 适合防御,行情酝酿中,大消费,-,-,行业成熟稳定,传统行业,耐用品,-
600989.SH,600989,宝丰能源,大盘股,原材料,化学原料,其他化学原料,宁夏,27.75,主板,-,-,-,-,2019/5/16,党彦宝,民营企业,β高股息低波动 适合防御,行情酝酿中,-,-,化工,行业成熟稳定,传统行业,耐用品,-
600990.SH,600990,四创电子,小盘股,工业,国防装备,国防装备,安徽,24.29,主板,火山口 派出小部队勇吃鱼身,连续多天小涨 龟壳战术吃鱼头,-,-,2004/5/10,国务院国有资产监督管理委员会,中央企业,-,行情酝酿中,新基建,-,-,政策支持,高新技术产业,-,-
600992.SH,600992,贵绳股份,迷你盘,原材料,钢铁,其他钢铁,贵州,12.05,主板,-,-,-,-,2004/5/14,贵州省人民政府国有资产监督管理委员会,地方国有企业,-,行情酝酿中,-,-,能源,行业成熟稳定,传统行业,消耗品,-
600993.SH,600993,马应龙,小盘股,医药卫生,中药,中成药,湖北,24.76,主板,-,-,-,-,2004/5/17,无实际控制人,其他,-,行情酝酿中,大健康,-,-,行业成熟稳定,传统行业,消耗品,-
600995.SH,600995,南网储能,大盘股,公用事业,电力及电网,水电,云南,14.16,主板,火山口 派出小部队勇吃鱼身,连续多天小涨 龟壳战术吃鱼头,-,-,2004/6/15,国务院国有资产监督管理委员会,中央企业,β高股息低波动 适合防御,行情酝酿中,-,特高压电力产业链,-,行业成熟稳定,传统行业,-,-
600996.SH,600996,贵广网络,大盘股,通信服务,文化娱乐,广播与电视,贵州,9.4,主板,-,-,-,-,2016/12/26,中共贵州省委宣传部,地方国有企业,β高股息低波动 适合防御,行情酝酿中,-,-,文化体育,行业成熟稳定,传统行业,-,-
600997.SH,600997,开滦股份,小盘股,能源,煤炭,焦炭,河北,5.66,主板,-,-,-,-,2004/6/2,河北省人民政府国有资产监督管理委员会,地方国有企业,-,行情酝酿中,-,-,能源,行业成熟稳定,传统行业,消耗品,-
600998.SH,600998,九州通,中盘股,医药卫生,医疗商业与服务,医药商业,湖北,5.26,主板,-,-,-,-,2010/11/2,刘宝林,民营企业,β高股息低波动 适合防御,行情酝酿中,-,实体经济,-,政策支持,传统行业,消耗品,-
600999.SH,600999,招商证券,大盘股,金融,证券公司,证券公司,深圳,15.71,主板,火山口 派出小部队勇吃鱼身,连续多天小涨 龟壳战术吃鱼头,-,-,2009/11/17,招商局集团有限公司,中央企业,β高股息低波动 适合防御,行情酝酿中,大金融,-,-,行业成熟稳定,传统行业,-,-
601000.SH,601000,唐山港,中盘股,工业,交通基本设施,港口,河北,4.86,主板,火山口 派出小部队勇吃鱼身,连续多天小涨 龟壳战术吃鱼头,-,-,2010/7/5,河北省人民政府国有资产监督管理委员会,地方国有企业,β高股息低波动 适合防御,行情酝酿中,-,-,交通,行业成熟稳定,传统行业,-,-
601001.SH,601001,晋控煤业,中盘股,能源,煤炭,煤炭,山西,16.93,主板,火山口 派出小部队勇吃鱼身,连续多天小涨 龟壳战术吃鱼头,-,-,2006/6/23,山西省人民政府国有资产监督管理委员会,地方国有企业,β高股息低波动 适合防御,行情酝酿中,-,-,能源,行业成熟稳定,传统行业,消耗品,-
601002.SH,601002,晋亿实业,中盘股,工业,通用机械,其他通用机械,浙江,6.19,主板,-,-,-,-,2007/1/26,蔡永龙,外资,β高股息低波动 适合防御,表现超预期,-,-,制造业(工业母机),行业成熟稳定,传统行业,耐用品,-
601003.SH,601003,柳钢股份,迷你盘,原材料,钢铁,普钢,广西,4.64,主板,火山口 派出小部队勇吃鱼身,-,-,-,2007/2/27,广西壮族自治区人民政府国有资产监督管理委员会,地方国有企业,-,行情酝酿中,-,-,能源,行业成熟稳定,传统行业,消耗品,-
601005.SH,601005,重庆钢铁,小盘股,原材料,钢铁,普钢,重庆,1.41,主板,火山口 派出小部队勇吃鱼身,-,-,-,2007/2/28,中国宝武钢铁集团有限公司,中央企业,-,行情酝酿中,-,-,能源,行业成熟稳定,传统行业,消耗品,-
601006.SH,601006,大秦铁路,中盘股,工业,运输业,铁路运输,山西,5.25,主板,火山口 派出小部队勇吃鱼身,连续多天小涨 龟壳战术吃鱼头,-,-,2006/8/1,中国国家铁路集团有限公司,中央企业,β高股息低波动 适合防御,行情酝酿中,-,-,交通,行业成熟稳定,传统行业,-,-
601007.SH,601007,金陵饭店,中盘股,可选消费,休闲服务,酒店,江苏,8.12,主板,-,-,-,-,2007/4/6,江苏省政府国有资产监督管理委员会,地方国有企业,β高股息低波动 适合防御,行情酝酿中,-,实体经济,-,行业成熟稳定,传统行业,-,-
601008.SH,601008,连云港,迷你盘,工业,交通基本设施,港口,江苏,4.83,主板,火山口 派出小部队勇吃鱼身,连续多天小涨 龟壳战术吃鱼头,-,-,2007/4/26,连云港市人民政府国有资产监督管理委员会,地方国有企业,-,行情酝酿中,-,-,交通,行业成熟稳定,传统行业,-,-
601009.SH,601009,南京银行,中盘股,金融,商业银行,区域性银行,江苏,11.11,主板,火山口 派出小部队勇吃鱼身,连续多天小涨 龟壳战术吃鱼头,-,-,2007/7/19,无实际控制人,其他,β高股息低波动 适合防御,行情酝酿中,大金融,-,-,行业成熟稳定,传统行业,-,-
601010.SH,601010,文峰股份,中盘股,可选消费,一般零售,百货商店,江苏,2.43,主板,火山口 派出小部队勇吃鱼身,-,-,-,2011/6/3,薛健,民营企业,β高股息低波动 适合防御,表现超预期,-,实体经济,-,行业成熟稳定,传统行业,-,-
601011.SH,601011,宝泰隆,小盘股,能源,煤炭,焦炭,黑龙江,3.15,主板,-,-,-,-,2011/3/9,焦云,民营企业,-,行情酝酿中,-,-,能源,行业成熟稳定,传统行业,消耗品,-
601012.SH,601012,隆基绿能,大盘股,工业,发电设备,光伏设备,陕西,17.44,主板,火山口 派出小部队勇吃鱼身,连续多天小涨 龟壳战术吃鱼头,-,-,2012/4/11,李振国,民营企业,β高股息低波动 适合防御,行情酝酿中,新科技,特高压电力产业链,-,政策支持,高新技术产业,耐用品,-
601015.SH,601015,陕西黑猫,中盘股,能源,煤炭,焦炭,陕西,3.88,主板,-,-,-,-,2014/11/5,李保平,民营企业,β高股息低波动 适合防御,行情酝酿中,-,-,能源,行业成熟稳定,传统行业,消耗品,-
601016.SH,601016,节能风电,大盘股,公用事业,电力及电网,风电,北京,4.06,主板,火山口 派出小部队勇吃鱼身,-,-,-,2014/9/29,国务院国有资产监督管理委员会,中央企业,β高股息低波动 适合防御,行情酝酿中,-,特高压电力产业链,-,政策支持,高新技术产业,-,-
601018.SH,601018,宁波港,中盘股,工业,交通基本设施,港口,浙江,3.84,主板,-,-,-,-,2010/9/28,浙江省人民政府国有资产监督管理委员会,地方国有企业,β高股息低波动 适合防御,行情酝酿中,-,-,交通,行业成熟稳定,传统行业,-,-
601019.SH,601019,山东出版,中盘股,通信服务,文化娱乐,出版,山东,7.77,主板,-,-,-,-,2017/11/22,山东出版集团有限公司,地方国有企业,β高股息低波动 适合防御,行情酝酿中,-,-,文化体育,行业成熟稳定,传统行业,-,-
601020.SH,601020,华钰矿业,大盘股,原材料,工业金属,铅锌,西藏,31.49,主板,-,-,-,-,2016/3/16,刘建军,民营企业,β高股息低波动 适合防御,表现超预期,新能源,-,-,行业成熟稳定,传统行业,消耗品,-
601021.SH,601021,春秋航空,中盘股,工业,运输业,航空运输,上海,47.43,主板,火山口 派出小部队勇吃鱼身,连续多天小涨 龟壳战术吃鱼头,-,-,2015/1/21,王正华,民营企业,β高股息低波动 适合防御,行情酝酿中,-,-,交通,行业成熟稳定,传统行业,-,-
601022.SH,601022,宁波远洋,小盘股,工业,运输业,航运,浙江,8.89,主板,火山口 派出小部队勇吃鱼身,连续多天小涨 龟壳战术吃鱼头,-,-,2022/12/8,浙江省人民政府国有资产监督管理委员会,地方国有企业,-,行情酝酿中,-,-,交通,行业成熟稳定,传统行业,-,-
601026.SH,601026,道生天合,小盘股,原材料,塑料,合成树脂,上海,18.71,主板,火山口 派出小部队勇吃鱼身,-,-,-,2025/10/17,季刚,民营企业,-,行情酝酿中,新科技,特高压电力产业链,-,政策支持,高新技术产业,耐用品,-
601033.SH,601033,永兴股份,迷你盘,工业,污染治理,固废处理,广东,14.77,主板,火山口 派出小部队勇吃鱼身,连续多天小涨 龟壳战术吃鱼头,-,-,2024/1/18,广州市人民政府,地方国有企业,-,行情酝酿中,-,-,民生,行业成熟稳定,传统行业,-,-
601038.SH,601038,一拖股份,小盘股,工业,专用机械,农业机械,河南,12.67,主板,火山口 派出小部队勇吃鱼身,-,-,-,2012/8/8,中国机械工业集团有限公司,中央企业,-,行情酝酿中,-,-,制造业(工业母机),行业成熟稳定,传统行业,耐用品,-
601058.SH,601058,赛轮轮胎,大盘股,可选消费,汽车零部件与轮胎,轮胎,山东,13.63,主板,-,-,-,-,2011/6/30,袁仲雪,民营企业,β高股息低波动 适合防御,行情酝酿中,-,智能汽车产业链,-,政策支持,传统行业,消耗品,-
601059.SH,601059,信达证券,小盘股,金融,证券公司,证券公司,北京,16.87,主板,火山口 派出小部队勇吃鱼身,连续多天小涨 龟壳战术吃鱼头,-,-,2023/2/1,中央汇金投资有限责任公司,中央企业,-,行情酝酿中,大金融,-,-,行业成熟稳定,传统行业,-,-
601061.SH,601061,中信金属,中盘股,工业,商业服务与用品,贸易商,北京,12.9,主板,火山口 派出小部队勇吃鱼身,连续多天小涨 龟壳战术吃鱼头,-,-,2023/4/10,中国中信集团有限公司,中央企业,β高股息低波动 适合防御,行情酝酿中,-,实体经济,-,行业成熟稳定,传统行业,-,-
601065.SH,601065,江盐集团,迷你盘,原材料,化学原料,纯碱,江西,8.41,主板,火山口 派出小部队勇吃鱼身,连续多天小涨 龟壳战术吃鱼头,-,-,2023/4/10,江西省国有资产监督管理委员会,地方国有企业,-,行情酝酿中,-,-,化工,行业成熟稳定,传统行业,耐用品,-
601066.SH,601066,中信建投,中盘股,金融,证券公司,证券公司,北京,21.84,主板,火山口 派出小部队勇吃鱼身,连续多天小涨 龟壳战术吃鱼头,-,-,2018/6/20,无实际控制人,其他,β高股息低波动 适合防御,行情酝酿中,大金融,-,-,行业成熟稳定,传统行业,-,-
601068.SH,601068,中铝国际,小盘股,工业,建筑与工程,专业工程,北京,6.28,主板,火山口 派出小部队勇吃鱼身,-,-,-,2018/8/31,国务院国有资产监督管理委员会,中央企业,-,行情酝酿中,-,房地产产业链,-,行业成熟稳定,传统行业,耐用品,-
601069.SH,601069,西部黄金,大盘股,原材料,贵金属,黄金,新疆,33.07,主板,-,-,-,-,2015/1/22,新疆维吾尔自治区人民政府国有资产监督管理委员会,地方国有企业,β高股息低波动 适合防御,表现超预期,大消费,-,-,行业成熟稳定,传统行业,耐用品,-
601077.SH,601077,渝农商行,中盘股,金融,商业银行,区域性银行,重庆,7.2,主板,火山口 派出小部队勇吃鱼身,-,-,-,2019/10/29,无实际控制人,其他,β高股息低波动 适合防御,行情酝酿中,大金融,-,-,行业成熟稳定,传统行业,-,-
601083.SH,601083,锦江航运,小盘股,工业,运输业,航运,上海,12.7,主板,-,-,-,-,2023/12/5,上海市国有资产监督管理委员会,地方国有企业,-,行情酝酿中,-,-,交通,行业成熟稳定,传统行业,-,-
601086.SH,601086,国芳集团,小盘股,可选消费,一般零售,百货商店,甘肃,9,主板,火山口 派出小部队勇吃鱼身,连续多天小涨 龟壳战术吃鱼头,-,-,2017/9/29,张国芳,民营企业,-,行情酝酿中,-,实体经济,-,行业成熟稳定,传统行业,-,-
601088.SH,601088,中国神华,大盘股,能源,煤炭,煤炭,北京,45.55,主板,火山口 派出小部队勇吃鱼身,连续多天小涨 龟壳战术吃鱼头,-,-,2007/10/9,国务院国有资产监督管理委员会,中央企业,β高股息低波动 适合防御,行情酝酿中,-,-,能源,行业成熟稳定,传统行业,消耗品,-
601089.SH,601089,福元医药,中盘股,医药卫生,化学药,药品制剂,北京,22.39,主板,-,-,-,-,2022/6/30,胡柏藩,民营企业,β高股息低波动 适合防御,行情酝酿中,大健康,-,-,政策支持,高新技术产业,消耗品,-
601096.SH,601096,宏盛华源,小盘股,工业,电网设备,线缆及其他,山东,5.54,主板,火山口 派出小部队勇吃鱼身,连续多天小涨 龟壳战术吃鱼头,-,-,2023/12/22,国务院国有资产监督管理委员会,中央企业,-,行情酝酿中,-,-,能源,行业成熟稳定,传统行业,消耗品,-
601098.SH,601098,中南传媒,小盘股,通信服务,文化娱乐,出版,湖南,11.11,主板,火山口 派出小部队勇吃鱼身,连续多天小涨 龟壳战术吃鱼头,-,-,2010/10/28,湖南省人民政府,地方国有企业,-,行情酝酿中,-,-,文化体育,行业成熟稳定,传统行业,-,-
601099.SH,601099,太平洋,中盘股,金融,证券公司,证券公司,云南,3.82,主板,火山口 派出小部队勇吃鱼身,-,-,-,2007/12/28,无实际控制人,其他,β高股息低波动 适合防御,行情酝酿中,大金融,-,-,行业成熟稳定,传统行业,-,-
601100.SH,601100,恒立液压,大盘股,工业,通用机械,气液机械,江苏,105.39,主板,-,-,-,-,2011/10/28,汪立平,民营企业,β高股息低波动 适合防御,表现超预期,-,-,制造业(工业母机),行业成熟稳定,高新技术产业,耐用品,有量化参与
601101.SH,601101,昊华能源,小盘股,能源,煤炭,煤炭,北京,8.18,主板,火山口 派出小部队勇吃鱼身,-,-,-,2010/3/31,北京市人民政府国有资产监督管理委员会,地方国有企业,-,行情酝酿中,-,-,能源,行业成熟稳定,传统行业,消耗品,-
601106.SH,601106,中国一重,中盘股,工业,专用机械,采矿冶金机械,黑龙江,4.22,主板,火山口 派出小部队勇吃鱼身,-,-,-,2010/2/9,国务院国有资产监督管理委员会,中央企业,β高股息低波动 适合防御,行情酝酿中,-,-,制造业(工业母机),行业成熟稳定,高新技术产业,耐用品,-
601107.SH,601107,四川成渝,小盘股,工业,交通基本设施,高速公路,四川,6.01,主板,火山口 派出小部队勇吃鱼身,连续多天小涨 龟壳战术吃鱼头,-,-,2009/7/27,四川省政府国有资产监督管理委员会,地方国有企业,-,行情酝酿中,-,-,交通,行业成熟稳定,传统行业,-,-
601108.SH,601108,财通证券,中盘股,金融,证券公司,证券公司,浙江,8.31,主板,火山口 派出小部队勇吃鱼身,连续多天小涨 龟壳战术吃鱼头,-,-,2017/10/24,浙江省财政厅,地方国有企业,β高股息低波动 适合防御,行情酝酿中,大金融,-,-,行业成熟稳定,传统行业,-,-
601111.SH,601111,中国国航,大盘股,工业,运输业,航空运输,北京,6.92,主板,-,-,-,-,2006/8/18,国务院国有资产监督管理委员会,中央企业,β高股息低波动 适合防御,行情酝酿中,-,-,交通,行业成熟稳定,传统行业,-,-
601112.SH,601112,振石股份,中盘股,原材料,其他非金属材料,玻璃纤维,浙江,20.08,主板,火山口 派出小部队勇吃鱼身,连续多天小涨 龟壳战术吃鱼头,-,-,2026/1/29,张健侃,民营企业,β高股息低波动 适合防御,表现超预期,-,-,化工,行业成熟稳定,传统行业,耐用品,-
601113.SH,601113,华鼎股份,小盘股,原材料,化学纤维,锦纶与涤纶,浙江,4.47,主板,-,-,-,-,2011/5/9,郑期中,民营企业,-,表现超预期,-,-,化工,行业成熟稳定,传统行业,耐用品,-
601116.SH,601116,三江购物,中盘股,可选消费,一般零售,超市与便利店,浙江,14.13,主板,火山口 派出小部队勇吃鱼身,连续多天小涨 龟壳战术吃鱼头,-,-,2011/3/2,陈念慈,民营企业,β高股息低波动 适合防御,行情酝酿中,-,实体经济,-,行业成熟稳定,传统行业,-,-
601117.SH,601117,中国化学,大盘股,工业,建筑与工程,专业工程,北京,8.57,主板,-,-,-,-,2010/1/7,国务院国有资产监督管理委员会,中央企业,β高股息低波动 适合防御,行情酝酿中,-,房地产产业链,-,行业成熟稳定,传统行业,耐用品,-
601118.SH,601118,海南橡胶,中盘股,主要消费,种植,农产品,海南,6.49,主板,-,-,-,-,2011/1/7,海南省国有资产监督管理委员会,地方国有企业,β高股息低波动 适合防御,行情酝酿中,-,-,化工,行业成熟稳定,传统行业,耐用品,-
601121.SH,601121,宝地矿业,小盘股,原材料,钢铁,其他钢铁,新疆,7.83,主板,-,-,-,-,2023/3/10,新疆维吾尔自治区人民政府国有资产监督管理委员会,地方国有企业,-,行情酝酿中,-,-,能源,行业成熟稳定,传统行业,消耗品,-
601126.SH,601126,四方股份,大盘股,工业,电网设备,电网自动化,北京,48.13,主板,-,-,-,-,2010/12/31,杨奇逊,民营企业,β高股息低波动 适合防御,行情酝酿中,新科技,特高压电力产业链,-,政策支持,高新技术产业,耐用品,-
601127.SH,601127,赛力斯,大盘股,可选消费,乘用车,乘用车,重庆,89.47,主板,火山口 派出小部队勇吃鱼身,-,-,-,2016/6/15,张兴海,民营企业,β高股息低波动 适合防御,行情酝酿中,-,智能汽车产业链,-,政策支持,传统行业,耐用品,-
601128.SH,601128,常熟银行,中盘股,金融,商业银行,区域性银行,江苏,7.21,主板,火山口 派出小部队勇吃鱼身,连续多天小涨 龟壳战术吃鱼头,-,-,2016/9/30,无实际控制人,其他,β高股息低波动 适合防御,行情酝酿中,大金融,-,-,行业成熟稳定,传统行业,-,-
601133.SH,601133,柏诚股份,大盘股,工业,建筑装修,建筑装修,江苏,24.87,主板,-,-,-,高人气,2023/4/10,过建廷,民营企业,β高股息低波动 适合防御,表现超预期,-,房地产产业链,-,行业成熟稳定,传统行业,耐用品,-
601136.SH,601136,首创证券,小盘股,金融,证券公司,证券公司,北京,16.32,主板,火山口 派出小部队勇吃鱼身,连续多天小涨 龟壳战术吃鱼头,-,-,2022/12/22,北京市人民政府国有资产监督管理委员会,地方国有企业,-,行情酝酿中,大金融,-,-,行业成熟稳定,传统行业,-,-
601137.SH,601137,博威合金,中盘股,原材料,工业金属,铜,浙江,20.24,主板,火山口 派出小部队勇吃鱼身,连续多天小涨 龟壳战术吃鱼头,-,-,2011/1/27,谢识才,民营企业,β高股息低波动 适合防御,行情酝酿中,新能源,-,-,行业成熟稳定,传统行业,消耗品,-
601138.SH,601138,工业富联,大盘股,信息技术,电子终端及组件,消费电子组件及零部件,深圳,60.97,主板,-,-,-,-,2018/6/8,无实际控制人,其他,β高股息低波动 适合防御,表现超预期,新基建,-,-,政策支持,高新技术产业,-,-
601139.SH,601139,深圳燃气,小盘股,公用事业,燃气,燃气,深圳,6.8,主板,-,-,-,-,2009/12/25,深圳市人民政府国有资产监督管理委员会,地方国有企业,-,行情酝酿中,-,-,民生,行业成熟稳定,传统行业,消耗品,-
601155.SH,601155,新城控股,大盘股,房地产,房地产开发与园区,房地产开发,江苏,14.71,主板,火山口 派出小部队勇吃鱼身,-,-,-,2015/12/4,王振华,外资,β高股息低波动 适合防御,行情酝酿中,-,-,-,行业成熟稳定,传统行业,耐用品,-
601156.SH,601156,东航物流,小盘股,工业,运输业,航空运输,上海,17.05,主板,-,-,-,-,2021/6/9,中国东方航空集团有限公司,中央企业,-,行情酝酿中,-,电子商务产业链,-,政策支持,传统行业,-,-
601158.SH,601158,重庆水务,迷你盘,公用事业,水务,水务,重庆,4.36,主板,火山口 派出小部队勇吃鱼身,连续多天小涨 龟壳战术吃鱼头,-,-,2010/3/29,重庆市国有资产监督管理委员会,地方国有企业,-,行情酝酿中,-,-,民生,行业成熟稳定,传统行业,耐用品,-
601162.SH,601162,天风证券,中盘股,金融,证券公司,证券公司,湖北,3.8,主板,火山口 派出小部队勇吃鱼身,连续多天小涨 龟壳战术吃鱼头,-,-,2018/10/19,湖北省财政厅,地方国有企业,β高股息低波动 适合防御,行情酝酿中,大金融,-,-,行业成熟稳定,传统行业,-,-
601163.SH,601163,三角轮胎,小盘股,可选消费,汽车零部件与轮胎,轮胎,山东,14.09,主板,火山口 派出小部队勇吃鱼身,连续多天小涨 龟壳战术吃鱼头,-,-,2016/9/9,丁木,民营企业,-,行情酝酿中,-,智能汽车产业链,-,政策支持,传统行业,消耗品,-
601166.SH,601166,兴业银行,大盘股,金融,商业银行,综合性银行,福建,18.4,主板,火山口 派出小部队勇吃鱼身,-,-,-,2007/2/5,无实际控制人,其他,β高股息低波动 适合防御,行情酝酿中,大金融,-,-,行业成熟稳定,传统行业,-,-
601168.SH,601168,西部矿业,大盘股,原材料,工业金属,铜,青海,28.67,主板,火山口 派出小部队勇吃鱼身,连续多天小涨 龟壳战术吃鱼头,-,-,2007/7/12,青海省政府国有资产监督管理委员会,地方国有企业,β高股息低波动 适合防御,行情酝酿中,新能源,特高压电力产业链,-,行业成熟稳定,传统行业,消耗品,-
601169.SH,601169,北京银行,大盘股,金融,商业银行,区域性银行,北京,5.42,主板,火山口 派出小部队勇吃鱼身,连续多天小涨 龟壳战术吃鱼头,-,-,2007/9/19,无实际控制人,其他,β高股息低波动 适合防御,行情酝酿中,大金融,-,-,行业成熟稳定,传统行业,-,-
601177.SH,601177,杭齿前进,小盘股,工业,交通运输设备,船舶及其他航运设备,浙江,14.76,主板,火山口 派出小部队勇吃鱼身,连续多天小涨 龟壳战术吃鱼头,-,-,2010/10/11,杭州市萧山区财政局(杭州市萧山区人民政府国有资产监督管理办公室),地方国有企业,-,行情酝酿中,-,-,制造业(工业母机),行业成熟稳定,传统行业,耐用品,-
601179.SH,601179,中国西电,大盘股,工业,电网设备,输变电设备,陕西,17.19,主板,-,-,-,高人气,2010/1/28,国务院国有资产监督管理委员会,中央企业,β高股息低波动 适合防御,表现超预期,新科技,特高压电力产业链,-,政策支持,高新技术产业,耐用品,-
601186.SH,601186,中国铁建,大盘股,工业,建筑与工程,基础设施建设,北京,6.93,主板,火山口 派出小部队勇吃鱼身,连续多天小涨 龟壳战术吃鱼头,-,-,2008/3/10,国务院国有资产监督管理委员会,中央企业,β高股息低波动 适合防御,行情酝酿中,-,房地产产业链,-,行业成熟稳定,传统行业,耐用品,-
601187.SH,601187,厦门银行,小盘股,金融,商业银行,区域性银行,福建,7.53,主板,火山口 派出小部队勇吃鱼身,-,-,-,2020/10/27,无实际控制人,其他,-,行情酝酿中,大金融,-,-,行业成熟稳定,传统行业,-,-
601188.SH,601188,龙江交通,迷你盘,工业,交通基本设施,高速公路,黑龙江,3.24,主板,火山口 派出小部队勇吃鱼身,-,-,-,2010/3/19,黑龙江省人民政府国有资产监督管理委员会,地方国有企业,-,行情酝酿中,-,-,交通,行业成熟稳定,传统行业,-,-
601198.SH,601198,东兴证券,小盘股,金融,证券公司,证券公司,北京,12.96,主板,火山口 派出小部队勇吃鱼身,-,-,-,2015/2/26,中华人民共和国国务院,中央企业,-,行情酝酿中,大金融,-,-,行业成熟稳定,传统行业,-,-
601199.SH,601199,江南水务,迷你盘,公用事业,水务,水务,江苏,5.6,主板,火山口 派出小部队勇吃鱼身,-,-,-,2011/3/17,江阴市人民政府,地方国有企业,-,行情酝酿中,-,-,民生,行业成熟稳定,传统行业,耐用品,-
601200.SH,601200,上海环境,小盘股,工业,污染治理,固废处理,上海,8.05,主板,火山口 派出小部队勇吃鱼身,连续多天小涨 龟壳战术吃鱼头,-,-,2017/3/31,上海市国有资产监督管理委员会,地方国有企业,-,行情酝酿中,-,-,民生,行业成熟稳定,传统行业,-,-
601208.SH,601208,东材科技,大盘股,原材料,塑料,膜材料,四川,36.73,主板,-,-,-,-,2011/5/20,熊海涛,民营企业,β高股息低波动 适合防御,表现超预期,-,-,化工,行业成熟稳定,传统行业,耐用品,-
601211.SH,601211,国泰海通,大盘股,金融,证券公司,证券公司,上海,16.98,主板,火山口 派出小部队勇吃鱼身,连续多天小涨 龟壳战术吃鱼头,-,-,2015/6/26,上海国际集团有限公司,地方国有企业,β高股息低波动 适合防御,表现超预期,大金融,-,-,行业成熟稳定,传统行业,-,-
601212.SH,601212,白银有色,大盘股,原材料,工业金属,铜,甘肃,8.06,主板,火山口 派出小部队勇吃鱼身,-,-,-,2017/2/15,无实际控制人,其他,β高股息低波动 适合防御,行情酝酿中,新能源,特高压电力产业链,-,行业成熟稳定,传统行业,消耗品,-
601216.SH,601216,君正集团,大盘股,原材料,化学原料,氯碱,内蒙,5.23,主板,-,-,-,-,2011/2/22,杜江涛,民营企业,β高股息低波动 适合防御,行情酝酿中,-,-,化工,行业成熟稳定,传统行业,耐用品,-
601218.SH,601218,吉鑫科技,大盘股,工业,发电设备,风电设备,江苏,6.21,主板,火山口 派出小部队勇吃鱼身,-,-,-,2011/5/6,包士金,民营企业,β高股息低波动 适合防御,行情酝酿中,新科技,特高压电力产业链,-,政策支持,高新技术产业,耐用品,-
601222.SH,601222,林洋能源,中盘股,公用事业,电力及电网,光伏发电,江苏,6.38,主板,火山口 派出小部队勇吃鱼身,-,-,-,2011/8/8,陆永华,民营企业,β高股息低波动 适合防御,行情酝酿中,-,特高压电力产业链,-,政策支持,高新技术产业,-,-
601225.SH,601225,陕西煤业,大盘股,能源,煤炭,煤炭,陕西,24.8,主板,火山口 派出小部队勇吃鱼身,连续多天小涨 龟壳战术吃鱼头,-,-,2014/1/28,陕西省人民政府国有资产监督管理委员会,地方国有企业,β高股息低波动 适合防御,行情酝酿中,-,-,能源,行业成熟稳定,传统行业,消耗品,-
601226.SH,601226,华电科工,中盘股,工业,建筑与工程,专业工程,北京,9.59,主板,火山口 派出小部队勇吃鱼身,连续多天小涨 龟壳战术吃鱼头,-,-,2014/12/11,国务院国有资产监督管理委员会,中央企业,β高股息低波动 适合防御,行情酝酿中,-,房地产产业链,-,行业成熟稳定,传统行业,耐用品,-
601228.SH,601228,广州港,小盘股,工业,交通基本设施,港口,广东,3.25,主板,火山口 派出小部队勇吃鱼身,连续多天小涨 龟壳战术吃鱼头,-,-,2017/3/29,广州市人民政府国有资产监督管理委员会,地方国有企业,-,行情酝酿中,-,-,交通,行业成熟稳定,传统行业,-,-
601229.SH,601229,上海银行,中盘股,金融,商业银行,区域性银行,上海,9.74,主板,火山口 派出小部队勇吃鱼身,连续多天小涨 龟壳战术吃鱼头,-,-,2016/11/16,无实际控制人,其他,β高股息低波动 适合防御,行情酝酿中,大金融,-,-,行业成熟稳定,传统行业,-,-
601231.SH,601231,环旭电子,大盘股,信息技术,电子终端及组件,消费电子组件及零部件,上海,40.18,主板,-,-,-,-,2012/2/20,张洪本,外资,β高股息低波动 适合防御,表现超预期,新科技,-,-,政策支持,高新技术产业,-,-
601233.SH,601233,桐昆股份,大盘股,原材料,化学纤维,锦纶与涤纶,浙江,19.62,主板,-,-,-,-,2011/5/18,陈士良,民营企业,β高股息低波动 适合防御,行情酝酿中,-,-,化工,行业成熟稳定,传统行业,耐用品,-
601236.SH,601236,红塔证券,小盘股,金融,证券公司,证券公司,云南,7.78,主板,火山口 派出小部队勇吃鱼身,连续多天小涨 龟壳战术吃鱼头,-,-,2019/7/5,中国烟草总公司,中央企业,-,行情酝酿中,大金融,-,-,行业成熟稳定,传统行业,-,-
601238.SH,601238,广汽集团,小盘股,可选消费,乘用车,乘用车,广东,7.24,主板,火山口 派出小部队勇吃鱼身,连续多天小涨 龟壳战术吃鱼头,-,-,2012/3/29,广州市人民政府国有资产监督管理委员会,地方国有企业,-,行情酝酿中,-,智能汽车产业链,-,政策支持,传统行业,耐用品,-
601279.SH,601279,英利汽车,迷你盘,可选消费,汽车零部件与轮胎,其他汽车零部件,吉林,3.93,主板,-,-,-,-,2021/4/15,林启彬,外资,-,行情酝酿中,-,智能汽车产业链,-,政策支持,传统行业,消耗品,-
601288.SH,601288,农业银行,大盘股,金融,商业银行,综合性银行,北京,7.06,主板,火山口 派出小部队勇吃鱼身,连续多天小涨 龟壳战术吃鱼头,-,-,2010/7/15,无实际控制人,其他,β高股息低波动 适合防御,行情酝酿中,大金融,-,-,行业成熟稳定,传统行业,-,-
601298.SH,601298,青岛港,小盘股,工业,交通基本设施,港口,山东,8.89,主板,火山口 派出小部队勇吃鱼身,连续多天小涨 龟壳战术吃鱼头,-,-,2019/1/21,山东省人民政府国有资产监督管理委员会,地方国有企业,-,行情酝酿中,-,-,交通,行业成熟稳定,传统行业,-,-
601311.SH,601311,骆驼股份,大盘股,工业,储能设备,电池,湖北,10.41,主板,火山口 派出小部队勇吃鱼身,-,-,-,2011/6/2,孙洁,民营企业,β高股息低波动 适合防御,表现超预期,新科技,特高压电力产业链,-,政策支持,高新技术产业,耐用品,-
601318.SH,601318,中国平安,大盘股,金融,保险,多元化保险,深圳,57.92,主板,-,-,-,-,2007/3/1,无实际控制人,其他,β高股息低波动 适合防御,行情酝酿中,大金融,-,-,行业成熟稳定,传统行业,-,-
601319.SH,601319,中国人保,大盘股,金融,保险,财产与意外伤害保险,北京,7.38,主板,火山口 派出小部队勇吃鱼身,-,-,-,2018/11/16,中华人民共和国财政部,中央企业,β高股息低波动 适合防御,行情酝酿中,大金融,-,-,行业成熟稳定,传统行业,-,-
601326.SH,601326,秦港股份,小盘股,工业,交通基本设施,港口,河北,3.55,主板,-,-,-,-,2017/8/16,河北省人民政府国有资产监督管理委员会,地方国有企业,-,行情酝酿中,-,-,交通,行业成熟稳定,传统行业,-,-
601328.SH,601328,交通银行,大盘股,金融,商业银行,综合性银行,上海,6.96,主板,火山口 派出小部队勇吃鱼身,连续多天小涨 龟壳战术吃鱼头,-,-,2007/5/15,无实际控制人,其他,β高股息低波动 适合防御,行情酝酿中,大金融,-,-,行业成熟稳定,传统行业,-,-
601330.SH,601330,绿色动力,中盘股,工业,污染治理,固废处理,深圳,7.83,主板,火山口 派出小部队勇吃鱼身,-,-,-,2018/6/11,北京市国有资产经营有限责任公司,地方国有企业,β高股息低波动 适合防御,行情酝酿中,-,-,民生,行业成熟稳定,传统行业,-,-
601333.SH,601333,广深铁路,小盘股,工业,运输业,铁路运输,深圳,3.04,主板,火山口 派出小部队勇吃鱼身,连续多天小涨 龟壳战术吃鱼头,-,-,2006/12/22,中国国家铁路集团有限公司,中央企业,-,行情酝酿中,-,-,交通,行业成熟稳定,传统行业,-,-
601336.SH,601336,新华保险,大盘股,金融,保险,人寿与健康保险,北京,64.27,主板,-,-,-,-,2011/12/16,中国投资有限责任公司,中央企业,β高股息低波动 适合防御,行情酝酿中,大金融,-,-,行业成熟稳定,传统行业,-,-
601339.SH,601339,百隆东方,中盘股,可选消费,纺织服装,纺织品,浙江,7.97,主板,-,-,-,-,2012/6/12,杨卫新,外资,β高股息低波动 适合防御,表现超预期,-,-,化工,行业成熟稳定,传统行业,消耗品,-
601360.SH,601360,三六零,大盘股,信息技术,软件开发,通用软件,天津,11.03,主板,火山口 派出小部队勇吃鱼身,-,-,-,2012/1/16,周鸿祎,民营企业,β高股息低波动 适合防御,行情酝酿中,国产替代,电子商务产业链,-,政策支持,传统行业,-,-
601366.SH,601366,利群股份,迷你盘,可选消费,一般零售,超市与便利店,山东,3.97,主板,火山口 派出小部队勇吃鱼身,-,-,-,2017/4/12,徐恭藻,民营企业,-,行情酝酿中,-,实体经济,-,行业成熟稳定,传统行业,-,-
601368.SH,601368,绿城水务,迷你盘,公用事业,水务,水务,广西,4.8,主板,火山口 派出小部队勇吃鱼身,连续多天小涨 龟壳战术吃鱼头,-,-,2015/6/12,广西壮族自治区南宁市人民政府国有资产监督管理委员会,地方国有企业,-,行情酝酿中,-,-,民生,行业成熟稳定,传统行业,耐用品,-
601369.SH,601369,陕鼓动力,小盘股,工业,通用机械,气液机械,陕西,10.09,主板,-,-,-,-,2010/4/28,陕西省西安市人民政府国有资产监督管理委员会,地方国有企业,-,行情酝酿中,-,-,制造业(工业母机),行业成熟稳定,传统行业,耐用品,-
601375.SH,601375,中原证券,小盘股,金融,证券公司,证券公司,河南,4.04,主板,火山口 派出小部队勇吃鱼身,连续多天小涨 龟壳战术吃鱼头,-,-,2017/1/3,河南省财政厅,地方国有企业,-,行情酝酿中,大金融,-,-,行业成熟稳定,传统行业,-,-
601377.SH,601377,兴业证券,大盘股,金融,证券公司,证券公司,福建,5.98,主板,火山口 派出小部队勇吃鱼身,连续多天小涨 龟壳战术吃鱼头,-,-,2010/10/13,福建省财政厅,地方国有企业,β高股息低波动 适合防御,行情酝酿中,大金融,-,-,行业成熟稳定,传统行业,-,-
601388.SH,601388,怡球资源,大盘股,工业,节能与生态修复,节能与资源回收,江苏,4.15,主板,-,-,-,-,2012/4/23,黄崇胜,外资,β高股息低波动 适合防御,行情酝酿中,-,军工高铁产业链,-,行业成熟稳定,传统行业,消耗品,-
601390.SH,601390,中国中铁,大盘股,工业,建筑与工程,基础设施建设,北京,5.32,主板,火山口 派出小部队勇吃鱼身,连续多天小涨 龟壳战术吃鱼头,-,-,2007/12/3,国务院国有资产监督管理委员会,中央企业,β高股息低波动 适合防御,行情酝酿中,-,房地产产业链,-,行业成熟稳定,传统行业,耐用品,-
601398.SH,601398,工商银行,大盘股,金融,商业银行,综合性银行,北京,7.44,主板,火山口 派出小部队勇吃鱼身,连续多天小涨 龟壳战术吃鱼头,-,-,2006/10/27,无实际控制人,其他,β高股息低波动 适合防御,行情酝酿中,大金融,-,-,行业成熟稳定,传统行业,-,-
601399.SH,601399,国机重装,大盘股,工业,专用机械,采矿冶金机械,四川,4.23,主板,-,-,-,-,2020/6/8,中国机械工业集团有限公司,中央企业,β高股息低波动 适合防御,行情酝酿中,-,-,制造业(工业母机),行业成熟稳定,高新技术产业,耐用品,-
601456.SH,601456,国联民生,中盘股,金融,证券公司,证券公司,江苏,9.33,主板,火山口 派出小部队勇吃鱼身,连续多天小涨 龟壳战术吃鱼头,-,-,2020/7/31,无锡市人民政府国有资产监督管理委员会,地方国有企业,β高股息低波动 适合防御,行情酝酿中,大金融,-,-,行业成熟稳定,传统行业,-,-
601500.SH,601500,通用股份,迷你盘,可选消费,汽车零部件与轮胎,轮胎,江苏,4.22,主板,-,-,-,-,2016/9/19,江苏省政府国有资产监督管理委员会,地方国有企业,-,行情酝酿中,-,智能汽车产业链,-,政策支持,传统行业,消耗品,-
601512.SH,601512,中新集团,迷你盘,房地产,房地产开发与园区,园区,江苏,8.89,主板,火山口 派出小部队勇吃鱼身,连续多天小涨 龟壳战术吃鱼头,-,-,2019/12/20,苏州工业园区国有资本投资运营控股有限公司,地方国有企业,-,行情酝酿中,-,电子商务产业链,-,行业成熟稳定,传统行业,-,-
601515.SH,601515,衢州东峰,中盘股,医药卫生,医疗器械,医疗耗材,浙江,4.68,主板,火山口 派出小部队勇吃鱼身,-,-,-,2012/2/16,衢州市人民政府国有资产监督管理委员会,地方国有企业,β高股息低波动 适合防御,行情酝酿中,-,电子商务产业链,-,行业成熟稳定,传统行业,-,-
601518.SH,601518,吉林高速,迷你盘,工业,交通基本设施,高速公路,吉林,2.8,主板,-,连续多天小涨 龟壳战术吃鱼头,-,-,2010/3/19,吉林省人民政府国有资产监督管理委员会,地方国有企业,-,行情酝酿中,-,-,交通,行业成熟稳定,传统行业,-,-
601519.SH,601519,大智慧,中盘股,信息技术,软件开发,行业应用软件,上海,10.77,主板,-,-,-,-,2011/1/28,张长虹,民营企业,β高股息低波动 适合防御,行情酝酿中,国产替代,-,-,政策支持,传统行业,-,-
601528.SH,601528,瑞丰银行,小盘股,金融,商业银行,区域性银行,浙江,5.25,主板,火山口 派出小部队勇吃鱼身,连续多天小涨 龟壳战术吃鱼头,-,-,2021/6/25,无实际控制人,其他,-,行情酝酿中,大金融,-,-,行业成熟稳定,传统行业,-,-
601555.SH,601555,东吴证券,中盘股,金融,证券公司,证券公司,江苏,8.28,主板,火山口 派出小部队勇吃鱼身,连续多天小涨 龟壳战术吃鱼头,-,-,2011/12/12,苏州国际发展集团有限公司,地方国有企业,β高股息低波动 适合防御,行情酝酿中,大金融,-,-,行业成熟稳定,传统行业,-,-
601566.SH,601566,九牧王,迷你盘,可选消费,纺织服装,服装,福建,10.68,主板,火山口 派出小部队勇吃鱼身,连续多天小涨 龟壳战术吃鱼头,-,-,2011/5/30,林聪颖,外资,-,行情酝酿中,大消费,-,-,行业成熟稳定,传统行业,耐用品,-
601567.SH,601567,三星电气,大盘股,工业,电网设备,电网自动化,浙江,26.25,主板,-,连续多天小涨 龟壳战术吃鱼头,-,-,2011/6/15,郑坚江,民营企业,β高股息低波动 适合防御,行情酝酿中,新科技,特高压电力产业链,-,政策支持,高新技术产业,耐用品,-
601568.SH,601568,北元集团,小盘股,原材料,化学原料,氯碱,陕西,4.08,主板,-,-,-,-,2020/10/20,陕西省人民政府国有资产监督管理委员会,地方国有企业,-,行情酝酿中,-,-,化工,行业成熟稳定,传统行业,耐用品,-
601577.SH,601577,长沙银行,小盘股,金融,商业银行,区域性银行,湖南,9.49,主板,火山口 派出小部队勇吃鱼身,连续多天小涨 龟壳战术吃鱼头,-,-,2018/9/26,无实际控制人,其他,-,行情酝酿中,大金融,-,-,行业成熟稳定,传统行业,-,-
601579.SH,601579,会稽山,中盘股,主要消费,酒,黄酒,浙江,18.85,主板,-,-,-,-,2014/8/25,方朝阳,民营企业,β高股息低波动 适合防御,表现超预期,大消费,-,-,行业成熟稳定,传统行业,消耗品,-
601588.SH,601588,北辰实业,中盘股,房地产,房地产开发与园区,房地产开发,北京,1.9,主板,-,-,有涨停 火山口战法吃鱼身,-,2006/10/16,北京市人民政府国有资产监督管理委员会,地方国有企业,β高股息低波动 适合防御,表现超预期,-,-,-,行业成熟稳定,传统行业,耐用品,-
601595.SH,601595,上海电影,中盘股,通信服务,文化娱乐,影视动漫,上海,25.34,主板,-,-,-,-,2016/8/17,上海市国有资产监督管理委员会,地方国有企业,β高股息低波动 适合防御,行情酝酿中,-,-,文化体育,行业成熟稳定,传统行业,-,-
601598.SH,601598,中国外运,小盘股,工业,运输业,物流综合,北京,6.06,主板,-,连续多天小涨 龟壳战术吃鱼头,-,-,2019/1/18,国务院国有资产监督管理委员会,中央企业,-,行情酝酿中,-,电子商务产业链,-,政策支持,传统行业,-,-
601599.SH,601599,浙文影业,小盘股,可选消费,纺织服装,纺织品,浙江,3.77,主板,火山口 派出小部队勇吃鱼身,-,-,-,2011/5/27,浙江省财政厅,地方国有企业,-,行情酝酿中,-,-,化工,行业成熟稳定,传统行业,消耗品,-
601600.SH,601600,中国铝业,大盘股,原材料,工业金属,铝,北京,12.69,主板,-,-,-,-,2007/4/30,国务院国有资产监督管理委员会,中央企业,β高股息低波动 适合防御,表现超预期,-,军工高铁产业链,-,行业成熟稳定,传统行业,消耗品,-
601601.SH,601601,中国太保,大盘股,金融,保险,多元化保险,上海,37.34,主板,-,-,-,-,2007/12/25,无实际控制人,其他,β高股息低波动 适合防御,行情酝酿中,大金融,-,-,行业成熟稳定,传统行业,-,-
601606.SH,601606,长城军工,大盘股,工业,国防装备,国防装备,安徽,39.55,主板,火山口 派出小部队勇吃鱼身,-,-,-,2018/8/6,国务院国有资产监督管理委员会,中央企业,β高股息低波动 适合防御,行情酝酿中,-,-,制造业(工业母机),行业成熟稳定,高新技术产业,耐用品,-
601607.SH,601607,上海医药,中盘股,医药卫生,医疗商业与服务,医药商业,上海,16.99,主板,火山口 派出小部队勇吃鱼身,连续多天小涨 龟壳战术吃鱼头,-,-,1994/3/24,上海市国有资产监督管理委员会,地方国有企业,β高股息低波动 适合防御,行情酝酿中,-,实体经济,-,政策支持,传统行业,消耗品,-
601608.SH,601608,中信重工,中盘股,工业,专用机械,采矿冶金机械,河南,6.27,主板,火山口 派出小部队勇吃鱼身,连续多天小涨 龟壳战术吃鱼头,-,-,2012/7/6,中国中信集团有限公司,中央企业,β高股息低波动 适合防御,行情酝酿中,-,-,制造业(工业母机),行业成熟稳定,高新技术产业,耐用品,-
601609.SH,601609,金田股份,中盘股,原材料,工业金属,铜,浙江,10.73,主板,火山口 派出小部队勇吃鱼身,连续多天小涨 龟壳战术吃鱼头,-,-,2020/4/22,楼国强,民营企业,β高股息低波动 适合防御,行情酝酿中,新能源,特高压电力产业链,-,行业成熟稳定,传统行业,消耗品,-
601611.SH,601611,中国核建,大盘股,工业,建筑与工程,基础设施建设,上海,14.27,主板,火山口 派出小部队勇吃鱼身,连续多天小涨 龟壳战术吃鱼头,-,-,2016/6/6,国务院国有资产监督管理委员会,中央企业,β高股息低波动 适合防御,行情酝酿中,-,房地产产业链,-,行业成熟稳定,传统行业,耐用品,-
601615.SH,601615,明阳智能,大盘股,工业,发电设备,风电设备,广东,16.93,主板,-,-,-,-,2019/1/23,张传卫,民营企业,β高股息低波动 适合防御,行情酝酿中,新科技,特高压电力产业链,-,政策支持,高新技术产业,耐用品,-
601616.SH,601616,广电电气,小盘股,工业,电网设备,配电设备,上海,4.81,主板,火山口 派出小部队勇吃鱼身,-,-,-,2011/2/1,赵淑文,外资,-,行情酝酿中,新科技,特高压电力产业链,-,政策支持,高新技术产业,耐用品,-
601618.SH,601618,中国中冶,中盘股,工业,建筑与工程,房屋建设,北京,2.98,主板,火山口 派出小部队勇吃鱼身,连续多天小涨 龟壳战术吃鱼头,-,-,2009/9/21,国务院国有资产监督管理委员会,中央企业,β高股息低波动 适合防御,行情酝酿中,-,房地产产业链,-,行业成熟稳定,传统行业,耐用品,-
601619.SH,601619,嘉泽新能,大盘股,公用事业,电力及电网,风电,宁夏,6.19,主板,-,-,-,-,2017/7/20,陈波,民营企业,β高股息低波动 适合防御,表现超预期,-,特高压电力产业链,-,政策支持,高新技术产业,-,-
601628.SH,601628,中国人寿,大盘股,金融,保险,人寿与健康保险,北京,37.52,主板,火山口 派出小部队勇吃鱼身,连续多天小涨 龟壳战术吃鱼头,-,-,2007/1/9,中华人民共和国财政部,中央企业,β高股息低波动 适合防御,行情酝酿中,大金融,-,-,行业成熟稳定,传统行业,-,-
601633.SH,601633,长城汽车,中盘股,可选消费,乘用车,乘用车,河北,20.73,主板,-,-,-,-,2011/9/28,魏建军,民营企业,β高股息低波动 适合防御,行情酝酿中,-,智能汽车产业链,-,政策支持,传统行业,耐用品,-
601636.SH,601636,旗滨集团,中盘股,原材料,建筑材料,玻璃,湖南,5.9,主板,火山口 派出小部队勇吃鱼身,-,-,-,2011/8/12,俞其兵,民营企业,β高股息低波动 适合防御,行情酝酿中,-,-,化工,行业成熟稳定,传统行业,耐用品,-
601658.SH,601658,邮储银行,中盘股,金融,商业银行,综合性银行,北京,5.07,主板,火山口 派出小部队勇吃鱼身,连续多天小涨 龟壳战术吃鱼头,-,-,2019/12/10,中国邮政集团有限公司,中央企业,β高股息低波动 适合防御,行情酝酿中,大金融,-,-,行业成熟稳定,传统行业,-,-
601665.SH,601665,齐鲁银行,中盘股,金融,商业银行,区域性银行,山东,6.14,主板,火山口 派出小部队勇吃鱼身,连续多天小涨 龟壳战术吃鱼头,-,-,2021/6/18,无实际控制人,其他,β高股息低波动 适合防御,行情酝酿中,大金融,-,-,行业成熟稳定,传统行业,-,-
601666.SH,601666,平煤股份,中盘股,能源,煤炭,焦炭,河南,7.87,主板,火山口 派出小部队勇吃鱼身,-,-,-,2006/11/23,河南省人民政府国有资产监督管理委员会,地方国有企业,β高股息低波动 适合防御,行情酝酿中,-,-,能源,行业成熟稳定,传统行业,消耗品,-
601668.SH,601668,中国建筑,大盘股,工业,建筑与工程,房屋建设,北京,4.94,主板,火山口 派出小部队勇吃鱼身,连续多天小涨 龟壳战术吃鱼头,-,-,2009/7/29,国务院国有资产监督管理委员会,中央企业,β高股息低波动 适合防御,行情酝酿中,-,房地产产业链,-,行业成熟稳定,传统行业,耐用品,-
601669.SH,601669,中国电建,大盘股,工业,建筑与工程,基础设施建设,北京,5.71,主板,火山口 派出小部队勇吃鱼身,连续多天小涨 龟壳战术吃鱼头,-,-,2011/10/18,国务院国有资产监督管理委员会,中央企业,β高股息低波动 适合防御,行情酝酿中,-,房地产产业链,-,行业成熟稳定,传统行业,耐用品,-
601677.SH,601677,明泰铝业,大盘股,原材料,工业金属,铝,河南,17.58,主板,火山口 派出小部队勇吃鱼身,-,-,-,2011/9/19,马廷义,民营企业,β高股息低波动 适合防御,表现超预期,-,军工高铁产业链,-,行业成熟稳定,传统行业,消耗品,-
601678.SH,601678,滨化股份,中盘股,原材料,化学原料,氯碱,山东,5.05,主板,火山口 派出小部队勇吃鱼身,-,-,-,2010/2/23,无实际控制人,其他,β高股息低波动 适合防御,行情酝酿中,-,-,化工,行业成熟稳定,传统行业,耐用品,-
601686.SH,601686,友发集团,迷你盘,原材料,钢铁,特钢,天津,5.89,主板,火山口 派出小部队勇吃鱼身,连续多天小涨 龟壳战术吃鱼头,-,-,2020/12/4,李茂津,民营企业,-,行情酝酿中,-,-,能源,行业成熟稳定,传统行业,消耗品,-
601688.SH,601688,华泰证券,大盘股,金融,证券公司,证券公司,江苏,19.07,主板,火山口 派出小部队勇吃鱼身,连续多天小涨 龟壳战术吃鱼头,-,-,2010/2/26,江苏省政府国有资产监督管理委员会,地方国有企业,β高股息低波动 适合防御,表现超预期,大金融,-,-,行业成熟稳定,传统行业,-,-
601689.SH,601689,拓普集团,大盘股,可选消费,汽车零部件与轮胎,汽车系统部件,浙江,60.97,主板,-,-,-,-,2015/3/19,邬建树,外资,β高股息低波动 适合防御,行情酝酿中,-,智能汽车产业链,-,政策支持,传统行业,消耗品,-
601696.SH,601696,中银证券,大盘股,金融,证券公司,证券公司,上海,12.55,主板,火山口 派出小部队勇吃鱼身,连续多天小涨 龟壳战术吃鱼头,-,-,2020/2/26,无实际控制人,其他,β高股息低波动 适合防御,表现超预期,大金融,-,-,行业成熟稳定,传统行业,-,-
601698.SH,601698,中国卫通,大盘股,通信服务,电信运营服务,电信运营服务,北京,33.98,主板,火山口 派出小部队勇吃鱼身,连续多天小涨 龟壳战术吃鱼头,-,-,2019/6/28,中国航天科技集团有限公司,中央企业,β高股息低波动 适合防御,行情酝酿中,新基建,-,-,行业成熟稳定,传统行业,-,-
601699.SH,601699,潞安环能,中盘股,能源,煤炭,煤炭,山西,13.36,主板,-,-,-,-,2006/9/22,山西省人民政府国有资产监督管理委员会,地方国有企业,β高股息低波动 适合防御,行情酝酿中,-,-,能源,行业成熟稳定,传统行业,消耗品,-
601700.SH,601700,风范股份,小盘股,工业,电网设备,线缆及其他,江苏,5.28,主板,火山口 派出小部队勇吃鱼身,连续多天小涨 龟壳战术吃鱼头,-,-,2011/1/18,唐山市人民政府国有资产监督管理委员会,地方国有企业,-,行情酝酿中,新科技,特高压电力产业链,-,政策支持,高新技术产业,耐用品,-
601702.SH,601702,华峰铝业,中盘股,原材料,工业金属,铝,上海,20.91,主板,-,-,-,-,2020/9/7,尤小平,民营企业,β高股息低波动 适合防御,表现超预期,-,军工高铁产业链,-,行业成熟稳定,传统行业,消耗品,-
601717.SH,601717,中创智领,中盘股,工业,专用机械,采矿冶金机械,河南,19.94,主板,-,-,-,-,2010/8/3,无实际控制人,其他,β高股息低波动 适合防御,行情酝酿中,-,-,制造业(工业母机),行业成熟稳定,高新技术产业,耐用品,-
601718.SH,601718,际华集团,小盘股,可选消费,纺织服装,服装,北京,2.94,主板,-,-,-,-,2010/8/16,国务院国有资产监督管理委员会,中央企业,-,行情酝酿中,大消费,-,-,行业成熟稳定,传统行业,耐用品,-
601727.SH,601727,上海电气,大盘股,工业,发电设备,其他发电设备,上海,8.07,主板,火山口 派出小部队勇吃鱼身,连续多天小涨 龟壳战术吃鱼头,-,-,2008/12/5,上海市国有资产监督管理委员会,地方国有企业,β高股息低波动 适合防御,行情酝酿中,新科技,特高压电力产业链,-,政策支持,高新技术产业,耐用品,-
601728.SH,601728,中国电信,大盘股,通信服务,电信运营服务,电信运营服务,北京,5.87,主板,火山口 派出小部队勇吃鱼身,连续多天小涨 龟壳战术吃鱼头,-,-,2021/8/20,国务院国有资产监督管理委员会,中央企业,β高股息低波动 适合防御,行情酝酿中,新基建,-,-,行业成熟稳定,传统行业,-,-
601766.SH,601766,中国中车,大盘股,工业,交通运输设备,城轨铁路,北京,6.15,主板,火山口 派出小部队勇吃鱼身,连续多天小涨 龟壳战术吃鱼头,-,-,2008/8/18,国务院国有资产监督管理委员会,中央企业,β高股息低波动 适合防御,行情酝酿中,-,-,制造业(工业母机),行业成熟稳定,传统行业,耐用品,-
601777.SH,601777,千里科技,中盘股,可选消费,摩托车及其他,摩托车及其他,重庆,10,主板,火山口 派出小部队勇吃鱼身,-,-,-,2010/11/25,重庆满江红企业管理有限公司,地方国有企业,β高股息低波动 适合防御,行情酝酿中,-,智能汽车产业链,-,行业成熟稳定,传统行业,耐用品,-
601778.SH,601778,晶科科技,大盘股,公用事业,电力及电网,光伏发电,江西,6.91,主板,-,-,有涨停 火山口战法吃鱼身,高人气,2020/5/19,李仙德,民营企业,β高股息低波动 适合防御,表现超预期,-,特高压电力产业链,-,政策支持,高新技术产业,-,-
601788.SH,601788,光大证券,中盘股,金融,证券公司,证券公司,上海,15.48,主板,火山口 派出小部队勇吃鱼身,连续多天小涨 龟壳战术吃鱼头,-,-,2009/8/18,国务院国有资产监督管理委员会,中央企业,β高股息低波动 适合防御,行情酝酿中,大金融,-,-,行业成熟稳定,传统行业,-,-
601789.SH,601789,宁波建工,大盘股,工业,建筑与工程,房屋建设,浙江,5.71,主板,-,-,-,-,2011/8/16,宁波市人民政府国有资产监督管理委员会,地方国有企业,β高股息低波动 适合防御,行情酝酿中,-,房地产产业链,-,行业成熟稳定,传统行业,耐用品,-
601798.SH,601798,蓝科高新,迷你盘,工业,专用机械,其他专用机械,甘肃,9.07,主板,-,-,-,-,2011/6/22,中国机械工业集团有限公司,中央企业,-,行情酝酿中,-,-,制造业(工业母机),行业成熟稳定,传统行业,耐用品,-
601799.SH,601799,星宇股份,大盘股,可选消费,汽车零部件与轮胎,汽车内饰与外饰,江苏,133.1,主板,-,-,-,-,2011/2/1,周晓萍,民营企业,β高股息低波动 适合防御,表现超预期,-,智能汽车产业链,-,政策支持,传统行业,消耗品,-
601800.SH,601800,中国交建,中盘股,工业,建筑与工程,基础设施建设,北京,7.5,主板,火山口 派出小部队勇吃鱼身,-,-,-,2012/3/9,国务院国有资产监督管理委员会,中央企业,β高股息低波动 适合防御,行情酝酿中,-,房地产产业链,-,行业成熟稳定,传统行业,耐用品,-
601801.SH,601801,皖新传媒,迷你盘,通信服务,文化娱乐,出版,安徽,6.1,主板,火山口 派出小部队勇吃鱼身,连续多天小涨 龟壳战术吃鱼头,-,-,2010/1/18,安徽省人民政府,地方国有企业,-,行情酝酿中,-,-,文化体育,行业成熟稳定,传统行业,-,-
601808.SH,601808,中海油服,中盘股,能源,油气开采与油田服务,油田服务,天津,15.25,主板,-,-,-,-,2007/9/28,国务院国有资产监督管理委员会,中央企业,β高股息低波动 适合防御,行情酝酿中,-,-,能源,行业成熟稳定,传统行业,-,-
601811.SH,601811,新华文轩,小盘股,通信服务,文化娱乐,出版,四川,14.15,主板,-,-,-,-,2016/8/8,四川省政府国有资产监督管理委员会,地方国有企业,-,表现超预期,-,-,文化体育,行业成熟稳定,传统行业,-,-
601816.SH,601816,京沪高铁,大盘股,工业,运输业,铁路运输,北京,4.93,主板,火山口 派出小部队勇吃鱼身,连续多天小涨 龟壳战术吃鱼头,-,-,2020/1/16,中国国家铁路集团有限公司,中央企业,β高股息低波动 适合防御,行情酝酿中,-,-,交通,行业成熟稳定,传统行业,-,-
601818.SH,601818,光大银行,大盘股,金融,商业银行,综合性银行,北京,3.18,主板,火山口 派出小部队勇吃鱼身,连续多天小涨 龟壳战术吃鱼头,-,-,2010/8/18,中国投资有限责任公司,中央企业,β高股息低波动 适合防御,行情酝酿中,大金融,-,-,行业成熟稳定,传统行业,-,-
601825.SH,601825,沪农商行,小盘股,金融,商业银行,区域性银行,上海,9.14,主板,火山口 派出小部队勇吃鱼身,-,-,-,2021/8/19,无实际控制人,其他,-,行情酝酿中,大金融,-,-,行业成熟稳定,传统行业,-,-
601827.SH,601827,三峰环境,迷你盘,工业,污染治理,固废处理,重庆,7.9,主板,火山口 派出小部队勇吃鱼身,连续多天小涨 龟壳战术吃鱼头,-,-,2020/6/5,重庆市国有资产监督管理委员会,地方国有企业,-,行情酝酿中,-,-,民生,行业成熟稳定,传统行业,-,-
601828.SH,601828,美凯龙,迷你盘,工业,商业服务与用品,市场服务,上海,2.4,主板,火山口 派出小部队勇吃鱼身,-,-,-,2018/1/17,厦门市人民政府国有资产监督管理委员会,地方国有企业,-,行情酝酿中,-,实体经济,-,行业成熟稳定,传统行业,-,-
601838.SH,601838,成都银行,中盘股,金融,商业银行,区域性银行,四川,17.23,主板,火山口 派出小部队勇吃鱼身,连续多天小涨 龟壳战术吃鱼头,-,-,2018/1/31,成都市人民政府,地方国有企业,β高股息低波动 适合防御,行情酝酿中,大金融,-,-,行业成熟稳定,传统行业,-,-
601857.SH,601857,中国石油,大盘股,能源,石油与天然气,综合性石油与天然气企业,北京,11.53,主板,-,-,-,-,2007/11/5,国务院国有资产监督管理委员会,中央企业,β高股息低波动 适合防御,行情酝酿中,-,-,能源,行业成熟稳定,传统行业,-,-
601858.SH,601858,中国科传,中盘股,通信服务,文化娱乐,出版,北京,21.77,主板,-,-,-,-,2017/1/18,中国科学院控股有限公司,中央企业,β高股息低波动 适合防御,行情酝酿中,-,-,文化体育,行业成熟稳定,传统行业,-,-
601860.SH,601860,紫金银行,小盘股,金融,商业银行,区域性银行,江苏,2.67,主板,火山口 派出小部队勇吃鱼身,连续多天小涨 龟壳战术吃鱼头,-,-,2019/1/3,无实际控制人,其他,-,行情酝酿中,大金融,-,-,行业成熟稳定,传统行业,-,-
601865.SH,601865,福莱特,中盘股,工业,发电设备,光伏设备,浙江,14.22,主板,火山口 派出小部队勇吃鱼身,连续多天小涨 龟壳战术吃鱼头,-,-,2019/2/15,阮洪良,民营企业,β高股息低波动 适合防御,行情酝酿中,-,-,化工,行业成熟稳定,传统行业,耐用品,-
601866.SH,601866,中远海发,中盘股,工业,交通运输设备,船舶及其他航运设备,上海,2.72,主板,-,-,-,-,2007/12/12,国务院国有资产监督管理委员会,中央企业,β高股息低波动 适合防御,行情酝酿中,-,-,交通,行业成熟稳定,传统行业,-,-
601868.SH,601868,中国能建,大盘股,工业,建筑与工程,基础设施建设,北京,2.91,主板,火山口 派出小部队勇吃鱼身,-,-,-,2021/9/28,国务院国有资产监督管理委员会,中央企业,β高股息低波动 适合防御,行情酝酿中,-,房地产产业链,-,行业成熟稳定,传统行业,耐用品,-
601869.SH,601869,长飞光纤,大盘股,通信服务,通信设备,通信系统设备及组件,湖北,365.89,主板,-,-,-,-,2018/7/20,无实际控制人,其他,β高股息低波动 适合防御,表现超预期,新基建,-,-,政策支持,高新技术产业,-,有量化参与
601872.SH,601872,招商轮船,大盘股,工业,运输业,航运,上海,18.55,主板,-,-,-,-,2006/12/1,国务院国有资产监督管理委员会,中央企业,β高股息低波动 适合防御,行情酝酿中,-,-,交通,行业成熟稳定,传统行业,-,-
601877.SH,601877,正泰电器,大盘股,工业,电网设备,配电设备,浙江,32.52,主板,-,-,-,-,2010/1/21,南存辉,民营企业,β高股息低波动 适合防御,行情酝酿中,新科技,特高压电力产业链,-,政策支持,高新技术产业,耐用品,-
601878.SH,601878,浙商证券,中盘股,金融,证券公司,证券公司,浙江,9.66,主板,火山口 派出小部队勇吃鱼身,连续多天小涨 龟壳战术吃鱼头,-,-,2017/6/26,浙江省交通投资集团有限公司,地方国有企业,β高股息低波动 适合防御,行情酝酿中,大金融,-,-,行业成熟稳定,传统行业,-,-
601880.SH,601880,辽港股份,中盘股,工业,交通基本设施,港口,辽宁,1.63,主板,火山口 派出小部队勇吃鱼身,连续多天小涨 龟壳战术吃鱼头,-,-,2010/12/6,招商局集团有限公司,中央企业,β高股息低波动 适合防御,行情酝酿中,-,-,交通,行业成熟稳定,传统行业,-,-
601881.SH,601881,中国银河,大盘股,金融,证券公司,证券公司,北京,12.92,主板,火山口 派出小部队勇吃鱼身,连续多天小涨 龟壳战术吃鱼头,-,-,2017/1/23,中央汇金投资有限责任公司,中央企业,β高股息低波动 适合防御,行情酝酿中,大金融,-,-,行业成熟稳定,传统行业,-,-
601882.SH,601882,海天精工,中盘股,工业,通用机械,电动机与工控自动化,浙江,19.66,主板,-,-,-,-,2016/11/7,张静章,民营企业,β高股息低波动 适合防御,行情酝酿中,新科技,-,制造业(工业母机),政策支持,高新技术产业,耐用品,-
601886.SH,601886,江河集团,迷你盘,工业,建筑装修,建筑装修,北京,9.49,主板,火山口 派出小部队勇吃鱼身,连续多天小涨 龟壳战术吃鱼头,-,-,2011/8/18,刘载望,民营企业,-,行情酝酿中,-,房地产产业链,-,行业成熟稳定,传统行业,耐用品,-
601888.SH,601888,中国中免,大盘股,可选消费,旅游零售,旅游零售,北京,66.79,主板,-,-,-,-,2009/10/15,国务院国有资产监督管理委员会,中央企业,β高股息低波动 适合防御,行情酝酿中,-,实体经济,-,行业成熟稳定,传统行业,-,有量化参与
601890.SH,601890,亚星锚链,中盘股,工业,交通运输设备,船舶及其他航运设备,江苏,10.47,主板,火山口 派出小部队勇吃鱼身,-,-,-,2010/12/28,陶安祥,民营企业,β高股息低波动 适合防御,行情酝酿中,-,军工高铁产业链,-,政策支持,传统行业,-,-
601898.SH,601898,中煤能源,大盘股,能源,煤炭,煤炭,北京,16.38,主板,-,-,-,-,2008/2/1,国务院国有资产监督管理委员会,中央企业,β高股息低波动 适合防御,行情酝酿中,-,-,能源,行业成熟稳定,传统行业,消耗品,-
601899.SH,601899,紫金矿业,大盘股,原材料,贵金属,黄金,福建,34.73,主板,-,-,-,-,2008/4/25,上杭县财政局,地方国有企业,β高股息低波动 适合防御,行情酝酿中,新能源,特高压电力产业链,-,行业成熟稳定,传统行业,消耗品,-
601900.SH,601900,南方传媒,中盘股,通信服务,文化娱乐,出版,广东,13.34,主板,-,-,-,-,2016/2/15,广东省出版集团有限公司,地方国有企业,β高股息低波动 适合防御,行情酝酿中,-,-,文化体育,行业成熟稳定,传统行业,-,-
601901.SH,601901,方正证券,大盘股,金融,证券公司,证券公司,湖南,7.04,主板,火山口 派出小部队勇吃鱼身,-,-,-,2011/8/10,无实际控制人,其他,β高股息低波动 适合防御,行情酝酿中,大金融,-,-,行业成熟稳定,传统行业,-,-
601908.SH,601908,京运通,大盘股,工业,发电设备,光伏设备,北京,4.4,主板,-,-,有涨停 火山口战法吃鱼身,-,2011/9/8,冯焕培,民营企业,β高股息低波动 适合防御,表现超预期,新科技,特高压电力产业链,-,政策支持,高新技术产业,耐用品,-
601916.SH,601916,浙商银行,中盘股,金融,商业银行,综合性银行,浙江,3.02,主板,火山口 派出小部队勇吃鱼身,连续多天小涨 龟壳战术吃鱼头,-,-,2019/11/26,无实际控制人,其他,β高股息低波动 适合防御,行情酝酿中,大金融,-,-,行业成熟稳定,传统行业,-,-
601918.SH,601918,新集能源,中盘股,能源,煤炭,煤炭,安徽,7.5,主板,-,-,-,-,2007/12/19,国务院国有资产监督管理委员会,中央企业,β高股息低波动 适合防御,行情酝酿中,-,-,能源,行业成熟稳定,传统行业,消耗品,-
601919.SH,601919,中远海控,大盘股,工业,运输业,航运,天津,14.72,主板,-,-,-,-,2007/6/26,国务院国有资产监督管理委员会,中央企业,β高股息低波动 适合防御,行情酝酿中,-,-,交通,行业成熟稳定,传统行业,-,-
601921.SH,601921,浙版传媒,迷你盘,通信服务,文化娱乐,出版,浙江,7.97,主板,火山口 派出小部队勇吃鱼身,连续多天小涨 龟壳战术吃鱼头,-,-,2021/7/23,浙江省人民政府,地方国有企业,-,行情酝酿中,-,-,文化体育,行业成熟稳定,传统行业,-,-
601928.SH,601928,凤凰传媒,小盘股,通信服务,文化娱乐,出版,江苏,9.93,主板,火山口 派出小部队勇吃鱼身,连续多天小涨 龟壳战术吃鱼头,-,-,2011/11/30,江苏省人民政府,地方国有企业,-,行情酝酿中,-,-,文化体育,行业成熟稳定,传统行业,-,-
601929.SH,601929,吉视传媒,中盘股,通信服务,文化娱乐,广播与电视,吉林,2.98,主板,火山口 派出小部队勇吃鱼身,-,-,-,2012/2/23,吉林广播电视台,地方国有企业,β高股息低波动 适合防御,行情酝酿中,-,-,文化体育,行业成熟稳定,传统行业,-,-
601933.SH,601933,永辉超市,大盘股,可选消费,一般零售,超市与便利店,福建,4.11,主板,火山口 派出小部队勇吃鱼身,-,-,-,2010/12/15,无实际控制人,其他,β高股息低波动 适合防御,行情酝酿中,-,实体经济,-,行业成熟稳定,传统行业,-,-
601939.SH,601939,建设银行,大盘股,金融,商业银行,综合性银行,北京,9.41,主板,火山口 派出小部队勇吃鱼身,连续多天小涨 龟壳战术吃鱼头,-,-,2007/9/25,国务院国有资产监督管理委员会,中央企业,β高股息低波动 适合防御,行情酝酿中,大金融,-,-,行业成熟稳定,传统行业,-,-
601949.SH,601949,中国出版,迷你盘,通信服务,文化娱乐,出版,北京,6.28,主板,火山口 派出小部队勇吃鱼身,-,-,-,2017/8/21,中国出版集团有限公司,中央企业,-,行情酝酿中,-,-,文化体育,行业成熟稳定,传统行业,-,-
601952.SH,601952,苏垦农发,中盘股,主要消费,种植,农产品,江苏,9.73,主板,火山口 派出小部队勇吃鱼身,-,-,-,2017/5/15,江苏省政府国有资产监督管理委员会,地方国有企业,β高股息低波动 适合防御,行情酝酿中,-,-,粮食,行业成熟稳定,传统行业,消耗品,-
601956.SH,601956,东贝集团,迷你盘,工业,通用机械,气液机械,湖北,6.74,主板,火山口 派出小部队勇吃鱼身,-,-,-,2020/12/25,无实际控制人,其他,-,行情酝酿中,大消费,-,-,行业成熟稳定,传统行业,耐用品,-
601958.SH,601958,金钼股份,大盘股,原材料,稀有金属,钨钼,陕西,19.62,主板,火山口 派出小部队勇吃鱼身,-,-,-,2008/4/17,陕西省人民政府国有资产监督管理委员会,地方国有企业,β高股息低波动 适合防御,行情酝酿中,新能源,-,-,行业成熟稳定,传统行业,消耗品,-
601963.SH,601963,重庆银行,中盘股,金融,商业银行,区域性银行,重庆,10.65,主板,火山口 派出小部队勇吃鱼身,-,-,-,2021/2/5,无实际控制人,其他,β高股息低波动 适合防御,行情酝酿中,大金融,-,-,行业成熟稳定,传统行业,-,-
601965.SH,601965,中国汽研,小盘股,工业,商业服务与用品,其他商业服务与用品,重庆,17.35,主板,火山口 派出小部队勇吃鱼身,连续多天小涨 龟壳战术吃鱼头,-,-,2012/6/11,国务院国有资产监督管理委员会,中央企业,-,行情酝酿中,-,智能汽车产业链,-,政策支持,传统行业,-,-
601966.SH,601966,玲珑轮胎,小盘股,可选消费,汽车零部件与轮胎,轮胎,山东,14.21,主板,火山口 派出小部队勇吃鱼身,连续多天小涨 龟壳战术吃鱼头,-,-,2016/7/6,王锋,民营企业,-,行情酝酿中,-,智能汽车产业链,-,政策支持,传统行业,消耗品,-
601968.SH,601968,宝钢包装,迷你盘,原材料,容器与包装,金属、玻璃与塑料包装,上海,5.1,主板,火山口 派出小部队勇吃鱼身,-,-,-,2015/6/11,国务院国有资产监督管理委员会,中央企业,-,行情酝酿中,-,电子商务产业链,-,行业成熟稳定,传统行业,-,-
601969.SH,601969,海南矿业,大盘股,原材料,钢铁,其他钢铁,海南,11.41,主板,-,-,-,-,2014/12/9,郭广昌,民营企业,β高股息低波动 适合防御,行情酝酿中,-,-,能源,行业成熟稳定,传统行业,消耗品,-
601975.SH,601975,招商南油,大盘股,工业,运输业,航运,江苏,4.32,主板,-,-,-,-,2019/1/8,国务院国有资产监督管理委员会,中央企业,β高股息低波动 适合防御,行情酝酿中,-,-,交通,行业成熟稳定,传统行业,-,-
601985.SH,601985,中国核电,大盘股,公用事业,电力及电网,核电,北京,8.69,主板,火山口 派出小部队勇吃鱼身,连续多天小涨 龟壳战术吃鱼头,-,-,2015/6/10,国务院国有资产监督管理委员会,中央企业,β高股息低波动 适合防御,行情酝酿中,-,特高压电力产业链,-,政策支持,高新技术产业,-,-
601988.SH,601988,中国银行,大盘股,金融,商业银行,综合性银行,北京,5.77,主板,火山口 派出小部队勇吃鱼身,连续多天小涨 龟壳战术吃鱼头,-,-,2006/7/5,中国投资有限责任公司,中央企业,β高股息低波动 适合防御,行情酝酿中,大金融,-,-,行业成熟稳定,传统行业,-,-
601990.SH,601990,南京证券,小盘股,金融,证券公司,证券公司,江苏,7.42,主板,火山口 派出小部队勇吃鱼身,连续多天小涨 龟壳战术吃鱼头,-,-,2018/6/13,南京市国有资产投资管理控股(集团)有限责任公司,地方国有企业,-,行情酝酿中,大金融,-,-,行业成熟稳定,传统行业,-,-
601991.SH,601991,大唐发电,大盘股,公用事业,电力及电网,火电,北京,3.89,主板,火山口 派出小部队勇吃鱼身,连续多天小涨 龟壳战术吃鱼头,-,-,2006/12/20,国务院国有资产监督管理委员会,中央企业,β高股息低波动 适合防御,行情酝酿中,-,特高压电力产业链,-,行业成熟稳定,传统行业,-,-
601992.SH,601992,金隅集团,小盘股,原材料,建筑材料,水泥与混凝土,北京,1.74,主板,火山口 派出小部队勇吃鱼身,-,-,-,2011/3/1,北京市人民政府国有资产监督管理委员会,地方国有企业,-,行情酝酿中,-,房地产产业链,-,行业成熟稳定,传统行业,耐用品,-
601995.SH,601995,中金公司,大盘股,金融,证券公司,证券公司,北京,33.87,主板,火山口 派出小部队勇吃鱼身,连续多天小涨 龟壳战术吃鱼头,-,-,2020/11/2,中央汇金投资有限责任公司,中央企业,β高股息低波动 适合防御,行情酝酿中,大金融,-,-,行业成熟稳定,传统行业,-,-
601996.SH,601996,丰林集团,小盘股,原材料,纸类与林业产品,林业产品,广西,2.48,主板,-,-,-,-,2011/9/29,刘一川,外资,-,行情酝酿中,大消费,-,-,行业成熟稳定,传统行业,耐用品,-
601997.SH,601997,贵阳银行,小盘股,金融,商业银行,区域性银行,贵州,5.79,主板,火山口 派出小部队勇吃鱼身,连续多天小涨 龟壳战术吃鱼头,-,-,2016/8/16,无实际控制人,其他,-,行情酝酿中,大金融,-,-,行业成熟稳定,传统行业,-,-
601998.SH,601998,中信银行,中盘股,金融,商业银行,综合性银行,北京,8.19,主板,-,-,-,-,2007/4/27,中国中信集团有限公司,中央企业,β高股息低波动 适合防御,行情酝酿中,大金融,-,-,行业成熟稳定,传统行业,-,-
601999.SH,601999,出版传媒,中盘股,通信服务,文化娱乐,出版,辽宁,7.94,主板,-,-,-,-,2007/12/21,辽宁省人民政府国有资产监督管理委员会,地方国有企业,β高股息低波动 适合防御,表现超预期,-,-,文化体育,行业成熟稳定,传统行业,-,-
603000.SH,603000,人民网,中盘股,通信服务,数字媒体,图文媒体,北京,19.73,主板,火山口 派出小部队勇吃鱼身,-,-,-,2012/4/27,人民日报社,中央企业,β高股息低波动 适合防御,行情酝酿中,国产替代,电子商务产业链,-,政策支持,传统行业,-,-
603001.SH,603001,奥康国际,小盘股,可选消费,纺织服装,鞋帽与配饰,浙江,9.3,主板,-,-,-,-,2012/4/26,王振滔,民营企业,-,行情酝酿中,大消费,-,-,行业成熟稳定,传统行业,耐用品,-
603002.SH,603002,宏昌电子,大盘股,原材料,塑料,合成树脂,广东,12.94,主板,-,连续多天小涨 龟壳战术吃鱼头,有涨停 火山口战法吃鱼身,-,2012/5/18,王文洋,外资,β高股息低波动 适合防御,表现超预期,-,-,化工,行业成熟稳定,传统行业,耐用品,-
603004.SH,603004,鼎龙科技,中盘股,原材料,化学制品,其他化学制品,浙江,21.63,主板,火山口 派出小部队勇吃鱼身,-,-,-,2023/12/27,孙斯薇,民营企业,β高股息低波动 适合防御,行情酝酿中,-,-,化工,行业成熟稳定,传统行业,耐用品,-
603005.SH,603005,晶方科技,大盘股,信息技术,集成电路,集成电路封测,江苏,31.24,主板,-,-,-,-,2014/2/10,无实际控制人,其他,β高股息低波动 适合防御,表现超预期,新科技,-,-,政策支持,高新技术产业,-,-
603006.SH,603006,联明股份,迷你盘,可选消费,汽车零部件与轮胎,其他汽车零部件,上海,13.3,主板,火山口 派出小部队勇吃鱼身,连续多天小涨 龟壳战术吃鱼头,-,-,2014/6/30,徐涛明,民营企业,-,行情酝酿中,-,智能汽车产业链,-,政策支持,传统行业,消耗品,-
603007.SH,603007,*ST花王,小盘股,可选消费,汽车零部件与轮胎,汽车系统部件,江苏,6.86,主板,-,-,-,-,2016/8/26,徐良,民营企业,-,表现超预期,-,房地产产业链,-,行业成熟稳定,传统行业,耐用品,-
603008.SH,603008,喜临门,中盘股,可选消费,家居,家具,浙江,12.53,主板,-,-,-,-,2012/7/17,陈阿裕,民营企业,β高股息低波动 适合防御,表现超预期,大消费,-,-,行业成熟稳定,传统行业,耐用品,-
603009.SH,603009,北特科技,中盘股,可选消费,汽车零部件与轮胎,汽车系统部件,上海,51.12,主板,火山口 派出小部队勇吃鱼身,连续多天小涨 龟壳战术吃鱼头,-,-,2014/7/18,靳坤,民营企业,β高股息低波动 适合防御,行情酝酿中,-,智能汽车产业链,-,政策支持,传统行业,消耗品,-
603010.SH,603010,万盛股份,中盘股,原材料,化学制品,其他化学制品,浙江,12.86,主板,-,-,-,-,2014/10/10,郭广昌,民营企业,β高股息低波动 适合防御,表现超预期,-,-,化工,行业成熟稳定,传统行业,耐用品,-
603011.SH,603011,合锻智能,大盘股,工业,通用机械,其他通用机械,安徽,21.84,主板,火山口 派出小部队勇吃鱼身,连续多天小涨 龟壳战术吃鱼头,-,-,2014/11/7,严建文,民营企业,β高股息低波动 适合防御,行情酝酿中,-,-,制造业(工业母机),行业成熟稳定,高新技术产业,耐用品,-
603012.SH,603012,创力集团,中盘股,工业,专用机械,采矿冶金机械,上海,8.8,主板,火山口 派出小部队勇吃鱼身,连续多天小涨 龟壳战术吃鱼头,-,-,2015/3/20,石良希,民营企业,β高股息低波动 适合防御,行情酝酿中,-,-,制造业(工业母机),行业成熟稳定,高新技术产业,耐用品,-
603013.SH,603013,亚普股份,迷你盘,可选消费,汽车零部件与轮胎,汽车系统部件,江苏,19.38,主板,火山口 派出小部队勇吃鱼身,连续多天小涨 龟壳战术吃鱼头,-,-,2018/5/9,国家开发投资集团有限公司,中央企业,-,行情酝酿中,-,智能汽车产业链,-,政策支持,传统行业,消耗品,-
603014.SH,603014,威高血净,迷你盘,医药卫生,医疗器械,医疗耗材,山东,37.81,主板,火山口 派出小部队勇吃鱼身,连续多天小涨 龟壳战术吃鱼头,-,-,2025/5/19,陈学利,民营企业,-,行情酝酿中,大健康,-,-,行业成熟稳定,传统行业,消耗品,-
603015.SH,603015,弘讯科技,迷你盘,工业,通用机械,电动机与工控自动化,浙江,12.39,主板,火山口 派出小部队勇吃鱼身,-,-,-,2015/3/3,周珊珊,外资,-,行情酝酿中,新科技,特高压电力产业链,-,政策支持,高新技术产业,耐用品,-
603016.SH,603016,新宏泰,中盘股,工业,电网设备,配电设备,江苏,49.81,主板,-,-,-,-,2016/7/1,无锡市人民政府国有资产监督管理委员会,地方国有企业,β高股息低波动 适合防御,表现超预期,新科技,特高压电力产业链,-,政策支持,高新技术产业,耐用品,-
603017.SH,603017,中衡设计,中盘股,工业,建筑与工程,建筑设计及服务,江苏,12.92,主板,-,-,-,-,2014/12/31,冯正功,民营企业,β高股息低波动 适合防御,行情酝酿中,-,房地产产业链,-,行业成熟稳定,传统行业,耐用品,-
603018.SH,603018,华设集团,迷你盘,工业,建筑与工程,建筑设计及服务,江苏,7.52,主板,火山口 派出小部队勇吃鱼身,连续多天小涨 龟壳战术吃鱼头,-,-,2014/10/13,无实际控制人,其他,-,行情酝酿中,-,房地产产业链,-,行业成熟稳定,传统行业,耐用品,-
603019.SH,603019,中科曙光,大盘股,信息技术,电子终端及组件,电脑与外围设备,天津,89.92,主板,火山口 派出小部队勇吃鱼身,连续多天小涨 龟壳战术吃鱼头,-,-,2014/11/6,无实际控制人,其他,β高股息低波动 适合防御,表现超预期,新基建,-,-,政策支持,高新技术产业,-,-
603020.SH,603020,爱普股份,小盘股,主要消费,食品,其他食品,上海,11.45,主板,-,-,-,-,2015/3/25,魏中浩,民营企业,-,行情酝酿中,大消费,-,-,行业成熟稳定,传统行业,消耗品,-
603021.SH,603021,ST华鹏,小盘股,原材料,容器与包装,金属、玻璃与塑料包装,山东,7.82,主板,-,-,-,-,2015/4/23,杨晓宏,民营企业,-,表现超预期,大消费,-,-,行业成熟稳定,传统行业,耐用品,-
603022.SH,603022,新通联,迷你盘,原材料,容器与包装,金属、玻璃与塑料包装,上海,10.48,主板,火山口 派出小部队勇吃鱼身,连续多天小涨 龟壳战术吃鱼头,-,-,2015/5/18,曹文洁,民营企业,-,行情酝酿中,-,电子商务产业链,-,行业成熟稳定,传统行业,-,-
603023.SH,603023,威帝股份,迷你盘,可选消费,汽车零部件与轮胎,汽车电子,黑龙江,4.47,主板,-,-,-,-,2015/5/27,丽水经济技术开发区管理委员会,地方国有企业,-,行情酝酿中,-,智能汽车产业链,-,政策支持,传统行业,消耗品,-
603025.SH,603025,大豪科技,中盘股,工业,通用机械,电动机与工控自动化,北京,15.35,主板,火山口 派出小部队勇吃鱼身,-,-,-,2015/4/22,北京市人民政府国有资产监督管理委员会,地方国有企业,β高股息低波动 适合防御,行情酝酿中,-,-,制造业(工业母机),行业成熟稳定,传统行业,耐用品,-
603026.SH,603026,石大胜华,大盘股,工业,储能设备,电池部件及材料,山东,98.05,主板,-,-,有涨停 火山口战法吃鱼身,-,2015/5/29,青岛西海岸新区国有资产管理局,地方国有企业,β高股息低波动 适合防御,表现超预期,-,-,化工,行业成熟稳定,传统行业,耐用品,-
603027.SH,603027,千禾味业,小盘股,主要消费,食品,调味品与食用油,四川,9.47,主板,-,连续多天小涨 龟壳战术吃鱼头,-,-,2016/3/7,伍超群,民营企业,-,表现超预期,大消费,-,-,行业成熟稳定,传统行业,消耗品,-
603028.SH,603028,赛福天,迷你盘,工业,发电设备,光伏设备,江苏,8.51,主板,火山口 派出小部队勇吃鱼身,-,-,-,2016/3/31,苏州鼎鑫投资有限公司,地方国有企业,-,行情酝酿中,-,-,能源,行业成熟稳定,传统行业,消耗品,-
603029.SH,603029,天鹅股份,迷你盘,工业,专用机械,农业机械,山东,18.85,主板,火山口 派出小部队勇吃鱼身,连续多天小涨 龟壳战术吃鱼头,-,-,2016/4/27,山东省供销合作社联合社,集体企业,-,行情酝酿中,-,-,制造业(工业母机),行业成熟稳定,传统行业,耐用品,-
603030.SH,603030,全筑股份,迷你盘,工业,建筑装修,建筑装修,上海,2.33,主板,-,-,-,-,2015/3/20,朱斌,民营企业,-,行情酝酿中,-,房地产产业链,-,行业成熟稳定,传统行业,耐用品,-
603031.SH,603031,安孚科技,大盘股,工业,储能设备,电池,安徽,57.46,主板,火山口 派出小部队勇吃鱼身,-,-,-,2016/8/22,袁永刚,民营企业,β高股息低波动 适合防御,表现超预期,新科技,特高压电力产业链,-,政策支持,高新技术产业,耐用品,-
603032.SH,603032,德新科技,大盘股,工业,专用机械,其他专用机械,新疆,22.76,主板,-,-,-,高人气,2017/1/5,胡成中,民营企业,β高股息低波动 适合防御,表现超预期,-,-,制造业(工业母机),行业成熟稳定,高新技术产业,耐用品,-
603033.SH,603033,三维股份,小盘股,原材料,橡胶,橡胶制品,浙江,11.84,主板,火山口 派出小部队勇吃鱼身,连续多天小涨 龟壳战术吃鱼头,-,-,2016/12/7,叶继跃,民营企业,-,行情酝酿中,-,-,化工,行业成熟稳定,传统行业,耐用品,-
603035.SH,603035,常熟汽饰,迷你盘,可选消费,汽车零部件与轮胎,汽车内饰与外饰,江苏,14.42,主板,火山口 派出小部队勇吃鱼身,连续多天小涨 龟壳战术吃鱼头,-,-,2017/1/5,罗小春,民营企业,-,行情酝酿中,-,智能汽车产业链,-,政策支持,传统行业,消耗品,-
603036.SH,603036,如通股份,迷你盘,能源,油气开采与油田服务,油气开采,江苏,18.13,主板,-,连续多天小涨 龟壳战术吃鱼头,-,-,2016/12/9,无实际控制人,其他,-,表现超预期,-,-,制造业(工业母机),行业成熟稳定,高新技术产业,耐用品,-
603037.SH,603037,凯众股份,小盘股,可选消费,汽车零部件与轮胎,汽车系统部件,上海,14.77,主板,-,-,-,-,2017/1/20,杨建刚,民营企业,-,表现超预期,-,智能汽车产业链,-,政策支持,传统行业,消耗品,-
603038.SH,603038,华立股份,中盘股,工业,建筑产品,建筑产品,广东,16.62,主板,-,-,-,-,2017/1/16,何全洪,民营企业,β高股息低波动 适合防御,表现超预期,大消费,-,-,行业成熟稳定,传统行业,耐用品,-
603039.SH,603039,泛微网络,中盘股,信息技术,软件开发,通用软件,上海,43.82,主板,-,-,-,-,2017/1/13,韦利东,民营企业,β高股息低波动 适合防御,行情酝酿中,国产替代,-,-,政策支持,传统行业,-,-
603040.SH,603040,新坐标,中盘股,可选消费,汽车零部件与轮胎,汽车系统部件,浙江,85.65,主板,-,-,-,-,2017/2/9,徐纳,民营企业,β高股息低波动 适合防御,表现超预期,-,智能汽车产业链,-,政策支持,传统行业,消耗品,-
603041.SH,603041,美思德,迷你盘,原材料,化学制品,聚氨酯,江苏,12.8,主板,-,-,-,-,2017/3/30,黄冠雄,民营企业,-,行情酝酿中,-,-,化工,行业成熟稳定,传统行业,耐用品,-
603042.SH,603042,华脉科技,大盘股,通信服务,通信设备,通信系统设备及组件,江苏,21.69,主板,-,-,-,-,2017/6/2,胥爱民,民营企业,β高股息低波动 适合防御,表现超预期,新基建,-,-,政策支持,高新技术产业,-,-
603043.SH,603043,广州酒家,迷你盘,主要消费,食品,休闲食品,广东,15.33,主板,火山口 派出小部队勇吃鱼身,连续多天小涨 龟壳战术吃鱼头,-,-,2017/6/27,广州市人民政府国有资产监督管理委员会,地方国有企业,-,行情酝酿中,大消费,-,-,行业成熟稳定,传统行业,消耗品,-
603045.SH,603045,福达合金,中盘股,工业,电网设备,配电设备,浙江,36.22,主板,-,-,-,-,2018/5/17,王达武,民营企业,β高股息低波动 适合防御,表现超预期,新能源,-,-,行业成熟稳定,传统行业,消耗品,-
603048.SH,603048,浙江黎明,迷你盘,可选消费,汽车零部件与轮胎,汽车系统部件,浙江,22.13,主板,-,-,-,-,2021/11/16,俞黎明,民营企业,-,行情酝酿中,-,智能汽车产业链,-,政策支持,传统行业,消耗品,-
603049.SH,603049,中策橡胶,中盘股,可选消费,汽车零部件与轮胎,轮胎,浙江,49.23,主板,-,-,-,-,2025/6/5,仇建平,民营企业,β高股息低波动 适合防御,行情酝酿中,-,智能汽车产业链,-,政策支持,传统行业,消耗品,-
603050.SH,603050,科林电气,小盘股,工业,电网设备,配电设备,河北,19.88,主板,火山口 派出小部队勇吃鱼身,连续多天小涨 龟壳战术吃鱼头,-,-,2017/4/14,无实际控制人,其他,-,行情酝酿中,新科技,特高压电力产业链,-,政策支持,高新技术产业,耐用品,-
603051.SH,603051,鹿山新材,中盘股,原材料,化学制品,胶黏剂及胶带,广东,23.06,主板,-,-,-,-,2022/3/25,汪加胜,民营企业,β高股息低波动 适合防御,表现超预期,-,-,化工,行业成熟稳定,传统行业,消耗品,-
603052.SH,603052,可川科技,大盘股,信息技术,电子终端及组件,消费电子组件及零部件,江苏,83.35,主板,-,-,有涨停 火山口战法吃鱼身,高人气,2022/10/11,朱春华,民营企业,β高股息低波动 适合防御,表现超预期,新科技,-,-,政策支持,高新技术产业,-,-
603053.SH,603053,成都燃气,迷你盘,公用事业,燃气,燃气,四川,9.57,主板,火山口 派出小部队勇吃鱼身,连续多天小涨 龟壳战术吃鱼头,-,-,2019/12/17,成都市国有资产监督管理委员会,地方国有企业,-,行情酝酿中,-,-,民生,行业成熟稳定,传统行业,消耗品,-
603055.SH,603055,台华新材,小盘股,原材料,化学纤维,锦纶与涤纶,浙江,9.46,主板,-,-,-,-,2017/9/21,施清岛,外资,-,行情酝酿中,-,-,化工,行业成熟稳定,传统行业,消耗品,-
603057.SH,603057,紫燕食品,中盘股,主要消费,食品,休闲食品,上海,25.95,主板,火山口 派出小部队勇吃鱼身,连续多天小涨 龟壳战术吃鱼头,-,-,2022/9/26,钟怀军,民营企业,β高股息低波动 适合防御,行情酝酿中,大消费,-,-,行业成熟稳定,传统行业,消耗品,-
603058.SH,603058,永吉股份,小盘股,原材料,容器与包装,纸材料包装,贵州,12.08,主板,-,-,-,-,2016/12/23,邓代兴,民营企业,-,表现超预期,-,电子商务产业链,-,行业成熟稳定,传统行业,-,-
603059.SH,603059,倍加洁,迷你盘,主要消费,家庭用品,家庭用品,江苏,34.6,主板,火山口 派出小部队勇吃鱼身,-,-,-,2018/3/2,张文生,民营企业,-,行情酝酿中,-,-,化工,行业成熟稳定,传统行业,消耗品,-
603060.SH,603060,国检集团,迷你盘,工业,建筑与工程,建筑设计及服务,北京,6.33,主板,火山口 派出小部队勇吃鱼身,连续多天小涨 龟壳战术吃鱼头,-,-,2016/11/9,中国建材集团有限公司,中央企业,-,行情酝酿中,-,房地产产业链,-,行业成熟稳定,传统行业,耐用品,-
603061.SH,603061,金海通,大盘股,信息技术,半导体材料与设备,半导体设备,天津,243.9,主板,-,-,有涨停 火山口战法吃鱼身,-,2023/3/3,崔学峰,民营企业,β高股息低波动 适合防御,表现超预期,新科技,-,-,政策支持,高新技术产业,-,有量化参与
603062.SH,603062,麦加芯彩,迷你盘,原材料,化学制品,涂料油墨,上海,50.13,主板,-,-,-,-,2023/11/7,黄雁夷,外资,-,行情酝酿中,-,房地产产业链,-,行业成熟稳定,传统行业,耐用品,-
603063.SH,603063,禾望电气,大盘股,工业,发电设备,风电设备,深圳,40.63,主板,-,-,有涨停 火山口战法吃鱼身,高人气,2017/7/28,韩玉,民营企业,β高股息低波动 适合防御,表现超预期,新科技,特高压电力产业链,-,政策支持,高新技术产业,耐用品,-
603065.SH,603065,宿迁联盛,迷你盘,原材料,化学制品,其他化学制品,江苏,8.24,主板,火山口 派出小部队勇吃鱼身,连续多天小涨 龟壳战术吃鱼头,-,-,2023/3/21,项瞻波,民营企业,-,行情酝酿中,-,-,化工,行业成熟稳定,传统行业,耐用品,-
603066.SH,603066,音飞储存,迷你盘,工业,专用机械,其他专用机械,江苏,9.94,主板,-,-,-,-,2015/6/11,景德镇市国有资产监督管理委员会,地方国有企业,-,行情酝酿中,-,电子商务产业链,-,政策支持,传统行业,-,-
603067.SH,603067,振华股份,大盘股,原材料,化学原料,无机盐,湖北,35.69,主板,-,-,-,-,2016/9/13,蔡再华,民营企业,β高股息低波动 适合防御,表现超预期,-,-,化工,行业成熟稳定,传统行业,耐用品,有量化参与
603068.SH,603068,博通集成,迷你盘,信息技术,集成电路,集成电路设计,上海,32.97,主板,火山口 派出小部队勇吃鱼身,-,-,-,2019/4/15,Pengfei Zhang,外资,-,行情酝酿中,新科技,-,-,政策支持,高新技术产业,-,-
603069.SH,603069,海汽集团,小盘股,工业,运输业,公路运输,海南,17.55,主板,火山口 派出小部队勇吃鱼身,连续多天小涨 龟壳战术吃鱼头,-,-,2016/7/12,海南省国有资产监督管理委员会,地方国有企业,-,行情酝酿中,-,-,交通,行业成熟稳定,传统行业,-,-
603070.SH,603070,万控智造,迷你盘,工业,电网设备,配电设备,浙江,15.18,主板,火山口 派出小部队勇吃鱼身,连续多天小涨 龟壳战术吃鱼头,-,-,2022/3/10,木晓东,民营企业,-,行情酝酿中,新科技,特高压电力产业链,-,政策支持,高新技术产业,耐用品,-
603071.SH,603071,物产环能,迷你盘,工业,商业服务与用品,贸易商,浙江,14.01,主板,火山口 派出小部队勇吃鱼身,连续多天小涨 龟壳战术吃鱼头,-,-,2021/12/16,浙江省人民政府国有资产监督管理委员会,地方国有企业,-,行情酝酿中,-,实体经济,-,行业成熟稳定,传统行业,-,-
603072.SH,603072,天和磁材,小盘股,原材料,稀有金属,稀土金属,内蒙,37.15,主板,火山口 派出小部队勇吃鱼身,连续多天小涨 龟壳战术吃鱼头,-,-,2025/1/3,袁文杰,民营企业,-,行情酝酿中,新能源,-,能源,行业成熟稳定,传统行业,消耗品,-
603073.SH,603073,彩蝶实业,迷你盘,可选消费,纺织服装,纺织品,浙江,19.87,主板,-,-,-,-,2023/3/16,施建明,民营企业,-,行情酝酿中,-,-,化工,行业成熟稳定,传统行业,消耗品,-
603075.SH,603075,热威股份,迷你盘,可选消费,家用电器,家电零部件及其他,浙江,22.75,主板,火山口 派出小部队勇吃鱼身,连续多天小涨 龟壳战术吃鱼头,-,-,2023/9/11,张伟,民营企业,-,行情酝酿中,大消费,-,-,行业成熟稳定,传统行业,耐用品,-
603076.SH,603076,乐惠国际,小盘股,工业,专用机械,其他专用机械,浙江,29.31,主板,火山口 派出小部队勇吃鱼身,连续多天小涨 龟壳战术吃鱼头,-,-,2017/11/13,黄粤宁,民营企业,-,行情酝酿中,-,-,制造业(工业母机),行业成熟稳定,高新技术产业,耐用品,-
603077.SH,603077,和邦生物,大盘股,原材料,农用化工,农药,四川,3.12,主板,-,-,-,-,2012/7/31,贺正刚,民营企业,β高股息低波动 适合防御,表现超预期,-,-,化工,行业成熟稳定,传统行业,耐用品,-
603078.SH,603078,江化微,中盘股,信息技术,半导体材料与设备,半导体材料,江苏,23.28,主板,火山口 派出小部队勇吃鱼身,-,-,-,2017/4/10,淄博市财政局,地方国有企业,β高股息低波动 适合防御,行情酝酿中,新科技,-,-,政策支持,高新技术产业,-,-
603079.SH,603079,圣达生物,迷你盘,主要消费,食品,其他食品,浙江,17.03,主板,火山口 派出小部队勇吃鱼身,连续多天小涨 龟壳战术吃鱼头,-,-,2017/8/23,洪爱,外资,-,行情酝酿中,大消费,-,-,行业成熟稳定,传统行业,消耗品,-
603080.SH,603080,新疆火炬,迷你盘,公用事业,燃气,燃气,新疆,21.24,主板,火山口 派出小部队勇吃鱼身,连续多天小涨 龟壳战术吃鱼头,-,-,2018/1/3,雍芝君,民营企业,-,行情酝酿中,-,-,民生,行业成熟稳定,传统行业,消耗品,-
603081.SH,603081,大丰实业,小盘股,工业,专用机械,其他专用机械,浙江,12.4,主板,火山口 派出小部队勇吃鱼身,连续多天小涨 龟壳战术吃鱼头,-,-,2017/4/20,丰华,民营企业,-,行情酝酿中,-,-,制造业(工业母机),行业成熟稳定,高新技术产业,耐用品,-
603082.SH,603082,北自科技,迷你盘,工业,专用机械,其他专用机械,北京,37.46,主板,-,-,-,-,2024/1/30,国务院国有资产监督管理委员会,中央企业,-,表现超预期,-,-,制造业(工业母机),行业成熟稳定,传统行业,耐用品,-
603083.SH,603083,剑桥科技,大盘股,通信服务,通信设备,通信系统设备及组件,上海,145.29,主板,-,-,有涨停 火山口战法吃鱼身,-,2017/11/10,Gerald G Wong,外资,β高股息低波动 适合防御,表现超预期,新基建,-,-,政策支持,高新技术产业,-,-
603085.SH,603085,天成自控,小盘股,可选消费,汽车零部件与轮胎,汽车内饰与外饰,浙江,11.87,主板,火山口 派出小部队勇吃鱼身,连续多天小涨 龟壳战术吃鱼头,-,-,2015/6/30,陈邦锐,民营企业,-,行情酝酿中,-,智能汽车产业链,-,政策支持,传统行业,消耗品,-
603086.SH,603086,先达股份,迷你盘,原材料,农用化工,农药,山东,7.63,主板,火山口 派出小部队勇吃鱼身,-,-,-,2017/5/11,王现全,民营企业,-,行情酝酿中,-,-,粮食,行业成熟稳定,传统行业,消耗品,-
603087.SH,603087,甘李药业,大盘股,医药卫生,生物药品,其他生物药品,北京,65.15,主板,火山口 派出小部队勇吃鱼身,-,-,-,2020/6/29,甘忠如,民营企业,β高股息低波动 适合防御,行情酝酿中,大健康,-,-,政策支持,高新技术产业,消耗品,-
603088.SH,603088,宁波精达,大盘股,工业,通用机械,加工机械,浙江,13.75,主板,火山口 派出小部队勇吃鱼身,-,-,-,2014/11/11,宁波市人民政府国有资产监督管理委员会,地方国有企业,β高股息低波动 适合防御,表现超预期,新科技,-,制造业(工业母机),政策支持,高新技术产业,耐用品,-
603089.SH,603089,正裕工业,迷你盘,可选消费,汽车零部件与轮胎,汽车系统部件,浙江,12.85,主板,火山口 派出小部队勇吃鱼身,连续多天小涨 龟壳战术吃鱼头,-,-,2017/1/26,郑念辉,民营企业,-,行情酝酿中,-,智能汽车产业链,-,政策支持,传统行业,消耗品,-
603090.SH,603090,宏盛股份,大盘股,工业,通用机械,其他通用机械,江苏,74.25,主板,-,-,-,-,2016/8/31,钮玉霞,民营企业,β高股息低波动 适合防御,表现超预期,-,-,制造业(工业母机),行业成熟稳定,高新技术产业,耐用品,-
603091.SH,603091,众鑫股份,迷你盘,可选消费,家居,其他家居,浙江,79.42,主板,-,-,-,-,2024/9/20,滕步彬,民营企业,-,表现超预期,大消费,-,-,行业成熟稳定,传统行业,耐用品,-
603092.SH,603092,德力佳,小盘股,工业,发电设备,风电设备,江苏,68.8,主板,火山口 派出小部队勇吃鱼身,连续多天小涨 龟壳战术吃鱼头,-,-,2025/11/7,刘建国,民营企业,-,行情酝酿中,-,-,制造业(工业母机),行业成熟稳定,传统行业,耐用品,-
603093.SH,603093,南华期货,中盘股,金融,其他资本市场,其他资本市场,浙江,20.18,主板,-,-,-,-,2019/8/30,东阳市横店社团经济企业联合会,集体企业,β高股息低波动 适合防御,表现超预期,大金融,-,-,行业成熟稳定,传统行业,-,-
603095.SH,603095,越剑智能,迷你盘,工业,专用机械,纺织服装机械,浙江,18.25,主板,-,-,-,-,2020/4/15,孙剑华,民营企业,-,行情酝酿中,-,-,制造业(工业母机),行业成熟稳定,传统行业,耐用品,-
603096.SH,603096,新经典,迷你盘,通信服务,文化娱乐,出版,天津,17.17,主板,-,-,-,-,2017/4/25,陈明俊,民营企业,-,行情酝酿中,-,-,文化体育,行业成熟稳定,传统行业,-,-
603097.SH,603097,江苏华辰,中盘股,工业,电网设备,输变电设备,江苏,33.19,主板,-,-,-,-,2022/5/12,张孝金,民营企业,β高股息低波动 适合防御,表现超预期,新科技,特高压电力产业链,-,政策支持,高新技术产业,耐用品,-
603098.SH,603098,森特股份,小盘股,工业,建筑装修,建筑装修,北京,14.19,主板,-,-,-,-,2016/12/16,刘爱森,民营企业,-,行情酝酿中,-,房地产产业链,-,行业成熟稳定,传统行业,耐用品,-
603099.SH,603099,长白山,中盘股,可选消费,休闲服务,景点,吉林,36.04,主板,火山口 派出小部队勇吃鱼身,-,-,-,2014/8/22,吉林省长白山保护开发区管理委员会财政局(国有资产监督管理委员会),地方国有企业,β高股息低波动 适合防御,行情酝酿中,-,实体经济,-,行业成熟稳定,传统行业,-,-
603100.SH,603100,川仪股份,小盘股,工业,通用机械,仪器仪表,重庆,19.9,主板,火山口 派出小部队勇吃鱼身,-,-,-,2014/8/5,国务院国有资产监督管理委员会,中央企业,-,行情酝酿中,-,智能汽车产业链,制造业(工业母机),行业成熟稳定,传统行业,耐用品,-
603101.SH,603101,汇嘉时代,大盘股,可选消费,一般零售,超市与便利店,新疆,9.95,主板,-,-,-,-,2016/5/6,潘锦海,民营企业,β高股息低波动 适合防御,表现超预期,-,实体经济,-,行业成熟稳定,传统行业,-,-
603102.SH,603102,百合股份,迷你盘,主要消费,食品,其他食品,山东,39.96,主板,-,-,-,-,2022/1/25,刘新力,民营企业,-,行情酝酿中,大健康,-,-,行业成熟稳定,传统行业,消耗品,-
603103.SH,603103,横店影视,大盘股,通信服务,文化娱乐,影视动漫,浙江,24.09,主板,-,-,-,-,2017/10/12,东阳市横店社团经济企业联合会,集体企业,β高股息低波动 适合防御,表现超预期,-,-,文化体育,行业成熟稳定,传统行业,-,-
603105.SH,603105,芯能科技,中盘股,公用事业,电力及电网,光伏发电,浙江,10.88,主板,火山口 派出小部队勇吃鱼身,连续多天小涨 龟壳战术吃鱼头,-,-,2018/7/9,张利忠,民营企业,β高股息低波动 适合防御,行情酝酿中,新科技,特高压电力产业链,-,政策支持,高新技术产业,耐用品,-
603106.SH,603106,恒银科技,迷你盘,信息技术,电子终端及组件,安防设备及其他,天津,9.11,主板,火山口 派出小部队勇吃鱼身,连续多天小涨 龟壳战术吃鱼头,-,-,2017/9/20,江浩然,民营企业,-,行情酝酿中,新基建,-,-,政策支持,高新技术产业,-,-
603107.SH,603107,上海汽配,迷你盘,可选消费,汽车零部件与轮胎,汽车系统部件,上海,14.51,主板,火山口 派出小部队勇吃鱼身,连续多天小涨 龟壳战术吃鱼头,-,-,2023/11/1,上海市浦东新区北蔡镇人民政府,地方国有企业,-,行情酝酿中,-,智能汽车产业链,-,政策支持,传统行业,消耗品,-
603108.SH,603108,润达医疗,小盘股,医药卫生,医疗商业与服务,医药商业,上海,12.82,主板,火山口 派出小部队勇吃鱼身,连续多天小涨 龟壳战术吃鱼头,-,-,2015/5/27,杭州市拱墅区人民政府,地方国有企业,-,行情酝酿中,-,实体经济,-,政策支持,传统行业,消耗品,-
603109.SH,603109,神驰机电,中盘股,工业,通用机械,动力机械,重庆,24.18,主板,-,-,有涨停 火山口战法吃鱼身,-,2019/12/31,艾纯,民营企业,β高股息低波动 适合防御,表现超预期,新科技,特高压电力产业链,-,政策支持,高新技术产业,耐用品,-
603110.SH,603110,东方材料,中盘股,原材料,化学制品,涂料油墨,安徽,17.64,主板,-,-,-,-,2017/10/13,许广彬,民营企业,β高股息低波动 适合防御,表现超预期,-,房地产产业链,-,行业成熟稳定,传统行业,耐用品,-
603111.SH,603111,康尼机电,迷你盘,工业,交通运输设备,城轨铁路,江苏,6.84,主板,火山口 派出小部队勇吃鱼身,连续多天小涨 龟壳战术吃鱼头,-,-,2014/8/1,无实际控制人,其他,-,行情酝酿中,-,-,制造业(工业母机),行业成熟稳定,传统行业,耐用品,-
603112.SH,603112,华翔股份,中盘股,工业,通用机械,气液机械,山西,20.25,主板,火山口 派出小部队勇吃鱼身,连续多天小涨 龟壳战术吃鱼头,-,-,2020/9/17,王春翔,民营企业,β高股息低波动 适合防御,表现超预期,-,-,制造业(工业母机),行业成熟稳定,传统行业,耐用品,-
603113.SH,603113,金能科技,小盘股,原材料,橡胶,橡胶助剂,山东,7.17,主板,火山口 派出小部队勇吃鱼身,-,-,-,2017/5/11,秦庆平,民营企业,-,行情酝酿中,-,-,化工,行业成熟稳定,传统行业,耐用品,-
603115.SH,603115,海星股份,大盘股,信息技术,电子化学品,电子化学品,江苏,47.32,主板,-,-,-,-,2019/8/9,严季新,民营企业,β高股息低波动 适合防御,表现超预期,-,军工高铁产业链,-,行业成熟稳定,传统行业,消耗品,-
603116.SH,603116,红蜻蜓,迷你盘,可选消费,纺织服装,鞋帽与配饰,浙江,5.56,主板,-,-,-,-,2015/6/29,钱金波,民营企业,-,行情酝酿中,大消费,-,-,行业成熟稳定,传统行业,耐用品,-
603117.SH,603117,万林物流,迷你盘,工业,运输业,物流综合,江苏,4.52,主板,-,-,-,-,2015/6/29,樊继波,民营企业,-,行情酝酿中,-,电子商务产业链,-,政策支持,传统行业,-,-
603118.SH,603118,共进股份,大盘股,通信服务,通信设备,通信系统设备及组件,深圳,15.18,主板,-,-,有涨停 火山口战法吃鱼身,-,2015/2/25,唐山市人民政府国有资产监督管理委员会,地方国有企业,β高股息低波动 适合防御,表现超预期,新基建,-,-,政策支持,高新技术产业,-,-
603119.SH,603119,浙江荣泰,大盘股,可选消费,汽车零部件与轮胎,其他汽车零部件,浙江,78.73,主板,-,-,-,-,2023/8/1,葛泰荣,民营企业,β高股息低波动 适合防御,行情酝酿中,-,智能汽车产业链,-,政策支持,传统行业,消耗品,-
603120.SH,603120,肯特催化,迷你盘,原材料,化学制品,其他化学制品,浙江,39.45,主板,火山口 派出小部队勇吃鱼身,连续多天小涨 龟壳战术吃鱼头,-,-,2025/4/16,项飞勇,民营企业,-,行情酝酿中,-,-,化工,行业成熟稳定,传统行业,耐用品,-
603121.SH,603121,华培动力,中盘股,可选消费,汽车零部件与轮胎,汽车系统部件,上海,22.44,主板,火山口 派出小部队勇吃鱼身,-,-,-,2019/1/11,吴怀磊,民营企业,β高股息低波动 适合防御,表现超预期,-,智能汽车产业链,-,政策支持,传统行业,消耗品,-
603122.SH,603122,合富中国,大盘股,医药卫生,医疗商业与服务,医药商业,上海,16.16,主板,-,-,-,高人气,2022/2/16,无实际控制人,其他,β高股息低波动 适合防御,表现超预期,-,实体经济,-,政策支持,传统行业,消耗品,-
603123.SH,603123,翠微股份,大盘股,金融,其他金融服务,特殊金融服务,北京,12.41,主板,-,-,-,-,2012/5/3,北京市海淀区人民政府国有资产监督管理委员会,地方国有企业,β高股息低波动 适合防御,表现超预期,大金融,-,-,行业成熟稳定,传统行业,-,-
603124.SH,603124,江南新材,中盘股,信息技术,电子元件,印制电路板,江西,124.02,主板,-,-,-,-,2025/3/20,徐上金,民营企业,β高股息低波动 适合防御,表现超预期,新能源,特高压电力产业链,-,行业成熟稳定,传统行业,消耗品,-
603125.SH,603125,常青科技,迷你盘,原材料,化学制品,其他化学制品,江苏,18.26,主板,火山口 派出小部队勇吃鱼身,连续多天小涨 龟壳战术吃鱼头,-,-,2023/4/10,孙秋新,民营企业,-,行情酝酿中,-,-,化工,行业成熟稳定,传统行业,耐用品,-
603126.SH,603126,中材节能,小盘股,工业,节能与生态修复,节能与资源回收,天津,7.9,主板,-,-,-,-,2014/7/31,国务院国有资产监督管理委员会,中央企业,-,行情酝酿中,-,-,民生,行业成熟稳定,传统行业,-,-
603127.SH,603127,昭衍新药,大盘股,医药卫生,制药与生物科技服务,制药与生物科技服务,北京,36.93,主板,-,-,-,-,2017/8/25,冯宇霞,民营企业,β高股息低波动 适合防御,表现超预期,大健康,-,-,行业成熟稳定,传统行业,消耗品,有量化参与
603128.SH,603128,华贸物流,迷你盘,工业,运输业,物流综合,上海,5.63,主板,火山口 派出小部队勇吃鱼身,连续多天小涨 龟壳战术吃鱼头,-,-,2012/5/29,国务院国有资产监督管理委员会,中央企业,-,行情酝酿中,-,电子商务产业链,-,政策支持,传统行业,-,-
603129.SH,603129,春风动力,大盘股,可选消费,摩托车及其他,摩托车及其他,浙江,278.01,主板,-,-,-,-,2017/8/18,赖国贵,民营企业,β高股息低波动 适合防御,表现超预期,-,智能汽车产业链,-,行业成熟稳定,传统行业,耐用品,-
603130.SH,603130,云中马,中盘股,可选消费,纺织服装,纺织品,浙江,40.44,主板,-,-,-,-,2022/11/18,叶福忠,民营企业,β高股息低波动 适合防御,表现超预期,-,-,化工,行业成熟稳定,传统行业,消耗品,-
603131.SH,603131,上海沪工,小盘股,工业,通用机械,加工机械,上海,21.19,主板,火山口 派出小部队勇吃鱼身,连续多天小涨 龟壳战术吃鱼头,-,-,2016/6/7,舒宏瑞,民营企业,-,行情酝酿中,-,-,制造业(工业母机),行业成熟稳定,高新技术产业,耐用品,-
603132.SH,603132,金徽股份,中盘股,原材料,工业金属,铅锌,甘肃,19.03,主板,-,连续多天小涨 龟壳战术吃鱼头,-,-,2022/2/22,李明,外资,β高股息低波动 适合防御,表现超预期,新能源,-,-,行业成熟稳定,传统行业,消耗品,-
603135.SH,603135,中重科技,迷你盘,工业,专用机械,采矿冶金机械,天津,11.02,主板,火山口 派出小部队勇吃鱼身,-,-,-,2023/4/10,马冰冰,民营企业,-,行情酝酿中,-,-,制造业(工业母机),行业成熟稳定,高新技术产业,耐用品,-
603136.SH,603136,天目湖,小盘股,可选消费,休闲服务,景点,江苏,11.29,主板,火山口 派出小部队勇吃鱼身,-,-,-,2017/9/27,溧阳市人民政府,地方国有企业,-,行情酝酿中,-,实体经济,-,行业成熟稳定,传统行业,-,-
603137.SH,603137,恒尚节能,迷你盘,工业,建筑装修,建筑装修,江苏,13.4,主板,火山口 派出小部队勇吃鱼身,-,-,-,2023/4/19,周祖庆,民营企业,-,行情酝酿中,-,房地产产业链,-,行业成熟稳定,传统行业,耐用品,-
603138.SH,603138,海量数据,大盘股,信息技术,软件开发,通用软件,北京,20.9,主板,-,-,-,-,2017/3/6,陈志敏,民营企业,β高股息低波动 适合防御,表现超预期,国产替代,-,-,政策支持,传统行业,-,-
603139.SH,603139,康惠股份,中盘股,医药卫生,中药,中成药,陕西,30.12,主板,-,-,有涨停 火山口战法吃鱼身,-,2017/4/21,李红明,民营企业,β高股息低波动 适合防御,表现超预期,大健康,-,-,行业成熟稳定,传统行业,消耗品,-
603150.SH,603150,万朗磁塑,中盘股,可选消费,家用电器,家电零部件及其他,安徽,59.09,主板,-,-,有涨停 火山口战法吃鱼身,高人气,2022/1/24,时乾中,民营企业,β高股息低波动 适合防御,表现超预期,-,-,化工,行业成熟稳定,传统行业,消耗品,-
603151.SH,603151,邦基科技,迷你盘,主要消费,养殖,饲料,山东,17,主板,火山口 派出小部队勇吃鱼身,-,-,-,2022/10/19,王由成,民营企业,-,行情酝酿中,-,-,粮食,行业成熟稳定,传统行业,消耗品,-
603153.SH,603153,上海建科,迷你盘,工业,建筑与工程,建筑设计及服务,上海,16.52,主板,火山口 派出小部队勇吃鱼身,连续多天小涨 龟壳战术吃鱼头,-,-,2023/3/13,上海市国有资产监督管理委员会,地方国有企业,-,行情酝酿中,-,房地产产业链,-,行业成熟稳定,传统行业,耐用品,-
603155.SH,603155,新亚强,迷你盘,原材料,化学制品,有机硅,江苏,16.11,主板,火山口 派出小部队勇吃鱼身,-,-,-,2020/9/1,邯郸市人民政府国有资产监督管理委员会,地方国有企业,-,行情酝酿中,-,-,化工,行业成熟稳定,传统行业,耐用品,-
603156.SH,603156,养元饮品,中盘股,主要消费,软饮料,软饮料,河北,32.08,主板,-,-,-,-,2018/2/12,姚奎章,民营企业,β高股息低波动 适合防御,表现超预期,大消费,-,-,行业成熟稳定,传统行业,消耗品,-
603158.SH,603158,腾龙股份,大盘股,可选消费,汽车零部件与轮胎,汽车系统部件,江苏,13.26,主板,-,-,-,-,2015/3/20,蒋学真,民营企业,β高股息低波动 适合防御,表现超预期,-,智能汽车产业链,-,政策支持,传统行业,消耗品,-
603159.SH,603159,上海亚虹,迷你盘,原材料,塑料,其他塑料制品,上海,26.96,主板,-,-,-,-,2016/8/12,孙林,民营企业,-,行情酝酿中,-,-,制造业(工业母机),行业成熟稳定,高新技术产业,耐用品,-
603160.SH,603160,汇顶科技,大盘股,信息技术,集成电路,集成电路设计,深圳,69.3,主板,火山口 派出小部队勇吃鱼身,连续多天小涨 龟壳战术吃鱼头,-,-,2016/10/17,张帆,民营企业,β高股息低波动 适合防御,行情酝酿中,新科技,-,-,政策支持,高新技术产业,-,-
603161.SH,603161,科华控股,迷你盘,可选消费,汽车零部件与轮胎,汽车系统部件,江苏,14.58,主板,火山口 派出小部队勇吃鱼身,连续多天小涨 龟壳战术吃鱼头,-,-,2018/1/5,卢红萍,民营企业,-,行情酝酿中,-,智能汽车产业链,-,政策支持,传统行业,消耗品,-
603162.SH,603162,海通发展,大盘股,工业,运输业,航运,福建,14.31,主板,火山口 派出小部队勇吃鱼身,连续多天小涨 龟壳战术吃鱼头,-,-,2023/3/29,曾而斌,民营企业,β高股息低波动 适合防御,行情酝酿中,-,-,交通,行业成熟稳定,传统行业,-,-
603163.SH,603163,圣晖集成,大盘股,工业,建筑装修,建筑装修,江苏,113.5,主板,火山口 派出小部队勇吃鱼身,连续多天小涨 龟壳战术吃鱼头,-,-,2022/10/13,无实际控制人,其他,β高股息低波动 适合防御,表现超预期,-,房地产产业链,-,行业成熟稳定,传统行业,耐用品,-
603165.SH,603165,荣晟环保,中盘股,原材料,容器与包装,纸材料包装,浙江,16.72,主板,-,-,-,-,2017/1/17,冯荣华,民营企业,β高股息低波动 适合防御,表现超预期,-,-,化工,行业成熟稳定,传统行业,消耗品,-
603166.SH,603166,福达股份,中盘股,可选消费,汽车零部件与轮胎,汽车系统部件,广西,14.12,主板,火山口 派出小部队勇吃鱼身,连续多天小涨 龟壳战术吃鱼头,-,-,2014/11/27,黎福超,民营企业,β高股息低波动 适合防御,行情酝酿中,-,智能汽车产业链,-,政策支持,传统行业,消耗品,-
603167.SH,603167,渤海轮渡,迷你盘,工业,运输业,航运,山东,9.22,主板,火山口 派出小部队勇吃鱼身,连续多天小涨 龟壳战术吃鱼头,-,-,2012/9/6,辽宁省人民政府国有资产监督管理委员会,地方国有企业,-,行情酝酿中,-,-,交通,行业成熟稳定,传统行业,-,-
603168.SH,603168,莎普爱思,小盘股,医药卫生,化学药,药品制剂,浙江,6.51,主板,-,-,-,-,2014/7/2,林弘立,民营企业,-,行情酝酿中,大健康,-,-,政策支持,高新技术产业,消耗品,-
603169.SH,603169,兰石重装,中盘股,工业,专用机械,化工机械,甘肃,9.9,主板,火山口 派出小部队勇吃鱼身,连续多天小涨 龟壳战术吃鱼头,-,-,2014/10/9,甘肃省人民政府国有资产监督管理委员会,地方国有企业,β高股息低波动 适合防御,行情酝酿中,-,-,制造业(工业母机),行业成熟稳定,高新技术产业,耐用品,-
603170.SH,603170,宝立食品,迷你盘,主要消费,食品,调味品与食用油,上海,13.2,主板,火山口 派出小部队勇吃鱼身,连续多天小涨 龟壳战术吃鱼头,-,-,2022/7/15,马驹,民营企业,-,行情酝酿中,大消费,-,-,行业成熟稳定,传统行业,消耗品,-
603171.SH,603171,税友股份,大盘股,信息技术,软件开发,行业应用软件,浙江,56.93,主板,-,-,有涨停 火山口战法吃鱼身,-,2021/6/30,张镇潮,民营企业,β高股息低波动 适合防御,表现超预期,国产替代,-,-,政策支持,传统行业,-,-
603172.SH,603172,万丰股份,迷你盘,原材料,化学制品,印染化学品,浙江,20.83,主板,-,-,-,-,2023/5/10,俞杏英,民营企业,-,行情酝酿中,-,房地产产业链,-,行业成熟稳定,传统行业,耐用品,-
603173.SH,603173,福斯达,迷你盘,工业,专用机械,其他专用机械,浙江,42.83,主板,火山口 派出小部队勇吃鱼身,连续多天小涨 龟壳战术吃鱼头,-,-,2023/1/30,葛浩俊,民营企业,-,行情酝酿中,-,-,制造业(工业母机),行业成熟稳定,传统行业,耐用品,-
603175.SH,603175,超颖电子,大盘股,信息技术,电子元件,印制电路板,湖北,91.63,主板,-,连续多天小涨 龟壳战术吃鱼头,-,-,2025/10/24,无实际控制人,其他,β高股息低波动 适合防御,表现超预期,新科技,-,-,政策支持,高新技术产业,-,-
603176.SH,603176,汇通集团,迷你盘,工业,建筑与工程,基础设施建设,河北,5.5,主板,火山口 派出小部队勇吃鱼身,连续多天小涨 龟壳战术吃鱼头,-,-,2021/12/31,张忠强,民营企业,-,行情酝酿中,-,房地产产业链,-,行业成熟稳定,传统行业,耐用品,-
603177.SH,603177,德创环保,小盘股,工业,污染治理,烟气治理,浙江,11.52,主板,-,-,有涨停 火山口战法吃鱼身,-,2017/2/7,金猛,民营企业,-,表现超预期,-,-,民生,行业成熟稳定,传统行业,-,-
603178.SH,603178,圣龙股份,中盘股,可选消费,汽车零部件与轮胎,汽车系统部件,浙江,17.42,主板,-,-,-,-,2017/3/28,罗玉龙,民营企业,β高股息低波动 适合防御,表现超预期,-,智能汽车产业链,-,政策支持,传统行业,消耗品,-
603179.SH,603179,新泉股份,大盘股,可选消费,汽车零部件与轮胎,汽车内饰与外饰,江苏,66.66,主板,-,-,-,-,2017/3/17,唐志华,民营企业,β高股息低波动 适合防御,行情酝酿中,-,智能汽车产业链,-,政策支持,传统行业,消耗品,-
603180.SH,603180,金牌家居,迷你盘,可选消费,家居,家具,福建,18.81,主板,火山口 派出小部队勇吃鱼身,连续多天小涨 龟壳战术吃鱼头,-,-,2017/5/12,潘孝贞,民营企业,-,行情酝酿中,大消费,-,-,行业成熟稳定,传统行业,耐用品,-
603181.SH,603181,皇马科技,迷你盘,原材料,化学制品,其他化学制品,浙江,15.02,主板,火山口 派出小部队勇吃鱼身,连续多天小涨 龟壳战术吃鱼头,-,-,2017/8/24,王伟松,民营企业,-,行情酝酿中,-,-,化工,行业成熟稳定,传统行业,耐用品,-
603182.SH,603182,嘉华股份,小盘股,主要消费,种植,农产品,山东,14.85,主板,-,连续多天小涨 龟壳战术吃鱼头,-,-,2022/9/9,张冠玲,民营企业,-,表现超预期,大消费,-,-,行业成熟稳定,传统行业,消耗品,-
603183.SH,603183,建研院,迷你盘,工业,建筑与工程,建筑设计及服务,江苏,4.59,主板,-,-,-,-,2017/9/5,吴小翔,民营企业,-,行情酝酿中,-,房地产产业链,-,行业成熟稳定,传统行业,耐用品,-
603185.SH,603185,弘元绿能,中盘股,工业,发电设备,光伏设备,江苏,24.7,主板,-,-,-,-,2018/12/28,杨建良,民营企业,β高股息低波动 适合防御,表现超预期,新科技,特高压电力产业链,-,政策支持,高新技术产业,耐用品,-
603186.SH,603186,华正新材,大盘股,信息技术,电子元件,印制电路板,浙江,75.35,主板,-,-,-,-,2017/1/3,汪力成,民营企业,β高股息低波动 适合防御,表现超预期,新科技,-,-,政策支持,高新技术产业,-,-
603187.SH,603187,海容冷链,小盘股,工业,通用机械,其他通用机械,山东,14.98,主板,-,-,-,-,2018/11/29,邵伟,民营企业,-,表现超预期,-,-,制造业(工业母机),行业成熟稳定,传统行业,耐用品,-
603188.SH,603188,亚邦股份,小盘股,原材料,化学制品,印染化学品,江苏,4.81,主板,-,-,-,-,2014/9/9,常州市武进区国有(集体)资产管理办公室,地方国有企业,-,行情酝酿中,-,房地产产业链,-,行业成熟稳定,传统行业,耐用品,-
603189.SH,603189,网达软件,迷你盘,信息技术,软件开发,行业应用软件,上海,15.25,主板,-,-,-,-,2016/9/14,蒋宏业,民营企业,-,行情酝酿中,国产替代,-,-,政策支持,传统行业,-,有量化参与
603190.SH,603190,亚通精工,迷你盘,可选消费,汽车零部件与轮胎,其他汽车零部件,山东,25.5,主板,火山口 派出小部队勇吃鱼身,连续多天小涨 龟壳战术吃鱼头,-,-,2023/2/17,焦召明,民营企业,-,行情酝酿中,-,智能汽车产业链,-,政策支持,传统行业,消耗品,-
603191.SH,603191,望变电气,中盘股,工业,电网设备,输变电设备,重庆,21.28,主板,火山口 派出小部队勇吃鱼身,连续多天小涨 龟壳战术吃鱼头,-,-,2022/4/28,杨泽民,民营企业,β高股息低波动 适合防御,行情酝酿中,新科技,特高压电力产业链,-,政策支持,高新技术产业,耐用品,-
603192.SH,603192,汇得科技,迷你盘,原材料,化学制品,聚氨酯,上海,23.88,主板,-,-,-,-,2018/8/28,钱建中,民营企业,-,行情酝酿中,-,-,化工,行业成熟稳定,传统行业,耐用品,-
603193.SH,603193,润本股份,小盘股,主要消费,家庭用品,家庭用品,广东,24.38,主板,-,连续多天小涨 龟壳战术吃鱼头,-,-,2023/10/17,赵贵钦,民营企业,-,行情酝酿中,-,-,化工,行业成熟稳定,传统行业,消耗品,-
603194.SH,603194,中力股份,迷你盘,工业,专用机械,工程机械,浙江,33.96,主板,火山口 派出小部队勇吃鱼身,连续多天小涨 龟壳战术吃鱼头,-,-,2024/12/24,何金辉,民营企业,-,行情酝酿中,-,-,制造业(工业母机),行业成熟稳定,高新技术产业,耐用品,-
603195.SH,603195,公牛集团,小盘股,可选消费,家用电器,家电零部件及其他,浙江,41.04,主板,火山口 派出小部队勇吃鱼身,连续多天小涨 龟壳战术吃鱼头,-,-,2020/2/6,阮立平,民营企业,-,行情酝酿中,大消费,-,-,行业成熟稳定,传统行业,耐用品,-
603196.SH,603196,璞源材料,小盘股,可选消费,纺织服装,服装,上海,32,主板,火山口 派出小部队勇吃鱼身,连续多天小涨 龟壳战术吃鱼头,-,-,2017/5/31,梁丰,民营企业,-,行情酝酿中,大消费,-,-,行业成熟稳定,传统行业,耐用品,-
603197.SH,603197,保隆科技,小盘股,可选消费,汽车零部件与轮胎,汽车电子,上海,33.37,主板,火山口 派出小部队勇吃鱼身,连续多天小涨 龟壳战术吃鱼头,-,-,2017/5/19,陈洪凌,民营企业,-,行情酝酿中,-,智能汽车产业链,-,政策支持,传统行业,消耗品,-
603198.SH,603198,迎驾贡酒,中盘股,主要消费,酒,白酒,安徽,34.57,主板,火山口 派出小部队勇吃鱼身,-,-,-,2015/5/28,倪永培,民营企业,β高股息低波动 适合防御,行情酝酿中,大消费,-,-,行业成熟稳定,传统行业,消耗品,-
603199.SH,603199,九华旅游,小盘股,可选消费,休闲服务,景点,安徽,37.92,主板,-,-,-,-,2015/3/26,池州市政府国有资产监督管理委员会,地方国有企业,-,行情酝酿中,-,实体经济,-,行业成熟稳定,传统行业,-,-
603200.SH,603200,上海洗霸,大盘股,工业,污染治理,污水处理,上海,67,主板,-,-,-,-,2017/6/1,王炜,民营企业,β高股息低波动 适合防御,表现超预期,-,-,民生,行业成熟稳定,传统行业,-,-
603201.SH,603201,常润股份,迷你盘,可选消费,汽车零部件与轮胎,其他汽车零部件,江苏,16.54,主板,火山口 派出小部队勇吃鱼身,连续多天小涨 龟壳战术吃鱼头,-,-,2022/7/29,JUN JI,外资,-,行情酝酿中,-,智能汽车产业链,-,政策支持,传统行业,消耗品,-
603202.SH,603202,天有为,小盘股,可选消费,汽车零部件与轮胎,汽车电子,黑龙江,97.59,主板,-,-,-,-,2025/4/24,王文博,民营企业,-,表现超预期,-,智能汽车产业链,-,政策支持,传统行业,消耗品,-
603203.SH,603203,快克智能,大盘股,工业,通用机械,电动机与工控自动化,江苏,48.25,主板,-,-,有涨停 火山口战法吃鱼身,-,2016/11/8,戚国强,民营企业,β高股息低波动 适合防御,表现超预期,-,-,制造业(工业母机),行业成熟稳定,高新技术产业,耐用品,-
603205.SH,603205,健尔康,迷你盘,医药卫生,医疗器械,医疗耗材,江苏,25.8,主板,火山口 派出小部队勇吃鱼身,连续多天小涨 龟壳战术吃鱼头,-,-,2024/11/7,陈国平,民营企业,-,行情酝酿中,大健康,-,-,行业成熟稳定,传统行业,消耗品,-
603206.SH,603206,嘉环科技,中盘股,通信服务,通信技术服务,通信技术服务,江苏,17.32,主板,-,-,-,-,2022/5/6,宗琰,民营企业,β高股息低波动 适合防御,表现超预期,新基建,-,-,政策支持,高新技术产业,-,-
603207.SH,603207,小方制药,迷你盘,医药卫生,化学药,药品制剂,上海,27.88,主板,火山口 派出小部队勇吃鱼身,连续多天小涨 龟壳战术吃鱼头,-,-,2024/8/26,方之光,外资,-,行情酝酿中,大健康,-,-,政策支持,高新技术产业,消耗品,-
603208.SH,603208,江山欧派,迷你盘,工业,建筑产品,建筑产品,浙江,13.12,主板,-,-,-,-,2017/2/10,吴水根,民营企业,-,行情酝酿中,大消费,-,-,行业成熟稳定,传统行业,耐用品,-
603209.SH,603209,兴通股份,小盘股,工业,运输业,航运,福建,14.48,主板,火山口 派出小部队勇吃鱼身,连续多天小涨 龟壳战术吃鱼头,-,-,2022/3/24,陈兴明,民营企业,-,行情酝酿中,-,-,交通,行业成熟稳定,传统行业,-,-
603210.SH,603210,泰鸿万立,迷你盘,可选消费,汽车零部件与轮胎,其他汽车零部件,浙江,16.62,主板,火山口 派出小部队勇吃鱼身,连续多天小涨 龟壳战术吃鱼头,-,-,2025/4/9,应正才,民营企业,-,行情酝酿中,-,智能汽车产业链,-,政策支持,传统行业,消耗品,-
603211.SH,603211,晋拓股份,大盘股,可选消费,汽车零部件与轮胎,其他汽车零部件,上海,26.2,主板,-,-,-,-,2022/7/25,张东,民营企业,β高股息低波动 适合防御,表现超预期,-,智能汽车产业链,-,政策支持,传统行业,消耗品,-
603212.SH,603212,赛伍技术,大盘股,工业,发电设备,光伏设备,江苏,13.84,主板,火山口 派出小部队勇吃鱼身,-,-,-,2020/4/30,吴小平,民营企业,β高股息低波动 适合防御,表现超预期,-,-,化工,行业成熟稳定,传统行业,消耗品,-
603213.SH,603213,镇洋发展,迷你盘,原材料,化学原料,氯碱,浙江,13.43,主板,火山口 派出小部队勇吃鱼身,-,-,-,2021/11/11,浙江省交通投资集团有限公司,地方国有企业,-,行情酝酿中,-,-,化工,行业成熟稳定,传统行业,耐用品,-
603214.SH,603214,爱婴室,迷你盘,可选消费,专营零售,专营零售,上海,15.96,主板,-,连续多天小涨 龟壳战术吃鱼头,-,-,2018/3/30,施琼,民营企业,-,行情酝酿中,-,实体经济,-,行业成熟稳定,传统行业,-,-
603215.SH,603215,比依股份,迷你盘,可选消费,家用电器,小家电,浙江,19.17,主板,-,-,-,-,2022/2/18,闻继望,外资,-,行情酝酿中,大消费,-,-,行业成熟稳定,传统行业,耐用品,-
603216.SH,603216,梦天家居,中盘股,工业,建筑产品,建筑产品,浙江,30.3,主板,-,-,有涨停 火山口战法吃鱼身,高人气,2021/12/15,余静渊,民营企业,β高股息低波动 适合防御,表现超预期,大消费,-,-,行业成熟稳定,传统行业,耐用品,-
603217.SH,603217,元利科技,小盘股,原材料,化学制品,其他化学制品,山东,26.45,主板,火山口 派出小部队勇吃鱼身,-,-,-,2019/6/20,刘修华,民营企业,-,表现超预期,-,-,化工,行业成熟稳定,传统行业,耐用品,-
603218.SH,603218,日月股份,中盘股,工业,发电设备,风电设备,浙江,14.35,主板,火山口 派出小部队勇吃鱼身,连续多天小涨 龟壳战术吃鱼头,-,-,2016/12/28,傅明康,民营企业,β高股息低波动 适合防御,行情酝酿中,新科技,特高压电力产业链,-,政策支持,高新技术产业,耐用品,-
603219.SH,603219,富佳股份,迷你盘,可选消费,家用电器,小家电,浙江,16.27,主板,-,-,-,-,2021/11/22,王跃旦,民营企业,-,行情酝酿中,大消费,-,-,行业成熟稳定,传统行业,耐用品,-
603220.SH,603220,中贝通信,大盘股,通信服务,通信技术服务,通信技术服务,湖北,32.24,主板,-,-,-,高人气,2018/11/15,李六兵,民营企业,β高股息低波动 适合防御,表现超预期,新基建,-,-,政策支持,高新技术产业,-,-
603221.SH,603221,爱丽家居,迷你盘,工业,建筑产品,建筑产品,江苏,11.39,主板,火山口 派出小部队勇吃鱼身,连续多天小涨 龟壳战术吃鱼头,-,-,2020/3/23,宋正兴,民营企业,-,行情酝酿中,大消费,-,-,行业成熟稳定,传统行业,耐用品,-
603222.SH,603222,济民健康,中盘股,医药卫生,医疗器械,医疗耗材,浙江,10.54,主板,-,-,-,-,2015/2/17,李丽莎,民营企业,β高股息低波动 适合防御,行情酝酿中,大健康,-,-,行业成熟稳定,传统行业,消耗品,-
603223.SH,603223,恒通股份,小盘股,能源,石油与天然气,油气流通及其他,山东,8.83,主板,火山口 派出小部队勇吃鱼身,连续多天小涨 龟壳战术吃鱼头,-,-,2015/6/30,龙口市东江街道南山村村民委员会,民营企业,-,行情酝酿中,-,-,交通,行业成熟稳定,传统行业,-,-
603225.SH,603225,新凤鸣,大盘股,原材料,化学纤维,锦纶与涤纶,浙江,16.78,主板,-,-,-,-,2017/4/18,庄奎龙,民营企业,β高股息低波动 适合防御,行情酝酿中,-,-,化工,行业成熟稳定,传统行业,耐用品,-
603226.SH,603226,菲林格尔,小盘股,工业,建筑产品,建筑产品,上海,40.15,主板,-,-,-,-,2017/6/15,金亚伟,民营企业,-,表现超预期,大消费,-,-,行业成熟稳定,传统行业,耐用品,-
603227.SH,603227,雪峰科技,大盘股,原材料,化学制品,民爆制品,新疆,9.13,主板,-,-,-,-,2015/5/15,广东省环保集团有限公司,地方国有企业,β高股息低波动 适合防御,行情酝酿中,-,-,化工,行业成熟稳定,传统行业,耐用品,-
603228.SH,603228,景旺电子,大盘股,信息技术,电子元件,印制电路板,深圳,66.2,主板,-,-,-,-,2017/1/6,刘绍柏,民营企业,β高股息低波动 适合防御,表现超预期,新科技,-,-,政策支持,高新技术产业,-,-
603229.SH,603229,奥翔药业,小盘股,医药卫生,化学药,原料药,浙江,10.07,主板,-,-,-,-,2017/5/9,郑志国,民营企业,-,行情酝酿中,大健康,-,-,政策支持,高新技术产业,消耗品,-
603230.SH,603230,内蒙新华,迷你盘,通信服务,文化娱乐,出版,内蒙,11.16,主板,-,-,-,-,2021/12/24,内蒙古自治区人民政府,地方国有企业,-,行情酝酿中,-,-,文化体育,行业成熟稳定,传统行业,-,-
603231.SH,603231,索宝蛋白,迷你盘,主要消费,种植,农产品,浙江,17.78,主板,火山口 派出小部队勇吃鱼身,连续多天小涨 龟壳战术吃鱼头,-,-,2023/12/15,刘季善,民营企业,-,行情酝酿中,大消费,-,-,行业成熟稳定,传统行业,消耗品,-
603232.SH,603232,格尔软件,中盘股,信息技术,软件开发,通用软件,上海,20.11,主板,火山口 派出小部队勇吃鱼身,-,-,-,2017/4/21,孔令钢,民营企业,β高股息低波动 适合防御,行情酝酿中,国产替代,-,-,政策支持,传统行业,-,-
603233.SH,603233,大参林,迷你盘,医药卫生,医疗商业与服务,医药商业,广东,17.39,主板,-,连续多天小涨 龟壳战术吃鱼头,-,-,2017/7/31,柯云峰,民营企业,-,行情酝酿中,-,实体经济,-,政策支持,传统行业,消耗品,-
603235.SH,603235,天新药业,迷你盘,主要消费,食品,其他食品,江西,26.75,主板,火山口 派出小部队勇吃鱼身,连续多天小涨 龟壳战术吃鱼头,-,-,2022/7/12,许江南,民营企业,-,行情酝酿中,大健康,-,-,政策支持,高新技术产业,消耗品,-
603236.SH,603236,移远通信,中盘股,通信服务,通信设备,通信终端设备及组件,上海,77,主板,-,-,-,-,2019/7/16,钱鹏鹤,民营企业,β高股息低波动 适合防御,行情酝酿中,新基建,-,-,政策支持,高新技术产业,-,-
603237.SH,603237,五芳斋,迷你盘,主要消费,食品,其他食品,浙江,17.14,主板,火山口 派出小部队勇吃鱼身,连续多天小涨 龟壳战术吃鱼头,-,-,2022/8/31,厉建平,外资,-,行情酝酿中,大消费,-,-,行业成熟稳定,传统行业,消耗品,-
603238.SH,603238,诺邦股份,迷你盘,主要消费,家庭用品,家庭用品,浙江,15.87,主板,火山口 派出小部队勇吃鱼身,连续多天小涨 龟壳战术吃鱼头,-,-,2017/2/22,任建华,民营企业,-,行情酝酿中,-,-,化工,行业成熟稳定,传统行业,消耗品,-
603239.SH,603239,浙江仙通,小盘股,可选消费,汽车零部件与轮胎,汽车内饰与外饰,浙江,24.17,主板,-,-,-,-,2016/12/30,台州市人民政府国有资产监督管理委员会,地方国有企业,-,行情酝酿中,-,智能汽车产业链,-,政策支持,传统行业,消耗品,-
603248.SH,603248,锡华科技,中盘股,工业,发电设备,风电设备,江苏,26.72,主板,-,-,-,-,2025/12/23,王荣正,民营企业,β高股息低波动 适合防御,行情酝酿中,-,-,制造业(工业母机),行业成熟稳定,传统行业,耐用品,-
603255.SH,603255,鼎际得,迷你盘,原材料,塑料,其他塑料制品,辽宁,29.9,主板,火山口 派出小部队勇吃鱼身,-,-,-,2022/8/18,张再明,民营企业,-,行情酝酿中,-,-,化工,行业成熟稳定,传统行业,耐用品,-
603256.SH,603256,宏和科技,大盘股,原材料,其他非金属材料,玻璃纤维,上海,105.3,主板,-,-,有涨停 火山口战法吃鱼身,-,2019/7/19,Grace Tsu Han Wong,外资,β高股息低波动 适合防御,表现超预期,-,-,化工,行业成熟稳定,传统行业,耐用品,-
603257.SH,603257,中国瑞林,中盘股,工业,建筑与工程,建筑设计及服务,江西,59.5,主板,-,-,-,-,2025/4/8,无实际控制人,其他,β高股息低波动 适合防御,行情酝酿中,-,房地产产业链,-,行业成熟稳定,传统行业,耐用品,-
603258.SH,603258,电魂网络,迷你盘,通信服务,文化娱乐,游戏,浙江,17.97,主板,火山口 派出小部队勇吃鱼身,连续多天小涨 龟壳战术吃鱼头,-,-,2016/10/26,陈芳,民营企业,-,行情酝酿中,国产替代,电子商务产业链,-,政策支持,传统行业,-,-
603259.SH,603259,药明康德,大盘股,医药卫生,制药与生物科技服务,制药与生物科技服务,江苏,99.39,主板,-,-,-,-,2018/5/8,Ge Li(李革),外资,β高股息低波动 适合防御,行情酝酿中,大健康,-,-,政策支持,高新技术产业,消耗品,有量化参与
603260.SH,603260,合盛硅业,大盘股,原材料,其他非金属材料,其他非金属材料,浙江,43.81,主板,-,-,-,-,2017/10/30,罗立国,民营企业,β高股息低波动 适合防御,表现超预期,-,-,化工,行业成熟稳定,传统行业,耐用品,-
603261.SH,603261,*ST立航,迷你盘,工业,航空航天,航空,四川,34.96,主板,火山口 派出小部队勇吃鱼身,-,-,-,2022/3/15,刘随阳,民营企业,-,行情酝酿中,-,军工高铁产业链,-,政策支持,高新技术产业,-,-
603262.SH,603262,技源集团,迷你盘,主要消费,食品,其他食品,江苏,25.82,主板,火山口 派出小部队勇吃鱼身,连续多天小涨 龟壳战术吃鱼头,-,-,2025/7/23,龙玲,民营企业,-,行情酝酿中,大消费,-,-,行业成熟稳定,传统行业,消耗品,-
603266.SH,603266,天龙股份,小盘股,可选消费,汽车零部件与轮胎,其他汽车零部件,浙江,19.98,主板,火山口 派出小部队勇吃鱼身,-,-,-,2017/1/10,胡建立,民营企业,-,行情酝酿中,-,智能汽车产业链,-,政策支持,传统行业,消耗品,-
603267.SH,603267,鸿远电子,中盘股,信息技术,电子元件,被动元件,北京,52.3,主板,火山口 派出小部队勇吃鱼身,-,-,-,2019/5/15,郑红,民营企业,β高股息低波动 适合防御,行情酝酿中,新科技,-,-,政策支持,高新技术产业,-,-
603269.SH,603269,海鸥股份,大盘股,工业,通用机械,其他通用机械,江苏,15.68,主板,-,-,有涨停 火山口战法吃鱼身,-,2017/5/17,金敖大,民营企业,β高股息低波动 适合防御,表现超预期,-,-,制造业(工业母机),行业成熟稳定,传统行业,耐用品,-
603270.SH,603270,金帝股份,小盘股,工业,通用机械,动力机械,山东,26.19,主板,火山口 派出小部队勇吃鱼身,连续多天小涨 龟壳战术吃鱼头,-,-,2023/9/1,郑广会,民营企业,-,行情酝酿中,-,-,制造业(工业母机),行业成熟稳定,传统行业,耐用品,-
603271.SH,603271,永杰新材,中盘股,原材料,工业金属,铝,浙江,50.55,主板,火山口 派出小部队勇吃鱼身,连续多天小涨 龟壳战术吃鱼头,-,-,2025/3/11,沈建国,民营企业,β高股息低波动 适合防御,行情酝酿中,-,军工高铁产业链,-,行业成熟稳定,传统行业,消耗品,-
603272.SH,603272,联翔股份,中盘股,可选消费,家居,其他家居,浙江,30.6,主板,-,-,-,-,2022/5/20,卜晓华,民营企业,β高股息低波动 适合防御,表现超预期,大消费,-,-,行业成熟稳定,传统行业,耐用品,-
603273.SH,603273,天元智能,迷你盘,工业,专用机械,工程机械,江苏,17.91,主板,火山口 派出小部队勇吃鱼身,连续多天小涨 龟壳战术吃鱼头,-,-,2023/10/23,吴逸中,民营企业,-,行情酝酿中,-,-,制造业(工业母机),行业成熟稳定,高新技术产业,耐用品,-
603275.SH,603275,众辰科技,小盘股,工业,通用机械,电动机与工控自动化,上海,47.65,主板,-,连续多天小涨 龟壳战术吃鱼头,-,-,2023/8/23,张建军,民营企业,-,表现超预期,-,智能汽车产业链,制造业(工业母机),行业成熟稳定,传统行业,耐用品,-
603276.SH,603276,恒兴新材,迷你盘,原材料,化学制品,其他化学制品,江苏,16.89,主板,火山口 派出小部队勇吃鱼身,连续多天小涨 龟壳战术吃鱼头,-,-,2023/9/25,张千,民营企业,-,行情酝酿中,-,-,化工,行业成熟稳定,传统行业,耐用品,-
603277.SH,603277,银都股份,迷你盘,工业,通用机械,其他通用机械,浙江,14.43,主板,火山口 派出小部队勇吃鱼身,连续多天小涨 龟壳战术吃鱼头,-,-,2017/9/11,周俊杰,民营企业,-,行情酝酿中,-,-,制造业(工业母机),行业成熟稳定,高新技术产业,耐用品,-
603278.SH,603278,大业股份,中盘股,原材料,钢铁,其他钢铁,山东,12.01,主板,火山口 派出小部队勇吃鱼身,-,-,-,2017/11/13,窦勇,民营企业,β高股息低波动 适合防御,表现超预期,-,-,能源,行业成熟稳定,传统行业,消耗品,-
603279.SH,603279,景津装备,小盘股,工业,通用机械,其他通用机械,山东,18.73,主板,火山口 派出小部队勇吃鱼身,连续多天小涨 龟壳战术吃鱼头,-,-,2019/7/29,姜桂廷,民营企业,-,行情酝酿中,-,-,民生,行业成熟稳定,传统行业,-,-
603280.SH,603280,南方路机,迷你盘,工业,专用机械,工程机械,福建,34.81,主板,-,-,-,-,2022/11/8,方庆熙,民营企业,-,行情酝酿中,-,-,制造业(工业母机),行业成熟稳定,高新技术产业,耐用品,-
603281.SH,603281,江瀚新材,中盘股,原材料,化学制品,有机硅,湖北,37.72,主板,-,-,-,-,2023/1/31,甘书官,民营企业,β高股息低波动 适合防御,表现超预期,-,-,化工,行业成熟稳定,传统行业,耐用品,-
603282.SH,603282,亚光股份,迷你盘,工业,节能与生态修复,节能与资源回收,浙江,21.16,主板,火山口 派出小部队勇吃鱼身,-,-,-,2023/3/15,陈国华,民营企业,-,行情酝酿中,-,-,制造业(工业母机),行业成熟稳定,高新技术产业,耐用品,-
603283.SH,603283,赛腾股份,大盘股,工业,通用机械,电动机与工控自动化,江苏,50.67,主板,-,-,-,-,2017/12/25,孙丰,民营企业,β高股息低波动 适合防御,表现超预期,-,-,制造业(工业母机),行业成熟稳定,高新技术产业,耐用品,-
603284.SH,603284,林平发展,中盘股,原材料,容器与包装,纸材料包装,安徽,56,主板,火山口 派出小部队勇吃鱼身,-,-,-,2026/2/10,李建设,民营企业,β高股息低波动 适合防御,行情酝酿中,-,-,化工,行业成熟稳定,传统行业,消耗品,-
603285.SH,603285,键邦股份,中盘股,原材料,化学制品,其他化学制品,山东,37.42,主板,-,-,有涨停 火山口战法吃鱼身,高人气,2024/7/5,朱剑波,民营企业,β高股息低波动 适合防御,表现超预期,-,-,化工,行业成熟稳定,传统行业,耐用品,-
603286.SH,603286,日盈电子,中盘股,可选消费,汽车零部件与轮胎,其他汽车零部件,江苏,62.93,主板,火山口 派出小部队勇吃鱼身,连续多天小涨 龟壳战术吃鱼头,-,-,2017/6/27,是蓉珠,民营企业,β高股息低波动 适合防御,行情酝酿中,-,智能汽车产业链,-,政策支持,传统行业,消耗品,-
603288.SH,603288,海天味业,大盘股,主要消费,食品,调味品与食用油,广东,39.94,主板,火山口 派出小部队勇吃鱼身,-,-,-,2014/2/11,庞康,民营企业,β高股息低波动 适合防御,行情酝酿中,大消费,-,-,行业成熟稳定,传统行业,消耗品,-
603289.SH,603289,泰瑞机器,小盘股,工业,通用机械,加工机械,浙江,12.17,主板,-,-,-,-,2017/10/31,郑建国,民营企业,-,行情酝酿中,-,-,制造业(工业母机),行业成熟稳定,高新技术产业,耐用品,-
603290.SH,603290,斯达半导,中盘股,信息技术,分立器件,分立器件,浙江,99.46,主板,火山口 派出小部队勇吃鱼身,-,-,-,2020/2/4,沈华,外资,β高股息低波动 适合防御,行情酝酿中,新科技,-,-,政策支持,高新技术产业,-,-
603291.SH,603291,联合水务,迷你盘,公用事业,水务,水务,江苏,11.75,主板,火山口 派出小部队勇吃鱼身,连续多天小涨 龟壳战术吃鱼头,-,-,2023/3/27,俞伟景,外资,-,行情酝酿中,-,-,民生,行业成熟稳定,传统行业,耐用品,-
603293.SH,603293,N埃泰克,大盘股,NA,NA,NA,安徽,64.71,主板,-,-,有涨停 火山口战法吃鱼身,高人气,2026/4/16,CHEN ZEJIAN,外资,β高股息低波动 适合防御,表现超预期,-,智能汽车产业链,-,政策支持,传统行业,消耗品,有量化参与
603296.SH,603296,华勤技术,大盘股,信息技术,电子终端及组件,电脑与外围设备,上海,97.4,主板,-,-,-,-,2023/8/8,邱文生,民营企业,β高股息低波动 适合防御,行情酝酿中,新科技,-,-,政策支持,高新技术产业,-,-
603297.SH,603297,永新光学,中盘股,信息技术,光学光电子,光学元件,浙江,112.69,主板,火山口 派出小部队勇吃鱼身,连续多天小涨 龟壳战术吃鱼头,-,-,2018/9/10,曹其东,外资,β高股息低波动 适合防御,表现超预期,新科技,-,-,政策支持,高新技术产业,-,-
603298.SH,603298,杭叉集团,小盘股,工业,专用机械,工程机械,浙江,25.33,主板,火山口 派出小部队勇吃鱼身,连续多天小涨 龟壳战术吃鱼头,-,-,2016/12/27,仇建平,民营企业,-,行情酝酿中,-,-,制造业(工业母机),行业成熟稳定,高新技术产业,耐用品,-
603299.SH,603299,苏盐井神,迷你盘,原材料,化学原料,无机盐,江苏,11.22,主板,-,-,-,-,2015/12/31,江苏省政府国有资产监督管理委员会,地方国有企业,-,行情酝酿中,大消费,-,-,行业成熟稳定,传统行业,消耗品,-
603300.SH,603300,海南华铁,大盘股,工业,商业服务与用品,其他商业服务与用品,浙江,7.17,主板,-,-,-,-,2015/5/29,海南省国有资产监督管理委员会,地方国有企业,β高股息低波动 适合防御,表现超预期,大金融,-,-,行业成熟稳定,传统行业,-,-
603301.SH,603301,振德医疗,大盘股,医药卫生,医疗器械,医疗耗材,浙江,95.36,主板,-,-,-,-,2018/4/12,鲁建国,民营企业,β高股息低波动 适合防御,表现超预期,大健康,-,-,行业成熟稳定,传统行业,消耗品,-
603303.SH,603303,得邦照明,迷你盘,可选消费,家用电器,照明电器,浙江,15.8,主板,-,连续多天小涨 龟壳战术吃鱼头,-,-,2017/3/30,东阳市横店社团经济企业联合会,集体企业,-,行情酝酿中,大消费,-,-,行业成熟稳定,传统行业,耐用品,-
603305.SH,603305,旭升集团,大盘股,可选消费,汽车零部件与轮胎,汽车系统部件,浙江,15.25,主板,火山口 派出小部队勇吃鱼身,连续多天小涨 龟壳战术吃鱼头,-,-,2017/7/10,广州市人民政府,地方国有企业,β高股息低波动 适合防御,行情酝酿中,-,智能汽车产业链,-,政策支持,传统行业,消耗品,-
603306.SH,603306,华懋科技,大盘股,可选消费,汽车零部件与轮胎,汽车内饰与外饰,福建,108.27,主板,-,-,-,-,2014/9/26,袁晋清,民营企业,β高股息低波动 适合防御,表现超预期,-,智能汽车产业链,-,政策支持,传统行业,消耗品,-
603307.SH,603307,扬州金泉,迷你盘,可选消费,休闲设备与用品,休闲设备与用品,江苏,39.4,主板,火山口 派出小部队勇吃鱼身,-,-,-,2023/2/16,林明稳,民营企业,-,行情酝酿中,-,-,文化体育,行业成熟稳定,传统行业,-,-
603308.SH,603308,应流股份,大盘股,工业,通用机械,气液机械,安徽,71.1,主板,-,-,-,-,2014/1/22,杜应流,民营企业,β高股息低波动 适合防御,表现超预期,-,-,制造业(工业母机),行业成熟稳定,传统行业,耐用品,-
603309.SH,603309,维力医疗,小盘股,医药卫生,医疗器械,医疗耗材,广东,14.41,主板,火山口 派出小部队勇吃鱼身,连续多天小涨 龟壳战术吃鱼头,-,-,2015/3/2,向彬,外资,-,行情酝酿中,大健康,-,-,行业成熟稳定,传统行业,消耗品,-
603310.SH,603310,巍华新材,迷你盘,原材料,化学制品,氟化工,浙江,16.15,主板,火山口 派出小部队勇吃鱼身,-,-,-,2024/8/14,吴江伟,民营企业,-,行情酝酿中,-,-,化工,行业成熟稳定,传统行业,耐用品,-
603311.SH,603311,金海高科,中盘股,可选消费,家用电器,家电零部件及其他,浙江,19.9,主板,-,-,-,-,2015/5/18,丁宏广,民营企业,β高股息低波动 适合防御,表现超预期,大消费,-,-,行业成熟稳定,传统行业,耐用品,-
603312.SH,603312,西典新能,迷你盘,工业,储能设备,电池部件及材料,江苏,42,主板,火山口 派出小部队勇吃鱼身,连续多天小涨 龟壳战术吃鱼头,-,-,2024/1/11,SHENG JIAN HUA,外资,-,行情酝酿中,新科技,特高压电力产业链,-,政策支持,高新技术产业,耐用品,-
603313.SH,603313,梦百合,小盘股,可选消费,家居,家具,江苏,7.8,主板,-,-,-,-,2016/10/13,倪张根,民营企业,-,行情酝酿中,大消费,-,-,行业成熟稳定,传统行业,耐用品,-
603315.SH,603315,福鞍股份,大盘股,工业,污染治理,烟气治理,辽宁,18.52,主板,-,-,-,高人气,2015/4/24,吕世平,民营企业,β高股息低波动 适合防御,表现超预期,-,-,民生,行业成熟稳定,传统行业,-,-
603316.SH,603316,诚邦股份,中盘股,工业,建筑与工程,园林工程,浙江,15.6,主板,-,-,-,-,2017/6/19,方利强,民营企业,β高股息低波动 适合防御,行情酝酿中,-,房地产产业链,-,行业成熟稳定,传统行业,耐用品,-
603317.SH,603317,天味食品,小盘股,主要消费,食品,调味品与食用油,四川,13.06,主板,-,-,-,-,2019/4/16,邓文,民营企业,-,表现超预期,大消费,-,-,行业成熟稳定,传统行业,消耗品,-
603318.SH,603318,水发燃气,中盘股,公用事业,燃气,燃气,辽宁,7.7,主板,火山口 派出小部队勇吃鱼身,-,-,-,2015/4/24,山东省人民政府国有资产监督管理委员会,地方国有企业,β高股息低波动 适合防御,行情酝酿中,-,-,民生,行业成熟稳定,传统行业,消耗品,-
603319.SH,603319,美湖股份,中盘股,可选消费,汽车零部件与轮胎,汽车系统部件,湖南,34.97,主板,火山口 派出小部队勇吃鱼身,连续多天小涨 龟壳战术吃鱼头,-,-,2016/11/30,许仲秋,民营企业,β高股息低波动 适合防御,行情酝酿中,-,智能汽车产业链,-,政策支持,传统行业,消耗品,-
603320.SH,603320,迪贝电气,小盘股,工业,通用机械,电动机与工控自动化,浙江,22.29,主板,-,-,-,-,2017/5/2,吴建荣,民营企业,-,表现超预期,新科技,特高压电力产业链,-,政策支持,高新技术产业,耐用品,-
603321.SH,603321,梅轮电梯,迷你盘,工业,专用机械,楼宇设备,浙江,7.34,主板,-,-,-,-,2017/9/15,钱雪林,民营企业,-,行情酝酿中,-,-,制造业(工业母机),行业成熟稳定,传统行业,耐用品,-
603322.SH,603322,超讯通信,大盘股,通信服务,通信技术服务,通信技术服务,广东,38.09,主板,-,-,有涨停 火山口战法吃鱼身,高人气,2016/7/28,梁建华,民营企业,β高股息低波动 适合防御,表现超预期,新基建,-,-,政策支持,高新技术产业,-,-
603323.SH,603323,苏农银行,小盘股,金融,商业银行,区域性银行,江苏,4.85,主板,火山口 派出小部队勇吃鱼身,连续多天小涨 龟壳战术吃鱼头,-,-,2016/11/29,无实际控制人,其他,-,行情酝酿中,大金融,-,-,行业成熟稳定,传统行业,-,-
603324.SH,603324,盛剑科技,迷你盘,工业,污染治理,烟气治理,上海,26.16,主板,火山口 派出小部队勇吃鱼身,连续多天小涨 龟壳战术吃鱼头,-,-,2021/4/7,张伟明,民营企业,-,行情酝酿中,-,-,民生,行业成熟稳定,传统行业,-,-
603325.SH,603325,博隆技术,迷你盘,工业,通用机械,气液机械,上海,76.42,主板,火山口 派出小部队勇吃鱼身,连续多天小涨 龟壳战术吃鱼头,-,-,2024/1/10,张玲珑,民营企业,-,行情酝酿中,-,-,制造业(工业母机),行业成熟稳定,传统行业,耐用品,-
603326.SH,603326,我乐家居,迷你盘,可选消费,家居,家具,江苏,8.65,主板,火山口 派出小部队勇吃鱼身,-,-,-,2017/6/16,NINA YANTI MIAO,外资,-,行情酝酿中,大消费,-,-,行业成熟稳定,传统行业,耐用品,-
603327.SH,603327,福蓉科技,大盘股,信息技术,电子终端及组件,消费电子组件及零部件,四川,10.74,主板,-,-,有涨停 火山口战法吃鱼身,高人气,2019/5/23,福建省人民政府国有资产监督管理委员会,地方国有企业,β高股息低波动 适合防御,表现超预期,新科技,-,-,政策支持,高新技术产业,-,-
603328.SH,603328,依顿电子,大盘股,信息技术,电子元件,印制电路板,广东,13.09,主板,火山口 派出小部队勇吃鱼身,-,-,-,2014/7/1,绵阳市国有资产监督管理委员会,地方国有企业,β高股息低波动 适合防御,行情酝酿中,新科技,-,-,政策支持,高新技术产业,-,-
603329.SH,603329,上海雅仕,迷你盘,工业,运输业,物流综合,上海,10.34,主板,火山口 派出小部队勇吃鱼身,连续多天小涨 龟壳战术吃鱼头,-,-,2017/12/29,湖北省人民政府国有资产监督管理委员会,地方国有企业,-,行情酝酿中,-,电子商务产业链,-,政策支持,传统行业,-,-
603330.SH,603330,天洋新材,迷你盘,原材料,化学制品,胶黏剂及胶带,上海,6.9,主板,火山口 派出小部队勇吃鱼身,连续多天小涨 龟壳战术吃鱼头,-,-,2017/2/13,茹伯兴,民营企业,-,行情酝酿中,-,-,化工,行业成熟稳定,传统行业,消耗品,-
603331.SH,603331,百达精工,小盘股,工业,通用机械,气液机械,浙江,15.23,主板,火山口 派出小部队勇吃鱼身,连续多天小涨 龟壳战术吃鱼头,-,-,2017/7/5,施小友,民营企业,-,行情酝酿中,-,-,制造业(工业母机),行业成熟稳定,高新技术产业,耐用品,-
603332.SH,603332,苏州龙杰,迷你盘,原材料,化学纤维,锦纶与涤纶,江苏,13.2,主板,火山口 派出小部队勇吃鱼身,连续多天小涨 龟壳战术吃鱼头,-,-,2019/1/17,席文杰,民营企业,-,行情酝酿中,-,-,化工,行业成熟稳定,传统行业,耐用品,-
603333.SH,603333,尚纬股份,迷你盘,工业,电网设备,线缆及其他,四川,7.76,主板,-,-,-,-,2012/5/7,张华,民营企业,-,行情酝酿中,新科技,特高压电力产业链,-,政策支持,高新技术产业,耐用品,-
603334.SH,603334,丰倍生物,中盘股,工业,节能与生态修复,节能与资源回收,江苏,54,主板,-,-,-,-,2025/11/5,平原,民营企业,β高股息低波动 适合防御,表现超预期,-,-,化工,行业成熟稳定,传统行业,耐用品,-
603335.SH,603335,迪生力,中盘股,可选消费,汽车零部件与轮胎,轮胎,广东,6.5,主板,-,-,-,-,2017/6/20,赵瑞贞,民营企业,β高股息低波动 适合防御,表现超预期,-,智能汽车产业链,-,政策支持,传统行业,消耗品,-
603336.SH,603336,宏辉果蔬,小盘股,主要消费,种植,农产品,广东,9.45,主板,-,-,-,-,2016/11/24,苏州市财政局,地方国有企业,-,行情酝酿中,-,-,粮食,行业成熟稳定,传统行业,消耗品,-
603337.SH,603337,杰克科技,小盘股,工业,专用机械,纺织服装机械,浙江,39.8,主板,-,连续多天小涨 龟壳战术吃鱼头,-,-,2017/1/19,胡彩芳,民营企业,-,行情酝酿中,-,-,制造业(工业母机),行业成熟稳定,传统行业,耐用品,-
603338.SH,603338,浙江鼎力,中盘股,工业,专用机械,其他专用机械,浙江,50.89,主板,-,-,-,-,2015/3/25,许树根,民营企业,β高股息低波动 适合防御,行情酝酿中,-,-,制造业(工业母机),行业成熟稳定,高新技术产业,耐用品,-
603339.SH,603339,四方科技,迷你盘,工业,通用机械,其他通用机械,江苏,13.39,主板,火山口 派出小部队勇吃鱼身,连续多天小涨 龟壳战术吃鱼头,-,-,2016/5/19,黄杰,民营企业,-,行情酝酿中,-,-,制造业(工业母机),行业成熟稳定,高新技术产业,耐用品,-
603341.SH,603341,龙旗科技,中盘股,信息技术,电子终端及组件,消费电子终端,上海,38.95,主板,火山口 派出小部队勇吃鱼身,-,-,-,2024/3/1,杜军红,民营企业,β高股息低波动 适合防御,行情酝酿中,新基建,-,-,政策支持,高新技术产业,-,-
603344.SH,603344,星德胜,迷你盘,可选消费,家用电器,家电零部件及其他,江苏,27.96,主板,火山口 派出小部队勇吃鱼身,连续多天小涨 龟壳战术吃鱼头,-,-,2024/3/20,朱云舫,民营企业,-,行情酝酿中,新科技,特高压电力产业链,-,政策支持,高新技术产业,耐用品,-
603345.SH,603345,安井食品,大盘股,主要消费,食品,其他食品,福建,92.79,主板,火山口 派出小部队勇吃鱼身,-,-,-,2017/2/22,杭建英,民营企业,β高股息低波动 适合防御,行情酝酿中,大消费,-,-,行业成熟稳定,传统行业,消耗品,有量化参与
603348.SH,603348,文灿股份,迷你盘,可选消费,汽车零部件与轮胎,其他汽车零部件,广东,20.23,主板,火山口 派出小部队勇吃鱼身,-,-,-,2018/4/26,唐杰雄,民营企业,-,行情酝酿中,-,智能汽车产业链,-,政策支持,传统行业,消耗品,-
603350.SH,603350,安乃达,小盘股,可选消费,摩托车及其他,摩托车及其他,上海,36.92,主板,-,-,有涨停 火山口战法吃鱼身,-,2024/7/3,黄洪岳,民营企业,-,表现超预期,新科技,特高压电力产业链,-,政策支持,高新技术产业,耐用品,-
603351.SH,603351,威尔药业,迷你盘,原材料,化学制品,其他化学制品,江苏,26.2,主板,-,-,-,-,2019/1/30,吴仁荣,民营企业,-,行情酝酿中,大健康,-,-,政策支持,高新技术产业,消耗品,-
603352.SH,603352,至信股份,小盘股,可选消费,汽车零部件与轮胎,其他汽车零部件,重庆,38.32,主板,火山口 派出小部队勇吃鱼身,连续多天小涨 龟壳战术吃鱼头,-,-,2026/1/15,陈志宇,民营企业,-,行情酝酿中,-,智能汽车产业链,-,政策支持,传统行业,消耗品,-
603353.SH,603353,和顺石油,中盘股,能源,石油与天然气,油气流通及其他,湖南,39.01,主板,-,-,-,-,2020/4/7,赵忠,民营企业,β高股息低波动 适合防御,行情酝酿中,-,-,能源,行业成熟稳定,传统行业,消耗品,-
603355.SH,603355,莱克电气,小盘股,可选消费,家用电器,小家电,江苏,26.99,主板,-,-,-,-,2015/5/13,倪祖根,民营企业,-,表现超预期,大消费,-,-,行业成熟稳定,传统行业,耐用品,-
603356.SH,603356,华菱精工,小盘股,工业,专用机械,楼宇设备,安徽,16.64,主板,-,-,-,-,2018/1/24,黄业华,民营企业,-,表现超预期,-,-,制造业(工业母机),行业成熟稳定,传统行业,耐用品,-
603357.SH,603357,设计总院,迷你盘,工业,建筑与工程,建筑设计及服务,安徽,8.1,主板,火山口 派出小部队勇吃鱼身,连续多天小涨 龟壳战术吃鱼头,-,-,2017/8/1,安徽省人民政府国有资产监督管理委员会,地方国有企业,-,行情酝酿中,-,房地产产业链,-,行业成熟稳定,传统行业,耐用品,-
603358.SH,603358,华达科技,大盘股,可选消费,汽车零部件与轮胎,其他汽车零部件,江苏,35.37,主板,-,-,-,-,2017/1/25,陈竞宏,民营企业,β高股息低波动 适合防御,表现超预期,-,智能汽车产业链,-,政策支持,传统行业,消耗品,-
603359.SH,603359,东珠生态,小盘股,工业,节能与生态修复,生态修复,江苏,5.72,主板,-,-,-,-,2017/9/1,席惠明,民营企业,-,行情酝酿中,-,房地产产业链,-,行业成熟稳定,传统行业,耐用品,-
603360.SH,603360,百傲化学,中盘股,原材料,化学制品,其他化学制品,辽宁,26.69,主板,-,-,-,-,2017/2/6,刘宪武,民营企业,β高股息低波动 适合防御,行情酝酿中,-,-,粮食,行业成熟稳定,传统行业,消耗品,-
603363.SH,603363,傲农生物,中盘股,主要消费,养殖,饲料,福建,4.13,主板,-,-,-,-,2017/9/26,无实际控制人,其他,β高股息低波动 适合防御,表现超预期,-,-,粮食,行业成熟稳定,传统行业,消耗品,-
603365.SH,603365,水星家纺,迷你盘,可选消费,纺织服装,家用纺织,上海,20.58,主板,火山口 派出小部队勇吃鱼身,连续多天小涨 龟壳战术吃鱼头,-,-,2017/11/20,李裕陆,民营企业,-,行情酝酿中,-,-,化工,行业成熟稳定,传统行业,消耗品,-
603366.SH,603366,日出东方,中盘股,可选消费,家用电器,厨卫电器,江苏,8.76,主板,火山口 派出小部队勇吃鱼身,-,-,-,2012/5/21,徐新建,民营企业,β高股息低波动 适合防御,行情酝酿中,大消费,-,-,行业成熟稳定,传统行业,耐用品,-
603367.SH,603367,辰欣药业,中盘股,医药卫生,化学药,药品制剂,山东,16.02,主板,-,-,-,-,2017/9/29,杜振新,民营企业,β高股息低波动 适合防御,行情酝酿中,大健康,-,-,政策支持,高新技术产业,消耗品,-
603368.SH,603368,柳药集团,小盘股,医药卫生,医疗商业与服务,医药商业,广西,16.91,主板,火山口 派出小部队勇吃鱼身,连续多天小涨 龟壳战术吃鱼头,-,-,2014/12/4,朱朝阳,民营企业,-,行情酝酿中,-,实体经济,-,政策支持,传统行业,消耗品,-
603369.SH,603369,今世缘,中盘股,主要消费,酒,白酒,江苏,25.71,主板,火山口 派出小部队勇吃鱼身,-,-,-,2014/7/3,涟水县人民政府,地方国有企业,β高股息低波动 适合防御,行情酝酿中,大消费,-,-,行业成熟稳定,传统行业,消耗品,-
603370.SH,603370,华新精科,迷你盘,工业,通用机械,电动机与工控自动化,江苏,44.29,主板,火山口 派出小部队勇吃鱼身,连续多天小涨 龟壳战术吃鱼头,-,-,2025/9/5,郭婉蓉,民营企业,-,行情酝酿中,新科技,特高压电力产业链,-,政策支持,高新技术产业,耐用品,-
603373.SH,603373,安邦护卫,迷你盘,工业,商业服务与用品,其他商业服务与用品,浙江,41.17,主板,火山口 派出小部队勇吃鱼身,-,-,-,2023/12/20,浙江省人民政府国有资产监督管理委员会,地方国有企业,-,行情酝酿中,-,电子商务产业链,-,政策支持,传统行业,-,-
603375.SH,603375,盛景微,大盘股,信息技术,其他电子,其他电子,江苏,42.79,主板,-,-,-,-,2024/1/24,张永刚,民营企业,β高股息低波动 适合防御,表现超预期,新科技,-,-,政策支持,高新技术产业,-,-
603376.SH,603376,大明电子,迷你盘,可选消费,汽车零部件与轮胎,汽车电子,浙江,33.71,主板,火山口 派出小部队勇吃鱼身,连续多天小涨 龟壳战术吃鱼头,-,-,2025/11/6,周明明,民营企业,-,行情酝酿中,-,智能汽车产业链,-,政策支持,传统行业,消耗品,-
603377.SH,603377,ST东时,迷你盘,可选消费,教育服务,培训教育及其他,北京,3.86,主板,火山口 派出小部队勇吃鱼身,连续多天小涨 龟壳战术吃鱼头,-,-,2016/2/5,徐雄,民营企业,-,行情酝酿中,-,智能汽车产业链,-,政策支持,传统行业,-,-
603378.SH,603378,亚士创能,迷你盘,原材料,化学制品,涂料油墨,上海,5.5,主板,-,-,-,-,2017/9/28,李金钟,民营企业,-,表现超预期,-,房地产产业链,-,行业成熟稳定,传统行业,耐用品,-
603379.SH,603379,三美股份,大盘股,原材料,化学制品,氟化工,浙江,62.55,主板,-,-,-,-,2019/4/2,胡荣达,民营企业,β高股息低波动 适合防御,行情酝酿中,-,-,化工,行业成熟稳定,传统行业,耐用品,-
603380.SH,603380,易德龙,小盘股,信息技术,其他电子,其他电子,江苏,36.78,主板,火山口 派出小部队勇吃鱼身,-,-,-,2017/6/22,钱新栋,民营企业,-,行情酝酿中,新科技,-,-,政策支持,高新技术产业,-,-
603381.SH,603381,永臻股份,小盘股,工业,发电设备,光伏设备,江苏,23.26,主板,火山口 派出小部队勇吃鱼身,连续多天小涨 龟壳战术吃鱼头,-,-,2024/6/26,汪献利,民营企业,-,行情酝酿中,新科技,特高压电力产业链,-,政策支持,高新技术产业,耐用品,-
603382.SH,603382,海阳科技,迷你盘,原材料,化学纤维,锦纶与涤纶,江苏,27.22,主板,火山口 派出小部队勇吃鱼身,连续多天小涨 龟壳战术吃鱼头,-,-,2025/6/12,陆信才,民营企业,-,行情酝酿中,-,-,化工,行业成熟稳定,传统行业,耐用品,-
603383.SH,603383,顶点软件,中盘股,信息技术,软件开发,行业应用软件,福建,32.18,主板,-,-,-,-,2017/5/22,严孟宇,民营企业,β高股息低波动 适合防御,表现超预期,国产替代,-,-,政策支持,传统行业,-,-
603385.SH,603385,惠达卫浴,迷你盘,可选消费,家居,其他家居,河北,6.36,主板,-,-,-,-,2017/4/5,王惠文,民营企业,-,行情酝酿中,大消费,-,-,行业成熟稳定,传统行业,耐用品,-
603386.SH,603386,骏亚科技,小盘股,信息技术,电子元件,印制电路板,广东,14.35,主板,火山口 派出小部队勇吃鱼身,-,-,-,2017/9/12,叶晓彬,外资,-,行情酝酿中,新科技,-,-,政策支持,高新技术产业,-,-
603387.SH,603387,基蛋生物,中盘股,医药卫生,医疗器械,体外诊断,江苏,9.46,主板,-,-,-,-,2017/7/17,苏恩本,民营企业,β高股息低波动 适合防御,表现超预期,大健康,-,-,行业成熟稳定,传统行业,消耗品,-
603389.SH,603389,*ST亚振,小盘股,可选消费,家居,家具,江苏,51.08,主板,-,-,-,-,2016/12/15,吴涛,民营企业,-,表现超预期,大消费,-,-,行业成熟稳定,传统行业,耐用品,-
603390.SH,603390,通达电气,迷你盘,可选消费,汽车零部件与轮胎,汽车电子,广东,12,主板,火山口 派出小部队勇吃鱼身,连续多天小涨 龟壳战术吃鱼头,-,-,2019/11/25,陈丽娜,民营企业,-,行情酝酿中,-,智能汽车产业链,-,政策支持,传统行业,消耗品,-
603391.SH,603391,力聚热能,小盘股,工业,通用机械,动力机械,浙江,65.15,主板,-,-,-,-,2024/7/31,何俊南,民营企业,-,行情酝酿中,-,-,制造业(工业母机),行业成熟稳定,高新技术产业,耐用品,-
603392.SH,603392,万泰生物,中盘股,医药卫生,生物药品,疫苗,北京,39.66,主板,火山口 派出小部队勇吃鱼身,连续多天小涨 龟壳战术吃鱼头,-,-,2020/4/29,钟睒睒,民营企业,β高股息低波动 适合防御,行情酝酿中,大健康,-,-,政策支持,高新技术产业,消耗品,-
603393.SH,603393,新天然气,中盘股,能源,石油与天然气,天然气加工,新疆,32.6,主板,-,-,-,-,2016/9/12,明再远,民营企业,β高股息低波动 适合防御,行情酝酿中,-,-,民生,行业成熟稳定,传统行业,消耗品,-
603395.SH,603395,红四方,迷你盘,原材料,农用化工,复合肥,安徽,27.86,主板,火山口 派出小部队勇吃鱼身,-,-,-,2024/11/26,中国盐业集团有限公司,中央企业,-,行情酝酿中,-,-,粮食,行业成熟稳定,传统行业,消耗品,-
603396.SH,603396,金辰股份,小盘股,工业,发电设备,光伏设备,辽宁,35.83,主板,火山口 派出小部队勇吃鱼身,连续多天小涨 龟壳战术吃鱼头,-,-,2017/10/18,李义升,民营企业,-,行情酝酿中,-,-,制造业(工业母机),行业成熟稳定,高新技术产业,耐用品,-
603398.SH,603398,*ST沐邦,中盘股,工业,发电设备,光伏设备,江西,12.11,主板,-,-,-,-,2015/12/9,廖志远,民营企业,β高股息低波动 适合防御,表现超预期,新科技,特高压电力产业链,-,政策支持,高新技术产业,耐用品,-
603399.SH,603399,永杉锂业,大盘股,原材料,稀有金属,钨钼,辽宁,12.85,主板,-,-,-,-,2012/8/24,吴华新,民营企业,β高股息低波动 适合防御,表现超预期,新能源,-,-,行业成熟稳定,传统行业,消耗品,-
603400.SH,603400,华之杰,小盘股,工业,通用机械,其他通用机械,江苏,69.88,主板,火山口 派出小部队勇吃鱼身,连续多天小涨 龟壳战术吃鱼头,-,-,2025/6/20,陆亚洲,民营企业,-,行情酝酿中,-,-,制造业(工业母机),行业成熟稳定,传统行业,耐用品,-
603402.SH,603402,陕西旅游,中盘股,可选消费,休闲服务,其他休闲服务,陕西,136.9,主板,-,-,-,-,2026/1/6,陕西省人民政府国有资产监督管理委员会,地方国有企业,β高股息低波动 适合防御,行情酝酿中,-,实体经济,-,行业成熟稳定,传统行业,-,有量化参与
603406.SH,603406,天富龙,迷你盘,原材料,化学纤维,锦纶与涤纶,江苏,34.89,主板,火山口 派出小部队勇吃鱼身,连续多天小涨 龟壳战术吃鱼头,-,-,2025/8/8,朱大庆,民营企业,-,行情酝酿中,-,-,化工,行业成熟稳定,传统行业,耐用品,-
603408.SH,603408,建霖家居,迷你盘,可选消费,家居,其他家居,福建,12.08,主板,火山口 派出小部队勇吃鱼身,-,-,-,2020/7/30,吕理镇,外资,-,行情酝酿中,大消费,-,-,行业成熟稳定,传统行业,耐用品,-
603409.SH,603409,汇通控股,中盘股,可选消费,汽车零部件与轮胎,汽车内饰与外饰,安徽,43.54,主板,火山口 派出小部队勇吃鱼身,-,-,-,2025/3/4,陈王保,民营企业,β高股息低波动 适合防御,行情酝酿中,-,智能汽车产业链,-,政策支持,传统行业,消耗品,-
603416.SH,603416,信捷电气,中盘股,工业,通用机械,电动机与工控自动化,江苏,52.19,主板,-,-,-,-,2016/12/21,李新,民营企业,β高股息低波动 适合防御,行情酝酿中,-,智能汽车产业链,制造业(工业母机),行业成熟稳定,传统行业,耐用品,-
603418.SH,603418,友升股份,迷你盘,可选消费,汽车零部件与轮胎,其他汽车零部件,上海,51.27,主板,火山口 派出小部队勇吃鱼身,-,-,-,2025/9/23,罗世兵,民营企业,-,行情酝酿中,-,智能汽车产业链,-,政策支持,传统行业,消耗品,-
603421.SH,603421,鼎信通讯,中盘股,工业,电网设备,电网自动化,山东,8.21,主板,-,-,-,-,2016/10/11,曾繁忆,民营企业,β高股息低波动 适合防御,行情酝酿中,新基建,-,-,政策支持,高新技术产业,-,-
603429.SH,603429,*ST集友,迷你盘,原材料,容器与包装,纸材料包装,安徽,9.98,主板,-,-,-,-,2017/1/24,徐善水,民营企业,-,表现超预期,-,电子商务产业链,-,行业成熟稳定,传统行业,-,-
603439.SH,603439,三力制药,迷你盘,医药卫生,中药,中成药,贵州,10.98,主板,火山口 派出小部队勇吃鱼身,-,-,-,2020/4/28,张海,民营企业,-,行情酝酿中,大健康,-,-,行业成熟稳定,传统行业,消耗品,-
603444.SH,603444,吉比特,大盘股,通信服务,文化娱乐,游戏,福建,382.98,主板,-,-,有涨停 火山口战法吃鱼身,高人气,2017/1/4,卢竑岩,民营企业,β高股息低波动 适合防御,表现超预期,国产替代,电子商务产业链,-,政策支持,传统行业,-,有量化参与
603456.SH,603456,九洲药业,中盘股,医药卫生,制药与生物科技服务,制药与生物科技服务,浙江,17.02,主板,-,-,-,-,2014/10/10,花莉蓉,民营企业,β高股息低波动 适合防御,行情酝酿中,大健康,-,-,行业成熟稳定,传统行业,消耗品,-
603458.SH,603458,勘设股份,中盘股,工业,建筑与工程,建筑设计及服务,贵州,11.95,主板,-,-,-,-,2017/8/9,无实际控制人,其他,β高股息低波动 适合防御,表现超预期,-,房地产产业链,-,行业成熟稳定,传统行业,耐用品,-
603459.SH,603459,红板科技,大盘股,信息技术,电子元件,印制电路板,江西,67.29,主板,-,-,有涨停 火山口战法吃鱼身,高人气,2026/4/8,叶森然,外资,β高股息低波动 适合防御,表现超预期,新科技,-,-,政策支持,高新技术产业,-,-
603466.SH,603466,风语筑,中盘股,工业,商业服务与用品,其他商业服务与用品,上海,9.55,主板,-,-,-,-,2017/10/20,李晖,民营企业,β高股息低波动 适合防御,行情酝酿中,-,-,文化体育,行业成熟稳定,传统行业,-,-
603477.SH,603477,巨星农牧,中盘股,主要消费,养殖,畜牧产品,四川,18.59,主板,-,-,-,-,2017/12/18,唐光跃,民营企业,β高股息低波动 适合防御,表现超预期,-,-,粮食,行业成熟稳定,传统行业,消耗品,-
603486.SH,603486,科沃斯,中盘股,可选消费,家用电器,小家电,江苏,62.45,主板,火山口 派出小部队勇吃鱼身,连续多天小涨 龟壳战术吃鱼头,-,-,2018/5/28,钱东奇,民营企业,β高股息低波动 适合防御,行情酝酿中,大消费,-,-,行业成熟稳定,传统行业,耐用品,-
603488.SH,603488,展鹏科技,小盘股,工业,专用机械,楼宇设备,江苏,11.2,主板,-,-,-,-,2017/5/16,王林江,民营企业,-,行情酝酿中,-,-,制造业(工业母机),行业成熟稳定,传统行业,耐用品,-
603489.SH,603489,八方股份,小盘股,可选消费,摩托车及其他,摩托车及其他,江苏,34.86,主板,火山口 派出小部队勇吃鱼身,连续多天小涨 龟壳战术吃鱼头,-,-,2019/11/11,王清华,民营企业,-,行情酝酿中,新科技,特高压电力产业链,-,政策支持,高新技术产业,耐用品,-
603496.SH,603496,恒为科技,大盘股,通信服务,通信设备,通信系统设备及组件,上海,29.9,主板,火山口 派出小部队勇吃鱼身,-,-,-,2017/6/7,沈振宇,民营企业,β高股息低波动 适合防御,表现超预期,新基建,-,-,政策支持,高新技术产业,-,-
603499.SH,603499,翔港科技,小盘股,原材料,容器与包装,纸材料包装,上海,21.96,主板,-,连续多天小涨 龟壳战术吃鱼头,-,-,2017/10/16,董建军,民营企业,-,表现超预期,-,电子商务产业链,-,行业成熟稳定,传统行业,-,-
603500.SH,603500,祥和实业,迷你盘,工业,交通运输设备,城轨铁路,浙江,11.15,主板,火山口 派出小部队勇吃鱼身,连续多天小涨 龟壳战术吃鱼头,-,-,2017/9/4,汤友钱,民营企业,-,行情酝酿中,-,-,制造业(工业母机),行业成熟稳定,传统行业,耐用品,-
603501.SH,603501,豪威集团,大盘股,信息技术,集成电路,集成电路设计,上海,93.04,主板,火山口 派出小部队勇吃鱼身,-,-,-,2017/5/4,虞仁荣,民营企业,β高股息低波动 适合防御,行情酝酿中,新科技,-,-,政策支持,高新技术产业,-,-
603505.SH,603505,金石资源,中盘股,原材料,其他非金属材料,其他非金属材料,浙江,17.85,主板,火山口 派出小部队勇吃鱼身,连续多天小涨 龟壳战术吃鱼头,-,-,2017/5/3,王锦华,民营企业,β高股息低波动 适合防御,行情酝酿中,-,-,化工,行业成熟稳定,传统行业,耐用品,-
603506.SH,603506,南都物业,迷你盘,房地产,房地产管理与服务,房地产管理,浙江,12.39,主板,火山口 派出小部队勇吃鱼身,-,-,-,2018/2/1,韩芳,民营企业,-,行情酝酿中,-,房地产产业链,-,行业成熟稳定,传统行业,耐用品,-
603507.SH,603507,振江股份,大盘股,工业,发电设备,风电设备,江苏,45.07,主板,-,-,-,-,2017/11/6,胡震,民营企业,β高股息低波动 适合防御,表现超预期,新科技,特高压电力产业链,-,政策支持,高新技术产业,耐用品,-
603508.SH,603508,思维列控,小盘股,工业,交通运输设备,城轨铁路,河南,24.48,主板,火山口 派出小部队勇吃鱼身,连续多天小涨 龟壳战术吃鱼头,-,-,2015/12/24,李欣,民营企业,-,行情酝酿中,新基建,-,-,政策支持,高新技术产业,-,-
603511.SH,603511,爱慕股份,迷你盘,可选消费,纺织服装,服装,北京,14.09,主板,火山口 派出小部队勇吃鱼身,连续多天小涨 龟壳战术吃鱼头,-,-,2021/5/31,张荣明,民营企业,-,行情酝酿中,大消费,-,-,行业成熟稳定,传统行业,耐用品,-
603515.SH,603515,欧普照明,迷你盘,可选消费,家用电器,照明电器,上海,20.36,主板,火山口 派出小部队勇吃鱼身,连续多天小涨 龟壳战术吃鱼头,-,-,2016/8/19,王耀海,民营企业,-,行情酝酿中,大消费,-,-,行业成熟稳定,传统行业,耐用品,-
603516.SH,603516,淳中科技,大盘股,信息技术,电子终端及组件,安防设备及其他,北京,147.3,主板,-,-,-,-,2018/2/2,何仕达,民营企业,β高股息低波动 适合防御,表现超预期,新基建,-,-,政策支持,高新技术产业,-,-
603517.SH,603517,ST绝味,迷你盘,主要消费,食品,休闲食品,湖南,12.66,主板,-,-,-,-,2017/3/17,戴文军,民营企业,-,行情酝酿中,大消费,-,-,行业成熟稳定,传统行业,消耗品,-
603518.SH,603518,锦泓集团,迷你盘,可选消费,纺织服装,服装,江苏,8.97,主板,-,-,-,-,2014/12/3,王致勤,民营企业,-,行情酝酿中,大消费,-,-,行业成熟稳定,传统行业,耐用品,-
603519.SH,603519,立霸股份,迷你盘,可选消费,家用电器,家电零部件及其他,江苏,14.09,主板,火山口 派出小部队勇吃鱼身,-,-,-,2015/3/19,卢凤仙,民营企业,-,行情酝酿中,大消费,-,-,行业成熟稳定,传统行业,耐用品,-
603520.SH,603520,司太立,中盘股,医药卫生,化学药,原料药,浙江,10.94,主板,-,-,-,-,2016/3/9,胡锦生,民营企业,β高股息低波动 适合防御,表现超预期,大健康,-,-,政策支持,高新技术产业,消耗品,-
603527.SH,603527,众源新材,中盘股,原材料,工业金属,铜,安徽,12.13,主板,-,-,-,-,2017/9/7,封全虎,民营企业,β高股息低波动 适合防御,表现超预期,新能源,特高压电力产业链,-,行业成熟稳定,传统行业,消耗品,-
603528.SH,603528,多伦科技,迷你盘,信息技术,信息技术服务,系统集成服务,江苏,8.2,主板,火山口 派出小部队勇吃鱼身,-,-,-,2016/5/3,章安强,外资,-,行情酝酿中,国产替代,-,-,政策支持,传统行业,-,-
603529.SH,603529,爱玛科技,中盘股,可选消费,摩托车及其他,摩托车及其他,天津,28.84,主板,-,-,-,-,2021/6/15,张剑,民营企业,β高股息低波动 适合防御,行情酝酿中,-,智能汽车产业链,-,行业成熟稳定,传统行业,耐用品,-
603530.SH,603530,神马电力,大盘股,工业,电网设备,线缆及其他,江苏,62.15,主板,-,-,-,-,2019/8/5,马斌,民营企业,β高股息低波动 适合防御,表现超预期,新科技,特高压电力产业链,-,政策支持,高新技术产业,耐用品,-
603533.SH,603533,掌阅科技,大盘股,通信服务,数字媒体,图文媒体,北京,25.48,主板,-,-,-,-,2017/9/21,成湘均,民营企业,β高股息低波动 适合防御,表现超预期,国产替代,电子商务产业链,-,政策支持,传统行业,-,-
603535.SH,603535,嘉诚国际,迷你盘,工业,运输业,物流综合,广东,8.26,主板,-,-,-,-,2017/8/8,段容文,民营企业,-,行情酝酿中,-,电子商务产业链,-,政策支持,传统行业,-,-
603536.SH,603536,惠发食品,迷你盘,主要消费,食品,其他食品,山东,9.93,主板,火山口 派出小部队勇吃鱼身,连续多天小涨 龟壳战术吃鱼头,-,-,2017/6/13,惠增玉,民营企业,-,行情酝酿中,大消费,-,-,行业成熟稳定,传统行业,消耗品,-
603538.SH,603538,美诺华,大盘股,医药卫生,化学药,原料药,浙江,52.5,主板,-,-,-,高人气,2017/4/7,姚成志,民营企业,β高股息低波动 适合防御,表现超预期,大健康,-,-,政策支持,高新技术产业,消耗品,有量化参与
603551.SH,603551,奥普科技,迷你盘,可选消费,家用电器,厨卫电器,浙江,11.9,主板,-,-,-,-,2020/1/15,Fang James,外资,-,行情酝酿中,大消费,-,-,行业成熟稳定,传统行业,耐用品,-
603556.SH,603556,海兴电力,中盘股,工业,电网设备,电网自动化,浙江,34.56,主板,-,-,-,-,2016/11/10,周良璋,民营企业,β高股息低波动 适合防御,表现超预期,-,智能汽车产业链,制造业(工业母机),行业成熟稳定,传统行业,耐用品,-
603557.SH,603557,ST起步,迷你盘,可选消费,纺织服装,服装,浙江,4.28,主板,-,-,-,-,2017/8/18,陈丽红,民营企业,-,表现超预期,大消费,-,-,行业成熟稳定,传统行业,耐用品,-
603558.SH,603558,健盛集团,小盘股,可选消费,纺织服装,鞋帽与配饰,浙江,13.72,主板,-,-,-,-,2015/1/27,张茂义,民营企业,-,行情酝酿中,-,-,化工,行业成熟稳定,传统行业,消耗品,-
603559.SH,603559,ST通脉,迷你盘,通信服务,通信技术服务,通信技术服务,吉林,7.16,主板,火山口 派出小部队勇吃鱼身,连续多天小涨 龟壳战术吃鱼头,-,-,2016/12/2,梁钧,民营企业,-,行情酝酿中,新基建,-,-,政策支持,高新技术产业,-,-
603565.SH,603565,中谷物流,中盘股,工业,运输业,航运,上海,11.65,主板,-,-,-,-,2020/9/25,卢宗俊,民营企业,β高股息低波动 适合防御,行情酝酿中,-,-,交通,行业成熟稳定,传统行业,-,-
603566.SH,603566,普莱柯,迷你盘,主要消费,养殖,动物保健与育种,河南,12.64,主板,-,-,-,-,2015/5/18,张许科,民营企业,-,行情酝酿中,-,-,粮食,行业成熟稳定,传统行业,消耗品,-
603567.SH,603567,珍宝岛,小盘股,医药卫生,中药,中成药,黑龙江,6.7,主板,-,-,-,-,2015/4/24,方同华,民营企业,-,行情酝酿中,大健康,-,-,行业成熟稳定,传统行业,消耗品,-
603568.SH,603568,伟明环保,中盘股,工业,污染治理,固废处理,浙江,23.3,主板,-,-,-,-,2015/5/28,项光明,民营企业,β高股息低波动 适合防御,行情酝酿中,-,-,民生,行业成熟稳定,传统行业,-,-
603569.SH,603569,长久物流,迷你盘,工业,运输业,物流综合,北京,6.8,主板,-,-,-,-,2016/8/10,薄世久,民营企业,-,行情酝酿中,-,-,交通,行业成熟稳定,传统行业,-,-
603577.SH,603577,汇金通,小盘股,工业,电网设备,线缆及其他,山东,11.01,主板,-,-,-,-,2016/12/22,韩敬远,民营企业,-,表现超预期,新科技,特高压电力产业链,-,政策支持,高新技术产业,耐用品,-
603578.SH,603578,三星新材,迷你盘,可选消费,家用电器,家电零部件及其他,浙江,12.53,主板,火山口 派出小部队勇吃鱼身,-,-,-,2017/3/6,金银山,民营企业,-,行情酝酿中,大消费,-,-,行业成熟稳定,传统行业,耐用品,-
603579.SH,603579,荣泰健康,小盘股,可选消费,家用电器,小家电,上海,20.03,主板,火山口 派出小部队勇吃鱼身,-,-,-,2017/1/11,林琪,民营企业,-,行情酝酿中,大消费,-,-,行业成熟稳定,传统行业,耐用品,-
603580.SH,603580,*ST艾艾,迷你盘,原材料,橡胶,橡胶制品,上海,19.38,主板,-,-,-,-,2017/5/25,涂木林,外资,-,表现超预期,-,-,化工,行业成熟稳定,传统行业,消耗品,-
603583.SH,603583,捷昌驱动,小盘股,工业,通用机械,电动机与工控自动化,浙江,33.42,主板,火山口 派出小部队勇吃鱼身,连续多天小涨 龟壳战术吃鱼头,-,-,2018/9/21,胡仁昌,民营企业,-,行情酝酿中,新科技,特高压电力产业链,-,政策支持,高新技术产业,耐用品,-
603585.SH,603585,苏利股份,中盘股,原材料,农用化工,农药,江苏,24.06,主板,-,-,有涨停 火山口战法吃鱼身,-,2016/12/14,缪金凤,民营企业,β高股息低波动 适合防御,表现超预期,-,-,粮食,行业成熟稳定,传统行业,消耗品,-
603586.SH,603586,金麒麟,迷你盘,可选消费,汽车零部件与轮胎,汽车系统部件,山东,18.34,主板,火山口 派出小部队勇吃鱼身,连续多天小涨 龟壳战术吃鱼头,-,-,2017/4/6,孙忠义,民营企业,-,行情酝酿中,-,智能汽车产业链,-,政策支持,传统行业,消耗品,-
603587.SH,603587,地素时尚,迷你盘,可选消费,纺织服装,服装,上海,12.54,主板,火山口 派出小部队勇吃鱼身,连续多天小涨 龟壳战术吃鱼头,-,-,2018/6/22,马瑞敏,民营企业,-,行情酝酿中,大消费,-,-,行业成熟稳定,传统行业,耐用品,-
603588.SH,603588,高能环境,大盘股,工业,污染治理,固废处理,北京,15.69,主板,-,-,-,-,2014/12/29,李卫国,民营企业,β高股息低波动 适合防御,表现超预期,-,-,民生,行业成熟稳定,传统行业,-,-
603589.SH,603589,口子窖,小盘股,主要消费,酒,白酒,安徽,24.73,主板,火山口 派出小部队勇吃鱼身,-,-,-,2015/6/29,徐进,民营企业,-,行情酝酿中,大消费,-,-,行业成熟稳定,传统行业,消耗品,-
603590.SH,603590,康辰药业,小盘股,医药卫生,生物药品,其他生物药品,北京,38.61,主板,火山口 派出小部队勇吃鱼身,连续多天小涨 龟壳战术吃鱼头,-,-,2018/8/27,刘建华,民营企业,-,表现超预期,大健康,-,-,政策支持,高新技术产业,消耗品,-
603595.SH,603595,ST东尼,迷你盘,信息技术,电子终端及组件,消费电子组件及零部件,浙江,16.72,主板,火山口 派出小部队勇吃鱼身,连续多天小涨 龟壳战术吃鱼头,-,-,2017/7/12,沈新芳,民营企业,-,表现超预期,新科技,-,-,政策支持,高新技术产业,-,-
603596.SH,603596,伯特利,大盘股,可选消费,汽车零部件与轮胎,汽车系统部件,安徽,45.96,主板,-,-,-,-,2018/4/27,袁永彬,外资,β高股息低波动 适合防御,行情酝酿中,-,智能汽车产业链,-,政策支持,传统行业,消耗品,-
603598.SH,603598,引力传媒,中盘股,通信服务,营销与广告,数字营销,北京,21.23,主板,火山口 派出小部队勇吃鱼身,-,-,-,2015/5/27,罗衍记,民营企业,β高股息低波动 适合防御,行情酝酿中,国产替代,电子商务产业链,-,政策支持,传统行业,-,-
603599.SH,603599,广信股份,中盘股,原材料,农用化工,农药,安徽,13.82,主板,-,-,-,-,2015/5/13,黄金祥,民营企业,β高股息低波动 适合防御,行情酝酿中,-,-,粮食,行业成熟稳定,传统行业,消耗品,-
603600.SH,603600,永艺股份,小盘股,可选消费,家居,家具,浙江,11,主板,-,-,-,-,2015/1/23,张加勇,民营企业,-,行情酝酿中,大消费,-,-,行业成熟稳定,传统行业,耐用品,-
603601.SH,603601,再升科技,大盘股,原材料,其他非金属材料,玻璃纤维,重庆,14.77,主板,-,-,-,-,2015/1/22,郭茂,民营企业,β高股息低波动 适合防御,表现超预期,-,-,化工,行业成熟稳定,传统行业,耐用品,-
603602.SH,603602,纵横通信,迷你盘,通信服务,通信技术服务,通信技术服务,浙江,13.32,主板,火山口 派出小部队勇吃鱼身,-,-,-,2017/8/10,苏维锋,民营企业,-,行情酝酿中,新基建,-,-,政策支持,高新技术产业,-,-
603605.SH,603605,珀莱雅,中盘股,主要消费,美容护理,美容护理,浙江,59.24,主板,-,-,-,-,2017/11/15,侯军呈,民营企业,β高股息低波动 适合防御,行情酝酿中,-,-,化工,行业成熟稳定,传统行业,消耗品,-
603606.SH,603606,东方电缆,大盘股,工业,电网设备,线缆及其他,浙江,60.05,主板,火山口 派出小部队勇吃鱼身,连续多天小涨 龟壳战术吃鱼头,-,-,2014/10/15,夏崇耀,民营企业,β高股息低波动 适合防御,行情酝酿中,新科技,特高压电力产业链,-,政策支持,高新技术产业,耐用品,-
603607.SH,603607,京华激光,中盘股,原材料,容器与包装,纸材料包装,浙江,23.22,主板,火山口 派出小部队勇吃鱼身,-,-,-,2017/10/25,孙建成,民营企业,β高股息低波动 适合防御,行情酝酿中,-,-,化工,行业成熟稳定,传统行业,消耗品,-
603608.SH,603608,天创时尚,中盘股,可选消费,纺织服装,鞋帽与配饰,广东,11.58,主板,-,连续多天小涨 龟壳战术吃鱼头,-,-,2016/2/18,胡先根,民营企业,β高股息低波动 适合防御,表现超预期,大消费,-,-,行业成熟稳定,传统行业,耐用品,-
603609.SH,603609,禾丰股份,迷你盘,主要消费,养殖,饲料,辽宁,6.97,主板,火山口 派出小部队勇吃鱼身,-,-,-,2014/8/8,金卫东,民营企业,-,行情酝酿中,-,-,粮食,行业成熟稳定,传统行业,消耗品,-
603610.SH,603610,麒盛科技,小盘股,可选消费,家居,家具,浙江,15.75,主板,火山口 派出小部队勇吃鱼身,-,-,-,2019/10/29,唐国海,民营企业,-,行情酝酿中,大消费,-,-,行业成熟稳定,传统行业,耐用品,-
603611.SH,603611,诺力股份,迷你盘,工业,专用机械,其他专用机械,浙江,20.57,主板,火山口 派出小部队勇吃鱼身,连续多天小涨 龟壳战术吃鱼头,-,-,2015/1/28,丁毅,民营企业,-,行情酝酿中,-,-,制造业(工业母机),行业成熟稳定,高新技术产业,耐用品,-
603612.SH,603612,索通发展,中盘股,原材料,其他非金属材料,其他非金属材料,山东,27.5,主板,-,-,-,-,2017/7/18,郎光辉,民营企业,β高股息低波动 适合防御,表现超预期,新能源,-,能源,行业成熟稳定,传统行业,消耗品,-
603613.SH,603613,国联股份,中盘股,信息技术,信息技术服务,其他IT与互联网服务,北京,27.8,主板,-,-,-,-,2019/7/30,钱晓钧,民营企业,β高股息低波动 适合防御,表现超预期,国产替代,电子商务产业链,-,政策支持,传统行业,-,-
603615.SH,603615,茶花股份,小盘股,可选消费,家居,其他家居,福建,19.16,主板,火山口 派出小部队勇吃鱼身,-,-,-,2017/2/13,陈冠宇,民营企业,-,行情酝酿中,大消费,-,-,行业成熟稳定,传统行业,耐用品,-
603616.SH,603616,韩建河山,小盘股,原材料,建筑材料,水泥与混凝土,北京,6.37,主板,火山口 派出小部队勇吃鱼身,-,-,-,2015/6/11,北京市房山区韩村河镇韩村河村经济合作社,其他,-,行情酝酿中,-,房地产产业链,-,行业成熟稳定,传统行业,耐用品,-
603617.SH,603617,君禾股份,迷你盘,工业,通用机械,气液机械,浙江,7.42,主板,火山口 派出小部队勇吃鱼身,连续多天小涨 龟壳战术吃鱼头,-,-,2017/7/3,张阿华,民营企业,-,行情酝酿中,-,-,制造业(工业母机),行业成熟稳定,传统行业,耐用品,-
603618.SH,603618,杭电股份,大盘股,工业,电网设备,线缆及其他,浙江,24.12,主板,-,-,-,-,2015/2/17,孙庆炎,民营企业,β高股息低波动 适合防御,表现超预期,新科技,特高压电力产业链,-,政策支持,高新技术产业,耐用品,-
603619.SH,603619,中曼石油,大盘股,能源,石油与天然气,燃油炼制,上海,33.55,主板,-,-,-,-,2017/11/17,李春第,民营企业,β高股息低波动 适合防御,表现超预期,-,-,能源,行业成熟稳定,传统行业,-,-
603626.SH,603626,科森科技,大盘股,信息技术,电子终端及组件,消费电子组件及零部件,江苏,24.45,主板,-,-,-,-,2017/2/9,徐金根,民营企业,β高股息低波动 适合防御,行情酝酿中,新科技,-,-,政策支持,高新技术产业,-,-
603628.SH,603628,清源股份,小盘股,工业,发电设备,光伏设备,福建,13.24,主板,火山口 派出小部队勇吃鱼身,-,-,-,2017/1/12,Hong Daniel,外资,-,行情酝酿中,新科技,特高压电力产业链,-,政策支持,高新技术产业,耐用品,-
603629.SH,603629,利通电子,大盘股,信息技术,电子终端及组件,消费电子组件及零部件,江苏,105.44,主板,-,-,有涨停 火山口战法吃鱼身,高人气,2018/12/24,邵树伟,民营企业,β高股息低波动 适合防御,表现超预期,新科技,-,-,政策支持,高新技术产业,-,-
603630.SH,603630,拉芳家化,迷你盘,主要消费,家庭用品,家庭用品,广东,16.33,主板,火山口 派出小部队勇吃鱼身,连续多天小涨 龟壳战术吃鱼头,-,-,2017/3/13,吴桂谦,民营企业,-,行情酝酿中,-,-,化工,行业成熟稳定,传统行业,消耗品,-
603633.SH,603633,徕木股份,中盘股,可选消费,汽车零部件与轮胎,汽车电子,上海,8.44,主板,-,-,-,-,2016/11/17,方培教,民营企业,β高股息低波动 适合防御,表现超预期,-,智能汽车产业链,-,政策支持,传统行业,消耗品,-
603636.SH,603636,南威软件,小盘股,信息技术,信息技术服务,系统集成服务,福建,9.33,主板,火山口 派出小部队勇吃鱼身,-,-,-,2014/12/30,吴志雄,民营企业,-,行情酝酿中,国产替代,-,-,政策支持,传统行业,-,-
603637.SH,603637,镇海股份,中盘股,工业,建筑与工程,专业工程,浙江,14.64,主板,-,-,-,-,2017/2/8,余姚市国有资产管理中心,地方国有企业,β高股息低波动 适合防御,表现超预期,-,房地产产业链,-,行业成熟稳定,传统行业,耐用品,-
603638.SH,603638,艾迪精密,中盘股,工业,专用机械,工程机械,山东,20.8,主板,火山口 派出小部队勇吃鱼身,连续多天小涨 龟壳战术吃鱼头,-,-,2017/1/20,冯晓鸿,外资,β高股息低波动 适合防御,行情酝酿中,-,-,制造业(工业母机),行业成熟稳定,高新技术产业,耐用品,-
603639.SH,603639,海利尔,迷你盘,原材料,农用化工,农药,山东,13.2,主板,-,连续多天小涨 龟壳战术吃鱼头,-,-,2017/1/12,葛尧伦,民营企业,-,行情酝酿中,-,-,粮食,行业成熟稳定,传统行业,消耗品,-
603648.SH,603648,畅联股份,迷你盘,工业,运输业,物流综合,上海,9.96,主板,火山口 派出小部队勇吃鱼身,连续多天小涨 龟壳战术吃鱼头,-,-,2017/9/13,上海市浦东新区国有资产监督管理委员会,地方国有企业,-,行情酝酿中,-,电子商务产业链,-,政策支持,传统行业,-,-
603650.SH,603650,彤程新材,大盘股,原材料,橡胶,橡胶助剂,上海,54.01,主板,火山口 派出小部队勇吃鱼身,连续多天小涨 龟壳战术吃鱼头,-,-,2018/6/27,Zhang Ning,外资,β高股息低波动 适合防御,行情酝酿中,-,-,化工,行业成熟稳定,传统行业,耐用品,-
603655.SH,603655,朗博科技,小盘股,可选消费,汽车零部件与轮胎,其他汽车零部件,江苏,41.91,主板,火山口 派出小部队勇吃鱼身,-,-,-,2017/12/29,戚建国,民营企业,-,表现超预期,-,智能汽车产业链,-,政策支持,传统行业,消耗品,-
603656.SH,603656,泰禾智能,小盘股,工业,专用机械,其他专用机械,安徽,21.12,主板,火山口 派出小部队勇吃鱼身,-,-,-,2017/3/21,曹仁贤,民营企业,-,行情酝酿中,-,-,制造业(工业母机),行业成熟稳定,高新技术产业,耐用品,-
603657.SH,603657,春光科技,迷你盘,可选消费,家用电器,家电零部件及其他,浙江,25.95,主板,-,-,-,-,2018/7/30,陈正明,民营企业,-,行情酝酿中,大消费,-,-,行业成熟稳定,传统行业,耐用品,-
603658.SH,603658,安图生物,迷你盘,医药卫生,医疗器械,体外诊断,河南,34.15,主板,火山口 派出小部队勇吃鱼身,连续多天小涨 龟壳战术吃鱼头,-,-,2016/9/1,苗拥军,民营企业,-,行情酝酿中,大健康,-,-,行业成熟稳定,传统行业,消耗品,-
603659.SH,603659,璞泰来,大盘股,工业,储能设备,电池部件及材料,上海,35.91,主板,火山口 派出小部队勇吃鱼身,连续多天小涨 龟壳战术吃鱼头,-,-,2017/11/3,梁丰,民营企业,β高股息低波动 适合防御,表现超预期,-,-,化工,行业成熟稳定,传统行业,耐用品,-
603660.SH,603660,苏州科达,中盘股,通信服务,通信设备,通信终端设备及组件,江苏,10.01,主板,-,-,-,-,2016/12/1,陈冬根,民营企业,β高股息低波动 适合防御,表现超预期,新基建,-,-,政策支持,高新技术产业,-,-
603661.SH,603661,恒林股份,迷你盘,可选消费,家居,家具,浙江,31.3,主板,-,-,-,-,2017/11/21,王江林,民营企业,-,行情酝酿中,大消费,-,-,行业成熟稳定,传统行业,耐用品,-
603662.SH,603662,柯力传感,中盘股,工业,通用机械,仪器仪表,浙江,57.33,主板,火山口 派出小部队勇吃鱼身,连续多天小涨 龟壳战术吃鱼头,-,-,2019/8/6,柯建东,民营企业,β高股息低波动 适合防御,行情酝酿中,-,智能汽车产业链,制造业(工业母机),行业成熟稳定,传统行业,耐用品,-
603663.SH,603663,三祥新材,大盘股,原材料,化学原料,无机盐,福建,45.61,主板,火山口 派出小部队勇吃鱼身,连续多天小涨 龟壳战术吃鱼头,-,-,2016/8/1,夏鹏,民营企业,β高股息低波动 适合防御,行情酝酿中,新能源,-,-,行业成熟稳定,传统行业,消耗品,-
603665.SH,603665,康隆达,小盘股,可选消费,纺织服装,鞋帽与配饰,浙江,28.31,主板,火山口 派出小部队勇吃鱼身,连续多天小涨 龟壳战术吃鱼头,-,-,2017/3/13,张间芳,民营企业,-,行情酝酿中,大消费,-,-,行业成熟稳定,传统行业,耐用品,-
603666.SH,603666,亿嘉和,中盘股,工业,电网设备,电网自动化,江苏,27.3,主板,-,-,-,-,2018/6/12,朱付云,民营企业,β高股息低波动 适合防御,表现超预期,-,-,制造业(工业母机),行业成熟稳定,高新技术产业,耐用品,-
603667.SH,603667,五洲新春,大盘股,工业,通用机械,动力机械,浙江,70.55,主板,-,-,-,-,2016/10/25,张峰,民营企业,β高股息低波动 适合防御,表现超预期,-,-,制造业(工业母机),行业成熟稳定,传统行业,耐用品,-
603668.SH,603668,天马科技,中盘股,主要消费,养殖,饲料,福建,13.72,主板,-,-,-,-,2017/1/17,陈庆堂,民营企业,β高股息低波动 适合防御,行情酝酿中,-,-,粮食,行业成熟稳定,传统行业,消耗品,-
603669.SH,603669,灵康药业,小盘股,医药卫生,化学药,药品制剂,西藏,4.43,主板,-,-,-,-,2015/5/28,陶灵萍,民营企业,-,行情酝酿中,大健康,-,-,政策支持,高新技术产业,消耗品,-
603676.SH,603676,卫信康,迷你盘,医药卫生,化学药,药品制剂,西藏,10.25,主板,-,-,-,-,2017/7/21,张勇,民营企业,-,行情酝酿中,大健康,-,-,政策支持,高新技术产业,消耗品,-
603677.SH,603677,奇精机械,迷你盘,可选消费,家用电器,家电零部件及其他,浙江,15.56,主板,-,-,-,-,2017/2/6,宁波市人民政府国有资产监督管理委员会,地方国有企业,-,行情酝酿中,大消费,-,-,行业成熟稳定,传统行业,耐用品,-
603678.SH,603678,火炬电子,大盘股,信息技术,电子元件,被动元件,福建,34.82,主板,火山口 派出小部队勇吃鱼身,-,-,-,2015/1/26,蔡明通,民营企业,β高股息低波动 适合防御,表现超预期,新科技,-,-,政策支持,高新技术产业,-,-
603679.SH,603679,华体科技,迷你盘,信息技术,光学光电子,LED,四川,14.16,主板,火山口 派出小部队勇吃鱼身,-,-,-,2017/6/21,梁熹,民营企业,-,行情酝酿中,新科技,特高压电力产业链,-,政策支持,高新技术产业,耐用品,-
603680.SH,603680,今创集团,迷你盘,工业,交通运输设备,城轨铁路,江苏,13.25,主板,火山口 派出小部队勇吃鱼身,-,-,-,2018/2/27,俞金坤,民营企业,-,行情酝酿中,-,-,制造业(工业母机),行业成熟稳定,传统行业,耐用品,-
603681.SH,603681,永冠新材,小盘股,原材料,化学制品,胶黏剂及胶带,上海,18.05,主板,火山口 派出小部队勇吃鱼身,连续多天小涨 龟壳战术吃鱼头,-,-,2019/3/26,吕新民,民营企业,-,行情酝酿中,-,-,化工,行业成熟稳定,传统行业,耐用品,-
603682.SH,603682,锦和商管,小盘股,房地产,房地产管理与服务,房地产管理,上海,7.26,主板,-,-,-,-,2020/4/21,郁敏珺,民营企业,-,表现超预期,-,房地产产业链,-,行业成熟稳定,传统行业,耐用品,-
603683.SH,603683,晶华新材,大盘股,原材料,化学制品,胶黏剂及胶带,上海,29,主板,火山口 派出小部队勇吃鱼身,连续多天小涨 龟壳战术吃鱼头,-,-,2017/10/20,周晓南,民营企业,β高股息低波动 适合防御,行情酝酿中,-,-,化工,行业成熟稳定,传统行业,耐用品,-
603685.SH,603685,晨丰科技,中盘股,可选消费,家用电器,家电零部件及其他,浙江,31.56,主板,-,-,-,-,2017/11/27,丁闵,民营企业,β高股息低波动 适合防御,表现超预期,新科技,特高压电力产业链,-,政策支持,高新技术产业,耐用品,-
603686.SH,603686,福龙马,中盘股,公用事业,市政环卫,市政环卫,福建,18.88,主板,火山口 派出小部队勇吃鱼身,-,-,-,2015/1/26,张桂丰,民营企业,β高股息低波动 适合防御,行情酝酿中,-,-,民生,行业成熟稳定,传统行业,-,-
603687.SH,603687,大胜达,大盘股,原材料,容器与包装,纸材料包装,浙江,19.25,主板,-,-,有涨停 火山口战法吃鱼身,高人气,2019/7/26,方能斌,民营企业,β高股息低波动 适合防御,表现超预期,-,电子商务产业链,-,行业成熟稳定,传统行业,-,-
603688.SH,603688,石英股份,大盘股,原材料,其他非金属材料,其他非金属材料,江苏,51.8,主板,-,-,-,-,2014/10/31,陈士斌,民营企业,β高股息低波动 适合防御,表现超预期,新能源,-,能源,行业成熟稳定,传统行业,消耗品,-
603689.SH,603689,皖天然气,迷你盘,公用事业,燃气,燃气,安徽,8.1,主板,火山口 派出小部队勇吃鱼身,连续多天小涨 龟壳战术吃鱼头,-,-,2017/1/10,安徽省人民政府国有资产监督管理委员会,地方国有企业,-,行情酝酿中,-,-,民生,行业成熟稳定,传统行业,消耗品,-
603690.SH,603690,至纯科技,中盘股,信息技术,半导体材料与设备,半导体设备,上海,25.61,主板,火山口 派出小部队勇吃鱼身,连续多天小涨 龟壳战术吃鱼头,-,-,2017/1/13,蒋渊,民营企业,β高股息低波动 适合防御,行情酝酿中,新科技,-,-,政策支持,高新技术产业,-,-
603693.SH,603693,江苏新能,中盘股,公用事业,电力及电网,风电,江苏,14.11,主板,-,-,-,-,2018/7/3,江苏省人民政府,地方国有企业,β高股息低波动 适合防御,表现超预期,-,特高压电力产业链,-,政策支持,高新技术产业,-,-
603696.SH,603696,安记食品,小盘股,主要消费,食品,调味品与食用油,福建,15.91,主板,火山口 派出小部队勇吃鱼身,连续多天小涨 龟壳战术吃鱼头,-,-,2015/12/9,林肖芳,民营企业,-,行情酝酿中,大消费,-,-,行业成熟稳定,传统行业,消耗品,-
603697.SH,603697,有友食品,迷你盘,主要消费,食品,休闲食品,重庆,9.82,主板,火山口 派出小部队勇吃鱼身,-,-,-,2019/5/8,鹿有忠,民营企业,-,行情酝酿中,大消费,-,-,行业成熟稳定,传统行业,消耗品,-
603698.SH,603698,航天工程,大盘股,工业,专用机械,化工机械,北京,46.19,主板,-,-,有涨停 火山口战法吃鱼身,高人气,2015/1/28,中国航天科技集团有限公司,中央企业,β高股息低波动 适合防御,表现超预期,-,-,制造业(工业母机),行业成熟稳定,高新技术产业,耐用品,-
603699.SH,603699,纽威股份,大盘股,工业,通用机械,气液机械,江苏,51.2,主板,-,-,-,-,2014/1/17,王保庆,民营企业,β高股息低波动 适合防御,行情酝酿中,-,-,制造业(工业母机),行业成熟稳定,传统行业,耐用品,-
603700.SH,603700,宁水集团,小盘股,工业,通用机械,仪器仪表,浙江,12.78,主板,火山口 派出小部队勇吃鱼身,-,-,-,2019/1/22,张世豪,民营企业,-,行情酝酿中,-,智能汽车产业链,制造业(工业母机),行业成熟稳定,传统行业,耐用品,-
603701.SH,603701,德宏股份,中盘股,可选消费,汽车零部件与轮胎,汽车系统部件,浙江,24.86,主板,火山口 派出小部队勇吃鱼身,连续多天小涨 龟壳战术吃鱼头,-,-,2016/4/12,宁波市镇海区国有资产管理服务中心,地方国有企业,β高股息低波动 适合防御,行情酝酿中,-,智能汽车产业链,-,政策支持,传统行业,消耗品,-
603703.SH,603703,盛洋科技,小盘股,通信服务,通信设备,通信系统设备及组件,浙江,13.59,主板,火山口 派出小部队勇吃鱼身,-,-,-,2015/4/23,叶利明,民营企业,-,行情酝酿中,新科技,-,-,政策支持,高新技术产业,-,-
603706.SH,603706,东方环宇,迷你盘,公用事业,燃气,燃气,新疆,19.61,主板,火山口 派出小部队勇吃鱼身,连续多天小涨 龟壳战术吃鱼头,-,-,2018/7/9,李明,民营企业,-,行情酝酿中,-,-,民生,行业成熟稳定,传统行业,消耗品,-
603707.SH,603707,健友股份,中盘股,医药卫生,化学药,药品制剂,江苏,9.51,主板,-,-,-,-,2017/7/19,唐咏群,外资,β高股息低波动 适合防御,行情酝酿中,大健康,-,-,政策支持,高新技术产业,消耗品,-
603708.SH,603708,家家悦,迷你盘,可选消费,一般零售,超市与便利店,山东,11.39,主板,火山口 派出小部队勇吃鱼身,连续多天小涨 龟壳战术吃鱼头,-,-,2016/12/13,王培桓,民营企业,-,行情酝酿中,-,实体经济,-,行业成熟稳定,传统行业,-,-
603709.SH,603709,中源家居,迷你盘,可选消费,家居,家具,浙江,16.81,主板,-,-,-,-,2018/2/8,曹勇,民营企业,-,行情酝酿中,大消费,-,-,行业成熟稳定,传统行业,耐用品,-
603711.SH,603711,香飘飘,迷你盘,主要消费,软饮料,软饮料,浙江,12.56,主板,火山口 派出小部队勇吃鱼身,连续多天小涨 龟壳战术吃鱼头,-,-,2017/11/30,蒋建琪,民营企业,-,行情酝酿中,大消费,-,-,行业成熟稳定,传统行业,消耗品,-
603712.SH,603712,七一二,小盘股,通信服务,通信设备,通信终端设备及组件,天津,16.51,主板,火山口 派出小部队勇吃鱼身,连续多天小涨 龟壳战术吃鱼头,-,-,2018/2/26,天津市人民政府国有资产监督管理委员会,地方国有企业,-,行情酝酿中,新基建,-,-,政策支持,高新技术产业,-,-
603713.SH,603713,密尔克卫,小盘股,工业,运输业,物流综合,上海,59.76,主板,-,-,-,-,2018/7/13,陈银河,民营企业,-,行情酝酿中,-,电子商务产业链,-,政策支持,传统行业,-,-
603716.SH,603716,塞力医疗,中盘股,医药卫生,医疗商业与服务,医药商业,湖北,23,主板,-,-,-,-,2016/10/31,温伟,民营企业,β高股息低波动 适合防御,行情酝酿中,-,实体经济,-,政策支持,传统行业,消耗品,-
603717.SH,603717,天域生物,小盘股,主要消费,养殖,畜牧产品,重庆,6.78,主板,-,-,-,-,2017/3/27,罗卫国,民营企业,-,行情酝酿中,-,-,粮食,行业成熟稳定,传统行业,消耗品,-
603718.SH,603718,海利生物,小盘股,主要消费,养殖,动物保健与育种,上海,4.31,主板,火山口 派出小部队勇吃鱼身,-,-,-,2015/5/15,张海明,民营企业,-,行情酝酿中,-,-,粮食,行业成熟稳定,传统行业,消耗品,-
603719.SH,603719,良品铺子,迷你盘,主要消费,食品,休闲食品,湖北,10.11,主板,-,-,-,-,2020/2/24,杨红春,民营企业,-,行情酝酿中,大消费,-,-,行业成熟稳定,传统行业,消耗品,-
603721.SH,603721,*ST天择,小盘股,通信服务,文化娱乐,影视动漫,湖南,22.2,主板,火山口 派出小部队勇吃鱼身,连续多天小涨 龟壳战术吃鱼头,-,-,2017/8/11,长沙市人民政府国有资产监督管理委员会,地方国有企业,-,表现超预期,-,-,文化体育,行业成熟稳定,传统行业,-,-
603722.SH,603722,阿科力,迷你盘,原材料,化学制品,其他化学制品,江苏,37.12,主板,火山口 派出小部队勇吃鱼身,连续多天小涨 龟壳战术吃鱼头,-,-,2017/10/25,朱学军,民营企业,-,行情酝酿中,-,-,化工,行业成熟稳定,传统行业,耐用品,-
603725.SH,603725,天安新材,小盘股,工业,建筑产品,建筑产品,广东,9.17,主板,-,-,-,-,2017/9/6,吴启超,民营企业,-,表现超预期,-,-,化工,行业成熟稳定,传统行业,消耗品,-
603726.SH,603726,朗迪集团,迷你盘,可选消费,家用电器,家电零部件及其他,浙江,23.86,主板,-,-,-,-,2016/4/21,高炎康,民营企业,-,行情酝酿中,大消费,-,-,行业成熟稳定,传统行业,耐用品,-
603727.SH,603727,博迈科,小盘股,能源,油气开采与油田服务,油田服务,天津,19.71,主板,-,-,-,-,2016/11/22,彭文成,民营企业,-,行情酝酿中,-,-,能源,行业成熟稳定,传统行业,-,-
603728.SH,603728,鸣志电器,中盘股,工业,通用机械,电动机与工控自动化,上海,59.66,主板,火山口 派出小部队勇吃鱼身,连续多天小涨 龟壳战术吃鱼头,-,-,2017/5/9,常建鸣,民营企业,β高股息低波动 适合防御,行情酝酿中,新科技,特高压电力产业链,-,政策支持,高新技术产业,耐用品,-
603729.SH,603729,龙韵股份,迷你盘,通信服务,营销与广告,其他广告营销,上海,16.56,主板,-,-,-,-,2015/3/24,段佩璋,民营企业,-,行情酝酿中,-,电子商务产业链,-,行业成熟稳定,传统行业,-,-
603730.SH,603730,岱美股份,中盘股,可选消费,汽车零部件与轮胎,汽车内饰与外饰,上海,9.99,主板,-,-,-,-,2017/7/28,姜银台,民营企业,β高股息低波动 适合防御,表现超预期,-,智能汽车产业链,-,政策支持,传统行业,消耗品,-
603733.SH,603733,仙鹤股份,迷你盘,原材料,纸类与林业产品,纸制品,浙江,21.47,主板,-,连续多天小涨 龟壳战术吃鱼头,-,-,2018/4/20,王敏良,民营企业,-,行情酝酿中,-,-,化工,行业成熟稳定,传统行业,消耗品,-
603737.SH,603737,三棵树,中盘股,原材料,化学制品,涂料油墨,福建,49.49,主板,火山口 派出小部队勇吃鱼身,连续多天小涨 龟壳战术吃鱼头,-,-,2016/6/3,洪杰,民营企业,β高股息低波动 适合防御,行情酝酿中,-,房地产产业链,-,行业成熟稳定,传统行业,耐用品,-
603738.SH,603738,泰晶科技,大盘股,信息技术,电子元件,被动元件,湖北,30.17,主板,-,-,有涨停 火山口战法吃鱼身,-,2016/9/28,喻信东,民营企业,β高股息低波动 适合防御,表现超预期,新科技,-,-,政策支持,高新技术产业,-,-
603739.SH,603739,蔚蓝生物,迷你盘,主要消费,养殖,饲料,山东,15.19,主板,火山口 派出小部队勇吃鱼身,-,-,-,2019/1/16,黄炳亮,民营企业,-,行情酝酿中,-,-,粮食,行业成熟稳定,传统行业,消耗品,-
603755.SH,603755,日辰股份,迷你盘,主要消费,食品,调味品与食用油,山东,28.71,主板,火山口 派出小部队勇吃鱼身,连续多天小涨 龟壳战术吃鱼头,-,-,2019/8/28,张华君,民营企业,-,行情酝酿中,大消费,-,-,行业成熟稳定,传统行业,消耗品,-
603757.SH,603757,大元泵业,大盘股,工业,通用机械,气液机械,浙江,55.86,主板,-,-,-,-,2017/7/11,韩元富,民营企业,β高股息低波动 适合防御,表现超预期,-,-,制造业(工业母机),行业成熟稳定,传统行业,耐用品,-
603758.SH,603758,秦安股份,小盘股,可选消费,汽车零部件与轮胎,汽车系统部件,重庆,13.16,主板,-,-,-,-,2017/5/17,YUANMING TANG,外资,-,行情酝酿中,-,智能汽车产业链,-,政策支持,传统行业,消耗品,-
603759.SH,603759,海天股份,迷你盘,公用事业,水务,水务,四川,9.33,主板,-,-,-,-,2021/3/26,费功全,民营企业,-,行情酝酿中,-,-,民生,行业成熟稳定,传统行业,耐用品,-
603766.SH,603766,隆鑫通用,中盘股,可选消费,摩托车及其他,摩托车及其他,重庆,15.6,主板,-,-,-,-,2012/8/10,左宗申,民营企业,β高股息低波动 适合防御,行情酝酿中,-,智能汽车产业链,-,行业成熟稳定,传统行业,耐用品,-
603767.SH,603767,中马传动,迷你盘,可选消费,汽车零部件与轮胎,汽车系统部件,浙江,18.68,主板,火山口 派出小部队勇吃鱼身,连续多天小涨 龟壳战术吃鱼头,-,-,2017/6/13,盛桂英,民营企业,-,行情酝酿中,-,智能汽车产业链,-,政策支持,传统行业,消耗品,-
603768.SH,603768,常青股份,迷你盘,可选消费,汽车零部件与轮胎,其他汽车零部件,安徽,11.07,主板,火山口 派出小部队勇吃鱼身,-,-,-,2017/3/24,吴应宏,民营企业,-,行情酝酿中,-,智能汽车产业链,-,政策支持,传统行业,消耗品,-
603773.SH,603773,沃格光电,大盘股,信息技术,光学光电子,面板,江西,52.9,主板,-,-,有涨停 火山口战法吃鱼身,高人气,2018/4/17,易伟华,民营企业,β高股息低波动 适合防御,表现超预期,新科技,-,-,政策支持,高新技术产业,-,-
603776.SH,603776,永安行,小盘股,工业,运输业,公共交通,江苏,20.06,主板,-,-,-,-,2017/8/17,杨磊,民营企业,-,表现超预期,-,-,交通,行业成熟稳定,传统行业,-,-
603777.SH,603777,来伊份,大盘股,主要消费,食品,休闲食品,上海,17,主板,-,-,-,-,2016/10/12,施永雷,民营企业,β高股息低波动 适合防御,表现超预期,大消费,-,-,行业成熟稳定,传统行业,消耗品,-
603778.SH,603778,国晟科技,大盘股,工业,发电设备,光伏设备,北京,24.25,主板,-,-,-,-,2015/12/31,吴君,民营企业,β高股息低波动 适合防御,表现超预期,新科技,特高压电力产业链,-,政策支持,高新技术产业,耐用品,有量化参与
603779.SH,603779,威龙股份,迷你盘,主要消费,酒,葡萄酒及其他,山东,6.31,主板,火山口 派出小部队勇吃鱼身,-,-,-,2016/5/16,闫鹏飞,民营企业,-,行情酝酿中,大消费,-,-,行业成熟稳定,传统行业,消耗品,-
603786.SH,603786,科博达,中盘股,可选消费,汽车零部件与轮胎,汽车电子,上海,57.15,主板,火山口 派出小部队勇吃鱼身,连续多天小涨 龟壳战术吃鱼头,-,-,2019/10/15,柯桂华,民营企业,β高股息低波动 适合防御,行情酝酿中,-,智能汽车产业链,-,政策支持,传统行业,消耗品,-
603787.SH,603787,新日股份,小盘股,可选消费,摩托车及其他,摩托车及其他,江苏,12.59,主板,火山口 派出小部队勇吃鱼身,-,-,-,2017/4/27,张崇舜,民营企业,-,行情酝酿中,-,智能汽车产业链,-,行业成熟稳定,传统行业,耐用品,-
603788.SH,603788,宁波高发,迷你盘,可选消费,汽车零部件与轮胎,汽车系统部件,浙江,15.72,主板,火山口 派出小部队勇吃鱼身,连续多天小涨 龟壳战术吃鱼头,-,-,2015/1/20,钱高法,民营企业,-,行情酝酿中,-,智能汽车产业链,-,政策支持,传统行业,消耗品,-
603789.SH,603789,*ST星农,迷你盘,工业,专用机械,农业机械,浙江,5.26,主板,-,-,-,-,2015/4/27,无实际控制人,其他,-,行情酝酿中,-,-,制造业(工业母机),行业成熟稳定,传统行业,耐用品,-
603790.SH,603790,雅运股份,迷你盘,原材料,化学制品,印染化学品,上海,22.17,主板,火山口 派出小部队勇吃鱼身,连续多天小涨 龟壳战术吃鱼头,-,-,2018/9/12,谢兵,民营企业,-,行情酝酿中,-,房地产产业链,-,行业成熟稳定,传统行业,耐用品,-
603797.SH,603797,联泰环保,迷你盘,工业,污染治理,污水处理,广东,4.68,主板,-,-,-,-,2017/4/13,黄建勲,民营企业,-,行情酝酿中,-,-,民生,行业成熟稳定,传统行业,-,-
603798.SH,603798,康普顿,小盘股,原材料,化学制品,其他化学制品,山东,16.75,主板,-,连续多天小涨 龟壳战术吃鱼头,-,-,2016/4/6,朱振华,民营企业,-,表现超预期,-,-,能源,行业成熟稳定,传统行业,消耗品,-
603799.SH,603799,华友钴业,大盘股,原材料,工业金属,钴镍,浙江,66.21,主板,-,-,-,-,2015/1/29,陈雪华,民营企业,β高股息低波动 适合防御,表现超预期,新能源,-,-,行业成熟稳定,传统行业,消耗品,-
603800.SH,603800,洪田股份,中盘股,工业,专用机械,采矿冶金机械,江苏,47.49,主板,-,-,-,-,2015/12/10,赵伟斌,民营企业,β高股息低波动 适合防御,表现超预期,-,-,制造业(工业母机),行业成熟稳定,高新技术产业,耐用品,-
603801.SH,603801,志邦家居,迷你盘,可选消费,家居,家具,安徽,8.9,主板,火山口 派出小部队勇吃鱼身,-,-,-,2017/6/30,孙志勇,民营企业,-,行情酝酿中,大消费,-,-,行业成熟稳定,传统行业,耐用品,-
603803.SH,603803,瑞斯康达,大盘股,通信服务,通信设备,通信系统设备及组件,北京,15.75,主板,-,-,有涨停 火山口战法吃鱼身,-,2017/4/20,李月杰,民营企业,β高股息低波动 适合防御,表现超预期,新基建,-,-,政策支持,高新技术产业,-,-
603806.SH,603806,福斯特,大盘股,工业,发电设备,光伏设备,浙江,17.19,主板,-,-,-,-,2014/9/5,林建华,民营企业,β高股息低波动 适合防御,行情酝酿中,-,-,化工,行业成熟稳定,传统行业,消耗品,-
603808.SH,603808,歌力思,小盘股,可选消费,纺织服装,服装,深圳,10.2,主板,-,-,-,-,2015/4/22,夏国新,民营企业,-,表现超预期,大消费,-,-,行业成熟稳定,传统行业,耐用品,-
603809.SH,603809,豪能股份,小盘股,可选消费,汽车零部件与轮胎,汽车系统部件,四川,11.24,主板,火山口 派出小部队勇吃鱼身,连续多天小涨 龟壳战术吃鱼头,-,-,2017/11/28,向朝东,民营企业,-,行情酝酿中,-,智能汽车产业链,-,政策支持,传统行业,消耗品,-
603810.SH,603810,丰山集团,迷你盘,原材料,农用化工,农药,江苏,15.52,主板,-,-,-,-,2018/9/17,殷凤山,民营企业,-,行情酝酿中,-,-,粮食,行业成熟稳定,传统行业,消耗品,-
603811.SH,603811,诚意药业,小盘股,医药卫生,化学药,药品制剂,浙江,12.03,主板,-,-,-,-,2017/3/15,颜贻意,民营企业,-,行情酝酿中,大健康,-,-,政策支持,高新技术产业,消耗品,-
603813.SH,603813,*ST原尚,迷你盘,工业,运输业,物流综合,广东,27.4,主板,-,-,-,-,2017/9/18,余军,民营企业,-,表现超预期,-,-,交通,行业成熟稳定,传统行业,-,-
603815.SH,603815,交建股份,中盘股,工业,建筑与工程,基础设施建设,安徽,6.57,主板,-,-,有涨停 火山口战法吃鱼身,高人气,2019/10/21,俞发祥,民营企业,β高股息低波动 适合防御,表现超预期,-,房地产产业链,-,行业成熟稳定,传统行业,耐用品,-
603816.SH,603816,顾家家居,中盘股,可选消费,家居,家具,浙江,31.35,主板,火山口 派出小部队勇吃鱼身,连续多天小涨 龟壳战术吃鱼头,-,-,2016/10/14,何剑锋,民营企业,β高股息低波动 适合防御,行情酝酿中,大消费,-,-,行业成熟稳定,传统行业,耐用品,-
603817.SH,603817,海峡环保,小盘股,工业,污染治理,污水处理,福建,7.08,主板,火山口 派出小部队勇吃鱼身,连续多天小涨 龟壳战术吃鱼头,-,-,2017/2/20,福州市人民政府国有资产监督管理委员会,地方国有企业,-,行情酝酿中,-,-,民生,行业成熟稳定,传统行业,-,-
603818.SH,603818,曲美家居,迷你盘,可选消费,家居,家具,北京,3.36,主板,-,-,-,-,2015/4/22,赵瑞海,民营企业,-,行情酝酿中,大消费,-,-,行业成熟稳定,传统行业,耐用品,-
603819.SH,603819,神力股份,中盘股,工业,通用机械,电动机与工控自动化,江苏,14.71,主板,火山口 派出小部队勇吃鱼身,-,-,-,2016/11/25,陈忠渭,民营企业,β高股息低波动 适合防御,行情酝酿中,新科技,特高压电力产业链,-,政策支持,高新技术产业,耐用品,-
603822.SH,603822,ST嘉澳,小盘股,工业,节能与生态修复,节能与资源回收,浙江,84.43,主板,-,-,-,-,2016/4/28,沈健,民营企业,-,行情酝酿中,-,-,化工,行业成熟稳定,传统行业,耐用品,-
603823.SH,603823,百合花,中盘股,原材料,化学制品,涂料油墨,浙江,16.16,主板,-,-,-,-,2016/12/20,陈立荣,民营企业,β高股息低波动 适合防御,行情酝酿中,-,房地产产业链,-,行业成熟稳定,传统行业,耐用品,-
603825.SH,603825,ST华扬,迷你盘,通信服务,营销与广告,数字营销,湖南,8.25,主板,-,-,-,-,2017/8/2,长沙市人民政府国有资产监督管理委员会,地方国有企业,-,行情酝酿中,国产替代,电子商务产业链,-,政策支持,传统行业,-,-
603826.SH,603826,坤彩科技,大盘股,原材料,化学制品,涂料油墨,福建,34.37,主板,-,-,有涨停 火山口战法吃鱼身,高人气,2017/4/14,谢秉昆,民营企业,β高股息低波动 适合防御,表现超预期,-,房地产产业链,-,行业成熟稳定,传统行业,耐用品,-
603828.SH,603828,ST柯利达,迷你盘,工业,建筑装修,建筑装修,江苏,5.87,主板,-,-,-,-,2015/2/26,顾益明,民营企业,-,表现超预期,-,房地产产业链,-,行业成熟稳定,传统行业,耐用品,-
603829.SH,603829,洛凯股份,中盘股,工业,电网设备,配电设备,江苏,29.22,主板,-,-,-,-,2017/10/17,谈行,民营企业,β高股息低波动 适合防御,表现超预期,新科技,特高压电力产业链,-,政策支持,高新技术产业,耐用品,-
603833.SH,603833,欧派家居,小盘股,可选消费,家居,家具,广东,50.6,主板,火山口 派出小部队勇吃鱼身,连续多天小涨 龟壳战术吃鱼头,-,-,2017/3/28,姚良松,民营企业,-,行情酝酿中,大消费,-,-,行业成熟稳定,传统行业,耐用品,-
603836.SH,603836,海程邦达,迷你盘,工业,运输业,物流综合,山东,13.01,主板,火山口 派出小部队勇吃鱼身,连续多天小涨 龟壳战术吃鱼头,-,-,2021/5/26,唐海,民营企业,-,行情酝酿中,-,电子商务产业链,-,政策支持,传统行业,-,-
603838.SH,603838,*ST四通,迷你盘,可选消费,家居,其他家居,广东,8.88,主板,-,-,-,-,2015/7/1,黄建平,民营企业,-,行情酝酿中,大消费,-,-,行业成熟稳定,传统行业,耐用品,-
603839.SH,603839,安正时尚,迷你盘,可选消费,纺织服装,服装,浙江,7.48,主板,火山口 派出小部队勇吃鱼身,-,-,-,2017/2/14,郑安政,民营企业,-,行情酝酿中,大消费,-,-,行业成熟稳定,传统行业,耐用品,-
603843.SH,603843,*ST正平,中盘股,工业,建筑与工程,基础设施建设,青海,7.64,主板,-,-,-,-,2016/9/5,金生光,民营企业,β高股息低波动 适合防御,表现超预期,-,房地产产业链,-,行业成熟稳定,传统行业,耐用品,-
603848.SH,603848,好太太,迷你盘,可选消费,家居,其他家居,广东,15.52,主板,火山口 派出小部队勇吃鱼身,连续多天小涨 龟壳战术吃鱼头,-,-,2017/12/1,沈汉标,民营企业,-,行情酝酿中,大消费,-,-,行业成熟稳定,传统行业,耐用品,-
603855.SH,603855,华荣股份,迷你盘,工业,专用机械,其他专用机械,上海,19.76,主板,火山口 派出小部队勇吃鱼身,连续多天小涨 龟壳战术吃鱼头,-,-,2017/5/24,胡志荣,民营企业,-,行情酝酿中,-,-,制造业(工业母机),行业成熟稳定,高新技术产业,耐用品,-
603856.SH,603856,东宏股份,迷你盘,工业,建筑产品,建筑产品,山东,12.7,主板,-,-,-,-,2017/11/6,倪立营,民营企业,-,行情酝酿中,-,-,化工,行业成熟稳定,传统行业,消耗品,-
603858.SH,603858,步长制药,小盘股,医药卫生,中药,中成药,山东,16.69,主板,-,-,-,-,2016/11/18,赵涛,外资,-,表现超预期,大健康,-,-,行业成熟稳定,传统行业,消耗品,-
603859.SH,603859,能科科技,中盘股,信息技术,软件开发,行业应用软件,北京,39.69,主板,火山口 派出小部队勇吃鱼身,-,-,-,2016/10/21,祖军,民营企业,β高股息低波动 适合防御,行情酝酿中,国产替代,-,-,政策支持,传统行业,-,-
603860.SH,603860,中公高科,迷你盘,工业,建筑与工程,建筑设计及服务,北京,31.47,主板,火山口 派出小部队勇吃鱼身,-,-,-,2017/8/2,交通运输部公路科学研究所,中央企业,-,行情酝酿中,-,房地产产业链,-,行业成熟稳定,传统行业,耐用品,-
603861.SH,603861,白云电器,中盘股,工业,电网设备,配电设备,广东,16.51,主板,-,-,-,-,2016/3/22,胡明森,民营企业,β高股息低波动 适合防御,行情酝酿中,新科技,特高压电力产业链,-,政策支持,高新技术产业,耐用品,-
603863.SH,603863,松炀资源,中盘股,原材料,容器与包装,纸材料包装,广东,18.34,主板,-,-,-,-,2019/6/21,王壮鹏,民营企业,β高股息低波动 适合防御,表现超预期,-,-,化工,行业成熟稳定,传统行业,消耗品,-
603866.SH,603866,桃李面包,迷你盘,主要消费,食品,休闲食品,辽宁,5.03,主板,火山口 派出小部队勇吃鱼身,连续多天小涨 龟壳战术吃鱼头,-,-,2015/12/22,吴学群,民营企业,-,行情酝酿中,大消费,-,-,行业成熟稳定,传统行业,消耗品,-
603867.SH,603867,新化股份,中盘股,原材料,化学制品,其他化学制品,浙江,33.38,主板,火山口 派出小部队勇吃鱼身,连续多天小涨 龟壳战术吃鱼头,-,-,2019/6/27,无实际控制人,其他,β高股息低波动 适合防御,行情酝酿中,-,-,化工,行业成熟稳定,传统行业,耐用品,-
603868.SH,603868,飞科电器,迷你盘,可选消费,家用电器,小家电,上海,31.64,主板,火山口 派出小部队勇吃鱼身,连续多天小涨 龟壳战术吃鱼头,-,-,2016/4/18,李丐腾,民营企业,-,行情酝酿中,大消费,-,-,行业成熟稳定,传统行业,耐用品,-
603869.SH,603869,ST智知,迷你盘,信息技术,信息技术服务,系统集成服务,广西,10.84,主板,火山口 派出小部队勇吃鱼身,连续多天小涨 龟壳战术吃鱼头,-,-,2015/3/26,王玉锁,民营企业,-,行情酝酿中,国产替代,-,-,政策支持,传统行业,-,-
603871.SH,603871,嘉友国际,小盘股,工业,运输业,物流综合,北京,13.55,主板,-,-,-,-,2018/2/6,韩景华,民营企业,-,表现超预期,-,电子商务产业链,-,政策支持,传统行业,-,-
603876.SH,603876,鼎胜新材,大盘股,原材料,工业金属,铝,江苏,25.1,主板,火山口 派出小部队勇吃鱼身,连续多天小涨 龟壳战术吃鱼头,-,-,2018/4/18,王小丽,民营企业,β高股息低波动 适合防御,表现超预期,-,军工高铁产业链,-,行业成熟稳定,传统行业,消耗品,-
603877.SH,603877,太平鸟,迷你盘,可选消费,纺织服装,服装,浙江,14.72,主板,火山口 派出小部队勇吃鱼身,连续多天小涨 龟壳战术吃鱼头,-,-,2017/1/9,张江平,民营企业,-,行情酝酿中,大消费,-,-,行业成熟稳定,传统行业,耐用品,-
603878.SH,603878,武进不锈,中盘股,原材料,钢铁,特钢,江苏,8.26,主板,-,-,-,高人气,2016/12/19,朱国良,民营企业,β高股息低波动 适合防御,表现超预期,-,-,能源,行业成熟稳定,传统行业,消耗品,-
603879.SH,603879,永悦科技,迷你盘,原材料,塑料,合成树脂,江苏,5.37,主板,-,-,-,-,2017/6/14,陈翔,民营企业,-,行情酝酿中,-,-,化工,行业成熟稳定,传统行业,耐用品,-
603880.SH,603880,南卫股份,迷你盘,医药卫生,医疗器械,医疗耗材,江苏,6.4,主板,火山口 派出小部队勇吃鱼身,连续多天小涨 龟壳战术吃鱼头,-,-,2017/8/7,李平,民营企业,-,行情酝酿中,大健康,-,-,行业成熟稳定,传统行业,消耗品,-
603881.SH,603881,数据港,大盘股,通信服务,数据中心,数据中心,上海,40.91,主板,-,-,-,-,2017/2/8,上海市静安区国有资产监督管理委员会(上海市静安区集体资产监督管理委员会),地方国有企业,β高股息低波动 适合防御,表现超预期,国产替代,-,-,政策支持,传统行业,-,-
603882.SH,603882,金域医学,小盘股,医药卫生,医疗器械,体外诊断,广东,27.22,主板,火山口 派出小部队勇吃鱼身,连续多天小涨 龟壳战术吃鱼头,-,-,2017/9/8,梁耀铭,民营企业,-,行情酝酿中,大健康,-,-,行业成熟稳定,传统行业,消耗品,-
603883.SH,603883,老百姓,小盘股,医药卫生,医疗商业与服务,医药商业,湖南,13.73,主板,火山口 派出小部队勇吃鱼身,连续多天小涨 龟壳战术吃鱼头,-,-,2015/4/23,谢子龙,民营企业,-,行情酝酿中,-,实体经济,-,政策支持,传统行业,消耗品,-
603885.SH,603885,吉祥航空,小盘股,工业,运输业,航空运输,上海,12.01,主板,火山口 派出小部队勇吃鱼身,连续多天小涨 龟壳战术吃鱼头,-,-,2015/5/27,王均金,民营企业,-,行情酝酿中,-,-,交通,行业成熟稳定,传统行业,-,-
603886.SH,603886,元祖股份,迷你盘,主要消费,食品,休闲食品,上海,13.12,主板,-,-,-,-,2016/12/28,张秀琬,外资,-,行情酝酿中,大消费,-,-,行业成熟稳定,传统行业,消耗品,-
603887.SH,603887,城地香江,中盘股,通信服务,数据中心,数据中心,上海,16.88,主板,火山口 派出小部队勇吃鱼身,-,-,-,2016/10/10,谢晓东,民营企业,β高股息低波动 适合防御,行情酝酿中,国产替代,-,-,政策支持,传统行业,-,-
603888.SH,603888,新华网,中盘股,通信服务,数字媒体,图文媒体,北京,20.44,主板,火山口 派出小部队勇吃鱼身,连续多天小涨 龟壳战术吃鱼头,-,-,2016/10/28,新华通讯社,中央企业,β高股息低波动 适合防御,行情酝酿中,国产替代,电子商务产业链,-,政策支持,传统行业,-,-
603889.SH,603889,新澳股份,中盘股,可选消费,纺织服装,纺织品,浙江,9.3,主板,-,-,-,-,2014/12/31,沈建华,民营企业,β高股息低波动 适合防御,表现超预期,-,-,化工,行业成熟稳定,传统行业,消耗品,-
603890.SH,603890,春秋电子,大盘股,信息技术,电子终端及组件,电脑与外围设备,江苏,18.92,主板,-,-,-,高人气,2017/12/12,薛革文,民营企业,β高股息低波动 适合防御,表现超预期,新科技,-,-,政策支持,高新技术产业,-,-
603893.SH,603893,瑞芯微,大盘股,信息技术,集成电路,集成电路设计,福建,170.93,主板,火山口 派出小部队勇吃鱼身,连续多天小涨 龟壳战术吃鱼头,-,-,2020/2/7,励民,民营企业,β高股息低波动 适合防御,表现超预期,新科技,-,-,政策支持,高新技术产业,-,-
603895.SH,603895,天永智能,小盘股,工业,专用机械,其他专用机械,上海,29.59,主板,-,-,-,-,2018/1/22,荣俊林,民营企业,-,行情酝酿中,-,-,制造业(工业母机),行业成熟稳定,高新技术产业,耐用品,-
603896.SH,603896,寿仙谷,迷你盘,医药卫生,中药,中药饮片,浙江,18.53,主板,火山口 派出小部队勇吃鱼身,-,-,-,2017/5/10,李明焱,民营企业,-,行情酝酿中,大健康,-,-,行业成熟稳定,传统行业,消耗品,-
603897.SH,603897,长城科技,大盘股,信息技术,其他电子,其他电子,浙江,51.67,主板,-,-,有涨停 火山口战法吃鱼身,高人气,2018/4/10,顾林祥,民营企业,β高股息低波动 适合防御,表现超预期,新科技,特高压电力产业链,-,政策支持,高新技术产业,耐用品,-
603898.SH,603898,好莱客,迷你盘,可选消费,家居,家具,广东,13.25,主板,火山口 派出小部队勇吃鱼身,-,-,-,2015/2/17,沈汉标,民营企业,-,行情酝酿中,大消费,-,-,行业成熟稳定,传统行业,耐用品,-
603899.SH,603899,晨光股份,小盘股,工业,商业服务与用品,办公服务与用品,上海,25.37,主板,-,-,-,-,2015/1/27,陈湖文,民营企业,-,行情酝酿中,-,-,文化体育,行业成熟稳定,传统行业,-,-
603900.SH,603900,莱绅通灵,小盘股,可选消费,珠宝与奢侈品,珠宝与奢侈品,江苏,7.42,主板,-,-,-,-,2016/11/23,马峻,民营企业,-,行情酝酿中,大消费,-,-,行业成熟稳定,传统行业,耐用品,-
603901.SH,603901,永创智能,小盘股,工业,专用机械,印刷包装机械,浙江,12.45,主板,-,-,-,-,2015/5/29,罗邦毅,民营企业,-,行情酝酿中,-,-,制造业(工业母机),行业成熟稳定,高新技术产业,耐用品,-
603903.SH,603903,中持股份,迷你盘,工业,污染治理,污水处理,北京,11.8,主板,-,-,-,-,2017/3/14,朱阳军,民营企业,-,表现超预期,-,-,民生,行业成熟稳定,传统行业,-,-
603906.SH,603906,龙蟠科技,大盘股,工业,储能设备,电池部件及材料,江苏,25.99,主板,-,-,有涨停 火山口战法吃鱼身,高人气,2017/4/10,石俊峰,民营企业,β高股息低波动 适合防御,表现超预期,新科技,特高压电力产业链,-,政策支持,高新技术产业,耐用品,-
603908.SH,603908,牧高笛,迷你盘,可选消费,休闲设备与用品,休闲设备与用品,浙江,22.67,主板,火山口 派出小部队勇吃鱼身,连续多天小涨 龟壳战术吃鱼头,-,-,2017/3/7,陆暾华,民营企业,-,行情酝酿中,-,-,化工,行业成熟稳定,传统行业,消耗品,-
603909.SH,603909,建发合诚,中盘股,工业,建筑与工程,建筑设计及服务,福建,13.55,主板,火山口 派出小部队勇吃鱼身,连续多天小涨 龟壳战术吃鱼头,-,-,2016/6/28,厦门市人民政府国有资产监督管理委员会,地方国有企业,β高股息低波动 适合防御,表现超预期,-,房地产产业链,-,行业成熟稳定,传统行业,耐用品,-
603912.SH,603912,佳力图,大盘股,工业,专用机械,楼宇设备,江苏,10.54,主板,-,-,-,-,2017/11/1,何根林,民营企业,β高股息低波动 适合防御,行情酝酿中,-,-,制造业(工业母机),行业成熟稳定,高新技术产业,耐用品,-
603915.SH,603915,国茂股份,小盘股,工业,通用机械,动力机械,江苏,15.46,主板,火山口 派出小部队勇吃鱼身,连续多天小涨 龟壳战术吃鱼头,-,-,2019/6/14,徐彬,民营企业,-,行情酝酿中,-,-,制造业(工业母机),行业成熟稳定,传统行业,耐用品,-
603916.SH,603916,苏博特,小盘股,原材料,建筑材料,水泥与混凝土,江苏,10.61,主板,-,-,-,-,2017/11/10,缪昌文,民营企业,-,行情酝酿中,-,-,化工,行业成熟稳定,传统行业,耐用品,-
603917.SH,603917,合力科技,迷你盘,可选消费,汽车零部件与轮胎,其他汽车零部件,浙江,12.97,主板,-,-,-,-,2017/12/4,施良才,民营企业,-,行情酝酿中,-,智能汽车产业链,-,政策支持,传统行业,消耗品,-
603918.SH,603918,金桥信息,小盘股,信息技术,信息技术服务,系统集成服务,上海,13.78,主板,火山口 派出小部队勇吃鱼身,-,-,-,2015/5/28,金国培,民营企业,-,行情酝酿中,国产替代,-,-,政策支持,传统行业,-,-
603919.SH,603919,金徽酒,小盘股,主要消费,酒,白酒,甘肃,18.04,主板,火山口 派出小部队勇吃鱼身,连续多天小涨 龟壳战术吃鱼头,-,-,2016/3/10,李明,外资,-,行情酝酿中,大消费,-,-,行业成熟稳定,传统行业,消耗品,-
603920.SH,603920,世运电路,大盘股,信息技术,电子元件,印制电路板,广东,59.1,主板,-,-,-,高人气,2017/4/26,佛山市顺德区国有资产监督管理局,地方国有企业,β高股息低波动 适合防御,表现超预期,新科技,-,-,政策支持,高新技术产业,-,-
603922.SH,603922,金鸿顺,中盘股,可选消费,汽车零部件与轮胎,其他汽车零部件,江苏,21.51,主板,-,-,有涨停 火山口战法吃鱼身,-,2017/10/23,刘栩,民营企业,β高股息低波动 适合防御,表现超预期,-,智能汽车产业链,-,政策支持,传统行业,消耗品,-
603926.SH,603926,铁流股份,中盘股,可选消费,汽车零部件与轮胎,汽车系统部件,浙江,20.02,主板,-,-,有涨停 火山口战法吃鱼身,-,2017/5/10,国宁,民营企业,β高股息低波动 适合防御,表现超预期,-,智能汽车产业链,-,政策支持,传统行业,消耗品,-
603927.SH,603927,中科软,小盘股,信息技术,软件开发,行业应用软件,北京,16.91,主板,火山口 派出小部队勇吃鱼身,-,-,-,2019/9/9,中国科学院软件研究所,中央企业,-,行情酝酿中,国产替代,-,-,政策支持,传统行业,-,-
603928.SH,603928,兴业股份,中盘股,原材料,塑料,合成树脂,江苏,15.28,主板,火山口 派出小部队勇吃鱼身,-,-,-,2016/12/12,王进兴,民营企业,β高股息低波动 适合防御,行情酝酿中,-,-,化工,行业成熟稳定,传统行业,耐用品,-
603929.SH,603929,亚翔集成,大盘股,工业,建筑装修,建筑装修,江苏,186.63,主板,-,-,-,-,2016/12/30,姚祖骧,外资,β高股息低波动 适合防御,表现超预期,-,房地产产业链,-,行业成熟稳定,传统行业,耐用品,-
603931.SH,603931,格林达,小盘股,信息技术,电子化学品,电子化学品,浙江,29.35,主板,火山口 派出小部队勇吃鱼身,-,-,-,2020/8/19,黄招有,民营企业,-,行情酝酿中,-,-,化工,行业成熟稳定,传统行业,耐用品,-
603933.SH,603933,睿能科技,大盘股,工业,商业服务与用品,贸易商,福建,24.5,主板,-,-,有涨停 火山口战法吃鱼身,高人气,2017/7/6,杨维坚,外资,β高股息低波动 适合防御,表现超预期,新科技,-,-,政策支持,高新技术产业,-,-
603936.SH,603936,博敏电子,大盘股,信息技术,电子元件,印制电路板,广东,14.63,主板,火山口 派出小部队勇吃鱼身,连续多天小涨 龟壳战术吃鱼头,-,-,2015/12/9,徐缓,民营企业,β高股息低波动 适合防御,行情酝酿中,新科技,-,-,政策支持,高新技术产业,-,-
603937.SH,603937,丽岛新材,中盘股,原材料,工业金属,铝,江苏,13.77,主板,-,-,-,-,2017/11/2,蔡征国,民营企业,β高股息低波动 适合防御,行情酝酿中,-,军工高铁产业链,-,行业成熟稳定,传统行业,消耗品,-
603938.SH,603938,三孚股份,大盘股,原材料,化学原料,其他化学原料,河北,26.81,主板,-,-,-,-,2017/6/28,孙任靖,民营企业,β高股息低波动 适合防御,行情酝酿中,-,-,化工,行业成熟稳定,传统行业,耐用品,-
603939.SH,603939,益丰药房,小盘股,医药卫生,医疗商业与服务,医药商业,湖南,22.45,主板,-,-,-,-,2015/2/17,高毅,民营企业,-,行情酝酿中,-,实体经济,-,政策支持,传统行业,消耗品,-
603948.SH,603948,建业股份,迷你盘,原材料,化学制品,其他化学制品,浙江,27.6,主板,火山口 派出小部队勇吃鱼身,连续多天小涨 龟壳战术吃鱼头,-,-,2020/3/2,冯语行,民营企业,-,行情酝酿中,-,-,化工,行业成熟稳定,传统行业,耐用品,-
603949.SH,603949,雪龙集团,小盘股,可选消费,汽车零部件与轮胎,汽车系统部件,浙江,18.51,主板,-,连续多天小涨 龟壳战术吃鱼头,-,-,2020/3/10,贺财霖,民营企业,-,表现超预期,-,智能汽车产业链,-,政策支持,传统行业,消耗品,-
603950.SH,603950,长源东谷,大盘股,可选消费,汽车零部件与轮胎,汽车系统部件,湖北,65.21,主板,-,-,有涨停 火山口战法吃鱼身,高人气,2020/5/26,李佐元,外资,β高股息低波动 适合防御,表现超预期,-,智能汽车产业链,-,政策支持,传统行业,消耗品,-
603955.SH,603955,大千生态,迷你盘,工业,建筑与工程,园林工程,江苏,26.18,主板,火山口 派出小部队勇吃鱼身,连续多天小涨 龟壳战术吃鱼头,-,-,2017/3/10,张源,民营企业,-,行情酝酿中,-,房地产产业链,-,行业成熟稳定,传统行业,耐用品,-
603956.SH,603956,威派格,迷你盘,工业,专用机械,其他专用机械,上海,5.71,主板,火山口 派出小部队勇吃鱼身,-,-,-,2019/2/22,李纪玺,民营企业,-,行情酝酿中,-,-,制造业(工业母机),行业成熟稳定,高新技术产业,耐用品,-
603958.SH,603958,哈森股份,中盘股,可选消费,纺织服装,鞋帽与配饰,江苏,25.43,主板,-,-,-,-,2016/6/29,陈玉珍,外资,β高股息低波动 适合防御,表现超预期,大消费,-,-,行业成熟稳定,传统行业,耐用品,-
603959.SH,603959,百利科技,中盘股,工业,建筑与工程,专业工程,湖南,7.02,主板,火山口 派出小部队勇吃鱼身,-,-,-,2016/5/17,王海荣,民营企业,β高股息低波动 适合防御,表现超预期,-,房地产产业链,-,行业成熟稳定,传统行业,耐用品,-
603960.SH,603960,克来机电,中盘股,可选消费,汽车零部件与轮胎,汽车系统部件,上海,24.31,主板,火山口 派出小部队勇吃鱼身,连续多天小涨 龟壳战术吃鱼头,-,-,2017/3/14,谈士力,民营企业,β高股息低波动 适合防御,行情酝酿中,-,智能汽车产业链,-,政策支持,传统行业,消耗品,-
603966.SH,603966,法兰泰克,中盘股,工业,专用机械,工程机械,江苏,13.99,主板,火山口 派出小部队勇吃鱼身,-,-,-,2017/1/25,金红萍,民营企业,β高股息低波动 适合防御,行情酝酿中,-,-,制造业(工业母机),行业成熟稳定,高新技术产业,耐用品,-
603967.SH,603967,中创物流,迷你盘,工业,运输业,物流综合,山东,13.05,主板,火山口 派出小部队勇吃鱼身,连续多天小涨 龟壳战术吃鱼头,-,-,2019/4/29,李松青,民营企业,-,行情酝酿中,-,电子商务产业链,-,政策支持,传统行业,-,-
603968.SH,603968,醋化股份,迷你盘,主要消费,食品,其他食品,江苏,11.62,主板,-,-,-,-,2015/5/18,庆九,民营企业,-,行情酝酿中,-,-,化工,行业成熟稳定,传统行业,耐用品,-
603969.SH,603969,银龙股份,中盘股,原材料,钢铁,其他钢铁,天津,9.7,主板,-,-,-,-,2015/2/27,谢志峰,民营企业,β高股息低波动 适合防御,行情酝酿中,-,房地产产业链,-,行业成熟稳定,传统行业,耐用品,-
603970.SH,603970,中农立华,迷你盘,工业,商业服务与用品,贸易商,北京,12.57,主板,火山口 派出小部队勇吃鱼身,-,-,-,2017/11/16,中华全国供销合作总社,中央企业,-,行情酝酿中,-,-,粮食,行业成熟稳定,传统行业,消耗品,-
603976.SH,603976,正川股份,迷你盘,医药卫生,医疗器械,医疗耗材,重庆,19.82,主板,-,-,-,-,2017/8/22,邓勇,民营企业,-,行情酝酿中,大健康,-,-,行业成熟稳定,传统行业,消耗品,-
603977.SH,603977,国泰集团,大盘股,原材料,化学制品,民爆制品,江西,14.84,主板,-,-,-,-,2016/11/11,江西省国有资产监督管理委员会,地方国有企业,β高股息低波动 适合防御,行情酝酿中,-,-,化工,行业成熟稳定,传统行业,耐用品,-
603978.SH,603978,深圳新星,中盘股,原材料,工业金属,铝,深圳,25.2,主板,-,-,-,-,2017/8/7,陈学敏,民营企业,β高股息低波动 适合防御,表现超预期,新能源,-,-,行业成熟稳定,传统行业,消耗品,-
603979.SH,603979,金诚信,大盘股,工业,建筑与工程,专业工程,北京,62.88,主板,-,-,-,-,2015/6/30,王先成,民营企业,β高股息低波动 适合防御,表现超预期,新能源,特高压电力产业链,-,行业成熟稳定,传统行业,消耗品,-
603980.SH,603980,吉华集团,中盘股,原材料,化学制品,印染化学品,浙江,6.24,主板,-,-,-,-,2017/6/15,邵伯金,民营企业,β高股息低波动 适合防御,行情酝酿中,-,房地产产业链,-,行业成熟稳定,传统行业,耐用品,-
603982.SH,603982,泉峰汽车,迷你盘,可选消费,汽车零部件与轮胎,汽车系统部件,江苏,7.82,主板,火山口 派出小部队勇吃鱼身,-,-,-,2019/5/22,潘龙泉,外资,-,行情酝酿中,-,智能汽车产业链,-,政策支持,传统行业,消耗品,-
603983.SH,603983,丸美生物,迷你盘,主要消费,美容护理,美容护理,广东,24.59,主板,-,-,-,-,2019/7/25,孙怀庆,外资,-,行情酝酿中,-,-,化工,行业成熟稳定,传统行业,消耗品,-
603985.SH,603985,恒润股份,大盘股,工业,发电设备,风电设备,江苏,24.6,主板,-,-,-,高人气,2017/5/5,济宁市人民政府国有资产监督管理委员会,地方国有企业,β高股息低波动 适合防御,表现超预期,新科技,特高压电力产业链,-,政策支持,高新技术产业,耐用品,-
603986.SH,603986,兆易创新,大盘股,信息技术,集成电路,集成电路设计,北京,288.96,主板,-,-,-,-,2016/8/18,朱一明,民营企业,β高股息低波动 适合防御,表现超预期,新科技,-,-,政策支持,高新技术产业,-,-
603987.SH,603987,康德莱,迷你盘,医药卫生,医疗器械,医疗耗材,上海,8.85,主板,火山口 派出小部队勇吃鱼身,-,-,-,2016/11/21,张宪淼,民营企业,-,行情酝酿中,大健康,-,-,行业成熟稳定,传统行业,消耗品,-
603988.SH,603988,中电电机,中盘股,工业,发电设备,其他发电设备,江苏,26.55,主板,-,-,-,-,2014/11/4,郭文军,民营企业,β高股息低波动 适合防御,行情酝酿中,新科技,特高压电力产业链,-,政策支持,高新技术产业,耐用品,-
603989.SH,603989,艾华集团,小盘股,信息技术,电子元件,被动元件,湖南,19.5,主板,-,-,-,-,2015/5/15,艾立华,民营企业,-,表现超预期,新科技,-,-,政策支持,高新技术产业,-,-
603990.SH,603990,麦迪科技,中盘股,信息技术,软件开发,行业应用软件,江苏,14.99,主板,火山口 派出小部队勇吃鱼身,-,-,-,2016/12/8,绵阳市安州区国有资产监督管理办公室,地方国有企业,β高股息低波动 适合防御,行情酝酿中,国产替代,-,-,政策支持,传统行业,-,-
603991.SH,603991,至正股份,中盘股,信息技术,半导体材料与设备,半导体材料,深圳,115.72,主板,-,-,-,-,2017/3/8,王强,民营企业,β高股息低波动 适合防御,表现超预期,新科技,-,-,政策支持,高新技术产业,-,-
603992.SH,603992,松霖科技,中盘股,可选消费,家居,其他家居,福建,34.14,主板,-,-,-,-,2019/8/26,周华松,民营企业,β高股息低波动 适合防御,行情酝酿中,大消费,-,-,行业成熟稳定,传统行业,耐用品,-
603993.SH,603993,洛阳钼业,大盘股,原材料,工业金属,铜,河南,20.23,主板,火山口 派出小部队勇吃鱼身,连续多天小涨 龟壳战术吃鱼头,-,-,2012/10/9,于泳,民营企业,β高股息低波动 适合防御,行情酝酿中,新能源,-,-,行业成熟稳定,传统行业,消耗品,-
603995.SH,603995,甬金股份,小盘股,原材料,钢铁,特钢,浙江,18.49,主板,火山口 派出小部队勇吃鱼身,连续多天小涨 龟壳战术吃鱼头,-,-,2019/12/24,虞纪群,外资,-,表现超预期,-,军工高铁产业链,-,行业成熟稳定,传统行业,消耗品,-
603997.SH,603997,继峰股份,小盘股,可选消费,汽车零部件与轮胎,汽车内饰与外饰,浙江,13.17,主板,火山口 派出小部队勇吃鱼身,连续多天小涨 龟壳战术吃鱼头,-,-,2015/3/2,王义平,民营企业,-,行情酝酿中,-,智能汽车产业链,-,政策支持,传统行业,消耗品,-
603998.SH,603998,方盛制药,中盘股,医药卫生,中药,中成药,湖南,10.35,主板,-,-,-,-,2014/12/5,张庆华,民营企业,β高股息低波动 适合防御,行情酝酿中,大健康,-,-,行业成熟稳定,传统行业,消耗品,-
603999.SH,603999,读者传媒,迷你盘,通信服务,文化娱乐,出版,甘肃,6.87,主板,-,-,-,-,2015/12/10,甘肃省人民政府,地方国有企业,-,行情酝酿中,-,-,文化体育,行业成熟稳定,传统行业,-,-
605001.SH,605001,威奥股份,迷你盘,工业,交通运输设备,城轨铁路,山东,7.38,主板,-,-,-,-,2020/5/22,孙汉本,民营企业,-,行情酝酿中,-,-,制造业(工业母机),行业成熟稳定,传统行业,耐用品,-
605003.SH,605003,众望布艺,迷你盘,可选消费,纺织服装,家用纺织,浙江,29.17,主板,火山口 派出小部队勇吃鱼身,连续多天小涨 龟壳战术吃鱼头,-,-,2020/9/8,杨林山,民营企业,-,行情酝酿中,-,-,化工,行业成熟稳定,传统行业,消耗品,-
605005.SH,605005,合兴股份,小盘股,可选消费,汽车零部件与轮胎,汽车电子,浙江,20.84,主板,-,-,-,-,2021/1/19,陈文葆,民营企业,-,表现超预期,-,智能汽车产业链,-,政策支持,传统行业,消耗品,-
605006.SH,605006,山东玻纤,大盘股,原材料,其他非金属材料,玻璃纤维,山东,10.32,主板,-,-,-,-,2020/9/3,山东省人民政府国有资产监督管理委员会,地方国有企业,β高股息低波动 适合防御,表现超预期,-,-,化工,行业成熟稳定,传统行业,耐用品,-
605007.SH,605007,五洲特纸,小盘股,原材料,容器与包装,纸材料包装,浙江,14.55,主板,火山口 派出小部队勇吃鱼身,-,-,-,2020/11/10,赵磊,民营企业,-,行情酝酿中,-,-,化工,行业成熟稳定,传统行业,消耗品,-
605008.SH,605008,长鸿高科,迷你盘,原材料,橡胶,橡胶制品,浙江,12.08,主板,火山口 派出小部队勇吃鱼身,-,-,-,2020/8/21,陶春风,民营企业,-,行情酝酿中,-,-,化工,行业成熟稳定,传统行业,耐用品,-
605009.SH,605009,豪悦护理,迷你盘,主要消费,家庭用品,家庭用品,浙江,28.52,主板,火山口 派出小部队勇吃鱼身,连续多天小涨 龟壳战术吃鱼头,-,-,2020/9/11,李志彪,民营企业,-,行情酝酿中,-,-,化工,行业成熟稳定,传统行业,消耗品,-
605011.SH,605011,杭州热电,迷你盘,公用事业,供热及其他,供热及其他,浙江,19.38,主板,火山口 派出小部队勇吃鱼身,连续多天小涨 龟壳战术吃鱼头,-,-,2021/6/30,杭州市人民政府,地方国有企业,-,行情酝酿中,-,-,民生,行业成熟稳定,传统行业,消耗品,-
605016.SH,605016,百龙创园,小盘股,主要消费,食品,其他食品,山东,26.29,主板,-,-,-,-,2021/4/21,窦宝德,民营企业,-,表现超预期,大消费,-,-,行业成熟稳定,传统行业,消耗品,-
605018.SH,605018,长华集团,小盘股,可选消费,汽车零部件与轮胎,其他汽车零部件,浙江,12.44,主板,火山口 派出小部队勇吃鱼身,-,-,-,2020/9/29,王长土,民营企业,-,行情酝酿中,-,智能汽车产业链,-,政策支持,传统行业,消耗品,-
605020.SH,605020,永和股份,中盘股,原材料,化学制品,氟化工,浙江,25.58,主板,火山口 派出小部队勇吃鱼身,-,-,-,2021/7/9,童建国,民营企业,β高股息低波动 适合防御,行情酝酿中,-,-,化工,行业成熟稳定,传统行业,耐用品,-
605028.SH,605028,世茂能源,迷你盘,公用事业,供热及其他,供热及其他,浙江,27.84,主板,-,-,-,-,2021/7/12,李立峰,民营企业,-,行情酝酿中,-,-,民生,行业成熟稳定,传统行业,消耗品,-
605033.SH,605033,美邦股份,迷你盘,原材料,农用化工,农药,陕西,22.68,主板,-,-,-,-,2021/9/16,张少武,民营企业,-,行情酝酿中,-,-,粮食,行业成熟稳定,传统行业,消耗品,-
605050.SH,605050,福然德,中盘股,工业,运输业,物流综合,上海,13.39,主板,火山口 派出小部队勇吃鱼身,连续多天小涨 龟壳战术吃鱼头,-,-,2020/9/24,崔建华,民营企业,β高股息低波动 适合防御,行情酝酿中,-,电子商务产业链,-,政策支持,传统行业,-,-
605055.SH,605055,迎丰股份,中盘股,可选消费,纺织服装,纺织品,浙江,11.05,主板,-,-,-,-,2021/1/29,傅双利,民营企业,β高股息低波动 适合防御,表现超预期,-,-,化工,行业成熟稳定,传统行业,消耗品,-
605056.SH,605056,咸亨国际,中盘股,工业,电网设备,电网自动化,浙江,28.57,主板,火山口 派出小部队勇吃鱼身,连续多天小涨 龟壳战术吃鱼头,-,-,2021/7/20,王来兴,民营企业,β高股息低波动 适合防御,表现超预期,-,智能汽车产业链,制造业(工业母机),行业成熟稳定,传统行业,耐用品,-
605058.SH,605058,澳弘电子,中盘股,信息技术,电子元件,印制电路板,江苏,37.74,主板,-,-,-,-,2020/10/21,杨九红,民营企业,β高股息低波动 适合防御,表现超预期,新科技,-,-,政策支持,高新技术产业,-,-
605060.SH,605060,联德股份,大盘股,工业,通用机械,气液机械,浙江,60.22,主板,-,-,有涨停 火山口战法吃鱼身,高人气,2021/3/1,孙袁,民营企业,β高股息低波动 适合防御,表现超预期,-,-,制造业(工业母机),行业成熟稳定,传统行业,耐用品,-
605066.SH,605066,天正电气,小盘股,工业,电网设备,配电设备,浙江,8.24,主板,火山口 派出小部队勇吃鱼身,连续多天小涨 龟壳战术吃鱼头,-,-,2020/8/7,高天乐,民营企业,-,行情酝酿中,新科技,特高压电力产业链,-,政策支持,高新技术产业,耐用品,-
605068.SH,605068,明新旭腾,小盘股,可选消费,汽车零部件与轮胎,汽车内饰与外饰,浙江,27.81,主板,火山口 派出小部队勇吃鱼身,-,-,-,2020/11/23,庄君新,民营企业,-,行情酝酿中,-,智能汽车产业链,-,政策支持,传统行业,消耗品,-
605069.SH,605069,正和生态,小盘股,工业,节能与生态修复,生态修复,北京,13.05,主板,-,-,-,-,2021/8/16,张熠君,民营企业,-,表现超预期,-,-,民生,行业成熟稳定,传统行业,-,-
605077.SH,605077,华康股份,迷你盘,主要消费,食品,其他食品,浙江,14.72,主板,-,-,-,-,2021/2/9,陈德水,民营企业,-,行情酝酿中,大消费,-,-,行业成熟稳定,传统行业,消耗品,-
605080.SH,605080,浙江自然,小盘股,可选消费,休闲设备与用品,休闲设备与用品,浙江,24.7,主板,火山口 派出小部队勇吃鱼身,连续多天小涨 龟壳战术吃鱼头,-,-,2021/5/6,夏永辉,民营企业,-,行情酝酿中,-,-,文化体育,行业成熟稳定,传统行业,-,-
605081.SH,605081,*ST太和,迷你盘,工业,节能与生态修复,生态修复,上海,7.57,主板,-,-,-,-,2021/2/9,董津,民营企业,-,表现超预期,-,-,民生,行业成熟稳定,传统行业,-,-
605086.SH,605086,龙高股份,迷你盘,原材料,其他非金属材料,其他非金属材料,福建,34.52,主板,火山口 派出小部队勇吃鱼身,连续多天小涨 龟壳战术吃鱼头,-,-,2021/4/16,龙岩市人民政府国有资产监督管理委员会,地方国有企业,-,行情酝酿中,新能源,-,能源,行业成熟稳定,传统行业,消耗品,-
605088.SH,605088,冠盛股份,中盘股,可选消费,汽车零部件与轮胎,汽车系统部件,浙江,36.93,主板,-,-,-,-,2020/8/17,周家儒,民营企业,β高股息低波动 适合防御,表现超预期,-,智能汽车产业链,-,政策支持,传统行业,消耗品,-
605089.SH,605089,味知香,迷你盘,主要消费,食品,其他食品,江苏,25.36,主板,火山口 派出小部队勇吃鱼身,连续多天小涨 龟壳战术吃鱼头,-,-,2021/4/27,夏靖,民营企业,-,行情酝酿中,大消费,-,-,行业成熟稳定,传统行业,消耗品,-
605090.SH,605090,九丰能源,大盘股,公用事业,燃气,燃气,江西,42.36,主板,火山口 派出小部队勇吃鱼身,-,-,-,2021/5/25,张建国,民营企业,β高股息低波动 适合防御,表现超预期,-,-,民生,行业成熟稳定,传统行业,消耗品,-
605098.SH,605098,行动教育,中盘股,可选消费,教育服务,培训教育及其他,上海,63.83,主板,-,-,有涨停 火山口战法吃鱼身,高人气,2021/4/21,李践,外资,β高股息低波动 适合防御,表现超预期,-,-,文化体育,行业成熟稳定,传统行业,-,-
605099.SH,605099,共创草坪,中盘股,工业,商业服务与用品,其他商业服务与用品,江苏,40.21,主板,-,-,-,-,2020/9/30,王强翔,民营企业,β高股息低波动 适合防御,行情酝酿中,-,-,文化体育,行业成熟稳定,传统行业,-,-
605100.SH,605100,华丰股份,中盘股,工业,通用机械,动力机械,山东,48.06,主板,-,-,-,-,2020/8/11,徐华东,民营企业,β高股息低波动 适合防御,表现超预期,-,-,制造业(工业母机),行业成熟稳定,传统行业,耐用品,-
605108.SH,605108,同庆楼,迷你盘,可选消费,休闲服务,餐饮服务,安徽,16.65,主板,火山口 派出小部队勇吃鱼身,-,-,-,2020/7/16,沈基水,民营企业,-,行情酝酿中,-,实体经济,-,行业成熟稳定,传统行业,-,-
605111.SH,605111,新洁能,大盘股,信息技术,分立器件,分立器件,江苏,37.71,主板,-,-,-,-,2020/9/28,朱袁正,民营企业,β高股息低波动 适合防御,行情酝酿中,新科技,-,-,政策支持,高新技术产业,-,-
605116.SH,605116,奥锐特,中盘股,医药卫生,化学药,原料药,浙江,27.56,主板,-,-,-,-,2020/9/21,彭志恩,民营企业,β高股息低波动 适合防御,表现超预期,大健康,-,-,政策支持,高新技术产业,消耗品,-
605117.SH,605117,德业股份,大盘股,工业,发电设备,光伏设备,浙江,143.99,主板,-,-,-,-,2021/4/20,张和君,民营企业,β高股息低波动 适合防御,表现超预期,新科技,特高压电力产业链,-,政策支持,高新技术产业,耐用品,-
605118.SH,605118,力鼎光电,中盘股,信息技术,光学光电子,光学元件,福建,42.66,主板,-,-,-,-,2020/7/30,吴富宝,民营企业,β高股息低波动 适合防御,行情酝酿中,新科技,-,-,政策支持,高新技术产业,-,-
605122.SH,605122,四方新材,迷你盘,原材料,建筑材料,水泥与混凝土,重庆,12.85,主板,火山口 派出小部队勇吃鱼身,连续多天小涨 龟壳战术吃鱼头,-,-,2021/3/10,李德志,民营企业,-,行情酝酿中,-,房地产产业链,-,行业成熟稳定,传统行业,耐用品,-
605123.SH,605123,派克新材,中盘股,工业,通用机械,其他通用机械,江苏,101.26,主板,火山口 派出小部队勇吃鱼身,连续多天小涨 龟壳战术吃鱼头,-,-,2020/8/25,是玉丰,民营企业,β高股息低波动 适合防御,行情酝酿中,-,军工高铁产业链,-,政策支持,高新技术产业,-,-
605128.SH,605128,上海沿浦,小盘股,可选消费,汽车零部件与轮胎,汽车内饰与外饰,上海,35.47,主板,火山口 派出小部队勇吃鱼身,连续多天小涨 龟壳战术吃鱼头,-,-,2020/9/15,周建清,民营企业,-,行情酝酿中,-,智能汽车产业链,-,政策支持,传统行业,消耗品,-
605133.SH,605133,嵘泰股份,大盘股,可选消费,汽车零部件与轮胎,其他汽车零部件,江苏,32.32,主板,-,-,-,-,2021/2/24,夏诚亮,民营企业,β高股息低波动 适合防御,表现超预期,-,智能汽车产业链,-,政策支持,传统行业,消耗品,-
605136.SH,605136,丽人丽妆,小盘股,可选消费,互联网零售,互联网零售,上海,10.44,主板,火山口 派出小部队勇吃鱼身,连续多天小涨 龟壳战术吃鱼头,-,-,2020/9/29,黄韬,民营企业,-,行情酝酿中,-,实体经济,-,行业成熟稳定,传统行业,-,-
605138.SH,605138,盛泰集团,迷你盘,可选消费,纺织服装,服装,浙江,6.77,主板,火山口 派出小部队勇吃鱼身,-,-,-,2021/10/27,徐磊,外资,-,行情酝酿中,大消费,-,-,行业成熟稳定,传统行业,耐用品,-
605151.SH,605151,西上海,迷你盘,可选消费,汽车零部件与轮胎,汽车内饰与外饰,上海,19.88,主板,火山口 派出小部队勇吃鱼身,连续多天小涨 龟壳战术吃鱼头,-,-,2020/12/15,曹抗美,民营企业,-,行情酝酿中,-,智能汽车产业链,-,政策支持,传统行业,消耗品,-
605155.SH,605155,西大门,迷你盘,工业,建筑产品,建筑产品,浙江,15.45,主板,-,-,-,-,2020/12/31,柳庆华,民营企业,-,行情酝酿中,大消费,-,-,行业成熟稳定,传统行业,耐用品,-
605158.SH,605158,华达新材,迷你盘,原材料,钢铁,其他钢铁,浙江,7.38,主板,-,-,-,-,2020/8/5,邵明祥,民营企业,-,行情酝酿中,-,-,能源,行业成熟稳定,传统行业,消耗品,-
605162.SH,605162,新中港,中盘股,公用事业,供热及其他,供热及其他,浙江,12.74,主板,-,-,-,-,2021/7/7,谢百军,民营企业,β高股息低波动 适合防御,行情酝酿中,-,-,民生,行业成熟稳定,传统行业,消耗品,-
605166.SH,605166,聚合顺,中盘股,原材料,化学纤维,锦纶与涤纶,浙江,11.33,主板,-,-,-,高人气,2020/6/18,傅昌宝,民营企业,β高股息低波动 适合防御,表现超预期,-,-,化工,行业成熟稳定,传统行业,耐用品,-
605167.SH,605167,利柏特,中盘股,工业,建筑与工程,专业工程,江苏,18.4,主板,-,-,有涨停 火山口战法吃鱼身,-,2021/7/26,沈斌强,民营企业,β高股息低波动 适合防御,表现超预期,-,房地产产业链,-,行业成熟稳定,传统行业,耐用品,-
605168.SH,605168,三人行,中盘股,通信服务,营销与广告,数字营销,陕西,37.99,主板,-,-,-,-,2020/5/28,钱俊冬,民营企业,β高股息低波动 适合防御,行情酝酿中,国产替代,电子商务产业链,-,政策支持,传统行业,-,-
605169.SH,605169,洪通燃气,迷你盘,公用事业,燃气,燃气,新疆,12.16,主板,火山口 派出小部队勇吃鱼身,连续多天小涨 龟壳战术吃鱼头,-,-,2020/10/30,刘洪兵,民营企业,-,行情酝酿中,-,-,民生,行业成熟稳定,传统行业,消耗品,-
605177.SH,605177,东亚药业,迷你盘,医药卫生,化学药,原料药,浙江,20.2,主板,火山口 派出小部队勇吃鱼身,-,-,-,2020/11/25,池正明,民营企业,-,行情酝酿中,大健康,-,-,政策支持,高新技术产业,消耗品,-
605178.SH,605178,时空科技,中盘股,工业,建筑与工程,专业工程,北京,86.85,主板,-,-,-,-,2020/8/21,宫殿海,民营企业,β高股息低波动 适合防御,表现超预期,-,房地产产业链,-,行业成熟稳定,传统行业,耐用品,-
605179.SH,605179,一鸣食品,小盘股,主要消费,食品,乳制品,浙江,18.05,主板,火山口 派出小部队勇吃鱼身,连续多天小涨 龟壳战术吃鱼头,-,-,2020/12/28,朱明春,民营企业,-,行情酝酿中,大消费,-,-,行业成熟稳定,传统行业,消耗品,-
605180.SH,605180,华生科技,迷你盘,可选消费,纺织服装,纺织品,浙江,14.78,主板,火山口 派出小部队勇吃鱼身,连续多天小涨 龟壳战术吃鱼头,-,-,2021/4/30,蒋生华,民营企业,-,行情酝酿中,-,-,化工,行业成熟稳定,传统行业,消耗品,-
605183.SH,605183,确成股份,迷你盘,原材料,橡胶,橡胶助剂,江苏,19.33,主板,火山口 派出小部队勇吃鱼身,-,-,-,2020/12/7,阙伟东,外资,-,行情酝酿中,-,-,化工,行业成熟稳定,传统行业,耐用品,-
605186.SH,605186,健麾信息,迷你盘,工业,专用机械,其他专用机械,上海,19.83,主板,火山口 派出小部队勇吃鱼身,连续多天小涨 龟壳战术吃鱼头,-,-,2020/12/22,戴建伟,民营企业,-,行情酝酿中,-,-,制造业(工业母机),行业成熟稳定,高新技术产业,耐用品,-
605188.SH,605188,国光连锁,小盘股,可选消费,一般零售,超市与便利店,江西,17.48,主板,火山口 派出小部队勇吃鱼身,连续多天小涨 龟壳战术吃鱼头,-,-,2020/7/28,胡金根,民营企业,-,行情酝酿中,-,实体经济,-,行业成熟稳定,传统行业,-,-
605189.SH,605189,富春染织,中盘股,可选消费,纺织服装,纺织品,安徽,17.88,主板,-,-,-,-,2021/5/28,何培富,民营企业,β高股息低波动 适合防御,表现超预期,-,-,化工,行业成熟稳定,传统行业,消耗品,-
605196.SH,605196,华通线缆,大盘股,工业,电网设备,线缆及其他,河北,51.4,主板,-,-,-,-,2021/5/11,张文东,民营企业,β高股息低波动 适合防御,表现超预期,新科技,特高压电力产业链,-,政策支持,高新技术产业,耐用品,-
605198.SH,605198,安德利,中盘股,主要消费,软饮料,软饮料,山东,47.9,主板,-,-,-,-,2020/9/18,王安,民营企业,β高股息低波动 适合防御,表现超预期,大消费,-,-,行业成熟稳定,传统行业,消耗品,-
605199.SH,605199,ST葫芦娃,迷你盘,医药卫生,中药,中成药,海南,6.85,主板,-,-,-,-,2020/7/10,刘景萍,民营企业,-,行情酝酿中,大健康,-,-,行业成熟稳定,传统行业,消耗品,-
605208.SH,605208,永茂泰,中盘股,原材料,工业金属,铝,上海,15.11,主板,火山口 派出小部队勇吃鱼身,-,-,-,2021/3/8,徐宏,民营企业,β高股息低波动 适合防御,表现超预期,-,军工高铁产业链,-,行业成熟稳定,传统行业,消耗品,-
605218.SH,605218,伟时电子,迷你盘,信息技术,光学光电子,面板,江苏,18.66,主板,火山口 派出小部队勇吃鱼身,-,-,-,2020/9/28,渡边庸一,外资,-,行情酝酿中,新科技,-,-,政策支持,高新技术产业,-,-
605222.SH,605222,起帆电缆,大盘股,工业,电网设备,线缆及其他,上海,28.4,主板,-,-,有涨停 火山口战法吃鱼身,高人气,2020/7/31,周供华,民营企业,β高股息低波动 适合防御,表现超预期,新科技,特高压电力产业链,-,政策支持,高新技术产业,耐用品,-
605228.SH,605228,神通科技,中盘股,可选消费,汽车零部件与轮胎,汽车内饰与外饰,浙江,14.91,主板,-,连续多天小涨 龟壳战术吃鱼头,-,-,2021/1/20,方立锋,民营企业,β高股息低波动 适合防御,表现超预期,-,智能汽车产业链,-,政策支持,传统行业,消耗品,-
605255.SH,605255,天普股份,大盘股,可选消费,汽车零部件与轮胎,汽车系统部件,浙江,119.88,主板,-,-,-,-,2020/8/25,杨龚轶凡,民营企业,β高股息低波动 适合防御,表现超预期,-,智能汽车产业链,-,政策支持,传统行业,消耗品,-
605258.SH,605258,协和电子,中盘股,信息技术,电子元件,印制电路板,江苏,37.58,主板,火山口 派出小部队勇吃鱼身,-,-,-,2020/12/3,张南国,民营企业,β高股息低波动 适合防御,行情酝酿中,新科技,-,-,政策支持,高新技术产业,-,-
605259.SH,605259,绿田机械,迷你盘,工业,通用机械,其他通用机械,浙江,21.12,主板,-,-,-,-,2021/6/15,罗昌国,民营企业,-,行情酝酿中,-,-,制造业(工业母机),行业成熟稳定,传统行业,耐用品,-
605266.SH,605266,健之佳,迷你盘,医药卫生,医疗商业与服务,医药商业,云南,18.78,主板,-,-,-,-,2020/12/1,蓝波,民营企业,-,行情酝酿中,-,实体经济,-,政策支持,传统行业,消耗品,-
605268.SH,605268,王力安防,小盘股,工业,建筑产品,建筑产品,浙江,12.56,主板,火山口 派出小部队勇吃鱼身,连续多天小涨 龟壳战术吃鱼头,-,-,2021/2/24,王跃斌,民营企业,-,行情酝酿中,大消费,-,-,行业成熟稳定,传统行业,耐用品,-
605277.SH,605277,新亚电子,中盘股,通信服务,通信设备,通信系统设备及组件,浙江,24.38,主板,火山口 派出小部队勇吃鱼身,连续多天小涨 龟壳战术吃鱼头,-,-,2021/1/6,赵战兵,民营企业,β高股息低波动 适合防御,行情酝酿中,新科技,-,-,政策支持,高新技术产业,-,-
605286.SH,605286,同力天启,中盘股,工业,专用机械,楼宇设备,江苏,47.27,主板,-,-,-,-,2021/3/22,李国平,民营企业,β高股息低波动 适合防御,表现超预期,-,-,制造业(工业母机),行业成熟稳定,传统行业,耐用品,-
605287.SH,605287,德才股份,大盘股,工业,建筑装修,建筑装修,山东,45.17,主板,-,-,-,高人气,2021/7/6,叶德才,民营企业,β高股息低波动 适合防御,表现超预期,-,房地产产业链,-,行业成熟稳定,传统行业,耐用品,有量化参与
605288.SH,605288,凯迪股份,小盘股,工业,通用机械,电动机与工控自动化,江苏,85.6,主板,火山口 派出小部队勇吃鱼身,连续多天小涨 龟壳战术吃鱼头,-,-,2020/6/1,周殊程,民营企业,-,行情酝酿中,新科技,特高压电力产业链,-,政策支持,高新技术产业,耐用品,-
605289.SH,605289,罗曼股份,大盘股,工业,建筑与工程,专业工程,上海,129.91,主板,-,-,有涨停 火山口战法吃鱼身,高人气,2021/4/26,孙建鸣,民营企业,β高股息低波动 适合防御,表现超预期,-,房地产产业链,-,行业成熟稳定,传统行业,耐用品,有量化参与
605296.SH,605296,神农集团,小盘股,主要消费,养殖,畜牧产品,云南,30.06,主板,-,-,-,-,2021/5/28,何祖训,民营企业,-,行情酝酿中,-,-,粮食,行业成熟稳定,传统行业,消耗品,-
605298.SH,605298,必得科技,中盘股,工业,交通运输设备,城轨铁路,江苏,54.75,主板,-,-,有涨停 火山口战法吃鱼身,-,2021/3/1,王坚群,民营企业,β高股息低波动 适合防御,表现超预期,-,-,制造业(工业母机),行业成熟稳定,传统行业,耐用品,-
605299.SH,605299,舒华体育,大盘股,可选消费,休闲设备与用品,休闲设备与用品,福建,18.66,主板,-,-,-,-,2020/12/15,张维建,民营企业,β高股息低波动 适合防御,表现超预期,-,-,文化体育,行业成熟稳定,传统行业,-,-
605300.SH,605300,佳禾食品,迷你盘,主要消费,食品,其他食品,江苏,10.92,主板,火山口 派出小部队勇吃鱼身,连续多天小涨 龟壳战术吃鱼头,-,-,2021/4/30,柳新荣,民营企业,-,行情酝酿中,大消费,-,-,行业成熟稳定,传统行业,消耗品,-
605303.SH,605303,园林股份,中盘股,工业,建筑与工程,园林工程,浙江,24.44,主板,-,-,-,高人气,2021/3/1,吴光洪,民营企业,β高股息低波动 适合防御,表现超预期,-,房地产产业链,-,行业成熟稳定,传统行业,耐用品,-
605305.SH,605305,中际联合,大盘股,工业,专用机械,其他专用机械,北京,44.22,主板,-,-,-,-,2021/5/6,刘志欣,民营企业,β高股息低波动 适合防御,表现超预期,-,-,制造业(工业母机),行业成熟稳定,高新技术产业,耐用品,-
605318.SH,605318,法狮龙,中盘股,工业,建筑产品,建筑产品,浙江,95.02,主板,火山口 派出小部队勇吃鱼身,-,-,-,2020/8/3,沈正华,民营企业,β高股息低波动 适合防御,表现超预期,-,房地产产业链,-,行业成熟稳定,传统行业,耐用品,有量化参与
605319.SH,605319,无锡振华,大盘股,可选消费,汽车零部件与轮胎,其他汽车零部件,江苏,27.9,主板,-,-,-,-,2021/6/7,钱犇,民营企业,β高股息低波动 适合防御,行情酝酿中,-,智能汽车产业链,-,政策支持,传统行业,消耗品,-
605333.SH,605333,沪光股份,迷你盘,可选消费,汽车零部件与轮胎,汽车电子,江苏,26.31,主板,火山口 派出小部队勇吃鱼身,连续多天小涨 龟壳战术吃鱼头,-,-,2020/8/18,成三荣,民营企业,-,行情酝酿中,-,智能汽车产业链,-,政策支持,传统行业,消耗品,-
605336.SH,605336,帅丰电器,小盘股,可选消费,家用电器,厨卫电器,浙江,15.12,主板,-,-,-,高人气,2020/10/19,商若云,民营企业,-,表现超预期,大消费,-,-,行业成熟稳定,传统行业,耐用品,-
605337.SH,605337,李子园,迷你盘,主要消费,软饮料,软饮料,浙江,11.01,主板,火山口 派出小部队勇吃鱼身,连续多天小涨 龟壳战术吃鱼头,-,-,2021/2/8,李国平,民营企业,-,行情酝酿中,大消费,-,-,行业成熟稳定,传统行业,消耗品,-
605338.SH,605338,巴比食品,小盘股,主要消费,食品,其他食品,上海,25.26,主板,-,-,-,-,2020/10/12,刘会平,民营企业,-,行情酝酿中,大消费,-,-,行业成熟稳定,传统行业,消耗品,-
605339.SH,605339,南侨食品,迷你盘,主要消费,食品,其他食品,上海,16.09,主板,火山口 派出小部队勇吃鱼身,连续多天小涨 龟壳战术吃鱼头,-,-,2021/5/18,陈正文,外资,-,行情酝酿中,大消费,-,-,行业成熟稳定,传统行业,消耗品,-
605358.SH,605358,立昂微,大盘股,信息技术,半导体材料与设备,半导体材料,浙江,36.6,主板,火山口 派出小部队勇吃鱼身,-,-,-,2020/9/11,王敏文,民营企业,β高股息低波动 适合防御,行情酝酿中,新科技,-,-,政策支持,高新技术产业,-,-
605365.SH,605365,立达信,大盘股,可选消费,家用电器,照明电器,福建,25.53,主板,-,-,-,高人气,2021/7/20,李江淮,民营企业,β高股息低波动 适合防御,表现超预期,大消费,-,-,行业成熟稳定,传统行业,耐用品,-
605366.SH,605366,宏柏新材,大盘股,原材料,化学制品,有机硅,江西,13.45,主板,-,-,有涨停 火山口战法吃鱼身,高人气,2020/8/12,纪金树,外资,β高股息低波动 适合防御,表现超预期,-,-,化工,行业成熟稳定,传统行业,耐用品,-
605368.SH,605368,蓝天燃气,迷你盘,公用事业,燃气,燃气,河南,8.23,主板,火山口 派出小部队勇吃鱼身,连续多天小涨 龟壳战术吃鱼头,-,-,2021/1/29,李新华,民营企业,-,行情酝酿中,-,-,民生,行业成熟稳定,传统行业,消耗品,-
605369.SH,605369,拱东医疗,迷你盘,医药卫生,医疗器械,医疗耗材,浙江,17.71,主板,火山口 派出小部队勇吃鱼身,连续多天小涨 龟壳战术吃鱼头,-,-,2020/9/16,施慧勇,民营企业,-,行情酝酿中,大健康,-,-,行业成熟稳定,传统行业,消耗品,-
605376.SH,605376,博迁新材,大盘股,原材料,工业金属,钴镍,江苏,114.36,主板,-,-,-,-,2020/12/8,王利平,民营企业,β高股息低波动 适合防御,表现超预期,新能源,-,-,行业成熟稳定,传统行业,消耗品,-
605377.SH,605377,华旺科技,迷你盘,原材料,纸类与林业产品,纸制品,浙江,9.58,主板,-,-,-,-,2020/12/28,钭江浩,民营企业,-,行情酝酿中,-,-,化工,行业成熟稳定,传统行业,消耗品,-
605378.SH,605378,野马电池,迷你盘,工业,储能设备,电池,浙江,20.62,主板,火山口 派出小部队勇吃鱼身,-,-,-,2021/4/12,陈一军,民营企业,-,行情酝酿中,新科技,特高压电力产业链,-,政策支持,高新技术产业,耐用品,-
605388.SH,605388,均瑶健康,大盘股,主要消费,软饮料,软饮料,湖北,8.87,主板,-,-,有涨停 火山口战法吃鱼身,高人气,2020/8/18,王均金,民营企业,β高股息低波动 适合防御,表现超预期,大消费,-,-,行业成熟稳定,传统行业,消耗品,-
605389.SH,605389,长龄液压,小盘股,工业,专用机械,工程机械,江苏,73.48,主板,火山口 派出小部队勇吃鱼身,连续多天小涨 龟壳战术吃鱼头,-,-,2021/3/22,胡康桥,民营企业,-,行情酝酿中,-,-,制造业(工业母机),行业成熟稳定,传统行业,耐用品,-
605398.SH,605398,新炬网络,迷你盘,通信服务,数据中心,数据中心,上海,27.45,主板,火山口 派出小部队勇吃鱼身,-,-,-,2021/1/21,孙星炎,民营企业,-,行情酝酿中,国产替代,-,-,政策支持,传统行业,-,-
605399.SH,605399,晨光新材,迷你盘,原材料,化学制品,有机硅,江西,14.84,主板,火山口 派出小部队勇吃鱼身,-,-,-,2020/8/4,丁建峰,民营企业,-,行情酝酿中,-,-,化工,行业成熟稳定,传统行业,耐用品,-
605488.SH,605488,福莱新材,中盘股,原材料,塑料,膜材料,浙江,34.2,主板,火山口 派出小部队勇吃鱼身,-,-,-,2021/5/13,夏厚君,民营企业,β高股息低波动 适合防御,行情酝酿中,-,-,化工,行业成熟稳定,传统行业,消耗品,-
605499.SH,605499,东鹏饮料,大盘股,主要消费,软饮料,软饮料,深圳,199.8,主板,-,连续多天小涨 龟壳战术吃鱼头,-,-,2021/5/27,林木勤,民营企业,β高股息低波动 适合防御,行情酝酿中,大消费,-,-,行业成熟稳定,传统行业,消耗品,-
605500.SH,605500,森林包装,迷你盘,原材料,容器与包装,纸材料包装,浙江,9.05,主板,火山口 派出小部队勇吃鱼身,连续多天小涨 龟壳战术吃鱼头,-,-,2020/12/22,林启军,民营企业,-,行情酝酿中,-,-,化工,行业成熟稳定,传统行业,消耗品,-
605507.SH,605507,国邦医药,中盘股,医药卫生,化学药,原料药,浙江,24.03,主板,-,-,-,-,2021/8/2,邱家军,民营企业,β高股息低波动 适合防御,行情酝酿中,大健康,-,-,政策支持,高新技术产业,消耗品,-
605555.SH,605555,德昌股份,小盘股,可选消费,家用电器,小家电,浙江,16.37,主板,火山口 派出小部队勇吃鱼身,连续多天小涨 龟壳战术吃鱼头,-,-,2021/10/21,黄裕昌,民营企业,-,行情酝酿中,大消费,-,-,行业成熟稳定,传统行业,耐用品,-
605566.SH,605566,福莱蒽特,小盘股,原材料,化学制品,印染化学品,浙江,31.74,主板,火山口 派出小部队勇吃鱼身,连续多天小涨 龟壳战术吃鱼头,-,-,2021/10/25,李百春,民营企业,-,行情酝酿中,-,房地产产业链,-,行业成熟稳定,传统行业,耐用品,-
605567.SH,605567,春雪食品,迷你盘,主要消费,食品,肉制品,山东,10.91,主板,火山口 派出小部队勇吃鱼身,连续多天小涨 龟壳战术吃鱼头,-,-,2021/10/13,郑维新,民营企业,-,行情酝酿中,大消费,-,-,行业成熟稳定,传统行业,消耗品,-
605577.SH,605577,龙版传媒,迷你盘,通信服务,文化娱乐,出版,黑龙江,12.61,主板,-,-,-,-,2021/8/24,黑龙江出版集团有限公司,地方国有企业,-,行情酝酿中,-,-,文化体育,行业成熟稳定,传统行业,-,-
605580.SH,605580,恒盛能源,中盘股,公用事业,供热及其他,供热及其他,浙江,22.65,主板,-,-,-,-,2021/8/19,余国旭,民营企业,β高股息低波动 适合防御,行情酝酿中,-,-,民生,行业成熟稳定,传统行业,消耗品,-
605588.SH,605588,冠石科技,小盘股,信息技术,光学光电子,面板,江苏,56.72,主板,火山口 派出小部队勇吃鱼身,-,-,-,2021/8/12,张建巍,民营企业,-,行情酝酿中,新科技,-,-,政策支持,高新技术产业,-,-
605589.SH,605589,圣泉集团,大盘股,原材料,塑料,合成树脂,山东,38.62,主板,-,-,-,-,2021/8/10,唐一林,民营企业,β高股息低波动 适合防御,表现超预期,-,-,化工,行业成熟稳定,传统行业,耐用品,-
605598.SH,605598,上海港湾,大盘股,工业,建筑与工程,专业工程,上海,54.09,主板,-,-,-,-,2021/9/17,徐士龙,民营企业,β高股息低波动 适合防御,表现超预期,-,房地产产业链,-,行业成熟稳定,传统行业,耐用品,-
605599.SH,605599,菜百股份,小盘股,可选消费,珠宝与奢侈品,珠宝与奢侈品,北京,22.76,主板,火山口 派出小部队勇吃鱼身,连续多天小涨 龟壳战术吃鱼头,-,-,2021/9/9,北京市西城区人民政府国有资产监督管理委员会,地方国有企业,-,行情酝酿中,大消费,-,-,行业成熟稳定,传统行业,耐用品,-
688001.SH,688001,华兴源创,大盘股,工业,专用机械,其他专用机械,江苏,44.5,科创板,-,-,-,-,2019/7/22,陈文源,自然人,-,表现超预期,-,-,制造业(工业母机),行业成熟稳定,高新技术产业,耐用品,-
688002.SH,688002,睿创微纳,大盘股,信息技术,集成电路,集成电路设计,山东,129.7,科创板,-,-,-,-,2019/7/22,马宏,自然人,-,表现超预期,新基建,-,-,政策支持,高新技术产业,-,-
688003.SH,688003,天准科技,中盘股,工业,通用机械,仪器仪表,江苏,73.87,科创板,火山口 派出小部队勇吃鱼身,-,-,-,2019/7/22,徐一华,自然人,-,行情酝酿中,-,-,制造业(工业母机),行业成熟稳定,高新技术产业,耐用品,-
688004.SH,688004,博汇科技,小盘股,信息技术,信息技术服务,系统集成服务,北京,22.15,科创板,火山口 派出小部队勇吃鱼身,-,-,-,2020/6/12,孙传明,自然人,"阿尔法高波动,等待周期更长,20厘米涨停爆发性强",行情酝酿中,国产替代,-,-,政策支持,传统行业,-,-
688005.SH,688005,容百科技,大盘股,工业,储能设备,电池部件及材料,浙江,32.95,科创板,-,-,-,-,2019/7/22,白厚善,自然人,-,表现超预期,新科技,特高压电力产业链,-,政策支持,高新技术产业,耐用品,-
688006.SH,688006,杭可科技,大盘股,工业,专用机械,其他专用机械,浙江,31.87,科创板,-,-,有涨停 火山口战法吃鱼身,-,2019/7/22,曹骥,自然人,-,表现超预期,新科技,特高压电力产业链,-,政策支持,高新技术产业,耐用品,-
688007.SH,688007,光峰科技,小盘股,可选消费,家用电器,小家电,深圳,14.95,科创板,-,-,-,-,2019/7/22,李屹,自然人,"阿尔法高波动,等待周期更长,20厘米涨停爆发性强",行情酝酿中,新科技,-,-,政策支持,高新技术产业,-,-
688008.SH,688008,澜起科技,大盘股,信息技术,集成电路,集成电路设计,上海,150.78,科创板,-,-,-,-,2019/7/22,无实际控制人,其他,-,表现超预期,新科技,-,-,政策支持,高新技术产业,-,-
688009.SH,688009,中国通号,中盘股,工业,交通运输设备,城轨铁路,北京,5.38,科创板,火山口 派出小部队勇吃鱼身,连续多天小涨 龟壳战术吃鱼头,-,-,2019/7/22,国务院国有资产监督管理委员会,企业,-,行情酝酿中,-,-,制造业(工业母机),行业成熟稳定,传统行业,耐用品,-
688010.SH,688010,福光股份,中盘股,信息技术,光学光电子,光学元件,福建,34.81,科创板,火山口 派出小部队勇吃鱼身,连续多天小涨 龟壳战术吃鱼头,-,-,2019/7/22,何文波,自然人,-,行情酝酿中,新科技,-,-,政策支持,高新技术产业,-,-
688011.SH,688011,新光光电,中盘股,工业,航空航天,航天,黑龙江,68.35,科创板,火山口 派出小部队勇吃鱼身,连续多天小涨 龟壳战术吃鱼头,-,-,2019/7/22,康为民,自然人,-,行情酝酿中,新科技,-,-,政策支持,高新技术产业,-,-
688012.SH,688012,中微公司,大盘股,信息技术,半导体材料与设备,半导体设备,上海,314,科创板,-,-,-,-,2019/7/22,无实际控制人,其他,-,行情酝酿中,新科技,-,-,政策支持,高新技术产业,-,有量化参与
688013.SH,688013,天臣医疗,迷你盘,医药卫生,医疗器械,医疗耗材,江苏,38.04,科创板,火山口 派出小部队勇吃鱼身,连续多天小涨 龟壳战术吃鱼头,-,-,2020/9/28,陈望宇,自然人,"阿尔法高波动,等待周期更长,20厘米涨停爆发性强",表现超预期,大健康,-,-,行业成熟稳定,传统行业,消耗品,-
688015.SH,688015,交控科技,迷你盘,工业,交通运输设备,城轨铁路,北京,22.91,科创板,火山口 派出小部队勇吃鱼身,连续多天小涨 龟壳战术吃鱼头,-,-,2019/7/22,无实际控制人,其他,"阿尔法高波动,等待周期更长,20厘米涨停爆发性强",行情酝酿中,-,-,制造业(工业母机),行业成熟稳定,传统行业,耐用品,-
688016.SH,688016,心脉医疗,中盘股,医药卫生,医疗器械,医疗耗材,上海,98.69,科创板,-,-,-,-,2019/7/22,无实际控制人,其他,-,行情酝酿中,大健康,-,-,行业成熟稳定,传统行业,消耗品,有量化参与
688017.SH,688017,绿的谐波,大盘股,工业,通用机械,电动机与工控自动化,江苏,213,科创板,火山口 派出小部队勇吃鱼身,连续多天小涨 龟壳战术吃鱼头,-,-,2020/8/28,左晶,自然人,-,行情酝酿中,-,-,制造业(工业母机),行业成熟稳定,传统行业,耐用品,-
688018.SH,688018,乐鑫科技,大盘股,信息技术,集成电路,集成电路设计,上海,152.7,科创板,-,-,-,-,2019/7/22,Teo Swee Ann,自然人,-,行情酝酿中,新科技,-,-,政策支持,高新技术产业,-,-
688019.SH,688019,安集科技,大盘股,信息技术,半导体材料与设备,半导体材料,上海,245,科创板,-,-,-,-,2019/7/22,无实际控制人,其他,-,行情酝酿中,新科技,-,-,政策支持,高新技术产业,-,有量化参与
688020.SH,688020,方邦股份,中盘股,信息技术,电子元件,印制电路板,广东,95.19,科创板,-,-,-,-,2019/7/22,胡云连,自然人,-,表现超预期,新科技,-,-,政策支持,高新技术产业,-,-
688021.SH,688021,奥福科技,迷你盘,工业,污染治理,烟气治理,山东,24.31,科创板,火山口 派出小部队勇吃鱼身,连续多天小涨 龟壳战术吃鱼头,-,-,2019/11/6,无实际控制人,其他,"阿尔法高波动,等待周期更长,20厘米涨停爆发性强",行情酝酿中,-,智能汽车产业链,-,政策支持,传统行业,消耗品,-
688022.SH,688022,瀚川智能,小盘股,工业,专用机械,其他专用机械,江苏,16.92,科创板,火山口 派出小部队勇吃鱼身,连续多天小涨 龟壳战术吃鱼头,-,-,2019/7/22,蔡昌蔚,自然人,"阿尔法高波动,等待周期更长,20厘米涨停爆发性强",表现超预期,-,-,制造业(工业母机),行业成熟稳定,高新技术产业,耐用品,-
688023.SH,688023,安恒信息,小盘股,信息技术,软件开发,通用软件,浙江,50.87,科创板,火山口 派出小部队勇吃鱼身,-,-,-,2019/11/5,范渊,自然人,"阿尔法高波动,等待周期更长,20厘米涨停爆发性强",行情酝酿中,国产替代,-,-,政策支持,传统行业,-,-
688025.SH,688025,杰普特,大盘股,工业,通用机械,电动机与工控自动化,深圳,284.25,科创板,-,-,-,-,2019/10/31,黄治家,自然人,-,表现超预期,-,-,制造业(工业母机),行业成熟稳定,高新技术产业,耐用品,-
688026.SH,688026,洁特生物,迷你盘,医药卫生,制药与生物科技服务,制药与生物科技服务,广东,16.06,科创板,-,-,-,-,2020/1/22,袁建华,自然人,"阿尔法高波动,等待周期更长,20厘米涨停爆发性强",行情酝酿中,大健康,-,-,行业成熟稳定,传统行业,消耗品,-
688027.SH,688027,国盾量子,大盘股,通信服务,通信设备,通信系统设备及组件,安徽,601.46,科创板,-,-,-,-,2020/7/9,国务院国有资产监督管理委员会,企业,-,表现超预期,新基建,-,-,政策支持,高新技术产业,-,有量化参与
688028.SH,688028,沃尔德,大盘股,工业,通用机械,加工机械,北京,105.4,科创板,-,-,-,-,2019/7/22,陈继锋,自然人,-,表现超预期,-,-,制造业(工业母机),行业成熟稳定,传统行业,耐用品,-
688029.SH,688029,南微医学,小盘股,医药卫生,医疗器械,医疗耗材,江苏,73.54,科创板,-,-,-,-,2019/7/22,无实际控制人,其他,"阿尔法高波动,等待周期更长,20厘米涨停爆发性强",表现超预期,大健康,-,-,行业成熟稳定,传统行业,消耗品,有量化参与
688030.SH,688030,山石网科,迷你盘,信息技术,信息技术服务,系统集成服务,江苏,15.56,科创板,-,-,-,-,2019/9/30,无实际控制人,其他,"阿尔法高波动,等待周期更长,20厘米涨停爆发性强",行情酝酿中,国产替代,-,-,政策支持,传统行业,-,-
688031.SH,688031,星环科技-U,大盘股,NA,NA,NA,上海,139.65,科创板,-,-,-,-,2022/10/18,孙元浩,自然人,-,表现超预期,国产替代,-,-,政策支持,传统行业,-,-
688032.SH,688032,禾迈股份,中盘股,工业,发电设备,光伏设备,浙江,113.99,科创板,-,-,-,-,2021/12/20,邵建雄,自然人,-,行情酝酿中,新科技,特高压电力产业链,-,政策支持,高新技术产业,耐用品,-
688033.SH,688033,天宜新材,小盘股,工业,发电设备,光伏设备,北京,8.35,科创板,火山口 派出小部队勇吃鱼身,-,-,-,2019/7/22,吴佩芳,自然人,"阿尔法高波动,等待周期更长,20厘米涨停爆发性强",行情酝酿中,新科技,特高压电力产业链,-,政策支持,高新技术产业,耐用品,-
688035.SH,688035,德邦科技,大盘股,信息技术,电子化学品,电子化学品,山东,64.2,科创板,-,-,-,-,2022/9/19,解海华,自然人,-,表现超预期,新科技,-,-,政策支持,高新技术产业,-,-
688036.SH,688036,传音控股,大盘股,信息技术,电子终端及组件,消费电子终端,深圳,52.53,科创板,-,-,-,-,2019/9/30,竺兆江,自然人,-,行情酝酿中,新基建,-,-,政策支持,高新技术产业,-,-
688037.SH,688037,芯源微,大盘股,信息技术,半导体材料与设备,半导体设备,辽宁,182,科创板,-,-,-,-,2019/12/16,北京电子控股有限责任公司,企业,-,表现超预期,新科技,-,-,政策支持,高新技术产业,-,有量化参与
688038.SH,688038,中科通达,小盘股,信息技术,信息技术服务,系统集成服务,湖北,23.72,科创板,火山口 派出小部队勇吃鱼身,-,-,-,2021/7/13,王开学,自然人,"阿尔法高波动,等待周期更长,20厘米涨停爆发性强",表现超预期,国产替代,-,-,政策支持,传统行业,-,-
688039.SH,688039,当虹科技,小盘股,信息技术,软件开发,通用软件,浙江,43.58,科创板,-,-,-,-,2019/12/11,孙彦龙,自然人,"阿尔法高波动,等待周期更长,20厘米涨停爆发性强",行情酝酿中,国产替代,-,-,政策支持,传统行业,-,-
688041.SH,688041,海光信息,大盘股,信息技术,集成电路,集成电路设计,天津,260,科创板,火山口 派出小部队勇吃鱼身,连续多天小涨 龟壳战术吃鱼头,-,-,2022/8/12,无实际控制人,其他,-,表现超预期,新科技,-,-,政策支持,高新技术产业,-,-
688045.SH,688045,必易微,小盘股,信息技术,集成电路,集成电路设计,深圳,51.83,科创板,火山口 派出小部队勇吃鱼身,-,-,-,2022/5/26,谢朋村,自然人,"阿尔法高波动,等待周期更长,20厘米涨停爆发性强",表现超预期,新科技,-,-,政策支持,高新技术产业,-,-
688046.SH,688046,药康生物,中盘股,医药卫生,制药与生物科技服务,制药与生物科技服务,江苏,18.86,科创板,-,-,-,-,2022/4/25,高翔,自然人,-,表现超预期,大健康,-,-,政策支持,高新技术产业,消耗品,-
688047.SH,688047,龙芯中科,大盘股,信息技术,集成电路,集成电路设计,北京,144.77,科创板,火山口 派出小部队勇吃鱼身,连续多天小涨 龟壳战术吃鱼头,-,-,2022/6/24,晋红,自然人,-,行情酝酿中,新科技,-,-,政策支持,高新技术产业,-,-
688048.SH,688048,长光华芯,大盘股,信息技术,光学光电子,光学元件,江苏,328.01,科创板,-,-,有涨停 火山口战法吃鱼身,-,2022/4/1,无实际控制人,其他,-,表现超预期,新科技,-,-,政策支持,高新技术产业,-,-
688049.SH,688049,炬芯科技,中盘股,信息技术,集成电路,集成电路设计,广东,47.12,科创板,火山口 派出小部队勇吃鱼身,-,-,-,2021/11/29,叶奕廷,自然人,-,行情酝酿中,新科技,-,-,政策支持,高新技术产业,-,-
688050.SH,688050,爱博医疗,小盘股,医药卫生,医疗器械,医疗耗材,北京,50.25,科创板,-,-,-,-,2020/7/29,解江冰,自然人,"阿尔法高波动,等待周期更长,20厘米涨停爆发性强",行情酝酿中,大健康,-,-,行业成熟稳定,传统行业,消耗品,-
688051.SH,688051,佳华科技,迷你盘,信息技术,信息技术服务,系统集成服务,北京,31.95,科创板,火山口 派出小部队勇吃鱼身,连续多天小涨 龟壳战术吃鱼头,-,-,2020/3/20,李玮,自然人,"阿尔法高波动,等待周期更长,20厘米涨停爆发性强",行情酝酿中,国产替代,-,-,政策支持,传统行业,-,-
688052.SH,688052,纳芯微,大盘股,信息技术,集成电路,集成电路设计,江苏,169.7,科创板,-,-,-,-,2022/4/22,盛云,自然人,-,表现超预期,新科技,-,-,政策支持,高新技术产业,-,-
688053.SH,688053,ST思科瑞,迷你盘,工业,国防装备,国防装备,四川,39.02,科创板,火山口 派出小部队勇吃鱼身,连续多天小涨 龟壳战术吃鱼头,-,-,2022/7/8,张亚,自然人,"阿尔法高波动,等待周期更长,20厘米涨停爆发性强",行情酝酿中,新科技,-,-,政策支持,高新技术产业,-,-
688055.SH,688055,龙腾光电,小盘股,信息技术,光学光电子,面板,江苏,4.28,科创板,火山口 派出小部队勇吃鱼身,-,-,-,2020/8/17,昆山市政府国有资产监督管理办公室,企业,"阿尔法高波动,等待周期更长,20厘米涨停爆发性强",行情酝酿中,新科技,-,-,政策支持,高新技术产业,-,-
688056.SH,688056,莱伯泰科,迷你盘,工业,通用机械,仪器仪表,北京,35.81,科创板,火山口 派出小部队勇吃鱼身,连续多天小涨 龟壳战术吃鱼头,-,-,2020/9/2,胡克,自然人,"阿尔法高波动,等待周期更长,20厘米涨停爆发性强",行情酝酿中,-,智能汽车产业链,制造业(工业母机),行业成熟稳定,传统行业,耐用品,-
688057.SH,688057,金达莱,迷你盘,工业,污染治理,污水处理,江西,12.39,科创板,火山口 派出小部队勇吃鱼身,连续多天小涨 龟壳战术吃鱼头,-,-,2020/11/11,廖志民,自然人,"阿尔法高波动,等待周期更长,20厘米涨停爆发性强",行情酝酿中,-,-,民生,行业成熟稳定,传统行业,-,-
688058.SH,688058,宝兰德,迷你盘,信息技术,软件开发,通用软件,北京,28.98,科创板,火山口 派出小部队勇吃鱼身,-,-,-,2019/11/1,易存道,自然人,"阿尔法高波动,等待周期更长,20厘米涨停爆发性强",行情酝酿中,国产替代,-,-,政策支持,传统行业,-,-
688059.SH,688059,华锐精密,大盘股,工业,通用机械,加工机械,湖南,128.61,科创板,-,-,-,-,2021/2/8,肖旭凯,自然人,-,行情酝酿中,-,-,制造业(工业母机),行业成熟稳定,传统行业,耐用品,-
688060.SH,688060,云涌科技,迷你盘,信息技术,信息技术服务,系统集成服务,江苏,46.82,科创板,-,连续多天小涨 龟壳战术吃鱼头,-,-,2020/7/10,高南,自然人,"阿尔法高波动,等待周期更长,20厘米涨停爆发性强",行情酝酿中,新基建,-,-,政策支持,高新技术产业,-,-
688061.SH,688061,灿瑞科技,迷你盘,信息技术,集成电路,集成电路设计,上海,33.7,科创板,火山口 派出小部队勇吃鱼身,-,-,-,2022/10/18,罗立权,自然人,"阿尔法高波动,等待周期更长,20厘米涨停爆发性强",行情酝酿中,新科技,-,-,政策支持,高新技术产业,-,-
688062.SH,688062,迈威生物-U,大盘股,NA,NA,NA,上海,38.77,科创板,火山口 派出小部队勇吃鱼身,-,-,-,2022/1/18,唐春山,自然人,-,行情酝酿中,大健康,-,-,政策支持,高新技术产业,消耗品,-
688063.SH,688063,派能科技,大盘股,工业,储能设备,其他储能设备,上海,77.52,科创板,-,-,-,-,2020/12/30,无实际控制人,其他,-,表现超预期,新科技,特高压电力产业链,-,政策支持,高新技术产业,耐用品,-
688065.SH,688065,凯赛生物,中盘股,原材料,化学原料,其他化学原料,上海,48.01,科创板,-,-,-,-,2020/8/12,XIAOWEN MA,自然人,-,行情酝酿中,-,-,化工,行业成熟稳定,传统行业,耐用品,-
688066.SH,688066,航天宏图,中盘股,信息技术,软件开发,通用软件,北京,19.45,科创板,-,-,-,-,2019/7/22,张燕,自然人,-,表现超预期,国产替代,-,-,政策支持,传统行业,-,-
688067.SH,688067,爱威科技,迷你盘,医药卫生,医疗器械,体外诊断,湖南,26.93,科创板,火山口 派出小部队勇吃鱼身,连续多天小涨 龟壳战术吃鱼头,-,-,2021/6/16,丁建文,自然人,"阿尔法高波动,等待周期更长,20厘米涨停爆发性强",行情酝酿中,大健康,-,-,行业成熟稳定,传统行业,消耗品,-
688068.SH,688068,热景生物,中盘股,医药卫生,医疗器械,体外诊断,北京,122.88,科创板,-,-,-,-,2019/9/30,林长青,自然人,-,表现超预期,大健康,-,-,行业成熟稳定,传统行业,消耗品,有量化参与
688069.SH,688069,德林海,小盘股,工业,节能与生态修复,生态修复,江苏,35.1,科创板,-,连续多天小涨 龟壳战术吃鱼头,-,-,2020/7/22,胡明明,自然人,"阿尔法高波动,等待周期更长,20厘米涨停爆发性强",表现超预期,-,-,民生,行业成熟稳定,传统行业,-,-
688070.SH,688070,纵横股份,小盘股,工业,航空航天,航空,四川,49.59,科创板,火山口 派出小部队勇吃鱼身,-,-,-,2021/2/10,任斌,自然人,"阿尔法高波动,等待周期更长,20厘米涨停爆发性强",行情酝酿中,-,军工高铁产业链,-,政策支持,高新技术产业,-,-
688071.SH,688071,华依科技,小盘股,工业,专用机械,其他专用机械,上海,32.82,科创板,-,-,-,-,2021/7/29,励寅,自然人,"阿尔法高波动,等待周期更长,20厘米涨停爆发性强",行情酝酿中,-,-,制造业(工业母机),行业成熟稳定,高新技术产业,耐用品,-
688072.SH,688072,拓荆科技,大盘股,信息技术,半导体材料与设备,半导体设备,辽宁,390.34,科创板,-,-,-,-,2022/4/20,无实际控制人,其他,-,行情酝酿中,新科技,-,-,政策支持,高新技术产业,-,有量化参与
688073.SH,688073,毕得医药,小盘股,医药卫生,制药与生物科技服务,制药与生物科技服务,上海,60.29,科创板,-,-,-,-,2022/10/11,戴岚,自然人,"阿尔法高波动,等待周期更长,20厘米涨停爆发性强",表现超预期,大健康,-,-,政策支持,高新技术产业,消耗品,有量化参与
688075.SH,688075,安旭生物,迷你盘,医药卫生,医疗器械,体外诊断,浙江,38.51,科创板,火山口 派出小部队勇吃鱼身,连续多天小涨 龟壳战术吃鱼头,-,-,2021/11/18,凌世生,自然人,"阿尔法高波动,等待周期更长,20厘米涨停爆发性强",行情酝酿中,大健康,-,-,行业成熟稳定,传统行业,消耗品,-
688076.SH,688076,ST诺泰,小盘股,医药卫生,化学药,原料药,江苏,30.6,科创板,火山口 派出小部队勇吃鱼身,连续多天小涨 龟壳战术吃鱼头,-,-,2021/5/20,赵德中,自然人,"阿尔法高波动,等待周期更长,20厘米涨停爆发性强",行情酝酿中,大健康,-,-,政策支持,高新技术产业,消耗品,-
688077.SH,688077,大地熊,迷你盘,原材料,稀有金属,稀土金属,安徽,30.09,科创板,火山口 派出小部队勇吃鱼身,连续多天小涨 龟壳战术吃鱼头,-,-,2020/7/22,熊永飞,自然人,"阿尔法高波动,等待周期更长,20厘米涨停爆发性强",行情酝酿中,新能源,-,能源,行业成熟稳定,传统行业,消耗品,-
688078.SH,688078,龙软科技,迷你盘,信息技术,软件开发,行业应用软件,北京,24.27,科创板,-,-,-,-,2019/12/30,毛善君,自然人,"阿尔法高波动,等待周期更长,20厘米涨停爆发性强",表现超预期,国产替代,-,-,政策支持,传统行业,-,-
688079.SH,688079,美迪凯,中盘股,信息技术,光学光电子,光学元件,浙江,16.25,科创板,-,-,-,-,2021/3/2,葛文志,自然人,-,表现超预期,新科技,-,-,政策支持,高新技术产业,-,-
688080.SH,688080,映翰通,小盘股,通信服务,通信设备,通信终端设备及组件,北京,57.68,科创板,火山口 派出小部队勇吃鱼身,-,-,-,2020/2/12,李明,自然人,"阿尔法高波动,等待周期更长,20厘米涨停爆发性强",行情酝酿中,新基建,-,-,政策支持,高新技术产业,-,-
688081.SH,688081,兴图新科,中盘股,工业,国防装备,国防装备,湖北,51.32,科创板,-,-,有涨停 火山口战法吃鱼身,-,2020/1/6,程家明,自然人,-,表现超预期,国产替代,-,-,政策支持,传统行业,-,-
688082.SH,688082,盛美上海,大盘股,信息技术,半导体材料与设备,半导体设备,上海,157.4,科创板,-,-,-,-,2021/11/18,HUI WANG,自然人,-,行情酝酿中,新科技,-,-,政策支持,高新技术产业,-,-
688083.SH,688083,中望软件,中盘股,信息技术,软件开发,行业应用软件,广东,54,科创板,-,-,-,-,2021/3/11,杜玉林,自然人,-,表现超预期,国产替代,-,-,政策支持,传统行业,-,有量化参与
688084.SH,688084,晶品特装,中盘股,工业,国防装备,国防装备,北京,68.76,科创板,-,-,有涨停 火山口战法吃鱼身,-,2022/12/8,陈波,自然人,-,表现超预期,-,-,制造业(工业母机),行业成熟稳定,高新技术产业,耐用品,-
688085.SH,688085,三友医疗,中盘股,医药卫生,医疗器械,医疗耗材,上海,17.45,科创板,-,-,-,-,2020/4/9,徐农,自然人,-,行情酝酿中,大健康,-,-,行业成熟稳定,传统行业,消耗品,-
688087.SH,688087,英科再生,小盘股,工业,节能与生态修复,节能与资源回收,山东,38.17,科创板,-,-,-,-,2021/7/9,刘方毅,自然人,"阿尔法高波动,等待周期更长,20厘米涨停爆发性强",行情酝酿中,-,-,民生,行业成熟稳定,传统行业,-,-
688088.SH,688088,虹软科技,中盘股,信息技术,软件开发,通用软件,浙江,41.57,科创板,-,-,-,-,2019/7/22,Liuhong Yang,自然人,-,行情酝酿中,国产替代,-,-,政策支持,传统行业,-,-
688089.SH,688089,嘉必优,迷你盘,主要消费,食品,其他食品,湖北,18.92,科创板,火山口 派出小部队勇吃鱼身,连续多天小涨 龟壳战术吃鱼头,-,-,2019/12/19,易德伟,自然人,"阿尔法高波动,等待周期更长,20厘米涨停爆发性强",行情酝酿中,大消费,-,-,行业成熟稳定,传统行业,消耗品,-
688090.SH,688090,瑞松科技,中盘股,工业,通用机械,电动机与工控自动化,广东,68.86,科创板,-,-,-,-,2020/2/17,孙志强,自然人,-,表现超预期,-,-,制造业(工业母机),行业成熟稳定,高新技术产业,耐用品,-
688091.SH,688091,上海谊众,大盘股,医药卫生,化学药,药品制剂,上海,56.95,科创板,火山口 派出小部队勇吃鱼身,连续多天小涨 龟壳战术吃鱼头,-,-,2021/9/9,周劲松,自然人,-,行情酝酿中,大健康,-,-,政策支持,高新技术产业,消耗品,-
688092.SH,688092,爱科科技,迷你盘,工业,通用机械,加工机械,浙江,29.38,科创板,火山口 派出小部队勇吃鱼身,连续多天小涨 龟壳战术吃鱼头,-,-,2021/3/19,方云科,自然人,"阿尔法高波动,等待周期更长,20厘米涨停爆发性强",行情酝酿中,-,-,制造业(工业母机),行业成熟稳定,高新技术产业,耐用品,-
688093.SH,688093,世华科技,小盘股,信息技术,电子化学品,电子化学品,江苏,33.95,科创板,火山口 派出小部队勇吃鱼身,连续多天小涨 龟壳战术吃鱼头,-,-,2020/9/30,顾正青,自然人,"阿尔法高波动,等待周期更长,20厘米涨停爆发性强",行情酝酿中,-,-,化工,行业成熟稳定,传统行业,耐用品,-
688095.SH,688095,福昕软件,中盘股,信息技术,软件开发,通用软件,福建,76.3,科创板,-,-,-,-,2020/9/8,熊雨前,自然人,-,表现超预期,国产替代,-,-,政策支持,传统行业,-,-
688096.SH,688096,京源环保,迷你盘,工业,污染治理,污水处理,江苏,8.17,科创板,-,-,-,-,2020/4/9,李武林,自然人,"阿尔法高波动,等待周期更长,20厘米涨停爆发性强",行情酝酿中,-,-,民生,行业成熟稳定,传统行业,-,-
688097.SH,688097,博众精工,大盘股,工业,通用机械,电动机与工控自动化,江苏,65.6,科创板,-,-,-,-,2021/5/12,吕绍林,自然人,-,行情酝酿中,-,-,制造业(工业母机),行业成熟稳定,高新技术产业,耐用品,-
688098.SH,688098,申联生物,迷你盘,主要消费,养殖,动物保健与育种,上海,8.99,科创板,-,-,-,-,2019/10/28,杨玉芳,自然人,"阿尔法高波动,等待周期更长,20厘米涨停爆发性强",行情酝酿中,-,-,粮食,行业成熟稳定,传统行业,消耗品,-
688099.SH,688099,晶晨股份,大盘股,信息技术,集成电路,集成电路设计,上海,83.3,科创板,火山口 派出小部队勇吃鱼身,-,-,-,2019/8/8,John Zhong,自然人,-,行情酝酿中,新科技,-,-,政策支持,高新技术产业,-,-
688100.SH,688100,威胜信息,小盘股,通信服务,通信设备,通信终端设备及组件,湖南,38.69,科创板,火山口 派出小部队勇吃鱼身,连续多天小涨 龟壳战术吃鱼头,-,-,2020/1/21,吉为,自然人,"阿尔法高波动,等待周期更长,20厘米涨停爆发性强",行情酝酿中,新基建,-,-,政策支持,高新技术产业,-,-
688101.SH,688101,三达膜,迷你盘,工业,污染治理,污水处理,陕西,16.81,科创板,火山口 派出小部队勇吃鱼身,连续多天小涨 龟壳战术吃鱼头,-,-,2019/11/15,CHEN NI,自然人,"阿尔法高波动,等待周期更长,20厘米涨停爆发性强",行情酝酿中,-,-,民生,行业成熟稳定,传统行业,-,-
688102.SH,688102,斯瑞新材,大盘股,原材料,工业金属,铜,陕西,38.43,科创板,-,-,-,-,2022/3/16,王文斌,自然人,-,表现超预期,新能源,特高压电力产业链,-,行业成熟稳定,传统行业,消耗品,-
688103.SH,688103,国力电子,小盘股,信息技术,其他电子,其他电子,江苏,59.32,科创板,火山口 派出小部队勇吃鱼身,-,-,-,2021/9/10,尹剑平,自然人,"阿尔法高波动,等待周期更长,20厘米涨停爆发性强",行情酝酿中,新科技,-,-,政策支持,高新技术产业,-,-
688105.SH,688105,诺唯赞,迷你盘,医药卫生,医疗器械,体外诊断,江苏,18.86,科创板,-,-,-,-,2021/11/15,曹林,自然人,"阿尔法高波动,等待周期更长,20厘米涨停爆发性强",行情酝酿中,大健康,-,-,政策支持,高新技术产业,消耗品,-
688106.SH,688106,金宏气体,大盘股,原材料,化学原料,其他化学原料,江苏,27.33,科创板,-,连续多天小涨 龟壳战术吃鱼头,-,-,2020/6/16,金向华,自然人,-,表现超预期,-,-,化工,行业成熟稳定,传统行业,耐用品,-
688107.SH,688107,安路科技,中盘股,信息技术,集成电路,集成电路设计,上海,30.67,科创板,火山口 派出小部队勇吃鱼身,连续多天小涨 龟壳战术吃鱼头,-,-,2021/11/12,无实际控制人,其他,-,行情酝酿中,新科技,-,-,政策支持,高新技术产业,-,-
688108.SH,688108,赛诺医疗,中盘股,医药卫生,医疗器械,医疗耗材,天津,21.44,科创板,-,-,-,-,2019/10/30,孙箭华,自然人,-,行情酝酿中,大健康,-,-,行业成熟稳定,传统行业,消耗品,-
688109.SH,688109,品茗科技,中盘股,信息技术,软件开发,行业应用软件,浙江,121.79,科创板,-,-,-,-,2021/3/30,莫绪军,自然人,-,行情酝酿中,国产替代,-,-,政策支持,传统行业,-,有量化参与
688110.SH,688110,东芯股份,大盘股,信息技术,集成电路,集成电路设计,上海,121.24,科创板,火山口 派出小部队勇吃鱼身,连续多天小涨 龟壳战术吃鱼头,-,-,2021/12/10,蒋学明,自然人,-,行情酝酿中,新科技,-,-,政策支持,高新技术产业,-,-
688111.SH,688111,金山办公,大盘股,信息技术,软件开发,通用软件,北京,247.55,科创板,-,-,-,-,2019/11/18,雷军,自然人,-,表现超预期,国产替代,-,-,政策支持,传统行业,-,有量化参与
688112.SH,688112,鼎阳科技,中盘股,工业,通用机械,仪器仪表,深圳,54.16,科创板,-,-,-,-,2021/12/1,秦轲,自然人,-,表现超预期,-,智能汽车产业链,制造业(工业母机),行业成熟稳定,传统行业,耐用品,-
688113.SH,688113,联测科技,迷你盘,工业,专用机械,其他专用机械,江苏,38.56,科创板,-,-,-,-,2021/5/6,赵爱国,自然人,"阿尔法高波动,等待周期更长,20厘米涨停爆发性强",行情酝酿中,-,-,制造业(工业母机),行业成熟稳定,高新技术产业,耐用品,-
688114.SH,688114,华大智造,中盘股,医药卫生,制药与生物科技服务,制药与生物科技服务,深圳,49.56,科创板,-,-,-,-,2022/9/9,汪建,自然人,-,行情酝酿中,大健康,-,-,行业成熟稳定,传统行业,消耗品,有量化参与
688115.SH,688115,思林杰,小盘股,工业,通用机械,仪器仪表,广东,44.9,科创板,-,-,-,-,2022/3/14,周茂林,自然人,"阿尔法高波动,等待周期更长,20厘米涨停爆发性强",表现超预期,-,智能汽车产业链,制造业(工业母机),行业成熟稳定,传统行业,耐用品,-
688116.SH,688116,天奈科技,中盘股,工业,储能设备,电池部件及材料,江苏,41.01,科创板,火山口 派出小部队勇吃鱼身,-,-,-,2019/9/25,郑涛,自然人,-,行情酝酿中,-,-,化工,行业成熟稳定,传统行业,耐用品,-
688117.SH,688117,圣诺生物,小盘股,医药卫生,化学药,药品制剂,四川,36.86,科创板,-,-,-,-,2021/6/3,文永均,自然人,"阿尔法高波动,等待周期更长,20厘米涨停爆发性强",表现超预期,大健康,-,-,政策支持,高新技术产业,消耗品,-
688118.SH,688118,普元信息,小盘股,信息技术,软件开发,通用软件,上海,29.22,科创板,-,-,-,-,2019/12/4,刘亚东,自然人,"阿尔法高波动,等待周期更长,20厘米涨停爆发性强",行情酝酿中,国产替代,-,-,政策支持,传统行业,-,-
688119.SH,688119,中钢洛耐,小盘股,原材料,其他非金属材料,其他非金属材料,河南,5.22,科创板,火山口 派出小部队勇吃鱼身,-,-,-,2022/6/6,国务院国有资产监督管理委员会,企业,"阿尔法高波动,等待周期更长,20厘米涨停爆发性强",行情酝酿中,-,房地产产业链,-,行业成熟稳定,传统行业,耐用品,-
688120.SH,688120,华海清科,大盘股,信息技术,半导体材料与设备,半导体设备,天津,189.12,科创板,-,-,-,-,2022/6/8,四川省政府国有资产监督管理委员会,企业,-,行情酝酿中,新科技,-,-,政策支持,高新技术产业,-,-
688121.SH,688121,卓然股份,迷你盘,工业,专用机械,化工机械,上海,10.82,科创板,-,-,-,-,2021/9/6,张锦红,自然人,"阿尔法高波动,等待周期更长,20厘米涨停爆发性强",行情酝酿中,-,-,制造业(工业母机),行业成熟稳定,高新技术产业,耐用品,-
688122.SH,688122,西部超导,大盘股,原材料,其他有色金属及合金,钛,陕西,73.53,科创板,火山口 派出小部队勇吃鱼身,连续多天小涨 龟壳战术吃鱼头,-,-,2019/7/22,陕西省财政厅,企业,-,行情酝酿中,新能源,-,-,行业成熟稳定,传统行业,消耗品,-
688123.SH,688123,聚辰股份,大盘股,信息技术,集成电路,集成电路设计,上海,121.22,科创板,-,-,有涨停 火山口战法吃鱼身,-,2019/12/23,陈作涛,自然人,-,表现超预期,新科技,-,-,政策支持,高新技术产业,-,有量化参与
688125.SH,688125,安达智能,中盘股,工业,专用机械,其他专用机械,广东,256.2,科创板,-,-,-,-,2022/4/15,刘飞,自然人,-,表现超预期,-,-,制造业(工业母机),行业成熟稳定,高新技术产业,耐用品,有量化参与
688126.SH,688126,沪硅产业,大盘股,信息技术,半导体材料与设备,半导体材料,上海,18.13,科创板,火山口 派出小部队勇吃鱼身,连续多天小涨 龟壳战术吃鱼头,-,-,2020/4/20,无实际控制人,其他,-,行情酝酿中,新科技,-,-,政策支持,高新技术产业,-,-
688127.SH,688127,蓝特光学,大盘股,信息技术,光学光电子,光学元件,浙江,69.68,科创板,-,-,-,-,2020/9/21,徐云明,自然人,-,表现超预期,新科技,-,-,政策支持,高新技术产业,-,-
688128.SH,688128,中国电研,迷你盘,工业,专用机械,其他专用机械,广东,25.97,科创板,火山口 派出小部队勇吃鱼身,连续多天小涨 龟壳战术吃鱼头,-,-,2019/11/5,国务院国有资产监督管理委员会,企业,"阿尔法高波动,等待周期更长,20厘米涨停爆发性强",行情酝酿中,-,-,制造业(工业母机),行业成熟稳定,高新技术产业,耐用品,-
688129.SH,688129,东来技术,迷你盘,原材料,化学制品,涂料油墨,上海,24.3,科创板,-,连续多天小涨 龟壳战术吃鱼头,-,-,2020/10/23,朱忠敏,自然人,"阿尔法高波动,等待周期更长,20厘米涨停爆发性强",行情酝酿中,-,房地产产业链,-,行业成熟稳定,传统行业,耐用品,-
688130.SH,688130,晶华微,迷你盘,信息技术,集成电路,集成电路设计,浙江,21.35,科创板,火山口 派出小部队勇吃鱼身,-,-,-,2022/7/29,吕汉泉,自然人,"阿尔法高波动,等待周期更长,20厘米涨停爆发性强",行情酝酿中,新科技,-,-,政策支持,高新技术产业,-,-
688131.SH,688131,皓元医药,中盘股,医药卫生,制药与生物科技服务,制药与生物科技服务,上海,75.5,科创板,火山口 派出小部队勇吃鱼身,连续多天小涨 龟壳战术吃鱼头,-,-,2021/6/8,高强,自然人,-,行情酝酿中,大健康,-,-,政策支持,高新技术产业,消耗品,-
688132.SH,688132,邦彦技术,迷你盘,工业,国防装备,国防装备,深圳,17.13,科创板,火山口 派出小部队勇吃鱼身,连续多天小涨 龟壳战术吃鱼头,-,-,2022/9/23,祝国胜,自然人,"阿尔法高波动,等待周期更长,20厘米涨停爆发性强",行情酝酿中,新基建,-,-,政策支持,高新技术产业,-,-
688133.SH,688133,泰坦科技,小盘股,原材料,化学制品,其他化学制品,上海,21.76,科创板,火山口 派出小部队勇吃鱼身,连续多天小涨 龟壳战术吃鱼头,-,-,2020/10/30,张维燕,自然人,"阿尔法高波动,等待周期更长,20厘米涨停爆发性强",行情酝酿中,-,-,化工,行业成熟稳定,传统行业,耐用品,-
688135.SH,688135,利扬芯片,大盘股,信息技术,集成电路,集成电路封测,广东,37.33,科创板,-,-,有涨停 火山口战法吃鱼身,-,2020/11/11,黄江,自然人,-,表现超预期,新科技,-,-,政策支持,高新技术产业,-,-
688136.SH,688136,科兴制药,中盘股,医药卫生,生物药品,其他生物药品,山东,31.66,科创板,火山口 派出小部队勇吃鱼身,-,-,-,2020/12/14,邓学勤,自然人,-,行情酝酿中,大健康,-,-,政策支持,高新技术产业,消耗品,-
688137.SH,688137,近岸蛋白,小盘股,医药卫生,生物药品,其他生物药品,江苏,50.07,科创板,-,-,-,-,2022/9/29,朱化星,自然人,"阿尔法高波动,等待周期更长,20厘米涨停爆发性强",表现超预期,大健康,-,-,政策支持,高新技术产业,消耗品,-
688138.SH,688138,清溢光电,小盘股,信息技术,光学光电子,面板,深圳,28.56,科创板,火山口 派出小部队勇吃鱼身,-,-,-,2019/11/20,唐英年,自然人,"阿尔法高波动,等待周期更长,20厘米涨停爆发性强",行情酝酿中,新科技,-,-,政策支持,高新技术产业,-,-
688139.SH,688139,海尔生物,小盘股,医药卫生,医疗器械,医疗设备,山东,33.54,科创板,-,-,-,-,2019/10/25,海尔集团公司,企业,"阿尔法高波动,等待周期更长,20厘米涨停爆发性强",表现超预期,大健康,-,-,行业成熟稳定,传统行业,消耗品,-
688141.SH,688141,杰华特,大盘股,信息技术,集成电路,集成电路设计,浙江,66.7,科创板,-,-,-,-,2022/12/23,黄必亮,自然人,-,表现超预期,新科技,-,-,政策支持,高新技术产业,-,-
688143.SH,688143,长盈通,大盘股,工业,国防装备,国防装备,湖北,69.56,科创板,-,-,-,-,2022/12/12,皮亚斌,自然人,-,表现超预期,新基建,-,-,政策支持,高新技术产业,-,-
688146.SH,688146,中船特气,大盘股,信息技术,半导体材料与设备,半导体材料,河北,64.31,科创板,-,-,-,-,2023/4/21,中国船舶集团有限公司,企业,-,表现超预期,新科技,-,-,政策支持,高新技术产业,-,-
688147.SH,688147,微导纳米,大盘股,工业,发电设备,光伏设备,江苏,69.18,科创板,-,-,-,-,2022/12/23,王磊,自然人,-,表现超预期,-,-,制造业(工业母机),行业成熟稳定,高新技术产业,耐用品,-
688148.SH,688148,芳源股份,大盘股,工业,储能设备,电池部件及材料,广东,9.34,科创板,火山口 派出小部队勇吃鱼身,连续多天小涨 龟壳战术吃鱼头,-,-,2021/8/6,罗爱平,自然人,-,表现超预期,新科技,特高压电力产业链,-,政策支持,高新技术产业,耐用品,-
688150.SH,688150,莱特光电,大盘股,信息技术,光学光电子,面板,陕西,49.68,科创板,-,-,-,-,2022/3/18,王亚龙,自然人,-,表现超预期,新科技,-,-,政策支持,高新技术产业,-,-
688151.SH,688151,华强科技,迷你盘,医药卫生,医疗器械,医疗耗材,湖北,20.82,科创板,火山口 派出小部队勇吃鱼身,连续多天小涨 龟壳战术吃鱼头,-,-,2021/12/6,国务院国有资产监督管理委员会,企业,"阿尔法高波动,等待周期更长,20厘米涨停爆发性强",行情酝酿中,大健康,-,-,行业成熟稳定,传统行业,消耗品,-
688152.SH,688152,麒麟信安,迷你盘,信息技术,软件开发,通用软件,湖南,34.71,科创板,-,-,-,-,2022/10/28,杨涛,自然人,"阿尔法高波动,等待周期更长,20厘米涨停爆发性强",行情酝酿中,国产替代,-,-,政策支持,传统行业,-,-
688153.SH,688153,唯捷创芯,中盘股,信息技术,集成电路,集成电路设计,天津,34.81,科创板,火山口 派出小部队勇吃鱼身,连续多天小涨 龟壳战术吃鱼头,-,-,2022/4/12,无实际控制人,其他,-,行情酝酿中,新科技,-,-,政策支持,高新技术产业,-,-
688155.SH,688155,先惠技术,大盘股,工业,储能设备,电池部件及材料,上海,89.04,科创板,-,-,-,-,2020/8/11,王颖琳,自然人,-,表现超预期,新科技,特高压电力产业链,-,政策支持,高新技术产业,耐用品,-
688156.SH,688156,路德科技,小盘股,工业,节能与生态修复,节能与资源回收,湖北,25.6,科创板,-,-,-,-,2020/9/22,季光明,自然人,"阿尔法高波动,等待周期更长,20厘米涨停爆发性强",表现超预期,-,-,粮食,行业成熟稳定,传统行业,消耗品,-
688157.SH,688157,松井股份,小盘股,原材料,化学制品,涂料油墨,湖南,39.73,科创板,-,-,-,-,2020/6/9,凌云剑,自然人,"阿尔法高波动,等待周期更长,20厘米涨停爆发性强",行情酝酿中,-,房地产产业链,-,行业成熟稳定,传统行业,耐用品,-
688158.SH,688158,优刻得-W,大盘股,NA,NA,NA,上海,47.75,科创板,-,-,-,-,2020/1/20,季昕华,自然人,-,行情酝酿中,国产替代,-,-,政策支持,传统行业,-,-
688159.SH,688159,有方科技,中盘股,通信服务,通信设备,通信终端设备及组件,深圳,45.78,科创板,-,-,有涨停 火山口战法吃鱼身,高人气,2020/1/23,王慷,自然人,-,表现超预期,新基建,-,-,政策支持,高新技术产业,-,有量化参与
688160.SH,688160,步科股份,中盘股,工业,通用机械,电动机与工控自动化,上海,110.1,科创板,火山口 派出小部队勇吃鱼身,-,-,-,2020/11/12,唐咚,自然人,-,行情酝酿中,-,智能汽车产业链,制造业(工业母机),行业成熟稳定,传统行业,耐用品,-
688161.SH,688161,威高骨科,小盘股,医药卫生,医疗器械,医疗耗材,山东,30.43,科创板,-,-,-,-,2021/6/30,陈学利,自然人,"阿尔法高波动,等待周期更长,20厘米涨停爆发性强",行情酝酿中,大健康,-,-,行业成熟稳定,传统行业,消耗品,-
688162.SH,688162,巨一科技,中盘股,工业,专用机械,其他专用机械,安徽,36.26,科创板,-,-,-,-,2021/11/10,刘蕾,自然人,-,表现超预期,-,-,制造业(工业母机),行业成熟稳定,高新技术产业,耐用品,-
688163.SH,688163,赛伦生物,中盘股,医药卫生,生物药品,血液制品,上海,35.3,科创板,-,-,-,-,2022/3/11,赵爱仙,自然人,-,表现超预期,大健康,-,-,政策支持,高新技术产业,消耗品,-
688165.SH,688165,埃夫特-U,小盘股,NA,NA,NA,安徽,17.29,科创板,火山口 派出小部队勇吃鱼身,连续多天小涨 龟壳战术吃鱼头,-,-,2020/7/15,芜湖市人民政府国有资产监督管理委员会,企业,"阿尔法高波动,等待周期更长,20厘米涨停爆发性强",行情酝酿中,-,-,制造业(工业母机),行业成熟稳定,高新技术产业,耐用品,-
688166.SH,688166,博瑞医药,大盘股,医药卫生,化学药,原料药,江苏,57.35,科创板,-,-,有涨停 火山口战法吃鱼身,高人气,2019/11/8,袁建栋,自然人,-,表现超预期,大健康,-,-,政策支持,高新技术产业,消耗品,-
688167.SH,688167,炬光科技,大盘股,信息技术,光学光电子,光学元件,陕西,388.93,科创板,-,-,-,-,2021/12/24,刘兴胜,自然人,-,表现超预期,新科技,-,-,政策支持,高新技术产业,-,有量化参与
688168.SH,688168,安博通,小盘股,信息技术,软件开发,通用软件,北京,81.93,科创板,-,-,-,-,2019/9/6,钟竹,自然人,"阿尔法高波动,等待周期更长,20厘米涨停爆发性强",表现超预期,国产替代,-,-,政策支持,传统行业,-,-
688169.SH,688169,石头科技,大盘股,可选消费,家用电器,小家电,北京,111.27,科创板,-,-,-,-,2020/2/21,昌敬,自然人,-,行情酝酿中,大消费,-,-,行业成熟稳定,传统行业,耐用品,-
688170.SH,688170,德龙激光,大盘股,工业,通用机械,电动机与工控自动化,江苏,60.95,科创板,-,-,-,-,2022/4/29,赵裕兴,自然人,-,表现超预期,-,-,制造业(工业母机),行业成熟稳定,高新技术产业,耐用品,-
688171.SH,688171,纬德信息,中盘股,信息技术,软件开发,通用软件,广东,54.28,科创板,-,-,-,-,2022/1/27,尹健,自然人,-,表现超预期,国产替代,-,-,政策支持,传统行业,-,-
688172.SH,688172,燕东微,中盘股,信息技术,集成电路,集成电路制造,北京,39.05,科创板,-,-,-,-,2022/12/16,北京电子控股有限责任公司,企业,-,行情酝酿中,新科技,-,-,政策支持,高新技术产业,-,-
688173.SH,688173,希荻微,小盘股,信息技术,集成电路,集成电路设计,广东,14.63,科创板,火山口 派出小部队勇吃鱼身,-,-,-,2022/1/21,唐娅,自然人,"阿尔法高波动,等待周期更长,20厘米涨停爆发性强",行情酝酿中,新科技,-,-,政策支持,高新技术产业,-,-
688175.SH,688175,高凌信息,小盘股,通信服务,通信设备,通信系统设备及组件,广东,36.5,科创板,火山口 派出小部队勇吃鱼身,-,-,-,2022/3/15,胡云林,自然人,"阿尔法高波动,等待周期更长,20厘米涨停爆发性强",表现超预期,新基建,-,-,政策支持,高新技术产业,-,-
688176.SH,688176,亚虹医药-U,中盘股,NA,NA,NA,江苏,13.88,科创板,火山口 派出小部队勇吃鱼身,-,-,-,2022/1/7,PAN KE,自然人,-,行情酝酿中,大健康,-,-,政策支持,高新技术产业,消耗品,-
688177.SH,688177,百奥泰,小盘股,医药卫生,生物药品,其他生物药品,广东,23.03,科创板,-,-,-,-,2020/2/21,易良昱,自然人,"阿尔法高波动,等待周期更长,20厘米涨停爆发性强",表现超预期,大健康,-,-,政策支持,高新技术产业,消耗品,-
688178.SH,688178,万德斯,小盘股,工业,污染治理,固废处理,江苏,35.16,科创板,-,-,-,-,2020/1/14,无实际控制人,其他,"阿尔法高波动,等待周期更长,20厘米涨停爆发性强",表现超预期,-,-,民生,行业成熟稳定,传统行业,-,-
688179.SH,688179,阿拉丁,中盘股,原材料,化学制品,其他化学制品,上海,18.4,科创板,-,-,-,-,2020/10/26,徐久振,自然人,-,行情酝酿中,大健康,-,-,政策支持,高新技术产业,消耗品,-
688180.SH,688180,君实生物-U,大盘股,NA,NA,NA,上海,45.04,科创板,-,-,-,-,2020/7/15,熊俊,自然人,-,表现超预期,大健康,-,-,政策支持,高新技术产业,消耗品,-
688181.SH,688181,八亿时空,小盘股,信息技术,光学光电子,面板,北京,33.28,科创板,-,-,-,-,2020/1/6,赵雷,自然人,"阿尔法高波动,等待周期更长,20厘米涨停爆发性强",行情酝酿中,新科技,-,-,政策支持,高新技术产业,-,-
688182.SH,688182,灿勤科技,中盘股,通信服务,通信设备,通信系统设备及组件,江苏,32.09,科创板,-,-,-,-,2021/11/16,朱田中,自然人,-,表现超预期,新基建,-,-,政策支持,高新技术产业,-,-
688183.SH,688183,生益电子,大盘股,信息技术,电子元件,印制电路板,广东,110.38,科创板,-,-,有涨停 火山口战法吃鱼身,-,2021/2/25,无实际控制人,其他,-,表现超预期,新科技,-,-,政策支持,高新技术产业,-,-
688184.SH,688184,ST帕瓦,NA,工业,储能设备,电池部件及材料,浙江,10.27,科创板,火山口 派出小部队勇吃鱼身,-,-,-,2022/9/19,王振宇,自然人,-,行情酝酿中,新科技,特高压电力产业链,-,政策支持,高新技术产业,耐用品,-
688185.SH,688185,康希诺,小盘股,医药卫生,生物药品,疫苗,天津,71.66,科创板,火山口 派出小部队勇吃鱼身,连续多天小涨 龟壳战术吃鱼头,-,-,2020/8/13,朱涛,自然人,"阿尔法高波动,等待周期更长,20厘米涨停爆发性强",行情酝酿中,大健康,-,-,政策支持,高新技术产业,消耗品,-
688186.SH,688186,广大特材,中盘股,工业,发电设备,风电设备,江苏,24.5,科创板,火山口 派出小部队勇吃鱼身,连续多天小涨 龟壳战术吃鱼头,-,-,2020/2/11,徐卫明,自然人,-,行情酝酿中,-,军工高铁产业链,-,行业成熟稳定,传统行业,消耗品,-
688187.SH,688187,时代电气,中盘股,工业,交通运输设备,城轨铁路,湖南,51.28,科创板,-,-,-,-,2021/9/7,国务院国有资产监督管理委员会,企业,-,行情酝酿中,-,-,制造业(工业母机),行业成熟稳定,传统行业,耐用品,-
688188.SH,688188,柏楚电子,中盘股,工业,通用机械,电动机与工控自动化,上海,144.84,科创板,火山口 派出小部队勇吃鱼身,-,-,-,2019/8/8,唐晔,自然人,-,表现超预期,-,-,制造业(工业母机),行业成熟稳定,高新技术产业,耐用品,-
688189.SH,688189,南新制药,迷你盘,医药卫生,化学药,药品制剂,湖南,7.53,科创板,-,-,-,-,2020/3/26,湖南省人民政府国有资产监督管理委员会,企业,"阿尔法高波动,等待周期更长,20厘米涨停爆发性强",行情酝酿中,大健康,-,-,政策支持,高新技术产业,消耗品,-
688190.SH,688190,云路股份,小盘股,原材料,稀有金属,稀土金属,山东,89.45,科创板,-,连续多天小涨 龟壳战术吃鱼头,-,-,2021/11/26,中国航空发动机集团有限公司,企业,"阿尔法高波动,等待周期更长,20厘米涨停爆发性强",表现超预期,新能源,-,能源,行业成熟稳定,传统行业,消耗品,-
688191.SH,688191,智洋创新,中盘股,工业,电网设备,电网自动化,山东,41.23,科创板,-,-,-,-,2021/4/8,刘国永,自然人,-,行情酝酿中,国产替代,-,-,政策支持,传统行业,-,-
688192.SH,688192,迪哲医药-U,中盘股,NA,NA,NA,江苏,59.06,科创板,-,-,-,-,2021/12/10,无实际控制人,其他,-,行情酝酿中,大健康,-,-,政策支持,高新技术产业,消耗品,有量化参与
688193.SH,688193,仁度生物,迷你盘,医药卫生,医疗器械,体外诊断,上海,51.38,科创板,-,连续多天小涨 龟壳战术吃鱼头,-,-,2022/3/30,居金良,自然人,"阿尔法高波动,等待周期更长,20厘米涨停爆发性强",行情酝酿中,大健康,-,-,行业成熟稳定,传统行业,消耗品,-
688195.SH,688195,腾景科技,大盘股,信息技术,光学光电子,光学元件,福建,358,科创板,火山口 派出小部队勇吃鱼身,-,-,-,2021/3/26,余洪瑞,自然人,-,表现超预期,新科技,-,-,政策支持,高新技术产业,-,-
688196.SH,688196,卓越新能,小盘股,工业,节能与生态修复,节能与资源回收,福建,59.96,科创板,火山口 派出小部队勇吃鱼身,-,-,-,2019/11/21,叶劭婧,自然人,"阿尔法高波动,等待周期更长,20厘米涨停爆发性强",行情酝酿中,-,-,民生,行业成熟稳定,传统行业,-,-
688197.SH,688197,首药控股-U,小盘股,NA,NA,NA,北京,41.3,科创板,-,-,-,-,2022/3/23,李文军,自然人,"阿尔法高波动,等待周期更长,20厘米涨停爆发性强",行情酝酿中,大健康,-,-,政策支持,高新技术产业,消耗品,-
688198.SH,688198,佰仁医疗,迷你盘,医药卫生,医疗器械,医疗耗材,北京,93.74,科创板,-,-,-,-,2019/12/9,金磊,自然人,"阿尔法高波动,等待周期更长,20厘米涨停爆发性强",行情酝酿中,大健康,-,-,行业成熟稳定,传统行业,消耗品,有量化参与
688199.SH,688199,久日新材,小盘股,原材料,化学制品,其他化学制品,天津,27.18,科创板,火山口 派出小部队勇吃鱼身,连续多天小涨 龟壳战术吃鱼头,-,-,2019/11/5,赵国锋,自然人,"阿尔法高波动,等待周期更长,20厘米涨停爆发性强",行情酝酿中,-,-,化工,行业成熟稳定,传统行业,耐用品,-
688200.SH,688200,华峰测控,大盘股,信息技术,半导体材料与设备,半导体设备,北京,305.98,科创板,-,-,-,-,2020/2/18,无实际控制人,其他,-,表现超预期,新科技,-,-,政策支持,高新技术产业,-,-
688201.SH,688201,信安世纪,小盘股,信息技术,软件开发,通用软件,北京,13.98,科创板,火山口 派出小部队勇吃鱼身,-,-,-,2021/4/21,李伟,自然人,"阿尔法高波动,等待周期更长,20厘米涨停爆发性强",行情酝酿中,国产替代,-,-,政策支持,传统行业,-,-
688202.SH,688202,美迪西,中盘股,医药卫生,制药与生物科技服务,制药与生物科技服务,上海,69.45,科创板,-,-,-,-,2019/11/5,陈金章,自然人,-,表现超预期,大健康,-,-,行业成熟稳定,传统行业,消耗品,有量化参与
688203.SH,688203,海正生材,迷你盘,原材料,塑料,合成树脂,浙江,12.39,科创板,火山口 派出小部队勇吃鱼身,连续多天小涨 龟壳战术吃鱼头,-,-,2022/8/16,台州市椒江区国有资本运营集团有限公司,企业,"阿尔法高波动,等待周期更长,20厘米涨停爆发性强",行情酝酿中,-,-,化工,行业成熟稳定,传统行业,消耗品,-
688205.SH,688205,德科立,大盘股,通信服务,通信设备,通信系统设备及组件,江苏,255.9,科创板,-,-,-,-,2022/8/9,桂桑,自然人,-,表现超预期,新基建,-,-,政策支持,高新技术产业,-,-
688206.SH,688206,概伦电子,中盘股,信息技术,集成电路,集成电路设计,上海,33.46,科创板,火山口 派出小部队勇吃鱼身,-,-,-,2021/12/28,无实际控制人,其他,-,行情酝酿中,新科技,-,-,政策支持,高新技术产业,-,-
688207.SH,688207,格灵深瞳,迷你盘,信息技术,软件开发,通用软件,北京,14.62,科创板,火山口 派出小部队勇吃鱼身,-,-,-,2022/3/17,赵勇,自然人,"阿尔法高波动,等待周期更长,20厘米涨停爆发性强",行情酝酿中,国产替代,-,-,政策支持,传统行业,-,-
688208.SH,688208,道通科技,中盘股,工业,通用机械,仪器仪表,深圳,36.37,科创板,-,-,-,-,2020/2/13,李红京,自然人,-,行情酝酿中,新基建,-,-,政策支持,高新技术产业,-,-
688209.SH,688209,英集芯,小盘股,信息技术,集成电路,集成电路设计,深圳,21.59,科创板,-,-,-,-,2022/4/19,黄洪伟,自然人,"阿尔法高波动,等待周期更长,20厘米涨停爆发性强",行情酝酿中,新科技,-,-,政策支持,高新技术产业,-,-
688210.SH,688210,统联精密,小盘股,信息技术,电子终端及组件,电脑与外围设备,深圳,47.46,科创板,-,-,-,-,2021/12/27,杨虎,自然人,"阿尔法高波动,等待周期更长,20厘米涨停爆发性强",行情酝酿中,新科技,-,-,政策支持,高新技术产业,-,-
688211.SH,688211,中科微至,迷你盘,工业,通用机械,电动机与工控自动化,江苏,33.08,科创板,火山口 派出小部队勇吃鱼身,连续多天小涨 龟壳战术吃鱼头,-,-,2021/10/26,李功燕,自然人,"阿尔法高波动,等待周期更长,20厘米涨停爆发性强",行情酝酿中,-,-,制造业(工业母机),行业成熟稳定,高新技术产业,耐用品,-
688212.SH,688212,澳华内镜,小盘股,医药卫生,医疗器械,医疗设备,上海,35.37,科创板,-,-,-,-,2021/11/15,顾小舟,自然人,"阿尔法高波动,等待周期更长,20厘米涨停爆发性强",行情酝酿中,大健康,-,-,行业成熟稳定,传统行业,消耗品,-
688213.SH,688213,思特威-W,大盘股,NA,NA,NA,上海,95.32,科创板,-,-,-,-,2022/5/20,徐辰,自然人,-,行情酝酿中,新科技,-,-,政策支持,高新技术产业,-,-
688215.SH,688215,瑞晟智能,迷你盘,工业,通用机械,电动机与工控自动化,浙江,78.01,科创板,-,-,-,-,2020/8/28,袁峰,自然人,"阿尔法高波动,等待周期更长,20厘米涨停爆发性强",行情酝酿中,-,-,制造业(工业母机),行业成熟稳定,高新技术产业,耐用品,-
688216.SH,688216,气派科技,迷你盘,信息技术,集成电路,集成电路封测,深圳,29.33,科创板,火山口 派出小部队勇吃鱼身,-,-,-,2021/6/23,梁大钟,自然人,"阿尔法高波动,等待周期更长,20厘米涨停爆发性强",行情酝酿中,新科技,-,-,政策支持,高新技术产业,-,-
688217.SH,688217,睿昂基因,迷你盘,医药卫生,医疗器械,体外诊断,上海,27.77,科创板,-,-,-,-,2021/5/17,熊慧,自然人,"阿尔法高波动,等待周期更长,20厘米涨停爆发性强",行情酝酿中,大健康,-,-,行业成熟稳定,传统行业,消耗品,-
688218.SH,688218,江苏北人,小盘股,工业,通用机械,电动机与工控自动化,江苏,24.33,科创板,火山口 派出小部队勇吃鱼身,连续多天小涨 龟壳战术吃鱼头,-,-,2019/12/11,朱振友,自然人,"阿尔法高波动,等待周期更长,20厘米涨停爆发性强",行情酝酿中,-,-,制造业(工业母机),行业成熟稳定,高新技术产业,耐用品,-
688219.SH,688219,会通股份,小盘股,原材料,塑料,改性塑料,安徽,11.12,科创板,火山口 派出小部队勇吃鱼身,-,-,-,2020/11/18,何倩嫦,自然人,"阿尔法高波动,等待周期更长,20厘米涨停爆发性强",行情酝酿中,-,-,化工,行业成熟稳定,传统行业,消耗品,-
688220.SH,688220,翱捷科技-U,大盘股,NA,NA,NA,上海,82.8,科创板,火山口 派出小部队勇吃鱼身,-,-,-,2022/1/14,戴保家,自然人,-,表现超预期,新科技,-,-,政策支持,高新技术产业,-,-
688221.SH,688221,前沿生物-U,中盘股,NA,NA,NA,江苏,19.65,科创板,火山口 派出小部队勇吃鱼身,-,-,-,2020/10/28,DONG XIE,自然人,-,行情酝酿中,大健康,-,-,政策支持,高新技术产业,消耗品,-
688222.SH,688222,成都先导,大盘股,医药卫生,制药与生物科技服务,制药与生物科技服务,四川,26.91,科创板,-,-,-,-,2020/4/16,JIN LI(李进),自然人,-,表现超预期,大健康,-,-,政策支持,高新技术产业,消耗品,-
688223.SH,688223,晶科能源,大盘股,工业,发电设备,光伏设备,江西,6.95,科创板,-,-,-,-,2022/1/26,李仙华,自然人,-,表现超预期,新科技,特高压电力产业链,-,政策支持,高新技术产业,耐用品,-
688225.SH,688225,亚信安全,迷你盘,信息技术,软件开发,通用软件,江苏,16.97,科创板,火山口 派出小部队勇吃鱼身,-,-,-,2022/2/9,田溯宁,自然人,"阿尔法高波动,等待周期更长,20厘米涨停爆发性强",行情酝酿中,国产替代,-,-,政策支持,传统行业,-,-
688226.SH,688226,威腾电气,大盘股,工业,电网设备,配电设备,江苏,57.36,科创板,-,-,-,-,2021/7/7,蒋文功,自然人,-,表现超预期,新科技,特高压电力产业链,-,政策支持,高新技术产业,耐用品,-
688227.SH,688227,品高股份,大盘股,信息技术,信息技术服务,云计算服务,广东,101.36,科创板,-,-,有涨停 火山口战法吃鱼身,高人气,2021/12/30,刘忻,自然人,-,表现超预期,国产替代,-,-,政策支持,传统行业,-,-
688228.SH,688228,开普云,中盘股,信息技术,软件开发,行业应用软件,广东,109.91,科创板,-,-,-,-,2020/3/27,汪敏,自然人,-,表现超预期,国产替代,-,-,政策支持,传统行业,-,-
688229.SH,688229,博睿数据,中盘股,信息技术,信息技术服务,其他IT与互联网服务,北京,89.58,科创板,-,-,-,-,2020/8/17,李凯,自然人,-,表现超预期,国产替代,-,-,政策支持,传统行业,-,有量化参与
688230.SH,688230,芯导科技,迷你盘,信息技术,分立器件,分立器件,上海,65.48,科创板,火山口 派出小部队勇吃鱼身,连续多天小涨 龟壳战术吃鱼头,-,-,2021/12/1,欧新华,自然人,"阿尔法高波动,等待周期更长,20厘米涨停爆发性强",行情酝酿中,新科技,-,-,政策支持,高新技术产业,-,-
688231.SH,688231,隆达股份,中盘股,原材料,其他有色金属及合金,其他有色金属及合金,江苏,35.18,科创板,火山口 派出小部队勇吃鱼身,-,-,-,2022/7/22,浦益龙,自然人,-,行情酝酿中,-,军工高铁产业链,-,政策支持,高新技术产业,-,-
688232.SH,688232,新点软件,迷你盘,信息技术,软件开发,行业应用软件,江苏,22.44,科创板,火山口 派出小部队勇吃鱼身,连续多天小涨 龟壳战术吃鱼头,-,-,2021/11/17,无实际控制人,其他,"阿尔法高波动,等待周期更长,20厘米涨停爆发性强",行情酝酿中,国产替代,-,-,政策支持,传统行业,-,-
688233.SH,688233,神工股份,中盘股,信息技术,半导体材料与设备,半导体材料,辽宁,75.48,科创板,-,-,-,-,2020/2/21,无实际控制人,其他,-,行情酝酿中,新科技,-,-,政策支持,高新技术产业,-,-
688234.SH,688234,天岳先进,大盘股,信息技术,半导体材料与设备,半导体材料,山东,95.2,科创板,-,-,-,-,2022/1/12,宗艳民,自然人,-,表现超预期,新科技,-,-,政策支持,高新技术产业,-,-
688235.SH,688235,百济神州,大盘股,医药卫生,化学药,药品制剂,北京,246.5,科创板,-,-,-,-,2021/12/15,无实际控制人,其他,-,表现超预期,大健康,-,-,政策支持,高新技术产业,消耗品,有量化参与
688236.SH,688236,春立医疗,迷你盘,医药卫生,医疗器械,医疗耗材,北京,20.55,科创板,火山口 派出小部队勇吃鱼身,-,-,-,2021/12/30,史春宝,自然人,"阿尔法高波动,等待周期更长,20厘米涨停爆发性强",行情酝酿中,大健康,-,-,行业成熟稳定,传统行业,消耗品,-
688237.SH,688237,超卓航科,小盘股,工业,航空航天,航空,湖北,57.27,科创板,火山口 派出小部队勇吃鱼身,-,-,-,2022/7/1,李羿含,自然人,"阿尔法高波动,等待周期更长,20厘米涨停爆发性强",行情酝酿中,-,军工高铁产业链,-,政策支持,高新技术产业,-,-
688238.SH,688238,和元生物,小盘股,医药卫生,制药与生物科技服务,制药与生物科技服务,上海,7,科创板,火山口 派出小部队勇吃鱼身,-,-,-,2022/3/22,潘讴东,自然人,"阿尔法高波动,等待周期更长,20厘米涨停爆发性强",行情酝酿中,大健康,-,-,行业成熟稳定,传统行业,消耗品,-
688239.SH,688239,航宇科技,中盘股,工业,航空航天,航空,贵州,62.73,科创板,-,-,-,-,2021/7/5,张华,自然人,-,行情酝酿中,-,军工高铁产业链,-,政策支持,高新技术产业,-,-
688244.SH,688244,永信至诚,迷你盘,信息技术,软件开发,通用软件,北京,19.37,科创板,-,-,-,-,2022/10/19,蔡晶晶,自然人,"阿尔法高波动,等待周期更长,20厘米涨停爆发性强",表现超预期,国产替代,-,-,政策支持,传统行业,-,-
688246.SH,688246,嘉和美康,小盘股,信息技术,软件开发,行业应用软件,北京,19.06,科创板,火山口 派出小部队勇吃鱼身,-,-,-,2021/12/14,夏军,自然人,"阿尔法高波动,等待周期更长,20厘米涨停爆发性强",行情酝酿中,国产替代,-,-,政策支持,传统行业,-,-
688247.SH,688247,宣泰医药,迷你盘,医药卫生,化学药,药品制剂,上海,9.39,科创板,-,-,-,-,2022/8/25,上海市国有资产监督管理委员会,企业,"阿尔法高波动,等待周期更长,20厘米涨停爆发性强",行情酝酿中,大健康,-,-,政策支持,高新技术产业,消耗品,-
688248.SH,688248,南网科技,中盘股,工业,电网设备,电网自动化,广东,59.31,科创板,火山口 派出小部队勇吃鱼身,-,-,-,2021/12/22,国务院国有资产监督管理委员会,企业,-,表现超预期,新科技,特高压电力产业链,-,政策支持,高新技术产业,耐用品,-
688249.SH,688249,晶合集成,大盘股,信息技术,集成电路,集成电路制造,安徽,29.83,科创板,-,-,-,-,2023/5/5,合肥市人民政府国有资产监督管理委员会,企业,-,行情酝酿中,新科技,-,-,政策支持,高新技术产业,-,-
688251.SH,688251,井松智能,小盘股,工业,通用机械,电动机与工控自动化,安徽,35.6,科创板,-,-,-,-,2022/6/6,姚志坚,自然人,"阿尔法高波动,等待周期更长,20厘米涨停爆发性强",表现超预期,-,-,制造业(工业母机),行业成熟稳定,高新技术产业,耐用品,-
688252.SH,688252,天德钰,小盘股,信息技术,集成电路,集成电路设计,深圳,21.53,科创板,火山口 派出小部队勇吃鱼身,连续多天小涨 龟壳战术吃鱼头,-,-,2022/9/27,无实际控制人,其他,"阿尔法高波动,等待周期更长,20厘米涨停爆发性强",行情酝酿中,新科技,-,-,政策支持,高新技术产业,-,-
688253.SH,688253,英诺特,中盘股,医药卫生,医疗器械,体外诊断,北京,43.38,科创板,-,-,有涨停 火山口战法吃鱼身,高人气,2022/7/28,叶逢光,自然人,-,表现超预期,大健康,-,-,行业成熟稳定,传统行业,消耗品,-
688255.SH,688255,凯尔达,小盘股,工业,通用机械,电动机与工控自动化,浙江,30.15,科创板,火山口 派出小部队勇吃鱼身,连续多天小涨 龟壳战术吃鱼头,-,-,2021/10/25,王健,自然人,"阿尔法高波动,等待周期更长,20厘米涨停爆发性强",行情酝酿中,-,-,制造业(工业母机),行业成熟稳定,传统行业,耐用品,-
688256.SH,688256,寒武纪,大盘股,信息技术,集成电路,集成电路设计,北京,1334,科创板,火山口 派出小部队勇吃鱼身,连续多天小涨 龟壳战术吃鱼头,-,-,2020/7/20,陈天石,自然人,-,行情酝酿中,新科技,-,-,政策支持,高新技术产业,-,-
688257.SH,688257,新锐股份,大盘股,工业,专用机械,采矿冶金机械,江苏,81.55,科创板,-,-,-,-,2021/10/27,吴何洪,自然人,-,表现超预期,-,-,制造业(工业母机),行业成熟稳定,传统行业,耐用品,-
688258.SH,688258,卓易信息,大盘股,信息技术,信息技术服务,云计算服务,江苏,113.52,科创板,-,-,-,-,2019/12/9,谢乾,自然人,-,表现超预期,国产替代,-,-,政策支持,传统行业,-,-
688259.SH,688259,创耀科技,小盘股,信息技术,集成电路,集成电路设计,江苏,37.87,科创板,火山口 派出小部队勇吃鱼身,连续多天小涨 龟壳战术吃鱼头,-,-,2022/1/12,YAOLONG TAN,自然人,"阿尔法高波动,等待周期更长,20厘米涨停爆发性强",行情酝酿中,新科技,-,-,政策支持,高新技术产业,-,-
688260.SH,688260,昀冢科技,小盘股,信息技术,电子终端及组件,消费电子组件及零部件,江苏,29.48,科创板,火山口 派出小部队勇吃鱼身,-,-,-,2021/4/6,王宾,自然人,"阿尔法高波动,等待周期更长,20厘米涨停爆发性强",行情酝酿中,新科技,-,-,政策支持,高新技术产业,-,-
688261.SH,688261,东微半导,中盘股,信息技术,分立器件,分立器件,江苏,74.96,科创板,-,-,-,-,2022/2/10,王鹏飞,自然人,-,行情酝酿中,新科技,-,-,政策支持,高新技术产业,-,-
688262.SH,688262,国芯科技,大盘股,信息技术,集成电路,集成电路设计,江苏,36.08,科创板,火山口 派出小部队勇吃鱼身,连续多天小涨 龟壳战术吃鱼头,-,-,2022/1/6,郑茳,自然人,-,行情酝酿中,新科技,-,-,政策支持,高新技术产业,-,-
688265.SH,688265,南模生物,迷你盘,医药卫生,制药与生物科技服务,制药与生物科技服务,上海,43.18,科创板,-,-,-,-,2021/12/28,费俭,自然人,"阿尔法高波动,等待周期更长,20厘米涨停爆发性强",行情酝酿中,大健康,-,-,行业成熟稳定,传统行业,消耗品,-
688266.SH,688266,泽璟制药-U,中盘股,NA,NA,NA,江苏,98.8,科创板,-,-,-,-,2020/1/23,ZELIN SHENG(盛泽林),自然人,-,行情酝酿中,大健康,-,-,政策支持,高新技术产业,消耗品,有量化参与
688267.SH,688267,中触媒,迷你盘,原材料,化学制品,其他化学制品,辽宁,31.17,科创板,火山口 派出小部队勇吃鱼身,连续多天小涨 龟壳战术吃鱼头,-,-,2022/2/16,李进,自然人,"阿尔法高波动,等待周期更长,20厘米涨停爆发性强",行情酝酿中,-,-,化工,行业成熟稳定,传统行业,耐用品,-
688268.SH,688268,华特气体,大盘股,信息技术,电子化学品,电子化学品,广东,90.86,科创板,-,-,-,-,2019/12/26,石平湘,自然人,-,表现超预期,-,-,化工,行业成熟稳定,传统行业,耐用品,有量化参与
688269.SH,688269,凯立新材,迷你盘,原材料,化学制品,其他化学制品,陕西,39.08,科创板,-,-,-,-,2021/6/9,陕西省财政厅,企业,"阿尔法高波动,等待周期更长,20厘米涨停爆发性强",行情酝酿中,-,-,化工,行业成熟稳定,传统行业,耐用品,-
688270.SH,688270,臻镭科技,大盘股,信息技术,集成电路,集成电路设计,浙江,175.16,科创板,-,-,有涨停 火山口战法吃鱼身,-,2022/1/27,郁发新,自然人,-,表现超预期,新科技,-,-,政策支持,高新技术产业,-,-
688271.SH,688271,联影医疗,大盘股,医药卫生,医疗器械,医疗设备,上海,112.98,科创板,火山口 派出小部队勇吃鱼身,-,-,-,2022/8/22,薛敏,自然人,-,行情酝酿中,大健康,-,-,行业成熟稳定,传统行业,消耗品,有量化参与
688272.SH,688272,富吉瑞,中盘股,工业,国防装备,国防装备,北京,44.4,科创板,-,-,-,-,2021/10/18,黄富元,自然人,-,表现超预期,新科技,-,-,政策支持,高新技术产业,-,有量化参与
688273.SH,688273,麦澜德,小盘股,医药卫生,医疗器械,医疗设备,江苏,48.9,科创板,-,-,-,-,2022/8/11,杨瑞嘉,自然人,"阿尔法高波动,等待周期更长,20厘米涨停爆发性强",表现超预期,大健康,-,-,行业成熟稳定,传统行业,消耗品,-
688275.SH,688275,万润新能,大盘股,工业,储能设备,电池部件及材料,湖北,136.76,科创板,-,-,-,-,2022/9/29,李菲,自然人,-,表现超预期,新科技,特高压电力产业链,-,政策支持,高新技术产业,耐用品,-
688276.SH,688276,百克生物,迷你盘,医药卫生,生物药品,疫苗,吉林,17.62,科创板,-,-,-,-,2021/6/25,长春新区国有资产监督管理局,企业,"阿尔法高波动,等待周期更长,20厘米涨停爆发性强",行情酝酿中,大健康,-,-,政策支持,高新技术产业,消耗品,-
688277.SH,688277,天智航-U,中盘股,NA,NA,NA,北京,21.51,科创板,-,-,-,-,2020/7/7,张送根,自然人,-,行情酝酿中,大健康,-,-,行业成熟稳定,传统行业,消耗品,-
688278.SH,688278,特宝生物,中盘股,医药卫生,生物药品,其他生物药品,福建,64.6,科创板,火山口 派出小部队勇吃鱼身,连续多天小涨 龟壳战术吃鱼头,-,-,2020/1/17,杨英,自然人,-,行情酝酿中,大健康,-,-,政策支持,高新技术产业,消耗品,-
688279.SH,688279,峰岹科技,中盘股,信息技术,集成电路,集成电路设计,深圳,178.42,科创板,-,-,-,-,2022/4/20,BI LEI,自然人,-,表现超预期,新科技,-,-,政策支持,高新技术产业,-,有量化参与
688280.SH,688280,精进电动-UW,中盘股,NA,NA,NA,北京,11.3,科创板,-,-,-,-,2021/10/27,余平,自然人,-,表现超预期,-,智能汽车产业链,-,政策支持,传统行业,消耗品,-
688281.SH,688281,华秦科技,中盘股,工业,航空航天,航空,陕西,76.59,科创板,火山口 派出小部队勇吃鱼身,连续多天小涨 龟壳战术吃鱼头,-,-,2022/3/7,折生阳,自然人,-,行情酝酿中,-,军工高铁产业链,-,政策支持,高新技术产业,-,-
688282.SH,688282,理工导航,中盘股,工业,航空航天,航天,北京,90.01,科创板,-,-,-,-,2022/3/18,汪渤,自然人,-,表现超预期,新基建,-,-,政策支持,高新技术产业,-,-
688283.SH,688283,坤恒顺维,小盘股,工业,通用机械,仪器仪表,四川,43.52,科创板,-,-,-,-,2022/2/15,张吉林,自然人,"阿尔法高波动,等待周期更长,20厘米涨停爆发性强",表现超预期,-,智能汽车产业链,制造业(工业母机),行业成熟稳定,传统行业,耐用品,-
688285.SH,688285,高铁电气,迷你盘,工业,交通运输设备,城轨铁路,陕西,8.68,科创板,火山口 派出小部队勇吃鱼身,连续多天小涨 龟壳战术吃鱼头,-,-,2021/10/20,国务院国有资产监督管理委员会,企业,"阿尔法高波动,等待周期更长,20厘米涨停爆发性强",行情酝酿中,-,-,制造业(工业母机),行业成熟稳定,传统行业,耐用品,-
688286.SH,688286,敏芯股份,小盘股,信息技术,集成电路,集成电路设计,江苏,71.2,科创板,火山口 派出小部队勇吃鱼身,连续多天小涨 龟壳战术吃鱼头,-,-,2020/8/10,李刚,自然人,"阿尔法高波动,等待周期更长,20厘米涨停爆发性强",行情酝酿中,新科技,-,-,政策支持,高新技术产业,-,-
688288.SH,688288,鸿泉技术,小盘股,可选消费,汽车零部件与轮胎,汽车电子,浙江,26.08,科创板,火山口 派出小部队勇吃鱼身,连续多天小涨 龟壳战术吃鱼头,-,-,2019/11/6,何军强,自然人,"阿尔法高波动,等待周期更长,20厘米涨停爆发性强",行情酝酿中,新基建,-,-,政策支持,高新技术产业,-,-
688289.SH,688289,圣湘生物,小盘股,医药卫生,医疗器械,体外诊断,湖南,17.9,科创板,-,-,-,-,2020/8/28,戴立忠,自然人,"阿尔法高波动,等待周期更长,20厘米涨停爆发性强",行情酝酿中,大健康,-,-,行业成熟稳定,传统行业,消耗品,-
688290.SH,688290,景业智能,小盘股,工业,专用机械,其他专用机械,浙江,54.5,科创板,-,-,-,-,2022/4/29,来建良,自然人,"阿尔法高波动,等待周期更长,20厘米涨停爆发性强",行情酝酿中,-,-,制造业(工业母机),行业成熟稳定,高新技术产业,耐用品,-
688291.SH,688291,金橙子,小盘股,工业,通用机械,电动机与工控自动化,北京,43.29,科创板,-,-,-,-,2022/10/26,马会文,自然人,"阿尔法高波动,等待周期更长,20厘米涨停爆发性强",表现超预期,国产替代,-,-,政策支持,传统行业,-,-
688292.SH,688292,浩瀚深度,小盘股,通信服务,通信设备,通信系统设备及组件,北京,24.42,科创板,-,-,-,-,2022/8/18,张跃,自然人,"阿尔法高波动,等待周期更长,20厘米涨停爆发性强",行情酝酿中,新基建,-,-,政策支持,高新技术产业,-,-
688293.SH,688293,奥浦迈,小盘股,医药卫生,制药与生物科技服务,制药与生物科技服务,上海,55.81,科创板,火山口 派出小部队勇吃鱼身,-,-,-,2022/9/2,肖志华,自然人,"阿尔法高波动,等待周期更长,20厘米涨停爆发性强",表现超预期,大健康,-,-,政策支持,高新技术产业,消耗品,-
688295.SH,688295,中复神鹰,大盘股,原材料,化学纤维,氨纶及其他化纤,江苏,52.1,科创板,火山口 派出小部队勇吃鱼身,连续多天小涨 龟壳战术吃鱼头,-,-,2022/4/6,中国建材集团有限公司,企业,-,表现超预期,-,-,化工,行业成熟稳定,传统行业,耐用品,-
688296.SH,688296,和达科技,迷你盘,信息技术,信息技术服务,系统集成服务,浙江,13.83,科创板,-,-,-,-,2021/7/27,郭军,自然人,"阿尔法高波动,等待周期更长,20厘米涨停爆发性强",行情酝酿中,国产替代,-,-,政策支持,传统行业,-,-
688297.SH,688297,中无人机,大盘股,工业,航空航天,航空,四川,50.04,科创板,火山口 派出小部队勇吃鱼身,-,-,-,2022/6/29,中国航空工业集团有限公司,企业,-,行情酝酿中,-,军工高铁产业链,-,政策支持,高新技术产业,-,-
688298.SH,688298,东方生物,迷你盘,医药卫生,医疗器械,体外诊断,浙江,22.63,科创板,火山口 派出小部队勇吃鱼身,-,-,-,2020/2/5,方剑秋,自然人,"阿尔法高波动,等待周期更长,20厘米涨停爆发性强",行情酝酿中,大健康,-,-,行业成熟稳定,传统行业,消耗品,-
688299.SH,688299,长阳科技,小盘股,信息技术,光学光电子,面板,浙江,17.81,科创板,-,-,-,-,2019/11/6,金亚东,自然人,"阿尔法高波动,等待周期更长,20厘米涨停爆发性强",行情酝酿中,新科技,-,-,政策支持,高新技术产业,-,-
688300.SH,688300,联瑞新材,大盘股,原材料,其他非金属材料,其他非金属材料,江苏,95.05,科创板,-,-,-,-,2019/11/15,李晓冬,自然人,-,行情酝酿中,新能源,-,能源,行业成熟稳定,传统行业,消耗品,-
688301.SH,688301,奕瑞科技,中盘股,医药卫生,医疗器械,医疗设备,上海,113.2,科创板,-,-,-,-,2020/9/18,Tieer Gu,自然人,-,表现超预期,大健康,-,-,行业成熟稳定,传统行业,消耗品,-
688302.SH,688302,海创药业-U,小盘股,NA,NA,NA,四川,46.43,科创板,火山口 派出小部队勇吃鱼身,-,-,-,2022/4/12,陈元伦,自然人,"阿尔法高波动,等待周期更长,20厘米涨停爆发性强",行情酝酿中,大健康,-,-,政策支持,高新技术产业,消耗品,-
688303.SH,688303,大全能源,中盘股,工业,发电设备,光伏设备,新疆,22.24,科创板,-,-,-,-,2021/7/22,徐翔,自然人,-,表现超预期,新科技,特高压电力产业链,-,政策支持,高新技术产业,耐用品,-
688305.SH,688305,科德数控,中盘股,工业,通用机械,电动机与工控自动化,辽宁,59.36,科创板,火山口 派出小部队勇吃鱼身,-,-,-,2021/7/9,于本宏,自然人,-,行情酝酿中,新科技,-,制造业(工业母机),政策支持,高新技术产业,耐用品,-
688306.SH,688306,均普智能,小盘股,工业,专用机械,其他专用机械,浙江,9.47,科创板,火山口 派出小部队勇吃鱼身,连续多天小涨 龟壳战术吃鱼头,-,-,2022/3/22,王剑峰,自然人,"阿尔法高波动,等待周期更长,20厘米涨停爆发性强",行情酝酿中,-,-,制造业(工业母机),行业成熟稳定,高新技术产业,耐用品,-
688307.SH,688307,中润光学,大盘股,信息技术,光学光电子,光学元件,浙江,81.93,科创板,-,-,-,-,2023/2/16,张平华,自然人,-,行情酝酿中,新科技,-,-,政策支持,高新技术产业,-,-
688308.SH,688308,欧科亿,大盘股,工业,通用机械,加工机械,湖南,114,科创板,-,-,-,-,2020/12/10,袁美和,自然人,-,表现超预期,-,-,制造业(工业母机),行业成熟稳定,传统行业,耐用品,-
688309.SH,688309,恒誉环保,中盘股,工业,污染治理,固废处理,山东,71.86,科创板,火山口 派出小部队勇吃鱼身,连续多天小涨 龟壳战术吃鱼头,-,-,2020/7/14,牛斌,自然人,-,表现超预期,-,-,民生,行业成熟稳定,传统行业,-,-
688310.SH,688310,迈得医疗,迷你盘,工业,专用机械,其他专用机械,浙江,15.8,科创板,火山口 派出小部队勇吃鱼身,-,-,-,2019/12/3,林军华,自然人,"阿尔法高波动,等待周期更长,20厘米涨停爆发性强",行情酝酿中,大健康,-,-,行业成熟稳定,传统行业,消耗品,-
688311.SH,688311,盟升电子,中盘股,工业,航空航天,航天,四川,39.27,科创板,-,-,-,-,2020/7/31,向荣,自然人,-,表现超预期,新科技,-,-,政策支持,高新技术产业,-,-
688312.SH,688312,燕麦科技,大盘股,工业,专用机械,其他专用机械,深圳,63.84,科创板,-,-,-,-,2020/6/8,刘燕,自然人,-,表现超预期,-,-,制造业(工业母机),行业成熟稳定,高新技术产业,耐用品,-
688313.SH,688313,仕佳光子,大盘股,通信服务,通信设备,通信系统设备及组件,河南,125.79,科创板,-,-,有涨停 火山口战法吃鱼身,-,2020/8/12,葛海泉,自然人,-,表现超预期,新基建,-,-,政策支持,高新技术产业,-,-
688314.SH,688314,康拓医疗,中盘股,医药卫生,医疗器械,医疗耗材,陕西,46.55,科创板,-,-,-,-,2021/5/18,胡立人,自然人,-,行情酝酿中,大健康,-,-,行业成熟稳定,传统行业,消耗品,有量化参与
688315.SH,688315,诺禾致源,迷你盘,医药卫生,制药与生物科技服务,制药与生物科技服务,北京,14.48,科创板,-,-,-,-,2021/4/13,李瑞强,自然人,"阿尔法高波动,等待周期更长,20厘米涨停爆发性强",行情酝酿中,大健康,-,-,行业成熟稳定,传统行业,消耗品,-
688316.SH,688316,青云科技-U,中盘股,NA,NA,NA,北京,76.72,科创板,-,-,-,-,2021/3/16,黄允松,自然人,-,表现超预期,国产替代,-,-,政策支持,传统行业,-,-
688317.SH,688317,之江生物,迷你盘,医药卫生,医疗器械,体外诊断,上海,20.24,科创板,-,-,-,-,2021/1/18,邵俊斌,自然人,"阿尔法高波动,等待周期更长,20厘米涨停爆发性强",行情酝酿中,大健康,-,-,行业成熟稳定,传统行业,消耗品,-
688318.SH,688318,财富趋势,中盘股,信息技术,软件开发,行业应用软件,深圳,114.43,科创板,火山口 派出小部队勇吃鱼身,-,-,-,2020/4/27,黄山,自然人,-,行情酝酿中,国产替代,-,-,政策支持,传统行业,-,-
688319.SH,688319,欧林生物,中盘股,医药卫生,生物药品,疫苗,四川,29.12,科创板,-,-,-,-,2021/6/8,樊绍文,自然人,-,表现超预期,大健康,-,-,政策支持,高新技术产业,消耗品,-
688320.SH,688320,禾川科技,迷你盘,工业,通用机械,电动机与工控自动化,浙江,31.44,科创板,火山口 派出小部队勇吃鱼身,-,-,-,2022/4/28,王项彬,自然人,"阿尔法高波动,等待周期更长,20厘米涨停爆发性强",行情酝酿中,-,智能汽车产业链,制造业(工业母机),行业成熟稳定,传统行业,耐用品,-
688321.SH,688321,微芯生物,中盘股,医药卫生,化学药,药品制剂,深圳,30.9,科创板,-,-,-,-,2019/8/12,XIANPING LU,自然人,-,行情酝酿中,大健康,-,-,政策支持,高新技术产业,消耗品,-
688322.SH,688322,奥比中光-UW,大盘股,NA,NA,NA,深圳,84.74,科创板,火山口 派出小部队勇吃鱼身,-,-,-,2022/7/7,黄源浩,自然人,-,行情酝酿中,新科技,-,-,政策支持,高新技术产业,-,-
688323.SH,688323,瑞华泰,小盘股,原材料,塑料,膜材料,深圳,21.7,科创板,-,-,-,-,2021/4/28,无实际控制人,其他,"阿尔法高波动,等待周期更长,20厘米涨停爆发性强",行情酝酿中,-,-,化工,行业成熟稳定,传统行业,消耗品,-
688325.SH,688325,赛微微电,中盘股,信息技术,集成电路,集成电路设计,广东,121.72,科创板,-,-,-,-,2022/4/22,葛伟国,自然人,-,行情酝酿中,新科技,-,-,政策支持,高新技术产业,-,-
688326.SH,688326,经纬恒润-W,中盘股,NA,NA,NA,北京,124.18,科创板,火山口 派出小部队勇吃鱼身,连续多天小涨 龟壳战术吃鱼头,-,-,2022/4/19,吉英存,自然人,-,行情酝酿中,-,智能汽车产业链,-,政策支持,传统行业,消耗品,-
688327.SH,688327,云从科技-UW,中盘股,NA,NA,NA,广东,13.26,科创板,-,-,-,-,2022/5/27,周曦,自然人,-,行情酝酿中,国产替代,-,-,政策支持,传统行业,-,-
688328.SH,688328,深科达,中盘股,工业,专用机械,其他专用机械,深圳,42.33,科创板,-,-,-,-,2021/3/9,黄奕宏,自然人,-,表现超预期,-,-,制造业(工业母机),行业成熟稳定,高新技术产业,耐用品,-
688329.SH,688329,艾隆科技,迷你盘,工业,专用机械,其他专用机械,江苏,24.14,科创板,-,-,-,-,2021/3/29,张银花,自然人,"阿尔法高波动,等待周期更长,20厘米涨停爆发性强",行情酝酿中,-,-,制造业(工业母机),行业成熟稳定,高新技术产业,耐用品,-
688330.SH,688330,宏力达,小盘股,工业,电网设备,电网自动化,上海,50.07,科创板,火山口 派出小部队勇吃鱼身,-,-,-,2020/10/15,陈嘉伟,自然人,"阿尔法高波动,等待周期更长,20厘米涨停爆发性强",行情酝酿中,新科技,特高压电力产业链,-,政策支持,高新技术产业,耐用品,-
688331.SH,688331,荣昌生物,大盘股,医药卫生,生物药品,其他生物药品,山东,150.11,科创板,-,-,-,-,2022/3/31,房健民,自然人,-,表现超预期,大健康,-,-,政策支持,高新技术产业,消耗品,有量化参与
688332.SH,688332,中科蓝讯,中盘股,信息技术,集成电路,集成电路设计,深圳,128.76,科创板,火山口 派出小部队勇吃鱼身,连续多天小涨 龟壳战术吃鱼头,-,-,2022/7/15,黄志强,自然人,-,行情酝酿中,新科技,-,-,政策支持,高新技术产业,-,-
688333.SH,688333,铂力特,大盘股,工业,通用机械,电动机与工控自动化,陕西,96.32,科创板,-,连续多天小涨 龟壳战术吃鱼头,-,-,2019/7/22,折生阳,自然人,-,表现超预期,-,-,制造业(工业母机),行业成熟稳定,传统行业,耐用品,-
688334.SH,688334,西高院,小盘股,工业,商业服务与用品,其他商业服务与用品,陕西,21.92,科创板,火山口 派出小部队勇吃鱼身,-,-,-,2023/6/19,国务院国有资产监督管理委员会,企业,"阿尔法高波动,等待周期更长,20厘米涨停爆发性强",行情酝酿中,新科技,特高压电力产业链,-,政策支持,高新技术产业,耐用品,-
688335.SH,688335,复洁科技,小盘股,工业,污染治理,污水处理,上海,34.15,科创板,火山口 派出小部队勇吃鱼身,连续多天小涨 龟壳战术吃鱼头,-,-,2020/8/17,黄文俊,自然人,"阿尔法高波动,等待周期更长,20厘米涨停爆发性强",行情酝酿中,-,-,民生,行业成熟稳定,传统行业,-,-
688336.SH,688336,三生国健,大盘股,医药卫生,生物药品,其他生物药品,上海,85.76,科创板,-,-,-,-,2020/7/22,LOU JING,自然人,-,行情酝酿中,大健康,-,-,政策支持,高新技术产业,消耗品,-
688337.SH,688337,普源精电,大盘股,工业,通用机械,仪器仪表,江苏,62.9,科创板,-,-,-,-,2022/4/8,王悦,自然人,-,表现超预期,-,智能汽车产业链,制造业(工业母机),行业成熟稳定,传统行业,耐用品,-
688338.SH,688338,赛科希德,迷你盘,医药卫生,医疗器械,体外诊断,北京,30.35,科创板,火山口 派出小部队勇吃鱼身,连续多天小涨 龟壳战术吃鱼头,-,-,2020/8/6,吴仕明,自然人,"阿尔法高波动,等待周期更长,20厘米涨停爆发性强",行情酝酿中,大健康,-,-,行业成熟稳定,传统行业,消耗品,-
688339.SH,688339,亿华通-U,小盘股,NA,NA,NA,北京,25.48,科创板,火山口 派出小部队勇吃鱼身,连续多天小涨 龟壳战术吃鱼头,-,-,2020/8/10,张国强,自然人,"阿尔法高波动,等待周期更长,20厘米涨停爆发性强",行情酝酿中,-,智能汽车产业链,-,政策支持,传统行业,消耗品,-
688343.SH,688343,云天励飞-U,大盘股,NA,NA,NA,深圳,92.3,科创板,火山口 派出小部队勇吃鱼身,连续多天小涨 龟壳战术吃鱼头,-,-,2023/4/4,陈宁,自然人,-,行情酝酿中,国产替代,-,-,政策支持,传统行业,-,-
688345.SH,688345,博力威,中盘股,工业,储能设备,电池,广东,53.95,科创板,-,-,-,-,2021/6/11,张志平,自然人,-,表现超预期,新科技,特高压电力产业链,-,政策支持,高新技术产业,耐用品,-
688347.SH,688347,华虹公司,大盘股,信息技术,集成电路,集成电路制造,上海,124.61,科创板,火山口 派出小部队勇吃鱼身,连续多天小涨 龟壳战术吃鱼头,-,-,2023/8/7,上海市国有资产监督管理委员会,企业,-,行情酝酿中,新科技,-,-,政策支持,高新技术产业,-,-
688348.SH,688348,昱能科技,小盘股,工业,发电设备,光伏设备,浙江,53.22,科创板,火山口 派出小部队勇吃鱼身,-,-,-,2022/6/8,LINGZHIMIN(凌志敏),自然人,"阿尔法高波动,等待周期更长,20厘米涨停爆发性强",行情酝酿中,新科技,特高压电力产业链,-,政策支持,高新技术产业,耐用品,-
688349.SH,688349,三一重能,中盘股,工业,发电设备,风电设备,北京,24.26,科创板,火山口 派出小部队勇吃鱼身,-,-,-,2022/6/22,梁稳根,自然人,-,行情酝酿中,新科技,特高压电力产业链,-,政策支持,高新技术产业,耐用品,-
688350.SH,688350,富淼科技,小盘股,原材料,化学制品,其他化学制品,江苏,29.08,科创板,-,-,-,-,2021/1/28,吴耀芳,自然人,"阿尔法高波动,等待周期更长,20厘米涨停爆发性强",行情酝酿中,-,-,化工,行业成熟稳定,传统行业,耐用品,-
688351.SH,688351,微电生理,小盘股,医药卫生,医疗器械,医疗耗材,上海,24.36,科创板,火山口 派出小部队勇吃鱼身,连续多天小涨 龟壳战术吃鱼头,-,-,2022/8/31,无实际控制人,其他,"阿尔法高波动,等待周期更长,20厘米涨停爆发性强",行情酝酿中,大健康,-,-,行业成熟稳定,传统行业,消耗品,-
688352.SH,688352,颀中科技,中盘股,信息技术,集成电路,集成电路封测,安徽,13.13,科创板,火山口 派出小部队勇吃鱼身,-,-,-,2023/4/20,合肥市人民政府国有资产监督管理委员会,企业,-,行情酝酿中,新科技,-,-,政策支持,高新技术产业,-,-
688353.SH,688353,华盛锂电,大盘股,工业,储能设备,电池部件及材料,江苏,124.83,科创板,-,-,-,-,2022/7/13,沈锦良,自然人,-,表现超预期,-,-,化工,行业成熟稳定,传统行业,耐用品,-
688355.SH,688355,明志科技,小盘股,工业,通用机械,其他通用机械,江苏,23.35,科创板,火山口 派出小部队勇吃鱼身,-,-,-,2021/5/12,邱壑,自然人,"阿尔法高波动,等待周期更长,20厘米涨停爆发性强",行情酝酿中,-,-,制造业(工业母机),行业成熟稳定,传统行业,耐用品,-
688356.SH,688356,键凯科技,小盘股,医药卫生,化学药,原料药,北京,107.77,科创板,-,-,-,-,2020/8/26,XUAN ZHAO,自然人,"阿尔法高波动,等待周期更长,20厘米涨停爆发性强",表现超预期,大健康,-,-,政策支持,高新技术产业,消耗品,-
688357.SH,688357,建龙微纳,迷你盘,原材料,化学制品,其他化学制品,河南,35.85,科创板,火山口 派出小部队勇吃鱼身,连续多天小涨 龟壳战术吃鱼头,-,-,2019/12/4,李建波,自然人,"阿尔法高波动,等待周期更长,20厘米涨停爆发性强",行情酝酿中,-,-,化工,行业成熟稳定,传统行业,耐用品,-
688358.SH,688358,祥生医疗,迷你盘,医药卫生,医疗器械,医疗设备,江苏,29.59,科创板,-,-,-,-,2019/12/3,莫若理,自然人,"阿尔法高波动,等待周期更长,20厘米涨停爆发性强",行情酝酿中,大健康,-,-,行业成熟稳定,传统行业,消耗品,-
688359.SH,688359,三孚新科,大盘股,信息技术,电子化学品,电子化学品,广东,100.5,科创板,-,-,-,-,2021/5/21,上官文龙,自然人,-,表现超预期,-,-,化工,行业成熟稳定,传统行业,耐用品,-
688360.SH,688360,德马科技,小盘股,工业,专用机械,其他专用机械,浙江,19.12,科创板,-,-,-,-,2020/6/2,卓序,自然人,"阿尔法高波动,等待周期更长,20厘米涨停爆发性强",行情酝酿中,-,-,制造业(工业母机),行业成熟稳定,传统行业,耐用品,-
688361.SH,688361,中科飞测,大盘股,信息技术,半导体材料与设备,半导体设备,深圳,177.2,科创板,-,-,-,-,2023/5/19,哈承姝,自然人,-,表现超预期,新科技,-,-,政策支持,高新技术产业,-,-
688362.SH,688362,甬矽电子,大盘股,信息技术,集成电路,集成电路封测,浙江,48.2,科创板,-,连续多天小涨 龟壳战术吃鱼头,-,-,2022/11/16,王顺波,自然人,-,表现超预期,新科技,-,-,政策支持,高新技术产业,-,-
688363.SH,688363,华熙生物,小盘股,主要消费,美容护理,美容护理,山东,43.2,科创板,火山口 派出小部队勇吃鱼身,连续多天小涨 龟壳战术吃鱼头,-,-,2019/11/6,赵燕,自然人,"阿尔法高波动,等待周期更长,20厘米涨停爆发性强",行情酝酿中,大健康,-,-,行业成熟稳定,传统行业,消耗品,-
688365.SH,688365,光云科技,中盘股,信息技术,信息技术服务,云计算服务,浙江,19.65,科创板,-,-,-,-,2020/4/29,谭光华,自然人,-,表现超预期,国产替代,-,-,政策支持,传统行业,-,-
688366.SH,688366,昊海生科,迷你盘,医药卫生,医疗器械,医疗耗材,上海,39.1,科创板,火山口 派出小部队勇吃鱼身,连续多天小涨 龟壳战术吃鱼头,-,-,2019/10/30,蒋伟,自然人,"阿尔法高波动,等待周期更长,20厘米涨停爆发性强",行情酝酿中,大健康,-,-,行业成熟稳定,传统行业,消耗品,-
688367.SH,688367,工大高科,中盘股,工业,交通运输设备,城轨铁路,安徽,39.3,科创板,火山口 派出小部队勇吃鱼身,连续多天小涨 龟壳战术吃鱼头,-,-,2021/6/28,魏臻,自然人,-,行情酝酿中,-,-,制造业(工业母机),行业成熟稳定,传统行业,耐用品,-
688368.SH,688368,晶丰明源,大盘股,信息技术,光学光电子,LED,上海,153.41,科创板,-,-,-,-,2019/10/14,胡黎强,自然人,-,表现超预期,新科技,-,-,政策支持,高新技术产业,-,-
688369.SH,688369,致远互联,小盘股,信息技术,软件开发,通用软件,北京,25.17,科创板,火山口 派出小部队勇吃鱼身,连续多天小涨 龟壳战术吃鱼头,-,-,2019/10/31,徐石,自然人,"阿尔法高波动,等待周期更长,20厘米涨停爆发性强",行情酝酿中,国产替代,-,-,政策支持,传统行业,-,-
688370.SH,688370,丛麟科技,迷你盘,工业,污染治理,固废处理,上海,25.2,科创板,-,-,-,-,2022/8/25,宋乐平,自然人,"阿尔法高波动,等待周期更长,20厘米涨停爆发性强",表现超预期,-,-,民生,行业成熟稳定,传统行业,-,-
688371.SH,688371,菲沃泰,迷你盘,信息技术,电子终端及组件,消费电子组件及零部件,江苏,21.25,科创板,火山口 派出小部队勇吃鱼身,连续多天小涨 龟壳战术吃鱼头,-,-,2022/8/2,宗坚,自然人,"阿尔法高波动,等待周期更长,20厘米涨停爆发性强",行情酝酿中,新科技,-,-,政策支持,高新技术产业,-,-
688372.SH,688372,伟测科技,大盘股,信息技术,集成电路,集成电路封测,上海,152.42,科创板,火山口 派出小部队勇吃鱼身,-,-,-,2022/10/26,骈文胜,自然人,-,行情酝酿中,新科技,-,-,政策支持,高新技术产业,-,有量化参与
688373.SH,688373,盟科药业-U,小盘股,NA,NA,NA,上海,6.21,科创板,-,-,-,-,2022/8/5,无实际控制人,其他,"阿尔法高波动,等待周期更长,20厘米涨停爆发性强",行情酝酿中,大健康,-,-,政策支持,高新技术产业,消耗品,-
688375.SH,688375,国博电子,大盘股,工业,国防装备,国防装备,江苏,135.05,科创板,-,-,-,-,2022/7/22,中国电子科技集团有限公司,企业,-,表现超预期,新科技,-,-,政策支持,高新技术产业,-,-
688376.SH,688376,美埃科技,中盘股,工业,专用机械,楼宇设备,江苏,74.37,科创板,火山口 派出小部队勇吃鱼身,-,-,-,2022/11/18,蒋立,自然人,-,表现超预期,-,-,制造业(工业母机),行业成熟稳定,高新技术产业,耐用品,-
688377.SH,688377,迪威尔,迷你盘,能源,油气开采与油田服务,油气开采,江苏,40.3,科创板,火山口 派出小部队勇吃鱼身,连续多天小涨 龟壳战术吃鱼头,-,-,2020/7/8,张利,自然人,"阿尔法高波动,等待周期更长,20厘米涨停爆发性强",表现超预期,-,-,制造业(工业母机),行业成熟稳定,高新技术产业,耐用品,-
688378.SH,688378,奥来德,中盘股,信息技术,光学光电子,面板,吉林,37.84,科创板,火山口 派出小部队勇吃鱼身,-,-,-,2020/9/3,轩景泉,自然人,-,行情酝酿中,-,-,制造业(工业母机),行业成熟稳定,高新技术产业,耐用品,-
688379.SH,688379,华光新材,大盘股,工业,通用机械,其他通用机械,浙江,55.53,科创板,-,-,-,-,2020/8/19,金李梅,自然人,-,表现超预期,-,-,制造业(工业母机),行业成熟稳定,传统行业,耐用品,-
688380.SH,688380,中微半导,中盘股,信息技术,集成电路,集成电路设计,深圳,46.87,科创板,-,-,-,-,2022/8/5,杨勇,自然人,-,表现超预期,新科技,-,-,政策支持,高新技术产业,-,-
688381.SH,688381,帝奥微,中盘股,信息技术,集成电路,集成电路设计,江苏,25.19,科创板,火山口 派出小部队勇吃鱼身,-,-,-,2022/8/23,鞠建宏,自然人,-,表现超预期,新科技,-,-,政策支持,高新技术产业,-,-
688382.SH,688382,益方生物-U,大盘股,NA,NA,NA,上海,22.07,科创板,-,-,-,-,2022/7/25,YAOLIN WANG(王耀林),自然人,-,表现超预期,大健康,-,-,政策支持,高新技术产业,消耗品,-
688383.SH,688383,新益昌,中盘股,工业,专用机械,其他专用机械,深圳,96.51,科创板,火山口 派出小部队勇吃鱼身,连续多天小涨 龟壳战术吃鱼头,-,-,2021/4/28,胡新荣,自然人,-,表现超预期,-,-,制造业(工业母机),行业成熟稳定,高新技术产业,耐用品,-
688385.SH,688385,复旦微电,大盘股,信息技术,集成电路,集成电路设计,上海,71.91,科创板,-,-,-,-,2021/8/4,无实际控制人,其他,-,表现超预期,新科技,-,-,政策支持,高新技术产业,-,-
688386.SH,688386,泛亚微透,小盘股,可选消费,汽车零部件与轮胎,其他汽车零部件,江苏,79.5,科创板,火山口 派出小部队勇吃鱼身,连续多天小涨 龟壳战术吃鱼头,-,-,2020/10/16,张云,自然人,"阿尔法高波动,等待周期更长,20厘米涨停爆发性强",行情酝酿中,-,-,化工,行业成熟稳定,传统行业,耐用品,-
688387.SH,688387,信科移动-U,大盘股,NA,NA,NA,湖北,17.49,科创板,火山口 派出小部队勇吃鱼身,连续多天小涨 龟壳战术吃鱼头,有涨停 火山口战法吃鱼身,-,2022/9/26,国务院国有资产监督管理委员会,企业,-,表现超预期,新基建,-,-,政策支持,高新技术产业,-,-
688388.SH,688388,嘉元科技,大盘股,工业,储能设备,电池部件及材料,广东,50.06,科创板,火山口 派出小部队勇吃鱼身,连续多天小涨 龟壳战术吃鱼头,-,-,2019/7/22,廖平元,自然人,-,行情酝酿中,新科技,特高压电力产业链,-,政策支持,高新技术产业,耐用品,-
688389.SH,688389,普门科技,迷你盘,医药卫生,医疗器械,体外诊断,深圳,12.65,科创板,火山口 派出小部队勇吃鱼身,连续多天小涨 龟壳战术吃鱼头,-,-,2019/11/5,刘先成,自然人,"阿尔法高波动,等待周期更长,20厘米涨停爆发性强",行情酝酿中,大健康,-,-,行业成熟稳定,传统行业,消耗品,-
688390.SH,688390,固德威,大盘股,工业,发电设备,光伏设备,江苏,87.34,科创板,-,-,-,-,2020/9/4,黄敏,自然人,-,表现超预期,新科技,特高压电力产业链,-,政策支持,高新技术产业,耐用品,-
688391.SH,688391,钜泉科技,迷你盘,信息技术,集成电路,集成电路设计,上海,30.85,科创板,火山口 派出小部队勇吃鱼身,连续多天小涨 龟壳战术吃鱼头,-,-,2022/9/13,无实际控制人,其他,"阿尔法高波动,等待周期更长,20厘米涨停爆发性强",行情酝酿中,新科技,-,-,政策支持,高新技术产业,-,-
688392.SH,688392,骄成超声,中盘股,工业,专用机械,其他专用机械,上海,131.84,科创板,-,-,-,-,2022/9/27,周宏建,自然人,-,行情酝酿中,-,-,制造业(工业母机),行业成熟稳定,高新技术产业,耐用品,-
688393.SH,688393,安必平,迷你盘,医药卫生,医疗器械,体外诊断,广东,23.6,科创板,火山口 派出小部队勇吃鱼身,连续多天小涨 龟壳战术吃鱼头,-,-,2020/8/20,蔡向挺,自然人,"阿尔法高波动,等待周期更长,20厘米涨停爆发性强",行情酝酿中,大健康,-,-,行业成熟稳定,传统行业,消耗品,-
688395.SH,688395,正弦电气,迷你盘,工业,通用机械,电动机与工控自动化,深圳,26.76,科创板,火山口 派出小部队勇吃鱼身,连续多天小涨 龟壳战术吃鱼头,-,-,2021/4/29,涂从欢,自然人,"阿尔法高波动,等待周期更长,20厘米涨停爆发性强",行情酝酿中,-,-,制造业(工业母机),行业成熟稳定,传统行业,耐用品,-
688396.SH,688396,华润微,大盘股,信息技术,集成电路,集成电路制造,江苏,49.25,科创板,火山口 派出小部队勇吃鱼身,-,-,-,2020/2/27,中国华润有限公司,企业,-,行情酝酿中,新科技,-,-,政策支持,高新技术产业,-,-
688398.SH,688398,赛特新材,小盘股,原材料,其他非金属材料,玻璃纤维,福建,28,科创板,-,-,-,-,2020/2/11,汪坤明,自然人,"阿尔法高波动,等待周期更长,20厘米涨停爆发性强",表现超预期,新能源,-,能源,行业成熟稳定,传统行业,消耗品,-
688399.SH,688399,硕世生物,中盘股,医药卫生,医疗器械,体外诊断,江苏,57,科创板,-,-,-,-,2019/12/5,王国强,自然人,-,表现超预期,大健康,-,-,行业成熟稳定,传统行业,消耗品,-
688400.SH,688400,凌云光,大盘股,工业,通用机械,仪器仪表,北京,48.94,科创板,火山口 派出小部队勇吃鱼身,-,-,-,2022/7/6,姚毅,自然人,-,行情酝酿中,-,-,制造业(工业母机),行业成熟稳定,高新技术产业,耐用品,-
688401.SH,688401,路维光电,中盘股,信息技术,光学光电子,面板,深圳,57.09,科创板,-,-,-,-,2022/8/17,杜武兵,自然人,-,表现超预期,新科技,-,-,政策支持,高新技术产业,-,-
688403.SH,688403,汇成股份,大盘股,信息技术,集成电路,集成电路封测,安徽,17.59,科创板,-,-,-,-,2022/8/18,杨会,自然人,-,表现超预期,新科技,-,-,政策支持,高新技术产业,-,-
688408.SH,688408,中信博,中盘股,工业,发电设备,光伏设备,江苏,41,科创板,火山口 派出小部队勇吃鱼身,连续多天小涨 龟壳战术吃鱼头,-,-,2020/8/28,蔡浩,自然人,-,表现超预期,新科技,特高压电力产业链,-,政策支持,高新技术产业,耐用品,-
688409.SH,688409,富创精密,大盘股,信息技术,半导体材料与设备,半导体设备,辽宁,99.13,科创板,-,-,有涨停 火山口战法吃鱼身,-,2022/10/10,郑广文,自然人,-,表现超预期,新科技,-,-,政策支持,高新技术产业,-,-
688410.SH,688410,山外山,迷你盘,医药卫生,医疗器械,医疗设备,重庆,15.75,科创板,-,-,-,-,2022/12/26,高光勇,自然人,"阿尔法高波动,等待周期更长,20厘米涨停爆发性强",行情酝酿中,大健康,-,-,行业成熟稳定,传统行业,消耗品,-
688411.SH,688411,海博思创,大盘股,工业,储能设备,其他储能设备,北京,230.35,科创板,-,-,-,-,2025/1/27,张剑辉,自然人,-,行情酝酿中,新科技,特高压电力产业链,-,政策支持,高新技术产业,耐用品,有量化参与
688416.SH,688416,恒烁股份,大盘股,信息技术,集成电路,集成电路设计,安徽,90.09,科创板,-,-,-,-,2022/8/29,XIANGDONG LU,自然人,-,表现超预期,新科技,-,-,政策支持,高新技术产业,-,-
688418.SH,688418,震有科技,大盘股,通信服务,通信设备,通信终端设备及组件,深圳,47.67,科创板,-,-,有涨停 火山口战法吃鱼身,-,2020/7/22,吴闽华,自然人,-,表现超预期,新基建,-,-,政策支持,高新技术产业,-,-
688419.SH,688419,耐科装备,小盘股,工业,通用机械,加工机械,安徽,49.3,科创板,-,连续多天小涨 龟壳战术吃鱼头,-,-,2022/11/7,郑天勤,自然人,"阿尔法高波动,等待周期更长,20厘米涨停爆发性强",行情酝酿中,新科技,-,-,政策支持,高新技术产业,-,-
688420.SH,688420,美腾科技,迷你盘,工业,专用机械,采矿冶金机械,天津,24.71,科创板,-,-,-,-,2022/12/9,李太友,自然人,"阿尔法高波动,等待周期更长,20厘米涨停爆发性强",行情酝酿中,-,-,制造业(工业母机),行业成熟稳定,高新技术产业,耐用品,-
688425.SH,688425,铁建重工,小盘股,工业,专用机械,工程机械,湖南,4.85,科创板,-,-,-,-,2021/6/22,国务院国有资产监督管理委员会,企业,"阿尔法高波动,等待周期更长,20厘米涨停爆发性强",行情酝酿中,-,-,制造业(工业母机),行业成熟稳定,高新技术产业,耐用品,-
688426.SH,688426,康为世纪,迷你盘,医药卫生,医疗器械,体外诊断,江苏,20.14,科创板,火山口 派出小部队勇吃鱼身,-,-,-,2022/10/25,王春香,自然人,"阿尔法高波动,等待周期更长,20厘米涨停爆发性强",行情酝酿中,大健康,-,-,政策支持,高新技术产业,消耗品,-
688428.SH,688428,诺诚健华,中盘股,医药卫生,生物药品,其他生物药品,北京,30.8,科创板,-,-,-,-,2022/9/21,无实际控制人,其他,-,表现超预期,大健康,-,-,政策支持,高新技术产业,消耗品,-
688429.SH,688429,时创能源,小盘股,工业,发电设备,光伏设备,江苏,15.06,科创板,-,-,-,-,2023/6/29,符黎明,自然人,"阿尔法高波动,等待周期更长,20厘米涨停爆发性强",表现超预期,新科技,特高压电力产业链,-,政策支持,高新技术产业,耐用品,-
688432.SH,688432,有研硅,中盘股,信息技术,半导体材料与设备,半导体材料,北京,15.15,科创板,火山口 派出小部队勇吃鱼身,-,-,-,2022/11/10,方永义,自然人,-,行情酝酿中,新科技,-,-,政策支持,高新技术产业,-,-
688433.SH,688433,华曙高科,中盘股,工业,通用机械,电动机与工控自动化,湖南,81.25,科创板,-,-,-,-,2023/4/17,XIAOSHU XU(许小曙),自然人,-,表现超预期,-,-,制造业(工业母机),行业成熟稳定,高新技术产业,耐用品,-
688435.SH,688435,英方软件,小盘股,信息技术,软件开发,通用软件,上海,42.41,科创板,-,-,-,-,2023/1/19,胡军擎,自然人,"阿尔法高波动,等待周期更长,20厘米涨停爆发性强",行情酝酿中,国产替代,-,-,政策支持,传统行业,-,-
688439.SH,688439,振华风光,小盘股,工业,国防装备,国防装备,贵州,51.14,科创板,火山口 派出小部队勇吃鱼身,连续多天小涨 龟壳战术吃鱼头,-,-,2022/8/26,中国电子信息产业集团有限公司,企业,"阿尔法高波动,等待周期更长,20厘米涨停爆发性强",行情酝酿中,新科技,-,-,政策支持,高新技术产业,-,-
688443.SH,688443,智翔金泰-U,中盘股,NA,NA,NA,重庆,31.13,科创板,-,-,-,-,2023/6/20,蒋仁生,自然人,-,表现超预期,大健康,-,-,政策支持,高新技术产业,消耗品,-
688448.SH,688448,磁谷科技,小盘股,工业,通用机械,气液机械,江苏,62.91,科创板,-,-,-,-,2022/9/21,吴立华,自然人,"阿尔法高波动,等待周期更长,20厘米涨停爆发性强",表现超预期,-,-,制造业(工业母机),行业成熟稳定,高新技术产业,耐用品,-
688449.SH,688449,联芸科技,大盘股,信息技术,集成电路,集成电路设计,浙江,48.62,科创板,-,-,-,-,2024/11/29,方小玲,自然人,-,表现超预期,新科技,-,-,政策支持,高新技术产业,-,-
688450.SH,688450,光格科技,小盘股,工业,电网设备,电网自动化,江苏,41.26,科创板,-,-,-,-,2023/7/24,姜明武,自然人,"阿尔法高波动,等待周期更长,20厘米涨停爆发性强",表现超预期,-,智能汽车产业链,制造业(工业母机),行业成熟稳定,传统行业,耐用品,-
688455.SH,688455,科捷智能,中盘股,工业,通用机械,电动机与工控自动化,山东,29.55,科创板,-,-,-,-,2022/9/15,龙进军,自然人,-,行情酝酿中,-,-,制造业(工业母机),行业成熟稳定,传统行业,耐用品,-
688456.SH,688456,有研粉材,中盘股,原材料,工业金属,铜,北京,58.03,科创板,火山口 派出小部队勇吃鱼身,连续多天小涨 龟壳战术吃鱼头,-,-,2021/3/17,中国有研科技集团有限公司,企业,-,行情酝酿中,新能源,特高压电力产业链,-,行业成熟稳定,传统行业,消耗品,-
688458.SH,688458,美芯晟,迷你盘,信息技术,集成电路,集成电路设计,北京,36.45,科创板,火山口 派出小部队勇吃鱼身,连续多天小涨 龟壳战术吃鱼头,-,-,2023/5/22,CHENG BAOHONG,自然人,"阿尔法高波动,等待周期更长,20厘米涨停爆发性强",行情酝酿中,新科技,-,-,政策支持,高新技术产业,-,-
688459.SH,688459,哈铁科技,迷你盘,工业,交通运输设备,城轨铁路,黑龙江,9.36,科创板,火山口 派出小部队勇吃鱼身,连续多天小涨 龟壳战术吃鱼头,-,-,2022/10/12,中国国家铁路集团有限公司,企业,"阿尔法高波动,等待周期更长,20厘米涨停爆发性强",行情酝酿中,-,-,制造业(工业母机),行业成熟稳定,传统行业,耐用品,-
688466.SH,688466,金科环境,迷你盘,工业,污染治理,污水处理,北京,17.33,科创板,-,-,-,-,2020/5/8,张慧春,自然人,"阿尔法高波动,等待周期更长,20厘米涨停爆发性强",行情酝酿中,-,-,民生,行业成熟稳定,传统行业,-,-
688468.SH,688468,科美诊断,迷你盘,医药卫生,医疗器械,体外诊断,北京,7.22,科创板,火山口 派出小部队勇吃鱼身,连续多天小涨 龟壳战术吃鱼头,-,-,2021/4/9,李临,自然人,"阿尔法高波动,等待周期更长,20厘米涨停爆发性强",行情酝酿中,大健康,-,-,行业成熟稳定,传统行业,消耗品,-
688469.SH,688469,芯联集成-U,大盘股,NA,NA,NA,浙江,6.7,科创板,火山口 派出小部队勇吃鱼身,连续多天小涨 龟壳战术吃鱼头,-,-,2023/5/10,无实际控制人,其他,-,行情酝酿中,新科技,-,-,政策支持,高新技术产业,-,-
688472.SH,688472,阿特斯,大盘股,工业,发电设备,光伏设备,江苏,13.21,科创板,-,-,-,-,2023/6/9,Xiaohua Qu(瞿晓铧),自然人,-,行情酝酿中,新科技,特高压电力产业链,-,政策支持,高新技术产业,耐用品,-
688475.SH,688475,萤石网络,中盘股,信息技术,电子终端及组件,安防设备及其他,浙江,29.57,科创板,火山口 派出小部队勇吃鱼身,连续多天小涨 龟壳战术吃鱼头,-,-,2022/12/28,中国电子科技集团有限公司,企业,-,表现超预期,新基建,-,-,政策支持,高新技术产业,-,-
688478.SH,688478,晶升股份,大盘股,信息技术,半导体材料与设备,半导体设备,江苏,38.67,科创板,-,-,-,-,2023/4/24,李辉,自然人,-,表现超预期,新科技,-,-,政策支持,高新技术产业,-,-
688479.SH,688479,友车科技,小盘股,信息技术,软件开发,行业应用软件,上海,35.13,科创板,-,-,-,高人气,2023/5/11,王文京,自然人,"阿尔法高波动,等待周期更长,20厘米涨停爆发性强",表现超预期,国产替代,-,-,政策支持,传统行业,-,-
688480.SH,688480,赛恩斯,中盘股,工业,污染治理,污水处理,湖南,85.24,科创板,-,-,-,-,2022/11/25,高时会,自然人,-,行情酝酿中,-,-,民生,行业成熟稳定,传统行业,-,有量化参与
688484.SH,688484,南芯科技,中盘股,信息技术,集成电路,集成电路设计,上海,37.26,科创板,火山口 派出小部队勇吃鱼身,连续多天小涨 龟壳战术吃鱼头,-,-,2023/4/7,阮晨杰,自然人,-,行情酝酿中,新科技,-,-,政策支持,高新技术产业,-,-
688485.SH,688485,九州一轨,大盘股,工业,交通运输设备,城轨铁路,北京,43.5,科创板,-,-,-,-,2023/1/18,无实际控制人,其他,-,表现超预期,-,-,制造业(工业母机),行业成熟稳定,传统行业,耐用品,-
688486.SH,688486,龙迅股份,中盘股,信息技术,集成电路,集成电路设计,安徽,70.5,科创板,-,-,-,-,2023/2/21,FENG CHEN,自然人,-,表现超预期,新科技,-,-,政策支持,高新技术产业,-,-
688488.SH,688488,艾迪药业,中盘股,医药卫生,生物药品,其他生物药品,江苏,19.36,科创板,-,-,-,-,2020/7/20,JINDI WU,自然人,-,表现超预期,大健康,-,-,政策支持,高新技术产业,消耗品,-
688489.SH,688489,三未信安,迷你盘,信息技术,信息技术服务,系统集成服务,北京,39.84,科创板,火山口 派出小部队勇吃鱼身,连续多天小涨 龟壳战术吃鱼头,-,-,2022/12/2,张岳公,自然人,"阿尔法高波动,等待周期更长,20厘米涨停爆发性强",行情酝酿中,新基建,-,-,政策支持,高新技术产业,-,-
688496.SH,688496,清越科技,迷你盘,信息技术,光学光电子,面板,江苏,5.67,科创板,-,-,-,-,2022/12/28,高裕弟,自然人,"阿尔法高波动,等待周期更长,20厘米涨停爆发性强",行情酝酿中,新科技,-,-,政策支持,高新技术产业,-,-
688498.SH,688498,源杰科技,大盘股,信息技术,光学光电子,光学元件,陕西,1445,科创板,-,-,有涨停 火山口战法吃鱼身,-,2022/12/21,ZHANG XINGANG,自然人,-,表现超预期,新科技,-,-,政策支持,高新技术产业,-,-
688499.SH,688499,利元亨,大盘股,工业,专用机械,其他专用机械,广东,53.89,科创板,-,-,-,-,2021/7/1,周俊雄,自然人,-,表现超预期,-,-,制造业(工业母机),行业成熟稳定,高新技术产业,耐用品,-
688500.SH,688500,慧辰股份,小盘股,信息技术,信息技术服务,其他IT与互联网服务,北京,52.27,科创板,-,-,有涨停 火山口战法吃鱼身,高人气,2020/7/16,赵龙,自然人,"阿尔法高波动,等待周期更长,20厘米涨停爆发性强",表现超预期,国产替代,电子商务产业链,-,政策支持,传统行业,-,-
688501.SH,688501,青达环保,迷你盘,工业,污染治理,固废处理,山东,26.19,科创板,火山口 派出小部队勇吃鱼身,-,-,-,2021/7/16,王勇,自然人,"阿尔法高波动,等待周期更长,20厘米涨停爆发性强",表现超预期,-,-,民生,行业成熟稳定,传统行业,-,-
688502.SH,688502,茂莱光学,大盘股,信息技术,光学光电子,光学元件,江苏,411.11,科创板,-,-,有涨停 火山口战法吃鱼身,-,2023/3/9,范一,自然人,-,表现超预期,新科技,-,-,政策支持,高新技术产业,-,-
688503.SH,688503,聚和材料,大盘股,工业,发电设备,光伏设备,江苏,97.7,科创板,-,-,-,-,2022/12/9,刘海东,自然人,-,表现超预期,新科技,特高压电力产业链,-,政策支持,高新技术产业,耐用品,-
688505.SH,688505,复旦张江,迷你盘,医药卫生,化学药,药品制剂,上海,7.88,科创板,火山口 派出小部队勇吃鱼身,-,-,-,2020/6/19,无实际控制人,其他,"阿尔法高波动,等待周期更长,20厘米涨停爆发性强",行情酝酿中,大健康,-,-,政策支持,高新技术产业,消耗品,-
688506.SH,688506,百利天恒,大盘股,医药卫生,化学药,药品制剂,四川,298.39,科创板,-,-,-,-,2023/1/6,朱义,自然人,-,表现超预期,大健康,-,-,政策支持,高新技术产业,消耗品,有量化参与
688507.SH,688507,索辰科技,小盘股,信息技术,软件开发,行业应用软件,上海,91.32,科创板,-,-,-,-,2023/4/18,陈灏,自然人,"阿尔法高波动,等待周期更长,20厘米涨停爆发性强",表现超预期,国产替代,-,-,政策支持,传统行业,-,有量化参与
688508.SH,688508,芯朋微,中盘股,信息技术,集成电路,集成电路设计,江苏,66.37,科创板,-,-,-,-,2020/7/22,张立新,自然人,-,表现超预期,新科技,-,-,政策支持,高新技术产业,-,-
688509.SH,688509,正元地信,迷你盘,工业,商业服务与用品,其他商业服务与用品,北京,4.52,科创板,火山口 派出小部队勇吃鱼身,-,-,-,2021/7/30,国务院国有资产监督管理委员会,企业,"阿尔法高波动,等待周期更长,20厘米涨停爆发性强",行情酝酿中,国产替代,-,-,政策支持,传统行业,-,-
688510.SH,688510,航亚科技,中盘股,工业,航空航天,航空,江苏,33.35,科创板,火山口 派出小部队勇吃鱼身,连续多天小涨 龟壳战术吃鱼头,-,-,2020/12/16,严奇,自然人,-,行情酝酿中,-,军工高铁产业链,-,政策支持,高新技术产业,-,-
688511.SH,688511,*ST天微,迷你盘,工业,国防装备,国防装备,四川,22.45,科创板,火山口 派出小部队勇吃鱼身,连续多天小涨 龟壳战术吃鱼头,-,-,2021/7/30,巨万里,自然人,"阿尔法高波动,等待周期更长,20厘米涨停爆发性强",行情酝酿中,新科技,-,-,政策支持,高新技术产业,-,-
688512.SH,688512,慧智微-U,小盘股,NA,NA,NA,广东,12.88,科创板,火山口 派出小部队勇吃鱼身,连续多天小涨 龟壳战术吃鱼头,-,-,2023/5/16,李阳,自然人,"阿尔法高波动,等待周期更长,20厘米涨停爆发性强",行情酝酿中,新科技,-,-,政策支持,高新技术产业,-,-
688513.SH,688513,苑东生物,中盘股,医药卫生,化学药,药品制剂,四川,66.86,科创板,-,-,-,-,2020/9/2,王颖,自然人,-,行情酝酿中,大健康,-,-,政策支持,高新技术产业,消耗品,-
688515.SH,688515,裕太微-U,中盘股,NA,NA,NA,江苏,132.42,科创板,火山口 派出小部队勇吃鱼身,连续多天小涨 龟壳战术吃鱼头,-,-,2023/2/10,无实际控制人,其他,-,行情酝酿中,新科技,-,-,政策支持,高新技术产业,-,-
688516.SH,688516,奥特维,大盘股,工业,发电设备,光伏设备,江苏,80.5,科创板,-,-,-,-,2020/5/21,葛志勇,自然人,-,表现超预期,-,-,制造业(工业母机),行业成熟稳定,高新技术产业,耐用品,-
688517.SH,688517,金冠电气,小盘股,工业,电网设备,配电设备,河南,21.28,科创板,火山口 派出小部队勇吃鱼身,连续多天小涨 龟壳战术吃鱼头,-,-,2021/6/18,樊崇,自然人,"阿尔法高波动,等待周期更长,20厘米涨停爆发性强",行情酝酿中,新科技,特高压电力产业链,-,政策支持,高新技术产业,耐用品,-
688518.SH,688518,联赢激光,大盘股,工业,专用机械,其他专用机械,深圳,28.61,科创板,-,-,-,-,2020/6/22,韩金龙,自然人,-,表现超预期,-,-,制造业(工业母机),行业成熟稳定,高新技术产业,耐用品,-
688519.SH,688519,南亚新材,大盘股,信息技术,电子元件,印制电路板,上海,148.5,科创板,-,-,有涨停 火山口战法吃鱼身,-,2020/8/18,包秀银,自然人,-,表现超预期,新科技,-,-,政策支持,高新技术产业,-,有量化参与
688520.SH,688520,神州细胞,中盘股,医药卫生,生物药品,其他生物药品,北京,44.25,科创板,-,-,-,-,2020/6/22,谢良志,自然人,-,行情酝酿中,大健康,-,-,政策支持,高新技术产业,消耗品,-
688521.SH,688521,芯原股份,大盘股,信息技术,集成电路,集成电路设计,上海,241.08,科创板,-,-,-,-,2020/8/18,无实际控制人,其他,-,表现超预期,新科技,-,-,政策支持,高新技术产业,-,有量化参与
688522.SH,688522,纳睿雷达,中盘股,工业,国防装备,国防装备,广东,36.91,科创板,-,-,-,-,2023/3/1,包晓军,自然人,-,表现超预期,新基建,-,-,政策支持,高新技术产业,-,-
688523.SH,688523,航天环宇,大盘股,工业,航空航天,航天,湖南,69.9,科创板,-,-,有涨停 火山口战法吃鱼身,-,2023/6/2,李完小,自然人,-,表现超预期,-,军工高铁产业链,-,政策支持,高新技术产业,-,-
688525.SH,688525,佰维存储,大盘股,信息技术,集成电路,集成电路设计,深圳,270.67,科创板,-,-,有涨停 火山口战法吃鱼身,-,2022/12/30,孙成思,自然人,-,表现超预期,新科技,-,-,政策支持,高新技术产业,-,有量化参与
688526.SH,688526,科前生物,迷你盘,主要消费,养殖,动物保健与育种,湖北,15.1,科创板,火山口 派出小部队勇吃鱼身,连续多天小涨 龟壳战术吃鱼头,-,-,2020/9/22,吴斌,自然人,"阿尔法高波动,等待周期更长,20厘米涨停爆发性强",行情酝酿中,-,-,粮食,行业成熟稳定,传统行业,消耗品,-
688528.SH,688528,秦川物联,迷你盘,工业,通用机械,仪器仪表,四川,10.81,科创板,-,-,-,-,2020/7/1,邵泽华,自然人,"阿尔法高波动,等待周期更长,20厘米涨停爆发性强",行情酝酿中,-,智能汽车产业链,制造业(工业母机),行业成熟稳定,传统行业,耐用品,-
688529.SH,688529,豪森智能,迷你盘,工业,专用机械,其他专用机械,辽宁,18.42,科创板,火山口 派出小部队勇吃鱼身,-,-,-,2020/11/9,张继周,自然人,"阿尔法高波动,等待周期更长,20厘米涨停爆发性强",行情酝酿中,-,-,制造业(工业母机),行业成熟稳定,高新技术产业,耐用品,-
688530.SH,688530,欧莱新材,大盘股,信息技术,半导体材料与设备,半导体材料,广东,35.75,科创板,-,-,有涨停 火山口战法吃鱼身,-,2024/5/9,文宏福,自然人,-,表现超预期,新科技,-,-,政策支持,高新技术产业,-,-
688533.SH,688533,上声电子,迷你盘,可选消费,汽车零部件与轮胎,汽车电子,江苏,26.59,科创板,火山口 派出小部队勇吃鱼身,-,-,-,2021/4/19,无实际控制人,其他,"阿尔法高波动,等待周期更长,20厘米涨停爆发性强",行情酝酿中,-,智能汽车产业链,-,政策支持,传统行业,消耗品,-
688535.SH,688535,华海诚科,大盘股,信息技术,半导体材料与设备,半导体材料,江苏,125.65,科创板,火山口 派出小部队勇吃鱼身,连续多天小涨 龟壳战术吃鱼头,-,-,2023/4/4,韩江龙,自然人,-,行情酝酿中,新科技,-,-,政策支持,高新技术产业,-,-
688536.SH,688536,思瑞浦,大盘股,信息技术,集成电路,集成电路设计,江苏,201.66,科创板,-,-,-,-,2020/9/21,无实际控制人,其他,-,行情酝酿中,新科技,-,-,政策支持,高新技术产业,-,-
688538.SH,688538,和辉光电-U,小盘股,NA,NA,NA,上海,2.28,科创板,火山口 派出小部队勇吃鱼身,连续多天小涨 龟壳战术吃鱼头,-,-,2021/5/28,上海市国有资产监督管理委员会,企业,"阿尔法高波动,等待周期更长,20厘米涨停爆发性强",行情酝酿中,新科技,-,-,政策支持,高新技术产业,-,-
688539.SH,688539,高华科技,中盘股,工业,航空航天,航天,江苏,38.96,科创板,火山口 派出小部队勇吃鱼身,连续多天小涨 龟壳战术吃鱼头,-,-,2023/4/18,李维平,自然人,-,表现超预期,-,智能汽车产业链,制造业(工业母机),行业成熟稳定,传统行业,耐用品,-
688543.SH,688543,国科军工,大盘股,工业,国防装备,国防装备,江西,71.38,科创板,-,-,-,-,2023/6/21,江西省国有资产监督管理委员会,企业,-,行情酝酿中,-,-,制造业(工业母机),行业成熟稳定,高新技术产业,耐用品,-
688545.SH,688545,兴福电子,中盘股,信息技术,半导体材料与设备,半导体材料,湖北,51.8,科创板,火山口 派出小部队勇吃鱼身,-,-,-,2025/1/22,兴山县人民政府国有资产监督管理局,企业,-,行情酝酿中,新科技,-,-,政策支持,高新技术产业,-,-
688548.SH,688548,广钢气体,大盘股,信息技术,电子化学品,电子化学品,广东,25.32,科创板,-,-,-,高人气,2023/8/15,广州市人民政府国有资产监督管理委员会,企业,-,表现超预期,-,-,化工,行业成熟稳定,传统行业,耐用品,-
688549.SH,688549,中巨芯-U,中盘股,NA,NA,NA,浙江,9.34,科创板,火山口 派出小部队勇吃鱼身,-,-,-,2023/9/8,无实际控制人,其他,-,行情酝酿中,新科技,-,-,政策支持,高新技术产业,-,-
688550.SH,688550,瑞联新材,中盘股,信息技术,光学光电子,面板,陕西,42.7,科创板,-,-,-,-,2020/9/2,无实际控制人,其他,-,行情酝酿中,-,-,化工,行业成熟稳定,传统行业,耐用品,-
688551.SH,688551,科威尔,小盘股,工业,专用机械,其他专用机械,安徽,47.03,科创板,-,-,-,-,2020/9/10,傅仕涛,自然人,"阿尔法高波动,等待周期更长,20厘米涨停爆发性强",行情酝酿中,-,-,制造业(工业母机),行业成熟稳定,高新技术产业,耐用品,-
688552.SH,688552,航天南湖,大盘股,工业,国防装备,国防装备,湖北,48.7,科创板,-,-,有涨停 火山口战法吃鱼身,-,2023/5/18,中国航天科工集团有限公司,企业,-,表现超预期,新基建,-,-,政策支持,高新技术产业,-,-
688553.SH,688553,汇宇制药-W,中盘股,NA,NA,NA,四川,19.94,科创板,火山口 派出小部队勇吃鱼身,-,-,-,2021/10/26,丁兆,自然人,-,行情酝酿中,大健康,-,-,政策支持,高新技术产业,消耗品,-
688556.SH,688556,高测股份,大盘股,工业,发电设备,光伏设备,山东,14.35,科创板,-,-,-,-,2020/8/7,张顼,自然人,-,表现超预期,-,-,制造业(工业母机),行业成熟稳定,高新技术产业,耐用品,-
688557.SH,688557,兰剑智能,迷你盘,工业,专用机械,其他专用机械,山东,32.53,科创板,火山口 派出小部队勇吃鱼身,-,-,-,2020/12/2,吴耀华,自然人,"阿尔法高波动,等待周期更长,20厘米涨停爆发性强",行情酝酿中,-,-,制造业(工业母机),行业成熟稳定,高新技术产业,耐用品,-
688558.SH,688558,国盛智科,小盘股,工业,通用机械,电动机与工控自动化,江苏,30.81,科创板,火山口 派出小部队勇吃鱼身,连续多天小涨 龟壳战术吃鱼头,-,-,2020/6/30,潘卫国,自然人,"阿尔法高波动,等待周期更长,20厘米涨停爆发性强",行情酝酿中,新科技,-,制造业(工业母机),政策支持,高新技术产业,耐用品,-
688559.SH,688559,海目星,大盘股,工业,专用机械,其他专用机械,深圳,59.56,科创板,-,-,-,-,2020/9/9,赵盛宇,自然人,-,表现超预期,-,-,制造业(工业母机),行业成熟稳定,高新技术产业,耐用品,-
688560.SH,688560,明冠新材,大盘股,工业,发电设备,光伏设备,江西,17.78,科创板,-,-,有涨停 火山口战法吃鱼身,-,2020/12/24,闫洪嘉,自然人,-,表现超预期,新科技,特高压电力产业链,-,政策支持,高新技术产业,耐用品,-
688561.SH,688561,奇安信-U,中盘股,NA,NA,NA,北京,30.24,科创板,-,-,-,-,2020/7/22,齐向东,自然人,-,行情酝酿中,国产替代,-,-,政策支持,传统行业,-,-
688562.SH,688562,航天软件,小盘股,信息技术,软件开发,行业应用软件,北京,20.02,科创板,火山口 派出小部队勇吃鱼身,连续多天小涨 龟壳战术吃鱼头,-,-,2023/5/24,国务院国有资产监督管理委员会,企业,"阿尔法高波动,等待周期更长,20厘米涨停爆发性强",表现超预期,国产替代,-,-,政策支持,传统行业,-,-
688563.SH,688563,航材股份,中盘股,工业,航空航天,航空,北京,60.27,科创板,火山口 派出小部队勇吃鱼身,-,-,-,2023/7/19,中国航空发动机集团有限公司,企业,-,行情酝酿中,-,军工高铁产业链,-,政策支持,高新技术产业,-,-
688565.SH,688565,力源科技,迷你盘,工业,节能与生态修复,节能与资源回收,浙江,12.74,科创板,-,-,-,-,2021/5/13,沈万中,自然人,"阿尔法高波动,等待周期更长,20厘米涨停爆发性强",行情酝酿中,-,-,民生,行业成熟稳定,传统行业,-,-
688566.SH,688566,吉贝尔,小盘股,医药卫生,化学药,药品制剂,江苏,31.3,科创板,-,-,-,-,2020/5/18,耿仲毅,自然人,"阿尔法高波动,等待周期更长,20厘米涨停爆发性强",行情酝酿中,大健康,-,-,政策支持,高新技术产业,消耗品,-
688567.SH,688567,孚能科技,中盘股,工业,储能设备,电池,江西,13.93,科创板,-,-,-,-,2020/7/17,广州市人民政府,企业,-,表现超预期,新科技,特高压电力产业链,-,政策支持,高新技术产业,耐用品,-
688568.SH,688568,中科星图,大盘股,信息技术,软件开发,通用软件,北京,62.05,科创板,-,-,-,-,2020/7/8,中国科学院空天信息创新研究院,企业,-,表现超预期,国产替代,-,-,政策支持,传统行业,-,-
688569.SH,688569,铁科轨道,迷你盘,工业,交通运输设备,城轨铁路,北京,20.56,科创板,火山口 派出小部队勇吃鱼身,连续多天小涨 龟壳战术吃鱼头,-,-,2020/8/31,中国国家铁路集团有限公司,企业,"阿尔法高波动,等待周期更长,20厘米涨停爆发性强",行情酝酿中,-,-,制造业(工业母机),行业成熟稳定,传统行业,耐用品,-
688570.SH,688570,天玛智控,迷你盘,工业,通用机械,电动机与工控自动化,北京,17.82,科创板,火山口 派出小部队勇吃鱼身,连续多天小涨 龟壳战术吃鱼头,-,-,2023/6/5,国务院国有资产监督管理委员会,企业,"阿尔法高波动,等待周期更长,20厘米涨停爆发性强",行情酝酿中,-,-,制造业(工业母机),行业成熟稳定,高新技术产业,耐用品,-
688571.SH,688571,杭华股份,迷你盘,原材料,化学制品,涂料油墨,浙江,7.86,科创板,-,-,-,-,2020/12/11,杭州市实业投资集团有限公司,企业,"阿尔法高波动,等待周期更长,20厘米涨停爆发性强",行情酝酿中,-,房地产产业链,-,行业成熟稳定,传统行业,耐用品,-
688573.SH,688573,信宇人,中盘股,工业,专用机械,其他专用机械,深圳,22.4,科创板,-,-,-,-,2023/8/17,杨志明,自然人,-,表现超预期,-,-,制造业(工业母机),行业成熟稳定,高新技术产业,耐用品,-
688575.SH,688575,亚辉龙,小盘股,医药卫生,医疗器械,体外诊断,深圳,14.41,科创板,-,-,-,-,2021/5/17,胡鹍辉,自然人,"阿尔法高波动,等待周期更长,20厘米涨停爆发性强",行情酝酿中,大健康,-,-,行业成熟稳定,传统行业,消耗品,-
688576.SH,688576,西山科技,迷你盘,医药卫生,医疗器械,医疗耗材,重庆,69.95,科创板,火山口 派出小部队勇吃鱼身,连续多天小涨 龟壳战术吃鱼头,-,-,2023/6/6,郭毅军,自然人,"阿尔法高波动,等待周期更长,20厘米涨停爆发性强",行情酝酿中,大健康,-,-,行业成熟稳定,传统行业,消耗品,-
688577.SH,688577,浙海德曼,小盘股,工业,通用机械,电动机与工控自动化,浙江,68.8,科创板,火山口 派出小部队勇吃鱼身,连续多天小涨 龟壳战术吃鱼头,-,-,2020/9/16,高长泉,自然人,"阿尔法高波动,等待周期更长,20厘米涨停爆发性强",行情酝酿中,新科技,-,制造业(工业母机),政策支持,高新技术产业,耐用品,-
688578.SH,688578,艾力斯,大盘股,医药卫生,化学药,药品制剂,上海,97.58,科创板,火山口 派出小部队勇吃鱼身,-,-,-,2020/12/2,杜锦豪,自然人,-,行情酝酿中,大健康,-,-,政策支持,高新技术产业,消耗品,有量化参与
688579.SH,688579,地纬智能,小盘股,信息技术,软件开发,行业应用软件,山东,11.21,科创板,-,-,-,-,2020/7/17,山东省人民政府国有资产监督管理委员会,企业,"阿尔法高波动,等待周期更长,20厘米涨停爆发性强",表现超预期,国产替代,-,-,政策支持,传统行业,-,-
688580.SH,688580,伟思医疗,小盘股,医药卫生,医疗器械,医疗设备,江苏,59.39,科创板,-,-,-,-,2020/7/21,王志愚,自然人,"阿尔法高波动,等待周期更长,20厘米涨停爆发性强",表现超预期,大健康,-,-,行业成熟稳定,传统行业,消耗品,-
688581.SH,688581,安杰思,迷你盘,医药卫生,医疗器械,医疗耗材,浙江,55.88,科创板,火山口 派出小部队勇吃鱼身,连续多天小涨 龟壳战术吃鱼头,-,-,2023/5/19,张承,自然人,"阿尔法高波动,等待周期更长,20厘米涨停爆发性强",行情酝酿中,大健康,-,-,行业成熟稳定,传统行业,消耗品,-
688582.SH,688582,芯动联科,大盘股,信息技术,集成电路,集成电路设计,安徽,63.98,科创板,-,-,-,-,2023/6/30,金晓冬,自然人,-,行情酝酿中,新科技,-,-,政策支持,高新技术产业,-,-
688583.SH,688583,思看科技,中盘股,工业,通用机械,仪器仪表,浙江,119.29,科创板,火山口 派出小部队勇吃鱼身,-,-,-,2025/1/15,王江峰,自然人,-,行情酝酿中,-,智能汽车产业链,制造业(工业母机),行业成熟稳定,传统行业,耐用品,有量化参与
688584.SH,688584,上海合晶,小盘股,信息技术,半导体材料与设备,半导体材料,上海,20.36,科创板,火山口 派出小部队勇吃鱼身,连续多天小涨 龟壳战术吃鱼头,-,-,2024/2/8,无实际控制人,其他,"阿尔法高波动,等待周期更长,20厘米涨停爆发性强",行情酝酿中,新科技,-,-,政策支持,高新技术产业,-,-
688585.SH,688585,上纬新材,大盘股,原材料,塑料,合成树脂,上海,137.26,科创板,火山口 派出小部队勇吃鱼身,-,-,-,2020/9/28,邓泰华,自然人,-,表现超预期,-,-,化工,行业成熟稳定,传统行业,耐用品,-
688586.SH,688586,江航装备,小盘股,工业,航空航天,航空,安徽,14.23,科创板,-,-,-,-,2020/7/31,中国航空工业集团有限公司,企业,"阿尔法高波动,等待周期更长,20厘米涨停爆发性强",行情酝酿中,-,军工高铁产业链,-,政策支持,高新技术产业,-,-
688588.SH,688588,凌志软件,迷你盘,信息技术,软件开发,行业应用软件,江苏,12.11,科创板,火山口 派出小部队勇吃鱼身,-,-,-,2020/5/11,张宝泉,自然人,"阿尔法高波动,等待周期更长,20厘米涨停爆发性强",行情酝酿中,国产替代,-,-,政策支持,传统行业,-,-
688589.SH,688589,力合微,迷你盘,信息技术,集成电路,集成电路设计,深圳,22.65,科创板,火山口 派出小部队勇吃鱼身,-,-,-,2020/7/22,无实际控制人,其他,"阿尔法高波动,等待周期更长,20厘米涨停爆发性强",行情酝酿中,新科技,-,-,政策支持,高新技术产业,-,-
688590.SH,688590,新致软件,中盘股,信息技术,软件开发,行业应用软件,上海,14.71,科创板,-,-,-,-,2020/12/7,郭玮,自然人,-,表现超预期,国产替代,-,-,政策支持,传统行业,-,-
688591.SH,688591,泰凌微,中盘股,信息技术,集成电路,集成电路设计,上海,34.96,科创板,火山口 派出小部队勇吃鱼身,-,-,-,2023/8/25,王维航,自然人,-,行情酝酿中,新科技,-,-,政策支持,高新技术产业,-,-
688592.SH,688592,司南导航,迷你盘,通信服务,通信设备,通信终端设备及组件,上海,45.32,科创板,-,-,-,-,2023/8/16,王永泉,自然人,"阿尔法高波动,等待周期更长,20厘米涨停爆发性强",行情酝酿中,新基建,-,-,政策支持,高新技术产业,-,-
688593.SH,688593,新相微,中盘股,信息技术,集成电路,集成电路设计,上海,31.07,科创板,-,-,-,-,2023/6/1,Peter Hong Xiao(肖宏),自然人,-,行情酝酿中,新科技,-,-,政策支持,高新技术产业,-,-
688595.SH,688595,芯海科技,小盘股,信息技术,集成电路,集成电路设计,深圳,34.22,科创板,-,-,-,-,2020/9/28,卢国建,自然人,"阿尔法高波动,等待周期更长,20厘米涨停爆发性强",表现超预期,新科技,-,-,政策支持,高新技术产业,-,-
688596.SH,688596,正帆科技,中盘股,工业,专用机械,化工机械,上海,32.6,科创板,火山口 派出小部队勇吃鱼身,连续多天小涨 龟壳战术吃鱼头,-,-,2020/8/20,CUI RONG(崔荣),自然人,-,行情酝酿中,-,-,制造业(工业母机),行业成熟稳定,高新技术产业,耐用品,-
688597.SH,688597,煜邦电力,迷你盘,工业,电网设备,电网自动化,北京,8.99,科创板,火山口 派出小部队勇吃鱼身,连续多天小涨 龟壳战术吃鱼头,-,-,2021/6/17,周德勤,自然人,"阿尔法高波动,等待周期更长,20厘米涨停爆发性强",行情酝酿中,-,智能汽车产业链,制造业(工业母机),行业成熟稳定,传统行业,耐用品,-
688598.SH,688598,金博股份,小盘股,工业,发电设备,光伏设备,湖南,23.85,科创板,火山口 派出小部队勇吃鱼身,连续多天小涨 龟壳战术吃鱼头,-,-,2020/5/18,廖寄乔,自然人,"阿尔法高波动,等待周期更长,20厘米涨停爆发性强",行情酝酿中,新能源,-,能源,行业成熟稳定,传统行业,消耗品,-
688599.SH,688599,天合光能,大盘股,工业,发电设备,光伏设备,江苏,16.67,科创板,火山口 派出小部队勇吃鱼身,连续多天小涨 龟壳战术吃鱼头,-,-,2020/6/10,高纪凡,自然人,-,行情酝酿中,新科技,特高压电力产业链,-,政策支持,高新技术产业,耐用品,-
688600.SH,688600,皖仪科技,小盘股,工业,通用机械,仪器仪表,安徽,27.75,科创板,-,连续多天小涨 龟壳战术吃鱼头,-,-,2020/7/3,臧牧,自然人,"阿尔法高波动,等待周期更长,20厘米涨停爆发性强",表现超预期,-,智能汽车产业链,制造业(工业母机),行业成熟稳定,传统行业,耐用品,-
688601.SH,688601,力芯微,中盘股,信息技术,集成电路,集成电路设计,江苏,51.38,科创板,-,-,-,-,2021/6/28,无实际控制人,其他,-,行情酝酿中,新科技,-,-,政策支持,高新技术产业,-,-
688602.SH,688602,康鹏科技,小盘股,医药卫生,制药与生物科技服务,制药与生物科技服务,上海,8.3,科创板,-,-,-,-,2023/7/20,杨建华,自然人,"阿尔法高波动,等待周期更长,20厘米涨停爆发性强",表现超预期,-,-,化工,行业成熟稳定,传统行业,耐用品,-
688603.SH,688603,天承科技,大盘股,信息技术,电子化学品,电子化学品,上海,97.35,科创板,-,-,有涨停 火山口战法吃鱼身,高人气,2023/7/10,童茂军,自然人,-,表现超预期,-,-,化工,行业成熟稳定,传统行业,耐用品,-
688605.SH,688605,先锋精科,中盘股,信息技术,半导体材料与设备,半导体设备,江苏,64.87,科创板,-,连续多天小涨 龟壳战术吃鱼头,-,-,2024/12/12,游利,自然人,-,表现超预期,新科技,-,-,政策支持,高新技术产业,-,-
688606.SH,688606,奥泰生物,迷你盘,医药卫生,医疗器械,体外诊断,浙江,61.2,科创板,火山口 派出小部队勇吃鱼身,连续多天小涨 龟壳战术吃鱼头,-,-,2021/3/25,高飞,自然人,"阿尔法高波动,等待周期更长,20厘米涨停爆发性强",行情酝酿中,大健康,-,-,行业成熟稳定,传统行业,消耗品,-
688607.SH,688607,康众医疗,中盘股,医药卫生,医疗器械,医疗设备,江苏,65.66,科创板,-,-,-,-,2021/2/1,JIANQIANGLIU(刘建强),自然人,-,表现超预期,大健康,-,-,行业成熟稳定,传统行业,消耗品,-
688608.SH,688608,恒玄科技,大盘股,信息技术,集成电路,集成电路设计,上海,167.1,科创板,-,-,-,-,2020/12/16,汤晓冬,自然人,-,行情酝酿中,新科技,-,-,政策支持,高新技术产业,-,有量化参与
688609.SH,688609,九联科技,小盘股,通信服务,通信设备,通信终端设备及组件,广东,8.71,科创板,火山口 派出小部队勇吃鱼身,连续多天小涨 龟壳战术吃鱼头,-,-,2021/3/23,詹启军,自然人,"阿尔法高波动,等待周期更长,20厘米涨停爆发性强",行情酝酿中,大消费,-,-,行业成熟稳定,传统行业,耐用品,-
688610.SH,688610,埃科光电,中盘股,工业,通用机械,仪器仪表,安徽,118.17,科创板,-,-,有涨停 火山口战法吃鱼身,-,2023/7/19,董宁,自然人,-,表现超预期,-,智能汽车产业链,制造业(工业母机),行业成熟稳定,传统行业,耐用品,-
688611.SH,688611,杭州柯林,中盘股,工业,电网设备,电网自动化,浙江,62.38,科创板,-,-,-,-,2021/4/12,谢东,自然人,-,表现超预期,新科技,特高压电力产业链,-,政策支持,高新技术产业,耐用品,-
688612.SH,688612,威迈斯,中盘股,可选消费,汽车零部件与轮胎,汽车电子,深圳,31.24,科创板,-,-,-,-,2023/7/26,万仁春,自然人,-,行情酝酿中,-,智能汽车产业链,-,政策支持,传统行业,消耗品,-
688613.SH,688613,奥精医疗,迷你盘,医药卫生,医疗器械,医疗耗材,北京,21.09,科创板,-,-,-,-,2021/5/21,Eric Gang Hu(胡刚),自然人,"阿尔法高波动,等待周期更长,20厘米涨停爆发性强",行情酝酿中,大健康,-,-,行业成熟稳定,传统行业,消耗品,-
688615.SH,688615,合合信息,大盘股,信息技术,软件开发,通用软件,上海,185.95,科创板,-,-,-,-,2024/9/26,镇立新,自然人,-,表现超预期,国产替代,-,-,政策支持,传统行业,-,-
688616.SH,688616,西力科技,迷你盘,工业,电网设备,电网自动化,浙江,13.49,科创板,-,-,-,-,2021/3/18,宋毅然,自然人,"阿尔法高波动,等待周期更长,20厘米涨停爆发性强",行情酝酿中,-,智能汽车产业链,制造业(工业母机),行业成熟稳定,传统行业,耐用品,-
688617.SH,688617,惠泰医疗,中盘股,医药卫生,医疗器械,医疗耗材,深圳,256.02,科创板,火山口 派出小部队勇吃鱼身,连续多天小涨 龟壳战术吃鱼头,-,-,2021/1/7,李西廷,自然人,-,行情酝酿中,大健康,-,-,行业成熟稳定,传统行业,消耗品,-
688618.SH,688618,三旺通信,中盘股,通信服务,通信设备,通信系统设备及组件,深圳,41.95,科创板,-,-,有涨停 火山口战法吃鱼身,高人气,2020/12/30,熊伟,自然人,-,表现超预期,新基建,-,-,政策支持,高新技术产业,-,-
688619.SH,688619,罗普特,小盘股,信息技术,信息技术服务,系统集成服务,福建,15.74,科创板,-,-,-,-,2021/2/23,陈延行,自然人,"阿尔法高波动,等待周期更长,20厘米涨停爆发性强",表现超预期,国产替代,-,-,政策支持,传统行业,-,-
688620.SH,688620,安凯微,小盘股,信息技术,集成电路,集成电路设计,广东,11.85,科创板,火山口 派出小部队勇吃鱼身,连续多天小涨 龟壳战术吃鱼头,-,-,2023/6/27,胡胜发,自然人,"阿尔法高波动,等待周期更长,20厘米涨停爆发性强",行情酝酿中,新科技,-,-,政策支持,高新技术产业,-,-
688621.SH,688621,阳光诺和,中盘股,医药卫生,制药与生物科技服务,制药与生物科技服务,北京,64.35,科创板,-,-,-,-,2021/6/21,利虔,自然人,-,行情酝酿中,大健康,-,-,行业成熟稳定,传统行业,消耗品,有量化参与
688622.SH,688622,禾信仪器,中盘股,工业,节能与生态修复,环境监测,广东,94,科创板,-,-,-,-,2021/9/13,周振,自然人,-,表现超预期,-,智能汽车产业链,制造业(工业母机),行业成熟稳定,传统行业,耐用品,有量化参与
688623.SH,688623,双元科技,迷你盘,工业,通用机械,电动机与工控自动化,浙江,89.7,科创板,火山口 派出小部队勇吃鱼身,连续多天小涨 龟壳战术吃鱼头,-,-,2023/6/8,郑建,自然人,"阿尔法高波动,等待周期更长,20厘米涨停爆发性强",行情酝酿中,-,-,制造业(工业母机),行业成熟稳定,高新技术产业,耐用品,-
688625.SH,688625,呈和科技,中盘股,原材料,塑料,其他塑料制品,广东,70.27,科创板,-,-,-,-,2021/6/7,赵文林,自然人,-,表现超预期,-,-,化工,行业成熟稳定,传统行业,耐用品,-
688626.SH,688626,翔宇医疗,小盘股,医药卫生,医疗器械,医疗设备,河南,59.5,科创板,火山口 派出小部队勇吃鱼身,-,-,-,2021/3/31,何永正,自然人,"阿尔法高波动,等待周期更长,20厘米涨停爆发性强",行情酝酿中,大健康,-,-,行业成熟稳定,传统行业,消耗品,-
688627.SH,688627,精智达,大盘股,工业,专用机械,其他专用机械,深圳,280.51,科创板,火山口 派出小部队勇吃鱼身,-,-,-,2023/7/18,张滨,自然人,-,行情酝酿中,-,-,制造业(工业母机),行业成熟稳定,高新技术产业,耐用品,-
688628.SH,688628,优利德,大盘股,工业,电网设备,电网自动化,广东,77.8,科创板,-,-,有涨停 火山口战法吃鱼身,-,2021/2/1,吴美玉,自然人,-,表现超预期,-,智能汽车产业链,制造业(工业母机),行业成熟稳定,传统行业,耐用品,-
688629.SH,688629,华丰科技,大盘股,工业,国防装备,国防装备,四川,136.4,科创板,-,-,-,-,2023/6/27,绵阳市国有资产监督管理委员会,企业,-,行情酝酿中,新科技,-,-,政策支持,高新技术产业,-,-
688630.SH,688630,芯碁微装,大盘股,工业,专用机械,其他专用机械,安徽,240.95,科创板,-,连续多天小涨 龟壳战术吃鱼头,-,-,2021/4/1,程卓,自然人,-,行情酝酿中,-,-,制造业(工业母机),行业成熟稳定,高新技术产业,耐用品,-
688631.SH,688631,莱斯信息,中盘股,信息技术,软件开发,行业应用软件,江苏,57.82,科创板,-,-,-,-,2023/6/28,中国电子科技集团有限公司,企业,-,表现超预期,国产替代,-,-,政策支持,传统行业,-,-
688633.SH,688633,星球石墨,迷你盘,工业,专用机械,化工机械,江苏,27.11,科创板,-,-,-,-,2021/3/24,张艺,自然人,"阿尔法高波动,等待周期更长,20厘米涨停爆发性强",行情酝酿中,-,-,制造业(工业母机),行业成熟稳定,高新技术产业,耐用品,-
688636.SH,688636,智明达,中盘股,工业,航空航天,航空,四川,45.31,科创板,-,连续多天小涨 龟壳战术吃鱼头,-,-,2021/4/8,王勇,自然人,-,表现超预期,新科技,-,-,政策支持,高新技术产业,-,-
688638.SH,688638,誉辰智能,小盘股,工业,专用机械,其他专用机械,深圳,45.01,科创板,-,-,-,-,2023/7/12,宋春响,自然人,"阿尔法高波动,等待周期更长,20厘米涨停爆发性强",表现超预期,-,-,制造业(工业母机),行业成熟稳定,高新技术产业,耐用品,-
688639.SH,688639,华恒生物,小盘股,原材料,化学制品,其他化学制品,安徽,28.06,科创板,-,-,-,-,2021/4/22,郭恒华,自然人,"阿尔法高波动,等待周期更长,20厘米涨停爆发性强",行情酝酿中,大健康,-,-,政策支持,高新技术产业,消耗品,-
688646.SH,688646,ST逸飞,小盘股,工业,通用机械,电动机与工控自动化,湖北,53.75,科创板,火山口 派出小部队勇吃鱼身,-,-,-,2023/7/28,吴轩,自然人,"阿尔法高波动,等待周期更长,20厘米涨停爆发性强",表现超预期,-,-,制造业(工业母机),行业成熟稳定,高新技术产业,耐用品,-
688648.SH,688648,中邮科技,小盘股,工业,通用机械,电动机与工控自动化,上海,52.83,科创板,-,-,-,-,2023/11/13,中国邮政集团有限公司,企业,"阿尔法高波动,等待周期更长,20厘米涨停爆发性强",行情酝酿中,新科技,-,制造业(工业母机),政策支持,高新技术产业,耐用品,-
688651.SH,688651,盛邦安全,小盘股,信息技术,软件开发,通用软件,北京,38.66,科创板,-,-,-,-,2023/7/26,权晓文,自然人,"阿尔法高波动,等待周期更长,20厘米涨停爆发性强",行情酝酿中,国产替代,-,-,政策支持,传统行业,-,-
688652.SH,688652,京仪装备,大盘股,信息技术,半导体材料与设备,半导体设备,北京,107.9,科创板,-,-,-,-,2023/11/29,北京市人民政府国有资产监督管理委员会,企业,-,表现超预期,新科技,-,-,政策支持,高新技术产业,-,-
688653.SH,688653,康希通信,迷你盘,信息技术,集成电路,集成电路设计,上海,13.34,科创板,火山口 派出小部队勇吃鱼身,连续多天小涨 龟壳战术吃鱼头,-,-,2023/11/17,彭宇红,自然人,"阿尔法高波动,等待周期更长,20厘米涨停爆发性强",行情酝酿中,新科技,-,-,政策支持,高新技术产业,-,-
688655.SH,688655,迅捷兴,大盘股,信息技术,电子元件,印制电路板,深圳,36.42,科创板,-,-,有涨停 火山口战法吃鱼身,-,2021/5/11,马卓,自然人,-,表现超预期,新科技,-,-,政策支持,高新技术产业,-,-
688656.SH,688656,浩欧博,小盘股,医药卫生,医疗器械,体外诊断,江苏,136.67,科创板,-,-,-,-,2021/1/13,中国生物制药有限公司,企业,"阿尔法高波动,等待周期更长,20厘米涨停爆发性强",行情酝酿中,大健康,-,-,行业成熟稳定,传统行业,消耗品,有量化参与
688657.SH,688657,浩辰软件,小盘股,信息技术,软件开发,行业应用软件,江苏,49.57,科创板,火山口 派出小部队勇吃鱼身,连续多天小涨 龟壳战术吃鱼头,-,-,2023/10/10,胡立新,自然人,"阿尔法高波动,等待周期更长,20厘米涨停爆发性强",行情酝酿中,国产替代,-,-,政策支持,传统行业,-,-
688658.SH,688658,悦康药业,中盘股,医药卫生,化学药,药品制剂,北京,19.93,科创板,-,-,-,高人气,2020/12/24,于伟仕,自然人,-,表现超预期,大健康,-,-,政策支持,高新技术产业,消耗品,-
688659.SH,688659,元琛科技,迷你盘,工业,污染治理,烟气治理,安徽,9.92,科创板,-,-,-,-,2021/3/31,徐辉,自然人,"阿尔法高波动,等待周期更长,20厘米涨停爆发性强",行情酝酿中,-,-,民生,行业成熟稳定,传统行业,-,-
688660.SH,688660,电气风电,中盘股,工业,发电设备,风电设备,上海,12.91,科创板,-,-,-,-,2021/5/19,上海市国有资产监督管理委员会,企业,-,行情酝酿中,新科技,特高压电力产业链,-,政策支持,高新技术产业,耐用品,-
688661.SH,688661,和林微纳,大盘股,信息技术,电子终端及组件,消费电子组件及零部件,江苏,88.77,科创板,-,-,-,-,2021/3/29,骆兴顺,自然人,-,表现超预期,新科技,-,-,政策支持,高新技术产业,-,-
688662.SH,688662,富信科技,大盘股,可选消费,家用电器,家电零部件及其他,广东,70.4,科创板,火山口 派出小部队勇吃鱼身,-,-,-,2021/4/1,刘富林,自然人,-,表现超预期,新科技,-,-,政策支持,高新技术产业,-,-
688663.SH,688663,新风光,中盘股,工业,电网设备,电网自动化,山东,63.07,科创板,-,-,-,-,2021/4/13,山东省人民政府国有资产监督管理委员会,企业,-,表现超预期,新科技,特高压电力产业链,-,政策支持,高新技术产业,耐用品,-
688665.SH,688665,四方光电,迷你盘,工业,通用机械,仪器仪表,湖北,47.89,科创板,火山口 派出小部队勇吃鱼身,-,-,-,2021/2/9,董宇,自然人,"阿尔法高波动,等待周期更长,20厘米涨停爆发性强",行情酝酿中,-,智能汽车产业链,制造业(工业母机),行业成熟稳定,传统行业,耐用品,-
688667.SH,688667,菱电电控,大盘股,可选消费,汽车零部件与轮胎,汽车电子,湖北,145.22,科创板,-,-,有涨停 火山口战法吃鱼身,-,2021/3/12,王和平,自然人,-,表现超预期,-,智能汽车产业链,-,政策支持,传统行业,消耗品,-
688668.SH,688668,鼎通科技,大盘股,通信服务,通信设备,通信系统设备及组件,广东,212,科创板,-,-,有涨停 火山口战法吃鱼身,高人气,2020/12/21,王成海,自然人,-,表现超预期,新基建,-,-,政策支持,高新技术产业,-,-
688669.SH,688669,聚石化学,迷你盘,原材料,塑料,改性塑料,广东,26.38,科创板,火山口 派出小部队勇吃鱼身,-,-,-,2021/1/25,陈钢,自然人,"阿尔法高波动,等待周期更长,20厘米涨停爆发性强",行情酝酿中,-,-,化工,行业成熟稳定,传统行业,耐用品,-
688670.SH,688670,金迪克,迷你盘,医药卫生,生物药品,疫苗,江苏,17.65,科创板,火山口 派出小部队勇吃鱼身,连续多天小涨 龟壳战术吃鱼头,-,-,2021/8/2,余军,自然人,"阿尔法高波动,等待周期更长,20厘米涨停爆发性强",行情酝酿中,大健康,-,-,政策支持,高新技术产业,消耗品,-
688671.SH,688671,碧兴物联,迷你盘,工业,节能与生态修复,环境监测,深圳,21.48,科创板,-,-,-,-,2023/8/9,何愿平,自然人,"阿尔法高波动,等待周期更长,20厘米涨停爆发性强",行情酝酿中,-,-,民生,行业成熟稳定,传统行业,-,-
688676.SH,688676,金盘科技,大盘股,工业,电网设备,输变电设备,海南,87.44,科创板,火山口 派出小部队勇吃鱼身,连续多天小涨 龟壳战术吃鱼头,-,-,2021/3/9,李志远,自然人,-,表现超预期,新科技,特高压电力产业链,-,政策支持,高新技术产业,耐用品,-
688677.SH,688677,海泰新光,大盘股,医药卫生,医疗器械,医疗设备,山东,82.23,科创板,-,-,-,高人气,2021/2/26,ZHENG ANMIN,自然人,-,表现超预期,大健康,-,-,行业成熟稳定,传统行业,消耗品,-
688678.SH,688678,福立旺,大盘股,信息技术,电子终端及组件,消费电子组件及零部件,江苏,31.2,科创板,-,-,有涨停 火山口战法吃鱼身,高人气,2020/12/23,洪水锦,自然人,-,表现超预期,新科技,-,-,政策支持,高新技术产业,-,-
688679.SH,688679,通源环境,中盘股,工业,污染治理,固废处理,安徽,54.86,科创板,-,-,-,-,2020/12/25,杨明,自然人,-,行情酝酿中,-,-,民生,行业成熟稳定,传统行业,-,-
688680.SH,688680,海优新材,小盘股,工业,发电设备,光伏设备,上海,51.12,科创板,火山口 派出小部队勇吃鱼身,连续多天小涨 龟壳战术吃鱼头,-,-,2021/1/22,李民,自然人,"阿尔法高波动,等待周期更长,20厘米涨停爆发性强",行情酝酿中,-,-,化工,行业成熟稳定,传统行业,消耗品,-
688681.SH,688681,科汇股份,迷你盘,工业,电网设备,电网自动化,山东,19,科创板,火山口 派出小部队勇吃鱼身,连续多天小涨 龟壳战术吃鱼头,-,-,2021/6/16,徐丙垠,自然人,"阿尔法高波动,等待周期更长,20厘米涨停爆发性强",行情酝酿中,新科技,特高压电力产业链,-,政策支持,高新技术产业,耐用品,-
688682.SH,688682,霍莱沃,小盘股,工业,国防装备,国防装备,上海,48.55,科创板,-,-,-,-,2021/4/20,周建华,自然人,"阿尔法高波动,等待周期更长,20厘米涨停爆发性强",表现超预期,国产替代,-,-,政策支持,传统行业,-,-
688683.SH,688683,莱尔科技,小盘股,信息技术,电子终端及组件,消费电子组件及零部件,广东,40.05,科创板,火山口 派出小部队勇吃鱼身,连续多天小涨 龟壳战术吃鱼头,-,-,2021/4/12,伍仲乾,自然人,"阿尔法高波动,等待周期更长,20厘米涨停爆发性强",表现超预期,新科技,-,-,政策支持,高新技术产业,-,-
688685.SH,688685,迈信林,中盘股,工业,航空航天,航空,江苏,45.1,科创板,-,-,有涨停 火山口战法吃鱼身,高人气,2021/5/13,张友志,自然人,-,表现超预期,-,军工高铁产业链,-,政策支持,高新技术产业,-,-
688686.SH,688686,奥普特,中盘股,工业,通用机械,仪器仪表,广东,108.89,科创板,-,-,-,-,2020/12/31,卢治临,自然人,-,表现超预期,-,智能汽车产业链,制造业(工业母机),行业成熟稳定,传统行业,耐用品,-
688687.SH,688687,凯因科技,小盘股,医药卫生,化学药,药品制剂,北京,21.22,科创板,火山口 派出小部队勇吃鱼身,-,-,-,2021/2/8,周德胜,自然人,"阿尔法高波动,等待周期更长,20厘米涨停爆发性强",行情酝酿中,大健康,-,-,政策支持,高新技术产业,消耗品,-
688689.SH,688689,银河微电,小盘股,信息技术,分立器件,分立器件,江苏,37.4,科创板,火山口 派出小部队勇吃鱼身,连续多天小涨 龟壳战术吃鱼头,-,-,2021/1/27,杨森茂,自然人,"阿尔法高波动,等待周期更长,20厘米涨停爆发性强",行情酝酿中,新科技,-,-,政策支持,高新技术产业,-,-
688690.SH,688690,纳微科技,大盘股,医药卫生,生物药品,其他生物药品,江苏,31.88,科创板,-,-,-,-,2021/6/23,江必旺,自然人,-,表现超预期,-,-,化工,行业成熟稳定,传统行业,耐用品,-
688691.SH,688691,灿芯股份,大盘股,信息技术,集成电路,集成电路设计,上海,105.48,科创板,-,-,-,-,2024/4/11,无实际控制人,其他,-,表现超预期,新科技,-,-,政策支持,高新技术产业,-,有量化参与
688692.SH,688692,达梦数据,中盘股,信息技术,软件开发,通用软件,湖北,244.17,科创板,-,-,-,-,2024/6/12,冯裕才,自然人,-,表现超预期,国产替代,-,-,政策支持,传统行业,-,有量化参与
688693.SH,688693,锴威特,大盘股,信息技术,分立器件,分立器件,江苏,101.86,科创板,-,-,有涨停 火山口战法吃鱼身,-,2023/8/18,丁国华,自然人,-,表现超预期,新科技,-,-,政策支持,高新技术产业,-,-
688695.SH,688695,中创股份,迷你盘,信息技术,软件开发,通用软件,山东,24.04,科创板,-,-,-,-,2024/3/13,景新海,自然人,"阿尔法高波动,等待周期更长,20厘米涨停爆发性强",行情酝酿中,国产替代,-,-,政策支持,传统行业,-,-
688696.SH,688696,极米科技,中盘股,可选消费,家用电器,小家电,四川,92.21,科创板,-,-,-,-,2021/3/3,钟波,自然人,-,表现超预期,大消费,-,-,行业成熟稳定,传统行业,耐用品,有量化参与
688697.SH,688697,纽威数控,中盘股,工业,通用机械,电动机与工控自动化,江苏,16.14,科创板,火山口 派出小部队勇吃鱼身,-,-,-,2021/9/17,席超,自然人,-,表现超预期,新科技,-,制造业(工业母机),政策支持,高新技术产业,耐用品,-
688698.SH,688698,伟创电气,中盘股,工业,通用机械,电动机与工控自动化,江苏,69.13,科创板,-,-,-,-,2020/12/29,胡智勇,自然人,-,表现超预期,新科技,特高压电力产业链,-,政策支持,高新技术产业,耐用品,有量化参与
688699.SH,688699,明微电子,小盘股,信息技术,光学光电子,LED,深圳,45.88,科创板,火山口 派出小部队勇吃鱼身,-,-,-,2020/12/18,王乐康,自然人,"阿尔法高波动,等待周期更长,20厘米涨停爆发性强",行情酝酿中,新科技,-,-,政策支持,高新技术产业,-,-
688700.SH,688700,东威科技,大盘股,工业,专用机械,其他专用机械,江苏,61.56,科创板,-,-,-,-,2021/6/15,刘建波,自然人,-,表现超预期,-,-,制造业(工业母机),行业成熟稳定,高新技术产业,耐用品,-
688701.SH,688701,卓锦股份,迷你盘,工业,节能与生态修复,生态修复,浙江,9.2,科创板,-,-,-,-,2021/9/16,卓未龙,自然人,"阿尔法高波动,等待周期更长,20厘米涨停爆发性强",行情酝酿中,-,-,民生,行业成熟稳定,传统行业,-,-
688702.SH,688702,盛科通信-U,大盘股,NA,NA,NA,江苏,227.19,科创板,火山口 派出小部队勇吃鱼身,连续多天小涨 龟壳战术吃鱼头,-,-,2023/9/14,无实际控制人,其他,-,表现超预期,新科技,-,-,政策支持,高新技术产业,-,-
688707.SH,688707,振华新材,中盘股,工业,储能设备,电池部件及材料,贵州,15.39,科创板,-,-,-,-,2021/9/14,中国电子信息产业集团有限公司,企业,-,表现超预期,新科技,特高压电力产业链,-,政策支持,高新技术产业,耐用品,-
688708.SH,688708,佳驰科技,迷你盘,工业,国防装备,国防装备,四川,53.39,科创板,火山口 派出小部队勇吃鱼身,连续多天小涨 龟壳战术吃鱼头,-,-,2024/12/5,邓龙江,自然人,"阿尔法高波动,等待周期更长,20厘米涨停爆发性强",行情酝酿中,-,-,化工,行业成熟稳定,传统行业,耐用品,-
688709.SH,688709,成都华微,中盘股,信息技术,集成电路,集成电路设计,四川,44.5,科创板,-,连续多天小涨 龟壳战术吃鱼头,-,-,2024/2/7,中国电子信息产业集团有限公司,企业,-,行情酝酿中,新科技,-,-,政策支持,高新技术产业,-,-
688710.SH,688710,益诺思,小盘股,医药卫生,制药与生物科技服务,制药与生物科技服务,上海,67.94,科创板,-,-,-,-,2024/9/3,中国医药集团有限公司,企业,"阿尔法高波动,等待周期更长,20厘米涨停爆发性强",表现超预期,大健康,-,-,政策支持,高新技术产业,消耗品,有量化参与
688711.SH,688711,宏微科技,小盘股,信息技术,分立器件,分立器件,江苏,28.53,科创板,火山口 派出小部队勇吃鱼身,-,-,-,2021/9/1,赵善麒,自然人,"阿尔法高波动,等待周期更长,20厘米涨停爆发性强",行情酝酿中,新科技,-,-,政策支持,高新技术产业,-,-
688712.SH,688712,北芯生命-U,小盘股,NA,NA,NA,深圳,42,科创板,-,-,-,-,2026/2/5,宋亮,自然人,"阿尔法高波动,等待周期更长,20厘米涨停爆发性强",表现超预期,大健康,-,-,行业成熟稳定,传统行业,消耗品,-
688716.SH,688716,中研股份,小盘股,原材料,塑料,其他塑料制品,吉林,33.31,科创板,火山口 派出小部队勇吃鱼身,-,-,-,2023/9/20,谢怀杰,自然人,"阿尔法高波动,等待周期更长,20厘米涨停爆发性强",行情酝酿中,-,-,化工,行业成熟稳定,传统行业,耐用品,-
688717.SH,688717,艾罗能源,大盘股,工业,储能设备,其他储能设备,浙江,105.6,科创板,-,-,-,-,2024/1/3,李新富,自然人,-,表现超预期,新科技,特高压电力产业链,-,政策支持,高新技术产业,耐用品,-
688718.SH,688718,唯赛勃,迷你盘,工业,污染治理,污水处理,上海,15.83,科创板,-,-,-,-,2021/7/28,谢建新,自然人,"阿尔法高波动,等待周期更长,20厘米涨停爆发性强",表现超预期,-,-,化工,行业成熟稳定,传统行业,消耗品,-
688719.SH,688719,爱科赛博,大盘股,工业,专用机械,其他专用机械,陕西,52.99,科创板,-,-,-,-,2023/9/28,白小青,自然人,-,表现超预期,新科技,特高压电力产业链,-,政策支持,高新技术产业,耐用品,-
688720.SH,688720,艾森股份,中盘股,信息技术,半导体材料与设备,半导体材料,江苏,77.61,科创板,火山口 派出小部队勇吃鱼身,-,-,-,2023/12/6,张兵,自然人,-,行情酝酿中,新科技,-,-,政策支持,高新技术产业,-,-
688721.SH,688721,龙图光罩,小盘股,信息技术,半导体材料与设备,半导体材料,深圳,41.85,科创板,-,-,-,-,2024/8/6,叶小龙,自然人,"阿尔法高波动,等待周期更长,20厘米涨停爆发性强",表现超预期,新科技,-,-,政策支持,高新技术产业,-,-
688722.SH,688722,同益中,小盘股,原材料,化学纤维,氨纶及其他化纤,北京,17.85,科创板,火山口 派出小部队勇吃鱼身,连续多天小涨 龟壳战术吃鱼头,-,-,2021/10/19,国家开发投资集团有限公司,企业,"阿尔法高波动,等待周期更长,20厘米涨停爆发性强",行情酝酿中,-,-,化工,行业成熟稳定,传统行业,耐用品,-
688726.SH,688726,拉普拉斯,大盘股,工业,发电设备,光伏设备,深圳,66.38,科创板,-,-,-,-,2024/10/29,林佳继,自然人,-,表现超预期,-,-,制造业(工业母机),行业成熟稳定,高新技术产业,耐用品,-
688727.SH,688727,恒坤新材,小盘股,信息技术,半导体材料与设备,半导体材料,福建,50.69,科创板,-,-,-,-,2025/11/18,易荣坤,自然人,"阿尔法高波动,等待周期更长,20厘米涨停爆发性强",表现超预期,新科技,-,-,政策支持,高新技术产业,-,-
688728.SH,688728,格科微,中盘股,信息技术,集成电路,集成电路设计,上海,13.45,科创板,火山口 派出小部队勇吃鱼身,连续多天小涨 龟壳战术吃鱼头,-,-,2021/8/18,曹维,自然人,-,行情酝酿中,新科技,-,-,政策支持,高新技术产业,-,-
688729.SH,688729,屹唐股份,中盘股,信息技术,半导体材料与设备,半导体设备,北京,23.37,科创板,火山口 派出小部队勇吃鱼身,连续多天小涨 龟壳战术吃鱼头,-,-,2025/7/8,北京经济技术开发区财政国资局,企业,-,行情酝酿中,新科技,-,-,政策支持,高新技术产业,-,-
688733.SH,688733,壹石通,小盘股,工业,储能设备,电池部件及材料,安徽,29.6,科创板,火山口 派出小部队勇吃鱼身,连续多天小涨 龟壳战术吃鱼头,-,-,2021/8/17,蒋学鑫,自然人,"阿尔法高波动,等待周期更长,20厘米涨停爆发性强",表现超预期,新能源,-,能源,行业成熟稳定,传统行业,消耗品,-
688737.SH,688737,中自科技,迷你盘,可选消费,汽车零部件与轮胎,其他汽车零部件,四川,26.59,科创板,火山口 派出小部队勇吃鱼身,连续多天小涨 龟壳战术吃鱼头,-,-,2021/10/22,陈启章,自然人,"阿尔法高波动,等待周期更长,20厘米涨停爆发性强",表现超预期,-,智能汽车产业链,-,政策支持,传统行业,消耗品,-
688739.SH,688739,成大生物,迷你盘,医药卫生,生物药品,疫苗,辽宁,24.38,科创板,火山口 派出小部队勇吃鱼身,-,-,-,2021/10/28,无实际控制人,其他,"阿尔法高波动,等待周期更长,20厘米涨停爆发性强",行情酝酿中,大健康,-,-,政策支持,高新技术产业,消耗品,-
688750.SH,688750,金天钛业,小盘股,原材料,其他有色金属及合金,钛,湖南,18.8,科创板,火山口 派出小部队勇吃鱼身,连续多天小涨 龟壳战术吃鱼头,-,-,2024/11/20,湖南省人民政府国有资产监督管理委员会,企业,"阿尔法高波动,等待周期更长,20厘米涨停爆发性强",行情酝酿中,新能源,-,-,行业成熟稳定,传统行业,消耗品,-
688755.SH,688755,汉邦科技,迷你盘,工业,专用机械,其他专用机械,江苏,38.53,科创板,火山口 派出小部队勇吃鱼身,连续多天小涨 龟壳战术吃鱼头,-,-,2025/5/16,张大兵,自然人,"阿尔法高波动,等待周期更长,20厘米涨停爆发性强",行情酝酿中,-,-,制造业(工业母机),行业成熟稳定,高新技术产业,耐用品,-
688757.SH,688757,胜科纳米,小盘股,工业,商业服务与用品,其他商业服务与用品,江苏,25.91,科创板,火山口 派出小部队勇吃鱼身,连续多天小涨 龟壳战术吃鱼头,-,-,2025/3/25,李晓旻,自然人,"阿尔法高波动,等待周期更长,20厘米涨停爆发性强",行情酝酿中,-,智能汽车产业链,制造业(工业母机),行业成熟稳定,传统行业,耐用品,-
688758.SH,688758,赛分科技,小盘股,医药卫生,制药与生物科技服务,制药与生物科技服务,江苏,21.07,科创板,火山口 派出小部队勇吃鱼身,连续多天小涨 龟壳战术吃鱼头,-,-,2025/1/10,黄学英,自然人,"阿尔法高波动,等待周期更长,20厘米涨停爆发性强",表现超预期,-,-,化工,行业成熟稳定,传统行业,耐用品,-
688759.SH,688759,必贝特-U,小盘股,NA,NA,NA,广东,38.59,科创板,-,-,-,-,2025/10/28,钱长庚,自然人,"阿尔法高波动,等待周期更长,20厘米涨停爆发性强",表现超预期,大健康,-,-,政策支持,高新技术产业,消耗品,-
688765.SH,688765,禾元生物-U,小盘股,NA,NA,NA,湖北,65.7,科创板,-,-,-,-,2025/10/28,杨代常,自然人,"阿尔法高波动,等待周期更长,20厘米涨停爆发性强",行情酝酿中,大健康,-,-,政策支持,高新技术产业,消耗品,-
688766.SH,688766,普冉股份,大盘股,信息技术,集成电路,集成电路设计,上海,264.5,科创板,-,-,-,-,2021/8/23,李兆桂,自然人,-,表现超预期,新科技,-,-,政策支持,高新技术产业,-,-
688767.SH,688767,博拓生物,小盘股,医药卫生,医疗器械,体外诊断,浙江,35.28,科创板,火山口 派出小部队勇吃鱼身,-,-,-,2021/9/8,于秀萍,自然人,"阿尔法高波动,等待周期更长,20厘米涨停爆发性强",表现超预期,大健康,-,-,行业成熟稳定,传统行业,消耗品,-
688768.SH,688768,容知日新,小盘股,工业,通用机械,仪器仪表,安徽,47.28,科创板,火山口 派出小部队勇吃鱼身,连续多天小涨 龟壳战术吃鱼头,-,-,2021/7/26,聂卫华,自然人,"阿尔法高波动,等待周期更长,20厘米涨停爆发性强",行情酝酿中,-,智能汽车产业链,制造业(工业母机),行业成熟稳定,传统行业,耐用品,-
688772.SH,688772,珠海冠宇,大盘股,工业,储能设备,电池,广东,16.62,科创板,火山口 派出小部队勇吃鱼身,-,-,-,2021/10/15,徐延铭,自然人,-,行情酝酿中,新科技,特高压电力产业链,-,政策支持,高新技术产业,耐用品,-
688775.SH,688775,影石创新,中盘股,信息技术,电子终端及组件,消费电子终端,深圳,196.09,科创板,火山口 派出小部队勇吃鱼身,-,-,-,2025/6/11,刘靖康,自然人,-,行情酝酿中,新基建,-,-,政策支持,高新技术产业,-,-
688776.SH,688776,国光电气,中盘股,工业,国防装备,国防装备,四川,85.45,科创板,火山口 派出小部队勇吃鱼身,-,-,-,2021/8/31,张亚,自然人,-,行情酝酿中,新科技,-,-,政策支持,高新技术产业,-,-
688777.SH,688777,中控技术,大盘股,工业,通用机械,电动机与工控自动化,浙江,68.44,科创板,-,-,-,-,2020/11/24,褚健,自然人,-,表现超预期,-,-,制造业(工业母机),行业成熟稳定,高新技术产业,耐用品,-
688778.SH,688778,厦钨新能,大盘股,工业,储能设备,电池部件及材料,福建,82.78,科创板,-,-,-,-,2021/8/5,福建省人民政府国有资产监督管理委员会,企业,-,表现超预期,新科技,特高压电力产业链,-,政策支持,高新技术产业,耐用品,-
688779.SH,688779,五矿新能,中盘股,工业,储能设备,电池部件及材料,湖南,11.05,科创板,火山口 派出小部队勇吃鱼身,-,-,-,2021/8/11,中国五矿集团有限公司,企业,-,行情酝酿中,新科技,特高压电力产业链,-,政策支持,高新技术产业,耐用品,-
688781.SH,688781,视涯科技-UW,中盘股,NA,NA,NA,安徽,37.91,科创板,-,-,-,-,2026/3/25,顾铁,自然人,-,行情酝酿中,新科技,-,-,政策支持,高新技术产业,-,-
688783.SH,688783,西安奕材-U,小盘股,NA,NA,NA,陕西,22.65,科创板,火山口 派出小部队勇吃鱼身,连续多天小涨 龟壳战术吃鱼头,-,-,2025/10/28,王东升,自然人,"阿尔法高波动,等待周期更长,20厘米涨停爆发性强",行情酝酿中,新科技,-,-,政策支持,高新技术产业,-,-
688785.SH,688785,恒运昌,中盘股,信息技术,半导体材料与设备,半导体设备,深圳,304.04,科创板,火山口 派出小部队勇吃鱼身,连续多天小涨 龟壳战术吃鱼头,-,-,2026/1/28,乐卫平,自然人,-,行情酝酿中,新科技,-,-,政策支持,高新技术产业,-,有量化参与
688786.SH,688786,悦安新材,小盘股,原材料,其他有色金属及合金,其他有色金属及合金,江西,33.2,科创板,-,-,-,-,2021/8/26,李上奎,自然人,"阿尔法高波动,等待周期更长,20厘米涨停爆发性强",表现超预期,新能源,-,-,行业成熟稳定,传统行业,消耗品,-
688787.SH,688787,海天瑞声,中盘股,信息技术,软件开发,通用软件,北京,134.33,科创板,-,-,-,-,2021/8/13,贺琳,自然人,-,行情酝酿中,国产替代,-,-,政策支持,传统行业,-,-
688788.SH,688788,科思科技,小盘股,工业,国防装备,国防装备,深圳,57.55,科创板,火山口 派出小部队勇吃鱼身,-,-,-,2020/10/22,刘建德,自然人,"阿尔法高波动,等待周期更长,20厘米涨停爆发性强",行情酝酿中,新基建,-,-,政策支持,高新技术产业,-,-
688789.SH,688789,宏华数科,小盘股,工业,专用机械,纺织服装机械,浙江,72.08,科创板,-,-,-,-,2021/7/8,金小团,自然人,"阿尔法高波动,等待周期更长,20厘米涨停爆发性强",行情酝酿中,-,-,制造业(工业母机),行业成熟稳定,高新技术产业,耐用品,-
688790.SH,688790,昂瑞微-UW,中盘股,NA,NA,NA,北京,146.8,科创板,-,-,-,-,2025/12/16,钱永学,自然人,-,行情酝酿中,新科技,-,-,政策支持,高新技术产业,-,-
688793.SH,688793,倍轻松,迷你盘,可选消费,家用电器,小家电,深圳,21.39,科创板,火山口 派出小部队勇吃鱼身,-,-,-,2021/7/15,马学军,自然人,"阿尔法高波动,等待周期更长,20厘米涨停爆发性强",行情酝酿中,大消费,-,-,行业成熟稳定,传统行业,耐用品,-
688795.SH,688795,摩尔线程-U,大盘股,NA,NA,NA,北京,656.62,科创板,-,-,-,-,2025/12/5,张建中,自然人,-,表现超预期,新科技,-,-,政策支持,高新技术产业,-,-
688796.SH,688796,百奥赛图,中盘股,医药卫生,制药与生物科技服务,制药与生物科技服务,北京,98.66,科创板,-,-,-,-,2025/12/10,倪健,自然人,-,表现超预期,大健康,-,-,政策支持,高新技术产业,消耗品,有量化参与
688798.SH,688798,艾为电子,中盘股,信息技术,集成电路,集成电路设计,上海,68.04,科创板,火山口 派出小部队勇吃鱼身,连续多天小涨 龟壳战术吃鱼头,-,-,2021/8/16,孙洪军,自然人,-,行情酝酿中,新科技,-,-,政策支持,高新技术产业,-,-
688799.SH,688799,华纳药厂,中盘股,医药卫生,化学药,药品制剂,湖南,57.48,科创板,-,-,-,-,2021/7/13,黄本东,自然人,-,行情酝酿中,大健康,-,-,政策支持,高新技术产业,消耗品,-
688800.SH,688800,瑞可达,大盘股,可选消费,汽车零部件与轮胎,汽车电子,江苏,98,科创板,火山口 派出小部队勇吃鱼身,连续多天小涨 龟壳战术吃鱼头,-,-,2021/7/22,吴世均,自然人,-,表现超预期,新科技,-,-,政策支持,高新技术产业,-,-
688802.SH,688802,沐曦股份-U,大盘股,NA,NA,NA,上海,721,科创板,-,-,有涨停 火山口战法吃鱼身,高人气,2025/12/17,陈维良,自然人,-,表现超预期,新科技,-,-,政策支持,高新技术产业,-,有量化参与
688805.SH,688805,健信超导,中盘股,医药卫生,医疗器械,医疗设备,浙江,53.97,科创板,-,-,有涨停 火山口战法吃鱼身,高人气,2025/12/24,许建益,自然人,-,表现超预期,大健康,-,-,行业成熟稳定,传统行业,消耗品,-
688807.SH,688807,优迅股份,大盘股,信息技术,集成电路,集成电路设计,福建,363.19,科创板,-,-,有涨停 火山口战法吃鱼身,-,2025/12/19,柯炳粦,自然人,-,表现超预期,新科技,-,-,政策支持,高新技术产业,-,-
688809.SH,688809,强一股份,大盘股,信息技术,半导体材料与设备,半导体设备,江苏,417,科创板,-,-,有涨停 火山口战法吃鱼身,-,2025/12/30,周明,自然人,-,表现超预期,新科技,-,-,政策支持,高新技术产业,-,-
688811.SH,688811,C有研,大盘股,NA,NA,NA,北京,19.85,科创板,-,-,-,高人气,2026/4/10,国务院国有资产监督管理委员会,企业,-,表现超预期,新能源,-,-,行业成熟稳定,传统行业,消耗品,-
688813.SH,688813,泰金新能,大盘股,工业,专用机械,采矿冶金机械,陕西,76.36,科创板,-,-,有涨停 火山口战法吃鱼身,-,2026/3/31,陕西省财政厅,企业,-,表现超预期,-,-,制造业(工业母机),行业成熟稳定,高新技术产业,耐用品,-
688816.SH,688816,易思维,小盘股,工业,通用机械,仪器仪表,浙江,67.49,科创板,火山口 派出小部队勇吃鱼身,-,-,-,2026/2/11,郭寅,自然人,"阿尔法高波动,等待周期更长,20厘米涨停爆发性强",表现超预期,-,-,制造业(工业母机),行业成熟稳定,高新技术产业,耐用品,-
688818.SH,688818,电科蓝天,大盘股,工业,航空航天,航天,天津,67.73,科创板,-,-,-,-,2026/2/10,中国电子科技集团有限公司,企业,-,表现超预期,-,军工高铁产业链,-,政策支持,高新技术产业,-,-
688819.SH,688819,天能股份,小盘股,工业,储能设备,电池,浙江,35.52,科创板,火山口 派出小部队勇吃鱼身,-,-,-,2021/1/18,张天任,自然人,"阿尔法高波动,等待周期更长,20厘米涨停爆发性强",行情酝酿中,新科技,特高压电力产业链,-,政策支持,高新技术产业,耐用品,-
688981.SH,688981,中芯国际,大盘股,信息技术,集成电路,集成电路制造,上海,105.23,科创板,火山口 派出小部队勇吃鱼身,连续多天小涨 龟壳战术吃鱼头,-,-,2020/7/16,无实际控制人,其他,-,行情酝酿中,新科技,-,-,政策支持,高新技术产业,-,-
689009.SH,689009,九号公司-WD,大盘股,NA,NA,NA,北京,45.1,科创板,-,-,-,-,2020/10/29,王野,自然人,-,行情酝酿中,-,智能汽车产业链,-,行业成熟稳定,传统行业,耐用品,-
920000.BJ,920000,安徽凤凰,迷你盘,可选消费,汽车零部件与轮胎,汽车系统部件,安徽,16.53,北交所,-,-,-,-,2020/12/23,巫界树,外资,"阿尔法高波动,等待周期更长,20厘米涨停爆发性强",行情酝酿中,-,智能汽车产业链,-,政策支持,传统行业,消耗品,-
920001.BJ,920001,纬达光电,小盘股,信息技术,光学光电子,面板,广东,16.28,北交所,火山口 派出小部队勇吃鱼身,-,-,-,2022/12/27,广东省人民政府,地方国有企业,"阿尔法高波动,等待周期更长,20厘米涨停爆发性强",表现超预期,新科技,-,-,政策支持,高新技术产业,-,-
920002.BJ,920002,万达轴承,小盘股,工业,专用机械,工程机械,江苏,88.46,北交所,火山口 派出小部队勇吃鱼身,-,-,-,2024/5/30,徐群生,民营企业,"阿尔法高波动,等待周期更长,20厘米涨停爆发性强",表现超预期,-,-,制造业(工业母机),行业成熟稳定,高新技术产业,耐用品,-
920003.BJ,920003,中诚咨询,迷你盘,工业,建筑与工程,建筑设计及服务,江苏,28.23,北交所,火山口 派出小部队勇吃鱼身,连续多天小涨 龟壳战术吃鱼头,-,-,2025/11/7,许学雷,民营企业,"阿尔法高波动,等待周期更长,20厘米涨停爆发性强",行情酝酿中,-,房地产产业链,-,行业成熟稳定,传统行业,耐用品,-
920005.BJ,920005,鼎佳精密,迷你盘,信息技术,电子终端及组件,消费电子组件及零部件,江苏,37,北交所,火山口 派出小部队勇吃鱼身,连续多天小涨 龟壳战术吃鱼头,-,-,2025/7/31,李结平,民营企业,"阿尔法高波动,等待周期更长,20厘米涨停爆发性强",行情酝酿中,新科技,-,-,政策支持,高新技术产业,-,-
920006.BJ,920006,晟楠科技,迷你盘,工业,航空航天,航空,江苏,23,北交所,火山口 派出小部队勇吃鱼身,-,-,-,2023/5/18,叶学俊,民营企业,"阿尔法高波动,等待周期更长,20厘米涨停爆发性强",行情酝酿中,-,军工高铁产业链,-,政策支持,高新技术产业,-,-
920007.BJ,920007,酉立智能,迷你盘,工业,发电设备,光伏设备,江苏,56.67,北交所,-,-,-,-,2025/8/8,李涛,民营企业,"阿尔法高波动,等待周期更长,20厘米涨停爆发性强",行情酝酿中,新科技,特高压电力产业链,-,政策支持,高新技术产业,耐用品,-
920008.BJ,920008,成电光信,迷你盘,工业,国防装备,国防装备,四川,26.38,北交所,火山口 派出小部队勇吃鱼身,-,-,-,2024/8/29,邱昆,民营企业,"阿尔法高波动,等待周期更长,20厘米涨停爆发性强",行情酝酿中,新基建,-,-,政策支持,高新技术产业,-,-
920009.BJ,920009,丹娜生物,迷你盘,医药卫生,医疗器械,体外诊断,天津,67.8,北交所,火山口 派出小部队勇吃鱼身,连续多天小涨 龟壳战术吃鱼头,-,-,2025/11/3,ZHOU ZEQI(周泽奇),外资,"阿尔法高波动,等待周期更长,20厘米涨停爆发性强",行情酝酿中,大健康,-,-,行业成熟稳定,传统行业,消耗品,-
920010.BJ,920010,凯添燃气,中盘股,公用事业,燃气,燃气,宁夏,12.53,北交所,-,-,-,-,2020/7/27,龚晓科,民营企业,-,表现超预期,-,-,民生,行业成熟稳定,传统行业,消耗品,-
920011.BJ,920011,晨光电机,中盘股,可选消费,家用电器,家电零部件及其他,浙江,26.77,北交所,火山口 派出小部队勇吃鱼身,-,-,-,2026/4/8,吴永宽,民营企业,-,表现超预期,新科技,特高压电力产业链,-,政策支持,高新技术产业,耐用品,-
920012.BJ,920012,创达新材,大盘股,信息技术,电子化学品,电子化学品,江苏,63.83,北交所,-,-,有涨停 火山口战法吃鱼身,-,2026/4/13,张俊,民营企业,-,表现超预期,新科技,-,-,政策支持,高新技术产业,-,-
920014.BJ,920014,特瑞斯,小盘股,能源,石油与天然气,油气流通及其他,江苏,12.91,北交所,火山口 派出小部队勇吃鱼身,连续多天小涨 龟壳战术吃鱼头,-,-,2022/12/13,许颉,民营企业,"阿尔法高波动,等待周期更长,20厘米涨停爆发性强",行情酝酿中,-,-,制造业(工业母机),行业成熟稳定,高新技术产业,耐用品,-
920015.BJ,920015,锦华新材,小盘股,原材料,化学制品,有机硅,浙江,43.07,北交所,火山口 派出小部队勇吃鱼身,-,-,-,2025/9/25,浙江省人民政府国有资产监督管理委员会,地方国有企业,"阿尔法高波动,等待周期更长,20厘米涨停爆发性强",表现超预期,-,-,化工,行业成熟稳定,传统行业,耐用品,-
920016.BJ,920016,中草香料,迷你盘,主要消费,食品,其他食品,安徽,17.46,北交所,火山口 派出小部队勇吃鱼身,-,-,-,2024/9/13,李莉,民营企业,"阿尔法高波动,等待周期更长,20厘米涨停爆发性强",表现超预期,-,-,化工,行业成熟稳定,传统行业,消耗品,-
920017.BJ,920017,星昊医药,迷你盘,医药卫生,化学药,药品制剂,北京,17.8,北交所,-,-,-,-,2023/5/31,殷岚,民营企业,"阿尔法高波动,等待周期更长,20厘米涨停爆发性强",行情酝酿中,大健康,-,-,政策支持,高新技术产业,消耗品,-
920018.BJ,920018,宏远股份,小盘股,工业,电网设备,线缆及其他,辽宁,29.71,北交所,火山口 派出小部队勇吃鱼身,-,-,-,2025/8/20,杨立山,民营企业,"阿尔法高波动,等待周期更长,20厘米涨停爆发性强",表现超预期,新科技,特高压电力产业链,-,政策支持,高新技术产业,耐用品,-
920019.BJ,920019,铜冠矿建,小盘股,工业,建筑与工程,专业工程,安徽,18.86,北交所,-,-,-,-,2024/10/11,安徽省人民政府国有资产监督管理委员会,地方国有企业,"阿尔法高波动,等待周期更长,20厘米涨停爆发性强",行情酝酿中,-,房地产产业链,-,行业成熟稳定,传统行业,耐用品,-
920020.BJ,920020,泰凯英,迷你盘,可选消费,汽车零部件与轮胎,轮胎,山东,15.94,北交所,火山口 派出小部队勇吃鱼身,-,-,-,2025/10/28,王传铸,外资,"阿尔法高波动,等待周期更长,20厘米涨停爆发性强",行情酝酿中,-,智能汽车产业链,-,政策支持,传统行业,消耗品,-
920021.BJ,920021,流金科技,中盘股,通信服务,文化娱乐,广播与电视,北京,10.82,北交所,-,-,-,-,2020/7/27,王俭,民营企业,-,行情酝酿中,-,-,文化体育,行业成熟稳定,传统行业,-,-
920022.BJ,920022,世昌股份,迷你盘,可选消费,汽车零部件与轮胎,汽车系统部件,河北,27.31,北交所,火山口 派出小部队勇吃鱼身,连续多天小涨 龟壳战术吃鱼头,-,-,2025/9/19,高士昌,民营企业,"阿尔法高波动,等待周期更长,20厘米涨停爆发性强",行情酝酿中,-,智能汽车产业链,-,政策支持,传统行业,消耗品,-
920023.BJ,920023,田野股份,迷你盘,主要消费,软饮料,软饮料,广西,3.19,北交所,火山口 派出小部队勇吃鱼身,-,-,-,2023/2/2,姚玖志,民营企业,"阿尔法高波动,等待周期更长,20厘米涨停爆发性强",行情酝酿中,大消费,-,-,行业成熟稳定,传统行业,消耗品,-
920026.BJ,920026,卓兆点胶,小盘股,工业,专用机械,其他专用机械,江苏,37.3,北交所,-,-,-,-,2023/10/19,陈晓峰,民营企业,"阿尔法高波动,等待周期更长,20厘米涨停爆发性强",表现超预期,-,-,制造业(工业母机),行业成熟稳定,传统行业,耐用品,-
920027.BJ,920027,交大铁发,迷你盘,工业,交通运输设备,城轨铁路,四川,18.55,北交所,火山口 派出小部队勇吃鱼身,连续多天小涨 龟壳战术吃鱼头,-,-,2025/6/10,王鹏翔,民营企业,"阿尔法高波动,等待周期更长,20厘米涨停爆发性强",行情酝酿中,-,-,制造业(工业母机),行业成熟稳定,传统行业,耐用品,-
920028.BJ,920028,新恒泰,中盘股,原材料,塑料,其他塑料制品,浙江,16.35,北交所,-,-,-,-,2026/3/20,陈春平,民营企业,-,表现超预期,-,-,化工,行业成熟稳定,传统行业,消耗品,-
920029.BJ,920029,开发科技,小盘股,工业,电网设备,电网自动化,四川,87.9,北交所,火山口 派出小部队勇吃鱼身,连续多天小涨 龟壳战术吃鱼头,-,-,2025/3/28,中国电子信息产业集团有限公司,中央企业,"阿尔法高波动,等待周期更长,20厘米涨停爆发性强",行情酝酿中,-,智能汽车产业链,制造业(工业母机),行业成熟稳定,传统行业,耐用品,-
920030.BJ,920030,德众汽车,迷你盘,可选消费,汽车经销商与汽车服务,汽车服务,湖南,5.75,北交所,火山口 派出小部队勇吃鱼身,-,-,-,2020/11/27,段坤良,民营企业,"阿尔法高波动,等待周期更长,20厘米涨停爆发性强",表现超预期,-,智能汽车产业链,-,政策支持,传统行业,-,-
920033.BJ,920033,康普化学,迷你盘,原材料,化学制品,其他化学制品,重庆,15.64,北交所,-,-,-,-,2022/12/21,邹潜,民营企业,"阿尔法高波动,等待周期更长,20厘米涨停爆发性强",行情酝酿中,-,-,化工,行业成熟稳定,传统行业,耐用品,-
920035.BJ,920035,精创电气,迷你盘,信息技术,电子终端及组件,安防设备及其他,江苏,34.92,北交所,-,-,-,-,2025/12/2,李超飞,民营企业,"阿尔法高波动,等待周期更长,20厘米涨停爆发性强",表现超预期,-,-,制造业(工业母机),行业成熟稳定,高新技术产业,耐用品,-
920036.BJ,920036,觅睿科技,中盘股,信息技术,电子终端及组件,安防设备及其他,浙江,48.2,北交所,-,-,-,-,2026/3/9,袁海忠,民营企业,-,表现超预期,新基建,-,-,政策支持,高新技术产业,-,-
920037.BJ,920037,广信科技,中盘股,工业,电网设备,线缆及其他,湖南,77.15,北交所,-,-,-,-,2025/6/26,魏冬云,民营企业,-,表现超预期,新科技,特高压电力产业链,-,政策支持,高新技术产业,耐用品,-
920039.BJ,920039,国义招标,迷你盘,工业,商业服务与用品,其他商业服务与用品,广东,9.87,北交所,火山口 派出小部队勇吃鱼身,连续多天小涨 龟壳战术吃鱼头,-,-,2021/8/18,广东省广新控股集团有限公司,地方国有企业,"阿尔法高波动,等待周期更长,20厘米涨停爆发性强",行情酝酿中,-,房地产产业链,-,行业成熟稳定,传统行业,耐用品,-
920045.BJ,920045,蘅东光,大盘股,通信服务,通信设备,通信系统设备及组件,深圳,520,北交所,-,-,有涨停 火山口战法吃鱼身,-,2025/12/31,陈建伟,外资,-,表现超预期,新基建,-,-,政策支持,高新技术产业,-,-
920046.BJ,920046,亿能电力,中盘股,工业,电网设备,输变电设备,江苏,26.32,北交所,-,-,-,-,2022/10/13,黄彩霞,民营企业,-,表现超预期,新科技,特高压电力产业链,-,政策支持,高新技术产业,耐用品,-
920047.BJ,920047,诺思兰德,大盘股,医药卫生,生物药品,其他生物药品,北京,30.08,北交所,-,-,-,-,2020/11/24,许松山,民营企业,-,表现超预期,大健康,-,-,政策支持,高新技术产业,消耗品,有量化参与
920050.BJ,920050,爱舍伦,迷你盘,医药卫生,医疗器械,医疗耗材,江苏,32.54,北交所,火山口 派出小部队勇吃鱼身,连续多天小涨 龟壳战术吃鱼头,-,-,2026/1/21,张勇,民营企业,"阿尔法高波动,等待周期更长,20厘米涨停爆发性强",行情酝酿中,大健康,-,-,行业成熟稳定,传统行业,消耗品,-
920055.BJ,920055,隆源股份,小盘股,可选消费,汽车零部件与轮胎,其他汽车零部件,浙江,35.14,北交所,-,-,-,-,2026/3/31,林国栋,民营企业,"阿尔法高波动,等待周期更长,20厘米涨停爆发性强",表现超预期,-,智能汽车产业链,-,政策支持,传统行业,消耗品,-
920056.BJ,920056,能之光,迷你盘,原材料,塑料,改性塑料,浙江,23.42,北交所,火山口 派出小部队勇吃鱼身,-,-,-,2025/8/22,张发饶,民营企业,"阿尔法高波动,等待周期更长,20厘米涨停爆发性强",行情酝酿中,-,-,化工,行业成熟稳定,传统行业,消耗品,-
920057.BJ,920057,百甲科技,迷你盘,工业,建筑与工程,专业工程,江苏,6.35,北交所,火山口 派出小部队勇吃鱼身,-,-,-,2023/3/14,刘甲铭,民营企业,"阿尔法高波动,等待周期更长,20厘米涨停爆发性强",行情酝酿中,-,-,能源,行业成熟稳定,传统行业,消耗品,-
920058.BJ,920058,华洋赛车,迷你盘,可选消费,摩托车及其他,摩托车及其他,浙江,28.85,北交所,-,-,-,-,2023/8/10,戴继刚,民营企业,"阿尔法高波动,等待周期更长,20厘米涨停爆发性强",行情酝酿中,-,智能汽车产业链,-,行业成熟稳定,传统行业,耐用品,-
920060.BJ,920060,万源通,中盘股,信息技术,电子元件,印制电路板,江苏,34.53,北交所,-,-,-,-,2024/11/19,王雪根,民营企业,-,表现超预期,新科技,-,-,政策支持,高新技术产业,-,-
920061.BJ,920061,西磁科技,迷你盘,工业,通用机械,其他通用机械,浙江,24.1,北交所,-,-,-,-,2023/12/21,吴望蕤,民营企业,"阿尔法高波动,等待周期更长,20厘米涨停爆发性强",行情酝酿中,-,-,制造业(工业母机),行业成熟稳定,高新技术产业,耐用品,-
920062.BJ,920062,科润智控,小盘股,工业,电网设备,输变电设备,浙江,10.8,北交所,-,-,-,-,2022/7/13,王荣,民营企业,"阿尔法高波动,等待周期更长,20厘米涨停爆发性强",行情酝酿中,新科技,特高压电力产业链,-,政策支持,高新技术产业,耐用品,-
920066.BJ,920066,科拜尔,迷你盘,原材料,塑料,改性塑料,安徽,22.32,北交所,-,-,-,-,2024/10/31,姜之涛,民营企业,"阿尔法高波动,等待周期更长,20厘米涨停爆发性强",表现超预期,-,-,化工,行业成熟稳定,传统行业,消耗品,-
920068.BJ,920068,天工股份,小盘股,原材料,其他有色金属及合金,钛,江苏,21.68,北交所,-,-,-,-,2025/5/13,朱小坤,民营企业,"阿尔法高波动,等待周期更长,20厘米涨停爆发性强",表现超预期,新能源,-,-,行业成熟稳定,传统行业,消耗品,-
920069.BJ,920069,普昂医疗,小盘股,医药卫生,医疗器械,医疗耗材,浙江,37.3,北交所,-,-,-,-,2026/3/27,毛柳莺,民营企业,"阿尔法高波动,等待周期更长,20厘米涨停爆发性强",表现超预期,大健康,-,-,行业成熟稳定,传统行业,消耗品,-
920075.BJ,920075,柏星龙,迷你盘,原材料,容器与包装,纸材料包装,深圳,21.65,北交所,-,-,-,-,2022/12/14,赵国义,民营企业,"阿尔法高波动,等待周期更长,20厘米涨停爆发性强",行情酝酿中,-,电子商务产业链,-,行业成熟稳定,传统行业,-,-
920076.BJ,920076,国亮新材,迷你盘,原材料,其他非金属材料,其他非金属材料,河北,21.29,北交所,火山口 派出小部队勇吃鱼身,-,-,-,2026/1/22,董国亮,民营企业,"阿尔法高波动,等待周期更长,20厘米涨停爆发性强",行情酝酿中,-,房地产产业链,-,行业成熟稳定,传统行业,耐用品,-
920077.BJ,920077,吉林碳谷,中盘股,原材料,化学纤维,氨纶及其他化纤,吉林,18.22,北交所,-,-,-,-,2021/8/31,吉林省吉林市人民政府国有资产监督管理委员会,地方国有企业,-,行情酝酿中,-,-,化工,行业成熟稳定,传统行业,耐用品,-
920078.BJ,920078,族兴新材,中盘股,原材料,化学制品,涂料油墨,湖南,26.18,北交所,-,-,有涨停 火山口战法吃鱼身,-,2026/3/18,梁晓斌,民营企业,-,表现超预期,新能源,-,-,行业成熟稳定,传统行业,消耗品,-
920080.BJ,920080,奥美森,迷你盘,工业,通用机械,加工机械,广东,23.69,北交所,火山口 派出小部队勇吃鱼身,-,-,-,2025/10/10,龙晓斌,民营企业,"阿尔法高波动,等待周期更长,20厘米涨停爆发性强",表现超预期,-,-,制造业(工业母机),行业成熟稳定,高新技术产业,耐用品,-
920082.BJ,920082,方正阀门,迷你盘,工业,通用机械,气液机械,浙江,15.54,北交所,火山口 派出小部队勇吃鱼身,连续多天小涨 龟壳战术吃鱼头,-,-,2024/12/26,方高远,民营企业,"阿尔法高波动,等待周期更长,20厘米涨停爆发性强",行情酝酿中,-,-,制造业(工业母机),行业成熟稳定,传统行业,耐用品,-
920086.BJ,920086,科马材料,小盘股,可选消费,汽车零部件与轮胎,汽车系统部件,浙江,29.94,北交所,-,-,-,-,2026/1/16,王宗和,民营企业,"阿尔法高波动,等待周期更长,20厘米涨停爆发性强",表现超预期,-,智能汽车产业链,-,政策支持,传统行业,消耗品,-
920087.BJ,920087,秋乐种业,小盘股,主要消费,种植,种业,河南,15.12,北交所,火山口 派出小部队勇吃鱼身,连续多天小涨 龟壳战术吃鱼头,-,-,2022/12/7,河南省农业科学院,地方国有企业,"阿尔法高波动,等待周期更长,20厘米涨停爆发性强",行情酝酿中,-,-,粮食,行业成熟稳定,传统行业,消耗品,-
920088.BJ,920088,科力股份,中盘股,能源,油气开采与油田服务,油田服务,新疆,51.16,北交所,-,-,-,-,2024/10/29,赵波,民营企业,-,行情酝酿中,-,-,能源,行业成熟稳定,传统行业,-,-
920089.BJ,920089,禾昌聚合,小盘股,原材料,塑料,改性塑料,江苏,19.38,北交所,火山口 派出小部队勇吃鱼身,-,-,-,2021/11/9,赵东明,民营企业,"阿尔法高波动,等待周期更长,20厘米涨停爆发性强",表现超预期,-,-,化工,行业成熟稳定,传统行业,消耗品,-
920090.BJ,920090,同辉信息,迷你盘,信息技术,信息技术服务,系统集成服务,北京,5.88,北交所,-,-,-,-,2021/8/9,戴福昊,民营企业,"阿尔法高波动,等待周期更长,20厘米涨停爆发性强",行情酝酿中,新基建,-,-,政策支持,高新技术产业,-,-
920091.BJ,920091,大鹏工业,小盘股,工业,通用机械,其他通用机械,黑龙江,61.42,北交所,-,-,-,-,2025/11/21,李鹏堂,民营企业,"阿尔法高波动,等待周期更长,20厘米涨停爆发性强",表现超预期,-,-,制造业(工业母机),行业成熟稳定,高新技术产业,耐用品,-
920092.BJ,920092,汉鑫科技,小盘股,信息技术,信息技术服务,系统集成服务,山东,32.8,北交所,-,-,-,-,2021/11/15,刘文义,民营企业,"阿尔法高波动,等待周期更长,20厘米涨停爆发性强",表现超预期,国产替代,-,-,政策支持,传统行业,-,-
920098.BJ,920098,科隆新材,迷你盘,工业,通用机械,其他通用机械,陕西,27.23,北交所,火山口 派出小部队勇吃鱼身,-,-,-,2024/12/5,邹威文,民营企业,"阿尔法高波动,等待周期更长,20厘米涨停爆发性强",表现超预期,-,-,化工,行业成熟稳定,传统行业,耐用品,-
920099.BJ,920099,瑞华技术,小盘股,工业,商业服务与用品,其他商业服务与用品,江苏,31.91,北交所,-,-,-,-,2024/9/25,徐志刚,民营企业,"阿尔法高波动,等待周期更长,20厘米涨停爆发性强",行情酝酿中,-,-,能源,行业成熟稳定,传统行业,消耗品,-
920100.BJ,920100,三协电机,小盘股,工业,通用机械,电动机与工控自动化,江苏,51.09,北交所,火山口 派出小部队勇吃鱼身,-,-,-,2025/9/8,盛祎,民营企业,"阿尔法高波动,等待周期更长,20厘米涨停爆发性强",表现超预期,新科技,特高压电力产业链,-,政策支持,高新技术产业,耐用品,-
920101.BJ,920101,志高机械,小盘股,工业,专用机械,工程机械,浙江,36.19,北交所,火山口 派出小部队勇吃鱼身,-,-,-,2025/8/14,谢存,民营企业,"阿尔法高波动,等待周期更长,20厘米涨停爆发性强",行情酝酿中,-,-,制造业(工业母机),行业成熟稳定,高新技术产业,耐用品,-
920106.BJ,920106,林泰新材,小盘股,可选消费,汽车零部件与轮胎,汽车系统部件,江苏,66.19,北交所,-,-,-,-,2024/12/18,刘健,民营企业,"阿尔法高波动,等待周期更长,20厘米涨停爆发性强",表现超预期,-,智能汽车产业链,-,政策支持,传统行业,消耗品,-
920108.BJ,920108,宏海科技,迷你盘,可选消费,家用电器,家电零部件及其他,湖北,11.34,北交所,-,-,-,-,2025/2/6,周宏,民营企业,"阿尔法高波动,等待周期更长,20厘米涨停爆发性强",行情酝酿中,大消费,-,-,行业成熟稳定,传统行业,耐用品,-
920110.BJ,920110,雷特科技,迷你盘,信息技术,光学光电子,LED,广东,35.36,北交所,-,-,-,-,2022/12/6,雷建文,民营企业,"阿尔法高波动,等待周期更长,20厘米涨停爆发性强",行情酝酿中,新科技,特高压电力产业链,-,政策支持,高新技术产业,耐用品,-
920111.BJ,920111,聚星科技,小盘股,工业,电网设备,配电设备,浙江,25.17,北交所,火山口 派出小部队勇吃鱼身,-,-,-,2024/11/11,陈静,民营企业,"阿尔法高波动,等待周期更长,20厘米涨停爆发性强",行情酝酿中,新科技,特高压电力产业链,-,政策支持,高新技术产业,耐用品,-
920112.BJ,920112,巴兰仕,迷你盘,工业,专用机械,其他专用机械,上海,34.09,北交所,火山口 派出小部队勇吃鱼身,连续多天小涨 龟壳战术吃鱼头,-,-,2025/8/28,蔡喜林,民营企业,"阿尔法高波动,等待周期更长,20厘米涨停爆发性强",行情酝酿中,-,-,制造业(工业母机),行业成熟稳定,高新技术产业,耐用品,-
920116.BJ,920116,星图测控,大盘股,信息技术,软件开发,行业应用软件,安徽,100.48,北交所,-,-,-,-,2025/1/2,中国科学院空天信息创新研究院,中央企业,-,表现超预期,国产替代,-,-,政策支持,传统行业,-,-
920118.BJ,920118,太湖远大,迷你盘,原材料,塑料,其他塑料制品,浙江,21.34,北交所,-,-,-,-,2024/8/22,赵勇,民营企业,"阿尔法高波动,等待周期更长,20厘米涨停爆发性强",行情酝酿中,-,-,化工,行业成熟稳定,传统行业,消耗品,-
920119.BJ,920119,美德乐,中盘股,工业,通用机械,电动机与工控自动化,辽宁,97.55,北交所,火山口 派出小部队勇吃鱼身,-,-,-,2026/1/30,张永新,民营企业,-,表现超预期,-,-,制造业(工业母机),行业成熟稳定,高新技术产业,耐用品,-
920121.BJ,920121,江天科技,迷你盘,原材料,容器与包装,纸材料包装,江苏,37.32,北交所,火山口 派出小部队勇吃鱼身,连续多天小涨 龟壳战术吃鱼头,-,-,2025/12/25,滕琪,民营企业,"阿尔法高波动,等待周期更长,20厘米涨停爆发性强",行情酝酿中,-,电子商务产业链,-,行业成熟稳定,传统行业,-,-
920122.BJ,920122,中纺标,迷你盘,工业,商业服务与用品,其他商业服务与用品,北京,27.35,北交所,-,-,-,-,2022/9/27,国务院国有资产监督管理委员会,中央企业,"阿尔法高波动,等待周期更长,20厘米涨停爆发性强",表现超预期,-,实体经济,-,行业成熟稳定,传统行业,-,-
920123.BJ,920123,芭薇股份,迷你盘,主要消费,美容护理,美容护理,广东,13.23,北交所,火山口 派出小部队勇吃鱼身,-,-,-,2024/3/29,冷群英,民营企业,"阿尔法高波动,等待周期更长,20厘米涨停爆发性强",表现超预期,-,-,化工,行业成熟稳定,传统行业,消耗品,-
920124.BJ,920124,南特科技,迷你盘,工业,通用机械,气液机械,广东,16.27,北交所,火山口 派出小部队勇吃鱼身,-,-,-,2025/11/27,蔡恒,民营企业,"阿尔法高波动,等待周期更长,20厘米涨停爆发性强",行情酝酿中,-,-,制造业(工业母机),行业成熟稳定,传统行业,耐用品,-
920128.BJ,920128,胜业电气,迷你盘,信息技术,电子元件,被动元件,广东,25.21,北交所,火山口 派出小部队勇吃鱼身,-,-,-,2024/11/29,魏国锋,民营企业,"阿尔法高波动,等待周期更长,20厘米涨停爆发性强",行情酝酿中,新科技,-,-,政策支持,高新技术产业,-,-
920130.BJ,920130,立方控股,迷你盘,信息技术,信息技术服务,系统集成服务,浙江,20.7,北交所,火山口 派出小部队勇吃鱼身,-,-,-,2023/11/2,周林健,民营企业,"阿尔法高波动,等待周期更长,20厘米涨停爆发性强",行情酝酿中,国产替代,-,-,政策支持,传统行业,-,-
920132.BJ,920132,泰鹏智能,迷你盘,可选消费,休闲设备与用品,休闲设备与用品,山东,13.85,北交所,-,-,-,-,2023/11/16,刘建三,民营企业,"阿尔法高波动,等待周期更长,20厘米涨停爆发性强",行情酝酿中,大消费,-,-,行业成熟稳定,传统行业,耐用品,-
920139.BJ,920139,华岭股份,中盘股,信息技术,集成电路,集成电路封测,上海,19,北交所,-,-,-,-,2022/10/28,无实际控制人,其他,-,表现超预期,新科技,-,-,政策支持,高新技术产业,-,-
920145.BJ,920145,恒合股份,迷你盘,工业,节能与生态修复,节能与资源回收,北京,14.95,北交所,-,-,-,-,2021/11/15,王琳,民营企业,"阿尔法高波动,等待周期更长,20厘米涨停爆发性强",行情酝酿中,-,-,民生,行业成熟稳定,传统行业,-,-
920146.BJ,920146,华阳变速,迷你盘,可选消费,汽车零部件与轮胎,汽车系统部件,湖北,7.24,北交所,-,-,-,-,2021/7/20,陈守全,民营企业,"阿尔法高波动,等待周期更长,20厘米涨停爆发性强",表现超预期,-,智能汽车产业链,-,政策支持,传统行业,消耗品,-
920149.BJ,920149,旭杰科技,迷你盘,工业,建筑与工程,基础设施建设,江苏,10.66,北交所,火山口 派出小部队勇吃鱼身,-,-,-,2020/7/27,丁杰,民营企业,"阿尔法高波动,等待周期更长,20厘米涨停爆发性强",行情酝酿中,-,房地产产业链,-,行业成熟稳定,传统行业,耐用品,-
920152.BJ,920152,昆工科技,迷你盘,原材料,其他有色金属及合金,其他有色金属及合金,云南,16.17,北交所,-,-,-,-,2022/9/1,郭忠诚,民营企业,"阿尔法高波动,等待周期更长,20厘米涨停爆发性强",表现超预期,新能源,-,-,行业成熟稳定,传统行业,消耗品,-
920158.BJ,920158,长江能科,小盘股,工业,专用机械,化工机械,江苏,17.23,北交所,-,-,-,-,2025/10/16,刘家诚,民营企业,"阿尔法高波动,等待周期更长,20厘米涨停爆发性强",表现超预期,-,-,制造业(工业母机),行业成熟稳定,高新技术产业,耐用品,-
920159.BJ,920159,农大科技,小盘股,原材料,农用化工,复合肥,山东,39.95,北交所,火山口 派出小部队勇吃鱼身,-,-,-,2026/1/28,马学文,民营企业,"阿尔法高波动,等待周期更长,20厘米涨停爆发性强",行情酝酿中,-,-,粮食,行业成熟稳定,传统行业,消耗品,-
920160.BJ,920160,北矿检测,迷你盘,工业,商业服务与用品,其他商业服务与用品,北京,23.66,北交所,火山口 派出小部队勇吃鱼身,-,-,-,2025/11/18,国务院国有资产监督管理委员会,中央企业,"阿尔法高波动,等待周期更长,20厘米涨停爆发性强",行情酝酿中,-,智能汽车产业链,制造业(工业母机),行业成熟稳定,传统行业,耐用品,-
920163.BJ,920163,方大新材,迷你盘,原材料,容器与包装,金属、玻璃与塑料包装,河北,12.88,北交所,火山口 派出小部队勇吃鱼身,-,-,-,2020/7/27,杨志,民营企业,"阿尔法高波动,等待周期更长,20厘米涨停爆发性强",行情酝酿中,-,-,化工,行业成熟稳定,传统行业,消耗品,-
920166.BJ,920166,海圣医疗,小盘股,医药卫生,医疗器械,医疗耗材,浙江,29.58,北交所,火山口 派出小部队勇吃鱼身,连续多天小涨 龟壳战术吃鱼头,-,-,2026/2/12,黄海生,民营企业,"阿尔法高波动,等待周期更长,20厘米涨停爆发性强",行情酝酿中,大健康,-,-,行业成熟稳定,传统行业,消耗品,-
920167.BJ,920167,同享科技,迷你盘,工业,发电设备,光伏设备,江苏,17.62,北交所,-,-,-,-,2020/7/27,陆利斌,民营企业,"阿尔法高波动,等待周期更长,20厘米涨停爆发性强",行情酝酿中,新能源,-,-,行业成熟稳定,传统行业,消耗品,-
920168.BJ,920168,通宝光电,迷你盘,可选消费,汽车零部件与轮胎,汽车内饰与外饰,江苏,22.41,北交所,火山口 派出小部队勇吃鱼身,-,-,-,2026/2/26,刘国学,民营企业,"阿尔法高波动,等待周期更长,20厘米涨停爆发性强",行情酝酿中,-,智能汽车产业链,-,政策支持,传统行业,消耗品,-
920169.BJ,920169,七丰精工,小盘股,工业,通用机械,其他通用机械,浙江,30.8,北交所,火山口 派出小部队勇吃鱼身,-,-,-,2022/4/15,陈跃忠,民营企业,"阿尔法高波动,等待周期更长,20厘米涨停爆发性强",表现超预期,-,-,制造业(工业母机),行业成熟稳定,传统行业,耐用品,-
920171.BJ,920171,志晟信息,中盘股,信息技术,信息技术服务,系统集成服务,河北,21.92,北交所,-,-,-,-,2021/11/15,穆志刚,民营企业,-,表现超预期,国产替代,-,-,政策支持,传统行业,-,-
920174.BJ,920174,五新隧装,小盘股,工业,专用机械,工程机械,湖南,39.39,北交所,-,-,-,-,2021/8/20,王薪程,民营企业,"阿尔法高波动,等待周期更长,20厘米涨停爆发性强",行情酝酿中,-,-,制造业(工业母机),行业成熟稳定,高新技术产业,耐用品,-
920175.BJ,920175,东方碳素,迷你盘,原材料,其他非金属材料,其他非金属材料,河南,10.33,北交所,-,-,-,-,2023/6/30,杨遂运,民营企业,"阿尔法高波动,等待周期更长,20厘米涨停爆发性强",表现超预期,-,-,化工,行业成熟稳定,传统行业,耐用品,-
920177.BJ,920177,N恒道,中盘股,NA,NA,NA,浙江,40,北交所,-,-,有涨停 火山口战法吃鱼身,高人气,2026/4/16,王洪潮,民营企业,-,表现超预期,-,-,制造业(工业母机),行业成熟稳定,高新技术产业,耐用品,-
920179.BJ,920179,凯德石英,大盘股,原材料,其他非金属材料,其他非金属材料,北京,54.2,北交所,-,-,有涨停 火山口战法吃鱼身,-,2022/3/4,张忠恕,民营企业,-,表现超预期,新能源,-,能源,行业成熟稳定,传统行业,消耗品,-
920180.BJ,920180,爱得科技,迷你盘,医药卫生,医疗器械,医疗耗材,江苏,17.05,北交所,火山口 派出小部队勇吃鱼身,连续多天小涨 龟壳战术吃鱼头,-,-,2026/2/10,黄美玉,民营企业,"阿尔法高波动,等待周期更长,20厘米涨停爆发性强",行情酝酿中,大健康,-,-,行业成熟稳定,传统行业,消耗品,-
920181.BJ,920181,赛英电子,中盘股,信息技术,其他电子,其他电子,江苏,73.97,北交所,-,-,有涨停 火山口战法吃鱼身,-,2026/4/10,陈国贤,民营企业,-,表现超预期,新科技,-,-,政策支持,高新技术产业,-,-
920183.BJ,920183,海菲曼,小盘股,信息技术,电子终端及组件,消费电子终端,江苏,40.85,北交所,火山口 派出小部队勇吃鱼身,-,-,-,2026/3/4,边仿,民营企业,"阿尔法高波动,等待周期更长,20厘米涨停爆发性强",表现超预期,新基建,-,-,政策支持,高新技术产业,-,-
920184.BJ,920184,国源科技,迷你盘,信息技术,信息技术服务,其他IT与互联网服务,北京,16.58,北交所,-,-,-,-,2020/7/27,董利成,民营企业,"阿尔法高波动,等待周期更长,20厘米涨停爆发性强",行情酝酿中,国产替代,-,-,政策支持,传统行业,-,-
920185.BJ,920185,贝特瑞,大盘股,工业,储能设备,电池部件及材料,深圳,31.66,北交所,-,-,-,-,2020/7/27,无实际控制人,其他,-,行情酝酿中,-,-,化工,行业成熟稳定,传统行业,耐用品,-
920187.BJ,920187,通领科技,小盘股,可选消费,汽车零部件与轮胎,汽车内饰与外饰,上海,37.38,北交所,火山口 派出小部队勇吃鱼身,-,-,-,2026/3/5,项春潮,民营企业,"阿尔法高波动,等待周期更长,20厘米涨停爆发性强",行情酝酿中,-,智能汽车产业链,-,政策支持,传统行业,消耗品,-
920188.BJ,920188,悦龙科技,中盘股,原材料,橡胶,橡胶制品,山东,26.18,北交所,火山口 派出小部队勇吃鱼身,-,-,-,2026/3/30,徐锦诚,民营企业,-,表现超预期,-,-,化工,行业成熟稳定,传统行业,耐用品,-
920190.BJ,920190,雷神科技,小盘股,信息技术,电子终端及组件,电脑与外围设备,山东,23.14,北交所,-,-,-,-,2022/12/23,海尔集团公司,集体企业,"阿尔法高波动,等待周期更长,20厘米涨停爆发性强",行情酝酿中,新基建,-,-,政策支持,高新技术产业,-,-
920195.BJ,920195,三祥科技,迷你盘,可选消费,汽车零部件与轮胎,汽车系统部件,山东,20.01,北交所,-,-,-,-,2022/12/30,魏增祥,民营企业,"阿尔法高波动,等待周期更长,20厘米涨停爆发性强",表现超预期,-,智能汽车产业链,-,政策支持,传统行业,消耗品,-
920198.BJ,920198,微创光电,迷你盘,信息技术,电子终端及组件,安防设备及其他,湖北,9.01,北交所,火山口 派出小部队勇吃鱼身,-,-,-,2020/7/27,湖北省人民政府国有资产监督管理委员会,地方国有企业,"阿尔法高波动,等待周期更长,20厘米涨停爆发性强",行情酝酿中,新基建,-,-,政策支持,高新技术产业,-,-
920199.BJ,920199,倍益康,小盘股,医药卫生,医疗器械,医疗设备,四川,35.39,北交所,-,-,-,-,2022/12/1,张文,民营企业,"阿尔法高波动,等待周期更长,20厘米涨停爆发性强",行情酝酿中,大消费,-,-,行业成熟稳定,传统行业,耐用品,-
920204.BJ,920204,沪江材料,迷你盘,原材料,容器与包装,金属、玻璃与塑料包装,江苏,15.83,北交所,-,-,-,-,2022/1/18,章育骏,民营企业,"阿尔法高波动,等待周期更长,20厘米涨停爆发性强",表现超预期,-,-,化工,行业成熟稳定,传统行业,消耗品,-
920207.BJ,920207,众诚科技,中盘股,信息技术,信息技术服务,系统集成服务,河南,31.75,北交所,火山口 派出小部队勇吃鱼身,-,-,-,2022/9/23,梁侃,民营企业,-,表现超预期,国产替代,-,-,政策支持,传统行业,-,-
920208.BJ,920208,青矩技术,迷你盘,工业,建筑与工程,建筑设计及服务,北京,23.6,北交所,-,-,-,-,2023/6/29,无实际控制人,其他,"阿尔法高波动,等待周期更长,20厘米涨停爆发性强",行情酝酿中,-,房地产产业链,-,行业成熟稳定,传统行业,耐用品,-
920212.BJ,920212,智新电子,迷你盘,可选消费,汽车零部件与轮胎,汽车电子,山东,12.4,北交所,-,-,-,-,2021/6/8,赵庆福,民营企业,"阿尔法高波动,等待周期更长,20厘米涨停爆发性强",表现超预期,新科技,-,-,政策支持,高新技术产业,-,-
920221.BJ,920221,易实精密,迷你盘,可选消费,汽车零部件与轮胎,其他汽车零部件,江苏,15.19,北交所,火山口 派出小部队勇吃鱼身,-,-,-,2023/6/8,徐爱明,民营企业,"阿尔法高波动,等待周期更长,20厘米涨停爆发性强",行情酝酿中,-,智能汽车产业链,-,政策支持,传统行业,消耗品,-
920223.BJ,920223,荣亿精密,小盘股,工业,通用机械,其他通用机械,浙江,18.4,北交所,火山口 派出小部队勇吃鱼身,-,-,-,2022/6/9,唐旭文,外资,"阿尔法高波动,等待周期更长,20厘米涨停爆发性强",表现超预期,-,-,制造业(工业母机),行业成熟稳定,传统行业,耐用品,-
920225.BJ,920225,利通科技,中盘股,原材料,橡胶,橡胶制品,河南,32.1,北交所,-,-,有涨停 火山口战法吃鱼身,-,2021/2/25,赵洪亮,民营企业,-,表现超预期,-,-,化工,行业成熟稳定,传统行业,耐用品,-
920227.BJ,920227,美登科技,迷你盘,信息技术,软件开发,行业应用软件,浙江,63.37,北交所,-,-,-,-,2022/12/28,邹宇,民营企业,"阿尔法高波动,等待周期更长,20厘米涨停爆发性强",行情酝酿中,国产替代,-,-,政策支持,传统行业,-,-
920230.BJ,920230,欧康医药,小盘股,主要消费,食品,其他食品,四川,12.5,北交所,-,-,-,高人气,2022/12/9,赵卓君,民营企业,"阿尔法高波动,等待周期更长,20厘米涨停爆发性强",表现超预期,大健康,-,-,政策支持,高新技术产业,消耗品,-
920237.BJ,920237,力佳科技,小盘股,工业,储能设备,电池,湖北,22.12,北交所,-,-,-,-,2022/11/25,王建,民营企业,"阿尔法高波动,等待周期更长,20厘米涨停爆发性强",表现超预期,新科技,特高压电力产业链,-,政策支持,高新技术产业,耐用品,-
920239.BJ,920239,长虹能源,小盘股,工业,储能设备,电池,四川,31.39,北交所,-,-,-,-,2021/2/9,绵阳市国有资产监督管理委员会,地方国有企业,"阿尔法高波动,等待周期更长,20厘米涨停爆发性强",表现超预期,新科技,特高压电力产业链,-,政策支持,高新技术产业,耐用品,-
920242.BJ,920242,建邦科技,小盘股,可选消费,汽车零部件与轮胎,汽车系统部件,山东,27.3,北交所,火山口 派出小部队勇吃鱼身,-,有涨停 火山口战法吃鱼身,-,2020/7/27,钟永铎,民营企业,"阿尔法高波动,等待周期更长,20厘米涨停爆发性强",表现超预期,-,智能汽车产业链,-,政策支持,传统行业,消耗品,-
920245.BJ,920245,威博液压,迷你盘,工业,通用机械,气液机械,江苏,25.3,北交所,火山口 派出小部队勇吃鱼身,-,-,-,2022/1/6,马金星,民营企业,"阿尔法高波动,等待周期更长,20厘米涨停爆发性强",表现超预期,-,-,制造业(工业母机),行业成熟稳定,传统行业,耐用品,-
920247.BJ,920247,华密新材,小盘股,原材料,橡胶,橡胶制品,河北,21.89,北交所,-,-,-,-,2022/12/23,李藏稳,民营企业,"阿尔法高波动,等待周期更长,20厘米涨停爆发性强",表现超预期,-,-,化工,行业成熟稳定,传统行业,耐用品,-
920249.BJ,920249,利尔达,大盘股,工业,商业服务与用品,贸易商,浙江,11.42,北交所,-,-,有涨停 火山口战法吃鱼身,高人气,2023/2/17,陈凯,民营企业,-,表现超预期,新科技,-,-,政策支持,高新技术产业,-,-
920252.BJ,920252,天宏锂电,中盘股,工业,储能设备,电池,浙江,28.8,北交所,-,-,-,-,2023/1/19,都伟云,民营企业,-,表现超预期,新科技,特高压电力产业链,-,政策支持,高新技术产业,耐用品,-
920260.BJ,920260,中寰股份,迷你盘,能源,油气开采与油田服务,油田服务,四川,10.29,北交所,火山口 派出小部队勇吃鱼身,连续多天小涨 龟壳战术吃鱼头,-,-,2021/11/15,罗蓉,民营企业,"阿尔法高波动,等待周期更长,20厘米涨停爆发性强",行情酝酿中,-,-,制造业(工业母机),行业成熟稳定,高新技术产业,耐用品,-
920261.BJ,920261,一诺威,迷你盘,原材料,化学制品,聚氨酯,山东,14.65,北交所,火山口 派出小部队勇吃鱼身,-,-,-,2023/4/3,徐军,民营企业,"阿尔法高波动,等待周期更长,20厘米涨停爆发性强",行情酝酿中,-,-,化工,行业成熟稳定,传统行业,耐用品,-
920262.BJ,920262,太湖雪,迷你盘,可选消费,纺织服装,家用纺织,江苏,20.93,北交所,火山口 派出小部队勇吃鱼身,-,-,-,2022/12/30,胡毓芳,民营企业,"阿尔法高波动,等待周期更长,20厘米涨停爆发性强",行情酝酿中,-,-,化工,行业成熟稳定,传统行业,消耗品,-
920263.BJ,920263,中航泰达,迷你盘,工业,污染治理,烟气治理,北京,12.1,北交所,火山口 派出小部队勇吃鱼身,连续多天小涨 龟壳战术吃鱼头,-,-,2020/7/27,刘斌,民营企业,"阿尔法高波动,等待周期更长,20厘米涨停爆发性强",行情酝酿中,-,-,民生,行业成熟稳定,传统行业,-,-
920266.BJ,920266,生物谷,迷你盘,医药卫生,中药,中成药,云南,8.27,北交所,火山口 派出小部队勇吃鱼身,连续多天小涨 龟壳战术吃鱼头,-,-,2020/7/27,罗诚,民营企业,"阿尔法高波动,等待周期更长,20厘米涨停爆发性强",行情酝酿中,大健康,-,-,行业成熟稳定,传统行业,消耗品,-
920267.BJ,920267,鑫汇科,迷你盘,可选消费,家用电器,家电零部件及其他,深圳,20.15,北交所,-,-,-,-,2022/5/27,丘守庆,民营企业,"阿尔法高波动,等待周期更长,20厘米涨停爆发性强",表现超预期,新科技,-,-,政策支持,高新技术产业,-,-
920270.BJ,920270,天铭科技,迷你盘,可选消费,汽车零部件与轮胎,其他汽车零部件,浙江,16.2,北交所,火山口 派出小部队勇吃鱼身,-,-,-,2022/9/2,张松,民营企业,"阿尔法高波动,等待周期更长,20厘米涨停爆发性强",行情酝酿中,-,智能汽车产业链,-,政策支持,传统行业,消耗品,-
920271.BJ,920271,邦德股份,迷你盘,可选消费,汽车零部件与轮胎,汽车系统部件,山东,14.55,北交所,-,-,-,-,2022/6/2,吴国良,民营企业,"阿尔法高波动,等待周期更长,20厘米涨停爆发性强",表现超预期,-,智能汽车产业链,-,政策支持,传统行业,消耗品,-
920273.BJ,920273,一致魔芋,小盘股,主要消费,食品,其他食品,湖北,23.79,北交所,-,-,-,-,2023/2/21,吴平,民营企业,"阿尔法高波动,等待周期更长,20厘米涨停爆发性强",表现超预期,大消费,-,-,行业成熟稳定,传统行业,消耗品,-
920274.BJ,920274,宏裕包材,小盘股,原材料,容器与包装,金属、玻璃与塑料包装,湖北,23.37,北交所,-,-,-,-,2023/8/18,宜昌市人民政府国有资产监督管理委员会,地方国有企业,"阿尔法高波动,等待周期更长,20厘米涨停爆发性强",表现超预期,-,电子商务产业链,-,行业成熟稳定,传统行业,-,-
920275.BJ,920275,驱动力,迷你盘,主要消费,养殖,饲料,广东,7.38,北交所,火山口 派出小部队勇吃鱼身,连续多天小涨 龟壳战术吃鱼头,-,-,2021/1/25,刘金萍,民营企业,"阿尔法高波动,等待周期更长,20厘米涨停爆发性强",行情酝酿中,-,-,粮食,行业成熟稳定,传统行业,消耗品,-
920278.BJ,920278,鹿得医疗,迷你盘,医药卫生,医疗器械,医疗设备,江苏,8.11,北交所,火山口 派出小部队勇吃鱼身,连续多天小涨 龟壳战术吃鱼头,-,-,2020/7/27,项友亮,民营企业,"阿尔法高波动,等待周期更长,20厘米涨停爆发性强",行情酝酿中,大健康,-,-,行业成熟稳定,传统行业,消耗品,-
920284.BJ,920284,灵鸽科技,中盘股,工业,专用机械,其他专用机械,江苏,33.68,北交所,-,-,有涨停 火山口战法吃鱼身,-,2023/12/19,王洪良,民营企业,-,表现超预期,-,-,制造业(工业母机),行业成熟稳定,高新技术产业,耐用品,-
920299.BJ,920299,灿能电力,小盘股,工业,电网设备,电网自动化,江苏,24.91,北交所,-,-,-,-,2022/6/10,章晓敏,民营企业,"阿尔法高波动,等待周期更长,20厘米涨停爆发性强",行情酝酿中,新科技,特高压电力产业链,-,政策支持,高新技术产业,耐用品,-
920300.BJ,920300,辰光医疗,迷你盘,医药卫生,医疗器械,医疗设备,上海,12.44,北交所,火山口 派出小部队勇吃鱼身,连续多天小涨 龟壳战术吃鱼头,-,-,2022/12/7,王杰,民营企业,"阿尔法高波动,等待周期更长,20厘米涨停爆发性强",行情酝酿中,大健康,-,-,行业成熟稳定,传统行业,消耗品,-
920304.BJ,920304,迪尔化工,迷你盘,原材料,化学原料,其他化学原料,山东,12.54,北交所,火山口 派出小部队勇吃鱼身,-,-,-,2023/4/18,刘西玉,民营企业,"阿尔法高波动,等待周期更长,20厘米涨停爆发性强",行情酝酿中,-,-,化工,行业成熟稳定,传统行业,耐用品,-
920305.BJ,920305,*ST云创,迷你盘,信息技术,信息技术服务,云计算服务,江苏,6.12,北交所,-,-,-,-,2021/8/26,张真,民营企业,"阿尔法高波动,等待周期更长,20厘米涨停爆发性强",行情酝酿中,国产替代,-,-,政策支持,传统行业,-,-
920339.BJ,920339,恒太照明,迷你盘,信息技术,光学光电子,LED,江苏,8.41,北交所,火山口 派出小部队勇吃鱼身,连续多天小涨 龟壳战术吃鱼头,-,-,2022/11/17,李彭晴,民营企业,"阿尔法高波动,等待周期更长,20厘米涨停爆发性强",行情酝酿中,大消费,-,-,行业成熟稳定,传统行业,耐用品,-
920344.BJ,920344,三元基因,迷你盘,医药卫生,生物药品,其他生物药品,北京,22.34,北交所,火山口 派出小部队勇吃鱼身,连续多天小涨 龟壳战术吃鱼头,-,-,2021/1/8,程永庆,民营企业,"阿尔法高波动,等待周期更长,20厘米涨停爆发性强",行情酝酿中,大健康,-,-,政策支持,高新技术产业,消耗品,-
920346.BJ,920346,威贸电子,迷你盘,信息技术,电子终端及组件,消费电子组件及零部件,上海,21.69,北交所,-,-,-,-,2022/2/23,周豪良,民营企业,"阿尔法高波动,等待周期更长,20厘米涨停爆发性强",表现超预期,新科技,-,-,政策支持,高新技术产业,-,-
920351.BJ,920351,华光源海,迷你盘,工业,运输业,物流综合,湖南,17.88,北交所,-,-,-,-,2022/12/29,刘慧,民营企业,"阿尔法高波动,等待周期更长,20厘米涨停爆发性强",行情酝酿中,-,电子商务产业链,-,政策支持,传统行业,-,-
920357.BJ,920357,雅葆轩,小盘股,信息技术,电子元件,印制电路板,安徽,26.08,北交所,火山口 派出小部队勇吃鱼身,-,-,-,2022/11/18,胡啸宇,民营企业,"阿尔法高波动,等待周期更长,20厘米涨停爆发性强",表现超预期,新科技,-,-,政策支持,高新技术产业,-,-
920363.BJ,920363,莱赛激光,迷你盘,工业,通用机械,仪器仪表,江苏,17.4,北交所,-,-,-,-,2023/12/28,陆建红,民营企业,"阿尔法高波动,等待周期更长,20厘米涨停爆发性强",表现超预期,-,智能汽车产业链,制造业(工业母机),行业成熟稳定,传统行业,耐用品,-
920367.BJ,920367,新赣江,小盘股,医药卫生,化学药,原料药,江西,19.94,北交所,-,-,-,-,2023/2/9,张爱江,民营企业,"阿尔法高波动,等待周期更长,20厘米涨停爆发性强",行情酝酿中,大健康,-,-,政策支持,高新技术产业,消耗品,-
920368.BJ,920368,连城数控,大盘股,工业,发电设备,光伏设备,辽宁,37.7,北交所,火山口 派出小部队勇吃鱼身,-,-,-,2020/7/27,李春安,民营企业,-,表现超预期,-,-,制造业(工业母机),行业成熟稳定,高新技术产业,耐用品,-
920370.BJ,920370,新安洁,迷你盘,公用事业,市政环卫,市政环卫,重庆,3.56,北交所,火山口 派出小部队勇吃鱼身,连续多天小涨 龟壳战术吃鱼头,-,-,2020/7/27,魏延田,民营企业,"阿尔法高波动,等待周期更长,20厘米涨停爆发性强",行情酝酿中,-,-,民生,行业成熟稳定,传统行业,-,-
920371.BJ,920371,欧福蛋业,迷你盘,主要消费,食品,肉制品,江苏,9.87,北交所,火山口 派出小部队勇吃鱼身,连续多天小涨 龟壳战术吃鱼头,-,-,2023/1/18,Christian Nicholas Stadil,外资,"阿尔法高波动,等待周期更长,20厘米涨停爆发性强",行情酝酿中,大消费,-,-,行业成熟稳定,传统行业,消耗品,-
920374.BJ,920374,云里物里,迷你盘,通信服务,通信设备,通信终端设备及组件,深圳,21.23,北交所,-,-,-,-,2022/11/29,庄严,民营企业,"阿尔法高波动,等待周期更长,20厘米涨停爆发性强",表现超预期,新基建,-,-,政策支持,高新技术产业,-,-
920375.BJ,920375,派诺科技,中盘股,工业,电网设备,电网自动化,广东,14.41,北交所,火山口 派出小部队勇吃鱼身,连续多天小涨 龟壳战术吃鱼头,-,-,2023/12/14,邓翔,民营企业,-,行情酝酿中,新科技,特高压电力产业链,-,政策支持,高新技术产业,耐用品,-
920378.BJ,920378,泰德股份,迷你盘,可选消费,汽车零部件与轮胎,汽车系统部件,山东,9.13,北交所,火山口 派出小部队勇吃鱼身,-,-,-,2022/6/20,张新生,民营企业,"阿尔法高波动,等待周期更长,20厘米涨停爆发性强",行情酝酿中,-,智能汽车产业链,-,政策支持,传统行业,消耗品,-
920392.BJ,920392,佳合科技,迷你盘,原材料,容器与包装,纸材料包装,江苏,20.4,北交所,火山口 派出小部队勇吃鱼身,-,-,-,2022/12/30,董洪江,民营企业,"阿尔法高波动,等待周期更长,20厘米涨停爆发性强",行情酝酿中,-,电子商务产业链,-,行业成熟稳定,传统行业,-,-
920394.BJ,920394,民士达,小盘股,原材料,化学纤维,氨纶及其他化纤,山东,49.73,北交所,-,-,-,-,2023/4/25,烟台市人民政府国有资产监督管理委员会,地方国有企业,"阿尔法高波动,等待周期更长,20厘米涨停爆发性强",表现超预期,-,-,化工,行业成熟稳定,传统行业,消耗品,-
920395.BJ,920395,朗鸿科技,迷你盘,信息技术,电子终端及组件,安防设备及其他,浙江,10.19,北交所,-,-,-,-,2022/9/1,忻宏,民营企业,"阿尔法高波动,等待周期更长,20厘米涨停爆发性强",表现超预期,新基建,-,-,政策支持,高新技术产业,-,-
920396.BJ,920396,常辅股份,小盘股,工业,通用机械,电动机与工控自动化,江苏,31.21,北交所,-,-,-,-,2020/11/18,杜发平,民营企业,"阿尔法高波动,等待周期更长,20厘米涨停爆发性强",行情酝酿中,-,智能汽车产业链,制造业(工业母机),行业成熟稳定,传统行业,耐用品,-
920402.BJ,920402,硅烷科技,迷你盘,原材料,化学原料,其他化学原料,河南,9.28,北交所,-,-,-,-,2022/9/28,河南省人民政府国有资产监督管理委员会,地方国有企业,"阿尔法高波动,等待周期更长,20厘米涨停爆发性强",行情酝酿中,-,-,化工,行业成熟稳定,传统行业,耐用品,-
920403.BJ,920403,康农种业,迷你盘,主要消费,种植,种业,湖北,22,北交所,火山口 派出小部队勇吃鱼身,连续多天小涨 龟壳战术吃鱼头,-,-,2024/1/18,方燕丽,民营企业,"阿尔法高波动,等待周期更长,20厘米涨停爆发性强",行情酝酿中,-,-,粮食,行业成熟稳定,传统行业,消耗品,-
920405.BJ,920405,海希通讯,小盘股,工业,通用机械,电动机与工控自动化,上海,21.71,北交所,-,-,-,-,2021/11/5,周彤,民营企业,"阿尔法高波动,等待周期更长,20厘米涨停爆发性强",表现超预期,-,智能汽车产业链,制造业(工业母机),行业成熟稳定,传统行业,耐用品,-
920407.BJ,920407,驰诚股份,迷你盘,工业,通用机械,仪器仪表,河南,18.79,北交所,-,-,-,-,2023/2/16,徐卫锋,民营企业,"阿尔法高波动,等待周期更长,20厘米涨停爆发性强",行情酝酿中,-,智能汽车产业链,制造业(工业母机),行业成熟稳定,传统行业,耐用品,-
920414.BJ,920414,欧普泰,小盘股,工业,发电设备,光伏设备,上海,13.03,北交所,-,-,-,-,2022/12/12,王振,民营企业,"阿尔法高波动,等待周期更长,20厘米涨停爆发性强",表现超预期,-,智能汽车产业链,制造业(工业母机),行业成熟稳定,传统行业,耐用品,-
920415.BJ,920415,恒拓开源,迷你盘,信息技术,软件开发,行业应用软件,河南,13.1,北交所,-,-,-,-,2020/7/27,姜海林,民营企业,"阿尔法高波动,等待周期更长,20厘米涨停爆发性强",行情酝酿中,国产替代,-,-,政策支持,传统行业,-,-
920418.BJ,920418,苏轴股份,小盘股,工业,通用机械,动力机械,江苏,25.9,北交所,火山口 派出小部队勇吃鱼身,-,-,-,2020/7/27,苏州市人民政府国有资产监督管理委员会,地方国有企业,"阿尔法高波动,等待周期更长,20厘米涨停爆发性强",表现超预期,-,智能汽车产业链,-,政策支持,传统行业,消耗品,-
920419.BJ,920419,路斯股份,迷你盘,主要消费,家庭用品,家庭用品,山东,14.26,北交所,火山口 派出小部队勇吃鱼身,-,-,-,2022/3/11,郭洪谦,民营企业,"阿尔法高波动,等待周期更长,20厘米涨停爆发性强",行情酝酿中,-,-,粮食,行业成熟稳定,传统行业,消耗品,-
920422.BJ,920422,润普食品,迷你盘,主要消费,食品,其他食品,江苏,11.97,北交所,火山口 派出小部队勇吃鱼身,连续多天小涨 龟壳战术吃鱼头,-,-,2023/3/1,潘如龙,民营企业,"阿尔法高波动,等待周期更长,20厘米涨停爆发性强",行情酝酿中,大消费,-,-,行业成熟稳定,传统行业,消耗品,-
920425.BJ,920425,乐创技术,迷你盘,工业,通用机械,电动机与工控自动化,四川,20.17,北交所,-,-,-,-,2023/1/30,赵钧,民营企业,"阿尔法高波动,等待周期更长,20厘米涨停爆发性强",表现超预期,-,-,制造业(工业母机),行业成熟稳定,高新技术产业,耐用品,-
920427.BJ,920427,华维设计,迷你盘,工业,建筑与工程,建筑设计及服务,江西,12.63,北交所,火山口 派出小部队勇吃鱼身,-,-,-,2021/2/5,廖宜勤,民营企业,"阿尔法高波动,等待周期更长,20厘米涨停爆发性强",表现超预期,-,房地产产业链,-,行业成熟稳定,传统行业,耐用品,-
920429.BJ,920429,康比特,迷你盘,主要消费,食品,其他食品,北京,13.36,北交所,火山口 派出小部队勇吃鱼身,连续多天小涨 龟壳战术吃鱼头,-,-,2022/12/15,白厚增,民营企业,"阿尔法高波动,等待周期更长,20厘米涨停爆发性强",行情酝酿中,大消费,-,-,行业成熟稳定,传统行业,消耗品,-
920433.BJ,920433,大唐药业,迷你盘,医药卫生,中药,中成药,内蒙,5.3,北交所,火山口 派出小部队勇吃鱼身,连续多天小涨 龟壳战术吃鱼头,-,-,2020/7/27,郝艳涛,民营企业,"阿尔法高波动,等待周期更长,20厘米涨停爆发性强",表现超预期,大健康,-,-,行业成熟稳定,传统行业,消耗品,-
920436.BJ,920436,大地电气,迷你盘,可选消费,汽车零部件与轮胎,汽车电子,江苏,14.3,北交所,-,-,-,-,2021/11/15,蒋明泉,民营企业,"阿尔法高波动,等待周期更长,20厘米涨停爆发性强",行情酝酿中,-,智能汽车产业链,-,政策支持,传统行业,消耗品,-
920438.BJ,920438,戈碧迦,大盘股,信息技术,光学光电子,光学元件,湖北,48.16,北交所,-,-,有涨停 火山口战法吃鱼身,-,2024/3/25,虞顺积,民营企业,-,表现超预期,新科技,-,-,政策支持,高新技术产业,-,-
920445.BJ,920445,龙竹科技,迷你盘,可选消费,家居,其他家居,福建,10.2,北交所,火山口 派出小部队勇吃鱼身,连续多天小涨 龟壳战术吃鱼头,-,-,2020/7/27,连健昌,民营企业,"阿尔法高波动,等待周期更长,20厘米涨停爆发性强",行情酝酿中,大消费,-,-,行业成熟稳定,传统行业,耐用品,-
920454.BJ,920454,同心传动,迷你盘,工业,交通运输设备,商用车,河南,14.68,北交所,火山口 派出小部队勇吃鱼身,-,-,-,2021/11/15,陈红凯,民营企业,"阿尔法高波动,等待周期更长,20厘米涨停爆发性强",表现超预期,-,智能汽车产业链,-,政策支持,传统行业,消耗品,-
920455.BJ,920455,汇隆活塞,迷你盘,工业,通用机械,动力机械,辽宁,7.88,北交所,火山口 派出小部队勇吃鱼身,-,-,-,2023/6/21,苏爱琴,民营企业,"阿尔法高波动,等待周期更长,20厘米涨停爆发性强",行情酝酿中,-,-,制造业(工业母机),行业成熟稳定,高新技术产业,耐用品,-
920469.BJ,920469,富恒新材,迷你盘,原材料,塑料,改性塑料,深圳,9.26,北交所,-,-,-,-,2023/9/18,姚秀珠,民营企业,"阿尔法高波动,等待周期更长,20厘米涨停爆发性强",表现超预期,-,-,化工,行业成熟稳定,传统行业,消耗品,-
920471.BJ,920471,美邦科技,迷你盘,原材料,化学制品,其他化学制品,河北,12.86,北交所,-,-,-,-,2023/5/25,高文杲,民营企业,"阿尔法高波动,等待周期更长,20厘米涨停爆发性强",行情酝酿中,-,-,化工,行业成熟稳定,传统行业,耐用品,-
920475.BJ,920475,三友科技,迷你盘,工业,专用机械,采矿冶金机械,浙江,13.76,北交所,-,-,-,-,2020/7/27,吴用,民营企业,"阿尔法高波动,等待周期更长,20厘米涨停爆发性强",表现超预期,-,-,制造业(工业母机),行业成熟稳定,高新技术产业,耐用品,-
920476.BJ,920476,海能技术,迷你盘,工业,通用机械,仪器仪表,山东,21.59,北交所,火山口 派出小部队勇吃鱼身,-,-,-,2022/10/14,王志刚,民营企业,"阿尔法高波动,等待周期更长,20厘米涨停爆发性强",行情酝酿中,-,智能汽车产业链,制造业(工业母机),行业成熟稳定,传统行业,耐用品,-
920478.BJ,920478,峆一药业,小盘股,医药卫生,化学药,原料药,安徽,17.2,北交所,-,-,-,-,2023/2/23,董来山,民营企业,"阿尔法高波动,等待周期更长,20厘米涨停爆发性强",表现超预期,大健康,-,-,政策支持,高新技术产业,消耗品,-
920489.BJ,920489,佳先股份,小盘股,原材料,塑料,其他塑料制品,安徽,15.39,北交所,-,-,-,-,2020/7/27,安徽省蚌埠市人民政府国有资产监督管理委员会,地方国有企业,"阿尔法高波动,等待周期更长,20厘米涨停爆发性强",表现超预期,-,-,化工,行业成熟稳定,传统行业,耐用品,-
920491.BJ,920491,奥迪威,中盘股,工业,通用机械,仪器仪表,广东,26.52,北交所,-,-,-,-,2022/6/14,张曙光,民营企业,-,表现超预期,新科技,-,-,政策支持,高新技术产业,-,-
920493.BJ,920493,并行科技,大盘股,信息技术,信息技术服务,云计算服务,北京,174.73,北交所,-,-,-,高人气,2023/11/1,陈健,民营企业,-,表现超预期,国产替代,-,-,政策支持,传统行业,-,-
920496.BJ,920496,许昌智能,迷你盘,工业,电网设备,配电设备,河南,9.48,北交所,火山口 派出小部队勇吃鱼身,连续多天小涨 龟壳战术吃鱼头,-,-,2024/1/26,张洪涛,民营企业,"阿尔法高波动,等待周期更长,20厘米涨停爆发性强",行情酝酿中,新科技,特高压电力产业链,-,政策支持,高新技术产业,耐用品,-
920504.BJ,920504,博迅生物,迷你盘,工业,通用机械,仪器仪表,上海,22.58,北交所,火山口 派出小部队勇吃鱼身,-,-,-,2023/8/17,吕明杰,民营企业,"阿尔法高波动,等待周期更长,20厘米涨停爆发性强",行情酝酿中,大健康,-,-,行业成熟稳定,传统行业,消耗品,-
920505.BJ,920505,九菱科技,小盘股,工业,通用机械,其他通用机械,湖北,41.18,北交所,火山口 派出小部队勇吃鱼身,连续多天小涨 龟壳战术吃鱼头,-,-,2022/12/21,徐洪林,民营企业,"阿尔法高波动,等待周期更长,20厘米涨停爆发性强",行情酝酿中,-,-,制造业(工业母机),行业成熟稳定,传统行业,耐用品,-
920508.BJ,920508,殷图网联,迷你盘,工业,电网设备,电网自动化,北京,20.58,北交所,-,-,-,-,2020/7/27,郑三立,民营企业,"阿尔法高波动,等待周期更长,20厘米涨停爆发性强",行情酝酿中,新科技,特高压电力产业链,-,政策支持,高新技术产业,耐用品,-
920509.BJ,920509,同惠电子,中盘股,工业,通用机械,仪器仪表,江苏,32.29,北交所,火山口 派出小部队勇吃鱼身,-,-,-,2021/1/11,赵浩华,民营企业,-,表现超预期,-,智能汽车产业链,制造业(工业母机),行业成熟稳定,传统行业,耐用品,-
920510.BJ,920510,丰光精密,小盘股,工业,通用机械,其他通用机械,山东,15.64,北交所,-,-,-,-,2020/12/28,李军,民营企业,"阿尔法高波动,等待周期更长,20厘米涨停爆发性强",表现超预期,-,-,制造业(工业母机),行业成熟稳定,传统行业,耐用品,-
920519.BJ,920519,万德股份,迷你盘,原材料,化学制品,其他化学制品,陕西,12.5,北交所,火山口 派出小部队勇吃鱼身,-,-,-,2023/9/15,党土利,民营企业,"阿尔法高波动,等待周期更长,20厘米涨停爆发性强",表现超预期,-,-,化工,行业成熟稳定,传统行业,耐用品,-
920522.BJ,920522,纳科诺尔,大盘股,工业,专用机械,其他专用机械,河北,60.07,北交所,-,-,有涨停 火山口战法吃鱼身,-,2023/11/16,付建新,民营企业,-,表现超预期,-,-,制造业(工业母机),行业成熟稳定,高新技术产业,耐用品,-
920523.BJ,920523,德瑞锂电,小盘股,工业,储能设备,电池,广东,25.1,北交所,-,-,-,-,2021/6/3,潘文硕,民营企业,"阿尔法高波动,等待周期更长,20厘米涨停爆发性强",表现超预期,新科技,特高压电力产业链,-,政策支持,高新技术产业,耐用品,-
920526.BJ,920526,凯华材料,小盘股,信息技术,电子化学品,电子化学品,天津,24.73,北交所,-,-,有涨停 火山口战法吃鱼身,-,2022/12/22,任志成,民营企业,"阿尔法高波动,等待周期更长,20厘米涨停爆发性强",表现超预期,-,-,化工,行业成熟稳定,传统行业,耐用品,-
920527.BJ,920527,夜光明,迷你盘,原材料,其他非金属材料,其他非金属材料,浙江,17.39,北交所,火山口 派出小部队勇吃鱼身,-,-,-,2022/10/27,陈国顺,民营企业,"阿尔法高波动,等待周期更长,20厘米涨停爆发性强",行情酝酿中,-,-,化工,行业成熟稳定,传统行业,耐用品,-
920533.BJ,920533,骏创科技,小盘股,可选消费,汽车零部件与轮胎,汽车内饰与外饰,江苏,24.52,北交所,-,-,-,-,2022/5/24,沈安居,民营企业,"阿尔法高波动,等待周期更长,20厘米涨停爆发性强",表现超预期,-,智能汽车产业链,-,政策支持,传统行业,消耗品,-
920541.BJ,920541,铁大科技,迷你盘,工业,交通运输设备,城轨铁路,上海,12.28,北交所,火山口 派出小部队勇吃鱼身,连续多天小涨 龟壳战术吃鱼头,-,-,2023/3/10,成远,民营企业,"阿尔法高波动,等待周期更长,20厘米涨停爆发性强",行情酝酿中,-,-,制造业(工业母机),行业成熟稳定,传统行业,耐用品,-
920547.BJ,920547,无锡晶海,迷你盘,医药卫生,化学药,原料药,江苏,23.3,北交所,火山口 派出小部队勇吃鱼身,-,-,-,2023/12/12,李松年,民营企业,"阿尔法高波动,等待周期更长,20厘米涨停爆发性强",表现超预期,大健康,-,-,政策支持,高新技术产业,消耗品,-
920553.BJ,920553,凯腾精工,迷你盘,工业,专用机械,印刷包装机械,北京,9.05,北交所,-,-,-,-,2021/8/6,李文田,民营企业,"阿尔法高波动,等待周期更长,20厘米涨停爆发性强",行情酝酿中,-,-,制造业(工业母机),行业成熟稳定,高新技术产业,耐用品,-
920556.BJ,920556,雅达股份,迷你盘,工业,电网设备,电网自动化,广东,9.74,北交所,火山口 派出小部队勇吃鱼身,-,-,-,2023/3/17,王煌英,民营企业,"阿尔法高波动,等待周期更长,20厘米涨停爆发性强",行情酝酿中,-,智能汽车产业链,制造业(工业母机),行业成熟稳定,传统行业,耐用品,-
920564.BJ,920564,天润科技,小盘股,信息技术,信息技术服务,其他IT与互联网服务,陕西,27.91,北交所,-,-,-,高人气,2022/6/17,陈利,民营企业,"阿尔法高波动,等待周期更长,20厘米涨停爆发性强",表现超预期,国产替代,-,-,政策支持,传统行业,-,-
920566.BJ,920566,梓橦宫,迷你盘,医药卫生,化学药,药品制剂,四川,10.74,北交所,火山口 派出小部队勇吃鱼身,连续多天小涨 龟壳战术吃鱼头,-,-,2021/8/13,唐铣,民营企业,"阿尔法高波动,等待周期更长,20厘米涨停爆发性强",行情酝酿中,大健康,-,-,政策支持,高新技术产业,消耗品,-
920570.BJ,920570,坤博精工,迷你盘,工业,发电设备,风电设备,浙江,29.95,北交所,-,-,-,-,2023/11/23,厉全明,民营企业,"阿尔法高波动,等待周期更长,20厘米涨停爆发性强",行情酝酿中,-,-,制造业(工业母机),行业成熟稳定,传统行业,耐用品,-
920571.BJ,920571,国航远洋,中盘股,工业,运输业,航运,福建,10.43,北交所,火山口 派出小部队勇吃鱼身,连续多天小涨 龟壳战术吃鱼头,-,-,2022/12/15,王炎平,民营企业,-,行情酝酿中,-,-,交通,行业成熟稳定,传统行业,-,-
920575.BJ,920575,康乐卫士,迷你盘,医药卫生,生物药品,疫苗,北京,8,北交所,火山口 派出小部队勇吃鱼身,连续多天小涨 龟壳战术吃鱼头,-,-,2023/3/15,陶涛,民营企业,"阿尔法高波动,等待周期更长,20厘米涨停爆发性强",行情酝酿中,大健康,-,-,政策支持,高新技术产业,消耗品,-
920576.BJ,920576,天力复合,大盘股,原材料,其他有色金属及合金,其他有色金属及合金,陕西,79.89,北交所,-,-,-,-,2023/7/12,陕西省财政厅,地方国有企业,-,表现超预期,新能源,-,-,行业成熟稳定,传统行业,消耗品,-
920578.BJ,920578,巨能股份,迷你盘,工业,通用机械,电动机与工控自动化,宁夏,19.71,北交所,-,-,-,-,2023/5/12,孙文靖,民营企业,"阿尔法高波动,等待周期更长,20厘米涨停爆发性强",表现超预期,-,-,制造业(工业母机),行业成熟稳定,高新技术产业,耐用品,-
920579.BJ,920579,机科股份,迷你盘,工业,通用机械,电动机与工控自动化,北京,18.39,北交所,火山口 派出小部队勇吃鱼身,-,-,-,2023/11/30,国务院国有资产监督管理委员会,中央企业,"阿尔法高波动,等待周期更长,20厘米涨停爆发性强",行情酝酿中,-,-,制造业(工业母机),行业成熟稳定,传统行业,耐用品,-
920580.BJ,920580,科创新材,迷你盘,原材料,其他非金属材料,其他非金属材料,河南,13.74,北交所,-,-,-,-,2022/5/13,蔚文绪,民营企业,"阿尔法高波动,等待周期更长,20厘米涨停爆发性强",表现超预期,-,房地产产业链,-,行业成熟稳定,传统行业,耐用品,-
920592.BJ,920592,华信永道,小盘股,信息技术,软件开发,行业应用软件,北京,33.14,北交所,-,-,-,-,2023/7/10,刘景郁,民营企业,"阿尔法高波动,等待周期更长,20厘米涨停爆发性强",表现超预期,国产替代,-,-,政策支持,传统行业,-,-
920593.BJ,920593,鼎智科技,小盘股,工业,通用机械,电动机与工控自动化,江苏,27.86,北交所,-,-,-,-,2023/4/13,苏建国,民营企业,"阿尔法高波动,等待周期更长,20厘米涨停爆发性强",表现超预期,-,-,制造业(工业母机),行业成熟稳定,传统行业,耐用品,-
920599.BJ,920599,同力股份,中盘股,工业,专用机械,工程机械,陕西,19.25,北交所,火山口 派出小部队勇吃鱼身,-,-,-,2021/2/22,无实际控制人,其他,-,行情酝酿中,-,-,制造业(工业母机),行业成熟稳定,高新技术产业,耐用品,-
920608.BJ,920608,丰安股份,迷你盘,工业,专用机械,农业机械,浙江,16.95,北交所,火山口 派出小部队勇吃鱼身,-,-,-,2022/12/16,黄健民,民营企业,"阿尔法高波动,等待周期更长,20厘米涨停爆发性强",行情酝酿中,-,-,制造业(工业母机),行业成熟稳定,传统行业,耐用品,-
920627.BJ,920627,力王股份,小盘股,工业,储能设备,电池,广东,21.1,北交所,-,-,-,-,2023/9/7,李维海,民营企业,"阿尔法高波动,等待周期更长,20厘米涨停爆发性强",表现超预期,新科技,特高压电力产业链,-,政策支持,高新技术产业,耐用品,-
920634.BJ,920634,新威凌,小盘股,原材料,工业金属,铅锌,湖南,22.29,北交所,火山口 派出小部队勇吃鱼身,-,-,-,2022/11/24,陈志强,民营企业,"阿尔法高波动,等待周期更长,20厘米涨停爆发性强",表现超预期,新能源,-,-,行业成熟稳定,传统行业,消耗品,-
920639.BJ,920639,晨光电缆,迷你盘,工业,电网设备,线缆及其他,浙江,7.91,北交所,火山口 派出小部队勇吃鱼身,连续多天小涨 龟壳战术吃鱼头,-,-,2022/7/12,朱水良,民营企业,"阿尔法高波动,等待周期更长,20厘米涨停爆发性强",行情酝酿中,新科技,特高压电力产业链,-,政策支持,高新技术产业,耐用品,-
920640.BJ,920640,富士达,大盘股,通信服务,通信设备,通信系统设备及组件,陕西,39.73,北交所,-,-,-,-,2020/7/27,中国航空工业集团有限公司,中央企业,-,表现超预期,新基建,-,-,政策支持,高新技术产业,-,-
920641.BJ,920641,格利尔,小盘股,信息技术,其他电子,其他电子,江苏,19.11,北交所,-,-,-,-,2022/12/2,凤阳县财政局(凤阳县人民政府国有资产监督管理委员会),地方国有企业,"阿尔法高波动,等待周期更长,20厘米涨停爆发性强",表现超预期,新能源,-,能源,行业成熟稳定,传统行业,消耗品,-
920642.BJ,920642,通易航天,小盘股,工业,航空航天,航空,江苏,12.82,北交所,-,-,-,-,2021/8/16,张欣戎,民营企业,"阿尔法高波动,等待周期更长,20厘米涨停爆发性强",表现超预期,-,军工高铁产业链,-,政策支持,高新技术产业,-,-
920651.BJ,920651,天罡股份,小盘股,工业,通用机械,仪器仪表,山东,29.28,北交所,-,-,-,-,2023/6/27,付涛,民营企业,"阿尔法高波动,等待周期更长,20厘米涨停爆发性强",表现超预期,-,智能汽车产业链,制造业(工业母机),行业成熟稳定,传统行业,耐用品,-
920656.BJ,920656,海昇药业,迷你盘,医药卫生,化学药,原料药,浙江,16.56,北交所,-,-,-,-,2024/2/2,叶瑾之,民营企业,"阿尔法高波动,等待周期更长,20厘米涨停爆发性强",行情酝酿中,大健康,-,-,政策支持,高新技术产业,消耗品,-
920662.BJ,920662,方盛股份,小盘股,工业,通用机械,其他通用机械,江苏,27.08,北交所,火山口 派出小部队勇吃鱼身,-,-,-,2022/11/28,丁云龙,民营企业,"阿尔法高波动,等待周期更长,20厘米涨停爆发性强",表现超预期,-,-,制造业(工业母机),行业成熟稳定,传统行业,耐用品,-
920663.BJ,920663,明阳科技,迷你盘,可选消费,汽车零部件与轮胎,汽车内饰与外饰,江苏,16.72,北交所,-,-,-,-,2023/3/15,王明祥,民营企业,"阿尔法高波动,等待周期更长,20厘米涨停爆发性强",表现超预期,-,智能汽车产业链,-,政策支持,传统行业,消耗品,-
920665.BJ,920665,科强股份,迷你盘,原材料,橡胶,橡胶制品,江苏,11.45,北交所,-,-,-,-,2023/9/26,周明,民营企业,"阿尔法高波动,等待周期更长,20厘米涨停爆发性强",表现超预期,-,-,化工,行业成熟稳定,传统行业,耐用品,-
920670.BJ,920670,数字人,小盘股,信息技术,软件开发,行业应用软件,山东,17.46,北交所,-,-,-,-,2020/12/8,徐以发,民营企业,"阿尔法高波动,等待周期更长,20厘米涨停爆发性强",行情酝酿中,国产替代,-,-,政策支持,传统行业,-,-
920675.BJ,920675,秉扬科技,迷你盘,原材料,其他非金属材料,其他非金属材料,四川,10.01,北交所,火山口 派出小部队勇吃鱼身,-,-,-,2020/12/28,樊荣,民营企业,"阿尔法高波动,等待周期更长,20厘米涨停爆发性强",行情酝酿中,新能源,-,能源,行业成熟稳定,传统行业,消耗品,-
920679.BJ,920679,前进科技,迷你盘,工业,通用机械,其他通用机械,浙江,18.57,北交所,-,-,-,-,2023/11/10,杨杰,民营企业,"阿尔法高波动,等待周期更长,20厘米涨停爆发性强",表现超预期,-,-,制造业(工业母机),行业成熟稳定,传统行业,耐用品,-
920682.BJ,920682,球冠电缆,迷你盘,工业,电网设备,线缆及其他,浙江,8.99,北交所,火山口 派出小部队勇吃鱼身,连续多天小涨 龟壳战术吃鱼头,-,-,2020/7/27,陈永明,民营企业,"阿尔法高波动,等待周期更长,20厘米涨停爆发性强",行情酝酿中,新科技,特高压电力产业链,-,政策支持,高新技术产业,耐用品,-
920685.BJ,920685,新芝生物,迷你盘,工业,通用机械,仪器仪表,浙江,12.78,北交所,火山口 派出小部队勇吃鱼身,-,-,-,2022/10/10,周芳,民营企业,"阿尔法高波动,等待周期更长,20厘米涨停爆发性强",行情酝酿中,-,智能汽车产业链,制造业(工业母机),行业成熟稳定,传统行业,耐用品,-
920689.BJ,920689,克莱特,迷你盘,工业,通用机械,气液机械,山东,29.03,北交所,火山口 派出小部队勇吃鱼身,-,-,-,2022/3/21,盛军岭,民营企业,"阿尔法高波动,等待周期更长,20厘米涨停爆发性强",表现超预期,-,-,制造业(工业母机),行业成熟稳定,高新技术产业,耐用品,-
920690.BJ,920690,捷众科技,迷你盘,可选消费,汽车零部件与轮胎,汽车内饰与外饰,浙江,26.45,北交所,-,-,-,-,2024/1/5,孙秋根,民营企业,"阿尔法高波动,等待周期更长,20厘米涨停爆发性强",表现超预期,-,智能汽车产业链,-,政策支持,传统行业,消耗品,-
920693.BJ,920693,阿为特,小盘股,工业,通用机械,其他通用机械,上海,29.16,北交所,-,-,-,-,2023/10/27,汪彬慧,民营企业,"阿尔法高波动,等待周期更长,20厘米涨停爆发性强",表现超预期,-,-,制造业(工业母机),行业成熟稳定,传统行业,耐用品,-
920694.BJ,920694,中裕科技,迷你盘,原材料,橡胶,橡胶制品,江苏,18.12,北交所,火山口 派出小部队勇吃鱼身,连续多天小涨 龟壳战术吃鱼头,-,-,2023/4/24,黄裕中,民营企业,"阿尔法高波动,等待周期更长,20厘米涨停爆发性强",行情酝酿中,-,-,化工,行业成熟稳定,传统行业,消耗品,-
920699.BJ,920699,海达尔,迷你盘,可选消费,家用电器,家电零部件及其他,江苏,41,北交所,-,-,-,-,2023/5/9,朱全海,民营企业,"阿尔法高波动,等待周期更长,20厘米涨停爆发性强",表现超预期,大消费,-,-,行业成熟稳定,传统行业,耐用品,-
920701.BJ,920701,豪声电子,迷你盘,信息技术,电子终端及组件,消费电子组件及零部件,浙江,16.2,北交所,火山口 派出小部队勇吃鱼身,-,-,-,2023/7/19,徐瑞根,民营企业,"阿尔法高波动,等待周期更长,20厘米涨停爆发性强",行情酝酿中,新科技,-,-,政策支持,高新技术产业,-,-
920703.BJ,920703,广厦环能,迷你盘,工业,专用机械,化工机械,北京,13.94,北交所,-,-,-,-,2023/12/5,韩军,民营企业,"阿尔法高波动,等待周期更长,20厘米涨停爆发性强",行情酝酿中,-,-,制造业(工业母机),行业成熟稳定,高新技术产业,耐用品,-
920706.BJ,920706,铁拓机械,小盘股,工业,专用机械,工程机械,福建,25.38,北交所,火山口 派出小部队勇吃鱼身,连续多天小涨 龟壳战术吃鱼头,-,-,2024/3/8,王希仁,民营企业,"阿尔法高波动,等待周期更长,20厘米涨停爆发性强",行情酝酿中,-,-,制造业(工业母机),行业成熟稳定,高新技术产业,耐用品,-
920717.BJ,920717,瑞星股份,迷你盘,工业,通用机械,气液机械,河北,9.25,北交所,-,-,-,-,2023/7/3,谷红军,民营企业,"阿尔法高波动,等待周期更长,20厘米涨停爆发性强",行情酝酿中,-,-,制造业(工业母机),行业成熟稳定,高新技术产业,耐用品,-
920718.BJ,920718,合肥高科,迷你盘,可选消费,家用电器,家电零部件及其他,安徽,13.5,北交所,火山口 派出小部队勇吃鱼身,-,-,-,2022/12/22,胡翔,民营企业,"阿尔法高波动,等待周期更长,20厘米涨停爆发性强",行情酝酿中,大消费,-,-,行业成熟稳定,传统行业,耐用品,-
920719.BJ,920719,宁新新材,小盘股,原材料,其他非金属材料,其他非金属材料,江西,11.69,北交所,-,-,有涨停 火山口战法吃鱼身,-,2023/5/26,李海航,民营企业,"阿尔法高波动,等待周期更长,20厘米涨停爆发性强",表现超预期,-,-,化工,行业成熟稳定,传统行业,耐用品,-
920720.BJ,920720,吉冈精密,迷你盘,可选消费,汽车零部件与轮胎,其他汽车零部件,江苏,12.56,北交所,-,-,-,-,2021/11/24,周延,民营企业,"阿尔法高波动,等待周期更长,20厘米涨停爆发性强",表现超预期,-,-,制造业(工业母机),行业成熟稳定,传统行业,耐用品,-
920725.BJ,920725,惠丰钻石,中盘股,工业,通用机械,磨具磨料,河南,32.83,北交所,-,-,-,-,2022/7/18,王来福,民营企业,-,表现超预期,新能源,-,能源,行业成熟稳定,传统行业,消耗品,-
920726.BJ,920726,朱老六,小盘股,主要消费,食品,调味品与食用油,吉林,19.3,北交所,-,-,-,-,2021/5/27,朱先明,民营企业,"阿尔法高波动,等待周期更长,20厘米涨停爆发性强",表现超预期,大消费,-,-,行业成熟稳定,传统行业,消耗品,-
920729.BJ,920729,永顺生物,迷你盘,主要消费,养殖,动物保健与育种,广东,8.32,北交所,火山口 派出小部队勇吃鱼身,连续多天小涨 龟壳战术吃鱼头,-,-,2020/7/27,无实际控制人,其他,"阿尔法高波动,等待周期更长,20厘米涨停爆发性强",行情酝酿中,-,-,粮食,行业成熟稳定,传统行业,消耗品,-
920735.BJ,920735,德源药业,小盘股,医药卫生,化学药,药品制剂,江苏,32.06,北交所,-,-,-,-,2021/2/19,李永安,民营企业,"阿尔法高波动,等待周期更长,20厘米涨停爆发性强",行情酝酿中,大健康,-,-,政策支持,高新技术产业,消耗品,-
920748.BJ,920748,路桥信息,迷你盘,信息技术,信息技术服务,系统集成服务,福建,37.97,北交所,-,-,-,-,2023/8/16,厦门市人民政府国有资产监督管理委员会,地方国有企业,"阿尔法高波动,等待周期更长,20厘米涨停爆发性强",表现超预期,国产替代,-,-,政策支持,传统行业,-,-
920751.BJ,920751,惠同新材,迷你盘,原材料,钢铁,其他钢铁,湖南,21.95,北交所,-,-,-,-,2023/7/17,无实际控制人,其他,"阿尔法高波动,等待周期更长,20厘米涨停爆发性强",表现超预期,新能源,-,-,行业成熟稳定,传统行业,消耗品,-
920753.BJ,920753,天纺标,迷你盘,工业,商业服务与用品,其他商业服务与用品,天津,19.35,北交所,-,-,-,-,2022/10/31,天津市人民政府国有资产监督管理委员会,地方国有企业,"阿尔法高波动,等待周期更长,20厘米涨停爆发性强",表现超预期,-,-,化工,行业成熟稳定,传统行业,消耗品,-
920765.BJ,920765,美之高,迷你盘,可选消费,家居,家具,深圳,15.15,北交所,-,-,-,-,2021/7/5,黄华侨,民营企业,"阿尔法高波动,等待周期更长,20厘米涨停爆发性强",表现超预期,大消费,-,-,行业成熟稳定,传统行业,耐用品,-
920768.BJ,920768,拾比佰,小盘股,可选消费,家用电器,家电零部件及其他,广东,12.4,北交所,-,-,-,-,2021/6/28,杜文雄,民营企业,"阿尔法高波动,等待周期更长,20厘米涨停爆发性强",表现超预期,大消费,-,-,行业成熟稳定,传统行业,耐用品,-
920770.BJ,920770,艾能聚,小盘股,公用事业,电力及电网,光伏发电,浙江,16.12,北交所,火山口 派出小部队勇吃鱼身,-,-,-,2023/2/28,姚华,民营企业,"阿尔法高波动,等待周期更长,20厘米涨停爆发性强",行情酝酿中,新科技,特高压电力产业链,-,政策支持,高新技术产业,耐用品,-
920779.BJ,920779,武汉蓝电,小盘股,工业,专用机械,其他专用机械,湖北,36.53,北交所,-,-,-,-,2023/6/1,叶文杰,民营企业,"阿尔法高波动,等待周期更长,20厘米涨停爆发性强",表现超预期,-,智能汽车产业链,制造业(工业母机),行业成熟稳定,传统行业,耐用品,-
920781.BJ,920781,瑞奇智造,迷你盘,工业,专用机械,其他专用机械,四川,7.71,北交所,火山口 派出小部队勇吃鱼身,-,-,-,2022/12/26,无实际控制人,其他,"阿尔法高波动,等待周期更长,20厘米涨停爆发性强",表现超预期,-,-,制造业(工业母机),行业成熟稳定,高新技术产业,耐用品,-
920786.BJ,920786,骑士乳业,小盘股,主要消费,食品,乳制品,内蒙,8.68,北交所,-,-,-,-,2023/10/13,党涌涛,民营企业,"阿尔法高波动,等待周期更长,20厘米涨停爆发性强",表现超预期,大消费,-,-,行业成熟稳定,传统行业,消耗品,-
920790.BJ,920790,联迪信息,迷你盘,信息技术,软件开发,行业应用软件,江苏,27.89,北交所,-,-,-,-,2022/9/2,沈荣明,民营企业,"阿尔法高波动,等待周期更长,20厘米涨停爆发性强",表现超预期,国产替代,-,-,政策支持,传统行业,-,-
920792.BJ,920792,东和新材,迷你盘,原材料,其他非金属材料,其他非金属材料,辽宁,11.57,北交所,火山口 派出小部队勇吃鱼身,-,-,-,2023/3/30,毕胜民,民营企业,"阿尔法高波动,等待周期更长,20厘米涨停爆发性强",行情酝酿中,-,房地产产业链,-,行业成熟稳定,传统行业,耐用品,-
920799.BJ,920799,艾融软件,中盘股,信息技术,软件开发,行业应用软件,上海,37.96,北交所,-,-,-,-,2020/7/27,吴臻,民营企业,-,表现超预期,国产替代,-,-,政策支持,传统行业,-,-
920802.BJ,920802,保丽洁,迷你盘,工业,污染治理,烟气治理,江苏,14.57,北交所,火山口 派出小部队勇吃鱼身,-,-,-,2023/2/6,钱振清,民营企业,"阿尔法高波动,等待周期更长,20厘米涨停爆发性强",行情酝酿中,-,-,民生,行业成熟稳定,传统行业,-,-
920806.BJ,920806,云星宇,迷你盘,信息技术,信息技术服务,系统集成服务,北京,12.01,北交所,-,-,-,-,2024/1/11,北京市人民政府国有资产监督管理委员会,地方国有企业,"阿尔法高波动,等待周期更长,20厘米涨停爆发性强",行情酝酿中,国产替代,-,-,政策支持,传统行业,-,-
920807.BJ,920807,奔朗新材,迷你盘,工业,通用机械,磨具磨料,广东,12.3,北交所,火山口 派出小部队勇吃鱼身,-,-,-,2022/12/20,尹育航,民营企业,"阿尔法高波动,等待周期更长,20厘米涨停爆发性强",行情酝酿中,-,-,制造业(工业母机),行业成熟稳定,传统行业,耐用品,-
920808.BJ,920808,曙光数创,大盘股,通信服务,数据中心,数据中心,北京,82.2,北交所,-,-,-,-,2022/11/18,无实际控制人,其他,-,表现超预期,新基建,-,-,政策支持,高新技术产业,-,-
920809.BJ,920809,安达科技,中盘股,工业,储能设备,电池部件及材料,贵州,8.39,北交所,-,-,-,-,2023/3/23,刘国安,民营企业,-,表现超预期,新科技,特高压电力产业链,-,政策支持,高新技术产业,耐用品,-
920810.BJ,920810,春光智能,迷你盘,工业,专用机械,印刷包装机械,辽宁,11.67,北交所,火山口 派出小部队勇吃鱼身,-,-,-,2022/12/16,毕春光,民营企业,"阿尔法高波动,等待周期更长,20厘米涨停爆发性强",行情酝酿中,-,-,制造业(工业母机),行业成熟稳定,高新技术产业,耐用品,-
920819.BJ,920819,颖泰生物,迷你盘,原材料,农用化工,农药,北京,3.58,北交所,火山口 派出小部队勇吃鱼身,-,-,-,2020/7/27,张松山,民营企业,"阿尔法高波动,等待周期更长,20厘米涨停爆发性强",行情酝酿中,-,-,粮食,行业成熟稳定,传统行业,消耗品,-
920821.BJ,920821,则成电子,中盘股,信息技术,电子元件,印制电路板,深圳,25.1,北交所,-,-,有涨停 火山口战法吃鱼身,-,2022/7/6,薛兴韩,民营企业,-,表现超预期,新科技,-,-,政策支持,高新技术产业,-,-
920826.BJ,920826,盖世食品,迷你盘,主要消费,食品,其他食品,辽宁,10.89,北交所,火山口 派出小部队勇吃鱼身,连续多天小涨 龟壳战术吃鱼头,-,-,2021/1/12,盖泉泓,民营企业,"阿尔法高波动,等待周期更长,20厘米涨停爆发性强",行情酝酿中,大消费,-,-,行业成熟稳定,传统行业,消耗品,-
920832.BJ,920832,齐鲁华信,迷你盘,原材料,化学制品,其他化学制品,山东,6.84,北交所,火山口 派出小部队勇吃鱼身,-,-,-,2021/2/23,明曰信,民营企业,"阿尔法高波动,等待周期更长,20厘米涨停爆发性强",行情酝酿中,-,-,化工,行业成熟稳定,传统行业,耐用品,-
920833.BJ,920833,美心翼申,迷你盘,工业,通用机械,动力机械,重庆,16.11,北交所,-,-,-,-,2023/11/8,徐争鸣,民营企业,"阿尔法高波动,等待周期更长,20厘米涨停爆发性强",表现超预期,-,智能汽车产业链,-,政策支持,传统行业,消耗品,-
920834.BJ,920834,三维装备,迷你盘,工业,通用机械,其他通用机械,江苏,12.24,北交所,-,-,-,-,2022/8/22,李光千,民营企业,"阿尔法高波动,等待周期更长,20厘米涨停爆发性强",行情酝酿中,-,-,化工,行业成熟稳定,传统行业,消耗品,-
920837.BJ,920837,华原股份,迷你盘,工业,通用机械,气液机械,广西,12.89,北交所,-,-,-,-,2023/5/15,广西壮族自治区人民政府国有资产监督管理委员会,地方国有企业,"阿尔法高波动,等待周期更长,20厘米涨停爆发性强",行情酝酿中,-,智能汽车产业链,-,政策支持,传统行业,消耗品,-
920839.BJ,920839,万通液压,小盘股,工业,通用机械,气液机械,山东,35.54,北交所,-,-,-,-,2020/11/9,王万法,民营企业,"阿尔法高波动,等待周期更长,20厘米涨停爆发性强",表现超预期,-,-,制造业(工业母机),行业成熟稳定,高新技术产业,耐用品,-
920855.BJ,920855,浙江大农,迷你盘,工业,通用机械,其他通用机械,浙江,16.37,北交所,-,-,-,-,2022/12/29,王靖,民营企业,"阿尔法高波动,等待周期更长,20厘米涨停爆发性强",表现超预期,新科技,-,制造业(工业母机),政策支持,高新技术产业,耐用品,-
920856.BJ,920856,浩淼科技,迷你盘,工业,交通运输设备,商用车,安徽,13.62,北交所,-,-,-,-,2020/12/25,倪军,民营企业,"阿尔法高波动,等待周期更长,20厘米涨停爆发性强",表现超预期,-,-,制造业(工业母机),行业成熟稳定,高新技术产业,耐用品,-
920857.BJ,920857,泓禧科技,迷你盘,信息技术,电子终端及组件,消费电子组件及零部件,重庆,25.5,北交所,火山口 派出小部队勇吃鱼身,连续多天小涨 龟壳战术吃鱼头,-,-,2022/2/28,迟少林,民营企业,"阿尔法高波动,等待周期更长,20厘米涨停爆发性强",行情酝酿中,新科技,-,-,政策支持,高新技术产业,-,-
920866.BJ,920866,绿亨科技,迷你盘,原材料,农用化工,农药,广东,7.73,北交所,火山口 派出小部队勇吃鱼身,连续多天小涨 龟壳战术吃鱼头,-,-,2022/12/9,刘铁斌,民营企业,"阿尔法高波动,等待周期更长,20厘米涨停爆发性强",行情酝酿中,-,-,粮食,行业成熟稳定,传统行业,消耗品,-
920870.BJ,920870,恒进感应,迷你盘,工业,通用机械,电动机与工控自动化,湖北,14.86,北交所,-,-,-,-,2022/7/5,周祥成,民营企业,"阿尔法高波动,等待周期更长,20厘米涨停爆发性强",表现超预期,新科技,-,制造业(工业母机),政策支持,高新技术产业,耐用品,-
920871.BJ,920871,派特尔,迷你盘,原材料,塑料,其他塑料制品,广东,13.59,北交所,-,-,-,-,2022/7/22,陈宇,民营企业,"阿尔法高波动,等待周期更长,20厘米涨停爆发性强",行情酝酿中,-,-,化工,行业成熟稳定,传统行业,消耗品,-
920873.BJ,920873,中设咨询,迷你盘,工业,建筑与工程,建筑设计及服务,重庆,8.13,北交所,-,-,-,-,2021/11/15,黄华华,民营企业,"阿尔法高波动,等待周期更长,20厘米涨停爆发性强",行情酝酿中,-,房地产产业链,-,行业成熟稳定,传统行业,耐用品,-
920876.BJ,920876,慧为智能,迷你盘,信息技术,电子终端及组件,消费电子终端,深圳,25.23,北交所,火山口 派出小部队勇吃鱼身,-,-,-,2022/11/9,李晓辉,民营企业,"阿尔法高波动,等待周期更长,20厘米涨停爆发性强",行情酝酿中,新科技,-,-,政策支持,高新技术产业,-,-
920879.BJ,920879,基康技术,迷你盘,工业,通用机械,仪器仪表,北京,20.47,北交所,-,-,-,-,2022/12/20,蒋小钢,民营企业,"阿尔法高波动,等待周期更长,20厘米涨停爆发性强",行情酝酿中,-,智能汽车产业链,制造业(工业母机),行业成熟稳定,传统行业,耐用品,-
920885.BJ,920885,星辰科技,小盘股,工业,通用机械,电动机与工控自动化,广西,20.93,北交所,火山口 派出小部队勇吃鱼身,-,-,-,2021/7/8,吕虹,民营企业,"阿尔法高波动,等待周期更长,20厘米涨停爆发性强",行情酝酿中,-,智能汽车产业链,制造业(工业母机),行业成熟稳定,传统行业,耐用品,-
920892.BJ,920892,广咨国际,迷你盘,工业,建筑与工程,建筑设计及服务,广东,15.55,北交所,-,-,-,-,2021/10/28,广东省人民政府国有资产监督管理委员会,地方国有企业,"阿尔法高波动,等待周期更长,20厘米涨停爆发性强",表现超预期,-,房地产产业链,-,行业成熟稳定,传统行业,耐用品,-
920895.BJ,920895,花溪科技,迷你盘,工业,专用机械,农业机械,河南,17.28,北交所,-,-,-,-,2023/4/6,李树秀,民营企业,"阿尔法高波动,等待周期更长,20厘米涨停爆发性强",表现超预期,-,-,制造业(工业母机),行业成熟稳定,传统行业,耐用品,-
920896.BJ,920896,旺成科技,迷你盘,工业,通用机械,动力机械,重庆,17.77,北交所,火山口 派出小部队勇吃鱼身,-,-,-,2023/4/19,吴银剑,民营企业,"阿尔法高波动,等待周期更长,20厘米涨停爆发性强",表现超预期,-,智能汽车产业链,-,政策支持,传统行业,消耗品,-
920906.BJ,920906,舜宇精工,迷你盘,可选消费,汽车零部件与轮胎,汽车内饰与外饰,浙江,24.64,北交所,-,-,-,-,2023/2/22,倪文军,民营企业,"阿尔法高波动,等待周期更长,20厘米涨停爆发性强",表现超预期,-,智能汽车产业链,-,政策支持,传统行业,消耗品,-
920914.BJ,920914,远航精密,小盘股,工业,储能设备,电池部件及材料,江苏,26.26,北交所,-,-,-,-,2022/11/11,周林峰,民营企业,"阿尔法高波动,等待周期更长,20厘米涨停爆发性强",表现超预期,新能源,-,-,行业成熟稳定,传统行业,消耗品,-
920924.BJ,920924,广脉科技,小盘股,通信服务,通信技术服务,通信技术服务,浙江,22.33,北交所,-,-,-,-,2021/11/3,赵国民,民营企业,"阿尔法高波动,等待周期更长,20厘米涨停爆发性强",表现超预期,新基建,-,-,政策支持,高新技术产业,-,-
920925.BJ,920925,锦好医疗,迷你盘,医药卫生,医疗器械,医疗设备,广东,17.48,北交所,火山口 派出小部队勇吃鱼身,-,-,-,2021/10/25,王敏,民营企业,"阿尔法高波动,等待周期更长,20厘米涨停爆发性强",行情酝酿中,大健康,-,-,行业成熟稳定,传统行业,消耗品,-
920926.BJ,920926,鸿智科技,迷你盘,可选消费,家用电器,小家电,广东,14.99,北交所,-,-,-,-,2023/8/8,游进,民营企业,"阿尔法高波动,等待周期更长,20厘米涨停爆发性强",行情酝酿中,大消费,-,-,行业成熟稳定,传统行业,耐用品,-
920931.BJ,920931,无锡鼎邦,迷你盘,工业,专用机械,化工机械,江苏,12.32,北交所,火山口 派出小部队勇吃鱼身,连续多天小涨 龟壳战术吃鱼头,-,-,2024/4/8,王仁良,民营企业,"阿尔法高波动,等待周期更长,20厘米涨停爆发性强",行情酝酿中,-,-,制造业(工业母机),行业成熟稳定,传统行业,耐用品,-
920932.BJ,920932,科达自控,迷你盘,信息技术,信息技术服务,系统集成服务,山西,16.2,北交所,-,-,-,-,2021/11/15,付国军,民营企业,"阿尔法高波动,等待周期更长,20厘米涨停爆发性强",表现超预期,国产替代,-,-,政策支持,传统行业,-,-
920942.BJ,920942,恒立钻具,迷你盘,工业,专用机械,工程机械,湖北,25.97,北交所,-,-,-,-,2022/12/8,余立新,民营企业,"阿尔法高波动,等待周期更长,20厘米涨停爆发性强",行情酝酿中,-,-,制造业(工业母机),行业成熟稳定,传统行业,耐用品,-
920943.BJ,920943,优机股份,迷你盘,工业,通用机械,气液机械,四川,21.3,北交所,火山口 派出小部队勇吃鱼身,-,-,-,2022/6/24,罗辑,民营企业,"阿尔法高波动,等待周期更长,20厘米涨停爆发性强",表现超预期,-,-,制造业(工业母机),行业成熟稳定,传统行业,耐用品,-
920946.BJ,920946,森萱医药,迷你盘,医药卫生,化学药,原料药,江苏,10.39,北交所,火山口 派出小部队勇吃鱼身,-,-,-,2020/7/27,南通市人民政府国有资产监督管理委员会,地方国有企业,"阿尔法高波动,等待周期更长,20厘米涨停爆发性强",行情酝酿中,大健康,-,-,政策支持,高新技术产业,消耗品,-
920950.BJ,920950,迅安科技,迷你盘,工业,通用机械,加工机械,江苏,16.34,北交所,-,-,-,-,2023/1/11,高为人,民营企业,"阿尔法高波动,等待周期更长,20厘米涨停爆发性强",表现超预期,新科技,-,-,政策支持,高新技术产业,-,-
920953.BJ,920953,国子软件,小盘股,信息技术,软件开发,通用软件,山东,31.34,北交所,火山口 派出小部队勇吃鱼身,-,-,-,2023/8/23,韩承志,民营企业,"阿尔法高波动,等待周期更长,20厘米涨停爆发性强",表现超预期,国产替代,-,-,政策支持,传统行业,-,-
920957.BJ,920957,汉维科技,迷你盘,原材料,塑料,其他塑料制品,广东,11.46,北交所,-,-,-,-,2022/12/14,周述辉,民营企业,"阿尔法高波动,等待周期更长,20厘米涨停爆发性强",表现超预期,-,-,化工,行业成熟稳定,传统行业,耐用品,-
920961.BJ,920961,创远信科,小盘股,工业,通用机械,仪器仪表,上海,23.99,北交所,-,-,-,-,2020/7/27,冯跃军,民营企业,"阿尔法高波动,等待周期更长,20厘米涨停爆发性强",表现超预期,-,智能汽车产业链,制造业(工业母机),行业成熟稳定,传统行业,耐用品,-
920964.BJ,920964,润农节水,迷你盘,工业,节能与生态修复,节能与资源回收,河北,5.99,北交所,火山口 派出小部队勇吃鱼身,连续多天小涨 龟壳战术吃鱼头,-,-,2020/7/27,湖北省人民政府国有资产监督管理委员会,地方国有企业,"阿尔法高波动,等待周期更长,20厘米涨停爆发性强",行情酝酿中,-,房地产产业链,-,行业成熟稳定,传统行业,耐用品,-
920970.BJ,920970,大禹生物,迷你盘,主要消费,养殖,饲料,山西,7.65,北交所,-,-,-,-,2022/5/18,闫和平,民营企业,"阿尔法高波动,等待周期更长,20厘米涨停爆发性强",表现超预期,-,-,粮食,行业成熟稳定,传统行业,消耗品,-
920971.BJ,920971,天马新材,中盘股,原材料,工业金属,铝,河南,29.95,北交所,-,-,有涨停 火山口战法吃鱼身,-,2022/9/27,马淑云,民营企业,-,表现超预期,-,-,化工,行业成熟稳定,传统行业,耐用品,-
920974.BJ,920974,凯大催化,迷你盘,原材料,化学制品,其他化学制品,浙江,7.77,北交所,火山口 派出小部队勇吃鱼身,连续多天小涨 龟壳战术吃鱼头,-,-,2023/3/8,姚洪,民营企业,"阿尔法高波动,等待周期更长,20厘米涨停爆发性强",行情酝酿中,-,-,化工,行业成熟稳定,传统行业,耐用品,-
920976.BJ,920976,视声智能,迷你盘,信息技术,电子终端及组件,安防设备及其他,广东,31.16,北交所,-,-,-,-,2023/9/1,朱湘军,民营企业,"阿尔法高波动,等待周期更长,20厘米涨停爆发性强",行情酝酿中,新基建,-,-,政策支持,高新技术产业,-,-
920978.BJ,920978,开特股份,小盘股,可选消费,汽车零部件与轮胎,汽车电子,湖北,28.53,北交所,-,-,-,-,2023/9/28,郑海法,民营企业,"阿尔法高波动,等待周期更长,20厘米涨停爆发性强",表现超预期,-,智能汽车产业链,-,政策支持,传统行业,消耗品,-
920981.BJ,920981,晶赛科技,小盘股,信息技术,电子元件,被动元件,安徽,32.3,北交所,-,-,-,-,2021/11/15,侯诗益,民营企业,"阿尔法高波动,等待周期更长,20厘米涨停爆发性强",表现超预期,新科技,-,-,政策支持,高新技术产业,-,-
920982.BJ,920982,锦波生物,中盘股,医药卫生,医疗器械,医疗耗材,山西,184.45,北交所,-,-,-,-,2023/7/20,杨霞,民营企业,-,行情酝酿中,大健康,-,-,行业成熟稳定,传统行业,消耗品,-
920985.BJ,920985,海泰新能,迷你盘,工业,发电设备,光伏设备,河北,6.99,北交所,火山口 派出小部队勇吃鱼身,连续多天小涨 龟壳战术吃鱼头,-,-,2022/8/8,王永,民营企业,"阿尔法高波动,等待周期更长,20厘米涨停爆发性强",行情酝酿中,新科技,特高压电力产业链,-,政策支持,高新技术产业,耐用品,-
920992.BJ,920992,中科美菱,迷你盘,医药卫生,医疗器械,医疗设备,安徽,15.56,北交所,-,-,-,-,2022/10/18,绵阳市国有资产监督管理委员会,地方国有企业,"阿尔法高波动,等待周期更长,20厘米涨停爆发性强",表现超预期,大健康,-,-,行业成熟稳定,传统行业,消耗品,-
