ts_code,symbol,name,area,industry,cnspell,market,list_date,act_name,act_ent_type
000001.SZ,000001,平安银行,深圳,银行,PAYH,主板,19910403,无实际控制人,其他
000002.SZ,000002,万科Ａ,深圳,全国地产,WKA,主板,19910129,无实际控制人,其他
000004.SZ,000004,*ST国华,深圳,软件服务,*STGH,主板,19901201,李映彤,民营企业
000006.SZ,000006,深振业Ａ,深圳,区域地产,SZYA,主板,19920427,深圳市人民政府国有资产监督管理委员会,地方国有企业
000007.SZ,000007,全新好,深圳,其他商业,QXH,主板,19920413,无实际控制人,其他
000008.SZ,000008,神州高铁,北京,运输设备,SZGT,主板,19920507,国家开发投资集团有限公司,中央企业
000009.SZ,000009,中国宝安,深圳,电气设备,ZGBA,主板,19910625,无实际控制人,其他
000010.SZ,000010,美丽生态,深圳,建筑工程,MLST,主板,19951027,无实际控制人,其他
000011.SZ,000011,深物业A,深圳,房产服务,SWYA,主板,19920330,深圳市人民政府国有资产监督管理委员会,地方国有企业
000012.SZ,000012,南玻Ａ,深圳,玻璃,NBA,主板,19920228,无实际控制人,其他
000014.SZ,000014,沙河股份,深圳,全国地产,SHGF,主板,19920602,深圳市人民政府国有资产监督管理委员会,地方国有企业
000016.SZ,000016,深康佳Ａ,深圳,家用电器,SKJA,主板,19920327,国务院国有资产监督管理委员会,中央企业
000017.SZ,000017,深中华A,深圳,服饰,SZHA,主板,19920331,王胜洪,民营企业
000019.SZ,000019,深粮控股,深圳,农业综合,SLKG,主板,19921012,深圳市人民政府国有资产监督管理委员会,地方国有企业
000020.SZ,000020,深华发Ａ,深圳,元器件,SHFA,主板,19920428,李中秋,外资
000021.SZ,000021,深科技,深圳,元器件,SKJ,主板,19940202,国务院国有资产监督管理委员会,中央企业
001872.SZ,001872,招商港口,深圳,港口,ZSGK,主板,19930505,国务院国有资产监督管理委员会,中央企业
000025.SZ,000025,特力Ａ,深圳,综合类,TLA,主板,19930621,深圳市人民政府国有资产监督管理委员会,地方国有企业
000026.SZ,000026,飞亚达,深圳,服饰,FYD,主板,19930603,国务院国有资产监督管理委员会,中央企业
000027.SZ,000027,深圳能源,深圳,火力发电,SZNY,主板,19930903,深圳市人民政府国有资产监督管理委员会,地方国有企业
000028.SZ,000028,国药一致,深圳,医药商业,GYYZ,主板,19930809,国务院国有资产监督管理委员会,中央企业
000029.SZ,000029,深深房Ａ,深圳,区域地产,SSFA,主板,19930915,深圳市人民政府国有资产监督管理委员会,地方国有企业
000030.SZ,000030,富奥股份,吉林,汽车配件,FAGF,主板,19930929,吉林省人民政府国有资产监督管理委员会,地方国有企业
000031.SZ,000031,大悦城,深圳,全国地产,DYC,主板,19931008,国务院国有资产监督管理委员会,中央企业
000032.SZ,000032,深桑达Ａ,深圳,建筑工程,SSDA,主板,19931028,国务院国有资产监督管理委员会,中央企业
000034.SZ,000034,神州数码,深圳,软件服务,SZSM,主板,19940509,郭为,民营企业
000035.SZ,000035,中国天楹,江苏,环境保护,ZGTY,主板,19940408,严圣军,民营企业
000036.SZ,000036,华联控股,深圳,全国地产,HLKG,主板,19940617,龚泽民,民营企业
000037.SZ,000037,深南电A,深圳,火力发电,SNDA,主板,19940701,无实际控制人,其他
000039.SZ,000039,中集集团,深圳,运输设备,ZJJT,主板,19940408,无实际控制人,其他
000042.SZ,000042,中洲控股,深圳,全国地产,ZZKG,主板,19940921,黄光苗,外资
001914.SZ,001914,招商积余,深圳,房产服务,ZSJY,主板,19940928,国务院国有资产监督管理委员会,中央企业
000045.SZ,000045,深纺织Ａ,深圳,元器件,SFZA,主板,19940815,深圳市人民政府国有资产监督管理委员会,地方国有企业
000048.SZ,000048,京基智农,深圳,农业综合,JJZN,主板,19941101,陈华,民营企业
000049.SZ,000049,德赛电池,深圳,电气设备,DSDC,主板,19950320,无实际控制人,其他
000050.SZ,000050,深天马Ａ,深圳,元器件,STMA,主板,19950315,国务院国有资产监督管理委员会,中央企业
000055.SZ,000055,方大集团,深圳,其他建材,FDJT,主板,19960415,熊建明,民营企业
000056.SZ,000056,皇庭国际,深圳,其他商业,HTGJ,主板,19960708,郑康豪,民营企业
000058.SZ,000058,深赛格,深圳,商品城,SSG,主板,19961226,深圳市人民政府国有资产监督管理委员会,地方国有企业
000059.SZ,000059,华锦股份,辽宁,石油加工,HJGF,主板,19970130,国务院国有资产监督管理委员会,中央企业
000060.SZ,000060,中金岭南,深圳,铅锌,ZJLN,主板,19970123,广东省人民政府国有资产监督管理委员会,地方国有企业
000061.SZ,000061,农产品,深圳,农业综合,NCP,主板,19970110,深圳市人民政府国有资产监督管理委员会,地方国有企业
000062.SZ,000062,深圳华强,深圳,元器件,SZHQ,主板,19970130,梁光伟,民营企业
000063.SZ,000063,中兴通讯,深圳,通信设备,ZXTX,主板,19971118,无实际控制人,其他
000065.SZ,000065,北方国际,北京,建筑工程,BFGJ,主板,19980605,国务院国有资产监督管理委员会,中央企业
000066.SZ,000066,中国长城,深圳,IT设备,ZGCC,主板,19970626,中国电子信息产业集团有限公司,中央企业
000068.SZ,000068,华控赛格,深圳,环境保护,HKSG,主板,19970611,山西省人民政府国有资产监督管理委员会,地方国有企业
000069.SZ,000069,华侨城Ａ,深圳,全国地产,HQCA,主板,19970910,国务院国有资产监督管理委员会,中央企业
000070.SZ,000070,特发信息,深圳,通信设备,TFXX,主板,20000511,深圳市人民政府国有资产监督管理委员会,地方国有企业
000078.SZ,000078,海王生物,深圳,医药商业,HWSW,主板,19981218,张思民,民营企业
000088.SZ,000088,盐田港,深圳,港口,YTG,主板,19970728,深圳市人民政府国有资产监督管理委员会,地方国有企业
000089.SZ,000089,深圳机场,深圳,机场,SZJC,主板,19980420,深圳市人民政府国有资产监督管理委员会,地方国有企业
000090.SZ,000090,天健集团,深圳,建筑工程,TJJT,主板,19990721,深圳市人民政府国有资产监督管理委员会,地方国有企业
000096.SZ,000096,广聚能源,深圳,石油贸易,GJNY,主板,20000724,黑龙江省鹤岗市南山区人民政府国有资产监督管理委员会,地方国有企业
000099.SZ,000099,中信海直,深圳,空运,ZXHZ,主板,20000731,中国中信集团有限公司,中央企业
000100.SZ,000100,TCL科技,广东,元器件,TCLKJ,主板,20040130,无实际控制人,其他
000151.SZ,000151,中成股份,北京,商贸代理,ZCGF,主板,20000906,国务院国有资产监督管理委员会,中央企业
000153.SZ,000153,丰原药业,安徽,化学制药,FYYY,主板,20000920,李荣杰,民营企业
000155.SZ,000155,川能动力,四川,新型电力,CNDL,主板,20000926,四川省政府国有资产监督管理委员会,地方国有企业
000156.SZ,000156,华数传媒,浙江,影视音像,HSCM,主板,20000906,杭州市财政局,地方国有企业
000157.SZ,000157,中联重科,湖南,工程机械,ZLZK,主板,20001012,无实际控制人,其他
000158.SZ,000158,常山北明,河北,软件服务,CSBM,主板,20000724,石家庄市人民政府国有资产监督管理委员会,地方国有企业
000159.SZ,000159,国际实业,新疆,石油贸易,GJSY,主板,20000926,冯现啁,民营企业
000301.SZ,000301,东方盛虹,江苏,化纤,DFSH,主板,20000529,缪汉根,民营企业
000400.SZ,000400,许继电气,河南,电气设备,XJDQ,主板,19970418,国务院国有资产监督管理委员会,中央企业
000401.SZ,000401,金隅冀东,河北,水泥,JYJD,主板,19960614,北京市人民政府国有资产监督管理委员会,地方国有企业
000402.SZ,000402,金融街,北京,全国地产,JRJ,主板,19960626,北京市西城区人民政府国有资产监督管理委员会,地方国有企业
000403.SZ,000403,派林生物,山西,生物制药,PLSW,主板,19960628,陕西省人民政府国有资产监督管理委员会,地方国有企业
000404.SZ,000404,长虹华意,江西,家用电器,CHHY,主板,19960619,绵阳市国有资产监督管理委员会,地方国有企业
000407.SZ,000407,胜利股份,山东,供气供热,SLGF,主板,19960703,许铁良,外资
000408.SZ,000408,藏格矿业,青海,农药化肥,ZGKY,主板,19960628,上杭县财政局,地方国有企业
000409.SZ,000409,云鼎科技,山东,软件服务,YDKJ,主板,19960627,山东省人民政府,地方国有企业
000410.SZ,000410,沈阳机床,辽宁,机床制造,SYJC,主板,19960718,国务院国有资产监督管理委员会,中央企业
000411.SZ,000411,英特集团,浙江,医药商业,YTJT,主板,19960716,浙江省人民政府国有资产监督管理委员会,地方国有企业
000415.SZ,000415,渤海租赁,新疆,多元金融,BHZL,主板,19960716,无实际控制人,其他
000417.SZ,000417,合百集团,安徽,百货,HBJT,主板,19960812,合肥市人民政府国有资产监督管理委员会,地方国有企业
000419.SZ,000419,通程控股,湖南,百货,TCKG,主板,19960816,长沙市人民政府国有资产监督管理委员会,地方国有企业
000420.SZ,000420,吉林化纤,吉林,化纤,JLHX,主板,19960802,吉林省吉林市人民政府国有资产监督管理委员会,地方国有企业
000421.SZ,000421,南京公用,江苏,供气供热,NJGY,主板,19960806,南京市人民政府国有资产监督管理委员会,地方国有企业
000422.SZ,000422,湖北宜化,湖北,农药化肥,HBYH,主板,19960815,宜昌市人民政府国有资产监督管理委员会,地方国有企业
000423.SZ,000423,东阿阿胶,山东,中成药,DEEJ,主板,19960729,国务院国有资产监督管理委员会,中央企业
000425.SZ,000425,徐工机械,江苏,工程机械,XGJX,主板,19960828,徐州市人民政府,地方国有企业
000426.SZ,000426,兴业银锡,内蒙,铅锌,XYYX,主板,19960828,吉兴业,民营企业
000428.SZ,000428,华天酒店,湖南,酒店餐饮,HTJD,主板,19960808,湖南省人民政府国有资产监督管理委员会,地方国有企业
000429.SZ,000429,粤高速Ａ,广东,路桥,YGSA,主板,19980220,广东省人民政府国有资产监督管理委员会,地方国有企业
000430.SZ,000430,ST张家界,湖南,旅游景点,STZJJ,主板,19960829,张家界市人民政府国有资产监督管理委员会,地方国有企业
000488.SZ,000488,ST晨鸣,山东,造纸,STCM,主板,20001120,寿光市地方金融监督管理局(寿光市国有资产监督管理局),地方国有企业
000498.SZ,000498,山东路桥,山东,建筑工程,SDLQ,主板,19970609,山东省人民政府国有资产监督管理委员会,地方国有企业
000501.SZ,000501,武商集团,湖北,百货,WSJT,主板,19921120,武汉市人民政府国有资产监督管理委员会,地方国有企业
000503.SZ,000503,国新健康,山东,软件服务,GXJK,主板,19921130,国务院国有资产监督管理委员会,中央企业
000504.SZ,000504,*ST生物,湖南,医疗保健,*STSW,主板,19921208,湖南省人民政府,地方国有企业
000505.SZ,000505,京粮控股,海南,食品,JLKG,主板,19921221,北京市人民政府国有资产监督管理委员会,地方国有企业
000506.SZ,000506,招金黄金,山东,黄金,ZJHJ,主板,19930312,招远市人民政府,地方国有企业
000507.SZ,000507,珠海港,广东,新型电力,ZHG,主板,19930326,珠海市人民政府国有资产监督管理委员会,地方国有企业
000509.SZ,000509,华塑控股,四川,元器件,HSKG,主板,19930507,湖北省人民政府,地方国有企业
000510.SZ,000510,新金路,四川,化工原料,XJL,主板,19930507,刘江东,民营企业
000513.SZ,000513,丽珠集团,广东,化学制药,LZJT,主板,19931028,朱保国,民营企业
000514.SZ,000514,渝开发,重庆,区域地产,YKF,主板,19930712,重庆市国有资产监督管理委员会,地方国有企业
000516.SZ,000516,国际医学,陕西,医疗保健,GJYX,主板,19930809,刘建申,民营企业
000517.SZ,000517,荣安地产,浙江,区域地产,RADC,主板,19930806,王久芳,民营企业
000518.SZ,000518,*ST四环,江苏,生物制药,*STSH,主板,19930908,邱为碧,民营企业
000519.SZ,000519,中兵红箭,河南,专用机械,ZBHJ,主板,19931008,国务院国有资产监督管理委员会,中央企业
000520.SZ,000520,凤凰航运,湖北,水运,FHHY,主板,19931025,李建明,民营企业
000521.SZ,000521,长虹美菱,安徽,家用电器,CHML,主板,19931018,绵阳市国有资产监督管理委员会,地方国有企业
000523.SZ,000523,红棉股份,广东,食品,HMGF,主板,19931108,广州市人民政府国有资产监督管理委员会,地方国有企业
000524.SZ,000524,岭南控股,广东,旅游服务,LNKG,主板,19931118,广州市人民政府国有资产监督管理委员会,地方国有企业
000525.SZ,000525,红太阳,江苏,农药化肥,HTY,主板,19931028,曲靖高新技术产业开发区管理委员会,地方国有企业
000526.SZ,000526,学大教育,福建,文教休闲,XDJY,主板,19931101,金鑫,民营企业
000528.SZ,000528,柳工,广西,工程机械,LG,主板,19931118,广西壮族自治区人民政府国有资产监督管理委员会,地方国有企业
000529.SZ,000529,广弘控股,广东,食品,GHKG,主板,19931118,广东省出版集团有限公司,地方国有企业
000530.SZ,000530,冰山冷热,辽宁,机械基件,BSLR,主板,19931208,无实际控制人,其他
000531.SZ,000531,穗恒运Ａ,广东,火力发电,SHYA,主板,19940106,广州开发区管理委员会,地方国有企业
000532.SZ,000532,华金资本,广东,多元金融,HJZB,主板,19940103,珠海市人民政府国有资产监督管理委员会,地方国有企业
000533.SZ,000533,顺钠股份,广东,电气设备,SNGF,主板,19940103,无实际控制人,其他
000534.SZ,000534,万泽股份,广东,生物制药,WZGF,主板,19940110,林伟光,民营企业
000536.SZ,000536,华映科技,福建,元器件,HYKJ,主板,19931126,福建省人民政府国有资产监督管理委员会,地方国有企业
000537.SZ,000537,绿发电力,天津,新型电力,LFDL,主板,19931210,国务院国有资产监督管理委员会,中央企业
000538.SZ,000538,云南白药,云南,中成药,YNBY,主板,19931215,无实际控制人,其他
000539.SZ,000539,粤电力Ａ,广东,火力发电,YDLA,主板,19931126,广东省人民政府国有资产监督管理委员会,地方国有企业
000541.SZ,000541,佛山照明,广东,家用电器,FSZM,主板,19931123,广东省人民政府国有资产监督管理委员会,地方国有企业
000543.SZ,000543,皖能电力,安徽,火力发电,WNDL,主板,19931220,安徽省人民政府国有资产监督管理委员会,地方国有企业
000544.SZ,000544,中原环保,河南,环境保护,ZYHB,主板,19931208,郑州市人民政府,地方国有企业
000545.SZ,000545,金浦钛业,吉林,化工原料,JPTY,主板,19931215,郭金东,民营企业
000546.SZ,000546,金圆股份,吉林,环境保护,JYGF,主板,19931215,赵璧生,民营企业
000547.SZ,000547,航天发展,福建,通信设备,HTFZ,主板,19931130,国务院国有资产监督管理委员会,中央企业
000548.SZ,000548,湖南投资,湖南,路桥,HNTZ,主板,19931220,长沙市人民政府,地方国有企业
000550.SZ,000550,江铃汽车,江西,汽车整车,JLQC,主板,19931201,南昌市国有资产监督管理委员会,地方国有企业
000551.SZ,000551,创元科技,江苏,专用机械,CYKJ,主板,19940106,苏州市人民政府国有资产监督管理委员会,地方国有企业
000552.SZ,000552,甘肃能化,甘肃,煤炭开采,GSNH,主板,19940106,甘肃省人民政府国有资产监督管理委员会,地方国有企业
000553.SZ,000553,安道麦A,湖北,农药化肥,ADMA,主板,19931203,国务院国有资产监督管理委员会,中央企业
000554.SZ,000554,泰山石油,山东,石油贸易,TSSY,主板,19931215,国务院国有资产监督管理委员会,中央企业
000555.SZ,000555,神州信息,深圳,软件服务,SZXX,主板,19940408,无实际控制人,其他
000557.SZ,000557,西部创业,宁夏,铁路,XBCY,主板,19940617,宁夏回族自治区人民政府,地方国有企业
000558.SZ,000558,天府文旅,四川,旅游景点,TFWL,主板,19940509,成都市国有资产监督管理委员会,地方国有企业
000559.SZ,000559,万向钱潮,浙江,汽车配件,WXQC,主板,19940110,鲁伟鼎,民营企业
000560.SZ,000560,我爱我家,云南,房产服务,WAWJ,主板,19940202,谢勇,民营企业
000561.SZ,000561,烽火电子,陕西,通信设备,FHDZ,主板,19940509,陕西省人民政府国有资产监督管理委员会,地方国有企业
000563.SZ,000563,陕国投Ａ,陕西,多元金融,SGTA,主板,19940110,陕西省人民政府国有资产监督管理委员会,地方国有企业
000564.SZ,000564,供销大集,陕西,百货,GXDJ,主板,19940110,中华全国供销合作总社,中央企业
000565.SZ,000565,渝三峡Ａ,重庆,染料涂料,YSXA,主板,19940408,重庆市国有资产监督管理委员会,地方国有企业
000566.SZ,000566,海南海药,海南,化学制药,HNHY,主板,19940525,国务院国有资产监督管理委员会,中央企业
000567.SZ,000567,海德股份,海南,多元金融,HDGF,主板,19940525,王广西,民营企业
000568.SZ,000568,泸州老窖,四川,白酒,LZLJ,主板,19940509,泸州市国有资产监督管理委员会,地方国有企业
000570.SZ,000570,苏常柴Ａ,江苏,农用机械,SCCA,主板,19940701,常州市人民政府国有资产监督管理委员会,地方国有企业
000571.SZ,000571,新大洲A,海南,煤炭开采,XDZA,主板,19940525,王文锋,民营企业
000572.SZ,000572,海马汽车,海南,汽车整车,HMQC,主板,19940808,景柱,民营企业
000573.SZ,000573,粤宏远Ａ,广东,区域地产,YHYA,主板,19940815,陈海涛,民营企业
000576.SZ,000576,甘化科工,广东,电气设备,GHKG,主板,19940907,胡成中,民营企业
000581.SZ,000581,威孚高科,江苏,汽车配件,WFGK,主板,19980924,无锡市人民政府国有资产监督管理委员会,地方国有企业
000582.SZ,000582,北部湾港,广西,港口,BBWG,主板,19951102,广西壮族自治区人民政府国有资产监督管理委员会,地方国有企业
000586.SZ,000586,汇源通信,四川,通信设备,HYTX,主板,19951220,无实际控制人,其他
000589.SZ,000589,贵州轮胎,贵州,汽车配件,GZLT,主板,19960308,贵州省人民政府国有资产监督管理委员会,地方国有企业
000590.SZ,000590,古汉医药,湖南,中成药,GHYY,主板,19960119,江琎,民营企业
000591.SZ,000591,太阳能,重庆,新型电力,TYN,主板,19960208,国务院国有资产监督管理委员会,中央企业
000592.SZ,000592,平潭发展,福建,林业,PTFZ,主板,19960327,刘平山,民营企业
000593.SZ,000593,德龙汇能,四川,供气供热,DLHN,主板,19960312,孙维佳,民营企业
000595.SZ,000595,*ST宝实,宁夏,新型电力,*STBS,主板,19960419,宁夏回族自治区人民政府,地方国有企业
000596.SZ,000596,古井贡酒,安徽,白酒,GJGJ,主板,19960927,亳州市财政局(亳州市政府国有资产监督管理委员会),地方国有企业
000597.SZ,000597,东北制药,辽宁,化学制药,DBZY,主板,19960523,方威,民营企业
000598.SZ,000598,兴蓉环境,四川,水务,XRHJ,主板,19960529,成都市国有资产监督管理委员会,地方国有企业
000599.SZ,000599,青岛双星,山东,汽车配件,QDSX,主板,19960430,青岛市人民政府国有资产监督管理委员会,地方国有企业
000600.SZ,000600,建投能源,河北,火力发电,JTNY,主板,19960606,河北省人民政府国有资产监督管理委员会,地方国有企业
000601.SZ,000601,韶能股份,广东,水力发电,SNGF,主板,19960830,无实际控制人,其他
000603.SZ,000603,盛达资源,北京,铅锌,SDZY,主板,19960823,赵满堂,民营企业
000605.SZ,000605,渤海股份,北京,水务,BHGF,主板,19960913,天津市人民政府国有资产监督管理委员会,地方国有企业
000607.SZ,000607,华媒控股,浙江,广告包装,HMKG,主板,19960830,杭州日报报业集团(杭州日报社),地方国有企业
000608.SZ,000608,*ST阳光,广西,区域地产,*STYG,主板,19960919,刘丹,民营企业
000609.SZ,000609,ST中迪,北京,区域地产,STZD,主板,19961010,门洪达,民营企业
000610.SZ,000610,西安旅游,陕西,旅游服务,XALY,主板,19960926,西安曲江新区管理委员会,地方国有企业
000612.SZ,000612,焦作万方,河南,铝,JZWF,主板,19960926,钭正刚,民营企业
000615.SZ,000615,*ST美谷,湖北,医疗保健,*STMG,主板,19961016,无实际控制人,其他
000617.SZ,000617,中油资本,新疆,多元金融,ZYZB,主板,19961022,中国石油天然气集团有限公司,中央企业
000619.SZ,000619,海螺新材,安徽,其他建材,HLXC,主板,19961023,安徽省人民政府国有资产监督管理委员会,地方国有企业
000620.SZ,000620,盈新发展,北京,全国地产,YXFZ,主板,19961029,王赓宇,民营企业
000623.SZ,000623,吉林敖东,吉林,中成药,JLAD,主板,19961028,李秀林,民营企业
000625.SZ,000625,长安汽车,重庆,汽车整车,CAQC,主板,19970610,国务院国有资产监督管理委员会,中央企业
000626.SZ,000626,远大控股,江苏,商贸代理,YDKG,主板,19961128,胡凯军,民营企业
000628.SZ,000628,高新发展,四川,建筑工程,GXFZ,主板,19961118,成都高新技术产业开发区管理委员会,地方国有企业
000629.SZ,000629,钒钛股份,四川,小金属,FTGF,主板,19961115,鞍钢集团有限公司,中央企业
000630.SZ,000630,铜陵有色,安徽,铜,TLYS,主板,19961120,安徽省人民政府国有资产监督管理委员会,地方国有企业
000631.SZ,000631,顺发恒能,浙江,综合类,SFHN,主板,19961122,鲁伟鼎,民营企业
000632.SZ,000632,三木集团,福建,综合类,SMJT,主板,19961121,福州经济技术开发区财政局,地方国有企业
000633.SZ,000633,合金投资,新疆,小金属,HJTZ,主板,19961112,王云章,民营企业
000635.SZ,000635,英力特,宁夏,化工原料,YLT,主板,19961120,国务院国有资产监督管理委员会,中央企业
000636.SZ,000636,风华高科,广东,元器件,FHGK,主板,19961129,广东省人民政府国有资产监督管理委员会,地方国有企业
000637.SZ,000637,茂化实华,广东,石油加工,MHSH,主板,19961114,茂名市人民政府国有资产监督管理委员会,地方国有企业
000638.SZ,000638,*ST万方,吉林,农业综合,*STWF,主板,19961126,无实际控制人,其他
000639.SZ,000639,西王食品,山东,食品,XWSP,主板,19961126,王勇,民营企业
000650.SZ,000650,仁和药业,江西,中成药,RHYY,主板,19961210,杨文龙,民营企业
000651.SZ,000651,格力电器,广东,家用电器,GLDQ,主板,19961118,无实际控制人,其他
000652.SZ,000652,泰达股份,天津,批发业,TDGF,主板,19961128,天津市人民政府国有资产监督管理委员会,地方国有企业
000655.SZ,000655,金岭矿业,山东,普钢,JLKY,主板,19961128,山东省人民政府国有资产监督管理委员会,地方国有企业
000656.SZ,000656,*ST金科,重庆,全国地产,*STJK,主板,19961128,黄红云,民营企业
000657.SZ,000657,中钨高新,海南,小金属,ZWGX,主板,19961205,中国五矿集团有限公司,中央企业
000659.SZ,000659,珠海中富,广东,广告包装,ZHZF,主板,19961203,无实际控制人,其他
000661.SZ,000661,长春高新,吉林,生物制药,CCGX,主板,19961218,长春新区国有资产监督管理局,地方国有企业
000663.SZ,000663,永安林业,福建,林业,YALY,主板,19961206,国务院国有资产监督管理委员会,中央企业
000665.SZ,000665,湖北广电,湖北,影视音像,HBGD,主板,19961210,湖北省委宣传部,地方国有企业
000668.SZ,000668,*ST荣控,山东,房产服务,*STRK,主板,19961210,王征,外资
000669.SZ,000669,ST金鸿,湖南,供气供热,STJH,主板,19961210,徐博,民营企业
000670.SZ,000670,盈方微,湖北,元器件,YFW,主板,19961217,无实际控制人,其他
000672.SZ,000672,上峰水泥,甘肃,水泥,SFSN,主板,19961218,俞锋,民营企业
000676.SZ,000676,智度股份,广东,互联网,ZDGF,主板,19961224,无实际控制人,其他
000677.SZ,000677,恒天海龙,山东,化纤,HTHL,主板,19961226,胡兴荣,民营企业
000678.SZ,000678,襄阳轴承,湖北,汽车配件,XYZC,主板,19970106,湖北省人民政府国有资产监督管理委员会,地方国有企业
000679.SZ,000679,大连友谊,辽宁,百货,DLYY,主板,19970124,陈志祥,民营企业
000680.SZ,000680,山推股份,山东,工程机械,STGF,主板,19970122,山东省人民政府国有资产监督管理委员会,地方国有企业
000681.SZ,000681,视觉中国,江苏,互联网,SJZG,主板,19970121,吴玉瑞,民营企业
000682.SZ,000682,东方电子,山东,电气设备,DFDZ,主板,19970121,烟台市人民政府国有资产监督管理委员会,地方国有企业
000683.SZ,000683,博源化工,内蒙,化工原料,BYHG,主板,19970131,戴连荣,民营企业
000685.SZ,000685,中山公用,广东,水务,ZSGY,主板,19970123,中山市人民政府国有资产监督管理委员会,地方国有企业
000686.SZ,000686,东北证券,吉林,证券,DBZQ,主板,19970227,无实际控制人,其他
000688.SZ,000688,国城矿业,四川,铅锌,GCKY,主板,19970120,吴城,民营企业
000690.SZ,000690,宝新能源,广东,火力发电,BXNY,主板,19970128,叶华能,民营企业
000691.SZ,000691,*ST亚太,甘肃,化工原料,*STYT,主板,19970228,任晓更,民营企业
000692.SZ,000692,惠天热电,辽宁,供气供热,HTRD,主板,19970227,无实际控制人,其他
000695.SZ,000695,滨海能源,天津,化工原料,BHNY,主板,19970218,杨雪岗,民营企业
001696.SZ,001696,宗申动力,重庆,摩托车,ZSDL,主板,19970306,左宗申,民营企业
000697.SZ,000697,ST炼石,陕西,航空,STLS,主板,19970325,四川省政府国有资产监督管理委员会,地方国有企业
000698.SZ,000698,ST沈化,辽宁,石油加工,STSH,主板,19970220,国务院国有资产监督管理委员会,中央企业
000700.SZ,000700,模塑科技,江苏,汽车配件,MSKJ,主板,19970228,曹明芳,民营企业
000701.SZ,000701,厦门信达,福建,商贸代理,XMXD,主板,19970226,厦门市人民政府国有资产监督管理委员会,地方国有企业
000702.SZ,000702,正虹科技,湖南,饲料,ZHKJ,主板,19970318,岳阳城陵矶综合保税区管理委员会,地方国有企业
000703.SZ,000703,恒逸石化,广西,化纤,HYSH,主板,19970328,邱建林,民营企业
000705.SZ,000705,浙江震元,浙江,医药商业,ZJZY,主板,19970410,绍兴市人民政府国有资产监督管理委员会,地方国有企业
000707.SZ,000707,双环科技,湖北,化工原料,SHKJ,主板,19970415,湖北省人民政府国有资产监督管理委员会,地方国有企业
000708.SZ,000708,中信特钢,湖北,特种钢,ZXTG,主板,19970326,中华人民共和国财政部,中央企业
000709.SZ,000709,河钢股份,河北,普钢,HGGF,主板,19970416,河北省人民政府国有资产监督管理委员会,地方国有企业
000710.SZ,000710,贝瑞基因,四川,医疗保健,BRJY,主板,19970422,高扬,民营企业
000711.SZ,000711,ST京蓝,黑龙江,环境保护,STJL,主板,19970411,马黎阳,民营企业
000712.SZ,000712,锦龙股份,广东,证券,JLGF,主板,19970415,杨志茂,民营企业
000713.SZ,000713,国投丰乐,安徽,种植业,GTFL,主板,19970422,国务院国有资产监督管理委员会,中央企业
000715.SZ,000715,中兴商业,辽宁,百货,ZXSY,主板,19970508,方威,民营企业
000716.SZ,000716,黑芝麻,广西,食品,HZM,主板,19970418,广西壮族自治区人民政府国有资产监督管理委员会,地方国有企业
000717.SZ,000717,中南股份,广东,普钢,ZNGF,主板,19970508,国务院国有资产监督管理委员会,中央企业
000718.SZ,000718,苏宁环球,吉林,区域地产,SNHQ,主板,19970408,张桂平,民营企业
000719.SZ,000719,中原传媒,河南,出版业,ZYCM,主板,19970331,河南省人民政府,地方国有企业
000720.SZ,000720,新能泰山,山东,电气设备,XNTS,主板,19970509,国务院国有资产监督管理委员会,中央企业
000721.SZ,000721,西安饮食,陕西,酒店餐饮,XAYS,主板,19970430,西安曲江新区管理委员会,地方国有企业
000722.SZ,000722,湖南发展,湖南,水力发电,HNFZ,主板,19970522,湖南省人民政府国有资产监督管理委员会,地方国有企业
000723.SZ,000723,美锦能源,山西,焦炭加工,MJNY,主板,19970515,姚俊良,民营企业
000725.SZ,000725,京东方Ａ,北京,元器件,JDFA,主板,20010112,北京市人民政府国有资产监督管理委员会,地方国有企业
000726.SZ,000726,鲁泰Ａ,山东,纺织,LTA,主板,20001225,刘子斌,民营企业
000727.SZ,000727,冠捷科技,江苏,元器件,GJKJ,主板,19970520,国务院国有资产监督管理委员会,中央企业
000728.SZ,000728,国元证券,安徽,证券,GYZQ,主板,19970616,安徽省人民政府国有资产监督管理委员会,地方国有企业
000729.SZ,000729,燕京啤酒,北京,啤酒,YJPJ,主板,19970716,北京市人民政府,地方国有企业
000731.SZ,000731,四川美丰,四川,农药化肥,SCMF,主板,19970617,国务院国有资产监督管理委员会,中央企业
000733.SZ,000733,振华科技,贵州,元器件,ZHKJ,主板,19970703,国务院国有资产监督管理委员会,中央企业
000735.SZ,000735,罗牛山,海南,农业综合,LNS,主板,19970611,徐自力,民营企业
000736.SZ,000736,*ST中地,重庆,全国地产,*STZD,主板,19970425,国务院国有资产监督管理委员会,中央企业
000737.SZ,000737,北方铜业,山西,铜,BFTY,主板,19970428,山西省人民政府国有资产监督管理委员会,地方国有企业
000738.SZ,000738,航发控制,江苏,航空,HFKZ,主板,19970626,中国航空发动机集团有限公司,中央企业
000739.SZ,000739,普洛药业,浙江,化学制药,PLYY,主板,19970509,东阳市横店社团经济企业联合会,集体企业
000750.SZ,000750,国海证券,广西,证券,GHZQ,主板,19970709,广西壮族自治区人民政府国有资产监督管理委员会,地方国有企业
000751.SZ,000751,锌业股份,辽宁,铅锌,XYGF,主板,19970626,于跃,民营企业
000752.SZ,000752,ST西发,西藏,啤酒,STXF,主板,19970625,罗希,民营企业
000753.SZ,000753,漳州发展,福建,综合类,ZZFZ,主板,19970626,漳州市人民政府国有资产监督管理委员会,地方国有企业
000755.SZ,000755,山西高速,山西,路桥,SXGS,主板,19970627,山西省人民政府国有资产监督管理委员会,地方国有企业
000756.SZ,000756,新华制药,山东,化学制药,XHZY,主板,19970806,山东省人民政府国有资产监督管理委员会,地方国有企业
000757.SZ,000757,浩物股份,四川,汽车服务,HWGF,主板,19970627,张荣华,民营企业
000758.SZ,000758,中色股份,北京,铅锌,ZSGF,主板,19970416,国务院国有资产监督管理委员会,中央企业
000759.SZ,000759,中百集团,湖北,超市连锁,ZBJT,主板,19970519,武汉市人民政府国有资产监督管理委员会,地方国有企业
000761.SZ,000761,本钢板材,辽宁,普钢,BGBC,主板,19980115,国务院国有资产监督管理委员会,中央企业
000762.SZ,000762,西藏矿业,西藏,小金属,XZKY,主板,19970708,国务院国有资产监督管理委员会,中央企业
000766.SZ,000766,通化金马,吉林,化学制药,THJM,主板,19970430,于兰军,民营企业
000767.SZ,000767,晋控电力,山西,火力发电,JKDL,主板,19970609,山西省人民政府国有资产监督管理委员会,地方国有企业
000768.SZ,000768,中航西飞,陕西,航空,ZHXF,主板,19970626,国务院国有资产监督管理委员会,中央企业
000776.SZ,000776,广发证券,广东,证券,GFZQ,主板,19970611,无实际控制人,其他
000777.SZ,000777,中核科技,江苏,机械基件,ZHKJ,主板,19970710,国务院国有资产监督管理委员会,中央企业
000778.SZ,000778,新兴铸管,河北,钢加工,XXZG,主板,19970606,国务院国有资产监督管理委员会,中央企业
000779.SZ,000779,甘咨询,甘肃,建筑工程,GZX,主板,19970528,甘肃省人民政府国有资产监督管理委员会,地方国有企业
000782.SZ,000782,恒申新材,广东,化纤,HSXC,主板,19970619,陈建龙,民营企业
000783.SZ,000783,长江证券,湖北,证券,CJZQ,主板,19970731,无实际控制人,其他
000785.SZ,000785,居然智家,湖北,百货,JRZJ,主板,19970711,杨芳,民营企业
000786.SZ,000786,北新建材,北京,其他建材,BXJC,主板,19970606,中国建材集团有限公司,中央企业
000788.SZ,000788,北大医药,重庆,化学制药,BDYY,主板,19970616,徐晰人,民营企业
000789.SZ,000789,万年青,江西,水泥,WNQ,主板,19970923,江西省国有资产监督管理委员会,地方国有企业
000790.SZ,000790,华神科技,四川,中成药,HSKJ,主板,19980327,黄明良,民营企业
000791.SZ,000791,甘肃能源,甘肃,水力发电,GSNY,主板,19971014,甘肃省人民政府国有资产监督管理委员会,地方国有企业
000792.SZ,000792,盐湖股份,青海,农药化肥,YHGF,主板,19970904,中国五矿集团有限公司,中央企业
000793.SZ,000793,*ST华闻,海南,出版业,*STHW,主板,19970729,中国国际广播电台,中央企业
000795.SZ,000795,英洛华,浙江,矿物制品,YLH,主板,19970808,东阳市横店社团经济企业联合会,集体企业
000796.SZ,000796,凯撒旅业,海南,旅游服务,KSLY,主板,19970703,青岛市市北区国有资产运营发展中心,地方国有企业
000797.SZ,000797,中国武夷,福建,全国地产,ZGWY,主板,19970715,福建省人民政府国有资产监督管理委员会,地方国有企业
000798.SZ,000798,中水渔业,北京,渔业,ZSYY,主板,19980212,国务院国有资产监督管理委员会,中央企业
000799.SZ,000799,酒鬼酒,湖南,白酒,JGJ,主板,19970718,国务院国有资产监督管理委员会,中央企业
000800.SZ,000800,一汽解放,吉林,汽车整车,YQJF,主板,19970618,国务院国有资产监督管理委员会,中央企业
000801.SZ,000801,四川九洲,四川,家用电器,SCJZ,主板,19980506,绵阳市国有资产监督管理委员会,地方国有企业
000802.SZ,000802,北京文化,北京,影视音像,BJWH,主板,19980108,无实际控制人,其他
000803.SZ,000803,山高环能,四川,环境保护,SGHN,主板,19980303,山东省人民政府国有资产监督管理委员会,地方国有企业
000807.SZ,000807,云铝股份,云南,铝,YLGF,主板,19980408,国务院国有资产监督管理委员会,中央企业
000809.SZ,000809,和展能源,辽宁,电气设备,HZNY,主板,19980616,刘名,民营企业
000810.SZ,000810,创维数字,四川,家用电器,CWSZ,主板,19980602,黄宏生,外资
000811.SZ,000811,冰轮环境,山东,工程机械,BLHJ,主板,19980528,烟台市人民政府国有资产监督管理委员会,地方国有企业
000812.SZ,000812,陕西金叶,陕西,广告包装,SXJY,主板,19980623,袁汉源,外资
000813.SZ,000813,德展健康,新疆,化学制药,DZJK,主板,19980519,新疆维吾尔自治区人民政府国有资产监督管理委员会,地方国有企业
000815.SZ,000815,美利云,宁夏,通信设备,MLY,主板,19980609,国务院国有资产监督管理委员会,中央企业
000816.SZ,000816,智慧农业,江苏,农用机械,ZHNY,主板,19970818,罗韶宇,外资
000818.SZ,000818,航锦科技,辽宁,化工原料,HJKJ,主板,19971017,武汉市人民政府国有资产监督管理委员会,地方国有企业
000819.SZ,000819,岳阳兴长,湖南,石油加工,YYXC,主板,19970625,国务院国有资产监督管理委员会,中央企业
000820.SZ,000820,*ST节能,江西,综合类,*STJN,主板,19980630,无实际控制人,其他
000821.SZ,000821,ST京机,湖北,电气设备,STJJ,主板,19980626,李健,民营企业
000822.SZ,000822,山东海化,山东,化工原料,SDHH,主板,19980703,潍坊市国有资产监督管理委员会,地方国有企业
000823.SZ,000823,超声电子,广东,元器件,CSDZ,主板,19971008,汕头市人民政府国有资产监督管理委员会,地方国有企业
000825.SZ,000825,太钢不锈,山西,特种钢,TGBX,主板,19981021,国务院国有资产监督管理委员会,中央企业
000826.SZ,000826,启迪环境,湖北,环境保护,QDHJ,主板,19980225,无实际控制人,其他
000828.SZ,000828,东莞控股,广东,路桥,DGKG,主板,19970617,东莞市国有资产管理办公室,地方国有企业
000829.SZ,000829,天音控股,江西,其他商业,TYKG,主板,19971202,深圳市投资控股有限公司,地方国有企业
000830.SZ,000830,鲁西化工,山东,化工原料,LXHG,主板,19980807,国务院国有资产监督管理委员会,中央企业
000831.SZ,000831,中国稀土,江西,小金属,ZGXT,主板,19980911,国务院国有资产监督管理委员会,中央企业
000833.SZ,000833,粤桂股份,广西,综合类,YGGF,主板,19981111,广东省人民政府国有资产监督管理委员会,地方国有企业
000837.SZ,000837,秦川机床,陕西,机床制造,QCJC,主板,19980928,陕西省人民政府国有资产监督管理委员会,地方国有企业
000838.SZ,000838,财信发展,重庆,区域地产,CXFZ,主板,19970626,卢生举,民营企业
000839.SZ,000839,国安股份,北京,综合类,GAGF,主板,19971031,中国中信集团有限公司,中央企业
000848.SZ,000848,承德露露,河北,软饮料,CDLL,主板,19971113,鲁伟鼎,民营企业
000850.SZ,000850,华茂股份,安徽,纺织,HMGF,主板,19981007,安庆市财政局,地方国有企业
000852.SZ,000852,石化机械,湖北,化工机械,SHJX,主板,19981126,国务院国有资产监督管理委员会,中央企业
000856.SZ,000856,冀东装备,河北,专用机械,JDZB,主板,19980813,北京市人民政府国有资产监督管理委员会,地方国有企业
000858.SZ,000858,五粮液,四川,白酒,WLY,主板,19980427,宜宾市政府国有资产监督管理委员会,地方国有企业
000859.SZ,000859,国风新材,安徽,塑料,GFXC,主板,19981119,合肥市人民政府国有资产监督管理委员会,地方国有企业
000860.SZ,000860,顺鑫农业,北京,白酒,SXNY,主板,19981104,北京市顺义区人民政府国有资产监督管理委员会,地方国有企业
000862.SZ,000862,银星能源,宁夏,新型电力,YXNY,主板,19980915,国务院国有资产监督管理委员会,中央企业
000863.SZ,000863,三湘印象,上海,区域地产,SXYX,主板,19970925,黄辉,民营企业
000868.SZ,000868,安凯客车,安徽,汽车整车,AKKC,主板,19970725,安徽省人民政府国有资产监督管理委员会,地方国有企业
000869.SZ,000869,张裕Ａ,山东,红黄酒,ZYA,主板,20001026,张裕集团及本公司中层以上员工26人,其他
000875.SZ,000875,电投绿能,吉林,火力发电,DTLN,主板,20020926,国务院国有资产监督管理委员会,中央企业
000876.SZ,000876,新希望,四川,饲料,XXW,主板,19980311,刘永好,民营企业
000877.SZ,000877,天山股份,新疆,水泥,TSGF,主板,19990107,国务院国有资产监督管理委员会,中央企业
000878.SZ,000878,云南铜业,云南,铜,YNTY,主板,19980602,国务院国有资产监督管理委员会,中央企业
000880.SZ,000880,潍柴重机,山东,专用机械,WCZJ,主板,19980402,山东省人民政府国有资产监督管理委员会,地方国有企业
000881.SZ,000881,中广核技,辽宁,化工原料,ZGHJ,主板,19980902,中国广核集团有限公司,中央企业
000882.SZ,000882,华联股份,北京,其他商业,HLGF,主板,19980616,海南省文化交流促进会,其他
000883.SZ,000883,湖北能源,湖北,水力发电,HBNY,主板,19980519,中国长江三峡集团有限公司,中央企业
000885.SZ,000885,城发环境,河南,环境保护,CFHJ,主板,19990319,河南省财政厅,地方国有企业
000886.SZ,000886,海南高速,海南,区域地产,HNGS,主板,19980123,海南省国有资产监督管理委员会,地方国有企业
000887.SZ,000887,中鼎股份,安徽,汽车配件,ZDGF,主板,19981203,夏鼎湖,民营企业
000888.SZ,000888,峨眉山Ａ,四川,旅游景点,EMSA,主板,19971021,乐山市国有资产监督管理委员会,地方国有企业
000889.SZ,000889,中嘉博创,河北,通信设备,ZJBC,主板,19971218,吴鹰,民营企业
000890.SZ,000890,法尔胜,江苏,环境保护,FES,主板,19990119,周江,民营企业
000892.SZ,000892,欢瑞世纪,重庆,影视音像,HRSJ,主板,19990115,赵枳程,民营企业
000893.SZ,000893,亚钾国际,广东,农药化肥,YJGJ,主板,19981224,无实际控制人,其他
000895.SZ,000895,双汇发展,河南,食品,SHFZ,主板,19981210,兴泰集团有限公司,外资
001896.SZ,001896,豫能控股,河南,火力发电,YNKG,主板,19980122,河南省财政厅,地方国有企业
000897.SZ,000897,津滨发展,天津,区域地产,JBFZ,主板,19990422,天津市人民政府国有资产监督管理委员会,地方国有企业
000898.SZ,000898,鞍钢股份,辽宁,普钢,AGGF,主板,19971225,鞍钢集团有限公司,中央企业
000899.SZ,000899,赣能股份,江西,火力发电,GNGF,主板,19971126,江西省国有资产监督管理委员会,地方国有企业
000900.SZ,000900,现代投资,湖南,路桥,XDTZ,主板,19990128,湖南省人民政府国有资产监督管理委员会,地方国有企业
000901.SZ,000901,航天科技,黑龙江,汽车配件,HTKJ,主板,19990401,国务院国有资产监督管理委员会,中央企业
000902.SZ,000902,新洋丰,湖北,农药化肥,XYF,主板,19990408,杨才学,民营企业
000903.SZ,000903,ST云动,云南,汽车配件,STYD,主板,19990415,云南省昆明市人民政府国有资产监督管理委员会,地方国有企业
000905.SZ,000905,厦门港务,福建,港口,XMGW,主板,19990429,福建省人民政府国有资产监督管理委员会,地方国有企业
000906.SZ,000906,浙商中拓,浙江,仓储物流,ZSZT,主板,19990707,浙江省人民政府国有资产监督管理委员会,地方国有企业
000908.SZ,000908,ST景峰,湖南,化学制药,STJF,主板,19990203,蔡东晨,民营企业
000909.SZ,000909,*ST数源,浙江,区域地产,*STSY,主板,19990507,杭州市人民政府,地方国有企业
000910.SZ,000910,大亚圣象,江苏,家居用品,DYSX,主板,19990630,陈建军,民营企业
000911.SZ,000911,广农糖业,广西,食品,GNTY,主板,19990527,广西壮族自治区人民政府,地方国有企业
000912.SZ,000912,泸天化,四川,农药化肥,LTH,主板,19990603,泸州市国有资产监督管理委员会,地方国有企业
000913.SZ,000913,钱江摩托,浙江,摩托车,QJMT,主板,19990514,李书福,民营企业
000915.SZ,000915,华特达因,山东,化学制药,HTDY,主板,19990609,山东省人民政府国有资产监督管理委员会,地方国有企业
000917.SZ,000917,电广传媒,湖南,广告包装,DGCM,主板,19990325,湖南省人民政府国有资产监督管理委员会,地方国有企业
000919.SZ,000919,金陵药业,江苏,化学制药,JLYY,主板,19991118,南京市人民政府国有资产监督管理委员会,地方国有企业
000920.SZ,000920,沃顿科技,贵州,塑料,WDKJ,主板,19990616,国务院国有资产监督管理委员会,中央企业
000921.SZ,000921,海信家电,广东,家用电器,HXJD,主板,19990713,无实际控制人,其他
000922.SZ,000922,佳电股份,黑龙江,电气设备,JDGF,主板,19990618,国务院国有资产监督管理委员会,中央企业
000923.SZ,000923,河钢资源,河北,普钢,HGZY,主板,19990714,河北省人民政府国有资产监督管理委员会,地方国有企业
000925.SZ,000925,众合科技,浙江,运输设备,ZHKJ,主板,19990611,无实际控制人,其他
000926.SZ,000926,福星股份,湖北,区域地产,FXGF,主板,19990618,湖北省汉川市钢丝绳厂,集体企业
000927.SZ,000927,中国铁物,天津,仓储物流,ZGTW,主板,19990727,国务院国有资产监督管理委员会,中央企业
000928.SZ,000928,中钢国际,吉林,建筑工程,ZGGJ,主板,19990312,国务院国有资产监督管理委员会,中央企业
000929.SZ,000929,*ST兰黄,甘肃,啤酒,*STLH,主板,19990623,谭岳鑫,民营企业
000930.SZ,000930,中粮科技,安徽,农业综合,ZLKJ,主板,19990712,中粮集团有限公司,中央企业
000931.SZ,000931,中关村,北京,化学制药,ZGC,主板,19990712,黄光裕,外资
000932.SZ,000932,华菱钢铁,湖南,普钢,HLGT,主板,19990803,湖南省人民政府国有资产监督管理委员会,地方国有企业
000933.SZ,000933,神火股份,河南,铝,SHGF,主板,19990831,商丘市人民政府国有资产监督管理委员会,地方国有企业
000935.SZ,000935,四川双马,四川,水泥,SCSM,主板,19990824,林栋梁,民营企业
000936.SZ,000936,华西股份,江苏,化纤,HXGF,主板,19990810,江阴市人民政府国有资产监督管理办公室,地方国有企业
000937.SZ,000937,冀中能源,河北,煤炭开采,JZNY,主板,19990909,河北省人民政府国有资产监督管理委员会,地方国有企业
000938.SZ,000938,紫光股份,北京,IT设备,ZGGF,主板,19991104,无实际控制人,其他
000948.SZ,000948,南天信息,云南,软件服务,NTXX,主板,19991014,云南省人民政府国有资产监督管理委员会,地方国有企业
000949.SZ,000949,新乡化纤,河南,化纤,XXHX,主板,19991021,新乡市财政局,地方国有企业
000950.SZ,000950,重药控股,重庆,医药商业,CYKG,主板,19990916,国务院国有资产监督管理委员会,中央企业
000951.SZ,000951,中国重汽,山东,汽车整车,ZGZQ,主板,19991125,山东省人民政府国有资产监督管理委员会,地方国有企业
000952.SZ,000952,广济药业,湖北,化学制药,GJYY,主板,19991112,湖北省人民政府国有资产监督管理委员会,地方国有企业
000953.SZ,000953,河化股份,广西,化学制药,HHGF,主板,19991202,杨和荣,民营企业
000955.SZ,000955,欣龙控股,海南,纺织,XLKG,主板,19991209,王林江,民营企业
000957.SZ,000957,中通客车,山东,汽车整车,ZTKC,主板,20000113,山东省人民政府国有资产监督管理委员会,地方国有企业
000958.SZ,000958,电投产融,河北,新型电力,DTCR,主板,19991223,国务院国有资产监督管理委员会,中央企业
000959.SZ,000959,首钢股份,北京,普钢,SGGF,主板,19991216,北京市人民政府国有资产监督管理委员会,地方国有企业
000960.SZ,000960,锡业股份,云南,小金属,XYGF,主板,20000221,云南省人民政府国有资产监督管理委员会,地方国有企业
000962.SZ,000962,东方钽业,宁夏,小金属,DFTY,主板,20000120,国务院国有资产监督管理委员会,中央企业
000963.SZ,000963,华东医药,浙江,化学制药,HDYY,主板,20000127,胡凯军,民营企业
000965.SZ,000965,天保基建,天津,区域地产,TBJJ,主板,20000406,天津港保税区国有资产监督管理局,地方国有企业
000966.SZ,000966,长源电力,湖北,火力发电,CYDL,主板,20000316,国务院国有资产监督管理委员会,中央企业
000967.SZ,000967,盈峰环境,浙江,环境保护,YFHJ,主板,20000330,何剑锋,民营企业
000968.SZ,000968,蓝焰控股,山西,石油开采,LYKG,主板,20000622,山西省人民政府国有资产监督管理委员会,地方国有企业
000969.SZ,000969,安泰科技,北京,小金属,ATKJ,主板,20000529,国务院国有资产监督管理委员会,中央企业
000970.SZ,000970,中科三环,北京,矿物制品,ZKSH,主板,20000420,中国科学院,中央企业
000972.SZ,000972,*ST中基,新疆,食品,*STZJ,主板,20000926,新疆生产建设兵团第六师国有资产监督管理委员会,地方国有企业
000973.SZ,000973,佛塑科技,广东,塑料,FSKJ,主板,20000525,广东省人民政府,地方国有企业
000975.SZ,000975,山金国际,内蒙,黄金,SJGJ,主板,20000608,山东省人民政府国有资产监督管理委员会,地方国有企业
000977.SZ,000977,浪潮信息,山东,IT设备,LCXX,主板,20000608,山东省人民政府国有资产监督管理委员会,地方国有企业
000978.SZ,000978,桂林旅游,广西,旅游景点,GLLY,主板,20000518,广西壮族自治区桂林市人民政府,地方国有企业
000980.SZ,000980,众泰汽车,浙江,汽车配件,ZTQC,主板,20000616,无实际控制人,其他
000981.SZ,000981,山子高科,甘肃,汽车配件,SZGK,主板,20000622,叶骥,民营企业
000983.SZ,000983,山西焦煤,山西,煤炭开采,SXJM,主板,20000726,山西省人民政府国有资产监督管理委员会,地方国有企业
000985.SZ,000985,大庆华科,黑龙江,化工原料,DQHK,主板,20000726,国务院国有资产监督管理委员会,中央企业
000987.SZ,000987,越秀资本,广东,多元金融,YXZB,主板,20000718,广州市人民政府国有资产监督管理委员会,地方国有企业
000988.SZ,000988,华工科技,湖北,专用机械,HGKJ,主板,20000608,武汉市人民政府国有资产监督管理委员会,地方国有企业
000989.SZ,000989,九芝堂,湖南,中成药,JZT,主板,20000628,黑龙江省人民政府国有资产监督管理委员会,地方国有企业
000990.SZ,000990,诚志股份,江西,化工原料,CZGF,主板,20000706,青岛西海岸新区国有资产管理局,地方国有企业
000993.SZ,000993,闽东电力,福建,水力发电,MDDL,主板,20000731,宁德市人民政府国有资产监督管理委员会,地方国有企业
000995.SZ,000995,皇台酒业,甘肃,白酒,HTJY,主板,20000807,赵满堂,民营企业
000997.SZ,000997,新大陆,福建,IT设备,XDL,主板,20000807,胡钢,民营企业
000998.SZ,000998,隆平高科,湖南,种植业,LPGK,主板,20001211,中国中信集团有限公司,中央企业
000999.SZ,000999,华润三九,深圳,中成药,HRSJ,主板,20000309,国务院国有资产监督管理委员会,中央企业
002001.SZ,002001,新和成,浙江,化学制药,XHC,主板,20040625,胡柏藩,民营企业
002181.SZ,002181,粤传媒,广东,出版业,YCM,主板,20071116,广州市国有经营性文化资产监督管理办公室,地方国有企业
600000.SH,600000,浦发银行,上海,银行,PFYH,主板,19991110,无实际控制人,其他
600004.SH,600004,白云机场,广东,机场,BYJC,主板,20030428,广东省人民政府,地方国有企业
600006.SH,600006,东风股份,湖北,汽车整车,DFGF,主板,19990727,国务院国有资产监督管理委员会,中央企业
600007.SH,600007,中国国贸,北京,园区开发,ZGGM,主板,19990312,香格里拉(亚洲)有限公司,外资
600008.SH,600008,首创环保,北京,水务,SCHB,主板,20000427,北京市人民政府国有资产监督管理委员会,地方国有企业
600009.SH,600009,上海机场,上海,机场,SHJC,主板,19980218,上海市国有资产监督管理委员会,地方国有企业
600010.SH,600010,包钢股份,内蒙,普钢,BGGF,主板,20010309,内蒙古自治区人民政府,地方国有企业
600011.SH,600011,华能国际,北京,火力发电,HNGJ,主板,20011206,国务院国有资产监督管理委员会,中央企业
600012.SH,600012,皖通高速,安徽,路桥,WTGS,主板,20030107,安徽省人民政府国有资产监督管理委员会,地方国有企业
600015.SH,600015,华夏银行,北京,银行,HXYH,主板,20030912,无实际控制人,其他
600016.SH,600016,民生银行,北京,银行,MSYH,主板,20001219,无实际控制人,其他
600019.SH,600019,宝钢股份,上海,普钢,BGGF,主板,20001212,国务院国有资产监督管理委员会,中央企业
600020.SH,600020,中原高速,河南,路桥,ZYGS,主板,20030808,河南省人民政府,地方国有企业
600021.SH,600021,上海电力,上海,火力发电,SHDL,主板,20031029,国务院国有资产监督管理委员会,中央企业
600026.SH,600026,中远海能,上海,水运,ZYHN,主板,20020523,国务院国有资产监督管理委员会,中央企业
600028.SH,600028,中国石化,北京,石油加工,ZGSH,主板,20010808,国务院国有资产监督管理委员会,中央企业
600029.SH,600029,南方航空,广东,空运,NFHK,主板,20030725,国务院国有资产监督管理委员会,中央企业
600030.SH,600030,中信证券,深圳,证券,ZXZQ,主板,20030106,无实际控制人,其他
600031.SH,600031,三一重工,北京,工程机械,SYZG,主板,20030703,梁稳根,民营企业
600033.SH,600033,福建高速,福建,路桥,FJGS,主板,20010209,福建省人民政府国有资产监督管理委员会,地方国有企业
600035.SH,600035,楚天高速,湖北,路桥,CTGS,主板,20040310,湖北省人民政府国有资产监督管理委员会,地方国有企业
600036.SH,600036,招商银行,深圳,银行,ZSYH,主板,20020409,无实际控制人,其他
600037.SH,600037,歌华有线,北京,影视音像,GHYX,主板,20010208,国务院国有资产监督管理委员会,中央企业
600038.SH,600038,中直股份,黑龙江,航空,ZZGF,主板,20001218,中国航空工业集团有限公司,中央企业
600039.SH,600039,四川路桥,四川,建筑工程,SCLQ,主板,20030325,四川省政府国有资产监督管理委员会,地方国有企业
600050.SH,600050,中国联通,北京,电信运营,ZGLT,主板,20021009,国务院国有资产监督管理委员会,中央企业
600051.SH,600051,宁波联合,浙江,综合类,NBLH,主板,19970410,李水荣,民营企业
600052.SH,600052,东望时代,浙江,供气供热,DWSD,主板,19970415,东阳市人民政府国有资产监督管理办公室,地方国有企业
600053.SH,600053,九鼎投资,江西,多元金融,JDTZ,主板,19970418,吴刚,民营企业
600054.SH,600054,黄山旅游,安徽,旅游景点,HSLY,主板,19970506,安徽省黄山市人民政府国有资产监督管理委员会,地方国有企业
600055.SH,600055,万东医疗,北京,医疗保健,WDYL,主板,19970519,何享健,民营企业
600056.SH,600056,中国医药,北京,医药商业,ZGYY,主板,19970515,国务院国有资产监督管理委员会,中央企业
600057.SH,600057,厦门象屿,福建,仓储物流,XMXY,主板,19970604,厦门市人民政府国有资产监督管理委员会,地方国有企业
600058.SH,600058,五矿发展,北京,商贸代理,WKFZ,主板,19970528,国务院国有资产监督管理委员会,中央企业
600059.SH,600059,古越龙山,浙江,红黄酒,GYLS,主板,19970516,绍兴市人民政府国有资产监督管理委员会,地方国有企业
600060.SH,600060,海信视像,山东,家用电器,HXSX,主板,19970422,无实际控制人,其他
600061.SH,600061,国投资本,上海,证券,GTZB,主板,19970519,国务院国有资产监督管理委员会,中央企业
600062.SH,600062,华润双鹤,北京,化学制药,HRSH,主板,19970522,国务院国有资产监督管理委员会,中央企业
600063.SH,600063,皖维高新,安徽,化纤,WWGX,主板,19970528,安徽省人民政府国有资产监督管理委员会,地方国有企业
600064.SH,600064,南京高科,江苏,园区开发,NJGK,主板,19970506,南京市人民政府国有资产监督管理委员会,地方国有企业
600066.SH,600066,宇通客车,河南,汽车整车,YTKC,主板,19970508,汤玉祥,民营企业
600067.SH,600067,冠城新材,福建,电气设备,GCXC,主板,19970508,韩国龙,外资
600071.SH,600071,凤凰光学,江西,元器件,FHGX,主板,19970528,国务院国有资产监督管理委员会,中央企业
600072.SH,600072,中船科技,上海,电气设备,ZCKJ,主板,19970603,国务院国有资产监督管理委员会,中央企业
600073.SH,600073,光明肉业,上海,食品,GMRY,主板,19970704,光明食品(集团)有限公司,地方国有企业
600075.SH,600075,新疆天业,新疆,化工原料,XJTY,主板,19970617,新疆生产建设兵团第八师国有资产监督管理委员会(石河子市国有资产监督管理委员会),地方国有企业
600076.SH,600076,康欣新材,山东,广告包装,KXXC,主板,19970526,无锡市人民政府国有资产监督管理委员会,地方国有企业
600078.SH,600078,澄星股份,江苏,化工原料,CXGF,主板,19970627,李星星,民营企业
600079.SH,600079,ST人福,湖北,化学制药,STRF,主板,19970606,招商局集团有限公司,中央企业
600080.SH,600080,金花股份,陕西,中成药,JHGF,主板,19970612,邢博越,民营企业
600081.SH,600081,东风科技,上海,汽车配件,DFKJ,主板,19970703,国务院国有资产监督管理委员会,中央企业
600082.SH,600082,ST海泰,天津,园区开发,STHT,主板,19970620,天津市人民政府,地方国有企业
600084.SH,600084,中信尼雅,新疆,红黄酒,ZXNY,主板,19970711,中国中信集团有限公司,中央企业
600085.SH,600085,同仁堂,北京,中成药,TRT,主板,19970625,北京市人民政府国有资产监督管理委员会,地方国有企业
600088.SH,600088,中视传媒,上海,影视音像,ZSCM,主板,19970616,中央广播电视总台,中央企业
600089.SH,600089,特变电工,新疆,电气设备,TBDG,主板,19970618,张新,民营企业
600094.SH,600094,大名城,上海,区域地产,DMC,主板,19970703,俞培俤,外资
600095.SH,600095,湘财股份,黑龙江,证券,XCGF,主板,19970708,黄伟,民营企业
600096.SH,600096,云天化,云南,农药化肥,YTH,主板,19970709,云南省人民政府国有资产监督管理委员会,地方国有企业
600097.SH,600097,开创国际,上海,渔业,KCGJ,主板,19970619,上海市国有资产监督管理委员会,地方国有企业
600098.SH,600098,广州发展,广东,火力发电,GZFZ,主板,19970718,广州市人民政府国有资产监督管理委员会,地方国有企业
600099.SH,600099,林海股份,江苏,汽车整车,LHGF,主板,19970704,国务院国有资产监督管理委员会,中央企业
600100.SH,600100,同方股份,北京,IT设备,TFGF,主板,19970627,国务院国有资产监督管理委员会,中央企业
600101.SH,600101,明星电力,四川,水力发电,MXDL,主板,19970627,国务院国有资产监督管理委员会,中央企业
600103.SH,600103,青山纸业,福建,造纸,QSZY,主板,19970703,福建省人民政府国有资产监督管理委员会,地方国有企业
600104.SH,600104,上汽集团,上海,汽车整车,SQJT,主板,19971125,上海市国有资产监督管理委员会,地方国有企业
600105.SH,600105,永鼎股份,江苏,通信设备,YDGF,主板,19970929,莫林弟,民营企业
600106.SH,600106,重庆路桥,重庆,路桥,CQLQ,主板,19970618,无实际控制人,其他
600107.SH,600107,ST尔雅,湖北,服饰,STEY,主板,19971106,郑继平,民营企业
600108.SH,600108,亚盛集团,甘肃,种植业,YSJT,主板,19970818,甘肃省人民政府国有资产监督管理委员会,地方国有企业
600109.SH,600109,国金证券,四川,证券,GJZQ,主板,19970807,陈金霞,民营企业
600110.SH,600110,诺德股份,吉林,电气设备,NDGF,主板,19971007,陈立志,民营企业
600111.SH,600111,北方稀土,内蒙,小金属,BFXT,主板,19970924,内蒙古自治区人民政府,地方国有企业
600113.SH,600113,XD浙江东,浙江,区域地产,ZJDR,主板,19971021,浙江省温州市人民政府国有资产监督管理委员会,地方国有企业
600114.SH,600114,东睦股份,浙江,机械基件,DMGF,主板,20040511,无实际控制人,其他
600115.SH,600115,中国东航,上海,空运,ZGDH,主板,19971105,国务院国有资产监督管理委员会,中央企业
600116.SH,600116,三峡水利,重庆,水力发电,SXSL,主板,19970804,国务院国有资产监督管理委员会,中央企业
600117.SH,600117,西宁特钢,青海,特种钢,XNTG,主板,19971015,张志祥,民营企业
600118.SH,600118,中国卫星,北京,航空,ZGWX,主板,19970908,国务院国有资产监督管理委员会,中央企业
600119.SH,600119,长江投资,上海,仓储物流,CJTZ,主板,19980115,上海市国有资产监督管理委员会,地方国有企业
600120.SH,600120,浙江东方,浙江,多元金融,ZJDF,主板,19971201,浙江省人民政府国有资产监督管理委员会,地方国有企业
600121.SH,600121,郑州煤电,河南,煤炭开采,ZZMD,主板,19980107,郑州市人民政府国有资产监督管理委员会,地方国有企业
600123.SH,600123,兰花科创,山西,煤炭开采,LHKC,主板,19981217,山西省晋城市人民政府国有资产监督管理委员会,地方国有企业
600125.SH,600125,铁龙物流,辽宁,铁路,TLWL,主板,19980511,中国国家铁路集团有限公司,中央企业
600126.SH,600126,杭钢股份,浙江,普钢,HGGF,主板,19980311,浙江省人民政府国有资产监督管理委员会,地方国有企业
600127.SH,600127,金健米业,湖南,农业综合,JJMY,主板,19980506,湖南省人民政府国有资产监督管理委员会,地方国有企业
600128.SH,600128,苏豪弘业,江苏,商贸代理,SHHY,主板,19970901,江苏省政府国有资产监督管理委员会,地方国有企业
600129.SH,600129,太极集团,重庆,中成药,TJJT,主板,19971118,国务院国有资产监督管理委员会,中央企业
600130.SH,600130,*ST波导,浙江,元器件,*STBD,主板,20000706,徐立华,民营企业
600131.SH,600131,国网信通,四川,通信设备,GWXT,主板,19980402,国务院国有资产监督管理委员会,中央企业
600132.SH,600132,重庆啤酒,重庆,啤酒,CQPJ,主板,19971030,嘉士伯基金会,外资
600133.SH,600133,东湖高新,湖北,环境保护,DHGX,主板,19980212,湖北省人民政府国有资产监督管理委员会,地方国有企业
600135.SH,600135,乐凯胶片,河北,塑料,LKJP,主板,19980122,中国航天科技集团有限公司,中央企业
600136.SH,600136,ST明诚,湖北,房产服务,STMC,主板,19980303,湖北省人民政府国有资产监督管理委员会,地方国有企业
600137.SH,600137,浪莎股份,四川,服饰,LSGF,主板,19980416,翁荣金,民营企业
600138.SH,600138,中青旅,北京,旅游景点,ZQL,主板,19971203,国务院国有资产监督管理委员会,中央企业
600141.SH,600141,兴发集团,湖北,农药化肥,XFJT,主板,19990616,兴山县国资局,地方国有企业
600148.SH,600148,长春一东,吉林,汽车配件,CCYD,主板,19980520,国务院国有资产监督管理委员会,中央企业
600149.SH,600149,廊坊发展,河北,综合类,LFFZ,主板,19991014,廊坊市人民政府国有资产监督管理委员会,地方国有企业
600150.SH,600150,中国船舶,上海,船舶,ZGCB,主板,19980520,国务院国有资产监督管理委员会,中央企业
600151.SH,600151,航天机电,上海,汽车配件,HTJD,主板,19980605,国务院国有资产监督管理委员会,中央企业
600152.SH,600152,维科技术,浙江,电气设备,WKJS,主板,19980609,何承命,民营企业
600153.SH,600153,建发股份,福建,仓储物流,JFGF,主板,19980616,厦门市人民政府国有资产监督管理委员会,地方国有企业
600155.SH,600155,华创云信,北京,证券,HCYX,主板,19980918,无实际控制人,其他
600156.SH,600156,华升股份,湖南,纺织,HSGF,主板,19980527,湖南省人民政府国有资产监督管理委员会,地方国有企业
600157.SH,600157,永泰能源,山西,火力发电,YTNY,主板,19980513,王广西,民营企业
600158.SH,600158,中体产业,天津,文教休闲,ZTCY,主板,19980327,国家体育总局,中央企业
600159.SH,600159,大龙地产,北京,区域地产,DLDC,主板,19980526,北京市顺义区人民政府国有资产监督管理委员会,地方国有企业
600160.SH,600160,巨化股份,浙江,化工原料,JHGF,主板,19980626,浙江省人民政府国有资产监督管理委员会,地方国有企业
600161.SH,600161,天坛生物,北京,生物制药,TTSW,主板,19980616,中国医药集团有限公司,中央企业
600162.SH,600162,香江控股,深圳,全国地产,XJKG,主板,19980609,翟美卿,外资
600163.SH,600163,中闽能源,福建,新型电力,ZMNY,主板,19980602,福建省人民政府国有资产监督管理委员会,地方国有企业
600165.SH,600165,ST宁科,宁夏,化工原料,STNK,主板,19980529,刘喜荣,民营企业
600166.SH,600166,福田汽车,北京,汽车整车,FTQC,主板,19980602,北京市人民政府国有资产监督管理委员会,地方国有企业
600167.SH,600167,联美控股,辽宁,供气供热,LMKG,主板,19990128,苏壮强,外资
600168.SH,600168,武汉控股,湖北,水务,WHKG,主板,19980427,武汉市人民政府国有资产监督管理委员会,地方国有企业
600169.SH,600169,ST太重,山西,工程机械,STTZ,主板,19980904,山西省人民政府国有资产监督管理委员会,地方国有企业
600170.SH,600170,上海建工,上海,建筑工程,SHJG,主板,19980623,上海市国有资产监督管理委员会,地方国有企业
600171.SH,600171,上海贝岭,上海,半导体,SHBL,主板,19980924,中国电子信息产业集团有限公司,中央企业
600172.SH,600172,黄河旋风,河南,矿物制品,HHXF,主板,19981126,许昌市财政局,地方国有企业
600173.SH,600173,卧龙新能,浙江,全国地产,WLXN,主板,19990415,陈建成,民营企业
600176.SH,600176,中国巨石,浙江,玻璃,ZGJS,主板,19990422,国务院国有资产监督管理委员会,中央企业
600177.SH,600177,雅戈尔,浙江,服饰,YGE,主板,19981119,李如成,民营企业
600178.SH,600178,东安动力,黑龙江,汽车配件,DADL,主板,19981014,国务院国有资产监督管理委员会,中央企业
600179.SH,600179,安通控股,福建,水运,ATKG,主板,19981104,无实际控制人,其他
600180.SH,600180,瑞茂通,山东,仓储物流,RMT,主板,19980703,万永兴,民营企业
600182.SH,600182,S佳通,黑龙江,汽车配件,SJT,主板,19990507,林美凤,外资
600183.SH,600183,生益科技,广东,元器件,SYKJ,主板,19981028,无实际控制人,其他
600184.SH,600184,光电股份,湖北,专用机械,GDGF,主板,20031106,国务院国有资产监督管理委员会,中央企业
600185.SH,600185,珠免集团,广东,旅游服务,ZMJT,主板,19990611,珠海市人民政府国有资产监督管理委员会,地方国有企业
600186.SH,600186,莲花控股,河南,食品,LHKG,主板,19980825,李厚文,民营企业
600187.SH,600187,国中水务,黑龙江,水务,GZSW,主板,19981111,姜照柏,民营企业
600188.SH,600188,兖矿能源,山东,煤炭开采,YKNY,主板,19980701,山东省人民政府国有资产监督管理委员会,地方国有企业
600189.SH,600189,泉阳泉,吉林,软饮料,QYQ,主板,19981007,吉林省人民政府国有资产监督管理委员会,地方国有企业
600191.SH,600191,华资实业,内蒙,食品,HZSY,主板,19981210,宋民松,民营企业
600192.SH,600192,长城电工,甘肃,电气设备,CCDG,主板,19981224,甘肃省人民政府国有资产监督管理委员会,地方国有企业
600193.SH,600193,*ST创兴,上海,装修装饰,*STCX,主板,19990527,王相荣,民营企业
600195.SH,600195,中牧股份,北京,农业综合,ZMGF,主板,19990107,国务院国有资产监督管理委员会,中央企业
600196.SH,600196,复星医药,上海,化学制药,FXYY,主板,19980807,郭广昌,民营企业
600197.SH,600197,伊力特,新疆,白酒,YLT,主板,19990916,新疆生产建设兵团农四师,地方国有企业
600198.SH,600198,大唐电信,北京,通信设备,DTDX,主板,19981021,国务院国有资产监督管理委员会,中央企业
600199.SH,600199,金种子酒,安徽,白酒,JZZJ,主板,19980812,阜阳市人民政府国有资产监督管理委员会,地方国有企业
600201.SH,600201,生物股份,内蒙,农业综合,SWGF,主板,19990115,无实际控制人,其他
600202.SH,600202,哈空调,黑龙江,专用机械,HKT,主板,19990603,哈尔滨市人民政府国有资产监督管理委员会,地方国有企业
600203.SH,600203,福日电子,福建,元器件,FRDZ,主板,19990514,福建省人民政府国有资产监督管理委员会,地方国有企业
600206.SH,600206,有研新材,北京,半导体,YYXC,主板,19990319,国务院国有资产监督管理委员会,中央企业
600207.SH,600207,安彩高科,河南,电气设备,ACGK,主板,19990714,河南省财政厅,地方国有企业
600208.SH,600208,衢州发展,浙江,全国地产,QZFZ,主板,19990623,衢州工业控股集团有限公司,地方国有企业
600210.SH,600210,紫江企业,上海,广告包装,ZJQY,主板,19990824,沈雯,民营企业
600211.SH,600211,西藏药业,西藏,生物制药,XZYY,主板,19990721,林刚,外资
600212.SH,600212,绿能慧充,山东,电气设备,LNHC,主板,19990817,徐益明,外资
600215.SH,600215,派斯林,吉林,专用机械,PSL,主板,19990909,陈爱莲,民营企业
600216.SH,600216,浙江医药,浙江,化学制药,ZJYY,主板,19991021,李男行,民营企业
600217.SH,600217,中再资环,陕西,环境保护,ZZZH,主板,19991216,中国供销集团有限公司,中央企业
600218.SH,600218,全柴动力,安徽,汽车配件,QCDL,主板,19981203,全椒县人民政府,地方国有企业
600219.SH,600219,南山铝业,山东,铝,NSLY,主板,19991223,龙口市东江街道南山村村民委员会,民营企业
600221.SH,600221,海航控股,海南,空运,HHKG,主板,19991125,方威,民营企业
600222.SH,600222,太龙药业,河南,中成药,TLYY,主板,19991105,郑州高新技术产业开发区管理委员会,地方国有企业
600223.SH,600223,福瑞达,山东,日用化工,FRD,主板,20000113,山东省人民政府国有资产监督管理委员会,地方国有企业
600226.SH,600226,亨通股份,浙江,供气供热,HTGF,主板,19991116,崔根良,民营企业
600227.SH,600227,赤天化,贵州,农药化肥,CTH,主板,20000221,丁林洪,外资
600228.SH,600228,*ST返利,江西,互联网,*STFL,主板,19990119,葛永昌,民营企业
600229.SH,600229,城市传媒,山东,出版业,CSCM,主板,20000309,青岛市财政局,地方国有企业
600230.SH,600230,沧州大化,河北,化工原料,CZDH,主板,20000406,国务院国有资产监督管理委员会,中央企业
600231.SH,600231,凌钢股份,辽宁,普钢,LGGF,主板,20000511,鞍钢集团有限公司,中央企业
600232.SH,600232,金鹰股份,浙江,纺织机械,JYGF,主板,20000602,傅国定,民营企业
600233.SH,600233,圆通速递,辽宁,仓储物流,YTSD,主板,20000608,喻会蛟,民营企业
600234.SH,600234,科新发展,山西,装修装饰,KXFZ,主板,20000615,连宗盛,民营企业
600235.SH,600235,民丰特纸,浙江,造纸,MFTZ,主板,20000615,嘉兴市人民政府国有资产监督管理委员会,地方国有企业
600236.SH,600236,桂冠电力,广西,水力发电,GGDL,主板,20000323,国务院国有资产监督管理委员会,中央企业
600237.SH,600237,铜峰电子,安徽,元器件,TFDZ,主板,20000609,铜陵市人民政府国有资产监督管理委员会,地方国有企业
600238.SH,600238,*ST椰岛,海南,红黄酒,*STYD,主板,20000120,海口市国有资产监督管理委员会,地方国有企业
600239.SH,600239,云南城投,云南,区域地产,YNCT,主板,19991202,云南省人民政府国有资产监督管理委员会,地方国有企业
600241.SH,600241,时代万恒,辽宁,电气设备,SDWH,主板,20001128,辽宁省人民政府国有资产监督管理委员会,地方国有企业
600243.SH,600243,*ST海华,青海,运输设备,*STHH,主板,20001120,占舜迪,民营企业
600246.SH,600246,万通发展,北京,区域地产,WTFZ,主板,20000922,王忆会,民营企业
600248.SH,600248,陕建股份,陕西,建筑工程,SJGF,主板,20000622,陕西省人民政府国有资产监督管理委员会,地方国有企业
600249.SH,600249,两面针,广西,日用化工,LMZ,主板,20040130,柳州市人民政府国有资产监督管理委员会,地方国有企业
600250.SH,600250,南京商旅,江苏,商贸代理,NJSL,主板,20010306,南京市人民政府国有资产监督管理委员会,地方国有企业
600251.SH,600251,冠农股份,新疆,农业综合,GNGF,主板,20030609,新疆生产建设兵团农业建设第二师,地方国有企业
600252.SH,600252,中恒集团,广西,中成药,ZHJT,主板,20001130,广西壮族自治区人民政府国有资产监督管理委员会,地方国有企业
600255.SH,600255,鑫科材料,安徽,小金属,XKCL,主板,20001122,三台县财政局,地方国有企业
600256.SH,600256,广汇能源,新疆,石油开采,GHNY,主板,20000526,孙广信,民营企业
600257.SH,600257,大湖股份,湖南,渔业,DHGF,主板,20000612,罗祖亮,民营企业
600258.SH,600258,首旅酒店,北京,酒店餐饮,SLJD,主板,20000601,北京市人民政府国有资产监督管理委员会,地方国有企业
600259.SH,600259,中稀有色,海南,小金属,ZXYS,主板,20000525,中国稀土集团有限公司,中央企业
600261.SH,600261,阳光照明,浙江,家用电器,YGZM,主板,20000720,陈森洁,民营企业
600262.SH,600262,北方股份,内蒙,专用机械,BFGF,主板,20000630,国务院国有资产监督管理委员会,中央企业
600265.SH,600265,ST景谷,云南,林业,STJG,主板,20000825,郑家纯,外资
600266.SH,600266,城建发展,北京,区域地产,CJFZ,主板,19990203,北京市人民政府国有资产监督管理委员会,地方国有企业
600267.SH,600267,海正药业,浙江,化学制药,HZYY,主板,20000725,台州市椒江区人民政府,地方国有企业
600268.SH,600268,国电南自,江苏,电气设备,GDNZ,主板,19991118,国务院国有资产监督管理委员会,中央企业
600269.SH,600269,赣粤高速,江西,路桥,GYGS,主板,20000518,江西省国有资产监督管理委员会,地方国有企业
600271.SH,600271,航天信息,北京,软件服务,HTXX,主板,20030711,国务院国有资产监督管理委员会,中央企业
600272.SH,600272,开开实业,上海,医药商业,KKSY,主板,20010228,上海市静安区国有资产监督管理委员会(上海市静安区集体资产监督管理委员会),地方国有企业
600273.SH,600273,嘉化能源,浙江,化工原料,JHNY,主板,20030627,管建忠,民营企业
600276.SH,600276,恒瑞医药,江苏,化学制药,HRYY,主板,20001018,孙飘扬,民营企业
600278.SH,600278,东方创业,上海,商贸代理,DFCY,主板,20000712,上海市国有资产监督管理委员会,地方国有企业
600279.SH,600279,重庆港,重庆,港口,CQG,主板,20000731,重庆市国有资产监督管理委员会,地方国有企业
600280.SH,600280,中央商场,江苏,百货,ZYSC,主板,20000926,祝义财,民营企业
600281.SH,600281,华阳新材,山西,小金属,HYXC,主板,20001109,山西省人民政府国有资产监督管理委员会,地方国有企业
600282.SH,600282,南钢股份,江苏,普钢,NGGF,主板,20000919,中国中信集团有限公司,中央企业
600283.SH,600283,钱江水利,浙江,水务,QJSL,主板,20001018,无实际控制人,其他
600284.SH,600284,浦东建设,上海,建筑工程,PDJS,主板,20040316,上海市浦东新区国有资产监督管理委员会,地方国有企业
600285.SH,600285,羚锐制药,河南,中成药,LRZY,主板,20001018,熊伟,民营企业
600287.SH,600287,苏豪时尚,江苏,商贸代理,SHSS,主板,20000901,江苏省政府国有资产监督管理委员会,地方国有企业
600288.SH,600288,大恒科技,北京,元器件,DHKJ,主板,20001129,无实际控制人,其他
600289.SH,600289,ST信通,黑龙江,软件服务,STXT,主板,20000720,王文锋,民营企业
600292.SH,600292,电投水电,重庆,水力发电,DTSD,主板,20001101,国务院国有资产监督管理委员会,中央企业
600293.SH,600293,三峡新材,湖北,玻璃,SXXC,主板,20000919,宜昌市人民政府国有资产监督管理委员会,地方国有企业
600295.SH,600295,鄂尔多斯,内蒙,特种钢,EEDS,主板,20010426,王林祥,民营企业
600298.SH,600298,安琪酵母,湖北,食品,AQJM,主板,20000818,宜昌市人民政府国有资产监督管理委员会,地方国有企业
600299.SH,600299,安迪苏,北京,饲料,ADS,主板,20000420,国务院国有资产监督管理委员会,中央企业
600300.SH,600300,维维股份,江苏,软饮料,WWGF,主板,20000630,徐州市人民政府国有资产监督管理委员会,地方国有企业
600301.SH,600301,华锡有色,广西,小金属,HXYS,主板,20000712,广西壮族自治区人民政府国有资产监督管理委员会,地方国有企业
600302.SH,600302,标准股份,陕西,纺织机械,BZGF,主板,20001213,陕西省西安市人民政府国有资产监督管理委员会,地方国有企业
600303.SH,600303,曙光股份,辽宁,汽车整车,SGGF,主板,20001226,梁梓,民营企业
600305.SH,600305,恒顺醋业,江苏,食品,HSCY,主板,20010206,江苏省镇江市人民政府国有资产监督管理委员会,地方国有企业
600307.SH,600307,酒钢宏兴,甘肃,普钢,JGHX,主板,20001220,甘肃省人民政府国有资产监督管理委员会,地方国有企业
600308.SH,600308,华泰股份,山东,造纸,HTGF,主板,20000928,李建华,民营企业
600309.SH,600309,万华化学,山东,化工原料,WHHX,主板,20010105,烟台市人民政府国有资产监督管理委员会,地方国有企业
600310.SH,600310,广西能源,广西,水力发电,GXNY,主板,20010228,广西壮族自治区人民政府国有资产监督管理委员会,地方国有企业
600312.SH,600312,平高电气,河南,电气设备,PGDQ,主板,20010221,国务院国有资产监督管理委员会,中央企业
600313.SH,600313,农发种业,北京,种植业,NFZY,主板,20010119,国务院国有资产监督管理委员会,中央企业
600315.SH,600315,上海家化,上海,日用化工,SHJH,主板,20010315,无实际控制人,其他
600316.SH,600316,洪都航空,江西,航空,HDHK,主板,20001215,国务院国有资产监督管理委员会,中央企业
600318.SH,600318,新力金融,安徽,多元金融,XLJR,主板,20001208,安徽省供销合作社联合社,集体企业
600319.SH,600319,亚星化学,山东,化工原料,YXHX,主板,20010326,潍坊市国有资产监督管理委员会,地方国有企业
600320.SH,600320,振华重工,上海,专用机械,ZHZG,主板,20001221,国务院国有资产监督管理委员会,中央企业
600322.SH,600322,津投城开,天津,区域地产,JTCK,主板,20010910,天津市人民政府国有资产监督管理委员会,地方国有企业
600323.SH,600323,瀚蓝环境,广东,环境保护,HLHJ,主板,20001225,佛山市南海区国有资产监督管理局,地方国有企业
600325.SH,600325,华发股份,广东,区域地产,HFGF,主板,20040225,珠海市人民政府国有资产监督管理委员会,地方国有企业
600326.SH,600326,西藏天路,西藏,水泥,XZTL,主板,20010116,西藏自治区人民政府国有资产监督管理委员会,地方国有企业
600327.SH,600327,大东方,江苏,医疗保健,DDF,主板,20020625,王均金,民营企业
600328.SH,600328,中盐化工,内蒙,化工原料,ZYHG,主板,20001222,国务院国有资产监督管理委员会,中央企业
600329.SH,600329,达仁堂,天津,中成药,DRT,主板,20010606,无实际控制人,其他
600330.SH,600330,天通股份,浙江,专用机械,TTGF,主板,20010118,潘建清,民营企业
600331.SH,600331,宏达股份,四川,农药化肥,HDGF,主板,20011220,四川省政府国有资产监督管理委员会,地方国有企业
600332.SH,600332,白云山,广东,中成药,BYS,主板,20010206,广州市人民政府,地方国有企业
600333.SH,600333,长春燃气,吉林,供气供热,CCRQ,主板,20001211,长春市人民政府国有资产监督管理委员会,地方国有企业
600335.SH,600335,国机汽车,天津,汽车服务,GJQC,主板,20010305,国务院国有资产监督管理委员会,中央企业
600336.SH,600336,澳柯玛,山东,家用电器,AKM,主板,20001229,青岛市人民政府国有资产监督管理委员会,地方国有企业
600337.SH,600337,美克家居,江西,家居用品,MKJJ,主板,20001127,冯东明,民营企业
600338.SH,600338,西藏珠峰,西藏,铅锌,XZZF,主板,20001227,黄瑛,民营企业
600339.SH,600339,中油工程,新疆,石油开采,ZYGC,主板,20001225,中国石油天然气集团有限公司,中央企业
600340.SH,600340,华夏幸福,河北,园区开发,HXXF,主板,20031230,王文学,民营企业
600343.SH,600343,航天动力,陕西,机械基件,HTDL,主板,20030408,国务院国有资产监督管理委员会,中央企业
600345.SH,600345,长江通信,湖北,通信设备,CJTX,主板,20001222,国务院国有资产监督管理委员会,中央企业
600346.SH,600346,恒力石化,辽宁,石油加工,HLSH,主板,20010820,范红卫,民营企业
600348.SH,600348,华阳股份,山西,煤炭开采,HYGF,主板,20030821,山西省人民政府国有资产监督管理委员会,地方国有企业
600350.SH,600350,山东高速,山东,路桥,SDGS,主板,20020318,山东省人民政府国有资产监督管理委员会,地方国有企业
600351.SH,600351,亚宝药业,山西,中成药,YBYY,主板,20020926,任武贤,民营企业
600352.SH,600352,浙江龙盛,浙江,染料涂料,ZJLS,主板,20030801,阮伟祥,民营企业
600353.SH,600353,旭光电子,四川,元器件,XGDZ,主板,20021120,张建和,民营企业
600354.SH,600354,敦煌种业,甘肃,种植业,DHZY,主板,20040115,甘肃省人民政府国有资产监督管理委员会,地方国有企业
600355.SH,600355,*ST精伦,湖北,专用机械,*STJL,主板,20020613,张学阳,民营企业
600356.SH,600356,恒丰纸业,黑龙江,造纸,HFZY,主板,20010419,黑龙江省人民政府国有资产监督管理委员会,地方国有企业
600358.SH,600358,ST联合,江西,广告包装,STLH,主板,20000922,江西省国有资产监督管理委员会,地方国有企业
600359.SH,600359,新农开发,新疆,种植业,XNKF,主板,19990429,新疆生产建设兵团第一师国有资产监督管理委员会,地方国有企业
600360.SH,600360,*ST华微,吉林,半导体,*STHW,主板,20010316,吉林省人民政府国有资产监督管理委员会,地方国有企业
600361.SH,600361,创新新材,北京,铝,CXXC,主板,20011129,崔立新,民营企业
600362.SH,600362,江西铜业,江西,铜,JXTY,主板,20020111,江西省国有资产监督管理委员会,地方国有企业
600363.SH,600363,联创光电,江西,元器件,LCGD,主板,20010329,伍锐,民营企业
600365.SH,600365,ST通葡,吉林,互联网,STTP,主板,20010115,吴玉华,民营企业
600366.SH,600366,宁波韵升,浙江,矿物制品,NBYS,主板,20001030,竺韵德,民营企业
600367.SH,600367,红星发展,贵州,化工原料,HXFZ,主板,20010320,青岛市人民政府国有资产监督管理委员会,地方国有企业
600368.SH,600368,五洲交通,广西,路桥,WZJT,主板,20001221,广西壮族自治区人民政府国有资产监督管理委员会,地方国有企业
600369.SH,600369,西南证券,重庆,证券,XNZQ,主板,20010109,重庆市国有资产监督管理委员会,地方国有企业
600370.SH,600370,三房巷,江苏,化工原料,SFX,主板,20030306,卞平刚,民营企业
600371.SH,600371,万向德农,黑龙江,种植业,WXDN,主板,20020916,鲁伟鼎,民营企业
600372.SH,600372,中航机载,北京,航空,ZHJZ,主板,20010706,国务院国有资产监督管理委员会,中央企业
600373.SH,600373,中文传媒,江西,出版业,ZWCM,主板,20020304,江西省人民政府,地方国有企业
600375.SH,600375,汉马科技,安徽,汽车整车,HMKJ,主板,20030401,李书福,民营企业
600376.SH,600376,首开股份,北京,区域地产,SKGF,主板,20010312,北京市人民政府国有资产监督管理委员会,地方国有企业
600377.SH,600377,宁沪高速,江苏,路桥,NHGS,主板,20010116,江苏省政府国有资产监督管理委员会,地方国有企业
600378.SH,600378,昊华科技,四川,化工原料,HHKJ,主板,20010111,国务院国有资产监督管理委员会,中央企业
600379.SH,600379,宝光股份,陕西,电气设备,BGGF,主板,20020116,国务院国有资产监督管理委员会,中央企业
600380.SH,600380,健康元,深圳,化学制药,JKY,主板,20010608,朱保国,民营企业
600381.SH,600381,*ST春天,青海,医疗保健,*STCT,主板,20010508,肖融,民营企业
600382.SH,600382,广东明珠,广东,普钢,GDMZ,主板,20010118,张坚力,民营企业
600383.SH,600383,金地集团,深圳,全国地产,JDJT,主板,20010412,无实际控制人,其他
600386.SH,600386,北巴传媒,北京,汽车服务,BBCM,主板,20010216,北京市人民政府国有资产监督管理委员会,地方国有企业
600388.SH,600388,龙净环保,福建,环境保护,LJHB,主板,20001229,上杭县财政局,地方国有企业
600389.SH,600389,江山股份,江苏,农药化肥,JSGF,主板,20010110,无实际控制人,其他
600390.SH,600390,五矿资本,湖南,多元金融,WKZB,主板,20010115,国务院国有资产监督管理委员会,中央企业
600391.SH,600391,航发科技,四川,航空,HFKJ,主板,20011212,国务院国有资产监督管理委员会,中央企业
600392.SH,600392,盛和资源,四川,小金属,SHZY,主板,20030529,中华人民共和国财政部,中央企业
600395.SH,600395,盘江股份,贵州,煤炭开采,PJGF,主板,20010531,贵州省人民政府国有资产监督管理委员会,地方国有企业
600396.SH,600396,华电辽能,辽宁,火力发电,HDLN,主板,20010328,国务院国有资产监督管理委员会,中央企业
600397.SH,600397,江钨装备,江西,专用机械,JWZB,主板,20020702,江西省国有资产监督管理委员会,地方国有企业
600398.SH,600398,海澜之家,江苏,服饰,HLZJ,主板,20001228,周建平,民营企业
600399.SH,600399,抚顺特钢,辽宁,特种钢,FSTG,主板,20001229,沈彬,民营企业
600400.SH,600400,红豆股份,江苏,服饰,HDGF,主板,20010108,周海江,民营企业
600403.SH,600403,大有能源,河南,煤炭开采,DYNY,主板,20031009,河南省人民政府国有资产监督管理委员会,地方国有企业
600405.SH,600405,动力源,北京,电气设备,DLY,主板,20040401,何振亚,民营企业
600406.SH,600406,国电南瑞,江苏,电气设备,GDNR,主板,20031016,国务院国有资产监督管理委员会,中央企业
600408.SH,600408,安泰集团,山西,焦炭加工,ATJT,主板,20030212,李安民,民营企业
600409.SH,600409,三友化工,河北,化纤,SYHG,主板,20030618,唐山市人民政府国有资产监督管理委员会,地方国有企业
600410.SH,600410,华胜天成,北京,软件服务,HSTC,主板,20040427,无实际控制人,其他
600415.SH,600415,小商品城,浙江,商品城,XSPC,主板,20020509,义乌市人民政府国有资产监督管理办公室,地方国有企业
600416.SH,600416,湘电股份,湖南,电气设备,XDGF,主板,20020718,湖南省人民政府国有资产监督管理委员会,地方国有企业
600418.SH,600418,江淮汽车,安徽,汽车整车,JHQC,主板,20010824,安徽省人民政府国有资产监督管理委员会,地方国有企业
600419.SH,600419,天润乳业,新疆,乳制品,TRRY,主板,20010628,新疆生产建设兵团第十二师国有资产监督管理委员会,地方国有企业
600420.SH,600420,国药现代,上海,化学制药,GYXD,主板,20040616,国务院国有资产监督管理委员会,中央企业
600421.SH,600421,*ST华嵘,湖北,专用机械,*STHR,主板,20040607,楼永良,民营企业
600422.SH,600422,昆药集团,云南,中成药,KYJT,主板,20001206,国务院国有资产监督管理委员会,中央企业
600423.SH,600423,柳化股份,广西,农药化肥,LHGF,主板,20030717,柳州市人民政府国有资产监督管理委员会,地方国有企业
600425.SH,600425,青松建化,新疆,水泥,QSJH,主板,20030724,新疆生产建设兵团国有资产监督管理委员会,地方国有企业
600426.SH,600426,华鲁恒升,山东,农药化肥,HLHS,主板,20020620,山东省人民政府国有资产监督管理委员会,地方国有企业
600428.SH,600428,中远海特,广东,水运,ZYHT,主板,20020418,国务院国有资产监督管理委员会,中央企业
600429.SH,600429,三元股份,北京,乳制品,SYGF,主板,20030915,北京市人民政府国有资产监督管理委员会,地方国有企业
600433.SH,600433,冠豪高新,广东,造纸,GHGX,主板,20030619,国务院国有资产监督管理委员会,中央企业
600435.SH,600435,北方导航,北京,专用机械,BFDH,主板,20030704,国务院国有资产监督管理委员会,中央企业
600436.SH,600436,片仔癀,福建,中成药,PZH,主板,20030616,漳州市人民政府国有资产监督管理委员会,地方国有企业
600438.SH,600438,通威股份,四川,电气设备,TWGF,主板,20040302,刘汉元,民营企业
600439.SH,600439,瑞贝卡,河南,服饰,RBK,主板,20030710,郑有全,民营企业
600444.SH,600444,国机通用,安徽,专用机械,GJTY,主板,20040219,国务院国有资产监督管理委员会,中央企业
600446.SH,600446,金证股份,深圳,软件服务,JZGF,主板,20031224,无实际控制人,其他
600448.SH,600448,华纺股份,山东,纺织,HFGF,主板,20010903,滨州市人民政府国有资产监督管理委员会,地方国有企业
600449.SH,600449,宁夏建材,宁夏,水泥,NXJC,主板,20030829,国务院国有资产监督管理委员会,中央企业
600452.SH,600452,涪陵电力,重庆,水力发电,FLDL,主板,20040303,国务院国有资产监督管理委员会,中央企业
600455.SH,600455,博通股份,陕西,文教休闲,BTGF,主板,20040329,西安经济技术开发区管理委员会,地方国有企业
600456.SH,600456,宝钛股份,陕西,小金属,BTGF,主板,20020412,陕西省人民政府国有资产监督管理委员会,地方国有企业
600458.SH,600458,时代新材,湖南,塑料,SDXC,主板,20021219,中国中车集团有限公司,中央企业
600459.SH,600459,贵研铂业,云南,小金属,GYBY,主板,20030516,云南省人民政府国有资产监督管理委员会,地方国有企业
600460.SH,600460,士兰微,浙江,半导体,SLW,主板,20030311,陈向东,民营企业
600461.SH,600461,洪城环境,江西,水务,HCHJ,主板,20040601,南昌市国有资产监督管理委员会,地方国有企业
600463.SH,600463,空港股份,北京,园区开发,KGGF,主板,20040318,北京市顺义区人民政府国有资产监督管理委员会,地方国有企业
600467.SH,600467,好当家,山东,渔业,HDJ,主板,20040405,唐传勤,民营企业
600468.SH,600468,百利电气,天津,电气设备,BLDQ,主板,20010615,天津市人民政府国有资产监督管理委员会,地方国有企业
600469.SH,600469,风神股份,河南,汽车配件,FSGF,主板,20031021,国务院国有资产监督管理委员会,中央企业
600470.SH,600470,六国化工,安徽,农药化肥,LGHG,主板,20040305,无实际控制人,其他
600475.SH,600475,华光环能,江苏,电气设备,HGHN,主板,20030721,无锡市人民政府国有资产监督管理委员会,地方国有企业
600476.SH,600476,湘邮科技,湖南,软件服务,XYKJ,主板,20031210,中华人民共和国国务院,中央企业
600477.SH,600477,杭萧钢构,浙江,钢加工,HXGG,主板,20031110,单银木,民营企业
600478.SH,600478,科力远,湖南,电气设备,KLY,主板,20030918,钟发平,民营企业
600479.SH,600479,千金药业,湖南,中成药,QJYY,主板,20040312,株洲市人民政府国有资产监督管理委员会,地方国有企业
600480.SH,600480,凌云股份,河北,汽车配件,LYGF,主板,20030815,国务院国有资产监督管理委员会,中央企业
600481.SH,600481,双良节能,江苏,电气设备,SLJN,主板,20030422,缪双大,民营企业
600483.SH,600483,福能股份,福建,新型电力,FNGF,主板,20040531,福建省人民政府国有资产监督管理委员会,地方国有企业
600486.SH,600486,扬农化工,江苏,农药化肥,YNHG,主板,20020425,国务院国有资产监督管理委员会,中央企业
600487.SH,600487,亨通光电,江苏,通信设备,HTGD,主板,20030822,崔巍,民营企业
600488.SH,600488,津药药业,天津,化学制药,JYYY,主板,20010618,无实际控制人,其他
600489.SH,600489,中金黄金,北京,黄金,ZJHJ,主板,20030814,国务院国有资产监督管理委员会,中央企业
600490.SH,600490,鹏欣资源,上海,铜,PXZY,主板,20030626,姜照柏,民营企业
600491.SH,600491,龙元建设,浙江,建筑工程,LYJS,主板,20040524,赖振元,民营企业
600493.SH,600493,凤竹纺织,福建,纺织,FZFZ,主板,20040421,陈澄清,民营企业
600495.SH,600495,晋西车轴,山西,运输设备,JXCZ,主板,20040526,国务院国有资产监督管理委员会,中央企业
600496.SH,600496,精工钢构,安徽,钢加工,JGGG,主板,20020605,方朝阳,民营企业
600497.SH,600497,驰宏锌锗,云南,铅锌,CHXZ,主板,20040420,国务院国有资产监督管理委员会,中央企业
600498.SH,600498,烽火通信,湖北,通信设备,FHTX,主板,20010823,国务院国有资产监督管理委员会,中央企业
600499.SH,600499,科达制造,广东,专用机械,KDZZ,主板,20021010,无实际控制人,其他
600500.SH,600500,中化国际,上海,塑料,ZHGJ,主板,20000301,国务院国有资产监督管理委员会,中央企业
600501.SH,600501,航天晨光,江苏,专用机械,HTCG,主板,20010615,国务院国有资产监督管理委员会,中央企业
600502.SH,600502,安徽建工,安徽,建筑工程,AHJG,主板,20030415,安徽省人民政府国有资产监督管理委员会,地方国有企业
600503.SH,600503,华丽家族,上海,区域地产,HLJZ,主板,20020709,刘雅娟,民营企业
600505.SH,600505,西昌电力,四川,水力发电,XCDL,主板,20020530,国务院国有资产监督管理委员会,中央企业
600506.SH,600506,统一股份,新疆,石油加工,TYGF,主板,20011226,中央汇金投资有限责任公司,中央企业
600507.SH,600507,方大特钢,江西,特种钢,FDTG,主板,20030930,方威,民营企业
600508.SH,600508,上海能源,上海,煤炭开采,SHNY,主板,20010829,国务院国有资产监督管理委员会,中央企业
600509.SH,600509,天富能源,新疆,火力发电,TFNY,主板,20020228,新疆生产建设兵团农八师石河子市国有资产监督管理委员会,地方国有企业
600510.SH,600510,黑牡丹,江苏,全国地产,HMD,主板,20020618,常州国家高新区管委会(新北区人民政府),地方国有企业
600511.SH,600511,国药股份,北京,医药商业,GYGF,主板,20021127,国务院国有资产监督管理委员会,中央企业
600512.SH,600512,腾达建设,浙江,建筑工程,TDJS,主板,20021226,叶林富,外资
600513.SH,600513,联环药业,江苏,化学制药,LHYY,主板,20030319,扬州市人民政府国有资产监督管理委员会,地方国有企业
600515.SH,600515,海南机场,海南,机场,HNJC,主板,20020806,海南省国有资产监督管理委员会,地方国有企业
600516.SH,600516,方大炭素,甘肃,矿物制品,FDTS,主板,20020830,方威,民营企业
600517.SH,600517,国网英大,上海,多元金融,GWYD,主板,20031010,国务院国有资产监督管理委员会,中央企业
600518.SH,600518,康美药业,广东,中成药,KMYY,主板,20010319,无实际控制人,其他
600519.SH,600519,贵州茅台,贵州,白酒,GZMT,主板,20010827,贵州省人民政府国有资产监督管理委员会,地方国有企业
600520.SH,600520,三佳科技,安徽,半导体,SJKJ,主板,20020108,合肥市人民政府国有资产监督管理委员会,地方国有企业
600521.SH,600521,华海药业,浙江,化学制药,HHYY,主板,20030304,陈保华,民营企业
600522.SH,600522,中天科技,江苏,通信设备,ZTKJ,主板,20021024,薛驰,民营企业
600523.SH,600523,贵航股份,贵州,汽车配件,GHGF,主板,20011227,国务院国有资产监督管理委员会,中央企业
600525.SH,600525,ST长园,深圳,电气设备,STCY,主板,20021202,无实际控制人,其他
600526.SH,600526,菲达环保,浙江,环境保护,FDHB,主板,20020722,浙江省人民政府国有资产监督管理委员会,地方国有企业
600527.SH,600527,江南高纤,江苏,化纤,JNGX,主板,20031127,陶冶,民营企业
600528.SH,600528,中铁工业,北京,运输设备,ZTGY,主板,20010528,国务院国有资产监督管理委员会,中央企业
600529.SH,600529,山东药玻,山东,医疗保健,SDYB,主板,20020603,沂源县财政局,地方国有企业
600530.SH,600530,交大昂立,上海,医疗保健,JDAL,主板,20010702,嵇霖,民营企业
600531.SH,600531,豫光金铅,河南,铅锌,YGJQ,主板,20020730,济源产城融合示范区财政局(济源产城融合示范区国有资产监督管理局),地方国有企业
600533.SH,600533,栖霞建设,江苏,区域地产,QXJS,主板,20020328,南京栖霞国资投资集团有限公司,地方国有企业
600535.SH,600535,天士力,天津,中成药,TSL,主板,20020823,中国华润有限公司,中央企业
600536.SH,600536,中国软件,北京,软件服务,ZGRJ,主板,20020517,国务院国有资产监督管理委员会,中央企业
600537.SH,600537,亿晶光电,浙江,电气设备,YJGD,主板,20030123,无实际控制人,其他
600538.SH,600538,国发股份,广西,医药商业,GFGF,主板,20030114,朱蓉娟,民营企业
600539.SH,600539,狮头股份,山西,互联网,STGF,主板,20010824,吴靓怡,民营企业
600540.SH,600540,新赛股份,新疆,种植业,XSGF,主板,20040107,新疆生产建设兵团国有资产监督管理委员会,地方国有企业
600543.SH,600543,莫高股份,甘肃,红黄酒,MGGF,主板,20040324,甘肃省人民政府国有资产监督管理委员会,地方国有企业
600545.SH,600545,卓郎智能,新疆,纺织机械,ZLZN,主板,20031203,潘雪平,民营企业
600546.SH,600546,山煤国际,山西,煤炭开采,SMGJ,主板,20030731,山西省人民政府国有资产监督管理委员会,地方国有企业
600547.SH,600547,山东黄金,山东,黄金,SDHJ,主板,20030828,山东省人民政府国有资产监督管理委员会,地方国有企业
600548.SH,600548,深高速,深圳,路桥,SGS,主板,20011225,深圳市人民政府国有资产监督管理委员会,地方国有企业
600549.SH,600549,厦门钨业,福建,小金属,XMWY,主板,20021107,福建省人民政府国有资产监督管理委员会,地方国有企业
600550.SH,600550,保变电气,河北,电气设备,BBDQ,主板,20010228,国务院国有资产监督管理委员会,中央企业
600551.SH,600551,时代出版,安徽,出版业,SDCB,主板,20020905,安徽省人民政府,地方国有企业
600552.SH,600552,凯盛科技,安徽,元器件,KSKJ,主板,20021108,国务院国有资产监督管理委员会,中央企业
600556.SH,600556,天下秀,广西,互联网,TXX,主板,20010807,李檬,民营企业
600557.SH,600557,康缘药业,江苏,中成药,KYYY,主板,20020918,肖伟,民营企业
600558.SH,600558,大西洋,四川,钢加工,DXY,主板,20010227,自贡市政府国有资产监督管理委员会,地方国有企业
600559.SH,600559,老白干酒,河北,白酒,LBGJ,主板,20021029,衡水市财政局,地方国有企业
600560.SH,600560,金自天正,北京,电气设备,JZTZ,主板,20020919,国务院国有资产监督管理委员会,中央企业
600561.SH,600561,江西长运,江西,公共交通,JXCY,主板,20020716,南昌市国有资产监督管理委员会,地方国有企业
600562.SH,600562,国睿科技,江苏,通信设备,GRKJ,主板,20030128,国务院国有资产监督管理委员会,中央企业
600563.SH,600563,法拉电子,福建,元器件,FLDZ,主板,20021210,厦门市法拉发展有限公司,集体企业
600566.SH,600566,济川药业,湖北,中成药,JCYY,主板,20010822,曹龙祥,民营企业
600567.SH,600567,山鹰国际,安徽,造纸,SYGJ,主板,20011218,吴明武,外资
600568.SH,600568,ST中珠,湖北,医疗保健,STZZ,主板,20010518,无实际控制人,其他
600569.SH,600569,安阳钢铁,河南,普钢,AYGT,主板,20010820,河南省人民政府国有资产监督管理委员会,地方国有企业
600570.SH,600570,恒生电子,浙江,软件服务,HSDZ,主板,20031216,无实际控制人,其他
600571.SH,600571,信雅达,浙江,软件服务,XYD,主板,20021101,郭华强,民营企业
600572.SH,600572,康恩贝,浙江,中成药,KEB,主板,20040412,浙江省人民政府国有资产监督管理委员会,地方国有企业
600573.SH,600573,惠泉啤酒,福建,啤酒,HQPJ,主板,20030226,北京市人民政府,地方国有企业
600575.SH,600575,淮河能源,安徽,火力发电,HHNY,主板,20030328,安徽省人民政府国有资产监督管理委员会,地方国有企业
600576.SH,600576,祥源文旅,浙江,旅游景点,XYWL,主板,20030220,俞发祥,民营企业
600577.SH,600577,精达股份,安徽,电气设备,JDGF,主板,20020911,李光荣,民营企业
600578.SH,600578,京能电力,北京,火力发电,JNDL,主板,20020510,北京市人民政府国有资产监督管理委员会,地方国有企业
600579.SH,600579,中化装备,山东,化工机械,ZHZB,主板,20020809,国务院国有资产监督管理委员会,中央企业
600580.SH,600580,卧龙电驱,浙江,电气设备,WLDQ,主板,20020606,陈建成,民营企业
600581.SH,600581,*ST八钢,新疆,普钢,*STBG,主板,20020816,国务院国有资产监督管理委员会,中央企业
600582.SH,600582,天地科技,北京,专用机械,TDKJ,主板,20020515,国务院国有资产监督管理委员会,中央企业
600583.SH,600583,海油工程,天津,石油开采,HYGC,主板,20020205,国务院国有资产监督管理委员会,中央企业
600584.SH,600584,长电科技,江苏,半导体,CDKJ,主板,20030603,国务院国有资产监督管理委员会,中央企业
600585.SH,600585,海螺水泥,安徽,水泥,HLSN,主板,20020207,安徽省人民政府国有资产监督管理委员会,地方国有企业
600586.SH,600586,金晶科技,山东,玻璃,JJKJ,主板,20020815,丁茂良,民营企业
600587.SH,600587,新华医疗,山东,医疗保健,XHYL,主板,20020927,山东省人民政府国有资产监督管理委员会,地方国有企业
600588.SH,600588,用友网络,北京,软件服务,YYWL,主板,20010518,王文京,民营企业
600589.SH,600589,大位科技,广东,软件服务,DWKJ,主板,20010612,吴境,民营企业
600590.SH,600590,泰豪科技,江西,通信设备,THKJ,主板,20020703,无实际控制人,其他
600592.SH,600592,龙溪股份,福建,机械基件,LXGF,主板,20020805,漳州市人民政府国有资产监督管理委员会,地方国有企业
600593.SH,600593,大连圣亚,辽宁,旅游景点,DLSY,主板,20020711,大连市人民政府国有资产监督管理委员会,地方国有企业
600594.SH,600594,益佰制药,贵州,中成药,YBZY,主板,20040323,窦啟玲,民营企业
600595.SH,600595,中孚实业,河南,铝,ZFSY,主板,20020626,Maxon Limited,外资
600596.SH,600596,新安股份,浙江,化工原料,XAGF,主板,20010906,徐冠巨,民营企业
600597.SH,600597,光明乳业,上海,乳制品,GMRY,主板,20020828,上海市国有资产监督管理委员会,地方国有企业
600598.SH,600598,北大荒,黑龙江,种植业,BDH,主板,20020329,中华人民共和国农业农村部,中央企业
600599.SH,600599,*ST熊猫,湖南,化工原料,*STXM,主板,20010828,赵伟平,民营企业
600600.SH,600600,青岛啤酒,山东,啤酒,QDPJ,主板,19930827,青岛市人民政府国有资产监督管理委员会,地方国有企业
600601.SH,600601,方正科技,上海,元器件,FZKJ,主板,19901219,珠海市人民政府国有资产监督管理委员会,地方国有企业
600602.SH,600602,云赛智联,上海,软件服务,YSZL,主板,19901219,上海市国有资产监督管理委员会,地方国有企业
600603.SH,600603,广汇物流,四川,区域地产,GHWL,主板,19920113,孙广信,民营企业
600604.SH,600604,市北高新,上海,园区开发,SBGX,主板,19920327,上海市静安区国有资产监督管理委员会(上海市静安区集体资产监督管理委员会),地方国有企业
600605.SH,600605,汇通能源,上海,房产服务,HTNY,主板,19920327,黄颖,民营企业
600606.SH,600606,绿地控股,上海,全国地产,LDKG,主板,19920327,无实际控制人,其他
600608.SH,600608,*ST沪科,上海,商贸代理,*STHK,主板,19920327,云南省昆明市人民政府国有资产监督管理委员会,地方国有企业
600609.SH,600609,金杯汽车,辽宁,汽车配件,JBQC,主板,19920724,辽宁省沈阳市人民政府国有资产监督管理委员会,地方国有企业
600610.SH,600610,中毅达,贵州,化工原料,ZYD,主板,19920805,信达证券股份有限公司,中央企业
600611.SH,600611,大众交通,上海,公共交通,DZJT,主板,19920807,上海大众职工持股会,其他
600612.SH,600612,老凤祥,上海,服饰,LFX,主板,19920814,上海市黄浦区国有资产监督管理委员会(上海市黄浦区集体资产监督管理委员会),地方国有企业
600613.SH,600613,神奇制药,上海,中成药,SQZY,主板,19920820,文邦英,民营企业
600615.SH,600615,鑫源智造,重庆,铝,XYZZ,主板,19920910,龚大兴,民营企业
600616.SH,600616,金枫酒业,上海,红黄酒,JFJY,主板,19920929,上海市国有资产监督管理委员会,地方国有企业
600617.SH,600617,国新能源,山西,供气供热,GXNY,主板,19921013,山西省人民政府国有资产监督管理委员会,地方国有企业
600618.SH,600618,氯碱化工,上海,化工原料,LJHG,主板,19921113,上海市国有资产监督管理委员会,地方国有企业
600619.SH,600619,海立股份,上海,家用电器,HLGF,主板,19921116,上海市国有资产监督管理委员会,地方国有企业
600620.SH,600620,天宸股份,上海,综合类,TCGF,主板,19921117,叶茂菁,外资
600621.SH,600621,华鑫股份,上海,证券,HXGF,主板,19921202,上海市国有资产监督管理委员会,地方国有企业
600622.SH,600622,光大嘉宝,上海,区域地产,GDJB,主板,19921203,中央汇金投资有限责任公司,中央企业
600623.SH,600623,华谊集团,上海,化工原料,HYJT,主板,19921204,上海市国有资产监督管理委员会,地方国有企业
600624.SH,600624,ST复华,上海,化学制药,STFH,主板,19930105,上海市奉贤区人民政府国有资产监督管理委员会,地方国有企业
600626.SH,600626,申达股份,上海,汽车配件,SDGF,主板,19930107,上海市国有资产监督管理委员会,地方国有企业
600628.SH,600628,新世界,上海,百货,XSJ,主板,19930119,上海市黄浦区国有资产监督管理委员会(上海市黄浦区集体资产监督管理委员会),地方国有企业
600629.SH,600629,华建集团,上海,建筑工程,HJJT,主板,19930209,上海市国有资产监督管理委员会,地方国有企业
600630.SH,600630,龙头股份,上海,服饰,LTGF,主板,19930209,上海市国有资产监督管理委员会,地方国有企业
600633.SH,600633,浙数文化,浙江,互联网,ZSWH,主板,19930304,浙江日报报业集团(浙江日报社),地方国有企业
600635.SH,600635,大众公用,上海,供气供热,DZGY,主板,19930304,上海大众职工持股会,其他
600636.SH,600636,*ST国化,上海,文教休闲,*STGH,主板,19930316,国务院国有资产监督管理委员会,中央企业
600637.SH,600637,东方明珠,上海,影视音像,DFMZ,主板,19930316,上海市国有资产监督管理委员会,地方国有企业
600638.SH,600638,新黄浦,上海,区域地产,XHP,主板,19930326,北京国际信托有限公司,地方国有企业
600639.SH,600639,浦东金桥,上海,园区开发,PDJQ,主板,19930326,上海市浦东新区国有资产监督管理委员会,地方国有企业
600640.SH,600640,国脉文化,上海,影视音像,GMWH,主板,19930407,国务院国有资产监督管理委员会,中央企业
600641.SH,600641,先导基电,上海,半导体,XDJD,主板,19930407,朱世会,民营企业
600642.SH,600642,申能股份,上海,火力发电,SNGF,主板,19930416,上海市国有资产监督管理委员会,地方国有企业
600643.SH,600643,爱建集团,上海,多元金融,AJJT,主板,19930426,王均金,民营企业
600644.SH,600644,乐山电力,四川,水力发电,LSDL,主板,19930426,无实际控制人,其他
600645.SH,600645,中源协和,天津,医疗保健,ZYXH,主板,19930504,陈春梅,民营企业
600648.SH,600648,外高桥,上海,园区开发,WGQ,主板,19930504,上海市浦东新区国有资产监督管理委员会,地方国有企业
600649.SH,600649,城投控股,上海,区域地产,CTKG,主板,19930518,上海市国有资产监督管理委员会,地方国有企业
600650.SH,600650,锦江在线,上海,公共交通,JJZX,主板,19930607,上海市国有资产监督管理委员会,地方国有企业
600651.SH,600651,飞乐音响,上海,电器仪表,FLYX,主板,19901219,上海市国有资产监督管理委员会,地方国有企业
600653.SH,600653,申华控股,辽宁,汽车服务,SHKG,主板,19901219,辽宁省沈阳市人民政府国有资产监督管理委员会,地方国有企业
600654.SH,600654,中安科,湖北,仓储物流,ZAK,主板,19901219,涂国身,民营企业
600655.SH,600655,豫园股份,上海,百货,YYGF,主板,19920902,郭广昌,民营企业
600657.SH,600657,信达地产,北京,全国地产,XDDC,主板,19930524,中央汇金投资有限责任公司,中央企业
600658.SH,600658,电子城,北京,园区开发,DZC,主板,19930524,北京市人民政府国有资产监督管理委员会,地方国有企业
600660.SH,600660,福耀玻璃,福建,汽车配件,FYBL,主板,19930610,曹德旺,外资
600661.SH,600661,昂立教育,上海,文教休闲,ALJY,主板,19930614,周传有,民营企业
600662.SH,600662,外服控股,上海,文教休闲,WFKG,主板,19930614,东浩兰生(集团)有限公司,地方国有企业
600663.SH,600663,陆家嘴,上海,园区开发,LJZ,主板,19930628,上海市浦东新区国有资产监督管理委员会,地方国有企业
600664.SH,600664,哈药股份,黑龙江,化学制药,HYGF,主板,19930629,无实际控制人,其他
600665.SH,600665,天地源,陕西,全国地产,TDY,主板,19930709,西安高新技术产业开发区管理委员会,地方国有企业
600666.SH,600666,奥瑞德,黑龙江,元器件,ARD,主板,19930712,无实际控制人,其他
600667.SH,600667,太极实业,江苏,半导体,TJSY,主板,19930728,无锡市人民政府国有资产监督管理委员会,地方国有企业
600668.SH,600668,尖峰集团,浙江,水泥,JFJT,主板,19930728,金华市人民政府国有资产监督管理委员会,地方国有企业
600671.SH,600671,天目药业,浙江,中成药,TMYY,主板,19930823,青岛市崂山区财政局,地方国有企业
600673.SH,600673,东阳光,广东,综合类,DYG,主板,19930917,张寓帅,民营企业
600674.SH,600674,川投能源,四川,水力发电,CTNY,主板,19930924,四川省政府国有资产监督管理委员会,地方国有企业
600675.SH,600675,中华企业,上海,区域地产,ZHQY,主板,19930924,上海市国有资产监督管理委员会,地方国有企业
600676.SH,600676,交运股份,上海,汽车配件,JYGF,主板,19930928,上海市国有资产监督管理委员会,地方国有企业
600678.SH,600678,四川金顶,四川,水泥,SCJD,主板,19931008,洛阳市人民政府办公室,地方国有企业
600679.SH,600679,上海凤凰,上海,文教休闲,SHFH,主板,19931008,上海市国有资产监督管理委员会,地方国有企业
600681.SH,600681,百川能源,湖北,供气供热,BCNY,主板,19931018,王东海,民营企业
600682.SH,600682,南京新百,江苏,生物制药,NJXB,主板,19931018,袁亚非,民营企业
600683.SH,600683,京投发展,北京,区域地产,JTFZ,主板,19931025,北京市人民政府国有资产监督管理委员会,地方国有企业
600684.SH,600684,珠江股份,广东,区域地产,ZJGF,主板,19931028,广州市人民政府国有资产监督管理委员会,地方国有企业
600685.SH,600685,中船防务,广东,船舶,ZCFW,主板,19931028,国务院国有资产监督管理委员会,中央企业
600686.SH,600686,金龙汽车,福建,汽车整车,JLQC,主板,19931108,福建省人民政府国有资产监督管理委员会,地方国有企业
600688.SH,600688,上海石化,上海,石油加工,SHSH,主板,19931108,国务院国有资产监督管理委员会,中央企业
600689.SH,600689,上海三毛,上海,综合类,SHSM,主板,19931108,重庆市国有资产监督管理委员会,地方国有企业
600690.SH,600690,海尔智家,山东,家用电器,HEZJ,主板,19931119,海尔集团公司,集体企业
600691.SH,600691,潞化科技,山西,农药化肥,LHKJ,主板,19931119,山西省人民政府国有资产监督管理委员会,地方国有企业
600692.SH,600692,亚通股份,上海,区域地产,YTGF,主板,19931119,上海市崇明区人民政府国有资产监督管理委员会,地方国有企业
600693.SH,600693,东百集团,福建,百货,DBJT,主板,19931122,施文义,外资
600694.SH,600694,大商股份,辽宁,百货,DSGF,主板,19931122,牛钢,民营企业
600696.SH,600696,*ST岩石,上海,白酒,*STYS,主板,19931206,韩啸,民营企业
600697.SH,600697,欧亚集团,吉林,百货,OYJT,主板,19931206,长春市人民政府国有资产监督管理委员会,地方国有企业
600698.SH,600698,湖南天雁,湖南,汽车配件,HNTY,主板,19931206,国务院国有资产监督管理委员会,中央企业
600699.SH,600699,均胜电子,浙江,汽车配件,JSDZ,主板,19931206,王剑峰,民营企业
600702.SH,600702,舍得酒业,四川,白酒,SDJY,主板,19960524,郭广昌,民营企业
600703.SH,600703,三安光电,湖北,半导体,SAGD,主板,19960528,林秀成,民营企业
600704.SH,600704,物产中大,浙江,仓储物流,WCZD,主板,19960606,浙江省人民政府国有资产监督管理委员会,地方国有企业
600706.SH,600706,曲江文旅,陕西,旅游景点,QJWL,主板,19960516,西安曲江新区管理委员会,地方国有企业
600707.SH,600707,彩虹股份,陕西,元器件,CHGF,主板,19960520,咸阳市国有资产监督管理委员会,地方国有企业
600708.SH,600708,光明地产,上海,全国地产,GMDC,主板,19960606,上海市国有资产监督管理委员会,地方国有企业
600710.SH,600710,苏美达,江苏,商贸代理,SMD,主板,19960701,中国机械工业集团有限公司,中央企业
600711.SH,600711,盛屯矿业,福建,小金属,STKY,主板,19960531,姚雄杰,民营企业
600712.SH,600712,南宁百货,广西,百货,NNBH,主板,19960626,广西壮族自治区南宁市人民政府国有资产监督管理委员会,地方国有企业
600713.SH,600713,南京医药,江苏,医药商业,NJYY,主板,19960701,南京市人民政府国有资产监督管理委员会,地方国有企业
600714.SH,600714,金瑞矿业,青海,化工原料,JRKY,主板,19960606,国家电力投资集团有限公司,中央企业
600715.SH,600715,文投控股,北京,影视音像,WTKG,主板,19960701,首都文化科技集团有限公司,地方国有企业
600716.SH,600716,凤凰股份,江苏,区域地产,FHGF,主板,19960702,江苏省人民政府,地方国有企业
600717.SH,600717,天津港,天津,港口,TJG,主板,19960614,天津市人民政府国有资产监督管理委员会,地方国有企业
600718.SH,600718,东软集团,辽宁,软件服务,DRJT,主板,19960618,无实际控制人,其他
600719.SH,600719,大连热电,辽宁,供气供热,DLRD,主板,19960716,大连市人民政府国有资产监督管理委员会,地方国有企业
600720.SH,600720,中交设计,甘肃,建筑工程,ZJSJ,主板,19960716,中国交通建设集团有限公司,中央企业
600721.SH,600721,百花医药,新疆,生物制药,BHYY,主板,19960626,米在齐,民营企业
600722.SH,600722,金牛化工,河北,化工原料,JNHG,主板,19960626,河北省人民政府国有资产监督管理委员会,地方国有企业
600724.SH,600724,宁波富达,浙江,综合类,NBFD,主板,19960716,宁波市人民政府国有资产监督管理委员会,地方国有企业
600725.SH,600725,云维股份,云南,商贸代理,YWGF,主板,19960702,云南省人民政府国有资产监督管理委员会,地方国有企业
600726.SH,600726,华电能源,黑龙江,火力发电,HDNY,主板,19960701,国务院国有资产监督管理委员会,中央企业
600727.SH,600727,鲁北化工,山东,化工原料,LBHG,主板,19960702,无棣县财政局,地方国有企业
600728.SH,600728,佳都科技,广东,软件服务,JDKJ,主板,19960716,刘伟,外资
600729.SH,600729,重庆百货,重庆,百货,CQBH,主板,19960702,无实际控制人,其他
600730.SH,600730,中国高科,北京,文教休闲,ZGGK,主板,19960726,东阳市人民政府国有资产监督管理办公室,地方国有企业
600731.SH,600731,湖南海利,湖南,农药化肥,HNHL,主板,19960802,湖南省人民政府国有资产监督管理委员会,地方国有企业
600732.SH,600732,爱旭股份,上海,电气设备,AXGF,主板,19960816,陈刚,民营企业
600733.SH,600733,北汽蓝谷,北京,汽车整车,BQLG,主板,19960816,北京市人民政府国有资产监督管理委员会,地方国有企业
600734.SH,600734,实达集团,福建,软件服务,SDJT,主板,19960808,福建省人民政府国有资产监督管理委员会,地方国有企业
600735.SH,600735,ST新华锦,山东,服饰,STXHJ,主板,19960726,张建华,民营企业
600736.SH,600736,苏州高新,江苏,园区开发,SZGX,主板,19960815,苏州国家高新技术产业开发区管理委员会(苏州市虎丘区人民政府),地方国有企业
600737.SH,600737,中粮糖业,新疆,食品,ZLTY,主板,19960731,国务院国有资产监督管理委员会,中央企业
600738.SH,600738,丽尚国潮,甘肃,百货,LSGC,主板,19960802,丽水经济技术开发区管理委员会,地方国有企业
600739.SH,600739,辽宁成大,辽宁,生物制药,LNCD,主板,19960819,无实际控制人,其他
600740.SH,600740,山西焦化,山西,焦炭加工,SXJH,主板,19960808,山西省人民政府国有资产监督管理委员会,地方国有企业
600741.SH,600741,华域汽车,上海,汽车配件,HYQC,主板,19960826,上海市国有资产监督管理委员会,地方国有企业
600742.SH,600742,富维股份,吉林,汽车配件,FWGF,主板,19960826,吉林省人民政府国有资产监督管理委员会,地方国有企业
600743.SH,600743,华远控股,北京,区域地产,HYKG,主板,19960909,北京市西城区人民政府国有资产监督管理委员会,地方国有企业
600744.SH,600744,华银电力,湖南,火力发电,HYDL,主板,19960905,国务院国有资产监督管理委员会,中央企业
600745.SH,600745,闻泰科技,湖北,半导体,WTKJ,主板,19960828,张学政,民营企业
600746.SH,600746,江苏索普,江苏,化工原料,JSSP,主板,19960918,江苏省镇江市人民政府国有资产监督管理委员会,地方国有企业
600748.SH,600748,上实发展,上海,全国地产,SSFZ,主板,19960925,上海市国有资产监督管理委员会,地方国有企业
600749.SH,600749,西藏旅游,西藏,旅游景点,XZLY,主板,19961015,王玉锁,民营企业
600750.SH,600750,华润江中,江西,中成药,HRJZ,主板,19960923,国务院国有资产监督管理委员会,中央企业
600751.SH,600751,海航科技,天津,水运,HHKJ,主板,19960909,无实际控制人,其他
600753.SH,600753,*ST海钦,福建,商贸代理,*STHQ,主板,19960927,钟仁海,民营企业
600754.SH,600754,锦江酒店,上海,酒店餐饮,JJJD,主板,19961011,上海市国有资产监督管理委员会,地方国有企业
600755.SH,600755,厦门国贸,福建,仓储物流,XMGM,主板,19961003,厦门市人民政府国有资产监督管理委员会,地方国有企业
600756.SH,600756,浪潮软件,山东,软件服务,LCRJ,主板,19960923,山东省人民政府国有资产监督管理委员会,地方国有企业
600757.SH,600757,长江传媒,湖北,出版业,CJCM,主板,19961003,湖北省国有文化资产监督管理与产业发展领导小组办公室,地方国有企业
600758.SH,600758,辽宁能源,辽宁,煤炭开采,LNNY,主板,19961029,辽宁省人民政府国有资产监督管理委员会,地方国有企业
600759.SH,600759,洲际油气,海南,石油开采,ZJYQ,主板,19961008,HUI Ling(许玲),民营企业
600760.SH,600760,中航沈飞,山东,航空,ZHSF,主板,19961011,国务院国有资产监督管理委员会,中央企业
600761.SH,600761,安徽合力,安徽,工程机械,AHHL,主板,19961009,安徽省人民政府国有资产监督管理委员会,地方国有企业
600763.SH,600763,通策医疗,浙江,医疗保健,TCYL,主板,19961030,吕建明,民营企业
600764.SH,600764,中国海防,北京,船舶,ZGHF,主板,19961104,国务院国有资产监督管理委员会,中央企业
600765.SH,600765,中航重机,贵州,航空,ZHZJ,主板,19961106,中国航空工业集团有限公司,中央企业
600768.SH,600768,宁波富邦,浙江,铝,NBFB,主板,19961111,宋汉平,民营企业
600769.SH,600769,祥龙电业,湖北,水务,XLDY,主板,19961101,武汉东湖新技术开发区管理委员会,地方国有企业
600770.SH,600770,综艺股份,江苏,综合类,ZYGF,主板,19961120,昝圣达,民营企业
600771.SH,600771,广誉远,山西,中成药,GYY,主板,19961105,山西省人民政府国有资产监督管理委员会,地方国有企业
600773.SH,600773,西藏城投,西藏,区域地产,XZCT,主板,19961108,上海市静安区国有资产监督管理委员会(上海市静安区集体资产监督管理委员会),地方国有企业
600774.SH,600774,汉商集团,湖北,化学制药,HSJT,主板,19961108,阎志,民营企业
600775.SH,600775,南京熊猫,江苏,通信设备,NJXM,主板,19961118,国务院国有资产监督管理委员会,中央企业
600776.SH,600776,东方通信,浙江,通信设备,DFTX,主板,19961126,国务院国有资产监督管理委员会,中央企业
600777.SH,600777,*ST新潮,山东,石油开采,*STXC,主板,19961121,无实际控制人,其他
600778.SH,600778,友好集团,新疆,百货,YHJT,主板,19961203,牛钢,民营企业
600779.SH,600779,水井坊,四川,白酒,SJF,主板,19961206,Diageo Plc,外资
600780.SH,600780,通宝能源,山西,火力发电,TBNY,主板,19961205,山西省人民政府国有资产监督管理委员会,地方国有企业
600782.SH,600782,新钢股份,江西,普钢,XGGF,主板,19961225,国务院国有资产监督管理委员会,中央企业
600783.SH,600783,鲁信创投,山东,专用机械,LXCT,主板,19961225,山东省人民政府,地方国有企业
600784.SH,600784,鲁银投资,山东,综合类,LYTZ,主板,19961225,山东省人民政府国有资产监督管理委员会,地方国有企业
600785.SH,600785,新华百货,宁夏,百货,XHBH,主板,19970108,张文中,民营企业
600787.SH,600787,中储股份,天津,仓储物流,ZCGF,主板,19970121,国务院国有资产监督管理委员会,中央企业
600789.SH,600789,鲁抗医药,山东,化学制药,LKYY,主板,19970226,山东省人民政府国有资产监督管理委员会,地方国有企业
600790.SH,600790,轻纺城,浙江,商品城,QFC,主板,19970228,绍兴县人民政府,地方国有企业
600791.SH,600791,京能置业,北京,全国地产,JNZY,主板,19970130,北京市人民政府国有资产监督管理委员会,地方国有企业
600792.SH,600792,云煤能源,云南,焦炭加工,YMNY,主板,19970123,云南省人民政府国有资产监督管理委员会,地方国有企业
600793.SH,600793,宜宾纸业,四川,造纸,YBZY,主板,19970220,宜宾市政府国有资产监督管理委员会,地方国有企业
600794.SH,600794,保税科技,江苏,仓储物流,BSKJ,主板,19970306,张家港保税区管委会,地方国有企业
600795.SH,600795,国电电力,辽宁,火力发电,GDDL,主板,19970318,国务院国有资产监督管理委员会,中央企业
600796.SH,600796,钱江生化,浙江,环境保护,QJSH,主板,19970408,浙江省嘉兴市海宁市人民政府国有资产监督管理委员会,地方国有企业
600797.SH,600797,浙大网新,浙江,软件服务,ZDWX,主板,19970418,无实际控制人,其他
600798.SH,600798,宁波海运,浙江,水运,NBHY,主板,19970423,浙江省人民政府国有资产监督管理委员会,地方国有企业
600800.SH,600800,渤海化学,天津,化工原料,BHHX,主板,19931206,天津市人民政府国有资产监督管理委员会,地方国有企业
600801.SH,600801,华新建材,湖北,水泥,HXJC,主板,19940103,Holcim Ltd.,外资
600802.SH,600802,福建水泥,福建,水泥,FJSN,主板,19940103,福建省人民政府国有资产监督管理委员会,地方国有企业
600803.SH,600803,新奥股份,河北,供气供热,XAGF,主板,19940103,王玉锁,民营企业
600805.SH,600805,悦达投资,江苏,综合类,YDTZ,主板,19940103,盐城市人民政府,地方国有企业
600807.SH,600807,济高发展,山东,医疗保健,JGFZ,主板,19940103,山东省济南市高新技术产业开发区人民政府国有资产监督管理委员会,地方国有企业
600808.SH,600808,马钢股份,安徽,普钢,MGGF,主板,19940106,国务院国有资产监督管理委员会,中央企业
600809.SH,600809,山西汾酒,山西,白酒,SXFJ,主板,19940106,山西省人民政府国有资产监督管理委员会,地方国有企业
600810.SH,600810,神马股份,河南,化纤,SMGF,主板,19940106,河南省人民政府国有资产监督管理委员会,地方国有企业
600812.SH,600812,华北制药,河北,化学制药,HBZY,主板,19940114,河北省人民政府国有资产监督管理委员会,地方国有企业
600814.SH,600814,杭州解百,浙江,百货,HZJB,主板,19940114,杭州市人民政府国有资产监督管理委员会,地方国有企业
600815.SH,600815,厦工股份,福建,工程机械,XGGF,主板,19940128,厦门市人民政府国有资产监督管理委员会,地方国有企业
600816.SH,600816,建元信托,上海,多元金融,JYXT,主板,19940128,无实际控制人,其他
600817.SH,600817,宇通重工,河南,专用机械,YTZG,主板,19940128,汤玉祥,民营企业
600818.SH,600818,中路股份,上海,文教休闲,ZLGF,主板,19940128,陈荣,民营企业
600819.SH,600819,耀皮玻璃,上海,玻璃,YPBL,主板,19940128,上海市国有资产监督管理委员会,地方国有企业
600820.SH,600820,隧道股份,上海,建筑工程,SDGF,主板,19940128,上海市国有资产监督管理委员会,地方国有企业
600821.SH,600821,金开新能,天津,新型电力,JKXN,主板,19940128,天津市人民政府国有资产监督管理委员会,地方国有企业
600822.SH,600822,上海物贸,上海,汽车服务,SHWM,主板,19940204,上海市国有资产监督管理委员会,地方国有企业
600824.SH,600824,益民集团,上海,百货,YMJT,主板,19940204,上海市黄浦区国有资产监督管理委员会(上海市黄浦区集体资产监督管理委员会),地方国有企业
600825.SH,600825,新华传媒,上海,出版业,XHCM,主板,19940204,上海市国有资产监督管理委员会,地方国有企业
600826.SH,600826,兰生股份,上海,文教休闲,LSGF,主板,19940204,上海市国有资产监督管理委员会,地方国有企业
600827.SH,600827,百联股份,上海,超市连锁,BLGF,主板,19940204,上海市国有资产监督管理委员会,地方国有企业
600828.SH,600828,茂业商业,四川,百货,MYSY,主板,19940224,黄茂如,外资
600829.SH,600829,人民同泰,黑龙江,医药商业,RMTT,主板,19940224,无实际控制人,其他
600830.SH,600830,香溢融通,浙江,多元金融,XYRT,主板,19940224,中国烟草总公司,中央企业
600831.SH,600831,广电网络,陕西,影视音像,GDWL,主板,19940224,中共陕西省委宣传部,地方国有企业
600833.SH,600833,第一医药,上海,医药商业,DYYY,主板,19940224,上海市国有资产监督管理委员会,地方国有企业
600834.SH,600834,申通地铁,上海,公共交通,STDT,主板,19940224,上海市国有资产监督管理委员会,地方国有企业
600835.SH,600835,上海机电,上海,运输设备,SHJD,主板,19940224,上海市国有资产监督管理委员会,地方国有企业
600838.SH,600838,上海九百,上海,百货,SHJB,主板,19940224,上海市静安区国有资产监督管理委员会(上海市静安区集体资产监督管理委员会),地方国有企业
600839.SH,600839,四川长虹,四川,家用电器,SCCH,主板,19940311,绵阳市国有资产监督管理委员会,地方国有企业
600841.SH,600841,动力新科,上海,汽车配件,DLXK,主板,19940311,上海市国有资产监督管理委员会,地方国有企业
600843.SH,600843,上工申贝,上海,纺织机械,SGSB,主板,19940311,无实际控制人,其他
600844.SH,600844,金煤科技,内蒙,化工原料,JMKJ,主板,19940311,于泽国,民营企业
600845.SH,600845,宝信软件,上海,软件服务,BXRJ,主板,19940311,国务院国有资产监督管理委员会,中央企业
600846.SH,600846,同济科技,上海,建筑工程,TJKJ,主板,19940311,上海市杨浦区人民政府国有资产监督管理委员会,地方国有企业
600847.SH,600847,万里股份,重庆,电气设备,WLGF,主板,19940324,莫天全,民营企业
600848.SH,600848,上海临港,上海,园区开发,SHLG,主板,19940324,上海市国有资产监督管理委员会,地方国有企业
601607.SH,601607,上海医药,上海,医药商业,SHYY,主板,19940324,上海市国有资产监督管理委员会,地方国有企业
600850.SH,600850,电科数字,上海,软件服务,DKSZ,主板,19940324,国务院国有资产监督管理委员会,中央企业
600851.SH,600851,海欣股份,上海,化学制药,HXGF,主板,19940404,无实际控制人,其他
600853.SH,600853,龙建股份,黑龙江,建筑工程,LJGF,主板,19940404,黑龙江省人民政府国有资产监督管理委员会,地方国有企业
600854.SH,600854,春兰股份,江苏,家用电器,CLGF,主板,19940425,春兰(集团)公司,集体企业
600855.SH,600855,航天长峰,北京,专用机械,HTCF,主板,19940425,国务院国有资产监督管理委员会,中央企业
600857.SH,600857,宁波中百,浙江,百货,NBZB,主板,19940425,卢斯侃,民营企业
600858.SH,600858,银座股份,山东,百货,YZGF,主板,19940506,山东省人民政府国有资产监督管理委员会,地方国有企业
600859.SH,600859,王府井,北京,百货,WFJ,主板,19940506,北京市人民政府国有资产监督管理委员会,地方国有企业
600860.SH,600860,京城股份,北京,专用机械,JCGF,主板,19940506,北京市人民政府国有资产监督管理委员会,地方国有企业
600861.SH,600861,北京人力,北京,文教休闲,BJRL,主板,19940520,北京市人民政府国有资产监督管理委员会,地方国有企业
600862.SH,600862,中航高科,江苏,航空,ZHGK,主板,19940520,中国航空工业集团有限公司,中央企业
600863.SH,600863,华能蒙电,内蒙,火力发电,HNMD,主板,19940520,国务院国有资产监督管理委员会,中央企业
600864.SH,600864,哈投股份,黑龙江,证券,HTGF,主板,19940809,哈尔滨市人民政府国有资产监督管理委员会,地方国有企业
600865.SH,600865,百大集团,浙江,百货,BDJT,主板,19940809,陈夏鑫,民营企业
600866.SH,600866,星湖科技,广东,饲料,XHKJ,主板,19940818,广东省人民政府,地方国有企业
600867.SH,600867,通化东宝,吉林,生物制药,THDB,主板,19940824,李一奎,民营企业
600868.SH,600868,梅雁吉祥,广东,水力发电,MYJX,主板,19940912,无实际控制人,其他
600869.SH,600869,远东股份,青海,电气设备,YDGF,主板,19950206,蒋锡培,民营企业
600871.SH,600871,石化油服,北京,石油开采,SHYF,主板,19950411,国务院国有资产监督管理委员会,中央企业
600872.SH,600872,中炬高新,广东,食品,ZJGX,主板,19950124,中山火炬高技术产业开发区管理委员会,地方国有企业
600873.SH,600873,梅花生物,西藏,食品,MHSW,主板,19950217,孟庆山,民营企业
600874.SH,600874,创业环保,天津,环境保护,CYHB,主板,19950630,天津市人民政府国有资产监督管理委员会,地方国有企业
600875.SH,600875,东方电气,四川,电气设备,DFDQ,主板,19951010,国务院国有资产监督管理委员会,中央企业
600876.SH,600876,凯盛新能,河南,玻璃,KSXN,主板,19951031,国务院国有资产监督管理委员会,中央企业
600877.SH,600877,电科芯片,重庆,半导体,DKXP,主板,19951013,国务院国有资产监督管理委员会,中央企业
600879.SH,600879,航天电子,湖北,航空,HTDZ,主板,19951115,国务院国有资产监督管理委员会,中央企业
600880.SH,600880,博瑞传播,四川,广告包装,BRCB,主板,19951115,成都市国有资产监督管理委员会,地方国有企业
600881.SH,600881,亚泰集团,吉林,综合类,YTJT,主板,19951115,长春市人民政府国有资产监督管理委员会,地方国有企业
600882.SH,600882,妙可蓝多,上海,乳制品,MKLD,主板,19951206,无实际控制人,其他
600883.SH,600883,博闻科技,云南,种植业,BWKJ,主板,19951208,王绥义,民营企业
600884.SH,600884,杉杉股份,浙江,电气设备,SSGF,主板,19960130,郑永刚,民营企业
600885.SH,600885,宏发股份,湖北,电气设备,HFGF,主板,19960205,郭满金,民营企业
600886.SH,600886,国投电力,北京,水力发电,GTDL,主板,19960118,国务院国有资产监督管理委员会,中央企业
600887.SH,600887,伊利股份,内蒙,乳制品,YLGF,主板,19960312,无实际控制人,其他
600888.SH,600888,新疆众和,新疆,铝,XJZH,主板,19960215,张新,民营企业
600889.SH,600889,南京化纤,江苏,机械基件,NJHX,主板,19960308,南京市人民政府国有资产监督管理委员会,地方国有企业
600892.SH,600892,*ST大晟,深圳,互联网,*STDS,主板,19960315,唐山市人民政府国有资产监督管理委员会,地方国有企业
600893.SH,600893,航发动力,陕西,航空,HFDL,主板,19960408,中国航空发动机集团有限公司,中央企业
600894.SH,600894,广日股份,广东,运输设备,GRGF,主板,19960328,广州市人民政府国有资产监督管理委员会,地方国有企业
600895.SH,600895,张江高科,上海,园区开发,ZJGK,主板,19960422,上海市浦东新区国有资产监督管理委员会,地方国有企业
600897.SH,600897,厦门空港,福建,机场,XMKG,主板,19960531,厦门市人民政府国有资产监督管理委员会,地方国有企业
600900.SH,600900,长江电力,北京,水力发电,CJDL,主板,20031118,国务院国有资产监督管理委员会,中央企业
600960.SH,600960,渤海汽车,山东,汽车配件,BHQC,主板,20040407,北京市人民政府国有资产监督管理委员会,地方国有企业
600963.SH,600963,岳阳林纸,湖南,造纸,YYLZ,主板,20040525,国务院国有资产监督管理委员会,中央企业
600966.SH,600966,博汇纸业,山东,造纸,BHZY,主板,20040608,黄志源,外资
600967.SH,600967,内蒙一机,内蒙,运输设备,NMYJ,主板,20040518,国务院国有资产监督管理委员会,中央企业
600969.SH,600969,郴电国际,湖南,水力发电,CDGJ,主板,20040408,郴州市人民政府国有资产监督管理委员会,地方国有企业
600975.SH,600975,新五丰,湖南,农业综合,XWF,主板,20040609,湖南省人民政府国有资产监督管理委员会,地方国有企业
600976.SH,600976,健民集团,湖北,中成药,JMJT,主板,20040419,汪力成,民营企业
600980.SH,600980,北矿科技,北京,专用机械,BKKJ,主板,20040512,国务院国有资产监督管理委员会,中央企业
600985.SH,600985,淮北矿业,安徽,煤炭开采,HBKY,主板,20040428,安徽省人民政府国有资产监督管理委员会,地方国有企业
600986.SH,600986,浙文互联,浙江,互联网,ZWHL,主板,20040426,浙江省财政厅,地方国有企业
600988.SH,600988,赤峰黄金,内蒙,黄金,CFHJ,主板,20040414,李金阳,民营企业
600990.SH,600990,四创电子,安徽,通信设备,SCDZ,主板,20040510,国务院国有资产监督管理委员会,中央企业
600992.SH,600992,贵绳股份,贵州,钢加工,GSGF,主板,20040514,贵州省人民政府国有资产监督管理委员会,地方国有企业
600993.SH,600993,马应龙,湖北,中成药,MYL,主板,20040517,无实际控制人,其他
600995.SH,600995,南网储能,云南,水力发电,NWCN,主板,20040615,国务院国有资产监督管理委员会,中央企业
600997.SH,600997,开滦股份,河北,焦炭加工,KLGF,主板,20040602,河北省人民政府国有资产监督管理委员会,地方国有企业
002017.SZ,002017,东信和平,广东,通信设备,DXHP,主板,20040713,国务院国有资产监督管理委员会,中央企业
002003.SZ,002003,伟星股份,浙江,服饰,WXGF,主板,20040625,章卡鹏,民营企业
002004.SZ,002004,华邦健康,重庆,农药化肥,HBJK,主板,20040625,张松山,民营企业
002005.SZ,002005,ST德豪,安徽,家用电器,STDH,主板,20040625,无实际控制人,其他
002006.SZ,002006,精工科技,浙江,专用机械,JGKJ,主板,20040625,方朝阳,民营企业
002007.SZ,002007,华兰生物,河南,生物制药,HLSW,主板,20040625,安康,民营企业
002008.SZ,002008,大族激光,深圳,专用机械,DZJG,主板,20040625,高云峰,外资
002009.SZ,002009,天奇股份,江苏,工程机械,TQGF,主板,20040629,黄伟兴,民营企业
002010.SZ,002010,传化智联,浙江,仓储物流,CHZL,主板,20040629,徐冠巨,民营企业
002011.SZ,002011,盾安环境,浙江,家用电器,DAHJ,主板,20040705,无实际控制人,其他
002012.SZ,002012,凯恩股份,浙江,造纸,KEGF,主板,20040705,解直锟,民营企业
002014.SZ,002014,永新股份,安徽,塑料,YXGF,主板,20040708,黄山市供销合作联合社,集体企业
002015.SZ,002015,协鑫能科,江苏,新型电力,XXNK,主板,20040708,朱共山,外资
002016.SZ,002016,世荣兆业,广东,区域地产,SRZY,主板,20040708,珠海市人民政府国有资产监督管理委员会,地方国有企业
002019.SZ,002019,亿帆医药,浙江,化学制药,YFYY,主板,20040713,程先锋,民营企业
002020.SZ,002020,京新药业,浙江,化学制药,JXYY,主板,20040715,吕钢,民营企业
002021.SZ,002021,中捷资源,浙江,纺织机械,ZJZY,主板,20040715,无实际控制人,其他
002022.SZ,002022,科华生物,上海,医疗保健,KHSW,主板,20040721,彭年才,民营企业
002023.SZ,002023,海特高新,四川,航空,HTGX,主板,20040721,李飚,民营企业
002024.SZ,002024,ST易购,江苏,电器连锁,STYG,主板,20040721,无实际控制人,其他
002025.SZ,002025,航天电器,贵州,元器件,HTDQ,主板,20040726,国务院国有资产监督管理委员会,中央企业
002026.SZ,002026,山东威达,山东,机械基件,SDWD,主板,20040727,杨明燕,民营企业
002027.SZ,002027,分众传媒,上海,广告包装,FZCM,主板,20040804,江南春,外资
002028.SZ,002028,思源电气,上海,电气设备,SYDQ,主板,20040805,董增平,民营企业
002029.SZ,002029,七匹狼,福建,服饰,QPL,主板,20040806,周永伟,民营企业
002030.SZ,002030,达安基因,广东,医疗保健,DAJY,主板,20040809,广州市人民政府,地方国有企业
002031.SZ,002031,巨轮智能,广东,汽车配件,JLZN,主板,20040816,吴潮忠,民营企业
002032.SZ,002032,苏泊尔,浙江,家用电器,SBE,主板,20040817,SEB SA,外资
002033.SZ,002033,丽江股份,云南,旅游景点,LJGF,主板,20040825,张松山,民营企业
002034.SZ,002034,旺能环境,浙江,环境保护,WNHJ,主板,20040826,单建明,民营企业
002035.SZ,002035,华帝股份,广东,家用电器,HDGF,主板,20040901,潘叶江,民营企业
002036.SZ,002036,联创电子,江西,元器件,LCDZ,主板,20040903,韩盛龙,民营企业
002037.SZ,002037,保利联合,贵州,化工原料,BLLH,主板,20040908,国务院国有资产监督管理委员会,中央企业
002038.SZ,002038,双鹭药业,北京,生物制药,SLYY,主板,20040909,徐明波,民营企业
600022.SH,600022,山东钢铁,山东,普钢,SDGT,主板,20040629,山东省人民政府国有资产监督管理委员会,地方国有企业
600143.SH,600143,金发科技,广东,塑料,JFKJ,主板,20040623,袁志敏,民营企业
600482.SH,600482,中国动力,河北,船舶,ZGDL,主板,20040714,国务院国有资产监督管理委员会,中央企业
600961.SH,600961,株冶集团,湖南,铅锌,ZYJT,主板,20040830,国务院国有资产监督管理委员会,中央企业
600962.SH,600962,国投中鲁,北京,软饮料,GTZL,主板,20040622,国务院国有资产监督管理委员会,中央企业
600965.SH,600965,福成股份,河北,农业综合,FCGF,主板,20040713,李高生,民营企业
600971.SH,600971,恒源煤电,安徽,煤炭开采,HYMD,主板,20040817,安徽省人民政府国有资产监督管理委员会,地方国有企业
600973.SH,600973,宝胜股份,江苏,电气设备,BSGF,主板,20040802,中国航空工业集团有限公司,中央企业
600979.SH,600979,广安爱众,四川,水力发电,GAAZ,主板,20040906,广安市广安区人民政府,地方国有企业
600981.SH,600981,苏豪汇鸿,江苏,商贸代理,SHHH,主板,20040630,江苏省政府国有资产监督管理委员会,地方国有企业
600982.SH,600982,宁波能源,浙江,供气供热,NBNY,主板,20040706,宁波市人民政府国有资产监督管理委员会,地方国有企业
600983.SH,600983,惠而浦,安徽,家用电器,HEP,主板,20040727,梁昭贤,外资
600984.SH,600984,建设机械,陕西,工程机械,JSJX,主板,20040707,陕西省人民政府国有资产监督管理委员会,地方国有企业
600987.SH,600987,航民股份,浙江,纺织,HMGF,主板,20040809,杭州萧山航民村资产经营中心,集体企业
600027.SH,600027,华电国际,山东,火力发电,HDGJ,主板,20050203,国务院国有资产监督管理委员会,中央企业
002039.SZ,002039,黔源电力,贵州,水力发电,QYDL,主板,20050303,国务院国有资产监督管理委员会,中央企业
002040.SZ,002040,南京港,江苏,港口,NJG,主板,20050325,江苏省政府国有资产监督管理委员会,地方国有企业
600970.SH,600970,中材国际,江苏,建筑工程,ZCGJ,主板,20050412,国务院国有资产监督管理委员会,中央企业
002041.SZ,002041,登海种业,山东,种植业,DHZY,主板,20050418,李登海,民营企业
002042.SZ,002042,华孚时尚,安徽,纺织,HFSS,主板,20050427,孙伟挺,民营企业
002043.SZ,002043,兔宝宝,浙江,其他建材,TBB,主板,20050510,丁鸿敏,民营企业
002044.SZ,002044,美年健康,浙江,医疗保健,MNJK,主板,20050518,俞熔,民营企业
002045.SZ,002045,国光电器,广东,元器件,GGDQ,主板,20050523,无实际控制人,其他
002046.SZ,002046,国机精工,河南,机械基件,GJJG,主板,20050526,中国机械工业集团有限公司,中央企业
002047.SZ,002047,*ST宝鹰,深圳,装修装饰,*STBY,主板,20050531,珠海市人民政府国有资产监督管理委员会,地方国有企业
002048.SZ,002048,宁波华翔,浙江,汽车配件,NBHX,主板,20050603,周晓峰,民营企业
002049.SZ,002049,紫光国微,河北,半导体,ZGGW,主板,20050606,无实际控制人,其他
002050.SZ,002050,三花智控,浙江,家用电器,SHZK,主板,20050607,张亚波,民营企业
300150.SZ,300150,世纪瑞尔,北京,软件服务,SJRE,创业板,20101222,牛俊杰,民营企业
002051.SZ,002051,中工国际,北京,建筑工程,ZGGJ,主板,20060619,国务院国有资产监督管理委员会,中央企业
002052.SZ,002052,同洲电子,深圳,家用电器,TZDZ,主板,20060627,无实际控制人,其他
002053.SZ,002053,云南能投,云南,新型电力,YNNT,主板,20060627,云南省人民政府国有资产监督管理委员会,地方国有企业
601001.SH,601001,晋控煤业,山西,煤炭开采,JKMY,主板,20060623,山西省人民政府国有资产监督管理委员会,地方国有企业
601988.SH,601988,中国银行,北京,银行,ZGYH,主板,20060705,中国投资有限责任公司,中央企业
002054.SZ,002054,德美化工,广东,染料涂料,DMHG,主板,20060725,黄冠雄,民营企业
002055.SZ,002055,ST得润,深圳,元器件,STDR,主板,20060725,邱建民,民营企业
002056.SZ,002056,横店东磁,浙江,电气设备,HDDC,主板,20060802,东阳市横店社团经济企业联合会,集体企业
600048.SH,600048,保利发展,广东,全国地产,BLFZ,主板,20060731,国务院国有资产监督管理委员会,中央企业
002057.SZ,002057,中钢天源,安徽,矿物制品,ZGTY,主板,20060802,国务院国有资产监督管理委员会,中央企业
002058.SZ,002058,*ST威尔,上海,电气设备,*STWE,主板,20060802,沈雯,民营企业
002059.SZ,002059,云南旅游,云南,旅游景点,YNLY,主板,20060810,国务院国有资产监督管理委员会,中央企业
601006.SH,601006,大秦铁路,山西,铁路,DQTL,主板,20060801,中国国家铁路集团有限公司,中央企业
002060.SZ,002060,广东建工,广东,建筑工程,GDJG,主板,20060810,广东省人民政府国有资产监督管理委员会,地方国有企业
002061.SZ,002061,浙江交科,浙江,建筑工程,ZJJK,主板,20060816,浙江省人民政府国有资产监督管理委员会,地方国有企业
002062.SZ,002062,宏润建设,浙江,建筑工程,HRJS,主板,20060816,郑宏舫,民营企业
002063.SZ,002063,远光软件,广东,软件服务,YGRJ,主板,20060823,国务院国有资产监督管理委员会,中央企业
002064.SZ,002064,华峰化学,浙江,化纤,HFHX,主板,20060823,尤小平,民营企业
002065.SZ,002065,东华软件,北京,软件服务,DHRJ,主板,20060823,薛向东,民营企业
002066.SZ,002066,瑞泰科技,北京,其他建材,RTKJ,主板,20060823,国务院国有资产监督管理委员会,中央企业
601111.SH,601111,中国国航,北京,空运,ZGGH,主板,20060818,国务院国有资产监督管理委员会,中央企业
002067.SZ,002067,景兴纸业,浙江,造纸,JXZY,主板,20060915,朱在龙,民营企业
002068.SZ,002068,黑猫股份,江西,化工原料,HMGF,主板,20060915,景德镇市国有资产监督管理委员会,地方国有企业
300016.SZ,300016,北陆药业,北京,化学制药,BLYY,创业板,20091030,王代雪,民营企业
300271.SZ,300271,华宇软件,北京,软件服务,HYRJ,创业板,20111026,邵学,民营企业
601699.SH,601699,潞安环能,山西,煤炭开采,LAHN,主板,20060922,山西省人民政府国有资产监督管理委员会,地方国有企业
002069.SZ,002069,獐子岛,辽宁,渔业,ZZD,主板,20060928,大连市人民政府国有资产监督管理委员会,地方国有企业
002279.SZ,002279,久其软件,北京,软件服务,JQRJ,主板,20090811,赵福君,民营企业
002072.SZ,002072,凯瑞德,湖北,商贸代理,KRD,主板,20061018,王健,民营企业
601588.SH,601588,北辰实业,北京,区域地产,BCSY,主板,20061016,北京市人民政府国有资产监督管理委员会,地方国有企业
002073.SZ,002073,软控股份,山东,专用机械,RKGF,主板,20061018,袁仲雪,民营企业
600017.SH,600017,日照港,山东,港口,RZG,主板,20061017,山东省人民政府国有资产监督管理委员会,地方国有企业
002074.SZ,002074,国轩高科,安徽,电气设备,GXGK,主板,20061018,李缜,民营企业
002075.SZ,002075,沙钢股份,江苏,特种钢,SGGF,主板,20061025,沈彬,民营企业
002076.SZ,002076,*ST星光,广东,家用电器,*STXG,主板,20061025,戴俊威,民营企业
601398.SH,601398,工商银行,北京,银行,GSYH,主板,20061027,无实际控制人,其他
002079.SZ,002079,苏州固锝,江苏,电气设备,SZGD,主板,20061116,吴炆皜,民营企业
002078.SZ,002078,太阳纸业,山东,造纸,TYZY,主板,20061116,李洪信,民营企业
002077.SZ,002077,大港股份,江苏,半导体,DGGF,主板,20061116,江苏省镇江市人民政府国有资产监督管理委员会,地方国有企业
600018.SH,600018,上港集团,上海,港口,SGJT,主板,20061026,上海市国有资产监督管理委员会,地方国有企业
002080.SZ,002080,中材科技,江苏,玻璃,ZCKJ,主板,20061120,国务院国有资产监督管理委员会,中央企业
002081.SZ,002081,金螳螂,江苏,装修装饰,JTL,主板,20061120,朱兴良,外资
002082.SZ,002082,万邦德,浙江,中成药,WBD,主板,20061120,赵守明,民营企业
601666.SH,601666,平煤股份,河南,煤炭开采,PMGF,主板,20061123,河南省人民政府国有资产监督管理委员会,地方国有企业
002083.SZ,002083,孚日股份,山东,纺织,FRGF,主板,20061124,高密市国有资产运营中心,地方国有企业
002084.SZ,002084,海鸥住工,广东,家居用品,HOZG,主板,20061124,唐台英,外资
002085.SZ,002085,万丰奥威,浙江,汽车配件,WFAW,主板,20061128,陈爱莲,民营企业
002086.SZ,002086,东方海洋,山东,渔业,DFHY,主板,20061128,无实际控制人,其他
002088.SZ,002088,鲁阳节能,山东,矿物制品,LYJN,主板,20061130,José E. Feliciano,外资
601872.SH,601872,招商轮船,上海,水运,ZSLC,主板,20061201,国务院国有资产监督管理委员会,中央企业
002090.SZ,002090,金智科技,江苏,电气设备,JZKJ,主板,20061208,赵丹,民营企业
002091.SZ,002091,江苏国泰,江苏,商贸代理,JSGT,主板,20061208,张家港市国有资产管理中心,地方国有企业
002092.SZ,002092,中泰化学,新疆,化工原料,ZTHX,主板,20061208,新疆维吾尔自治区人民政府国有资产监督管理委员会,地方国有企业
601991.SH,601991,大唐发电,北京,火力发电,DTFD,主板,20061220,国务院国有资产监督管理委员会,中央企业
002095.SZ,002095,生意宝,浙江,互联网,SYB,主板,20061215,孙德良,民营企业
002094.SZ,002094,青岛金王,山东,日用化工,QDJW,主板,20061215,陈索斌,民营企业
002093.SZ,002093,国脉科技,福建,文教休闲,GMKJ,主板,20061215,林惠榕,民营企业
002102.SZ,002102,能特科技,湖北,化学制药,NTKJ,主板,20061229,荆州市人民政府国有资产监督管理委员会,地方国有企业
002101.SZ,002101,广东鸿图,广东,汽车配件,GDHT,主板,20061229,广东省粤科金融集团有限公司,地方国有企业
002099.SZ,002099,海翔药业,浙江,化学制药,HXYY,主板,20061226,王云富,民营企业
002100.SZ,002100,天康生物,新疆,饲料,TKSW,主板,20061226,新疆生产建设兵团国有资产经营有限责任公司,地方国有企业
002097.SZ,002097,山河智能,湖南,工程机械,SHZN,主板,20061222,广州市人民政府,地方国有企业
002096.SZ,002096,易普力,湖南,化工原料,YPL,主板,20061222,国务院国有资产监督管理委员会,中央企业
002098.SZ,002098,浔兴股份,福建,服饰,XXGF,主板,20061222,王立军,民营企业
002103.SZ,002103,广博股份,浙江,文教休闲,GBGF,主板,20070110,王利平,民营企业
002105.SZ,002105,信隆健康,深圳,摩托车,XLJK,主板,20070112,廖学金,外资
601333.SH,601333,广深铁路,深圳,铁路,GSTL,主板,20061222,中国国家铁路集团有限公司,中央企业
002104.SZ,002104,恒宝股份,江苏,通信设备,HBGF,主板,20070110,钱京,民营企业
002110.SZ,002110,三钢闽光,福建,普钢,SGMG,主板,20070126,福建省人民政府国有资产监督管理委员会,地方国有企业
002108.SZ,002108,沧州明珠,河北,塑料,CZMZ,主板,20070124,广州市人民政府国有资产监督管理委员会,地方国有企业
002106.SZ,002106,莱宝高科,深圳,元器件,LBGK,主板,20070112,无实际控制人,其他
002109.SZ,002109,兴化股份,陕西,化工原料,XHGF,主板,20070126,陕西省人民政府国有资产监督管理委员会,地方国有企业
601002.SH,601002,晋亿实业,浙江,机械基件,JYSY,主板,20070126,蔡永龙,外资
601628.SH,601628,中国人寿,北京,保险,ZGRS,主板,20070109,中华人民共和国财政部,中央企业
002107.SZ,002107,沃华医药,山东,中成药,WHYY,主板,20070124,无实际控制人,其他
002111.SZ,002111,威海广泰,山东,航空,WHGT,主板,20070126,李光太,民营企业
002121.SZ,002121,科陆电子,深圳,电器仪表,KLDZ,主板,20070306,何享健,民营企业
002112.SZ,002112,三变科技,浙江,电气设备,SBKJ,主板,20070208,三门县人民政府,地方国有企业
002114.SZ,002114,罗平锌电,云南,铅锌,LPXD,主板,20070215,曲靖市人民政府国有资产监督管理委员会,地方国有企业
002115.SZ,002115,三维通信,浙江,互联网,SWTX,主板,20070215,李越伦,民营企业
002120.SZ,002120,韵达股份,浙江,仓储物流,YDGF,主板,20070306,聂腾云,民营企业
002116.SZ,002116,中国海诚,上海,建筑工程,ZGHC,主板,20070215,国务院国有资产监督管理委员会,中央企业
002117.SZ,002117,东港股份,山东,广告包装,DGGF,主板,20070302,无实际控制人,其他
601166.SH,601166,兴业银行,福建,银行,XYYH,主板,20070205,无实际控制人,其他
002119.SZ,002119,康强电子,浙江,半导体,KQDZ,主板,20070302,无实际控制人,其他
601003.SH,601003,柳钢股份,广西,普钢,LGGF,主板,20070227,广西壮族自治区人民政府国有资产监督管理委员会,地方国有企业
002124.SZ,002124,天邦食品,浙江,农业综合,TBSP,主板,20070403,张邦辉,民营企业
601005.SH,601005,重庆钢铁,重庆,普钢,CQGT,主板,20070228,中国宝武钢铁集团有限公司,中央企业
601318.SH,601318,中国平安,深圳,保险,ZGPA,主板,20070301,无实际控制人,其他
002123.SZ,002123,梦网科技,辽宁,互联网,MWKJ,主板,20070328,余文胜,民营企业
601007.SH,601007,金陵饭店,江苏,酒店餐饮,JLFD,主板,20070406,江苏省政府国有资产监督管理委员会,地方国有企业
002125.SZ,002125,湘潭电化,湖南,化工原料,XTDH,主板,20070403,湘潭市人民政府国有资产监督管理委员会,地方国有企业
300318.SZ,300318,博晖创新,北京,医疗保健,BHCX,创业板,20120523,杜江涛,民营企业
002122.SZ,002122,ST汇洲,浙江,机床制造,STHZ,主板,20070328,无实际控制人,其他
002126.SZ,002126,银轮股份,浙江,汽车配件,YLGF,主板,20070418,徐小敏,民营企业
601008.SH,601008,连云港,江苏,港口,LYG,主板,20070426,连云港市人民政府国有资产监督管理委员会,地方国有企业
002130.SZ,002130,沃尔核材,深圳,电气设备,WEHC,主板,20070420,无实际控制人,其他
002129.SZ,002129,TCL中环,天津,电气设备,TCLZH,主板,20070420,无实际控制人,其他
002127.SZ,002127,南极电商,江苏,互联网,NJDS,主板,20070418,张玉祥,民营企业
002131.SZ,002131,利欧股份,浙江,互联网,LOGF,主板,20070427,王相荣,民营企业
002132.SZ,002132,恒星科技,河南,钢加工,HXKJ,主板,20070427,谢保军,民营企业
002134.SZ,002134,天津普林,天津,元器件,TJPL,主板,20070516,无实际控制人,其他
002135.SZ,002135,东南网架,浙江,钢加工,DNWJ,主板,20070530,郭明明,民营企业
002136.SZ,002136,安纳达,安徽,化工原料,AND,主板,20070530,烟台市人民政府国有资产监督管理委员会,地方国有企业
002133.SZ,002133,广宇集团,浙江,全国地产,GYJT,主板,20070427,王轶磊,民营企业
000338.SZ,000338,潍柴动力,山东,汽车配件,WCDL,主板,20070430,山东省人民政府国有资产监督管理委员会,地方国有企业
002128.SZ,002128,电投能源,内蒙,煤炭开采,DTNY,主板,20070418,国务院国有资产监督管理委员会,中央企业
601998.SH,601998,中信银行,北京,银行,ZXYH,主板,20070427,中国中信集团有限公司,中央企业
002139.SZ,002139,拓邦股份,深圳,元器件,TBGF,主板,20070629,武永强,民营企业
601328.SH,601328,交通银行,上海,银行,JTYH,主板,20070515,无实际控制人,其他
601600.SH,601600,中国铝业,北京,铝,ZGLY,主板,20070430,国务院国有资产监督管理委员会,中央企业
002137.SZ,002137,实益达,深圳,元器件,SYD,主板,20070613,陈亚妹,民营企业
002138.SZ,002138,顺络电子,深圳,元器件,SLDZ,主板,20070613,无实际控制人,其他
002170.SZ,002170,芭田股份,深圳,农药化肥,BTGF,主板,20070919,黄培钊,民营企业
002140.SZ,002140,东华科技,安徽,建筑工程,DHKJ,主板,20070712,中国化学工程集团有限公司,中央企业
601919.SH,601919,中远海控,天津,水运,ZYHK,主板,20070626,国务院国有资产监督管理委员会,中央企业
601168.SH,601168,西部矿业,青海,铜,XBKY,主板,20070712,青海省政府国有资产监督管理委员会,地方国有企业
002144.SZ,002144,宏达高科,浙江,纺织,HDGK,主板,20070803,沈国甫,民营企业
002141.SZ,002141,贤丰控股,广东,农业综合,XFKG,主板,20070720,谢松锋,民营企业
002142.SZ,002142,宁波银行,浙江,银行,NBYH,主板,20070719,无实际控制人,其他
601009.SH,601009,南京银行,江苏,银行,NJYH,主板,20070719,无实际控制人,其他
002153.SZ,002153,石基信息,北京,软件服务,SJXX,主板,20070813,李仲初,民营企业
002146.SZ,002146,荣盛发展,河北,全国地产,RSFZ,主板,20070808,耿建明,民营企业
002159.SZ,002159,三特索道,湖北,旅游服务,STSD,主板,20070817,武汉东湖新技术开发区管理委员会,地方国有企业
002148.SZ,002148,北纬科技,北京,互联网,BWKJ,主板,20070810,傅乐民,民营企业
002150.SZ,002150,正泰电源,江苏,机械基件,ZTDY,主板,20070810,南存辉,民营企业
002152.SZ,002152,广电运通,广东,IT设备,GDYT,主板,20070813,广州市人民政府国有资产监督管理委员会,地方国有企业
002149.SZ,002149,西部材料,陕西,小金属,XBCL,主板,20070810,陕西省财政厅,地方国有企业
002157.SZ,002157,正邦科技,江西,农业综合,ZBKJ,主板,20070817,鲍洪星,民营企业
002155.SZ,002155,湖南黄金,湖南,黄金,HNHJ,主板,20070816,湖南省人民政府国有资产监督管理委员会,地方国有企业
002151.SZ,002151,北斗星通,北京,通信设备,BDXT,主板,20070813,周儒欣,民营企业
002156.SZ,002156,通富微电,江苏,半导体,TFWD,主板,20070816,石明达,民营企业
002145.SZ,002145,钛能化学,甘肃,化工原料,TNHX,主板,20070803,王泽龙,民营企业
002158.SZ,002158,汉钟精机,上海,工程机械,HZJJ,主板,20070817,廖哲男,外资
002168.SZ,002168,*ST惠程,重庆,电气设备,*STHC,主板,20070919,重庆市璧山区财政局,地方国有企业
002160.SZ,002160,常铝股份,江苏,铝,CLGF,主板,20070821,济南市人民政府国有资产监督管理委员会,地方国有企业
002161.SZ,002161,远望谷,深圳,通信设备,YWG,主板,20070821,徐玉锁,民营企业
002254.SZ,002254,泰和新材,山东,化纤,THXC,主板,20080625,烟台市人民政府国有资产监督管理委员会,地方国有企业
002154.SZ,002154,报喜鸟,浙江,服饰,BXN,主板,20070816,吴志泽,民营企业
002164.SZ,002164,宁波东力,浙江,机械基件,NBDL,主板,20070823,宋济隆,民营企业
002162.SZ,002162,悦心健康,上海,陶瓷,YXJK,主板,20070823,李慈雄,外资
002163.SZ,002163,海南发展,深圳,装修装饰,HNFZ,主板,20070823,海南省国有资产监督管理委员会,地方国有企业
002169.SZ,002169,智光电气,广东,电气设备,ZGDQ,主板,20070919,李永喜,民营企业
002167.SZ,002167,东方锆业,广东,小金属,DFGY,主板,20070913,许冉,民营企业
002175.SZ,002175,东方智造,广西,电器仪表,DFZZ,主板,20071012,李斌,民营企业
002171.SZ,002171,楚江新材,安徽,铜,CJXC,主板,20070921,姜纯,民营企业
002165.SZ,002165,红宝丽,江苏,化工原料,HBL,主板,20070913,芮敬功,民营企业
002192.SZ,002192,融捷股份,广东,小金属,RJGF,主板,20071205,吕向阳,民营企业
002166.SZ,002166,莱茵生物,广西,中成药,LYSW,主板,20070913,秦本军,民营企业
002172.SZ,002172,澳洋健康,江苏,医疗保健,AYJK,主板,20070921,张家港经济技术开发区管理委员会,地方国有企业
002174.SZ,002174,游族网络,福建,互联网,YZWL,主板,20070925,无实际控制人,其他
601169.SH,601169,北京银行,北京,银行,BJYH,主板,20070919,无实际控制人,其他
002173.SZ,002173,创新医疗,浙江,医疗保健,CXYL,主板,20070925,陈夏英,民营企业
002176.SZ,002176,江特电机,江西,小金属,JTDJ,主板,20071012,王新,民营企业
002179.SZ,002179,中航光电,河南,元器件,ZHGD,主板,20071101,中国航空工业集团有限公司,中央企业
002177.SZ,002177,御银股份,广东,其他商业,YYGF,主板,20071101,杨文江,民营企业
002180.SZ,002180,纳思达,广东,IT设备,NSD,主板,20071113,汪东颖,民营企业
601939.SH,601939,建设银行,北京,银行,JSYH,主板,20070925,国务院国有资产监督管理委员会,中央企业
002178.SZ,002178,延华智能,上海,软件服务,YHZN,主板,20071101,无实际控制人,其他
601808.SH,601808,中海油服,天津,石油开采,ZHYF,主板,20070928,国务院国有资产监督管理委员会,中央企业
300477.SZ,300477,ST合纵,北京,电气设备,STHZ,创业板,20150610,刘泽刚,民营企业
002183.SZ,002183,怡亚通,深圳,仓储物流,YYT,主板,20071113,深圳市人民政府国有资产监督管理委员会,地方国有企业
002185.SZ,002185,华天科技,甘肃,半导体,HTKJ,主板,20071120,肖胜利,民营企业
002182.SZ,002182,宝武镁业,江苏,小金属,BWMY,主板,20071113,国务院国有资产监督管理委员会,中央企业
002184.SZ,002184,海得控制,上海,机械基件,HDKZ,主板,20071116,许泓,民营企业
601088.SH,601088,中国神华,北京,煤炭开采,ZGSH,主板,20071009,国务院国有资产监督管理委员会,中央企业
002189.SZ,002189,中光学,河南,元器件,ZGX,主板,20071203,国务院国有资产监督管理委员会,中央企业
601857.SH,601857,中国石油,北京,石油开采,ZGSY,主板,20071105,国务院国有资产监督管理委员会,中央企业
002188.SZ,002188,中天服务,浙江,房产服务,ZTFW,主板,20071122,楼永良,民营企业
002187.SZ,002187,广百股份,广东,百货,GBGF,主板,20071122,广州市人民政府国有资产监督管理委员会,地方国有企业
002186.SZ,002186,全聚德,北京,酒店餐饮,QJD,主板,20071120,北京市人民政府国有资产监督管理委员会,地方国有企业
002196.SZ,002196,方正电机,浙江,纺织机械,FZDJ,主板,20071212,湖州莫干山高新技术产业开发区管理委员会,地方国有企业
002208.SZ,002208,合肥城建,安徽,区域地产,HFCJ,主板,20080128,合肥市人民政府国有资产监督管理委员会,地方国有企业
002193.SZ,002193,如意集团,山东,纺织,RYJT,主板,20071207,邱亚夫,民营企业
002190.SZ,002190,成飞集成,四川,汽车配件,CFJC,主板,20071203,中国航空工业集团有限公司,中央企业
002191.SZ,002191,劲嘉股份,深圳,广告包装,JJGF,主板,20071205,乔鲁予,民营企业
002194.SZ,002194,武汉凡谷,湖北,通信设备,WHFG,主板,20071207,王丽丽,民营企业
002195.SZ,002195,岩山科技,上海,软件服务,YSKJ,主板,20071212,傅耀华,民营企业
300213.SZ,300213,佳讯飞鸿,北京,通信设备,JXFH,创业板,20110505,林菁,民营企业
002200.SZ,002200,*ST交投,云南,建筑工程,*STJT,主板,20071221,云南省人民政府国有资产监督管理委员会,地方国有企业
002199.SZ,002199,*ST东晶,浙江,元器件,*STDJ,主板,20071221,朱海飞,民营企业
002198.SZ,002198,嘉应制药,广东,中成药,JYZY,主板,20071218,无实际控制人,其他
601390.SH,601390,中国中铁,北京,建筑工程,ZGZT,主板,20071203,国务院国有资产监督管理委员会,中央企业
601918.SH,601918,新集能源,安徽,煤炭开采,XJNY,主板,20071219,国务院国有资产监督管理委员会,中央企业
002197.SZ,002197,证通电子,深圳,IT设备,ZTDZ,主板,20071218,曾胜强,民营企业
002201.SZ,002201,九鼎新材,江苏,玻璃,JDXC,主板,20071226,顾清波,民营企业
002203.SZ,002203,海亮股份,浙江,铜,HLGF,主板,20080116,冯海良,民营企业
601999.SH,601999,出版传媒,辽宁,出版业,CBCM,主板,20071221,辽宁省人民政府国有资产监督管理委员会,地方国有企业
002202.SZ,002202,金风科技,新疆,电气设备,JFKJ,主板,20071226,无实际控制人,其他
601866.SH,601866,中远海发,上海,水运,ZYHF,主板,20071212,国务院国有资产监督管理委员会,中央企业
002204.SZ,002204,大连重工,辽宁,专用机械,DLZG,主板,20080116,大连市人民政府国有资产监督管理委员会,地方国有企业
002205.SZ,002205,国统股份,新疆,水泥,GTGF,主板,20080123,国务院国有资产监督管理委员会,中央企业
601601.SH,601601,中国太保,上海,保险,ZGTB,主板,20071225,无实际控制人,其他
002207.SZ,002207,准油股份,新疆,石油开采,ZYGF,主板,20080128,克拉玛依市国有资产监督管理委员会,地方国有企业
002206.SZ,002206,海利得,浙江,化纤,HLD,主板,20080123,高利民,民营企业
002209.SZ,002209,达意隆,广东,轻工机械,DYL,主板,20080130,张颂明,民营企业
002210.SZ,002210,飞马国际,深圳,环境保护,FMGJ,主板,20080130,刘永好,民营企业
002211.SZ,002211,ST宏达,上海,橡胶,STHD,主板,20080201,朱恩伟,民营企业
002213.SZ,002213,大为股份,深圳,半导体,DWGF,主板,20080201,连宗敏,民营企业
601099.SH,601099,太平洋,云南,证券,TPY,主板,20071228,无实际控制人,其他
002212.SZ,002212,天融信,广东,软件服务,TRX,主板,20080201,无实际控制人,其他
002216.SZ,002216,三全食品,河南,食品,SQSP,主板,20080220,陈希,民营企业
601899.SH,601899,紫金矿业,福建,铜,ZJKY,主板,20080425,上杭县财政局,地方国有企业
002215.SZ,002215,诺普信,深圳,农药化肥,NPX,主板,20080218,卢柏强,民营企业
002214.SZ,002214,*ST大立,浙江,电器仪表,*STDL,主板,20080218,庞惠民,民营企业
002226.SZ,002226,江南化工,安徽,化工原料,JNHG,主板,20080506,国务院国有资产监督管理委员会,中央企业
002217.SZ,002217,合力泰,福建,元器件,HLT,主板,20080220,福建省人民政府国有资产监督管理委员会,地方国有企业
002218.SZ,002218,拓日新能,深圳,新型电力,TRXN,主板,20080228,李粉莉,民营企业
002222.SZ,002222,福晶科技,福建,元器件,FJKJ,主板,20080319,中国科学院福建物质结构研究所,中央企业
601898.SH,601898,中煤能源,北京,煤炭开采,ZMNY,主板,20080201,国务院国有资产监督管理委员会,中央企业
002221.SZ,002221,东华能源,广东,石油加工,DHNY,主板,20080306,周一峰,民营企业
002224.SZ,002224,三力士,浙江,橡胶,SLS,主板,20080425,金玉中,民营企业
002219.SZ,002219,新里程,甘肃,医疗保健,XLC,主板,20080306,无实际控制人,其他
601958.SH,601958,金钼股份,陕西,小金属,JMGF,主板,20080417,陕西省人民政府国有资产监督管理委员会,地方国有企业
601186.SH,601186,中国铁建,北京,建筑工程,ZGTJ,主板,20080310,国务院国有资产监督管理委员会,中央企业
002223.SZ,002223,鱼跃医疗,江苏,医疗保健,YYYL,主板,20080418,吴光明,民营企业
002225.SZ,002225,濮耐股份,河南,其他建材,PNGF,主板,20080425,刘百宽,民营企业
002228.SZ,002228,合兴包装,福建,广告包装,HXBZ,主板,20080508,许晓光,民营企业
002227.SZ,002227,奥特迅,深圳,电气设备,ATX,主板,20080506,廖晓霞,外资
002244.SZ,002244,滨江集团,浙江,区域地产,BJJT,主板,20080529,戚金兴,民营企业
002230.SZ,002230,科大讯飞,安徽,软件服务,KDXF,主板,20080512,刘庆峰,民营企业
002237.SZ,002237,恒邦股份,山东,黄金,HBGF,主板,20080520,江西省国有资产监督管理委员会,地方国有企业
002235.SZ,002235,安妮股份,福建,造纸,ANGF,主板,20080516,林旭曦,民营企业
002232.SZ,002232,启明信息,吉林,软件服务,QMXX,主板,20080509,国务院国有资产监督管理委员会,中央企业
002249.SZ,002249,大洋电机,广东,电气设备,DYDJ,主板,20080619,鲁楚平,民营企业
002229.SZ,002229,鸿博股份,福建,广告包装,HBGF,主板,20080508,无实际控制人,其他
002253.SZ,002253,*ST智胜,四川,软件服务,*STZS,主板,20080623,游志胜,民营企业
002234.SZ,002234,民和股份,山东,农业综合,MHGF,主板,20080516,孙宪法,民营企业
002246.SZ,002246,北化股份,四川,化工原料,BHGF,主板,20080605,中国兵器工业集团有限公司,中央企业
002233.SZ,002233,塔牌集团,广东,水泥,TPJT,主板,20080516,钟烈华,民营企业
002243.SZ,002243,力合科创,深圳,广告包装,LHKC,主板,20080528,深圳市人民政府国有资产监督管理委员会,地方国有企业
002236.SZ,002236,大华股份,浙江,IT设备,DHGF,主板,20080520,傅利泉,民营企业
002265.SZ,002265,建设工业,云南,专用机械,JSGY,主板,20080806,中国兵器装备集团有限公司,中央企业
002252.SZ,002252,上海莱士,上海,生物制药,SHLS,主板,20080623,海尔集团公司,集体企业
002240.SZ,002240,盛新锂能,四川,小金属,SXLN,主板,20080523,姚雄杰,民营企业
002247.SZ,002247,聚力文化,浙江,其他建材,JLWH,主板,20080612,姜飞雄,民营企业
002239.SZ,002239,奥特佳,江苏,汽车配件,ATJ,主板,20080522,湖北省人民政府国有资产监督管理委员会,地方国有企业
002238.SZ,002238,天威视讯,深圳,影视音像,TWSX,主板,20080526,深圳广播电影电视集团,地方国有企业
002242.SZ,002242,九阳股份,山东,家用电器,JYGF,主板,20080528,王旭宁,民营企业
002245.SZ,002245,蔚蓝锂芯,江苏,电气设备,WLLX,主板,20080605,CHEN KAI,外资
002241.SZ,002241,歌尔股份,山东,元器件,GEGF,主板,20080522,姜滨,民营企业
002248.SZ,002248,华东数控,山东,机床制造,HDSK,主板,20080612,陈学利,民营企业
002263.SZ,002263,大东南,浙江,塑料,DDN,主板,20080728,浙江省绍兴市诸暨市人民政府国有资产监督管理委员会,地方国有企业
002274.SZ,002274,华昌化工,江苏,农药化肥,HCHG,主板,20080925,无实际控制人,其他
002251.SZ,002251,步步高,湖南,超市连锁,BBG,主板,20080619,无实际控制人,其他
002256.SZ,002256,兆新股份,深圳,新型电力,ZXGF,主板,20080625,无实际控制人,其他
002261.SZ,002261,拓维信息,湖南,软件服务,TWXX,主板,20080723,李新宇,民营企业
002255.SZ,002255,海陆重工,江苏,专用机械,HLZG,主板,20080625,徐元生,民营企业
002259.SZ,002259,升达林业,四川,供气供热,SDLY,主板,20080716,无实际控制人,其他
002262.SZ,002262,恩华药业,江苏,化学制药,EHYY,主板,20080723,孙彭生,民营企业
002264.SZ,002264,新华都,福建,互联网,XHD,主板,20080731,陈发树,民营企业
002258.SZ,002258,利尔化学,四川,农药化肥,LEHX,主板,20080708,中国工程物理研究院,中央企业
002250.SZ,002250,联化科技,浙江,化工原料,LHKJ,主板,20080619,牟金香,民营企业
601668.SH,601668,中国建筑,北京,建筑工程,ZGJZ,主板,20090729,国务院国有资产监督管理委员会,中央企业
002267.SZ,002267,陕天然气,陕西,供气供热,STRQ,主板,20080813,陕西省人民政府国有资产监督管理委员会,地方国有企业
002268.SZ,002268,电科网安,四川,IT设备,DKWA,主板,20080811,中国电子科技集团有限公司,中央企业
002271.SZ,002271,东方雨虹,北京,其他建材,DFYH,主板,20080910,李卫国,民营企业
002269.SZ,002269,美邦服饰,上海,服饰,MBFS,主板,20080828,周成建,民营企业
002270.SZ,002270,华明装备,山东,电气设备,HMZB,主板,20080905,肖毅,民营企业
002272.SZ,002272,川润股份,四川,机械基件,CRGF,主板,20080919,罗丽华,民营企业
002266.SZ,002266,浙富控股,浙江,环境保护,ZFKG,主板,20080806,孙毅,民营企业
002275.SZ,002275,桂林三金,广西,中成药,GLSJ,主板,20090710,邹洵,民营企业
002273.SZ,002273,水晶光电,浙江,元器件,SJGD,主板,20080919,叶仙玉,民营企业
002396.SZ,002396,星网锐捷,福建,通信设备,XWRJ,主板,20100623,福建省人民政府国有资产监督管理委员会,地方国有企业
601107.SH,601107,四川成渝,四川,路桥,SCCY,主板,20090727,四川省政府国有资产监督管理委员会,地方国有企业
601766.SH,601766,中国中车,北京,运输设备,ZGZC,主板,20080818,国务院国有资产监督管理委员会,中央企业
601788.SH,601788,光大证券,上海,证券,GDZQ,主板,20090818,国务院国有资产监督管理委员会,中央企业
002276.SZ,002276,万马股份,浙江,电气设备,WMGF,主板,20090710,青岛西海岸新区国有资产管理局,地方国有企业
002282.SZ,002282,博深股份,河北,机械基件,BSGF,主板,20090821,山东省人民政府国有资产监督管理委员会,地方国有企业
002284.SZ,002284,亚太股份,浙江,汽车配件,YTGF,主板,20090828,黄伟中,民营企业
002283.SZ,002283,天润工业,山东,汽车配件,TRGY,主板,20090821,邢运波,民营企业
002362.SZ,002362,汉王科技,北京,软件服务,HWKJ,主板,20100303,刘迎建,民营企业
002277.SZ,002277,友阿股份,湖南,百货,YAGF,主板,20090717,胡子敬,民营企业
601727.SH,601727,上海电气,上海,电气设备,SHDQ,主板,20081205,上海市国有资产监督管理委员会,地方国有企业
002278.SZ,002278,神开股份,上海,化工机械,SKGF,主板,20090811,无实际控制人,其他
002461.SZ,002461,珠江啤酒,广东,啤酒,ZJPJ,主板,20100818,广州市人民政府国有资产监督管理委员会,地方国有企业
002285.SZ,002285,世联行,深圳,房产服务,SLH,主板,20090828,珠海市人民政府国有资产监督管理委员会,地方国有企业
002281.SZ,002281,光迅科技,湖北,通信设备,GXKJ,主板,20090821,国务院国有资产监督管理委员会,中央企业
002287.SZ,002287,奇正藏药,西藏,中成药,QZZY,主板,20090828,雷菊芳,民营企业
002286.SZ,002286,保龄宝,山东,食品,BLB,主板,20090828,戴斯觉,民营企业
002289.SZ,002289,*ST宇顺,深圳,元器件,*STYS,主板,20090903,张建云,民营企业
300370.SZ,300370,安控科技,四川,电器仪表,AKKJ,创业板,20140123,宜宾市叙州区国有资产监督管理局,地方国有企业
002290.SZ,002290,禾盛新材,江苏,家用电器,HSXC,主板,20090903,谢海闻,民营企业
002296.SZ,002296,辉煌科技,河南,通信设备,HHKJ,主板,20090929,无实际控制人,其他
002295.SZ,002295,精艺股份,广东,铜,JYGF,主板,20090929,眉山市东坡区国有资产监督管理局,地方国有企业
002291.SZ,002291,遥望科技,广东,广告包装,YWKJ,主板,20090903,张泽民,外资
002300.SZ,002300,太阳电缆,福建,电气设备,TYDL,主板,20091021,李云孝,外资
002292.SZ,002292,奥飞娱乐,广东,影视音像,AFYL,主板,20090910,蔡东青,民营企业
002293.SZ,002293,罗莱生活,江苏,纺织,LLSH,主板,20090910,薛伟成,民营企业
002294.SZ,002294,信立泰,深圳,化学制药,XLT,主板,20090910,叶澄海,民营企业
600999.SH,600999,招商证券,深圳,证券,ZSZQ,主板,20091117,招商局集团有限公司,中央企业
002297.SZ,002297,博云新材,湖南,航空,BYXC,主板,20090929,湖南省人民政府国有资产监督管理委员会,地方国有企业
300002.SZ,300002,神州泰岳,北京,互联网,SZTY,创业板,20091030,无实际控制人,其他
002599.SZ,002599,盛通股份,北京,广告包装,STGF,主板,20110715,栗延秋,民营企业
601126.SH,601126,四方股份,北京,电气设备,SFGF,主板,20101231,杨奇逊,民营企业
601633.SH,601633,长城汽车,河北,汽车整车,CCQC,主板,20110928,魏建军,民营企业
002467.SZ,002467,二六三,北京,互联网,ELS,主板,20100908,李小龙,民营企业
002446.SZ,002446,盛路通信,广东,通信设备,SLTX,主板,20100713,杨华,民营企业
002448.SZ,002448,中原内配,河南,汽车配件,ZYNP,主板,20100716,薛德龙,民营企业
002438.SZ,002438,江苏神通,江苏,机械基件,JSST,主板,20100623,韩力,民营企业
002490.SZ,002490,山东墨龙,山东,化工机械,SDML,主板,20101021,寿光市地方金融监督管理局(寿光市国有资产监督管理局),地方国有企业
002419.SZ,002419,天虹股份,深圳,百货,THGF,主板,20100601,国务院国有资产监督管理委员会,中央企业
300445.SZ,300445,康斯特,北京,电器仪表,KST,创业板,20150424,姜维利,民营企业
300353.SZ,300353,东土科技,北京,通信设备,DTKJ,创业板,20120927,李平,民营企业
300444.SZ,300444,双杰电气,北京,电气设备,SJDQ,创业板,20150423,赵志宏,民营企业
002298.SZ,002298,中电鑫龙,安徽,电气设备,ZDXL,主板,20090929,瞿洪桂,民营企业
002506.SZ,002506,协鑫集成,上海,电气设备,XXJC,主板,20101118,朱共山,外资
601888.SH,601888,中国中免,北京,旅游服务,ZGZM,主板,20091015,国务院国有资产监督管理委员会,中央企业
002299.SZ,002299,圣农发展,福建,农业综合,SNFZ,主板,20091021,傅芬芳,民营企业
002301.SZ,002301,齐心集团,深圳,文教休闲,QXJT,主板,20091021,陈钦鹏,民营企业
002489.SZ,002489,浙江永强,浙江,家居用品,ZJYQ,主板,20101021,谢建勇,民营企业
002304.SZ,002304,洋河股份,江苏,白酒,YHGF,主板,20091106,宿迁市人民政府国有资产监督管理委员会,地方国有企业
002306.SZ,002306,*ST云网,北京,酒店餐饮,*STYW,主板,20091111,陈继,民营企业
002365.SZ,002365,永安药业,湖北,化学制药,YAYY,主板,20100305,陈勇,民营企业
002302.SZ,002302,西部建设,新疆,水泥,XBJS,主板,20091103,国务院国有资产监督管理委员会,中央企业
002307.SZ,002307,北新路桥,新疆,建筑工程,BXLQ,主板,20091111,新疆生产建设兵团第十一师国有资产监督管理委员会,地方国有企业
002350.SZ,002350,北京科锐,北京,电气设备,BJKR,主板,20100203,付小东,民营企业
002315.SZ,002315,焦点科技,江苏,互联网,JDKJ,主板,20091209,沈锦华,民营企业
002305.SZ,002305,*ST南置,湖北,区域地产,*STNZ,主板,20091106,国务院国有资产监督管理委员会,中央企业
002303.SZ,002303,美盈森,深圳,造纸,MYS,主板,20091103,王海鹏,民营企业
002756.SZ,002756,永兴材料,浙江,小金属,YXCL,主板,20150515,高兴江,民营企业
002310.SZ,002310,东方新能,北京,新型电力,DFXN,主板,20091127,北京市朝阳区人民政府国有资产监督管理委员会,地方国有企业
601139.SH,601139,深圳燃气,深圳,供气供热,SZRQ,主板,20091225,深圳市人民政府国有资产监督管理委员会,地方国有企业
002309.SZ,002309,中利集团,江苏,电气设备,ZLJT,主板,20091127,厦门市人民政府国有资产监督管理委员会,地方国有企业
002311.SZ,002311,海大集团,广东,饲料,HDJT,主板,20091127,薛华,民营企业
002312.SZ,002312,川发龙蟒,四川,化工原料,CFLM,主板,20091203,四川省政府国有资产监督管理委员会,地方国有企业
002523.SZ,002523,天桥起重,湖南,专用机械,TQQZ,主板,20101210,株洲市人民政府国有资产监督管理委员会,地方国有企业
601618.SH,601618,中国中冶,北京,建筑工程,ZGZY,主板,20090921,国务院国有资产监督管理委员会,中央企业
002313.SZ,002313,日海智能,深圳,通信设备,RHZN,主板,20091203,珠海市人民政府国有资产监督管理委员会,地方国有企业
002314.SZ,002314,南山控股,深圳,区域地产,NSKG,主板,20091203,中国南山开发(集团)股份有限公司,中央企业
002316.SZ,002316,亚联发展,吉林,软件服务,YLFZ,主板,20091209,王永彬,民营企业
002356.SZ,002356,赫美集团,深圳,其他商业,HMJT,主板,20100209,郑梓豪,民营企业
601117.SH,601117,中国化学,北京,建筑工程,ZGHX,主板,20100107,国务院国有资产监督管理委员会,中央企业
002318.SZ,002318,久立特材,浙江,特种钢,JLTC,主板,20091211,周志江,民营企业
002327.SZ,002327,富安娜,深圳,纺织,FAN,主板,20091230,林国芳,民营企业
002317.SZ,002317,众生药业,广东,中成药,ZSYY,主板,20091211,张玉冲,民营企业
002319.SZ,002319,乐通股份,广东,染料涂料,LTGF,主板,20091211,周镇科,民营企业
002474.SZ,002474,榕基软件,福建,软件服务,RJRJ,主板,20100915,鲁峰,民营企业
002321.SZ,002321,华英农业,河南,农业综合,HYNY,主板,20091216,许水均,民营企业
300010.SZ,300010,豆神教育,北京,软件服务,DSJY,创业板,20091030,窦昕,民营企业
300001.SZ,300001,特锐德,山东,电气设备,TRD,创业板,20091030,于德翔,民营企业
002331.SZ,002331,皖通科技,安徽,软件服务,WTKJ,主板,20100106,黄涛,民营企业
300004.SZ,300004,南风股份,广东,电气设备,NFGF,创业板,20091030,佛山市南海区国有资产监督管理局,地方国有企业
300008.SZ,300008,天海防务,上海,船舶,THFW,创业板,20091030,何旭东,民营企业
300003.SZ,300003,乐普医疗,北京,医疗保健,LPYL,创业板,20091030,蒲忠杰,民营企业
300006.SZ,300006,莱美药业,重庆,化学制药,LMYY,创业板,20091030,广西壮族自治区人民政府国有资产监督管理委员会,地方国有企业
300007.SZ,300007,汉威科技,河南,电器仪表,HWKJ,创业板,20091030,任红军,民营企业
300014.SZ,300014,亿纬锂能,广东,电气设备,YWLN,创业板,20091030,刘金成,民营企业
300009.SZ,300009,安科生物,安徽,生物制药,AKSW,创业板,20091030,宋礼华,民营企业
300011.SZ,300011,鼎汉技术,北京,运输设备,DHJS,创业板,20091030,广州市人民政府,地方国有企业
300005.SZ,300005,探路者,北京,服饰,TLZ,创业板,20091030,李明,民营企业
300013.SZ,300013,新宁物流,河南,仓储物流,XNWL,创业板,20091030,河南省财政厅,地方国有企业
601801.SH,601801,皖新传媒,安徽,出版业,WXCM,主板,20100118,安徽省人民政府,地方国有企业
002328.SZ,002328,新朋股份,上海,汽车配件,XPGF,主板,20091230,宋琳,民营企业
300012.SZ,300012,华测检测,深圳,电器仪表,HCJC,创业板,20091030,万峰,民营企业
300018.SZ,300018,中元股份,湖北,电气设备,ZYGF,创业板,20091030,朱双全,民营企业
300071.SZ,300071,福石控股,北京,广告包装,FSKG,创业板,20100421,陈永亮,民营企业
300017.SZ,300017,网宿科技,上海,软件服务,WSKJ,创业板,20091030,无实际控制人,其他
300015.SZ,300015,爱尔眼科,湖南,医疗保健,AEYK,创业板,20091030,陈邦,民营企业
300019.SZ,300019,硅宝科技,四川,化工原料,GBKJ,创业板,20091030,无实际控制人,其他
300020.SZ,300020,ST银江,浙江,软件服务,STYJ,创业板,20091030,王辉,民营企业
300022.SZ,300022,吉峰科技,四川,农用机械,JFKJ,创业板,20091030,田刚印,民营企业
300024.SZ,300024,机器人,辽宁,专用机械,JQR,创业板,20091030,中国科学院,中央企业
300021.SZ,300021,大禹节水,甘肃,建筑工程,DYJS,创业板,20091030,王浩宇,民营企业
300033.SZ,300033,同花顺,浙江,软件服务,THS,创业板,20091225,易峥,民营企业
002320.SZ,002320,海峡股份,海南,水运,HXGF,主板,20091216,国务院国有资产监督管理委员会,中央企业
601877.SH,601877,正泰电器,浙江,电气设备,ZTDQ,主板,20100121,南存辉,民营企业
300027.SZ,300027,华谊兄弟,浙江,影视音像,HYXD,创业板,20091030,王忠军,民营企业
300026.SZ,300026,红日药业,天津,中成药,HRYY,创业板,20091030,成都市国有资产监督管理委员会,地方国有企业
300025.SZ,300025,华星创业,浙江,通信设备,HXCY,创业板,20091030,朱东成,民营企业
002324.SZ,002324,普利特,上海,塑料,PLT,主板,20091218,周文,民营企业
002322.SZ,002322,理工能科,浙江,软件服务,LGNK,主板,20091218,周方洁,民营企业
002323.SZ,002323,雅博股份,山东,建筑工程,YBGF,主板,20091218,枣庄市人民政府国有资产监督管理委员会,地方国有企业
002326.SZ,002326,永太科技,浙江,化工原料,YTKJ,主板,20091222,王莺妹,民营企业
002330.SZ,002330,得利斯,山东,食品,DLS,主板,20100106,郑和平,民营企业
002329.SZ,002329,皇氏集团,广西,乳制品,HSJT,主板,20100106,黄嘉棣,民营企业
002333.SZ,002333,罗普斯金,江苏,其他建材,LPSJ,主板,20100112,宫长义,民营企业
002332.SZ,002332,仙琚制药,浙江,化学制药,XJZY,主板,20100112,仙居县国资工作中心,地方国有企业
002334.SZ,002334,英威腾,深圳,电气设备,YWT,主板,20100113,黄申力,民营企业
002337.SZ,002337,赛象科技,天津,化工机械,SXKJ,主板,20100115,张建浩,民营企业
002335.SZ,002335,科华数据,福建,电气设备,KHSJ,主板,20100113,陈成辉,民营企业
002338.SZ,002338,奥普光电,吉林,电器仪表,APGD,主板,20100115,中国科学院长春光学精密机械与物理研究所,中央企业
002340.SZ,002340,格林美,深圳,小金属,GLM,主板,20100122,许开华,民营企业
002561.SZ,002561,徐家汇,上海,百货,XJH,主板,20110303,上海市徐汇区人民政府国有资产监督管理委员会,地方国有企业
002339.SZ,002339,积成电子,山东,电气设备,JCDZ,主板,20100122,无实际控制人,其他
002344.SZ,002344,海宁皮城,浙江,商品城,HNPC,主板,20100126,海宁市财政局(海宁市人民政府国有资产监督管理办公室),地方国有企业
300031.SZ,300031,宝通科技,江苏,互联网,BTKJ,创业板,20091225,包志方,民营企业
300139.SZ,300139,晓程科技,北京,黄金,XCKJ,创业板,20101112,程毅,民营企业
002342.SZ,002342,巨力索具,河北,机械基件,JLSJ,主板,20100126,杨建忠,民营企业
002538.SZ,002538,ST司特,安徽,农药化肥,STST,主板,20110118,袁启宏,民营企业
002343.SZ,002343,慈文传媒,江西,影视音像,CWCM,主板,20100126,江西省人民政府,地方国有企业
002345.SZ,002345,潮宏基,广东,服饰,CHJ,主板,20100128,廖木枝,民营企业
002346.SZ,002346,柘中股份,上海,电气设备,ZZGF,主板,20100128,陆仁军,民营企业
002347.SZ,002347,泰尔股份,安徽,机械基件,TEGF,主板,20100128,邰正彪,民营企业
002348.SZ,002348,高乐股份,广东,文教休闲,GLGF,主板,20100203,王帆,民营企业
002381.SZ,002381,双箭股份,浙江,橡胶,SJGF,主板,20100402,沈耿亮,民营企业
300034.SZ,300034,钢研高纳,北京,航空,GYGN,创业板,20091225,国务院国有资产监督管理委员会,中央企业
300032.SZ,300032,金龙机电,浙江,元器件,JLJD,创业板,20091225,赵宝泽,民营企业
002349.SZ,002349,精华制药,江苏,中成药,JHZY,主板,20100203,南通市人民政府国有资产监督管理委员会,地方国有企业
601678.SH,601678,滨化股份,山东,化工原料,BHGF,主板,20100223,无实际控制人,其他
002351.SZ,002351,漫步者,深圳,IT设备,MBZ,主板,20100205,张文东,民营企业
002352.SZ,002352,顺丰控股,深圳,仓储物流,SFKG,主板,20100205,王卫,民营企业
002591.SZ,002591,恒大高新,江西,环境保护,HDGX,主板,20110621,朱星河,民营企业
002355.SZ,002355,兴民智通,山东,汽车配件,XMZT,主板,20100209,高赫男,民营企业
002353.SZ,002353,杰瑞股份,山东,化工机械,JRGF,主板,20100205,孙伟杰,民营企业
300029.SZ,300029,*ST天龙,江苏,建筑工程,*STTL,创业板,20091225,无实际控制人,其他
002354.SZ,002354,天娱数科,辽宁,互联网,TYSK,主板,20100209,无实际控制人,其他
300035.SZ,300035,中科电气,湖南,电气设备,ZKDQ,创业板,20091225,余新,民营企业
300247.SZ,300247,融捷健康,安徽,医疗保健,RJJK,创业板,20110729,吕向阳,民营企业
300036.SZ,300036,超图软件,北京,软件服务,CTRJ,创业板,20091225,钟耳顺,民营企业
300030.SZ,300030,阳普医疗,广东,医疗保健,YPYL,创业板,20091225,珠海市人民政府国有资产监督管理委员会,地方国有企业
002358.SZ,002358,森源电气,河南,电气设备,SYDQ,主板,20100210,河南省财政厅,地方国有企业
002549.SZ,002549,凯美特气,湖南,环境保护,KMTQ,主板,20110218,祝恩福,外资
300041.SZ,300041,回天新材,湖北,化工原料,HTXC,创业板,20100108,章力,民营企业
300037.SZ,300037,新宙邦,深圳,化工原料,XZB,创业板,20100108,覃九三,民营企业
002357.SZ,002357,富临运业,四川,公共交通,FLYY,主板,20100210,刘锋,民营企业
002455.SZ,002455,百川股份,江苏,化工原料,BCGF,主板,20100803,郑铁江,民营企业
002370.SZ,002370,亚太药业,浙江,化学制药,YTYY,主板,20100316,邱中勋,民营企业
002375.SZ,002375,亚厦股份,浙江,装修装饰,YSGF,主板,20100323,丁欣欣,民营企业
601688.SH,601688,华泰证券,江苏,证券,HTZQ,主板,20100226,江苏省政府国有资产监督管理委员会,地方国有企业
002369.SZ,002369,卓翼科技,深圳,通信设备,ZYKJ,主板,20100316,陈雍,民营企业
300040.SZ,300040,九洲集团,黑龙江,新型电力,JZJT,创业板,20100108,李寅,民营企业
601058.SH,601058,赛轮轮胎,山东,汽车配件,SLLT,主板,20110630,袁仲雪,民营企业
002360.SZ,002360,同德化工,山西,化工原料,TDHG,主板,20100303,张云升,民营企业
002364.SZ,002364,中恒电气,浙江,电气设备,ZHDQ,主板,20100305,朱国锭,民营企业
300039.SZ,300039,上海凯宝,上海,中成药,SHKB,创业板,20100108,穆竟伟,民营企业
002367.SZ,002367,康力电梯,江苏,运输设备,KLDT,主板,20100312,朱美娟,民营企业
002366.SZ,002366,融发核电,四川,专用机械,RFHD,主板,20100312,青岛西海岸新区国有资产管理局,地方国有企业
601179.SH,601179,中国西电,陕西,电气设备,ZGXD,主板,20100128,国务院国有资产监督管理委员会,中央企业
002361.SZ,002361,神剑股份,安徽,化工原料,SJGF,主板,20100303,芜湖市人民政府国有资产监督管理委员会,地方国有企业
002368.SZ,002368,太极股份,北京,软件服务,TJGF,主板,20100312,国务院国有资产监督管理委员会,中央企业
002374.SZ,002374,中锐股份,山东,广告包装,ZRGF,主板,20100318,钱建蓉,民营企业
300042.SZ,300042,朗科科技,深圳,IT设备,LKKJ,创业板,20100108,韶关市人民政府国有资产监督管理委员会,地方国有企业
300045.SZ,300045,华力创通,北京,IT设备,HLCT,创业板,20100120,高小离,民营企业
300049.SZ,300049,福瑞医科,内蒙,医疗保健,FRYK,创业板,20100120,王冠一,民营企业
300047.SZ,300047,天源迪科,深圳,软件服务,TYDK,创业板,20100120,无实际控制人,其他
002371.SZ,002371,北方华创,北京,半导体,BFHC,主板,20100316,北京电子控股有限责任公司,地方国有企业
300048.SZ,300048,合康新能,北京,电气设备,HKXN,创业板,20100120,何享健,民营企业
002373.SZ,002373,千方科技,北京,软件服务,QFKJ,主板,20100318,夏曙东,民营企业
002380.SZ,002380,科远智慧,江苏,软件服务,KYZH,主板,20100331,刘国耀,民营企业
002566.SZ,002566,益盛药业,吉林,中成药,YSYY,主板,20110318,张益胜,民营企业
002372.SZ,002372,伟星新材,浙江,其他建材,WXXC,主板,20100318,章卡鹏,民营企业
002376.SZ,002376,新北洋,山东,IT设备,XBY,主板,20100323,无实际控制人,其他
002397.SZ,002397,梦洁股份,湖南,纺织,MJGF,主板,20100429,无实际控制人,其他
601106.SH,601106,中国一重,黑龙江,工程机械,ZGYZ,主板,20100209,国务院国有资产监督管理委员会,中央企业
002378.SZ,002378,章源钨业,江西,小金属,ZYWY,主板,20100331,黄泽兰,民营企业
300050.SZ,300050,世纪鼎利,广东,通信设备,SJDL,创业板,20100120,吴晨明,民营企业
300044.SZ,300044,ST赛为,深圳,软件服务,STSW,创业板,20100120,周勇,民营企业
300046.SZ,300046,台基股份,湖北,半导体,TJGF,创业板,20100120,湖北省人民政府国有资产监督管理委员会,地方国有企业
300043.SZ,300043,星辉娱乐,广东,互联网,XHYL,创业板,20100120,陈雁升,民营企业
603199.SH,603199,九华旅游,安徽,旅游景点,JHLY,主板,20150326,池州市政府国有资产监督管理委员会,地方国有企业
002383.SZ,002383,合众思壮,北京,通信设备,HZSZ,主板,20100402,河南省财政厅,地方国有企业
002363.SZ,002363,隆基机械,山东,汽车配件,LJJX,主板,20100305,张海燕,民营企业
002379.SZ,002379,宏桥控股,山东,铝,HQKG,主板,20100331,张波,民营企业
002382.SZ,002382,蓝帆医疗,山东,医疗保健,LFYL,主板,20100402,李振平,民营企业
002421.SZ,002421,达实智能,深圳,软件服务,DSZN,主板,20100603,刘磅,民营企业
300277.SZ,300277,汽轮科技,浙江,机械基件,QLKJ,创业板,20111123,杭州市人民政府国有资产监督管理委员会,地方国有企业
300051.SZ,300051,琏升科技,江苏,综合类,LSKJ,创业板,20100211,王新,民营企业
002392.SZ,002392,北京利尔,北京,其他建材,BJLE,主板,20100423,赵继增,民营企业
002630.SZ,002630,ST华西,四川,专用机械,STHX,主板,20111111,黎仁超,民营企业
002385.SZ,002385,大北农,北京,饲料,DBN,主板,20100409,邵根伙,民营企业
002384.SZ,002384,东山精密,江苏,元器件,DSJM,主板,20100409,袁永刚,民营企业
002386.SZ,002386,天原股份,四川,化工原料,TYGF,主板,20100409,宜宾市政府国有资产监督管理委员会,地方国有企业
002377.SZ,002377,国创高新,湖北,其他建材,GCGX,主板,20100323,陶春风,民营企业
300052.SZ,300052,中青宝,深圳,互联网,ZQB,创业板,20100211,李瑞杰,民营企业
300054.SZ,300054,鼎龙股份,湖北,化工原料,DLGF,创业板,20100211,朱双全,民营企业
300264.SZ,300264,佳创视讯,深圳,软件服务,JCSX,创业板,20110916,陈坤江,民营企业
002394.SZ,002394,联发股份,江苏,纺织,LFGF,主板,20100423,黄长根,民营企业
002393.SZ,002393,力生制药,天津,化学制药,LSZY,主板,20100423,天津市人民政府国有资产监督管理委员会,地方国有企业
601158.SH,601158,重庆水务,重庆,水务,CQSW,主板,20100329,重庆市国有资产监督管理委员会,地方国有企业
002388.SZ,002388,新亚制程,浙江,元器件,XYZC,主板,20100413,王伟华,民营企业
300053.SZ,300053,航宇微,广东,半导体,HYW,创业板,20100211,珠海市人民政府国有资产监督管理委员会,地方国有企业
300057.SZ,300057,万顺新材,广东,铝,WSXC,创业板,20100226,杜成城,民营企业
300055.SZ,300055,万邦达,北京,石油加工,WBD,创业板,20100226,王飘扬,民营企业
300056.SZ,300056,中创环保,福建,环境保护,ZCHB,创业板,20100226,无实际控制人,其他
300058.SZ,300058,蓝色光标,北京,广告包装,LSGB,创业板,20100226,无实际控制人,其他
002407.SZ,002407,多氟多,河南,化工原料,DFD,主板,20100518,李世江,民营企业
002387.SZ,002387,维信诺,江苏,元器件,WXN,主板,20100413,无实际控制人,其他
002395.SZ,002395,双象股份,江苏,塑料,SXGF,主板,20100429,唐炳泉,民营企业
002389.SZ,002389,航天彩虹,浙江,航空,HTCH,主板,20100413,国务院国有资产监督管理委员会,中央企业
002398.SZ,002398,垒知集团,福建,其他建材,LZJT,主板,20100506,蔡永太,民营企业
002390.SZ,002390,信邦制药,贵州,医药商业,XBZY,主板,20100416,安吉,民营企业
002391.SZ,002391,长青股份,江苏,农药化肥,CQGF,主板,20100416,于国权,民营企业
601101.SH,601101,昊华能源,北京,煤炭开采,HHNY,主板,20100331,北京市人民政府国有资产监督管理委员会,地方国有企业
002399.SZ,002399,海普瑞,深圳,化学制药,HPR,主板,20100506,李锂,民营企业
002410.SZ,002410,广联达,北京,软件服务,GLD,主板,20100525,刁志中,民营企业
002408.SZ,002408,齐翔腾达,山东,化工原料,QXTD,主板,20100518,山东省人民政府国有资产监督管理委员会,地方国有企业
002401.SZ,002401,中远海科,上海,软件服务,ZYHK,主板,20100506,国务院国有资产监督管理委员会,中央企业
002400.SZ,002400,省广集团,广东,广告包装,SGJT,主板,20100506,广东省人民政府,地方国有企业
002404.SZ,002404,嘉欣丝绸,浙江,纺织,JXSC,主板,20100511,周国建,民营企业
002406.SZ,002406,远东传动,河南,汽车配件,YDCD,主板,20100518,刘延生,民营企业
300059.SZ,300059,东方财富,上海,证券,DFCF,创业板,20100319,其实,民营企业
002808.SZ,002808,*ST恒久,江苏,元器件,*STHJ,主板,20160812,余荣清,民营企业
002405.SZ,002405,四维图新,北京,软件服务,SWTX,主板,20100518,无实际控制人,其他
002403.SZ,002403,爱仕达,浙江,家用电器,ASD,主板,20100511,陈合林,民营企业
002402.SZ,002402,和而泰,深圳,元器件,HET,主板,20100511,刘建伟,民营企业
002409.SZ,002409,雅克科技,江苏,半导体,YKKJ,主板,20100525,沈琦,民营企业
002412.SZ,002412,汉森制药,湖南,中成药,HSZY,主板,20100525,刘令安,民营企业
601010.SH,601010,文峰股份,江苏,百货,WFGF,主板,20110603,薛健,民营企业
300061.SZ,300061,旗天科技,上海,互联网,QTKJ,创业板,20100319,无实际控制人,其他
002416.SZ,002416,爱施德,深圳,电器连锁,ASD,主板,20100528,黄绍武,民营企业
002415.SZ,002415,海康威视,浙江,IT设备,HKWS,主板,20100528,国务院国有资产监督管理委员会,中央企业
002414.SZ,002414,高德红外,湖北,电器仪表,GDHW,主板,20100716,黄立,民营企业
002413.SZ,002413,雷科防务,北京,通信设备,LKFW,主板,20100528,无实际控制人,其他
300098.SZ,300098,高新兴,广东,软件服务,GXX,创业板,20100728,刘双广,民营企业
300062.SZ,300062,中能电气,福建,电气设备,ZNDQ,创业板,20100319,陈添旭,民营企业
300087.SZ,300087,荃银高科,安徽,种植业,QYGK,创业板,20100526,国务院国有资产监督管理委员会,中央企业
300066.SZ,300066,三川智慧,江西,电器仪表,SCZH,创业板,20100326,李建林,民营企业
002425.SZ,002425,凯撒文化,广东,互联网,KSWH,主板,20100608,郑合明,外资
300063.SZ,300063,天龙集团,广东,互联网,TLJT,创业板,20100326,冯毅,民营企业
300065.SZ,300065,海兰信,北京,船舶,HLX,创业板,20100326,申万秋,民营企业
300068.SZ,300068,南都电源,浙江,电气设备,NDDY,创业板,20100421,周庆治,外资
002418.SZ,002418,康盛股份,浙江,家用电器,KSGF,主板,20100601,解直锟,民营企业
002420.SZ,002420,毅昌科技,广东,家用电器,YCKJ,主板,20100601,熊海涛,民营企业
601369.SH,601369,陕鼓动力,陕西,机械基件,SGDL,主板,20100428,陕西省西安市人民政府国有资产监督管理委员会,地方国有企业
002422.SZ,002422,科伦药业,四川,化学制药,KLYY,主板,20100603,刘革新,民营企业
002423.SZ,002423,中粮资本,河南,多元金融,ZLZB,主板,20100603,国务院国有资产监督管理委员会,中央企业
002428.SZ,002428,云南锗业,云南,小金属,YNZY,主板,20100608,包文东,民营企业
002442.SZ,002442,龙星科技,河北,化工原料,LXKJ,主板,20100706,刘江山,民营企业
002424.SZ,002424,ST百灵,贵州,中成药,STBL,主板,20100603,姜伟,民营企业
002426.SZ,002426,胜利精密,江苏,元器件,SLJM,主板,20100608,高玉根,民营企业
002427.SZ,002427,尤夫股份,浙江,化纤,YFGF,主板,20100608,陕西省人民政府国有资产监督管理委员会,地方国有企业
002431.SZ,002431,棕榈股份,河南,建筑工程,ZLGF,主板,20100610,河南省人民政府国有资产监督管理委员会,地方国有企业
002456.SZ,002456,欧菲光,深圳,元器件,OFG,主板,20100803,蔡荣军,民营企业
601188.SH,601188,龙江交通,黑龙江,路桥,LJJT,主板,20100319,黑龙江省人民政府国有资产监督管理委员会,地方国有企业
601518.SH,601518,吉林高速,吉林,路桥,JLGS,主板,20100319,吉林省人民政府国有资产监督管理委员会,地方国有企业
002644.SZ,002644,佛慈制药,甘肃,中成药,FCZY,主板,20111222,甘肃省人民政府国有资产监督管理委员会,地方国有企业
002430.SZ,002430,杭氧股份,浙江,化工机械,HYGF,主板,20100610,杭州市人民政府国有资产监督管理委员会,地方国有企业
002459.SZ,002459,晶澳科技,河北,电气设备,JAKJ,主板,20100810,靳保芳,民营企业
300073.SZ,300073,当升科技,北京,电气设备,DSKJ,创业板,20100427,国务院国有资产监督管理委员会,中央企业
300070.SZ,300070,碧水源,北京,环境保护,BSY,创业板,20100421,国务院国有资产监督管理委员会,中央企业
002432.SZ,002432,九安医疗,天津,医疗保健,JAYL,主板,20100610,刘毅,民营企业
002429.SZ,002429,兆驰股份,深圳,家用电器,ZCGF,主板,20100610,深圳市人民政府国有资产监督管理委员会,地方国有企业
002434.SZ,002434,万里扬,浙江,汽车配件,WLY,主板,20100618,黄河清,民营企业
002436.SZ,002436,兴森科技,深圳,元器件,XSKJ,主板,20100618,邱醒亚,民营企业
300076.SZ,300076,GQY视讯,浙江,IT设备,GQYSX,创业板,20100430,开封市人民政府,地方国有企业
300072.SZ,300072,海新能科,北京,化工原料,HXNK,创业板,20100427,北京市海淀区人民政府国有资产监督管理委员会,地方国有企业
300105.SZ,300105,龙源技术,山东,环境保护,LYJS,创业板,20100820,国务院国有资产监督管理委员会,中央企业
300069.SZ,300069,金利华电,山西,电气设备,JLHD,创业板,20100421,韩泽帅,民营企业
300067.SZ,300067,安诺其,上海,染料涂料,ANQ,创业板,20100421,纪立军,民营企业
002440.SZ,002440,闰土股份,浙江,染料涂料,RTGF,主板,20100706,张爱娟,民营企业
002437.SZ,002437,誉衡药业,黑龙江,化学制药,YHYY,主板,20100623,无实际控制人,其他
002443.SZ,002443,金洲管道,浙江,钢加工,JZGD,主板,20100706,寿光市地方金融监督管理局(寿光市国有资产监督管理局),地方国有企业
002622.SZ,002622,皓宸医疗,吉林,医疗保健,HCYL,主板,20111018,无实际控制人,其他
300080.SZ,300080,易成新能,河南,电气设备,YCXN,创业板,20100625,河南省人民政府国有资产监督管理委员会,地方国有企业
300075.SZ,300075,数字政通,北京,软件服务,SZZT,创业板,20100427,吴强华,民营企业
002613.SZ,002613,北玻股份,河南,专用机械,BBGF,主板,20110830,高学明,民营企业
300078.SZ,300078,思创智联,浙江,软件服务,SCZL,创业板,20100430,魏乃绪,民营企业
300074.SZ,300074,华平股份,上海,软件服务,HPGF,创业板,20100427,叶顺彭,民营企业
300079.SZ,300079,数码视讯,北京,IT设备,SMSX,创业板,20100430,郑海涛,民营企业
300083.SZ,300083,创世纪,广东,机床制造,CSJ,创业板,20100520,夏军,民营企业
002439.SZ,002439,启明星辰,北京,软件服务,QMXC,主板,20100623,中国移动通信集团有限公司,中央企业
603002.SH,603002,宏昌电子,广东,化工原料,HCDZ,主板,20120518,王文洋,外资
601012.SH,601012,隆基绿能,陕西,电气设备,LJLN,主板,20120411,李振国,民营企业
300077.SZ,300077,国民技术,深圳,半导体,GMJS,创业板,20100430,无实际控制人,其他
300082.SZ,300082,奥克股份,辽宁,化工原料,AKGF,创业板,20100520,朱建民,民营企业
002469.SZ,002469,三维化学,山东,化工原料,SWHX,主板,20100908,曲思秋,民营企业
002441.SZ,002441,众业达,广东,电气设备,ZYD,主板,20100706,吴开贤,民营企业
300235.SZ,300235,方直科技,深圳,软件服务,FZKJ,创业板,20110629,黄元忠,民营企业
300084.SZ,300084,海默科技,甘肃,专用机械,HMKJ,创业板,20100520,范中华,民营企业
002444.SZ,002444,巨星科技,浙江,轻工机械,JXKJ,主板,20100713,仇建平,民营企业
002492.SZ,002492,恒基达鑫,广东,仓储物流,HJDX,主板,20101102,王青运,民营企业
002466.SZ,002466,天齐锂业,四川,小金属,TQLY,主板,20100831,蒋卫平,民营企业
002445.SZ,002445,中南文化,江苏,钢加工,ZNWH,主板,20100713,江阴市人民政府国有资产监督管理办公室,地方国有企业
300238.SZ,300238,冠昊生物,广东,医疗保健,GHSW,创业板,20110706,张永明,民营企业
300086.SZ,300086,康芝药业,海南,化学制药,KZYY,创业板,20100526,洪江游,民营企业
300101.SZ,300101,振芯科技,四川,通信设备,ZXKJ,创业板,20100806,何燕,民营企业
601118.SH,601118,海南橡胶,海南,橡胶,HNXJ,主板,20110107,海南省国有资产监督管理委员会,地方国有企业
002449.SZ,002449,国星光电,广东,半导体,GXGD,主板,20100716,广东省人民政府,地方国有企业
300091.SZ,300091,*ST金灵,江苏,机械基件,*STJL,创业板,20100625,汪建国,民营企业
300081.SZ,300081,ST恒信,北京,文教休闲,STHX,创业板,20100520,孟宪民,民营企业
002458.SZ,002458,益生股份,山东,农业综合,YSGF,主板,20100810,曹积生,民营企业
002451.SZ,002451,摩恩电气,上海,电气设备,MEDQ,主板,20100720,问泽鸿,民营企业
300272.SZ,300272,开能健康,上海,家用电器,KNJK,创业板,20111102,瞿建国,民营企业
300088.SZ,300088,长信科技,安徽,元器件,CXKJ,创业板,20100526,安徽省投资集团控股有限公司,地方国有企业
300096.SZ,300096,ST易联众,福建,软件服务,STYLZ,创业板,20100728,周口市财政局(周口市国有资产监督管理局),地方国有企业
002457.SZ,002457,青龙管业,宁夏,塑料,QLGY,主板,20100803,陈家兴,民营企业
002529.SZ,002529,*ST海源,江西,专用机械,*STHY,主板,20101224,刘洪超,民营企业
601000.SH,601000,唐山港,河北,港口,TSG,主板,20100705,河北省人民政府国有资产监督管理委员会,地方国有企业
002452.SZ,002452,长高电新,湖南,电气设备,CGDX,主板,20100720,马孝武,民营企业
002454.SZ,002454,松芝股份,上海,汽车配件,SZGF,主板,20100720,陈福成,外资
002453.SZ,002453,华软科技,北京,化工原料,HRKJ,主板,20100720,张景明,民营企业
002460.SZ,002460,赣锋锂业,江西,小金属,GFLY,主板,20100810,李良彬,民营企业
300085.SZ,300085,银之杰,深圳,软件服务,YZJ,创业板,20100526,无实际控制人,其他
601717.SH,601717,中创智领,河南,专用机械,ZCZL,主板,20100803,无实际控制人,其他
300179.SZ,300179,四方达,河南,矿物制品,SFD,创业板,20110215,方海江,民营企业
300097.SZ,300097,智云股份,辽宁,专用机械,ZYGF,创业板,20100728,冯彬,民营企业
002463.SZ,002463,沪电股份,江苏,元器件,HDGF,主板,20100818,吴礼淦家族,外资
002462.SZ,002462,嘉事堂,北京,医药商业,JST,主板,20100818,中华人民共和国国务院,中央企业
300099.SZ,300099,尤洛卡,山东,电器仪表,YLK,创业板,20100806,王晶华,民营企业
300093.SZ,300093,*ST金刚,甘肃,电气设备,*STJG,创业板,20100708,张栋梁,民营企业
601718.SH,601718,际华集团,北京,服饰,JHJT,主板,20100816,国务院国有资产监督管理委员会,中央企业
300253.SZ,300253,卫宁健康,上海,软件服务,WNJK,创业板,20110818,周炜,民营企业
300094.SZ,300094,国联水产,广东,渔业,GLSC,创业板,20100708,李忠,民营企业
300124.SZ,300124,汇川技术,深圳,电器仪表,HCJS,创业板,20100928,朱兴明,民营企业
300152.SZ,300152,ST新动力,河北,环境保护,STXDL,创业板,20101229,无实际控制人,其他
300321.SZ,300321,同大股份,山东,塑料,TDGF,创业板,20120523,潍坊市政府投融资管理中心,地方国有企业
300095.SZ,300095,华伍股份,江西,专用机械,HWGF,创业板,20100728,聂景华,民营企业
300245.SZ,300245,天玑科技,上海,软件服务,TJKJ,创业板,20110719,苏博,民营企业
300092.SZ,300092,科新机电,四川,专用机械,KXJD,创业板,20100708,林祯华,民营企业
300100.SZ,300100,双林股份,浙江,汽车配件,SLGF,创业板,20100806,邬建斌,民营企业
002496.SZ,002496,*ST辉丰,江苏,农药化肥,*STHF,主板,20101109,仲汉根,民营企业
300103.SZ,300103,达刚控股,陕西,专用机械,DGKG,创业板,20100812,陈可,民营企业
300102.SZ,300102,乾照光电,福建,半导体,QZGD,创业板,20100812,无实际控制人,其他
002465.SZ,002465,海格通信,广东,通信设备,HGTX,主板,20100831,广州市人民政府,地方国有企业
601018.SH,601018,宁波港,浙江,港口,NBG,主板,20100928,浙江省人民政府国有资产监督管理委员会,地方国有企业
002484.SZ,002484,江海股份,江苏,元器件,JHGF,主板,20100929,浙江省人民政府国有资产监督管理委员会,地方国有企业
300126.SZ,300126,锐奇股份,上海,轻工机械,RQGF,创业板,20101013,吴明厅,民营企业
601288.SH,601288,农业银行,北京,银行,NYYH,主板,20100715,无实际控制人,其他
002468.SZ,002468,申通快递,浙江,仓储物流,STKD,主板,20100908,陈德军,民营企业
300110.SZ,300110,华仁药业,山东,化学制药,HRYY,创业板,20100825,西安曲江新区管理委员会,地方国有企业
300173.SZ,300173,ST福能,广东,轻工机械,STFN,创业板,20110201,佛山市人民政府国有资产监督管理委员会,地方国有企业
002476.SZ,002476,宝莫股份,山东,化工原料,BMGF,主板,20100915,胡瀚阳,民营企业
002470.SZ,002470,金正大,山东,农药化肥,JZD,主板,20100908,临沭县国有资产管理服务中心,地方国有企业
300107.SZ,300107,建新股份,河北,化工原料,JXGF,创业板,20100820,朱守琛,民营企业
300305.SZ,300305,裕兴股份,江苏,塑料,YXGF,创业板,20120329,王建新,民营企业
601177.SH,601177,杭齿前进,浙江,机械基件,HCQJ,主板,20101011,杭州市萧山区财政局(杭州市萧山区人民政府国有资产监督管理办公室),地方国有企业
601377.SH,601377,兴业证券,福建,证券,XYZQ,主板,20101013,福建省财政厅,地方国有企业
300106.SZ,300106,西部牧业,新疆,乳制品,XBMY,创业板,20100820,新疆生产建设兵团第八师国有资产监督管理委员会(石河子市国有资产监督管理委员会),地方国有企业
300113.SZ,300113,顺网科技,浙江,互联网,SWKJ,创业板,20100827,华勇,民营企业
302132.SZ,302132,中航成飞,陕西,航空,ZHCF,创业板,20100827,国务院国有资产监督管理委员会,中央企业
300112.SZ,300112,万讯自控,深圳,电器仪表,WXZK,创业板,20100827,傅宇晨,民营企业
300133.SZ,300133,华策影视,浙江,影视音像,HCYS,创业板,20101026,傅梅城,民营企业
300129.SZ,300129,泰胜风能,上海,电气设备,TSFN,创业板,20101019,广州经济技术开发区管理委员会,地方国有企业
300118.SZ,300118,东方日升,浙江,电气设备,DFRS,创业板,20100902,林海峰,民营企业
300109.SZ,300109,新开源,河南,化工原料,XKY,创业板,20100825,王东虎,民营企业
300111.SZ,300111,向日葵,浙江,化学制药,XRK,创业板,20100827,吴建龙,民营企业
002478.SZ,002478,常宝股份,江苏,钢加工,CBGF,主板,20100921,曹坚,民营企业
002471.SZ,002471,中超控股,江苏,电气设备,ZCKG,主板,20100910,杨飞,民营企业
300115.SZ,300115,长盈精密,深圳,元器件,CYJM,创业板,20100902,陈奇星,民营企业
002527.SZ,002527,新时达,上海,电器仪表,XSD,主板,20101224,海尔集团公司,集体企业
002530.SZ,002530,金财互联,江苏,专用机械,JCHL,主板,20101231,无实际控制人,其他
002614.SZ,002614,奥佳华,福建,家用电器,AJH,主板,20110909,邹剑寒,民营企业
002472.SZ,002472,双环传动,浙江,汽车配件,SHCD,主板,20100910,吴长鸿,民营企业
002569.SZ,002569,*ST步森,浙江,服饰,*STBS,主板,20110412,宝鸡市人民政府国有资产监督管理委员会,地方国有企业
002595.SZ,002595,豪迈科技,山东,专用机械,HMKJ,主板,20110628,张恭运,民营企业
002475.SZ,002475,立讯精密,深圳,元器件,LXJM,主板,20100915,王来胜,外资
601098.SH,601098,中南传媒,湖南,出版业,ZNCM,主板,20101028,湖南省人民政府,地方国有企业
300120.SZ,300120,经纬辉开,天津,元器件,JWHK,创业板,20100917,无实际控制人,其他
300128.SZ,300128,锦富技术,江苏,元器件,JFJS,创业板,20101013,泰兴市城东高新技术产业园区管理办公室,地方国有企业
002479.SZ,002479,富春环保,浙江,新型电力,FCHB,主板,20100921,南昌市国有资产监督管理委员会,地方国有企业
002480.SZ,002480,新筑股份,四川,运输设备,XZGF,主板,20100921,四川省政府国有资产监督管理委员会,地方国有企业
002481.SZ,002481,双塔食品,山东,食品,STSP,主板,20100921,招远市金岭镇人民政府,地方国有企业
300121.SZ,300121,阳谷华泰,山东,化工原料,YGHT,创业板,20100917,王传华,民营企业
300119.SZ,300119,瑞普生物,天津,农业综合,RPSW,创业板,20100917,李守军,民营企业
601818.SH,601818,光大银行,北京,银行,GDYH,主板,20100818,中国投资有限责任公司,中央企业
300125.SZ,300125,*ST聆达,辽宁,电气设备,*STLD,创业板,20101013,彭骞,民营企业
002486.SZ,002486,嘉麟杰,上海,服饰,JLJ,主板,20101015,李兆廷,民营企业
002485.SZ,002485,ST雪发,山东,商贸代理,STXF,主板,20101015,张劲,民营企业
002482.SZ,002482,广田集团,深圳,装修装饰,GTJT,主板,20100929,深圳市人民政府国有资产监督管理委员会,地方国有企业
002500.SZ,002500,山西证券,山西,证券,SXZQ,主板,20101115,山西省财政厅,地方国有企业
002521.SZ,002521,齐峰新材,山东,造纸,QFXC,主板,20101210,李学峰,民营企业
300123.SZ,300123,亚光科技,湖南,半导体,YGKJ,创业板,20100928,李跃先,民营企业
300122.SZ,300122,智飞生物,重庆,生物制药,ZFSW,创业板,20100928,蒋仁生,民营企业
002488.SZ,002488,金固股份,浙江,汽车配件,JGGF,主板,20101021,孙金国,民营企业
002487.SZ,002487,大金重工,辽宁,电气设备,DJZG,主板,20101015,金鑫,民营企业
002495.SZ,002495,佳隆股份,广东,食品,JLGF,主板,20101102,林平涛,民营企业
002615.SZ,002615,哈尔斯,浙江,家居用品,HES,主板,20110909,吕强,民营企业
300127.SZ,300127,银河磁体,四川,矿物制品,YHCT,创业板,20101013,无实际控制人,其他
600998.SH,600998,九州通,湖北,医药商业,JZT,主板,20101102,刘宝林,民营企业
002518.SZ,002518,科士达,深圳,电气设备,KSD,主板,20101207,刘程宇,民营企业
002493.SZ,002493,荣盛石化,浙江,化纤,RSSH,主板,20101102,李水荣,民营企业
002491.SZ,002491,通鼎互联,江苏,通信设备,TDHL,主板,20101021,沈小平,民营企业
002483.SZ,002483,润邦股份,江苏,专用机械,RBGF,主板,20100929,广州市人民政府,地方国有企业
300134.SZ,300134,大富科技,安徽,通信设备,DFKJ,创业板,20101026,安徽省蚌埠市人民政府国有资产监督管理委员会,地方国有企业
300130.SZ,300130,新国都,深圳,IT设备,XGD,创业板,20101019,刘祥,民营企业
300135.SZ,300135,宝利国际,江苏,石油加工,BLGJ,创业板,20101026,池州市政府国有资产监督管理委员会,地方国有企业
300329.SZ,300329,海伦钢琴,浙江,文教休闲,HLGQ,创业板,20120619,崔永庆,民营企业
002497.SZ,002497,雅化集团,四川,小金属,YHJT,主板,20101109,郑戎,民营企业
002494.SZ,002494,华斯股份,河北,服饰,HSGF,主板,20101102,贺国英,民营企业
601996.SH,601996,丰林集团,广西,家居用品,FLJT,主板,20110929,刘一川,外资
300401.SZ,300401,花园生物,浙江,化学制药,HYSW,创业板,20141009,邵钦祥,民营企业
300131.SZ,300131,英唐智控,深圳,元器件,YTZK,创业板,20101019,胡庆周,民营企业
002498.SZ,002498,汉缆股份,山东,电气设备,HLGF,主板,20101109,张思夏,民营企业
300137.SZ,300137,先河环保,河北,环境保护,XHHB,创业板,20101105,姚国瑞,民营企业
300132.SZ,300132,青松股份,福建,化工原料,QSGF,创业板,20101026,无实际控制人,其他
002643.SZ,002643,万润股份,山东,化工原料,WRGF,主板,20111220,中国节能环保集团有限公司,中央企业
002805.SZ,002805,丰元股份,山东,电气设备,FYGF,主板,20160707,赵光辉,民营企业
300138.SZ,300138,晨光生物,河北,食品,CGSW,创业板,20101105,卢庆国,民营企业
300136.SZ,300136,信维通信,深圳,元器件,XWTX,创业板,20101105,彭浩,民营企业
002889.SZ,002889,东方嘉盛,深圳,仓储物流,DFJS,主板,20170731,孙卫平,民营企业
300142.SZ,300142,沃森生物,云南,生物制药,WSSW,创业板,20101112,无实际控制人,其他
002501.SZ,002501,利源股份,吉林,铝,LYGF,主板,20101117,张源,民营企业
300141.SZ,300141,和顺电气,江苏,电气设备,HSDQ,创业板,20101112,无实际控制人,其他
300140.SZ,300140,节能环境,陕西,环境保护,JNHJ,创业板,20101112,国务院国有资产监督管理委员会,中央企业
002511.SZ,002511,中顺洁柔,广东,造纸,ZSJR,主板,20101125,邓颖忠,民营企业
002510.SZ,002510,天汽模,天津,汽车配件,TQM,主板,20101125,乌鲁木齐经济技术开发区(乌鲁木齐市头屯河区)国有资产监督管理委员会,地方国有企业
002554.SZ,002554,惠博普,湖南,石油开采,HBP,主板,20110225,长沙市人民政府国有资产监督管理委员会,地方国有企业
002508.SZ,002508,老板电器,浙江,家用电器,LBDQ,主板,20101123,任建华,民营企业
002738.SZ,002738,中矿资源,北京,小金属,ZKZY,主板,20141230,王平卫,民营企业
300154.SZ,300154,瑞凌股份,深圳,机械基件,RLGF,创业板,20101229,邱光,民营企业
300331.SZ,300331,苏大维格,江苏,元器件,SDWG,创业板,20120628,陈林森,民营企业
300144.SZ,300144,宋城演艺,浙江,旅游景点,SCYY,创业板,20101209,黄巧灵,民营企业
300143.SZ,300143,盈康生命,山东,医疗保健,YKSM,创业板,20101209,海尔集团公司,集体企业
002514.SZ,002514,宝馨科技,江苏,机械基件,BXKJ,主板,20101203,马伟,民营企业
002507.SZ,002507,涪陵榨菜,重庆,食品,FLZC,主板,20101123,重庆市涪陵区国有资产监督管理委员会,地方国有企业
002513.SZ,002513,蓝丰生化,江苏,新型电力,LFSH,主板,20101203,郑旭,民营企业
601777.SH,601777,千里科技,重庆,摩托车,QLKJ,主板,20101125,重庆满江红企业管理有限公司,地方国有企业
601880.SH,601880,辽港股份,辽宁,港口,LGGF,主板,20101206,招商局集团有限公司,中央企业
002515.SZ,002515,金字火腿,浙江,食品,JZHT,主板,20101203,郑庆昇,民营企业
300145.SZ,300145,南方泵业,浙江,机械基件,NFBY,创业板,20101209,无锡市人民政府国有资产监督管理委员会,地方国有企业
300148.SZ,300148,天舟文化,湖南,出版业,TZWH,创业板,20101215,肖志鸿,民营企业
002520.SZ,002520,日发精机,浙江,机床制造,RFJJ,主板,20101210,吴捷,民营企业
002512.SZ,002512,ST达华,福建,IT设备,STDH,主板,20101203,无实际控制人,其他
300168.SZ,300168,万达信息,上海,软件服务,WDXX,创业板,20110125,无实际控制人,其他
300158.SZ,300158,振东制药,山西,化学制药,ZDZY,创业板,20110107,李安平,民营企业
002516.SZ,002516,旷达科技,湖南,汽车配件,KDKJ,主板,20101207,株洲市人民政府国有资产监督管理委员会,地方国有企业
002517.SZ,002517,恺英网络,福建,互联网,KYWL,主板,20101207,金锋,民营企业
603167.SH,603167,渤海轮渡,山东,水运,BHLD,主板,20120906,辽宁省人民政府国有资产监督管理委员会,地方国有企业
002519.SZ,002519,银河电子,江苏,通信设备,YHDZ,主板,20101207,无实际控制人,其他
300157.SZ,300157,新锦动力,北京,专用机械,XJDL,创业板,20110107,李丽萍,民营企业
002522.SZ,002522,浙江众成,浙江,塑料,ZJZC,主板,20101210,常德市人民政府国有资产监督管理委员会,地方国有企业
300146.SZ,300146,汤臣倍健,广东,食品,TCBJ,创业板,20101215,梁允超,民营企业
300149.SZ,300149,睿智医药,广东,生物制药,RZYY,创业板,20101222,WOO SWEE LIAN,外资
002743.SZ,002743,富煌钢构,安徽,钢加工,FHGG,主板,20150217,杨俊斌,民营企业
002547.SZ,002547,春兴精工,江苏,汽车配件,CXJG,主板,20110218,孙洁晓,民营企业
300155.SZ,300155,安居宝,广东,IT设备,AJB,创业板,20110107,张波,民营企业
300151.SZ,300151,昌红科技,深圳,专用机械,CHKJ,创业板,20101222,李焕昌,民营企业
002606.SZ,002606,大连电瓷,辽宁,电气设备,DLDC,主板,20110805,应坚,民营企业
002524.SZ,002524,光正眼科,新疆,医疗保健,GZYK,主板,20101217,周永麟,民营企业
002528.SZ,002528,ST英飞拓,深圳,IT设备,STYFT,主板,20101224,深圳市投资控股有限公司,地方国有企业
300147.SZ,300147,ST香雪,广东,中成药,STXX,创业板,20101215,王永辉,民营企业
300153.SZ,300153,科泰电源,上海,电气设备,KTDY,创业板,20101229,严伟立,民营企业
002526.SZ,002526,山东矿机,山东,工程机械,SDKJ,主板,20101217,赵笃学,民营企业
002532.SZ,002532,天山铝业,新疆,铝,TSLY,主板,20101231,曾超懿,民营企业
002534.SZ,002534,西子洁能,浙江,专用机械,XZJN,主板,20110110,王水福,民营企业
002531.SZ,002531,天顺风能,江苏,电气设备,TSFN,主板,20101231,严俊旭,民营企业
300169.SZ,300169,天晟新材,江苏,塑料,TSXC,创业板,20110125,无实际控制人,其他
300162.SZ,300162,雷曼光电,深圳,元器件,LMGD,创业板,20110113,李漫铁,民营企业
300161.SZ,300161,华中数控,湖北,机床制造,HZSK,创业板,20110113,阎志,民营企业
002540.SZ,002540,亚太科技,江苏,铝,YTKJ,主板,20110118,周福海,民营企业
002702.SZ,002702,海欣食品,福建,食品,HXSP,主板,20121011,滕用雄,民营企业
002567.SZ,002567,唐人神,湖南,饲料,TRS,主板,20110325,陶一山,民营企业
601933.SH,601933,永辉超市,福建,超市连锁,YHCS,主板,20101215,无实际控制人,其他
300191.SZ,300191,潜能恒信,北京,石油开采,QNHX,创业板,20110316,周锦明,民营企业
300159.SZ,300159,*ST新研,新疆,农用机械,*STXY,创业板,20110107,新疆维吾尔自治区人民政府国有资产监督管理委员会,地方国有企业
300165.SZ,300165,天瑞仪器,江苏,电器仪表,TRYQ,创业板,20110125,刘召贵,民营企业
300223.SZ,300223,北京君正,北京,半导体,BJJZ,创业板,20110531,刘强,民营企业
002535.SZ,002535,林州重机,河南,工程机械,LZZJ,主板,20110111,郭现生,民营企业
002609.SZ,002609,捷顺科技,深圳,软件服务,JSKJ,主板,20110815,唐健,民营企业
300164.SZ,300164,通源石油,陕西,石油开采,TYSY,创业板,20110113,张国桉,民营企业
300163.SZ,300163,先锋新材,浙江,家居用品,XFXC,创业板,20110113,无实际控制人,其他
300160.SZ,300160,秀强股份,江苏,家用电器,XQGF,创业板,20110113,珠海市人民政府国有资产监督管理委员会,地方国有企业
002536.SZ,002536,飞龙股份,河南,汽车配件,FLGF,主板,20110111,孙耀志,民营企业
002557.SZ,002557,洽洽食品,安徽,食品,QQSP,主板,20110302,陈先保,民营企业
002539.SZ,002539,云图控股,四川,农药化肥,YTKG,主板,20110118,宋睿,民营企业
601890.SH,601890,亚星锚链,江苏,船舶,YXML,主板,20101228,陶安祥,民营企业
002533.SZ,002533,金杯电工,湖南,电气设备,JBDG,主板,20101231,吴学愚,民营企业
300170.SZ,300170,汉得信息,上海,软件服务,HDXX,创业板,20110201,陈迪清,民营企业
300174.SZ,300174,元力股份,福建,化工原料,YLGF,创业板,20110201,王延安,民营企业
300166.SZ,300166,东方国信,北京,软件服务,DFGX,创业板,20110125,管连平,民营企业
300167.SZ,300167,ST迪威迅,深圳,软件服务,STDWX,创业板,20110125,无实际控制人,其他
002537.SZ,002537,海联金汇,山东,汽车配件,HLJH,主板,20110110,刘国平,民营企业
300172.SZ,300172,中电环保,江苏,环境保护,ZDHB,创业板,20110201,王政福,民营企业
300171.SZ,300171,东富龙,上海,医疗保健,DFL,创业板,20110201,郑效东,民营企业
300194.SZ,300194,福安药业,重庆,化学制药,FAYY,创业板,20110322,汪天祥,民营企业
300175.SZ,300175,ST朗源,山东,食品,STLY,创业板,20110215,赵征,民营企业
300180.SZ,300180,华峰超纤,上海,化纤,HFCX,创业板,20110222,尤小平,民营企业
002545.SZ,002545,东方铁塔,山东,农药化肥,DFTT,主板,20110211,韩汇如,民营企业
002550.SZ,002550,千红制药,江苏,生物制药,QHZY,主板,20110218,王耀方,民营企业
002544.SZ,002544,普天科技,广东,通信设备,PTKJ,主板,20110128,中国电子科技集团有限公司,中央企业
002541.SZ,002541,鸿路钢构,安徽,钢加工,HLGG,主板,20110118,商晓波,民营企业
601116.SH,601116,三江购物,浙江,超市连锁,SJGW,主板,20110302,陈念慈,民营企业
002570.SZ,002570,贝因美,浙江,乳制品,BYM,主板,20110412,谢宏,民营企业
002551.SZ,002551,尚荣医疗,深圳,医疗保健,SRYL,主板,20110225,梁桂秋,民营企业
300177.SZ,300177,中海达,广东,通信设备,ZHD,创业板,20110215,廖定海,民营企业
300176.SZ,300176,鸿特科技,广东,汽车配件,HTKJ,创业板,20110215,卢宇轩,民营企业
002542.SZ,002542,中化岩土,北京,建筑工程,ZHYT,主板,20110128,成都市国有资产监督管理委员会,地方国有企业
300181.SZ,300181,佐力药业,浙江,中成药,ZLYY,创业板,20110222,俞有强,民营企业
601700.SH,601700,风范股份,江苏,电气设备,FFGF,主板,20110118,唐山市人民政府国有资产监督管理委员会,地方国有企业
601137.SH,601137,博威合金,浙江,小金属,BWHJ,主板,20110127,谢识才,民营企业
300193.SZ,300193,佳士科技,深圳,专用机械,JSKJ,创业板,20110322,潘磊,民营企业
300183.SZ,300183,东软载波,山东,通信设备,DRZB,创业板,20110222,佛山市南海区国有资产监督管理局,地方国有企业
300197.SZ,300197,节能铁汉,深圳,环境保护,JNTH,创业板,20110329,国务院国有资产监督管理委员会,中央企业
002543.SZ,002543,万和电气,广东,家用电器,WHDQ,主板,20110128,卢础其,民营企业
601519.SH,601519,大智慧,上海,软件服务,DZH,主板,20110128,张长虹,民营企业
002552.SZ,002552,宝鼎科技,浙江,元器件,BDKJ,主板,20110225,招远市人民政府,地方国有企业
002546.SZ,002546,新联电子,江苏,电气设备,XLDZ,主板,20110211,胡敏,民营企业
601799.SH,601799,星宇股份,江苏,汽车配件,XYGF,主板,20110201,周晓萍,民营企业
300184.SZ,300184,力源信息,湖北,元器件,LYXX,创业板,20110222,赵马克,外资
300182.SZ,300182,捷成股份,北京,影视音像,JCGF,创业板,20110222,徐子泉,民营企业
002769.SZ,002769,普路通,广东,仓储物流,PLT,主板,20150629,广州市花都区国有资产监督管理局,地方国有企业
601616.SH,601616,广电电气,上海,电气设备,GDDQ,主板,20110201,赵淑文,外资
300340.SZ,300340,科恒股份,广东,电气设备,KHGF,创业板,20120726,珠海市人民政府国有资产监督管理委员会,地方国有企业
300203.SZ,300203,聚光科技,浙江,电器仪表,JGKJ,创业板,20110415,王健,民营企业
002558.SZ,002558,巨人网络,重庆,互联网,JRWL,主板,20110302,史玉柱,民营企业
002555.SZ,002555,三七互娱,安徽,互联网,SQHY,主板,20110302,李卫伟,民营企业
002548.SZ,002548,金新农,深圳,饲料,JXN,主板,20110218,无实际控制人,其他
300229.SZ,300229,拓尔思,北京,软件服务,TES,创业板,20110615,李渝勤,民营企业
002706.SZ,002706,良信股份,上海,电气设备,LXGF,主板,20140121,任思龙,民营企业
002559.SZ,002559,亚威股份,江苏,机床制造,YWGF,主板,20110303,无实际控制人,其他
601216.SH,601216,君正集团,内蒙,化工原料,JZJT,主板,20110222,杜江涛,民营企业
601789.SH,601789,宁波建工,浙江,建筑工程,NBJG,主板,20110816,宁波市人民政府国有资产监督管理委员会,地方国有企业
002553.SZ,002553,南方精工,江苏,汽车配件,NFJG,主板,20110225,史建伟,民营企业
300205.SZ,300205,*ST天喻,湖北,通信设备,*STTY,创业板,20110421,艾迪,民营企业
300220.SZ,300220,金运激光,湖北,专用机械,JYJG,创业板,20110525,梁伟,民营企业
300198.SZ,300198,ST纳川,福建,塑料,STNC,创业板,20110407,无实际控制人,其他
300188.SZ,300188,国投智能,福建,软件服务,GTZN,创业板,20110316,国务院国有资产监督管理委员会,中央企业
300195.SZ,300195,长荣股份,天津,轻工机械,CRGF,创业板,20110329,李莉,民营企业
300196.SZ,300196,长海股份,江苏,玻璃,CHGF,创业板,20110329,杨鹏威,民营企业
300187.SZ,300187,永清环保,湖南,环境保护,YQHB,创业板,20110308,刘正军,民营企业
300345.SZ,300345,华民股份,湖南,电气设备,HMGF,创业板,20120801,欧阳少红,民营企业
300185.SZ,300185,通裕重工,山东,工程机械,TYZG,创业板,20110308,山东省人民政府国有资产监督管理委员会,地方国有企业
002556.SZ,002556,辉隆股份,安徽,农药化肥,HLGF,主板,20110302,安徽省供销合作社联合社,集体企业
300190.SZ,300190,维尔利,江苏,环境保护,WEL,创业板,20110316,李月中,民营企业
601011.SH,601011,宝泰隆,黑龙江,焦炭加工,BTL,主板,20110309,焦云,民营企业
002560.SZ,002560,通达股份,河南,电气设备,TDGF,主板,20110303,史万福,民营企业
002565.SZ,002565,顺灏股份,上海,造纸,SHGF,主板,20110318,王钲霖,外资
002577.SZ,002577,雷柏科技,深圳,IT设备,LBKJ,主板,20110428,曾浩,外资
300375.SZ,300375,鹏翎股份,天津,汽车配件,PLGF,创业板,20140127,王志方,民营企业
300211.SZ,300211,*ST亿通,江苏,通信设备,*STYT,创业板,20110505,黄汪,民营企业
300192.SZ,300192,科德教育,江苏,文教休闲,KDJY,创业板,20110322,周启超,民营企业
300189.SZ,300189,神农种业,海南,种植业,SNZY,创业板,20110316,曹欧劼,民营企业
601992.SH,601992,金隅集团,北京,水泥,JYJT,主板,20110301,北京市人民政府国有资产监督管理委员会,地方国有企业
002563.SZ,002563,森马服饰,浙江,服饰,SMFS,主板,20110311,邱光和,民营企业
601199.SH,601199,江南水务,江苏,水务,JNSW,主板,20110317,江阴市人民政府,地方国有企业
300204.SZ,300204,舒泰神,北京,生物制药,STS,创业板,20110415,周志文,民营企业
300214.SZ,300214,日科化学,山东,化工原料,RKHX,创业板,20110511,无实际控制人,其他
300199.SZ,300199,翰宇药业,深圳,化学制药,HYYY,创业板,20110407,曾少贵,民营企业
300200.SZ,300200,高盟新材,北京,化工原料,GMXC,创业板,20110407,熊海涛,民营企业
002562.SZ,002562,兄弟科技,浙江,化学制药,XDKJ,主板,20110310,钱志达,民营企业
002564.SZ,002564,天沃科技,江苏,化工机械,TWKJ,主板,20110310,上海市国有资产监督管理委员会,地方国有企业
002571.SZ,002571,德力股份,安徽,家居用品,DLGF,主板,20110412,施卫东,民营企业
002568.SZ,002568,百润股份,上海,红黄酒,BRGF,主板,20110325,刘晓东,民营企业
300201.SZ,300201,海伦哲,江苏,工程机械,HLZ,创业板,20110407,无实际控制人,其他
300366.SZ,300366,ST创意,四川,软件服务,STCY,创业板,20140127,陆文斌,民营企业
603328.SH,603328,依顿电子,广东,元器件,YDDZ,主板,20140701,绵阳市国有资产监督管理委员会,地方国有企业
002579.SZ,002579,中京电子,广东,元器件,ZJDZ,主板,20110506,杨林,民营企业
002581.SZ,002581,ST未名,山东,生物制药,STWM,主板,20110520,刘祥,民营企业
601218.SH,601218,吉鑫科技,江苏,电气设备,JXKJ,主板,20110506,包士金,民营企业
002572.SZ,002572,索菲亚,广东,家居用品,SFY,主板,20110412,江淦钧,民营企业
002573.SZ,002573,清新环境,北京,环境保护,QXHJ,主板,20110422,四川省政府国有资产监督管理委员会,地方国有企业
002574.SZ,002574,明牌珠宝,浙江,服饰,MPZB,主板,20110422,虞阿五,民营企业
002576.SZ,002576,通达动力,江苏,电气设备,TDDL,主板,20110428,姜客宇,民营企业
603006.SH,603006,联明股份,上海,汽车配件,LMGF,主板,20140630,徐涛明,民营企业
002575.SZ,002575,群兴玩具,广东,文教休闲,QXWJ,主板,20110422,无实际控制人,其他
300206.SZ,300206,理邦仪器,深圳,医疗保健,LBYQ,创业板,20110421,无实际控制人,其他
300210.SZ,300210,森远股份,辽宁,专用机械,SYGF,创业板,20110426,无实际控制人,其他
300209.SZ,300209,行云科技,湖南,互联网,XYKJ,创业板,20110426,王维,民营企业
002580.SZ,002580,圣阳股份,山东,电气设备,SYGF,主板,20110506,山东省人民政府国有资产监督管理委员会,地方国有企业
601566.SH,601566,九牧王,福建,服饰,JMW,主板,20110530,林聪颖,外资
601113.SH,601113,华鼎股份,浙江,化纤,HDGF,主板,20110509,郑期中,民营企业
002578.SZ,002578,闽发铝业,福建,铝,MFLY,主板,20110428,上饶市国有资产监督管理委员会,地方国有企业
300207.SZ,300207,欣旺达,深圳,电气设备,XWD,创业板,20110421,王明旺,民营企业
300212.SZ,300212,易华录,北京,软件服务,YHL,创业板,20110505,国务院国有资产监督管理委员会,中央企业
601233.SH,601233,桐昆股份,浙江,化纤,TKGF,主板,20110518,陈士良,民营企业
601208.SH,601208,东材科技,四川,化工原料,DCKJ,主板,20110520,熊海涛,民营企业
300402.SZ,300402,宝色股份,江苏,专用机械,BSGF,创业板,20141010,陕西有色金属控股集团有限责任公司,地方国有企业
300218.SZ,300218,安利股份,安徽,塑料,ALGF,创业板,20110518,姚和平,民营企业
002584.SZ,002584,西陇科学,广东,化工原料,XLKX,主板,20110602,黄伟鹏,民营企业
002582.SZ,002582,好想你,河南,食品,HXN,主板,20110520,石聚彬,民营企业
601222.SH,601222,林洋能源,江苏,新型电力,LYNY,主板,20110808,陆永华,民营企业
300225.SZ,300225,*ST金泰,上海,染料涂料,*STJT,创业板,20110531,无实际控制人,其他
300215.SZ,300215,电科院,江苏,电气设备,DKY,创业板,20110511,李崇珠,民营企业
300257.SZ,300257,开山股份,上海,机械基件,KSGF,创业板,20110819,曹克坚,民营企业
300219.SZ,300219,鸿利智汇,广东,元器件,HLZH,创业板,20110518,泸州市国有资产监督管理委员会,地方国有企业
300222.SZ,300222,科大智能,上海,电气设备,KDZN,创业板,20110525,黄明松,民营企业
300217.SZ,300217,东方电热,江苏,家用电器,DFDR,创业板,20110518,谭荣生,民营企业
300221.SZ,300221,银禧科技,广东,塑料,YXKJ,创业板,20110525,无实际控制人,其他
002583.SZ,002583,海能达,深圳,通信设备,HND,主板,20110527,陈清州,民营企业
601599.SH,601599,浙文影业,浙江,纺织,ZWYY,主板,20110527,浙江省财政厅,地方国有企业
002590.SZ,002590,万安科技,浙江,汽车配件,WAKJ,主板,20110610,陈锋,民营企业
300231.SZ,300231,银信科技,北京,软件服务,YXKJ,创业板,20110615,詹立雄,民营企业
002592.SZ,002592,ST八菱,广西,汽车配件,STBL,主板,20111111,顾瑜,民营企业
300227.SZ,300227,光韵达,深圳,专用机械,GYD,创业板,20110608,曾三林,民营企业
300224.SZ,300224,正海磁材,山东,矿物制品,ZHCC,创业板,20110531,秘波海,民营企业
300228.SZ,300228,富瑞特装,江苏,化工机械,FRTZ,创业板,20110608,无实际控制人,其他
300249.SZ,300249,依米康,四川,IT设备,YMK,创业板,20110803,张菀,民营企业
300226.SZ,300226,上海钢联,上海,互联网,SHGL,创业板,20110608,郭广昌,民营企业
300240.SZ,300240,飞力达,江苏,仓储物流,FLD,创业板,20110706,姚勤,民营企业
300381.SZ,300381,溢多利,广东,化学制药,YDL,创业板,20140128,陈少美,民营企业
002585.SZ,002585,双星新材,江苏,塑料,SXXC,主板,20110602,吴培服,民营企业
601311.SH,601311,骆驼股份,湖北,电气设备,LTGF,主板,20110602,孙洁,民营企业
002586.SZ,002586,ST围海,浙江,建筑工程,STWH,主板,20110602,余姚市国有资产管理中心,地方国有企业
300230.SZ,300230,永利股份,上海,塑料,YLGF,创业板,20110615,史佩浩,民营企业
300232.SZ,300232,洲明科技,深圳,元器件,ZMKJ,创业板,20110622,林洺锋,民营企业
300234.SZ,300234,开尔新材,浙江,陶瓷,KEXC,创业板,20110622,邢翰学,民营企业
601798.SH,601798,蓝科高新,甘肃,化工机械,LKGX,主板,20110622,中国机械工业集团有限公司,中央企业
002589.SZ,002589,瑞康医药,山东,医药商业,RKYY,主板,20110610,张仁华,民营企业
002587.SZ,002587,奥拓电子,深圳,元器件,ATDZ,主板,20110610,吴涵渠,民营企业
300233.SZ,300233,金城医药,山东,化学制药,JCYY,创业板,20110622,赵叶青,民营企业
300236.SZ,300236,上海新阳,上海,半导体,SHXY,创业板,20110629,王福祥,民营企业
300237.SZ,300237,ST美晨,山东,汽车配件,STMC,创业板,20110629,潍坊市国有资产监督管理委员会,地方国有企业
603156.SH,603156,养元饮品,河北,软饮料,YYYP,主板,20180212,姚奎章,民营企业
002778.SZ,002778,中晟高科,江苏,环境保护,ZSGK,主板,20160106,何从,民营企业
002588.SZ,002588,史丹利,山东,农药化肥,SDL,主板,20110610,高进华,民营企业
601567.SH,601567,三星电气,浙江,电气设备,SXDQ,主板,20110615,郑坚江,民营企业
002783.SZ,002783,凯龙股份,湖北,化工原料,KLGF,主板,20151209,湖北省人民政府国有资产监督管理委员会,地方国有企业
002605.SZ,002605,姚记科技,上海,互联网,YJKJ,主板,20110805,姚朔斌,外资
002594.SZ,002594,比亚迪,深圳,汽车整车,BYD,主板,20110630,王传福,民营企业
300239.SZ,300239,东宝生物,内蒙,生物制药,DBSW,创业板,20110706,王爱国,民营企业
002593.SZ,002593,日上集团,福建,钢加工,RSJT,主板,20110628,吴子文,民营企业
002596.SZ,002596,海南瑞泽,海南,水泥,HNRZ,主板,20110707,张海林,民营企业
002734.SZ,002734,利民股份,江苏,农药化肥,LMGF,主板,20150127,李明,民营企业
002626.SZ,002626,金达威,福建,医疗保健,JDW,主板,20111028,江斌,民营企业
002600.SZ,002600,领益智造,广东,元器件,LYZZ,主板,20110715,曾芳勤,民营企业
002601.SZ,002601,龙佰集团,河南,化工原料,LBJT,主板,20110715,许冉,民营企业
002597.SZ,002597,金禾实业,安徽,食品,JHSY,主板,20110707,杨迎春,民营企业
002598.SZ,002598,ST章鼓,山东,机械基件,STZG,主板,20110707,济南市章丘区财政局,地方国有企业
300242.SZ,300242,佳云科技,广东,互联网,JYKJ,创业板,20110712,尹杰,民营企业
300258.SZ,300258,精锻科技,江苏,汽车配件,JDKJ,创业板,20110826,夏汉关,民营企业
300241.SZ,300241,瑞丰光电,深圳,半导体,RFGD,创业板,20110712,龚伟斌,民营企业
601901.SH,601901,方正证券,湖南,证券,FZZQ,主板,20110810,无实际控制人,其他
002607.SZ,002607,中公教育,安徽,文教休闲,ZGJY,主板,20110810,李永新,民营企业
002602.SZ,002602,世纪华通,浙江,互联网,SJHT,主板,20110728,无实际控制人,其他
300243.SZ,300243,瑞丰高材,山东,化工原料,RFGC,创业板,20110712,周仕斌,民营企业
300244.SZ,300244,迪安诊断,浙江,医疗保健,DAZD,创业板,20110719,陈海斌,民营企业
002603.SZ,002603,以岭药业,河北,中成药,YLYY,主板,20110728,吴以岭,民营企业
300248.SZ,300248,新开普,河南,软件服务,XKP,创业板,20110729,杨维国,民营企业
300250.SZ,300250,初灵信息,浙江,软件服务,CLXX,创业板,20110803,洪爱金,民营企业
300246.SZ,300246,宝莱特,广东,医疗保健,BLT,创业板,20110719,燕金元,民营企业
002620.SZ,002620,ST瑞和,深圳,装修装饰,STRH,主板,20110929,李介平,民营企业
603456.SH,603456,九洲药业,浙江,医疗保健,JZYY,主板,20141010,花莉蓉,民营企业
300251.SZ,300251,光线传媒,北京,影视音像,GXCM,创业板,20110803,王长田,民营企业
002627.SZ,002627,三峡旅游,湖北,旅游景点,SXLY,主板,20111103,宜昌市人民政府国有资产监督管理委员会,地方国有企业
002911.SZ,002911,佛燃能源,广东,供气供热,FRNY,主板,20171122,佛山市人民政府国有资产监督管理委员会,地方国有企业
002608.SZ,002608,江苏国信,江苏,火力发电,JSGX,主板,20110810,江苏省政府国有资产监督管理委员会,地方国有企业
300254.SZ,300254,仟源医药,山西,化学制药,QYYY,创业板,20110819,无实际控制人,其他
300256.SZ,300256,星星科技,江西,元器件,XXKJ,创业板,20110819,应光捷,民营企业
300255.SZ,300255,常山药业,河北,生物制药,CSYY,创业板,20110819,高树华,民营企业
601636.SH,601636,旗滨集团,湖南,玻璃,QBJT,主板,20110812,俞其兵,民营企业
300260.SZ,300260,新莱应材,江苏,机械基件,XLYC,创业板,20110906,李水波,民营企业
300252.SZ,300252,金信诺,深圳,通信设备,JXN,创业板,20110818,黄昌华,民营企业
002830.SZ,002830,名雕股份,深圳,装修装饰,MDGF,主板,20161213,无实际控制人,其他
002717.SZ,002717,ST岭南,广东,环境保护,STLN,主板,20140219,中山火炬高技术产业开发区管理委员会,地方国有企业
603197.SH,603197,保隆科技,上海,汽车配件,BLKJ,主板,20170519,陈洪凌,民营企业
300265.SZ,300265,通光线缆,江苏,电气设备,TGXL,创业板,20110916,张强,民营企业
300267.SZ,300267,尔康制药,湖南,化学制药,EKZY,创业板,20110927,帅放文,民营企业
300259.SZ,300259,新天科技,河南,电器仪表,XTKJ,创业板,20110831,费战波,民营企业
300303.SZ,300303,聚飞光电,深圳,半导体,JFGD,创业板,20120319,邢美正,民营企业
002629.SZ,002629,仁智股份,浙江,石油开采,RZGF,主板,20111103,陈泽虹,民营企业
300284.SZ,300284,苏交科,江苏,建筑工程,SJK,创业板,20120110,广州市人民政府国有资产监督管理委员会,地方国有企业
601908.SH,601908,京运通,北京,电气设备,JYT,主板,20110908,冯焕培,民营企业
601886.SH,601886,江河集团,北京,装修装饰,JHJT,主板,20110818,刘载望,民营企业
300269.SZ,300269,联建光电,深圳,元器件,LJGD,创业板,20111012,谭炜樑,民营企业
300261.SZ,300261,雅本化学,江苏,农药化肥,YBHX,创业板,20110906,蔡彤,外资
002611.SZ,002611,东方精工,广东,轻工机械,DFJG,主板,20110830,唐灼林,民营企业
603518.SH,603518,锦泓集团,江苏,服饰,JHJT,主板,20141203,王致勤,民营企业
300268.SZ,300268,*ST佳沃,湖南,农业综合,*STJW,创业板,20110927,联想控股股份有限公司,中央企业
300263.SZ,300263,隆华科技,河南,专用机械,LHKJ,创业板,20110916,李占明,民营企业
300294.SZ,300294,博雅生物,江西,生物制药,BYSW,创业板,20120308,国务院国有资产监督管理委员会,中央企业
002616.SZ,002616,长青集团,广东,环境保护,CQJT,主板,20110920,何启强,民营企业
300270.SZ,300270,中威电子,浙江,IT设备,ZWDZ,创业板,20111012,付英波,民营企业
601677.SH,601677,明泰铝业,河南,铝,MTLY,主板,20110919,马廷义,民营企业
002612.SZ,002612,朗姿股份,北京,服饰,LZGF,主板,20110830,申东日,民营企业
002624.SZ,002624,完美世界,浙江,互联网,WMSJ,主板,20111028,池宇峰,民营企业
002745.SZ,002745,木林森,广东,元器件,MLS,主板,20150217,孙清焕,民营企业
002641.SZ,002641,公元股份,浙江,塑料,GYGF,主板,20111208,张建均,民营企业
002617.SZ,002617,露笑科技,浙江,电气设备,LXKJ,主板,20110920,鲁小均,民营企业
300266.SZ,300266,兴源环境,浙江,环境保护,XYHJ,创业板,20110927,宁波市奉化区国有资产管理中心,地方国有企业
601669.SH,601669,中国电建,北京,建筑工程,ZGDJ,主板,20111018,国务院国有资产监督管理委员会,中央企业
300274.SZ,300274,阳光电源,安徽,电气设备,YGDY,创业板,20111102,曹仁贤,民营企业
601100.SH,601100,恒立液压,江苏,工程机械,HLYY,主板,20111028,汪立平,民营企业
300729.SZ,300729,乐歌股份,浙江,家居用品,LGGF,创业板,20171201,项乐宏,民营企业
300283.SZ,300283,温州宏丰,浙江,电气设备,WZHF,创业板,20120110,陈晓,民营企业
300275.SZ,300275,梅安森,重庆,工程机械,MAS,创业板,20111102,马焰,民营企业
002628.SZ,002628,成都路桥,四川,建筑工程,CDLQ,主板,20111103,刘江东,民营企业
002625.SZ,002625,光启技术,深圳,航空,GQJS,主板,20111103,刘若鹏,民营企业
603686.SH,603686,福龙马,福建,环境保护,FLM,主板,20150126,张桂丰,民营企业
002623.SZ,002623,亚玛顿,江苏,玻璃,YMD,主板,20111013,林金锡,民营企业
601225.SH,601225,陕西煤业,陕西,煤炭开采,SXMY,主板,20140128,陕西省人民政府国有资产监督管理委员会,地方国有企业
002637.SZ,002637,赞宇科技,浙江,日用化工,ZYKJ,主板,20111125,张惠琪,民营企业
002636.SZ,002636,金安国纪,上海,元器件,JAGJ,主板,20111125,韩涛,民营企业
601555.SH,601555,东吴证券,江苏,证券,DWZQ,主板,20111212,苏州国际发展集团有限公司,地方国有企业
300278.SZ,300278,华昌达,湖北,专用机械,HCD,创业板,20111216,无实际控制人,其他
002634.SZ,002634,棒杰股份,浙江,服饰,BJGF,主板,20111205,黄荣耀,民营企业
002640.SZ,002640,跨境通,山西,互联网,KJT,主板,20111208,无实际控制人,其他
002631.SZ,002631,德尔未来,江苏,家居用品,DEWL,主板,20111111,汝继勇,民营企业
002633.SZ,002633,申科股份,浙江,机械基件,SKGF,主板,20111122,枣庄市台儿庄区国有资产事务中心,地方国有企业
300276.SZ,300276,三丰智能,湖北,专用机械,SFZN,创业板,20111115,朱汉平,民营企业
603001.SH,603001,奥康国际,浙江,服饰,AKGJ,主板,20120426,王振滔,民营企业
601800.SH,601800,中国交建,北京,建筑工程,ZGJJ,主板,20120309,国务院国有资产监督管理委员会,中央企业
002635.SZ,002635,安洁科技,江苏,元器件,AJKJ,主板,20111125,吕莉,民营企业
300293.SZ,300293,蓝英装备,辽宁,专用机械,LYZB,创业板,20120308,郭洪生,民营企业
002632.SZ,002632,道明光学,浙江,塑料,DMGX,主板,20111122,胡智彪,民营企业
002648.SZ,002648,卫星化学,浙江,化工原料,WXHX,主板,20111228,杨卫东,民营企业
300279.SZ,300279,和晶科技,江苏,元器件,HJKJ,创业板,20111229,无实际控制人,其他
002646.SZ,002646,天佑德酒,青海,白酒,TYDJ,主板,20111222,李银会,民营企业
002639.SZ,002639,雪人集团,福建,专用机械,XRJT,主板,20111205,林汝捷,民营企业
002645.SZ,002645,华宏科技,江苏,专用机械,HHKJ,主板,20111220,胡士勇,民营企业
300285.SZ,300285,国瓷材料,山东,陶瓷,GCCL,创业板,20120113,张曦,民营企业
300281.SZ,300281,金明精机,广东,专用机械,JMJJ,创业板,20111229,广州市人民政府,地方国有企业
601928.SH,601928,凤凰传媒,江苏,出版业,FHCM,主板,20111130,江苏省人民政府,地方国有企业
002673.SZ,002673,西部证券,陕西,证券,XBZQ,主板,20120503,陕西省人民政府国有资产监督管理委员会,地方国有企业
002638.SZ,002638,勤上股份,广东,家用电器,QSGF,主板,20111125,李俊锋,民营企业
002647.SZ,002647,仁东控股,广东,多元金融,RDKG,主板,20111228,无实际控制人,其他
300286.SZ,300286,安科瑞,上海,电器仪表,AKR,创业板,20120113,周中,民营企业
300295.SZ,300295,三六五网,江苏,互联网,SLWW,创业板,20120315,无实际控制人,其他
300288.SZ,300288,朗玛信息,贵州,软件服务,LMXX,创业板,20120216,王伟,民营企业
002668.SZ,002668,TCL智家,广东,家用电器,TCLZJ,主板,20120416,李东生,民营企业
002642.SZ,002642,荣联科技,北京,软件服务,RLKJ,主板,20111220,济宁高新技术产业开发区国有资产监督管理局,地方国有企业
002651.SZ,002651,利君股份,四川,航空,LJGF,主板,20120106,何亚民,民营企业
603599.SH,603599,广信股份,安徽,农药化肥,GXGF,主板,20150513,黄金祥,民营企业
300324.SZ,300324,旋极信息,北京,软件服务,XJXX,创业板,20120608,陈江涛,民营企业
300350.SZ,300350,华鹏飞,深圳,仓储物流,HPF,创业板,20120821,张京豫,民营企业
300287.SZ,300287,飞利信,北京,软件服务,FLX,创业板,20120201,杨振华,民营企业
300290.SZ,300290,荣科科技,辽宁,软件服务,RKKJ,创业板,20120216,河南省人民政府国有资产监督管理委员会,地方国有企业
601360.SH,601360,三六零,天津,互联网,SLL,主板,20120116,周鸿祎,民营企业
002649.SZ,002649,博彦科技,北京,软件服务,BYKJ,主板,20120106,无实际控制人,其他
002664.SZ,002664,信质集团,浙江,汽车配件,XZJT,主板,20120316,尹兴满,民营企业
300298.SZ,300298,三诺生物,湖南,医疗保健,SNSW,创业板,20120319,李少波,民营企业
002655.SZ,002655,共达电声,山东,元器件,GDDS,主板,20120217,周思远,民营企业
002656.SZ,002656,*ST摩登,广东,服饰,*STMD,主板,20120228,王立平,民营企业
601368.SH,601368,绿城水务,广西,水务,LCSW,主板,20150612,广西壮族自治区南宁市人民政府国有资产监督管理委员会,地方国有企业
601336.SH,601336,新华保险,北京,保险,XHBX,主板,20111216,中国投资有限责任公司,中央企业
002667.SZ,002667,威领股份,湖南,小金属,WLGF,主板,20120329,黄达,民营企业
300289.SZ,300289,利德曼,北京,医疗保健,LDM,创业板,20120216,广州经济技术开发区管理委员会,地方国有企业
300532.SZ,300532,今天国际,深圳,软件服务,JTGJ,创业板,20160818,邵健伟,民营企业
300483.SZ,300483,首华燃气,上海,石油开采,SHRQ,创业板,20150630,刘庆礼,外资
002662.SZ,002662,峰璟股份,北京,汽车配件,FJGF,主板,20120309,李璟瑜,民营企业
002688.SZ,002688,金河生物,内蒙,农业综合,JHSW,主板,20120713,王东晓,民营企业
300291.SZ,300291,百纳千成,北京,影视音像,BNQC,创业板,20120209,何剑锋,民营企业
002652.SZ,002652,扬子新材,江苏,其他建材,YZXC,主板,20120119,无实际控制人,其他
603729.SH,603729,龙韵股份,上海,广告包装,LYGF,主板,20150324,段佩璋,民营企业
002650.SZ,002650,ST加加,湖南,食品,STJJ,主板,20120106,无实际控制人,其他
300292.SZ,300292,吴通控股,江苏,互联网,WTKG,创业板,20120229,万卫方,民营企业
002666.SZ,002666,德联集团,广东,化工原料,DLJT,主板,20120327,徐咸大,民营企业
601929.SH,601929,吉视传媒,吉林,影视音像,JSCM,主板,20120223,吉林广播电视台,地方国有企业
300358.SZ,300358,楚天科技,湖南,医疗保健,CTKJ,创业板,20140121,唐岳,民营企业
300310.SZ,300310,宜通世纪,广东,通信设备,YTSJ,创业板,20120425,无实际控制人,其他
300307.SZ,300307,慈星股份,浙江,纺织机械,CXGF,创业板,20120329,孙平范,民营企业
002654.SZ,002654,万润科技,深圳,互联网,WRKJ,主板,20120217,湖北省人民政府国有资产监督管理委员会,地方国有企业
603359.SH,603359,东珠生态,江苏,建筑工程,DZST,主板,20170901,席惠明,民营企业
002653.SZ,002653,海思科,西藏,化学制药,HSK,主板,20120117,王俊民,民营企业
601339.SH,601339,百隆东方,浙江,纺织,BLDF,主板,20120612,杨卫新,外资
300301.SZ,300301,ST长方,深圳,半导体,STCF,创业板,20120321,无实际控制人,其他
300296.SZ,300296,利亚德,北京,元器件,LYD,创业板,20120315,李军,民营企业
300304.SZ,300304,云意电气,江苏,汽车配件,YYDQ,创业板,20120321,付红玲,民营企业
300306.SZ,300306,远方信息,浙江,电器仪表,YFXX,创业板,20120329,潘建根,民营企业
002672.SZ,002672,东江环保,深圳,环境保护,DJHB,主板,20120426,广东省人民政府国有资产监督管理委员会,地方国有企业
002663.SZ,002663,普邦股份,广东,建筑工程,PBGF,主板,20120316,涂善忠,民营企业
601388.SH,601388,怡球资源,江苏,铝,YQZY,主板,20120423,黄崇胜,外资
601515.SH,601515,衢州东峰,浙江,广告包装,QZDF,主板,20120216,衢州市人民政府国有资产监督管理委员会,地方国有企业
300326.SZ,300326,ST凯利,上海,医疗保健,STKL,创业板,20120613,无实际控制人,其他
601231.SH,601231,环旭电子,上海,元器件,HXDZ,主板,20120220,张洪本,外资
002657.SZ,002657,中科金财,北京,软件服务,ZKJC,主板,20120228,朱烨东,民营企业
300300.SZ,300300,海峡创新,福建,软件服务,HXCX,创业板,20120319,平潭综合实验区投资促进局,地方国有企业
002660.SZ,002660,茂硕电源,深圳,电气设备,MSDY,主板,20120316,济南市人民政府国有资产监督管理委员会,地方国有企业
300755.SZ,300755,华致酒行,云南,其他商业,HZJH,创业板,20190129,吴向东,民营企业
002669.SZ,002669,康达新材,上海,化工原料,KDXC,主板,20120416,唐山市人民政府国有资产监督管理委员会,地方国有企业
002658.SZ,002658,雪迪龙,北京,环境保护,XDL,主板,20120309,敖小强,民营企业
002674.SZ,002674,兴业科技,福建,纺织,XYKJ,主板,20120507,吴华春,民营企业
002661.SZ,002661,克明食品,湖南,食品,KMSP,主板,20120316,陈克明,民营企业
002659.SZ,002659,凯文教育,北京,文教休闲,KWJY,主板,20120309,北京市海淀区人民政府国有资产监督管理委员会,地方国有企业
300320.SZ,300320,海达股份,江苏,橡胶,HDGF,创业板,20120601,钱振宇,民营企业
300313.SZ,300313,*ST天山,新疆,农业综合,*STTS,创业板,20120425,陈欢,民营企业
300314.SZ,300314,戴维医疗,浙江,医疗保健,DWYL,创业板,20120508,陈再宏,民营企业
002670.SZ,002670,国盛证券,江西,证券,GSZQ,主板,20120416,江西省国有资产监督管理委员会,地方国有企业
603123.SH,603123,翠微股份,北京,多元金融,CWGF,主板,20120503,北京市海淀区人民政府国有资产监督管理委员会,地方国有企业
300327.SZ,300327,中颖电子,上海,半导体,ZYDZ,创业板,20120613,无实际控制人,其他
601965.SH,601965,中国汽研,重庆,汽车服务,ZGQY,主板,20120611,国务院国有资产监督管理委员会,中央企业
603333.SH,603333,尚纬股份,四川,电气设备,SWGF,主板,20120507,张华,民营企业
002675.SZ,002675,东诚药业,山东,化学制药,DCYY,主板,20120525,由守谊,民营企业
300311.SZ,300311,ST任子行,深圳,软件服务,STRZX,创业板,20120425,景晓军,民营企业
002799.SZ,002799,环球印务,陕西,广告包装,HQYW,主板,20160608,陕西省人民政府国有资产监督管理委员会,地方国有企业
002677.SZ,002677,浙江美大,浙江,家用电器,ZJMD,主板,20120525,夏志生,民营企业
002676.SZ,002676,顺威股份,广东,家用电器,SWGF,主板,20120525,广州经济技术开发区管理委员会,地方国有企业
603861.SH,603861,白云电器,广东,电气设备,BYDQ,主板,20160322,胡明森,民营企业
300302.SZ,300302,同有科技,北京,IT设备,TYKJ,创业板,20120321,无实际控制人,其他
300308.SZ,300308,中际旭创,山东,通信设备,ZJXC,创业板,20120410,王伟修,民营企业
601038.SH,601038,一拖股份,河南,农用机械,YTGF,主板,20120808,中国机械工业集团有限公司,中央企业
300317.SZ,300317,珈伟新能,深圳,电气设备,JWXN,创业板,20120511,阜阳市颍泉区人民政府国有资产监督管理委员会,地方国有企业
300315.SZ,300315,掌趣科技,北京,互联网,ZQKJ,创业板,20120511,无实际控制人,其他
300299.SZ,300299,富春股份,福建,互联网,FCGF,创业板,20120319,缪品章,民营企业
603000.SH,603000,人民网,北京,互联网,RMW,主板,20120427,人民日报社,中央企业
603128.SH,603128,华贸物流,上海,仓储物流,HMWL,主板,20120529,国务院国有资产监督管理委员会,中央企业
002671.SZ,002671,龙泉股份,山东,水泥,LQGF,主板,20120426,许培锋,民营企业
002696.SZ,002696,百洋股份,广西,饲料,BYGF,主板,20120905,青岛市人民政府国有资产监督管理委员会,地方国有企业
002685.SZ,002685,华东重机,江苏,机床制造,HDZJ,主板,20120612,翁耀根,民营企业
002682.SZ,002682,龙洲股份,福建,仓储物流,LZGF,主板,20120612,龙岩市人民政府国有资产监督管理委员会,地方国有企业
603077.SH,603077,和邦生物,四川,化工原料,HBSW,主板,20120731,贺正刚,民营企业
603168.SH,603168,莎普爱思,浙江,化学制药,SPAS,主板,20140702,林弘立,民营企业
002692.SZ,002692,远程股份,江苏,电气设备,YCGF,主板,20120808,无锡市人民政府国有资产监督管理委员会,地方国有企业
300316.SZ,300316,晶盛机电,浙江,专用机械,JSJD,创业板,20120511,邱敏秀,民营企业
300319.SZ,300319,麦捷科技,深圳,元器件,MJKJ,创业板,20120523,深圳市特发集团有限公司,地方国有企业
603366.SH,603366,日出东方,江苏,家用电器,RCDF,主板,20120521,徐新建,民营企业
300746.SZ,300746,汉嘉数智,浙江,建筑工程,HJSZ,创业板,20180525,岑政平,外资
002690.SZ,002690,美亚光电,安徽,专用机械,MYGD,主板,20120731,田明,民营企业
002678.SZ,002678,珠江钢琴,广东,文教休闲,ZJGQ,主板,20120530,广州市人民政府国有资产监督管理委员会,地方国有企业
002691.SZ,002691,冀凯股份,河北,专用机械,JKGF,主板,20120731,冯春保,民营企业
002851.SZ,002851,麦格米特,深圳,电气设备,MGMT,主板,20170306,童永胜,民营企业
300342.SZ,300342,天银机电,江苏,家用电器,TYJD,创业板,20120726,佛山市南海区国有资产监督管理局,地方国有企业
300322.SZ,300322,硕贝德,广东,元器件,SBD,创业板,20120608,朱坤华,民营企业
300339.SZ,300339,润和软件,江苏,软件服务,RHRJ,创业板,20120718,周红卫,民营企业
300400.SZ,300400,劲拓股份,深圳,专用机械,JTGF,创业板,20141010,吴限,民营企业
300333.SZ,300333,兆日科技,深圳,IT设备,ZRKJ,创业板,20120628,魏恺言,民营企业
002679.SZ,002679,福建金森,福建,林业,FJJS,主板,20120605,将乐县财政局,地方国有企业
002689.SZ,002689,ST远智,辽宁,运输设备,STYZ,主板,20120717,康宝华,民营企业
603008.SH,603008,喜临门,浙江,家居用品,XLM,主板,20120717,陈阿裕,民营企业
300334.SZ,300334,津膜科技,天津,专用机械,JMKJ,创业板,20120705,无实际控制人,其他
300397.SZ,300397,天和防务,陕西,通信设备,THFW,创业板,20140910,贺增林,民营企业
300348.SZ,300348,长亮科技,深圳,软件服务,CLKJ,创业板,20120817,王长春,民营企业
300887.SZ,300887,谱尼测试,北京,电器仪表,PNCS,创业板,20200916,宋薇,民营企业
300338.SZ,300338,ST开元,湖南,文教休闲,STKY,创业板,20120726,无实际控制人,其他
002701.SZ,002701,奥瑞金,北京,广告包装,ARJ,主板,20121011,周云杰,民营企业
603399.SH,603399,永杉锂业,辽宁,小金属,YSLY,主板,20120824,吴华新,民营企业
300337.SZ,300337,银邦股份,江苏,铝,YBGF,创业板,20120718,沈健生,民营企业
002687.SZ,002687,乔治白,浙江,服饰,QZB,主板,20120713,池也,民营企业
002694.SZ,002694,顾地科技,湖北,塑料,GDKJ,主板,20120816,苏孝锋,民营企业
300332.SZ,300332,天壕能源,北京,供气供热,THNY,创业板,20120628,陈作涛,民营企业
300328.SZ,300328,宜安科技,广东,小金属,YAKJ,创业板,20120619,株洲市人民政府国有资产监督管理委员会,地方国有企业
300349.SZ,300349,金卡智能,浙江,电器仪表,JKZN,创业板,20120817,杨斌,民营企业
300344.SZ,300344,立方退,NA,NA,LFT,创业板,20120801,古钰瑭,民营企业
002698.SZ,002698,博实股份,黑龙江,化工机械,BSGF,主板,20120911,邓喜军,民营企业
300323.SZ,300323,华灿光电,湖北,半导体,HCGD,创业板,20120601,北京市人民政府国有资产监督管理委员会,地方国有企业
300335.SZ,300335,迪森股份,广东,供气供热,DSGF,创业板,20120710,常厚春,民营企业
002752.SZ,002752,昇兴股份,福建,广告包装,SXGF,主板,20150422,林永贤,外资
603766.SH,603766,隆鑫通用,重庆,摩托车,LXTY,主板,20120810,左宗申,民营企业
300347.SZ,300347,泰格医药,浙江,医疗保健,TGYY,创业板,20120817,曹晓春,民营企业
300341.SZ,300341,麦克奥迪,福建,电气设备,MKAD,创业板,20120726,北京经济技术开发区管理委员会,地方国有企业
002681.SZ,002681,奋达科技,深圳,元器件,FDKJ,主板,20120605,肖奋,民营企业
002686.SZ,002686,亿利达,浙江,专用机械,YLD,主板,20120703,浙江省人民政府国有资产监督管理委员会,地方国有企业
002683.SZ,002683,广东宏大,广东,化工原料,GDHD,主板,20120612,广东省环保集团有限公司,地方国有企业
300346.SZ,300346,南大光电,江苏,半导体,NDGD,创业板,20120807,无实际控制人,其他
300343.SZ,300343,ST联创,山东,化工原料,STLC,创业板,20120801,李洪国,民营企业
002693.SZ,002693,*ST双成,海南,生物制药,*STSC,主板,20120808,王成栋,民营企业
603126.SH,603126,中材节能,天津,环境保护,ZCJN,主板,20140731,国务院国有资产监督管理委员会,中央企业
300383.SZ,300383,光环新网,北京,软件服务,GHXW,创业板,20140129,耿殿根,民营企业
603993.SH,603993,洛阳钼业,河南,小金属,LYMY,主板,20121009,于泳,民营企业
603288.SH,603288,海天味业,广东,食品,HTWY,主板,20140211,庞康,民营企业
300371.SZ,300371,汇中股份,河北,电器仪表,HZGF,创业板,20140123,张力新,民营企业
300389.SZ,300389,艾比森,深圳,元器件,ABS,创业板,20140801,丁彦辉,民营企业
002718.SZ,002718,友邦吊顶,浙江,其他建材,YBDD,主板,20140128,施其明,民营企业
002715.SZ,002715,登云股份,广东,汽车配件,DYGF,主板,20140219,杨涛,民营企业
002716.SZ,002716,湖南白银,湖南,小金属,HNBY,主板,20140128,湖南省人民政府国有资产监督管理委员会,地方国有企业
002713.SZ,002713,*ST东易,北京,装修装饰,*STDY,主板,20140219,张建华,民营企业
002723.SZ,002723,小崧股份,广东,家用电器,XSGF,主板,20140129,蔡小如,民营企业
002792.SZ,002792,通宇通讯,广东,通信设备,TYTX,主板,20160328,吴中林,民营企业
002727.SZ,002727,一心堂,云南,医药商业,YXT,主板,20140702,阮鸿献,民营企业
601608.SH,601608,中信重工,河南,专用机械,ZXZG,主板,20120706,中国中信集团有限公司,中央企业
601238.SH,601238,广汽集团,广东,汽车整车,GQJT,主板,20120329,广州市人民政府国有资产监督管理委员会,地方国有企业
300352.SZ,300352,北信源,北京,软件服务,BXY,创业板,20120912,林皓,民营企业
002709.SZ,002709,天赐材料,广东,化工原料,TCCL,主板,20140123,徐金富,民营企业
002725.SZ,002725,跃岭股份,浙江,汽车配件,YLGF,主板,20140129,王冠然,民营企业
002746.SZ,002746,仙坛股份,山东,农业综合,XTGF,主板,20150216,王寿纯,民营企业
002708.SZ,002708,光洋股份,江苏,汽车配件,GYGF,主板,20140121,安徽省黄山市人民政府国有资产监督管理委员会,地方国有企业
002695.SZ,002695,煌上煌,江西,食品,HSH,主板,20120905,褚浚,民营企业
300382.SZ,300382,斯莱克,江苏,专用机械,SLK,创业板,20140129,安旭,外资
603185.SH,603185,弘元绿能,江苏,电气设备,HYLN,主板,20181228,杨建良,民营企业
002714.SZ,002714,牧原股份,河南,农业综合,MYGF,主板,20140128,秦英林,民营企业
002815.SZ,002815,崇达技术,深圳,元器件,CDJS,主板,20161012,姜雪飞,民营企业
002703.SZ,002703,浙江世宝,浙江,汽车配件,ZJSB,主板,20121102,张世权,民营企业
002722.SZ,002722,物产金轮,江苏,钢加工,WCJL,主板,20140128,浙江省人民政府国有资产监督管理委员会,地方国有企业
603699.SH,603699,纽威股份,江苏,机械基件,NWGF,主板,20140117,王保庆,民营企业
601016.SH,601016,节能风电,北京,新型电力,JNFD,主板,20140929,国务院国有资产监督管理委员会,中央企业
603166.SH,603166,福达股份,广西,汽车配件,FDGF,主板,20141127,黎福超,民营企业
001203.SZ,001203,大中矿业,内蒙,普钢,DZKY,主板,20210510,林来嵘,民营企业
300507.SZ,300507,苏奥传感,江苏,汽车配件,SACG,创业板,20160429,无实际控制人,其他
300369.SZ,300369,绿盟科技,北京,软件服务,LMKJ,创业板,20140129,无实际控制人,其他
300354.SZ,300354,东华测试,江苏,电器仪表,DHCS,创业板,20120920,刘士钢,民营企业
603308.SH,603308,应流股份,安徽,机械基件,YLGF,主板,20140122,杜应流,民营企业
300388.SZ,300388,节能国祯,安徽,环境保护,JNGZ,创业板,20140801,国务院国有资产监督管理委员会,中央企业
603777.SH,603777,来伊份,上海,食品,LYF,主板,20161012,施永雷,民营企业
603989.SH,603989,艾华集团,湖南,元器件,AHJT,主板,20150515,艾立华,民营企业
002719.SZ,002719,麦趣尔,新疆,乳制品,MQE,主板,20140128,李勇,民营企业
603806.SH,603806,福斯特,浙江,塑料,FST,主板,20140905,林建华,民营企业
002700.SZ,002700,万憬能源,新疆,供气供热,WJNY,主板,20120921,李猛龙,民营企业
603088.SH,603088,宁波精达,浙江,机床制造,NBJD,主板,20141111,宁波市人民政府国有资产监督管理委员会,地方国有企业
603566.SH,603566,普莱柯,河南,农业综合,PLK,主板,20150518,张许科,民营企业
603009.SH,603009,北特科技,上海,汽车配件,BTKJ,主板,20140718,靳坤,民营企业
603688.SH,603688,石英股份,江苏,矿物制品,SYGF,主板,20141031,陈士斌,民营企业
002782.SZ,002782,可立克,深圳,元器件,KLK,主板,20151222,肖铿,民营企业
601969.SH,601969,海南矿业,海南,普钢,HNKY,主板,20141209,郭广昌,民营企业
300351.SZ,300351,永贵电器,浙江,运输设备,YGDQ,创业板,20120920,范纪军,民营企业
300355.SZ,300355,蒙草生态,内蒙,环境保护,MCST,创业板,20120927,王召明,民营企业
002721.SZ,002721,金一文化,北京,服饰,JYWH,主板,20140127,北京市海淀区人民政府国有资产监督管理委员会,地方国有企业
600917.SH,600917,重庆燃气,重庆,供气供热,CQRQ,主板,20140930,国务院国有资产监督管理委员会,中央企业
300368.SZ,300368,汇金股份,河北,IT设备,HJGF,创业板,20140123,邯郸市人民政府国有资产监督管理委员会,地方国有企业
300396.SZ,300396,迪瑞医疗,吉林,医疗保健,DRYL,创业板,20140910,国务院国有资产监督管理委员会,中央企业
300403.SZ,300403,汉宇集团,广东,家用电器,HYJT,创业板,20141030,石华山,民营企业
002697.SZ,002697,红旗连锁,四川,超市连锁,HQLS,主板,20120905,四川省政府国有资产监督管理委员会,地方国有企业
300360.SZ,300360,炬华科技,浙江,电器仪表,JHKJ,创业板,20140121,丁敏华,民营企业
300357.SZ,300357,我武生物,浙江,生物制药,WWSW,创业板,20140121,胡赓熙,民营企业
002843.SZ,002843,泰嘉股份,湖南,钢加工,TJGF,主板,20170120,方鸿,民营企业
002707.SZ,002707,众信旅游,北京,旅游服务,ZXLY,主板,20140123,冯滨,民营企业
300363.SZ,300363,博腾股份,重庆,化学制药,BTGF,创业板,20140129,居年丰,民营企业
300373.SZ,300373,扬杰科技,江苏,半导体,YJKJ,创业板,20140123,梁勤,民营企业
601579.SH,601579,会稽山,浙江,红黄酒,KJS,主板,20140825,方朝阳,民营企业
002748.SZ,002748,世龙实业,江西,化工原料,SLSY,主板,20150319,无实际控制人,其他
002705.SZ,002705,新宝股份,广东,家用电器,XBGF,主板,20140121,郭建刚,民营企业
300546.SZ,300546,雄帝科技,深圳,IT设备,XDKJ,创业板,20160928,高晶,民营企业
300377.SZ,300377,赢时胜,深圳,软件服务,YSS,创业板,20140127,唐球,民营企业
002838.SZ,002838,道恩股份,山东,塑料,DEGF,主板,20170106,于晓宁,民营企业
603023.SH,603023,威帝股份,黑龙江,汽车配件,WDGF,主板,20150527,丽水经济技术开发区管理委员会,地方国有企业
603609.SH,603609,禾丰股份,辽宁,饲料,HFGF,主板,20140808,金卫东,民营企业
300385.SZ,300385,ST雪浪,江苏,环境保护,STXL,创业板,20140626,常州国家高新区管委会(新北区人民政府),地方国有企业
300820.SZ,300820,英杰电气,四川,电气设备,YJDQ,创业板,20200213,王军,民营企业
300376.SZ,300376,易事特,广东,电气设备,YST,创业板,20140127,荆州市人民政府国有资产监督管理委员会,地方国有企业
300419.SZ,300419,ST浩丰,北京,软件服务,STHF,创业板,20150122,薛杰,民营企业
002728.SZ,002728,特一药业,广东,中成药,TYYY,主板,20140731,许丹青,民营企业
002724.SZ,002724,海洋王,深圳,元器件,HYW,主板,20141104,徐素,民营企业
002726.SZ,002726,龙大美食,山东,食品,LDMS,主板,20140626,戴学斌,民营企业
300380.SZ,300380,安硕信息,上海,软件服务,ASXX,创业板,20140128,高勇,民营企业
603005.SH,603005,晶方科技,江苏,半导体,JFKJ,主板,20140210,无实际控制人,其他
300365.SZ,300365,恒华科技,北京,软件服务,HHKJ,创业板,20140123,江春华,民营企业
300359.SZ,300359,全通教育,广东,文教休闲,QTJY,创业板,20140121,无实际控制人,其他
300399.SZ,300399,天利科技,江西,互联网,TLKJ,创业板,20141009,上饶市国有资产监督管理委员会,地方国有企业
601326.SH,601326,秦港股份,河北,港口,QGGF,主板,20170816,河北省人民政府国有资产监督管理委员会,地方国有企业
603100.SH,603100,川仪股份,重庆,电器仪表,CYGF,主板,20140805,国务院国有资产监督管理委员会,中央企业
002905.SZ,002905,金逸影视,广东,影视音像,JYYS,主板,20171016,李玉珍,民营企业
002712.SZ,002712,思美传媒,浙江,广告包装,SMCM,主板,20140123,四川省政府国有资产监督管理委员会,地方国有企业
300386.SZ,300386,飞天诚信,北京,IT设备,FTCX,创业板,20140626,黄煜,民营企业
300405.SZ,300405,科隆股份,辽宁,化工原料,KLGF,创业板,20141030,姜艳,民营企业
300387.SZ,300387,富邦科技,湖北,农药化肥,FBKJ,创业板,20140702,王仁宗,民营企业
300378.SZ,300378,鼎捷数智,上海,软件服务,DJSZ,创业板,20140127,无实际控制人,其他
601865.SH,601865,福莱特,浙江,玻璃,FLT,主板,20190215,阮洪良,民营企业
002773.SZ,002773,康弘药业,四川,化学制药,KHYY,主板,20150626,柯尊洪,民营企业
300390.SZ,300390,天华新能,江苏,电气设备,THXN,创业板,20140731,裴振华,民营企业
603099.SH,603099,长白山,吉林,旅游景点,CBS,主板,20140822,吉林省长白山保护开发区管理委员会财政局(国有资产监督管理委员会),地方国有企业
603111.SH,603111,康尼机电,江苏,运输设备,KNJD,主板,20140801,无实际控制人,其他
000333.SZ,000333,美的集团,广东,家用电器,MDJT,主板,20130918,何享健,民营企业
600023.SH,600023,浙能电力,浙江,火力发电,ZNDL,主板,20131219,浙江省人民政府国有资产监督管理委员会,地方国有企业
603069.SH,603069,海汽集团,海南,公共交通,HQJT,主板,20160712,海南省国有资产监督管理委员会,地方国有企业
603158.SH,603158,腾龙股份,江苏,汽车配件,TLGF,主板,20150320,蒋学真,民营企业
002801.SZ,002801,微光股份,浙江,电气设备,WGGF,主板,20160622,何平,民营企业
603117.SH,603117,万林物流,江苏,仓储物流,WLWL,主板,20150629,樊继波,民营企业
603979.SH,603979,金诚信,北京,铜,JCX,主板,20150630,王先成,民营企业
300476.SZ,300476,胜宏科技,广东,元器件,SHKJ,创业板,20150611,陈涛,民营企业
300527.SZ,300527,ST应急,湖北,专用机械,STYJ,创业板,20160805,国务院国有资产监督管理委员会,中央企业
603309.SH,603309,维力医疗,广东,医疗保健,WLYL,主板,20150302,向彬,外资
603997.SH,603997,继峰股份,浙江,汽车配件,JFGF,主板,20150302,王义平,民营企业
601595.SH,601595,上海电影,上海,影视音像,SHDY,主板,20160817,上海市国有资产监督管理委员会,地方国有企业
002798.SZ,002798,帝欧水华,四川,家居用品,DOSH,主板,20160525,朱江,民营企业
002802.SZ,002802,洪汇新材,江苏,化工原料,HHXC,主板,20160629,无锡市锡山区国有企业改革发展服务中心,地方国有企业
603389.SH,603389,*ST亚振,江苏,家居用品,*STYZ,主板,20161215,吴涛,民营企业
300435.SZ,300435,中泰股份,浙江,供气供热,ZTGF,创业板,20150326,章有虎,民营企业
603611.SH,603611,诺力股份,浙江,专用机械,NLGF,主板,20150128,丁毅,民营企业
300491.SZ,300491,通合科技,河北,电气设备,THKJ,创业板,20151231,马晓峰,民营企业
603843.SH,603843,*ST正平,青海,建筑工程,*STZP,主板,20160905,金生光,民营企业
300596.SZ,300596,利安隆,天津,化工原料,LAL,创业板,20170119,李海平,民营企业
603010.SH,603010,万盛股份,浙江,化工原料,WSGF,主板,20141010,郭广昌,民营企业
603988.SH,603988,中电电机,江苏,电气设备,ZDDJ,主板,20141104,郭文军,民营企业
300521.SZ,300521,爱司凯,广东,专用机械,ASK,创业板,20160705,李明之,民营企业
300579.SZ,300579,数字认证,北京,软件服务,SZRZ,创业板,20161223,北京市国有资产经营有限责任公司,地方国有企业
002796.SZ,002796,世嘉科技,江苏,通信设备,SJKJ,主板,20160510,王娟,民营企业
603889.SH,603889,新澳股份,浙江,纺织,XAGF,主板,20141231,沈建华,民营企业
002800.SZ,002800,天顺股份,新疆,仓储物流,TSGF,主板,20160530,王普宇,民营企业
300393.SZ,300393,中来股份,江苏,塑料,ZLGF,创业板,20140912,浙江省人民政府国有资产监督管理委员会,地方国有企业
002739.SZ,002739,万达电影,北京,影视音像,WDDY,主板,20150122,柯利明,民营企业
300421.SZ,300421,力星股份,江苏,机械基件,LXGF,创业板,20150217,施祥贵,民营企业
300438.SZ,300438,鹏辉能源,广东,电气设备,PHNY,创业板,20150424,夏信德,民营企业
300430.SZ,300430,诚益通,北京,电器仪表,CYT,创业板,20150319,梁学贤,民营企业
300475.SZ,300475,香农芯创,安徽,元器件,XNXC,创业板,20150610,张维,民营企业
002757.SZ,002757,南兴股份,广东,专用机械,NXGF,主板,20150527,詹谏醒,民营企业
600909.SH,600909,华安证券,安徽,证券,HAZQ,主板,20161206,安徽省人民政府国有资产监督管理委员会,地方国有企业
603789.SH,603789,*ST星农,浙江,农用机械,*STXN,主板,20150427,无实际控制人,其他
300411.SZ,300411,金盾股份,浙江,专用机械,JDGF,创业板,20141231,无实际控制人,其他
300536.SZ,300536,农尚环境,湖北,建筑工程,NSHJ,创业板,20160920,林峰,民营企业
300505.SZ,300505,川金诺,云南,农药化肥,CJN,创业板,20160315,刘甍,民营企业
300436.SZ,300436,广生堂,福建,化学制药,GST,创业板,20150422,李国平,民营企业
601211.SH,601211,国泰海通,上海,证券,GTHT,主板,20150626,上海国际集团有限公司,地方国有企业
603818.SH,603818,曲美家居,北京,家居用品,QMJJ,主板,20150422,赵瑞海,民营企业
002779.SZ,002779,中坚科技,浙江,农用机械,ZJKJ,主板,20151209,吴明根,民营企业
603701.SH,603701,德宏股份,浙江,汽车配件,DHGF,主板,20160412,宁波市镇海区国有资产管理服务中心,地方国有企业
600958.SH,600958,东方证券,上海,证券,DFZQ,主板,20150323,无实际控制人,其他
601198.SH,601198,东兴证券,北京,证券,DXZQ,主板,20150226,中华人民共和国国务院,中央企业
603355.SH,603355,莱克电气,江苏,家用电器,LKDQ,主板,20150513,倪祖根,民营企业
603788.SH,603788,宁波高发,浙江,汽车配件,NBGF,主板,20150120,钱高法,民营企业
603828.SH,603828,ST柯利达,江苏,装修装饰,STKLD,主板,20150226,顾益明,民营企业
601689.SH,601689,拓普集团,浙江,汽车配件,TPJT,主板,20150319,邬建树,外资
601226.SH,601226,华电科工,北京,建筑工程,HDKG,主板,20141211,国务院国有资产监督管理委员会,中央企业
603227.SH,603227,雪峰科技,新疆,化工原料,XFKJ,主板,20150515,广东省环保集团有限公司,地方国有企业
603030.SH,603030,全筑股份,上海,装修装饰,QZGF,主板,20150320,朱斌,民营企业
603899.SH,603899,晨光股份,上海,文教休闲,CGGF,主板,20150127,陈湖文,民营企业
300501.SZ,300501,海顺新材,上海,广告包装,HSXC,创业板,20160204,林武辉,民营企业
603860.SH,603860,中公高科,北京,建筑工程,ZGGK,主板,20170802,交通运输部公路科学研究所,中央企业
300437.SZ,300437,清水源,河南,化工原料,QSY,创业板,20150423,王志清,民营企业
300409.SZ,300409,道氏技术,广东,电气设备,DSJS,创业板,20141203,荣继华,民营企业
300467.SZ,300467,迅游科技,四川,互联网,XYKJ,创业板,20150527,无实际控制人,其他
300415.SZ,300415,伊之密,广东,专用机械,YZM,创业板,20150123,甄荣辉,外资
300530.SZ,300530,领湃科技,湖南,电气设备,LPKJ,创业板,20160809,衡阳市人民政府国有资产监督管理委员会,地方国有企业
300417.SZ,300417,南华仪器,广东,电器仪表,NHYQ,创业板,20150123,杨耀光,民营企业
300452.SZ,300452,山河药辅,安徽,化学制药,SHYF,创业板,20150515,吴长虹,民营企业
603369.SH,603369,今世缘,江苏,白酒,JSY,主板,20140703,涟水县人民政府,地方国有企业
603011.SH,603011,合锻智能,安徽,专用机械,HDZN,主板,20141107,严建文,民营企业
603698.SH,603698,航天工程,北京,专用机械,HTGC,主板,20150128,中国航天科技集团有限公司,中央企业
601021.SH,601021,春秋航空,上海,空运,CQHK,主板,20150121,王正华,民营企业
603726.SH,603726,朗迪集团,浙江,家用电器,LDJT,主板,20160421,高炎康,民营企业
603320.SH,603320,迪贝电气,浙江,电气设备,DBDQ,主板,20170502,吴建荣,民营企业
603013.SH,603013,亚普股份,江苏,汽车配件,YPGF,主板,20180509,国家开发投资集团有限公司,中央企业
002768.SZ,002768,国恩股份,山东,塑料,GEGF,主板,20150630,王爱国,民营企业
603015.SH,603015,弘讯科技,浙江,电气设备,HXKJ,主板,20150303,周珊珊,外资
603606.SH,603606,东方电缆,浙江,电气设备,DFDL,主板,20141015,夏崇耀,民营企业
603959.SH,603959,百利科技,湖南,建筑工程,BLKJ,主板,20160517,王海荣,民营企业
603696.SH,603696,安记食品,福建,食品,AJSP,主板,20151209,林肖芳,民营企业
002730.SZ,002730,电光科技,浙江,专用机械,DGKJ,主板,20141009,石晓霞,民营企业
002761.SZ,002761,浙江建投,浙江,建筑工程,ZJJT,主板,20150610,浙江省人民政府国有资产监督管理委员会,地方国有企业
002791.SZ,002791,坚朗五金,广东,其他建材,JLWJ,主板,20160329,白宝鲲,民营企业
002732.SZ,002732,燕塘乳业,广东,乳制品,YTRY,主板,20141205,广东省农垦集团公司,中央企业
603368.SH,603368,柳药集团,广西,医药商业,LYJT,主板,20141204,朱朝阳,民营企业
601828.SH,601828,美凯龙,上海,其他商业,MKL,主板,20180117,厦门市人民政府国有资产监督管理委员会,地方国有企业
300463.SZ,300463,迈克生物,四川,医疗保健,MKSW,创业板,20150528,唐勇,民营企业
300523.SZ,300523,辰安科技,北京,软件服务,CAKJ,创业板,20160726,国务院国有资产监督管理委员会,中央企业
002742.SZ,002742,*ST三圣,重庆,水泥,*STSS,主板,20150217,肖辉,民营企业
300455.SZ,300455,航天智装,北京,IT设备,HTZZ,创业板,20150515,国务院国有资产监督管理委员会,中央企业
603318.SH,603318,水发燃气,辽宁,供气供热,SFRQ,主板,20150424,山东省人民政府国有资产监督管理委员会,地方国有企业
300449.SZ,300449,汉邦高科,北京,IT设备,HBGK,创业板,20150422,李柠,民营企业
300443.SZ,300443,金雷股份,山东,电气设备,JLGF,创业板,20150422,伊廷雷,民营企业
300398.SZ,300398,飞凯材料,上海,化工原料,FKCL,创业板,20141009,JINSHAN ZHANG,外资
603116.SH,603116,红蜻蜓,浙江,服饰,HQT,主板,20150629,钱金波,民营企业
603866.SH,603866,桃李面包,辽宁,食品,TLMB,主板,20151222,吴学群,民营企业
002786.SZ,002786,银宝山新,深圳,专用机械,YBSX,主板,20151223,中华人民共和国国务院,中央企业
603730.SH,603730,岱美股份,上海,汽车配件,DMGF,主板,20170728,姜银台,民营企业
600959.SH,600959,江苏有线,江苏,影视音像,JSYX,主板,20150428,江苏省人民政府,地方国有企业
300384.SZ,300384,三联虹普,北京,建筑工程,SLHP,创业板,20140801,刘迪,民营企业
603188.SH,603188,亚邦股份,江苏,染料涂料,YBGF,主板,20140909,常州市武进区国有(集体)资产管理办公室,地方国有企业
603383.SH,603383,顶点软件,福建,软件服务,DDRJ,主板,20170522,严孟宇,民营企业
300406.SZ,300406,九强生物,北京,医疗保健,JQSW,创业板,20141030,无实际控制人,其他
002771.SZ,002771,真视通,北京,软件服务,ZST,主板,20150629,王国红,民营企业
300441.SZ,300441,鲍斯股份,浙江,机床制造,BSGF,创业板,20150423,陈金岳,民营企业
300511.SZ,300511,雪榕生物,上海,种植业,XRSW,创业板,20160504,蒋智,民营企业
300513.SZ,300513,恒实科技,北京,软件服务,HSKJ,创业板,20160530,钱苏晋,民营企业
300448.SZ,300448,浩云科技,广东,软件服务,HYKJ,创业板,20150424,茅庆江,民营企业
002767.SZ,002767,先锋电子,浙江,电器仪表,XFDZ,主板,20150612,石义民,民营企业
002818.SZ,002818,富森美,四川,其他商业,FSM,主板,20161109,刘兵,民营企业
603101.SH,603101,汇嘉时代,新疆,百货,HJSD,主板,20160506,潘锦海,民营企业
603528.SH,603528,多伦科技,江苏,软件服务,DLKJ,主板,20160503,章安强,外资
603883.SH,603883,老百姓,湖南,医药商业,LBX,主板,20150423,谢子龙,民营企业
002735.SZ,002735,王子新材,深圳,塑料,WZXC,主板,20141203,王进军,民营企业
603885.SH,603885,吉祥航空,上海,空运,JXHK,主板,20150527,王均金,民营企业
603909.SH,603909,建发合诚,福建,建筑工程,JFHC,主板,20160628,厦门市人民政府国有资产监督管理委员会,地方国有企业
002780.SZ,002780,三夫户外,北京,服饰,SFHW,主板,20151209,张恒,民营企业
002741.SZ,002741,光华科技,广东,化工原料,GHKJ,主板,20150216,郑创发,民营企业
603017.SH,603017,中衡设计,江苏,建筑工程,ZHSJ,主板,20141231,冯正功,民营企业
603798.SH,603798,康普顿,山东,石油加工,KPD,主板,20160406,朱振华,民营企业
300374.SZ,300374,中铁装配,北京,其他建材,ZTZP,创业板,20150319,国务院国有资产监督管理委员会,中央企业
300418.SZ,300418,昆仑万维,北京,互联网,KLWW,创业板,20150121,周亚辉,民营企业
300552.SZ,300552,万集科技,北京,IT设备,WJKJ,创业板,20161021,翟军,民营企业
300429.SZ,300429,强力新材,江苏,化工原料,QLXC,创业板,20150324,钱晓春,民营企业
300440.SZ,300440,运达科技,四川,软件服务,YDKJ,创业板,20150423,何鸿云,民营企业
300407.SZ,300407,凯发电气,天津,电气设备,KFDQ,创业板,20141203,孔祥洲,民营企业
300529.SZ,300529,健帆生物,广东,医疗保健,JFSW,创业板,20160802,董凡,民营企业
002729.SZ,002729,好利科技,福建,元器件,HLKJ,主板,20140912,汤奇青,民营企业
603779.SH,603779,威龙股份,山东,红黄酒,WLGF,主板,20160516,闫鹏飞,民营企业
002733.SZ,002733,雄韬股份,深圳,电气设备,XTGF,主板,20141203,张华农,民营企业
002747.SZ,002747,埃斯顿,江苏,机械基件,ASD,主板,20150320,吴波,民营企业
603998.SH,603998,方盛制药,湖南,中成药,FSZY,主板,20141205,张庆华,民营企业
603901.SH,603901,永创智能,浙江,专用机械,YCZN,主板,20150529,罗邦毅,民营企业
603918.SH,603918,金桥信息,上海,软件服务,JQXX,主板,20150528,金国培,民营企业
603703.SH,603703,盛洋科技,浙江,元器件,SYKJ,主板,20150423,叶利明,民营企业
603567.SH,603567,珍宝岛,黑龙江,中成药,ZBD,主板,20150424,方同华,民营企业
603608.SH,603608,天创时尚,广东,服饰,TCSS,主板,20160218,胡先根,民营企业
603031.SH,603031,安孚科技,安徽,电气设备,AFKJ,主板,20160822,袁永刚,民营企业
603520.SH,603520,司太立,浙江,化学制药,STL,主板,20160309,胡锦生,民营企业
603999.SH,603999,读者传媒,甘肃,出版业,DZCM,主板,20151210,甘肃省人民政府,地方国有企业
002755.SZ,002755,奥赛康,北京,化学制药,ASK,主板,20150515,陈庆财,民营企业
300466.SZ,300466,赛摩智能,江苏,电器仪表,SMZN,创业板,20150528,洛阳市人民政府国有资产监督管理委员会,地方国有企业
300469.SZ,300469,信息发展,浙江,软件服务,XXFZ,创业板,20150611,无实际控制人,其他
601882.SH,601882,海天精工,浙江,机床制造,HTJG,主板,20161107,张静章,民营企业
601512.SH,601512,中新集团,江苏,园区开发,ZXJT,主板,20191220,苏州工业园区国有资本投资运营控股有限公司,地方国有企业
601985.SH,601985,中国核电,北京,新型电力,ZGHD,主板,20150610,国务院国有资产监督管理委员会,中央企业
601069.SH,601069,西部黄金,新疆,黄金,XBHJ,主板,20150122,新疆维吾尔自治区人民政府国有资产监督管理委员会,地方国有企业
002749.SZ,002749,国光股份,四川,农药化肥,GGGF,主板,20150320,颜昌绪,民营企业
601015.SH,601015,陕西黑猫,陕西,焦炭加工,SXHM,主板,20141105,李保平,民营企业
002737.SZ,002737,葵花药业,黑龙江,中成药,KHYY,主板,20141230,关彦斌,民营企业
603025.SH,603025,大豪科技,北京,纺织机械,DHKJ,主板,20150422,北京市人民政府国有资产监督管理委员会,地方国有企业
300492.SZ,300492,华图山鼎,四川,文教休闲,HTSD,创业板,20151223,易定宏,民营企业
300479.SZ,300479,神思电子,山东,软件服务,SSDZ,创业板,20150612,济南市人民政府国有资产监督管理委员会,地方国有企业
300464.SZ,300464,星徽股份,广东,机械基件,XHGF,创业板,20150610,谢晓华,外资
300424.SZ,300424,航新科技,广东,航空,HXKJ,创业板,20150422,胡晨,民营企业
300465.SZ,300465,高伟达,北京,软件服务,GWD,创业板,20150528,于伟,民营企业
603969.SH,603969,银龙股份,天津,其他建材,YLGF,主板,20150227,谢志峰,民营企业
601811.SH,601811,新华文轩,四川,出版业,XHWX,主板,20160808,四川省政府国有资产监督管理委员会,地方国有企业
603667.SH,603667,五洲新春,浙江,机械基件,WZXC,主板,20161025,张峰,民营企业
603660.SH,603660,苏州科达,江苏,IT设备,SZKD,主板,20161201,陈冬根,民营企业
002775.SZ,002775,文科股份,广东,建筑工程,WKGF,主板,20150629,佛山市人民政府国有资产监督管理委员会,地方国有企业
002766.SZ,002766,索菱股份,深圳,汽车配件,SLGF,主板,20150611,许培锋,民营企业
002763.SZ,002763,汇洁股份,深圳,服饰,HJGF,主板,20150610,吕兴平,民营企业
601968.SH,601968,宝钢包装,上海,广告包装,BGBZ,主板,20150611,国务院国有资产监督管理委员会,中央企业
603868.SH,603868,飞科电器,上海,家用电器,FKDQ,主板,20160418,李丐腾,民营企业
603421.SH,603421,鼎信通讯,山东,通信设备,DXTX,主板,20161011,曾繁忆,民营企业
603515.SH,603515,欧普照明,上海,家用电器,OPZM,主板,20160819,王耀海,民营企业
603919.SH,603919,金徽酒,甘肃,白酒,JHJ,主板,20160310,李明,外资
002762.SZ,002762,*ST金比,广东,服饰,*STJB,主板,20150610,林浩亮,民营企业
603556.SH,603556,海兴电力,浙江,电器仪表,HXDL,主板,20161110,周良璋,民营企业
601500.SH,601500,通用股份,江苏,汽车配件,TYGF,主板,20160919,江苏省政府国有资产监督管理委员会,地方国有企业
603816.SH,603816,顾家家居,浙江,家居用品,GJJJ,主板,20161014,何剑锋,民营企业
603569.SH,603569,长久物流,北京,公路,CJWL,主板,20160810,薄世久,民营企业
300480.SZ,300480,光力科技,河南,专用机械,GLKJ,创业板,20150702,赵彤宇,民营企业
300806.SZ,300806,斯迪克,江苏,塑料,SDK,创业板,20191125,金闯,民营企业
300486.SZ,300486,东杰智能,山西,专用机械,DJZN,创业板,20150630,韩永光,民营企业
300490.SZ,300490,华自科技,湖南,专用机械,HZKJ,创业板,20151231,黄文宝,民营企业
300494.SZ,300494,盛天网络,湖北,互联网,STWL,创业板,20151231,赖春临,民营企业
300489.SZ,300489,光智科技,浙江,专用机械,GZKJ,创业板,20150701,朱世会,民营企业
300478.SZ,300478,杭州高新,浙江,塑料,HZGX,创业板,20150610,林融升,民营企业
300471.SZ,300471,厚普股份,四川,专用机械,HPGF,创业板,20150611,王季文,民营企业
300472.SZ,300472,*ST新元,江西,专用机械,*STXY,创业板,20150611,吴贤龙,民营企业
603898.SH,603898,好莱客,广东,家居用品,HLK,主板,20150217,沈汉标,民营企业
603612.SH,603612,索通发展,山东,矿物制品,STFZ,主板,20170718,郎光辉,民营企业
600939.SH,600939,重庆建工,重庆,建筑工程,CQJG,主板,20170221,重庆市国有资产监督管理委员会,地方国有企业
603558.SH,603558,健盛集团,浙江,纺织,JSJT,主板,20150127,张茂义,民营企业
603090.SH,603090,宏盛股份,江苏,专用机械,HSGF,主板,20160831,钮玉霞,民营企业
603160.SH,603160,汇顶科技,深圳,半导体,HDKJ,主板,20161017,张帆,民营企业
603012.SH,603012,创力集团,上海,专用机械,CLJT,主板,20150320,石良希,民营企业
603021.SH,603021,ST华鹏,山东,家居用品,STHP,主板,20150423,杨晓宏,民营企业
603887.SH,603887,城地香江,上海,软件服务,CDXJ,主板,20161010,谢晓东,民营企业
603663.SH,603663,三祥新材,福建,小金属,SXXC,主板,20160801,夏鹏,民营企业
603636.SH,603636,南威软件,福建,软件服务,NWRJ,主板,20141230,吴志雄,民营企业
002788.SZ,002788,鹭燕医药,福建,医药商业,LYYY,主板,20160218,吴金祥,民营企业
603618.SH,603618,杭电股份,浙江,电气设备,HDGF,主板,20150217,孙庆炎,民营企业
603986.SH,603986,兆易创新,北京,半导体,ZYCX,主板,20160818,朱一明,民营企业
603588.SH,603588,高能环境,北京,环境保护,GNHJ,主板,20141229,李卫国,民营企业
002760.SZ,002760,凤形股份,江西,机械基件,FXGF,主板,20150611,徐茂华,民营企业
002819.SZ,002819,东方中科,北京,电器仪表,DFZK,主板,20161111,中国科学院控股有限公司,中央企业
300496.SZ,300496,中科创达,北京,软件服务,ZKCD,创业板,20151210,赵鸿飞,民营企业
300555.SZ,300555,ST路通,江苏,通信设备,STLT,创业板,20161018,吴世春,民营企业
300547.SZ,300547,川环科技,四川,汽车配件,CHKJ,创业板,20160930,文建树,民营企业
300522.SZ,300522,世名科技,江苏,染料涂料,SMKJ,创业板,20160705,陆勇,民营企业
300484.SZ,300484,蓝海华腾,深圳,电气设备,LHHT,创业板,20160322,邱文渊,民营企业
300432.SZ,300432,富临精工,四川,汽车配件,FLJG,创业板,20150319,安治富,民营企业
300535.SZ,300535,达威股份,四川,化工原料,DWGF,创业板,20160812,严建林,民营企业
300534.SZ,300534,陇神戎发,甘肃,中成药,LSRF,创业板,20160913,甘肃省人民政府国有资产监督管理委员会,地方国有企业
300559.SZ,300559,佳发教育,四川,软件服务,JFJY,创业板,20161101,袁斌,民营企业
603118.SH,603118,共进股份,深圳,通信设备,GJGF,主板,20150225,唐山市人民政府国有资产监督管理委员会,地方国有企业
002793.SZ,002793,罗欣药业,山东,化学制药,LXYY,主板,20160415,刘保起,民营企业
002806.SZ,002806,华锋股份,广东,汽车配件,HFGF,主板,20160726,陈运,民营企业
002787.SZ,002787,华源控股,江苏,广告包装,HYKG,主板,20151231,李炳兴,民营企业
002822.SZ,002822,ST中装,深圳,装修装饰,STZZ,主板,20161129,龙吉生,民营企业
002789.SZ,002789,*ST建艺,深圳,装修装饰,*STJY,主板,20160311,珠海市香洲区国有资产管理办公室,地方国有企业
002811.SZ,002811,郑中设计,深圳,装修装饰,ZZSJ,主板,20160908,郑忠,民营企业
603189.SH,603189,网达软件,上海,软件服务,WDRJ,主板,20160914,蒋宏业,民营企业
002821.SZ,002821,凯莱英,天津,生物制药,KLY,主板,20161118,HAO HONG,外资
002809.SZ,002809,红墙股份,广东,化工原料,HQGF,主板,20160823,刘连军,民营企业
002832.SZ,002832,比音勒芬,广东,服饰,BYLF,主板,20161223,谢秉政,民营企业
002817.SZ,002817,黄山胶囊,安徽,化学制药,HSJN,主板,20161025,无实际控制人,其他
300433.SZ,300433,蓝思科技,湖南,元器件,LSKJ,创业板,20150318,周群飞,外资
300462.SZ,300462,ST华铭,上海,IT设备,STHM,创业板,20150527,张亮,民营企业
300512.SZ,300512,中亚股份,浙江,专用机械,ZYGF,创业板,20160526,史中伟,民营企业
300664.SZ,300664,鹏鹞环保,江苏,环境保护,PYHB,创业板,20180105,王洪春,民营企业
002979.SZ,002979,雷赛智能,深圳,专用机械,LSZN,主板,20200408,李卫平,民营企业
002795.SZ,002795,永和智控,浙江,机械基件,YHZK,主板,20160428,曹德莅,民营企业
603718.SH,603718,海利生物,上海,农业综合,HLSW,主板,20150515,张海明,民营企业
601900.SH,601900,南方传媒,广东,出版业,NFCM,主板,20160215,广东省出版集团有限公司,地方国有企业
300500.SZ,300500,启迪设计,江苏,建筑工程,QDSJ,创业板,20160204,无实际控制人,其他
002790.SZ,002790,瑞尔特,福建,家居用品,RET,主板,20160308,无实际控制人,其他
002753.SZ,002753,永东股份,山西,化工原料,YDGF,主板,20150519,刘东良,民营企业
603799.SH,603799,华友钴业,浙江,小金属,HYGY,主板,20150129,陈雪华,民营企业
600936.SH,600936,北投科技,广西,软件服务,BTKJ,主板,20160815,广西壮族自治区人民政府国有资产监督管理委员会,地方国有企业
300517.SZ,300517,海波重科,湖北,建筑工程,HBZK,创业板,20160719,张海波,民营企业
603690.SH,603690,至纯科技,上海,半导体,ZCKJ,主板,20170113,蒋渊,民营企业
002758.SZ,002758,浙农股份,浙江,批发业,ZNGF,主板,20150527,浙江省供销合作社联合社,集体企业
002759.SZ,002759,天际股份,广东,电气设备,TJGF,主板,20150528,吴锡盾,外资
603159.SH,603159,上海亚虹,上海,专用机械,SHYH,主板,20160812,孙林,民营企业
603589.SH,603589,口子窖,安徽,白酒,KZJ,主板,20150629,徐进,民营企业
601606.SH,601606,长城军工,安徽,专用机械,CCJG,主板,20180806,国务院国有资产监督管理委员会,中央企业
300519.SZ,300519,新光药业,浙江,中成药,XGYY,创业板,20160624,王岳钧,民营企业
300470.SZ,300470,中密控股,四川,机械基件,ZMKG,创业板,20150612,四川省机械研究设计院(集团)有限公司,地方国有企业
603317.SH,603317,天味食品,四川,食品,TWSP,主板,20190416,邓文,民营企业
603977.SH,603977,国泰集团,江西,化工原料,GTJT,主板,20161111,江西省国有资产监督管理委员会,地方国有企业
300414.SZ,300414,中光防雷,四川,通信设备,ZGFL,创业板,20150513,王雪颖,民营企业
300425.SZ,300425,中建环能,四川,环境保护,ZJHN,创业板,20150216,中国建筑集团有限公司,中央企业
300460.SZ,300460,ST惠伦,广东,元器件,STHL,创业板,20150515,赵积清,民营企业
603900.SH,603900,莱绅通灵,江苏,服饰,LSTL,主板,20161123,马峻,民营企业
601366.SH,601366,利群股份,山东,百货,LQGF,主板,20170412,徐恭藻,民营企业
601212.SH,601212,白银有色,甘肃,铜,BYYS,主板,20170215,无实际控制人,其他
300518.SZ,300518,新迅达,广西,互联网,XXD,创业板,20160624,吴成华,民营企业
300506.SZ,300506,ST名家汇,深圳,建筑工程,STMJH,创业板,20160324,吴立群,民营企业
300533.SZ,300533,冰川网络,深圳,互联网,BCWL,创业板,20160818,刘和国,民营企业
300453.SZ,300453,三鑫医疗,江西,医疗保健,SXYL,创业板,20150515,彭义兴,民营企业
002797.SZ,002797,第一创业,深圳,证券,DYCY,主板,20160511,无实际控制人,其他
603060.SH,603060,国检集团,北京,建筑工程,GJJT,主板,20161109,中国建材集团有限公司,中央企业
603367.SH,603367,辰欣药业,山东,化学制药,CXYY,主板,20170929,杜振新,民营企业
603315.SH,603315,福鞍股份,辽宁,环境保护,FAGF,主板,20150424,吕世平,民营企业
603800.SH,603800,洪田股份,江苏,专用机械,HTGF,主板,20151210,赵伟斌,民营企业
603600.SH,603600,永艺股份,浙江,家居用品,YYGF,主板,20150123,张加勇,民营企业
603936.SH,603936,博敏电子,广东,元器件,BMDZ,主板,20151209,徐缓,民营企业
603825.SH,603825,ST华扬,湖南,互联网,STHY,主板,20170802,长沙市人民政府国有资产监督管理委员会,地方国有企业
603616.SH,603616,韩建河山,北京,水泥,HJHS,主板,20150611,北京市房山区韩村河镇韩村河村经济合作社,其他
002923.SZ,002923,润都股份,广东,化学制药,RDGF,主板,20180105,李希,民营企业
300410.SZ,300410,正业科技,广东,专用机械,ZYKJ,创业板,20141231,景德镇市国有资产监督管理委员会,地方国有企业
603338.SH,603338,浙江鼎力,浙江,工程机械,ZJDL,主板,20150325,许树根,民营企业
601966.SH,601966,玲珑轮胎,山东,汽车配件,LLLT,主板,20160706,王锋,民营企业
603018.SH,603018,华设集团,江苏,建筑工程,HSJT,主板,20141013,无实际控制人,其他
300395.SZ,300395,菲利华,湖北,玻璃,FLH,创业板,20140910,邓家贵,民营企业
603222.SH,603222,济民健康,浙江,医疗保健,JMJK,主板,20150217,李丽莎,民营企业
603108.SH,603108,润达医疗,上海,医药商业,RDYL,主板,20150527,杭州市拱墅区人民政府,地方国有企业
002813.SZ,002813,路畅科技,深圳,汽车配件,LCKJ,主板,20161012,无实际控制人,其他
003016.SZ,003016,欣贺股份,福建,服饰,XHGF,主板,20201026,孙瑞鸿,外资
002823.SZ,002823,凯中精密,深圳,机械基件,KZJM,主板,20161124,吴瑛,外资
601611.SH,601611,中国核建,上海,建筑工程,ZGHJ,主板,20160606,国务院国有资产监督管理委员会,中央企业
300510.SZ,300510,金冠股份,吉林,电气设备,JGGF,创业板,20160506,洛阳市老城区人民政府,地方国有企业
300447.SZ,300447,全信股份,江苏,电气设备,QXGF,创业板,20150422,陈祥楼,民营企业
300420.SZ,300420,五洋自控,江苏,机械基件,WYZK,创业板,20150217,姚小春,民营企业
300516.SZ,300516,久之洋,湖北,电器仪表,JZY,创业板,20160602,国务院国有资产监督管理委员会,中央企业
300364.SZ,300364,中文在线,北京,出版业,ZWZX,创业板,20150121,童之磊,民营企业
301130.SZ,301130,西点药业,吉林,化学制药,XDYY,创业板,20220223,张俊,民营企业
603377.SH,603377,ST东时,北京,汽车服务,STDS,主板,20160205,徐雄,民营企业
603508.SH,603508,思维列控,河南,IT设备,SWLK,主板,20151224,李欣,民营企业
300520.SZ,300520,科大国创,安徽,软件服务,KDGC,创业板,20160708,董永东,民营企业
603929.SH,603929,亚翔集成,江苏,装修装饰,YXJC,主板,20161230,姚祖骧,外资
603022.SH,603022,新通联,上海,广告包装,XTL,主板,20150518,曹文洁,民营企业
603131.SH,603131,上海沪工,上海,专用机械,SHHG,主板,20160607,舒宏瑞,民营企业
002820.SZ,002820,桂发祥,天津,食品,GFX,主板,20161118,天津市河西区人民政府国有资产监督管理委员会,地方国有企业
603085.SH,603085,天成自控,浙江,汽车配件,TCZK,主板,20150630,陈邦锐,民营企业
603268.SH,603268,*ST松发,广东,船舶,*STSF,主板,20150319,陈建华,民营企业
603020.SH,603020,爱普股份,上海,食品,APGF,主板,20150325,魏中浩,民营企业
603198.SH,603198,迎驾贡酒,安徽,白酒,YJGJ,主板,20150528,倪永培,民营企业
300485.SZ,300485,赛升药业,北京,生物制药,SSYY,创业板,20150626,马骉,民营企业
601086.SH,601086,国芳集团,甘肃,百货,GFJT,主板,20170929,张国芳,民营企业
300404.SZ,300404,博济医药,广东,医疗保健,BJYY,创业板,20150424,王廷春,民营企业
603958.SH,603958,哈森股份,江苏,服饰,HSGF,主板,20160629,陈玉珍,外资
603738.SH,603738,泰晶科技,湖北,元器件,TJKJ,主板,20160928,喻信东,民营企业
603339.SH,603339,四方科技,江苏,专用机械,SFKJ,主板,20160519,黄杰,民营企业
603266.SH,603266,天龙股份,浙江,汽车配件,TLGF,主板,20170110,胡建立,民营企业
300442.SZ,300442,润泽科技,河北,软件服务,RZKJ,创业板,20150424,周超男,民营企业
002731.SZ,002731,ST萃华,辽宁,服饰,STCH,主板,20141104,陈思伟,民营企业
002777.SZ,002777,久远银海,四川,软件服务,JYYH,主板,20151231,中国工程物理研究院,中央企业
300528.SZ,300528,幸福蓝海,江苏,影视音像,XFLH,创业板,20160808,江苏省人民政府,地方国有企业
300456.SZ,300456,赛微电子,北京,半导体,SWDZ,创业板,20150514,杨云春,民营企业
002803.SZ,002803,吉宏股份,福建,互联网,JHGF,主板,20160712,庄浩,民营企业
603939.SH,603939,益丰药房,湖南,医药商业,YFYF,主板,20150217,高毅,民营企业
300461.SZ,300461,田中精机,浙江,专用机械,TZJJ,创业板,20150519,肖永富,民营企业
300416.SZ,300416,苏试试验,江苏,电器仪表,SSSY,创业板,20150122,钟琼华,民营企业
300468.SZ,300468,四方精创,深圳,软件服务,SFJC,创业板,20150527,周志群,民营企业
300572.SZ,300572,安车检测,深圳,电器仪表,ACJC,创业板,20161206,无实际控制人,其他
300423.SZ,300423,昇辉科技,山东,电气设备,SHKJ,创业板,20150217,李昭强,民营企业
300537.SZ,300537,广信材料,江苏,染料涂料,GXCL,创业板,20160830,李有明,民营企业
603306.SH,603306,华懋科技,福建,汽车配件,HMKJ,主板,20140926,袁晋清,民营企业
603169.SH,603169,兰石重装,甘肃,专用机械,LSZZ,主板,20141009,甘肃省人民政府国有资产监督管理委员会,地方国有企业
603859.SH,603859,能科科技,北京,软件服务,NKKJ,主板,20161021,祖军,民营企业
603878.SH,603878,武进不锈,江苏,钢加工,WJBX,主板,20161219,朱国良,民营企业
002772.SZ,002772,众兴菌业,甘肃,种植业,ZXJY,主板,20150626,陶军,民营企业
002828.SZ,002828,贝肯能源,新疆,石油开采,BKNY,主板,20161208,陈平贵,民营企业
603033.SH,603033,三维股份,浙江,橡胶,SWGF,主板,20161207,叶继跃,民营企业
603311.SH,603311,金海高科,浙江,家用电器,JHGK,主板,20150518,丁宏广,民营企业
002856.SZ,002856,美芝股份,深圳,装修装饰,MZGF,主板,20170320,佛山市南海区国有资产监督管理局,地方国有企业
603028.SH,603028,赛福天,江苏,钢加工,SFT,主板,20160331,苏州鼎鑫投资有限公司,地方国有企业
603036.SH,603036,如通股份,江苏,专用机械,RTGF,主板,20161209,无实际控制人,其他
603838.SH,603838,*ST四通,广东,家居用品,*STST,主板,20150701,黄建平,民营企业
300473.SZ,300473,德尔股份,辽宁,汽车配件,DEGF,创业板,20150612,李毅,民营企业
603602.SH,603602,纵横通信,浙江,通信设备,ZHTX,主板,20170810,苏维锋,民营企业
300474.SZ,300474,景嘉微,湖南,元器件,JJW,创业板,20160331,曾万辉,民营企业
300482.SZ,300482,万孚生物,广东,医疗保健,WFSW,创业板,20150630,王继华,民营企业
300497.SZ,300497,富祥药业,江西,化学制药,FXYY,创业板,20151222,包建华,民营企业
603066.SH,603066,音飞储存,江苏,仓储物流,YFCC,主板,20150611,景德镇市国有资产监督管理委员会,地方国有企业
603027.SH,603027,千禾味业,四川,食品,QHWY,主板,20160307,伍超群,民营企业
603987.SH,603987,康德莱,上海,医疗保健,KDL,主板,20161121,张宪淼,民营企业
603678.SH,603678,火炬电子,福建,元器件,HJDZ,主板,20150126,蔡明通,民营企业
601127.SH,601127,赛力斯,重庆,汽车整车,SLS,主板,20160615,张兴海,民营企业
300549.SZ,300549,优德精密,江苏,专用机械,YDJM,创业板,20160930,曾正雄,外资
300600.SZ,300600,国瑞科技,江苏,船舶,GRKJ,创业板,20170125,浙江省人民政府国有资产监督管理委员会,地方国有企业
300586.SZ,300586,美联新材,广东,化工原料,MLXC,创业板,20170104,黄伟汕,民营企业
002829.SZ,002829,星网宇达,北京,航空,XWYD,主板,20161213,迟家升,民营企业
603258.SH,603258,电魂网络,浙江,互联网,DHWL,主板,20161026,陈芳,民营企业
603319.SH,603319,美湖股份,湖南,汽车配件,MHGF,主板,20161130,许仲秋,民营企业
603568.SH,603568,伟明环保,浙江,环境保护,WMHB,主板,20150528,项光明,民营企业
603444.SH,603444,吉比特,福建,互联网,JBT,主板,20170104,卢竑岩,民营企业
603029.SH,603029,天鹅股份,山东,农用机械,TEGF,主板,20160427,山东省供销合作社联合社,集体企业
002812.SZ,002812,恩捷股份,云南,电气设备,EJGF,主板,20160914,Paul Xiaoming Lee,外资
603639.SH,603639,海利尔,山东,农药化肥,HLE,主板,20170112,葛尧伦,民营企业
300422.SZ,300422,博世科,广西,环境保护,BSK,创业板,20150217,广西壮族自治区人民政府国有资产监督管理委员会,地方国有企业
300542.SZ,300542,新晨科技,北京,软件服务,XCKJ,创业板,20160920,无实际控制人,其他
300509.SZ,300509,新美星,江苏,专用机械,XMX,创业板,20160425,何德平,民营企业
300499.SZ,300499,高澜股份,广东,专用机械,GLGF,创业板,20160202,无实际控制人,其他
603007.SH,603007,*ST花王,江苏,建筑工程,*STHW,主板,20160826,徐良,民营企业
603658.SH,603658,安图生物,河南,医疗保健,ATSW,主板,20160901,苗拥军,民营企业
603822.SH,603822,ST嘉澳,浙江,化工原料,STJA,主板,20160428,沈健,民营企业
300503.SZ,300503,昊志机电,广东,机械基件,HZJD,创业板,20160309,汤秀清,民营企业
603869.SH,603869,ST智知,广西,软件服务,STZZ,主板,20150326,王玉锁,民营企业
603043.SH,603043,广州酒家,广东,食品,GZJJ,主板,20170627,广州市人民政府国有资产监督管理委员会,地方国有企业
603313.SH,603313,梦百合,江苏,家居用品,MBH,主板,20161013,倪张根,民营企业
300508.SZ,300508,维宏股份,上海,软件服务,WHGF,创业板,20160419,汤同奎,民营企业
300412.SZ,300412,迦南科技,浙江,医疗保健,JNKJ,创业板,20141231,方亨志,民营企业
603819.SH,603819,神力股份,江苏,电气设备,SLGF,主板,20161125,陈忠渭,民营企业
603299.SH,603299,苏盐井神,江苏,食品,SYJS,主板,20151231,江苏省政府国有资产监督管理委员会,地方国有企业
603026.SH,603026,石大胜华,山东,化工原料,SDSH,主板,20150529,青岛西海岸新区国有资产管理局,地方国有企业
002825.SZ,002825,纳尔股份,上海,化工原料,NEGF,主板,20161129,游爱国,民营企业
300525.SZ,300525,博思软件,福建,软件服务,BSRJ,创业板,20160726,陈航,民营企业
300545.SZ,300545,联得装备,深圳,专用机械,LDZB,创业板,20160928,聂泉,民营企业
300543.SZ,300543,朗科智能,深圳,元器件,LKZN,创业板,20160908,陈静,民营企业
300531.SZ,300531,优博讯,深圳,IT设备,YBX,创业板,20160809,郭颂,外资
300570.SZ,300570,太辰光,深圳,通信设备,TCG,创业板,20161206,张致民,民营企业
600977.SH,600977,中国电影,北京,影视音像,ZGDY,主板,20160809,中国电影集团公司,中央企业
603300.SH,603300,海南华铁,浙江,多元金融,HNHT,主板,20150529,海南省国有资产监督管理委员会,地方国有企业
603598.SH,603598,引力传媒,北京,互联网,YLCM,主板,20150527,罗衍记,民营企业
603019.SH,603019,中科曙光,天津,IT设备,ZKSG,主板,20141106,无实际控制人,其他
603689.SH,603689,皖天然气,安徽,供气供热,WTRQ,主板,20170110,安徽省人民政府国有资产监督管理委员会,地方国有企业
002816.SZ,002816,*ST和科,深圳,专用机械,*STHK,主板,20161025,阜阳市颍泉区人民政府国有资产监督管理委员会,地方国有企业
603519.SH,603519,立霸股份,江苏,家用电器,LBGF,主板,20150319,卢凤仙,民营企业
002785.SZ,002785,万里石,福建,其他建材,WLS,主板,20151223,胡精沛,民营企业
603067.SH,603067,振华股份,湖北,化工原料,ZHGF,主板,20160913,蔡再华,民营企业
300665.SZ,300665,飞鹿股份,湖南,染料涂料,FLGF,创业板,20170613,章卫国,民营企业
300573.SZ,300573,兴齐眼药,辽宁,化学制药,XQYY,创业板,20161208,刘继东,民营企业
300428.SZ,300428,立中集团,河北,汽车配件,LZJT,创业板,20150319,臧立国,民营企业
603601.SH,603601,再升科技,重庆,玻璃,ZSKJ,主板,20150122,郭茂,民营企业
002835.SZ,002835,同为股份,深圳,IT设备,TWGF,主板,20161228,郭立志,民营企业
601878.SH,601878,浙商证券,浙江,证券,ZSZQ,主板,20170626,浙江省交通投资集团有限公司,地方国有企业
603682.SH,603682,锦和商管,上海,房产服务,JHSG,主板,20200421,郁敏珺,民营企业
603886.SH,603886,元祖股份,上海,食品,YZGF,主板,20161228,张秀琬,外资
603858.SH,603858,步长制药,山东,中成药,BCZY,主板,20161118,赵涛,外资
002736.SZ,002736,国信证券,深圳,证券,GXZQ,主板,20141229,深圳市人民政府国有资产监督管理委员会,地方国有企业
603345.SH,603345,安井食品,福建,食品,AJSP,主板,20170222,杭建英,民营企业
300426.SZ,300426,华智数媒,浙江,影视音像,HZSM,创业板,20150217,浙江广播电视集团,地方国有企业
002765.SZ,002765,蓝黛科技,重庆,元器件,LDKJ,主板,20150612,马鞍山市人民政府,地方国有企业
002810.SZ,002810,山东赫达,山东,化工原料,SDHD,主板,20160826,毕心德,民营企业
300434.SZ,300434,金石亚药,四川,化学制药,JSYY,创业板,20150424,无实际控制人,其他
300539.SZ,300539,横河精密,浙江,塑料,HHJM,创业板,20160830,胡志军,民营企业
300488.SZ,300488,恒锋工具,浙江,机械基件,HFGJ,创业板,20150701,陈尔容,民营企业
603808.SH,603808,歌力思,深圳,服饰,GLS,主板,20150422,夏国新,民营企业
603737.SH,603737,三棵树,福建,染料涂料,SKS,主板,20160603,洪杰,民营企业
603778.SH,603778,国晟科技,北京,电气设备,GSKJ,主板,20151231,吴君,民营企业
300439.SZ,300439,美康生物,浙江,医疗保健,MKSW,创业板,20150422,邹炳德,民营企业
603398.SH,603398,*ST沐邦,江西,电气设备,*STMB,主板,20151209,廖志远,民营企业
603223.SH,603223,恒通股份,山东,公路,HTGF,主板,20150630,龙口市东江街道南山村村民委员会,民营企业
603016.SH,603016,新宏泰,江苏,电气设备,XHT,主板,20160701,无锡市人民政府国有资产监督管理委员会,地方国有企业
300450.SZ,300450,先导智能,江苏,专用机械,XDZN,创业板,20150518,王燕清,民营企业
300502.SZ,300502,新易盛,四川,通信设备,XYS,创业板,20160303,高光荣,民营企业
300446.SZ,300446,航天智造,河北,汽车配件,HTZZ,创业板,20150423,国务院国有资产监督管理委员会,中央企业
603628.SH,603628,清源股份,福建,电气设备,QYGF,主板,20170112,Hong Daniel,外资
300427.SZ,300427,红相股份,福建,电气设备,HXGF,创业板,20150217,杨保田,民营企业
300493.SZ,300493,润欣科技,上海,元器件,RXKJ,创业板,20151210,郎晓刚,外资
300459.SZ,300459,汤姆猫,浙江,互联网,TMM,创业板,20150515,朱志刚,外资
300487.SZ,300487,蓝晓科技,陕西,化工原料,LXKJ,创业板,20150702,高月静,民营企业
300457.SZ,300457,赢合科技,深圳,专用机械,YHKJ,创业板,20150514,上海市国有资产监督管理委员会,地方国有企业
603968.SH,603968,醋化股份,江苏,化工原料,CHGF,主板,20150518,庆九,民营企业
300548.SZ,300548,长芯博创,浙江,通信设备,CXBC,创业板,20161012,国务院国有资产监督管理委员会,中央企业
300451.SZ,300451,创业慧康,浙江,软件服务,CYHK,创业板,20150514,无实际控制人,其他
300564.SZ,300564,筑博设计,西藏,建筑工程,ZBSJ,创业板,20191108,徐先林,民营企业
300560.SZ,300560,中富通,福建,通信设备,ZFT,创业板,20161101,陈融洁,民营企业
300561.SZ,300561,*ST汇科,广东,软件服务,*STHK,创业板,20161117,陈喆,民营企业
300550.SZ,300550,和仁科技,浙江,软件服务,HRKJ,创业板,20161018,杨一兵,民营企业
300394.SZ,300394,天孚通信,江苏,通信设备,TFTX,创业板,20150217,邹支农,民营企业
300938.SZ,300938,信测标准,深圳,电器仪表,XCBZ,创业板,20210127,吕杰中,民营企业
300556.SZ,300556,丝路视觉,深圳,软件服务,SLSJ,创业板,20161104,李萌迪,民营企业
300538.SZ,300538,同益股份,深圳,塑料,TYGF,创业板,20160826,邵羽南,民营企业
300551.SZ,300551,古鳌科技,上海,软件服务,GAKJ,创业板,20161018,徐迎辉,民营企业
300569.SZ,300569,天能重工,山东,电气设备,TNZG,创业板,20161125,珠海市人民政府国有资产监督管理委员会,地方国有企业
300631.SZ,300631,久吾高科,江苏,环境保护,JWGK,创业板,20170323,薛加玉,民营企业
300515.SZ,300515,三德科技,湖南,电器仪表,SDKJ,创业板,20160608,朱先德,民营企业
300553.SZ,300553,集智股份,浙江,电器仪表,JZGF,创业板,20161021,楼荣伟,民营企业
300847.SZ,300847,中船汉光,河北,化工原料,ZCHG,创业板,20200709,国务院国有资产监督管理委员会,中央企业
300540.SZ,300540,蜀道装备,四川,专用机械,SDZB,创业板,20160823,四川省政府国有资产监督管理委员会,地方国有企业
300558.SZ,300558,贝达药业,浙江,化学制药,BDYY,创业板,20161107,丁列明,民营企业
300541.SZ,300541,先进数通,北京,软件服务,XJST,创业板,20160913,无实际控制人,其他
603559.SH,603559,ST通脉,吉林,通信设备,STTM,主板,20161202,梁钧,民营企业
601858.SH,601858,中国科传,北京,出版业,ZGKC,主板,20170118,中国科学院控股有限公司,中央企业
603239.SH,603239,浙江仙通,浙江,汽车配件,ZJXT,主板,20161230,台州市人民政府国有资产监督管理委员会,地方国有企业
603186.SH,603186,华正新材,浙江,元器件,HZXC,主板,20170103,汪力成,民营企业
603716.SH,603716,塞力医疗,湖北,医药商业,SLYL,主板,20161031,温伟,民营企业
603888.SH,603888,新华网,北京,互联网,XHW,主板,20161028,新华通讯社,中央企业
603416.SH,603416,信捷电气,江苏,电器仪表,XJDQ,主板,20161221,李新,民营企业
603633.SH,603633,徕木股份,上海,汽车配件,LMGF,主板,20161117,方培教,民营企业
603098.SH,603098,森特股份,北京,装修装饰,STGF,主板,20161216,刘爱森,民营企业
603669.SH,603669,灵康药业,西藏,化学制药,LKYY,主板,20150528,陶灵萍,民营企业
601163.SH,601163,三角轮胎,山东,汽车配件,SJLT,主板,20160909,丁木,民营企业
603505.SH,603505,金石资源,浙江,化工原料,JSZY,主板,20170503,王锦华,民营企业
603708.SH,603708,家家悦,山东,超市连锁,JJY,主板,20161213,王培桓,民营企业
002865.SZ,002865,钧达股份,海南,电气设备,JDGF,主板,20170425,陆小红,民营企业
002836.SZ,002836,新宏泽,广东,广告包装,XHZ,主板,20161229,张宏清,外资
002842.SZ,002842,翔鹭钨业,广东,小金属,XLWY,主板,20170119,陈启丰,民营企业
002824.SZ,002824,和胜股份,广东,铝,HSGF,主板,20170112,李建湘,民营企业
603983.SH,603983,丸美生物,广东,日用化工,WMSW,主板,20190725,孙怀庆,外资
603203.SH,603203,快克智能,江苏,专用机械,KKZN,主板,20161108,戚国强,民营企业
603035.SH,603035,常熟汽饰,江苏,汽车配件,CSQS,主板,20170105,罗小春,民营企业
603727.SH,603727,博迈科,天津,石油开采,BMK,主板,20161122,彭文成,民营企业
300458.SZ,300458,全志科技,广东,半导体,QZKJ,创业板,20150515,无实际控制人,其他
300413.SZ,300413,芒果超媒,湖南,影视音像,MGCM,创业板,20150121,湖南省人民政府国有资产监督管理委员会,地方国有企业
300481.SZ,300481,濮阳惠成,河南,化工原料,PYHC,创业板,20150630,王中锋,民营企业
300408.SZ,300408,三环集团,广东,元器件,SHJT,创业板,20141203,张万镇,民营企业
600908.SH,600908,无锡银行,江苏,银行,WXYH,主板,20160923,无实际控制人,其他
002839.SZ,002839,张家港行,江苏,银行,ZJGH,主板,20170124,无实际控制人,其他
601229.SH,601229,上海银行,上海,银行,SHYH,主板,20161116,无实际控制人,其他
603323.SH,603323,苏农银行,江苏,银行,SNYH,主板,20161129,无实际控制人,其他
600919.SH,600919,江苏银行,江苏,银行,JSYH,主板,20160802,无实际控制人,其他
002807.SZ,002807,江阴银行,江苏,银行,JYYH,主板,20160902,无实际控制人,其他
601128.SH,601128,常熟银行,江苏,银行,CSYH,主板,20160930,无实际控制人,其他
601997.SH,601997,贵阳银行,贵州,银行,GYYH,主板,20160816,无实际控制人,其他
600926.SH,600926,杭州银行,浙江,银行,HZYH,主板,20161027,无实际控制人,其他
601838.SH,601838,成都银行,四川,银行,CDYH,主板,20180131,成都市人民政府,地方国有企业
603322.SH,603322,超讯通信,广东,通信设备,CXTX,主板,20160728,梁建华,民营企业
300582.SZ,300582,英飞特,浙江,元器件,YFT,创业板,20161228,Guichao Hua,外资
300557.SZ,300557,理工光科,湖北,电器仪表,LGGK,创业板,20161101,中国信息通信科技集团有限公司,中央企业
603336.SH,603336,宏辉果蔬,广东,农业综合,HHGS,主板,20161124,苏州市财政局,地方国有企业
300623.SZ,300623,捷捷微电,江苏,半导体,JJWD,创业板,20170314,黄善兵,民营企业
002840.SZ,002840,华统股份,浙江,食品,HTGF,主板,20170110,朱俭勇,民营企业
601881.SH,601881,中国银河,北京,证券,ZGYH,主板,20170123,中央汇金投资有限责任公司,中央企业
603797.SH,603797,联泰环保,广东,环境保护,LTHB,主板,20170413,黄建勲,民营企业
300563.SZ,300563,神宇股份,江苏,通信设备,SYGF,创业板,20161114,任凤娟,民营企业
300624.SZ,300624,万兴科技,西藏,软件服务,WXKJ,创业板,20180118,吴太兵,民营企业
002833.SZ,002833,弘亚数控,广东,专用机械,HYSK,主板,20161228,李茂洪,民营企业
300657.SZ,300657,弘信电子,福建,元器件,HXDZ,创业板,20170523,李强,民营企业
300562.SZ,300562,乐心医疗,广东,医疗保健,LXYL,创业板,20161116,潘伟潮,民营企业
300565.SZ,300565,科信技术,深圳,通信设备,KXJS,创业板,20161122,陈登志,民营企业
603585.SH,603585,苏利股份,江苏,农药化肥,SLGF,主板,20161214,缪金凤,民营企业
002831.SZ,002831,裕同科技,深圳,广告包装,YTKJ,主板,20161216,吴兰兰,民营企业
002845.SZ,002845,同兴达,深圳,元器件,TXD,主板,20170125,万锋,民营企业
603517.SH,603517,ST绝味,湖南,食品,STJW,主板,20170317,戴文军,民营企业
603990.SH,603990,麦迪科技,江苏,软件服务,MDKJ,主板,20161208,绵阳市安州区国有资产监督管理办公室,地方国有企业
603577.SH,603577,汇金通,山东,电气设备,HJT,主板,20161222,韩敬远,民营企业
603298.SH,603298,杭叉集团,浙江,工程机械,HCJT,主板,20161227,仇建平,民营企业
603668.SH,603668,天马科技,福建,饲料,TMKJ,主板,20170117,陈庆堂,民营企业
603966.SH,603966,法兰泰克,江苏,专用机械,FLTK,主板,20170125,金红萍,民营企业
300587.SZ,300587,天铁科技,浙江,橡胶,TTKJ,创业板,20170105,王美雨,民营企业
300575.SZ,300575,中旗股份,江苏,农药化肥,ZQGF,创业板,20161220,吴耀军,民营企业
300504.SZ,300504,天邑股份,四川,通信设备,TYGF,创业板,20180330,李世宏,民营企业
603833.SH,603833,欧派家居,广东,家居用品,OPJJ,主板,20170328,姚良松,民营企业
002837.SZ,002837,英维克,深圳,专用机械,YWK,主板,20161229,齐勇,民营企业
300686.SZ,300686,智动力,深圳,元器件,ZDL,创业板,20170804,吴加维,民营企业
300566.SZ,300566,激智科技,浙江,元器件,JZKJ,创业板,20161115,张彦,民营企业
300567.SZ,300567,精测电子,湖北,电器仪表,JCDZ,创业板,20161122,彭骞,民营企业
002857.SZ,002857,三晖电气,河南,电器仪表,SHDQ,主板,20170323,胡坤,民营企业
002848.SZ,002848,*ST高斯,湖南,家用电器,*STGS,主板,20170213,潍坊市国有资产监督管理委员会,地方国有企业
002841.SZ,002841,视源股份,广东,元器件,SYGF,主板,20170119,黄正聪,民营企业
603637.SH,603637,镇海股份,浙江,建筑工程,ZHGF,主板,20170208,余姚市国有资产管理中心,地方国有企业
603877.SH,603877,太平鸟,浙江,服饰,TPN,主板,20170109,张江平,民营企业
603928.SH,603928,兴业股份,江苏,化工原料,XYGF,主板,20161212,王进兴,民营企业
603086.SH,603086,先达股份,山东,农药化肥,XDGF,主板,20170511,王现全,民营企业
603218.SH,603218,日月股份,浙江,电气设备,RYGF,主板,20161228,傅明康,民营企业
603823.SH,603823,百合花,浙江,染料涂料,BHH,主板,20161220,陈立荣,民营企业
603228.SH,603228,景旺电子,深圳,元器件,JWDZ,主板,20170106,刘绍柏,民营企业
002960.SZ,002960,青鸟消防,河北,专用机械,QNXF,主板,20190809,无实际控制人,其他
300615.SZ,300615,欣天科技,深圳,通信设备,XTKJ,创业板,20170215,石伟平,民营企业
603638.SH,603638,艾迪精密,山东,专用机械,ADJM,主板,20170120,冯晓鸿,外资
603579.SH,603579,荣泰健康,上海,家用电器,RTJK,主板,20170111,林琪,民营企业
603677.SH,603677,奇精机械,浙江,家用电器,QJJX,主板,20170206,宁波市人民政府国有资产监督管理委员会,地方国有企业
002858.SZ,002858,力盛体育,上海,文教休闲,LSTY,主板,20170324,夏青,民营企业
603177.SH,603177,德创环保,浙江,环境保护,DCHB,主板,20170207,金猛,民营企业
603538.SH,603538,美诺华,浙江,化学制药,MNH,主板,20170407,姚成志,民营企业
601020.SH,601020,华钰矿业,西藏,铅锌,HYKY,主板,20160316,刘建军,民营企业
300682.SZ,300682,朗新科技,江苏,软件服务,LXKJ,创业板,20170801,徐长军,民营企业
603039.SH,603039,泛微网络,上海,软件服务,FWWL,主板,20170113,韦利东,民营企业
603037.SH,603037,凯众股份,上海,汽车配件,KZGF,主板,20170120,杨建刚,民营企业
603811.SH,603811,诚意药业,浙江,化学制药,CYYY,主板,20170315,颜贻意,民营企业
601375.SH,601375,中原证券,河南,证券,ZYZQ,主板,20170103,河南省财政厅,地方国有企业
603881.SH,603881,数据港,上海,软件服务,SJG,主板,20170208,上海市静安区国有资产监督管理委员会(上海市静安区集体资产监督管理委员会),地方国有企业
603626.SH,603626,科森科技,江苏,元器件,KSKJ,主板,20170209,徐金根,民营企业
002850.SZ,002850,科达利,深圳,电气设备,KDL,主板,20170302,励建立,民营企业
002861.SZ,002861,瀛通通讯,湖北,元器件,YTTX,主板,20170413,黄晖,民营企业
300606.SZ,300606,金太阳,广东,机械基件,JTY,创业板,20170208,杨璐,民营企业
300619.SZ,300619,金银河,广东,专用机械,JYH,创业板,20170301,张启发,民营企业
603303.SH,603303,得邦照明,浙江,家用电器,DBZM,主板,20170330,东阳市横店社团经济企业联合会,集体企业
601228.SH,601228,广州港,广东,港口,GZG,主板,20170329,广州市人民政府国有资产监督管理委员会,地方国有企业
300580.SZ,300580,贝斯特,江苏,汽车配件,BST,创业板,20170111,曹余华,民营企业
603358.SH,603358,华达科技,江苏,汽车配件,HDKJ,主板,20170125,陈竞宏,民营企业
603038.SH,603038,华立股份,广东,家居用品,HLGF,主板,20170116,何全洪,民营企业
603040.SH,603040,新坐标,浙江,汽车配件,XZB,主板,20170209,徐纳,民营企业
300578.SZ,300578,会畅科技,上海,通信设备,HCKJ,创业板,20170125,何其金,民营企业
300571.SZ,300571,平治信息,浙江,互联网,PZXX,创业板,20161213,郭庆,民营企业
300598.SZ,300598,诚迈科技,江苏,软件服务,CMKJ,创业板,20170120,王继平,民营企业
002867.SZ,002867,周大生,深圳,服饰,ZDS,主板,20170427,周宗文,民营企业
603165.SH,603165,荣晟环保,浙江,造纸,RSHB,主板,20170117,冯荣华,民营企业
603839.SH,603839,安正时尚,浙江,服饰,AZSS,主板,20170214,郑安政,民营企业
603360.SH,603360,百傲化学,辽宁,农药化肥,BAHX,主板,20170206,刘宪武,民营企业
002953.SZ,002953,日丰股份,广东,电气设备,RFGF,主板,20190509,冯就景,民营企业
002855.SZ,002855,捷荣技术,广东,元器件,JRJS,主板,20170321,赵晓群,外资
603208.SH,603208,江山欧派,浙江,家居用品,JSOP,主板,20170210,吴水根,民营企业
603032.SH,603032,德新科技,新疆,专用机械,DXKJ,主板,20170105,胡成中,民营企业
603908.SH,603908,牧高笛,浙江,纺织,MGD,主板,20170307,陆暾华,民营企业
300597.SZ,300597,吉大通信,吉林,通信设备,JDTX,创业板,20170123,吉林大学,大学
603665.SH,603665,康隆达,浙江,服饰,KLD,主板,20170313,张间芳,民营企业
300987.SZ,300987,川网传媒,四川,互联网,CWCM,创业板,20210511,中国共产党四川省委员会宣传部,地方国有企业
300581.SZ,300581,晨曦航空,陕西,航空,CXHK,创业板,20161220,吴坚,民营企业
300576.SZ,300576,容大感光,深圳,染料涂料,RDGG,创业板,20161220,林海望,民营企业
300684.SZ,300684,中石科技,北京,元器件,ZSKJ,创业板,20171227,吴晓宁,民营企业
000166.SZ,000166,申万宏源,新疆,证券,SWHY,主板,20150126,中央汇金投资有限责任公司,中央企业
603089.SH,603089,正裕工业,浙江,汽车配件,ZYGY,主板,20170126,郑念辉,民营企业
002846.SZ,002846,英联股份,广东,广告包装,YLGF,主板,20170207,翁伟武,民营企业
002847.SZ,002847,盐津铺子,湖南,食品,YJPZ,主板,20170208,张学武,民营企业
300592.SZ,300592,华凯易佰,湖南,互联网,HKYB,创业板,20170120,无实际控制人,其他
603817.SH,603817,海峡环保,福建,环境保护,HXHB,主板,20170220,福州市人民政府国有资产监督管理委员会,地方国有企业
300678.SZ,300678,中科信息,四川,软件服务,ZKXX,创业板,20170728,中国科学院控股有限公司,中央企业
603217.SH,603217,元利科技,山东,化工原料,YLKJ,主板,20190620,刘修华,民营企业
603337.SH,603337,杰克科技,浙江,纺织机械,JKKJ,主板,20170119,胡彩芳,民营企业
300568.SZ,300568,星源材质,深圳,化工原料,XYCZ,创业板,20161201,陈秀峰,民营企业
603238.SH,603238,诺邦股份,浙江,纺织,NBGF,主板,20170222,任建华,民营企业
002853.SZ,002853,皮阿诺,广东,家居用品,PAN,主板,20170310,马礼斌,民营企业
603378.SH,603378,亚士创能,上海,染料涂料,YSCN,主板,20170928,李金钟,民营企业
603330.SH,603330,天洋新材,上海,塑料,TYXC,主板,20170213,茹伯兴,民营企业
603615.SH,603615,茶花股份,福建,家居用品,CHGF,主板,20170213,陈冠宇,民营企业
603656.SH,603656,泰禾智能,安徽,专用机械,THZN,主板,20170321,曹仁贤,民营企业
300617.SZ,300617,安靠智电,江苏,电气设备,AKZD,创业板,20170228,陈晓晖,民营企业
002849.SZ,002849,威星智能,浙江,电器仪表,WXZN,主板,20170217,黄文谦,民营企业
600996.SH,600996,贵广网络,贵州,影视音像,GGWL,主板,20161226,中共贵州省委宣传部,地方国有企业
603393.SH,603393,新天然气,新疆,供气供热,XTRQ,主板,20160912,明再远,民营企业
603630.SH,603630,拉芳家化,广东,日用化工,LFJH,主板,20170313,吴桂谦,民营企业
603955.SH,603955,大千生态,江苏,建筑工程,DQST,主板,20170310,张源,民营企业
300865.SZ,300865,大宏立,四川,专用机械,DHL,创业板,20200824,甘德宏,民营企业
603138.SH,603138,海量数据,北京,软件服务,HLSJ,主板,20170306,陈志敏,民营企业
603960.SH,603960,克来机电,上海,汽车配件,KLJD,主板,20170314,谈士力,民营企业
603896.SH,603896,寿仙谷,浙江,中成药,SXG,主板,20170510,李明焱,民营企业
002852.SZ,002852,道道全,湖南,食品,DDQ,主板,20170310,刘建军,民营企业
300659.SZ,300659,中孚信息,山东,IT设备,ZFXX,创业板,20170526,魏东晓,民营企业
603903.SH,603903,中持股份,北京,环境保护,ZCGF,主板,20170314,朱阳军,民营企业
603991.SH,603991,至正股份,深圳,半导体,ZZGF,主板,20170308,王强,民营企业
603768.SH,603768,常青股份,安徽,汽车配件,CQGF,主板,20170324,吴应宏,民营企业
300647.SZ,300647,超频三,深圳,化工原料,CPS,创业板,20170503,刘郁,民营企业
603385.SH,603385,惠达卫浴,河北,家居用品,HDWY,主板,20170405,王惠文,民营企业
002875.SZ,002875,安奈儿,深圳,服饰,ANE,主板,20170601,黄涛,民营企业
603178.SH,603178,圣龙股份,浙江,汽车配件,SLGF,主板,20170328,罗玉龙,民营企业
002774.SZ,002774,快意电梯,广东,运输设备,KYDT,主板,20170324,罗爱文,民营企业
003002.SZ,003002,壶化股份,山西,化工原料,HHGF,主板,20200922,秦跃中,民营企业
603078.SH,603078,江化微,江苏,半导体,JHW,主板,20170410,淄博市财政局,地方国有企业
603396.SH,603396,金辰股份,辽宁,专用机械,JCGF,主板,20171018,李义升,民营企业
002961.SZ,002961,瑞达期货,福建,多元金融,RDQH,主板,20190905,林志斌,民营企业
300867.SZ,300867,圣元环保,福建,环境保护,SYHB,创业板,20200824,朱煜煊,民营企业
300800.SZ,300800,力合科技,湖南,环境保护,LHKJ,创业板,20191106,张广胜,民营企业
603787.SH,603787,新日股份,江苏,摩托车,XRGF,主板,20170427,张崇舜,民营企业
603179.SH,603179,新泉股份,江苏,汽车配件,XQGF,主板,20170317,唐志华,民营企业
601952.SH,601952,苏垦农发,江苏,种植业,SKNF,主板,20170515,江苏省政府国有资产监督管理委员会,地方国有企业
603920.SH,603920,世运电路,广东,元器件,SYDL,主板,20170426,佛山市顺德区国有资产监督管理局,地方国有企业
300593.SZ,300593,新雷能,北京,电气设备,XLN,创业板,20170113,王彬,民营企业
300577.SZ,300577,开润股份,安徽,纺织,KRGF,创业板,20161221,范劲松,民营企业
603096.SH,603096,新经典,天津,出版业,XJD,主板,20170425,陈明俊,民营企业
603803.SH,603803,瑞斯康达,北京,通信设备,RSKD,主板,20170420,李月杰,民营企业
002862.SZ,002862,实丰文化,广东,文教休闲,SFWH,主板,20170411,蔡俊权,民营企业
603758.SH,603758,秦安股份,重庆,汽车配件,QAGF,主板,20170517,YUANMING TANG,外资
603050.SH,603050,科林电气,河北,电气设备,KLDQ,主板,20170414,无实际控制人,其他
002906.SZ,002906,华阳集团,广东,汽车配件,HYJT,主板,20171013,邹淦荣,民营企业
300958.SZ,300958,建工修复,北京,环境保护,JGXF,创业板,20210329,北京市人民政府国有资产监督管理委员会,地方国有企业
300756.SZ,300756,金马游乐,广东,专用机械,JMYL,创业板,20181228,邓志毅,民营企业
002878.SZ,002878,元隆雅图,北京,广告包装,YLYT,主板,20170606,孙震,民营企业
300787.SZ,300787,海能实业,江西,元器件,HNSY,创业板,20190815,周洪亮,民营企业
603906.SH,603906,龙蟠科技,江苏,电气设备,LPKJ,主板,20170410,石俊峰,民营企业
603180.SH,603180,金牌家居,福建,家居用品,JPJJ,主板,20170512,潘孝贞,民营企业
603041.SH,603041,美思德,江苏,化工原料,MSD,主板,20170330,黄冠雄,民营企业
603536.SH,603536,惠发食品,山东,食品,HFSP,主板,20170613,惠增玉,民营企业
603113.SH,603113,金能科技,山东,化工原料,JNKJ,主板,20170511,秦庆平,民营企业
300629.SZ,300629,新劲刚,广东,元器件,XJG,创业板,20170324,王刚,民营企业
300583.SZ,300583,赛托生物,山东,化学制药,STSW,创业板,20170106,米超杰,民营企业
002882.SZ,002882,金龙羽,深圳,电气设备,JLY,主板,20170717,郑有水,民营企业
002868.SZ,002868,*ST绿康,福建,农业综合,*STLK,主板,20170503,王钻,民营企业
603680.SH,603680,今创集团,江苏,运输设备,JCJT,主板,20180227,俞金坤,民营企业
603232.SH,603232,格尔软件,上海,软件服务,GERJ,主板,20170421,孔令钢,民营企业
003020.SZ,003020,立方制药,安徽,化学制药,LFZY,主板,20201215,季俊虬,民营企业
603269.SH,603269,海鸥股份,江苏,机械基件,HOGF,主板,20170517,金敖大,民营企业
603229.SH,603229,奥翔药业,浙江,化学制药,AXYY,主板,20170509,郑志国,民营企业
603826.SH,603826,坤彩科技,福建,染料涂料,KCKJ,主板,20170414,谢秉昆,民营企业
002859.SZ,002859,洁美科技,浙江,元器件,JMKJ,主板,20170407,方隽云,民营企业
603058.SH,603058,永吉股份,贵州,广告包装,YJGF,主板,20161223,邓代兴,民营企业
603855.SH,603855,华荣股份,上海,专用机械,HRGF,主板,20170524,胡志荣,民营企业
603127.SH,603127,昭衍新药,北京,医疗保健,ZYXY,主板,20170825,冯宇霞,民营企业
002870.SZ,002870,香山股份,广东,汽车配件,XSGF,主板,20170515,王剑峰,民营企业
300589.SZ,300589,江龙船艇,广东,船舶,JLCT,创业板,20170113,无实际控制人,其他
300601.SZ,300601,康泰生物,深圳,生物制药,KTSW,创业板,20170207,杜伟民,民营企业
002902.SZ,002902,铭普光磁,广东,通信设备,MPGC,主板,20170929,杨先进,民营企业
300585.SZ,300585,奥联电子,江苏,汽车配件,ALDZ,创业板,20161229,钱明飞,民营企业
603926.SH,603926,铁流股份,浙江,汽车配件,TLGF,主板,20170510,国宁,民营企业
002860.SZ,002860,星帅尔,浙江,家用电器,XSE,主板,20170412,陈丽娟,民营企业
603501.SH,603501,豪威集团,上海,半导体,HWJT,主板,20170504,虞仁荣,民营企业
603200.SH,603200,上海洗霸,上海,环境保护,SHXB,主板,20170601,王炜,民营企业
300612.SZ,300612,宣亚国际,北京,广告包装,XYGJ,创业板,20170215,张秀兵,民营企业
603586.SH,603586,金麒麟,山东,汽车配件,JQL,主板,20170406,孙忠义,民营企业
300868.SZ,300868,杰美特,深圳,元器件,JMT,创业板,20200824,谌建平,民营企业
300945.SZ,300945,曼卡龙,浙江,服饰,MKL,创业板,20210210,孙松鹤,民营企业
603139.SH,603139,康惠股份,陕西,中成药,KHGF,主板,20170421,李红明,民营企业
002926.SZ,002926,华西证券,四川,证券,HXZQ,主板,20180205,泸州市国有资产监督管理委员会,地方国有企业
603776.SH,603776,永安行,江苏,公共交通,YAX,主板,20170817,杨磊,民营企业
603496.SH,603496,恒为科技,上海,IT设备,HWKJ,主板,20170607,沈振宇,民营企业
002871.SZ,002871,伟隆股份,山东,机械基件,WLGF,主板,20170511,范庆伟,民营企业
603728.SH,603728,鸣志电器,上海,电气设备,MZDQ,主板,20170509,常建鸣,民营企业
002869.SZ,002869,金溢科技,深圳,通信设备,JYKJ,主板,20170515,罗瑞发,民营企业
300588.SZ,300588,熙菱信息,新疆,IT设备,XLXX,创业板,20170105,何开文,民营企业
300590.SZ,300590,移为通信,上海,通信设备,YWTX,创业板,20170111,廖荣华,民营企业
300613.SZ,300613,富瀚微,上海,半导体,FHW,创业板,20170220,杨小奇,民营企业
300618.SZ,300618,寒锐钴业,江苏,小金属,HRGY,创业板,20170306,梁杰,民营企业
300616.SZ,300616,尚品宅配,广东,家居用品,SPZP,创业板,20170307,李连柱,民营企业
002876.SZ,002876,三利谱,深圳,元器件,SLP,主板,20170525,张建军,民营企业
002872.SZ,002872,ST天圣,重庆,医药商业,STTS,主板,20170519,刘群,民营企业
603717.SH,603717,天域生物,重庆,农业综合,TYSW,主板,20170327,罗卫国,民营企业
603879.SH,603879,永悦科技,江苏,化工原料,YYKJ,主板,20170614,陈翔,民营企业
603081.SH,603081,大丰实业,浙江,专用机械,DFSY,主板,20170420,丰华,民营企业
002863.SZ,002863,今飞凯达,浙江,汽车配件,JFKD,主板,20170418,葛炳灶,民营企业
603721.SH,603721,*ST天择,湖南,影视音像,*STTZ,主板,20170811,长沙市人民政府国有资产监督管理委员会,地方国有企业
300645.SZ,300645,正元智慧,浙江,软件服务,ZYZH,创业板,20170421,陈坚,民营企业
300610.SZ,300610,晨化股份,江苏,化工原料,CHGF,创业板,20170213,于子洲,民营企业
300675.SZ,300675,建科院,深圳,建筑工程,JKY,创业板,20170719,深圳市人民政府国有资产监督管理委员会,地方国有企业
300638.SZ,300638,广和通,深圳,通信设备,GHT,创业板,20170413,张天瑜,民营企业
300602.SZ,300602,飞荣达,深圳,元器件,FRD,创业板,20170126,马飞,民营企业
300996.SZ,300996,普联软件,山东,软件服务,PLRJ,创业板,20210603,蔺国强,民营企业
300595.SZ,300595,欧普康视,安徽,医疗保健,OPKS,创业板,20170117,陶悦群,民营企业
003025.SZ,003025,思进智能,浙江,机床制造,SJZN,主板,20201211,李忠明,民营企业
300584.SZ,300584,海辰药业,江苏,化学制药,HCYY,创业板,20170112,曹于平,民营企业
300599.SZ,300599,雄塑科技,广东,塑料,XSKJ,创业板,20170123,黄淦雄,民营企业
603335.SH,603335,迪生力,广东,汽车配件,DSL,主板,20170620,赵瑞贞,民营企业
300605.SZ,300605,恒锋信息,福建,软件服务,HFXX,创业板,20170208,魏晓曦,民营企业
300591.SZ,300591,万里马,广东,服饰,WLM,创业板,20170110,林大耀,民营企业
300639.SZ,300639,凯普生物,广东,医疗保健,KPSW,创业板,20170412,王建瑜,民营企业
300608.SZ,300608,思特奇,北京,软件服务,STQ,创业板,20170213,无实际控制人,其他
603316.SH,603316,诚邦股份,浙江,建筑工程,CBGF,主板,20170619,方利强,民营企业
301098.SZ,301098,金埔园林,江苏,建筑工程,JPYL,创业板,20211112,王宜森,民营企业
603331.SH,603331,百达精工,浙江,专用机械,BDJG,主板,20170705,施小友,民营企业
603856.SH,603856,东宏股份,山东,塑料,DHGF,主板,20171106,倪立营,民营企业
603488.SH,603488,展鹏科技,江苏,运输设备,ZPKJ,主板,20170516,王林江,民营企业
603679.SH,603679,华体科技,四川,电气设备,HTKJ,主板,20170621,梁熹,民营企业
002965.SZ,002965,祥鑫科技,广东,汽车配件,XXKJ,主板,20191025,陈荣,民营企业
601121.SH,601121,宝地矿业,新疆,普钢,BDKY,主板,20230310,新疆维吾尔自治区人民政府国有资产监督管理委员会,地方国有企业
300498.SZ,300498,温氏股份,广东,农业综合,WSGF,创业板,20151102,温志芬,民营企业
603357.SH,603357,设计总院,安徽,建筑工程,SJZY,主板,20170801,安徽省人民政府国有资产监督管理委员会,地方国有企业
002866.SZ,002866,传艺科技,江苏,IT设备,CYKJ,主板,20170426,邹伟民,民营企业
603093.SH,603093,南华期货,浙江,多元金融,NHQH,主板,20190830,东阳市横店社团经济企业联合会,集体企业
603970.SH,603970,中农立华,北京,农药化肥,ZNLH,主板,20171116,中华全国供销合作总社,中央企业
002935.SZ,002935,天奥电子,四川,航空,TADZ,主板,20180903,国务院国有资产监督管理委员会,中央企业
002877.SZ,002877,智能自控,江苏,机械基件,ZNZK,主板,20170605,沈剑标,民营企业
002900.SZ,002900,哈三联,黑龙江,化学制药,HSL,主板,20170922,秦剑飞,民营企业
002880.SZ,002880,卫光生物,深圳,生物制药,WGSW,主板,20170616,深圳市光明区人民政府,地方国有企业
603063.SH,603063,禾望电气,深圳,电气设备,HWDQ,主板,20170728,韩玉,民营企业
605303.SH,605303,园林股份,浙江,建筑工程,YLGF,主板,20210301,吴光洪,民营企业
002886.SZ,002886,沃特股份,深圳,塑料,WTGF,主板,20170627,吴宪,民营企业
603387.SH,603387,基蛋生物,江苏,医疗保健,JDSW,主板,20170717,苏恩本,民营企业
002879.SZ,002879,长缆科技,湖南,电气设备,CLKJ,主板,20170707,俞正元,民营企业
603196.SH,603196,璞源材料,上海,服饰,PYCL,主板,20170531,梁丰,民营企业
603978.SH,603978,深圳新星,深圳,小金属,SZXX,主板,20170807,陈学敏,民营企业
601108.SH,601108,财通证券,浙江,证券,CTZQ,主板,20171024,浙江省财政厅,地方国有企业
001332.SZ,001332,锡装股份,江苏,专用机械,XZGF,主板,20220920,曹洪海,民营企业
603042.SH,603042,华脉科技,江苏,通信设备,HMKJ,主板,20170602,胥爱民,民营企业
603587.SH,603587,地素时尚,上海,服饰,DSSS,主板,20180622,马瑞敏,民营企业
002893.SZ,002893,京能热力,北京,供气供热,JNRL,主板,20170915,北京市人民政府国有资产监督管理委员会,地方国有企业
603725.SH,603725,天安新材,广东,塑料,TAXC,主板,20170906,吴启超,民营企业
603985.SH,603985,恒润股份,江苏,电气设备,HRGF,主板,20170505,济宁市人民政府国有资产监督管理委员会,地方国有企业
603619.SH,603619,中曼石油,上海,石油开采,ZMSY,主板,20171117,李春第,民营企业
603938.SH,603938,三孚股份,河北,化工原料,SFGF,主板,20170628,孙任靖,民营企业
603711.SH,603711,香飘飘,浙江,软饮料,XPP,主板,20171130,蒋建琪,民营企业
603880.SH,603880,南卫股份,江苏,医疗保健,NWGF,主板,20170807,李平,民营企业
002884.SZ,002884,凌霄泵业,广东,机械基件,LXBY,主板,20170711,王海波,民营企业
603767.SH,603767,中马传动,浙江,汽车配件,ZMCD,主板,20170613,盛桂英,民营企业
603079.SH,603079,圣达生物,浙江,食品,SDSW,主板,20170823,洪爱,外资
300622.SZ,300622,博士眼镜,深圳,其他商业,BSYJ,创业板,20170315,ALEXANDER LIU,外资
300611.SZ,300611,美力科技,浙江,汽车配件,MLKJ,创业板,20170220,章碧鸿,民营企业
300609.SZ,300609,汇纳科技,上海,软件服务,HNKJ,创业板,20170215,江泽星,民营企业
300767.SZ,300767,震安科技,云南,橡胶,ZAKJ,创业板,20190329,宁花香,民营企业
300708.SZ,300708,聚灿光电,江苏,半导体,JCGD,创业板,20171016,潘华荣,民营企业
300625.SZ,300625,三雄极光,广东,家用电器,SXJG,创业板,20170317,无实际控制人,其他
300621.SZ,300621,维业股份,深圳,装修装饰,WYGF,创业板,20170316,珠海市人民政府国有资产监督管理委员会,地方国有企业
301208.SZ,301208,中亦科技,北京,软件服务,ZYKJ,创业板,20220707,徐晓飞,民营企业
300661.SZ,300661,圣邦股份,北京,半导体,SBGF,创业板,20170606,张世龙,民营企业
300627.SZ,300627,华测导航,上海,通信设备,HCDH,创业板,20170321,赵延平,民营企业
300626.SZ,300626,华瑞股份,浙江,电气设备,HRGF,创业板,20170320,梧州市人民政府国有资产监督管理委员会,地方国有企业
300620.SZ,300620,光库科技,广东,通信设备,GKKJ,创业板,20170310,珠海市人民政府国有资产监督管理委员会,地方国有企业
300633.SZ,300633,开立医疗,深圳,医疗保健,KLYL,创业板,20170406,陈志强,民营企业
300628.SZ,300628,亿联网络,福建,通信设备,YLWL,创业板,20170317,吴仲毅,民营企业
300701.SZ,300701,森霸传感,河南,元器件,SBCG,创业板,20170915,单森林,民营企业
300908.SZ,300908,仲景食品,河南,食品,ZJSP,创业板,20201123,孙耀志,民营企业
300695.SZ,300695,兆丰股份,浙江,汽车配件,ZFGF,创业板,20170908,孔爱祥,民营企业
300637.SZ,300637,扬帆新材,浙江,化工原料,YFXC,创业板,20170412,樊培仁,民营企业
300603.SZ,300603,立昂技术,新疆,通信设备,LAJS,创业板,20170126,王刚,民营企业
300635.SZ,300635,中达安,广东,建筑工程,ZDA,创业板,20170331,济南市历城区财政局,地方国有企业
300699.SZ,300699,光威复材,山东,化纤,GWFC,创业板,20170901,陈亮,民营企业
301286.SZ,301286,侨源股份,四川,化工原料,QYGF,创业板,20220614,乔志涌,民营企业
300636.SZ,300636,同和药业,江西,化学制药,THYY,创业板,20170331,庞正伟,民营企业
300662.SZ,300662,科锐国际,北京,文教休闲,KRGJ,创业板,20170608,高勇,民营企业
300670.SZ,300670,大烨智能,江苏,电气设备,DYZN,创业板,20170703,陈杰,民营企业
300663.SZ,300663,科蓝软件,北京,软件服务,KLRJ,创业板,20170608,王安京,民营企业
300700.SZ,300700,岱勒新材,湖南,矿物制品,DLXC,创业板,20170912,段志明,民营企业
601155.SH,601155,新城控股,江苏,区域地产,XCKG,主板,20151204,王振华,外资
603055.SH,603055,台华新材,浙江,纺织,THXC,主板,20170921,施清岛,外资
300801.SZ,300801,泰和科技,山东,化工原料,THKJ,创业板,20191128,程终发,民营企业
603535.SH,603535,嘉诚国际,广东,仓储物流,JCGJ,主板,20170808,段容文,民营企业
603233.SH,603233,大参林,广东,医药商业,DSL,主板,20170731,柯云峰,民营企业
300652.SZ,300652,雷迪克,浙江,汽车配件,LDK,创业板,20170516,沈仁荣,民营企业
300648.SZ,300648,星云股份,福建,电气设备,XYGF,创业板,20170425,李有财,民营企业
300953.SZ,300953,震裕科技,浙江,电气设备,ZYKJ,创业板,20210318,蒋震林,民营企业
300685.SZ,300685,艾德生物,福建,医疗保健,ADSW,创业板,20170802,郑立谋,外资
301153.SZ,301153,中科江南,北京,软件服务,ZKJN,创业板,20220518,广州市人民政府国有资产监督管理委员会,地方国有企业
601019.SH,601019,山东出版,山东,出版业,SDCB,主板,20171122,山东出版集团有限公司,地方国有企业
603289.SH,603289,泰瑞机器,浙江,专用机械,TRJQ,主板,20171031,郑建国,民营企业
300643.SZ,300643,万通智控,浙江,汽车配件,WTZK,创业板,20170505,张健儿,民营企业
300837.SZ,300837,浙矿股份,浙江,专用机械,ZKGF,创业板,20200605,陈利华,民营企业
300514.SZ,300514,友讯达,深圳,电器仪表,YXD,创业板,20170426,崔涛,民营企业
300650.SZ,300650,太龙股份,福建,元器件,TLGF,创业板,20170503,庄占龙,民营企业
300653.SZ,300653,正海生物,山东,医疗保健,ZHSW,创业板,20170516,秘波海,民营企业
300676.SZ,300676,华大基因,深圳,医疗保健,HDJY,创业板,20170714,汪建,民营企业
603110.SH,603110,东方材料,安徽,染料涂料,DFCL,主板,20171013,许广彬,民营企业
002883.SZ,002883,中设股份,江苏,建筑工程,ZSGF,主板,20170620,无锡市人民政府国有资产监督管理委员会,地方国有企业
603226.SH,603226,菲林格尔,上海,家居用品,FLGE,主板,20170615,金亚伟,民营企业
300963.SZ,300963,中洲特材,上海,小金属,ZZTC,创业板,20210409,冯明明,民营企业
603648.SH,603648,畅联股份,上海,仓储物流,CLGF,主板,20170913,上海市浦东新区国有资产监督管理委员会,地方国有企业
603916.SH,603916,苏博特,江苏,化工原料,SBT,主板,20171110,缪昌文,民营企业
603683.SH,603683,晶华新材,上海,化工原料,JHXC,主板,20171020,周晓南,民营企业
603933.SH,603933,睿能科技,福建,元器件,RNKJ,主板,20170706,杨维坚,外资
002887.SZ,002887,绿茵生态,天津,环境保护,LYST,主板,20170801,卢云慧,民营企业
300690.SZ,300690,双一科技,山东,电气设备,SYKJ,创业板,20170808,王庆华,民营企业
300641.SZ,300641,正丹股份,江苏,化工原料,ZDGF,创业板,20170418,曹正国,民营企业
300680.SZ,300680,隆盛科技,江苏,汽车配件,LSKJ,创业板,20170725,倪茂生,民营企业
300604.SZ,300604,长川科技,浙江,半导体,CCKJ,创业板,20170417,赵轶,民营企业
300642.SZ,300642,透景生命,上海,医疗保健,TJSM,创业板,20170421,姚见儿,民营企业
300658.SZ,300658,延江股份,福建,纺织,YJGF,创业板,20170602,谢继华,民营企业
300651.SZ,300651,金陵体育,江苏,文教休闲,JLTY,创业板,20170509,李春荣,民营企业
300649.SZ,300649,杭州园林,浙江,建筑工程,HZYL,创业板,20170505,何韦,民营企业
300554.SZ,300554,三超新材,江苏,矿物制品,SCXC,创业板,20170421,柳敬麒,民营企业
300929.SZ,300929,华骐环保,安徽,环境保护,HQHB,创业板,20210120,安徽工业大学,大学
300703.SZ,300703,创源股份,浙江,文教休闲,CYGF,创业板,20170919,宁波市人民政府国有资产监督管理委员会,地方国有企业
002909.SZ,002909,集泰股份,广东,化工原料,JTGF,主板,20171026,邹榛夫,民营企业
603286.SH,603286,日盈电子,江苏,汽车配件,RYDZ,主板,20170627,是蓉珠,民营企业
603329.SH,603329,上海雅仕,上海,仓储物流,SHYS,主板,20171229,湖北省人民政府国有资产监督管理委员会,地方国有企业
603809.SH,603809,豪能股份,四川,汽车配件,HNGF,主板,20171128,向朝东,民营企业
601162.SH,601162,天风证券,湖北,证券,TFZQ,主板,20181019,湖北省财政厅,地方国有企业
001979.SZ,001979,招商蛇口,深圳,全国地产,ZSSK,主板,20151230,国务院国有资产监督管理委员会,中央企业
300666.SZ,300666,江丰电子,浙江,半导体,JFDZ,创业板,20170615,姚力军,民营企业
300660.SZ,300660,江苏雷利,江苏,电气设备,JSLL,创业板,20170602,苏达,民营企业
300667.SZ,300667,必创科技,北京,电器仪表,BCKJ,创业板,20170619,代啸宁,民营企业
300655.SZ,300655,晶瑞电材,江苏,半导体,JRDC,创业板,20170523,罗培楠,外资
603757.SH,603757,大元泵业,浙江,机械基件,DYBY,主板,20170711,韩元富,民营企业
002827.SZ,002827,高争民爆,西藏,化工原料,GZMB,主板,20161209,西藏自治区人民政府国有资产监督管理委员会,地方国有企业
603326.SH,603326,我乐家居,江苏,家居用品,WLJJ,主板,20170616,NINA YANTI MIAO,外资
603980.SH,603980,吉华集团,浙江,染料涂料,JHJT,主板,20170615,邵伯金,民营企业
603813.SH,603813,*ST原尚,广东,公路,*STYS,主板,20170918,余军,民营企业
603458.SH,603458,勘设股份,贵州,建筑工程,KSGF,主板,20170809,无实际控制人,其他
603260.SH,603260,合盛硅业,浙江,化工原料,HSGY,主板,20171030,罗立国,民营企业
601619.SH,601619,嘉泽新能,宁夏,新型电力,JZXN,主板,20170720,陈波,民营企业
002890.SZ,002890,弘宇股份,山东,农用机械,HYGF,主板,20170802,辛军,民营企业
601949.SH,601949,中国出版,北京,出版业,ZGCB,主板,20170821,中国出版集团有限公司,中央企业
603617.SH,603617,君禾股份,浙江,机械基件,JHGF,主板,20170703,张阿华,民营企业
003006.SZ,003006,百亚股份,重庆,造纸,BYGF,主板,20200921,冯永林,民营企业
603882.SH,603882,金域医学,广东,医疗保健,JYYX,主板,20170908,梁耀铭,民营企业
002826.SZ,002826,易明医药,西藏,化学制药,YMYY,主板,20161209,姚劲波,民营企业
300817.SZ,300817,双飞集团,浙江,机械基件,SFJT,创业板,20200218,周引春,民营企业
300656.SZ,300656,民德电子,深圳,IT设备,MDDZ,创业板,20170519,许香灿,民营企业
603136.SH,603136,天目湖,江苏,旅游景点,TMH,主板,20170927,溧阳市人民政府,地方国有企业
300671.SZ,300671,富满微,深圳,半导体,FMW,创业板,20170705,刘景裕,外资
300791.SZ,300791,仙乐健康,广东,医疗保健,XLJK,创业板,20190925,林培青,民营企业
603801.SH,603801,志邦家居,安徽,家居用品,ZBJJ,主板,20170630,孙志勇,民营企业
002888.SZ,002888,惠威科技,广东,元器件,HWKJ,主板,20170721,HONGBO YAO,外资
300888.SZ,300888,稳健医疗,深圳,医疗保健,WJYL,创业板,20200917,李建全,民营企业
002885.SZ,002885,京泉华,深圳,元器件,JQH,主板,20170627,张立品,民营企业
603707.SH,603707,健友股份,江苏,生物制药,JYGF,主板,20170719,唐咏群,外资
600918.SH,600918,中泰证券,山东,证券,ZTZQ,主板,20200603,山东省人民政府国有资产监督管理委员会,地方国有企业
300693.SZ,300693,盛弘股份,深圳,电气设备,SHGF,创业板,20170822,方兴,民营企业
300640.SZ,300640,德艺文创,福建,家居用品,DYWC,创业板,20170417,吴体芳,民营企业
300761.SZ,300761,立华股份,江苏,农业综合,LHGF,创业板,20190218,程立力,民营企业
300706.SZ,300706,阿石创,福建,元器件,ASC,创业板,20170926,陈钦忠,民营企业
603380.SH,603380,易德龙,江苏,元器件,YDL,主板,20170622,钱新栋,民营企业
002881.SZ,002881,美格智能,深圳,元器件,MGZN,主板,20170622,王平,民营企业
002898.SZ,002898,*ST赛隆,广东,化学制药,*STSL,主板,20170912,无实际控制人,其他
603922.SH,603922,金鸿顺,江苏,汽车配件,JHS,主板,20171023,刘栩,民营企业
603305.SH,603305,旭升集团,浙江,汽车配件,XSJT,主板,20170710,广州市人民政府,地方国有企业
300681.SZ,300681,英搏尔,广东,汽车配件,YBE,创业板,20170725,姜桂宾,民营企业
603595.SH,603595,ST东尼,浙江,元器件,STDN,主板,20170712,沈新芳,民营企业
603129.SH,603129,春风动力,浙江,摩托车,CFDL,主板,20170818,赖国贵,民营企业
300688.SZ,300688,创业黑马,北京,文教休闲,CYHM,创业板,20170810,牛文文,民营企业
300677.SZ,300677,英科医疗,山东,医疗保健,YKYL,创业板,20170721,刘方毅,民营企业
300712.SZ,300712,永福股份,福建,建筑工程,YFGF,创业板,20171031,林一文,民营企业
002891.SZ,002891,中宠股份,山东,饲料,ZCGF,主板,20170821,郝忠礼,民营企业
603365.SH,603365,水星家纺,上海,纺织,SXJF,主板,20171120,李裕陆,民营企业
603106.SH,603106,恒银科技,天津,IT设备,HYKJ,主板,20170920,江浩然,民营企业
300668.SZ,300668,杰恩设计,深圳,装修装饰,JESJ,创业板,20170619,高汴京,民营企业
301503.SZ,301503,智迪科技,广东,IT设备,ZDKJ,创业板,20230717,谢伟明,民营企业
300691.SZ,300691,联合光电,广东,元器件,LHGD,创业板,20170811,龚俊强,民营企业
300672.SZ,300672,国科微,湖南,半导体,GKW,创业板,20170712,向平,民营企业
300669.SZ,300669,沪宁股份,浙江,运输设备,HNGF,创业板,20170629,邹家春,民营企业
600901.SH,600901,江苏金租,江苏,多元金融,JSJZ,主板,20180301,江苏省政府国有资产监督管理委员会,地方国有企业
002897.SZ,002897,意华股份,浙江,元器件,YHGF,主板,20170907,无实际控制人,其他
603500.SH,603500,祥和实业,浙江,运输设备,XHSY,主板,20170904,汤友钱,民营企业
002895.SZ,002895,川恒股份,贵州,化工原料,CHGF,主板,20170825,李光明,民营企业
002901.SZ,002901,大博医疗,福建,医疗保健,DBYL,主板,20170922,林志雄,民营企业
603976.SH,603976,正川股份,重庆,医疗保健,ZCGF,主板,20170822,邓勇,民营企业
300683.SZ,300683,海特生物,湖北,生物制药,HTSW,创业板,20170808,陈亚,外资
001218.SZ,001218,丽臣实业,湖南,化工原料,LCSY,主板,20211015,贾齐正,民营企业
603386.SH,603386,骏亚科技,广东,元器件,JYKJ,主板,20170912,叶晓彬,外资
603605.SH,603605,珀莱雅,浙江,日用化工,PLY,主板,20171115,侯军呈,民营企业
603557.SH,603557,ST起步,浙江,服饰,STQB,主板,20170818,陈丽红,民营企业
603183.SH,603183,建研院,江苏,建筑工程,JYY,主板,20170905,吴小翔,民营企业
603363.SH,603363,傲农生物,福建,饲料,ANSW,主板,20170926,无实际控制人,其他
603181.SH,603181,皇马科技,浙江,化工原料,HMKJ,主板,20170824,王伟松,民营企业
603321.SH,603321,梅轮电梯,浙江,运输设备,MLDT,主板,20170915,钱雪林,民营企业
300687.SZ,300687,赛意信息,广东,软件服务,SYXX,创业板,20170803,张成康,民营企业
603076.SH,603076,乐惠国际,浙江,专用机械,LHGJ,主板,20171113,黄粤宁,民营企业
300679.SZ,300679,电连技术,深圳,元器件,DLJS,创业板,20170731,陈育宣,民营企业
603083.SH,603083,剑桥科技,上海,通信设备,JQKJ,主板,20171110,Gerald G Wong,外资
605151.SH,605151,西上海,上海,汽车配件,XSH,主板,20201215,曹抗美,民营企业
002892.SZ,002892,科力尔,湖南,电气设备,KLE,主板,20170817,聂鹏举,民营企业
002920.SZ,002920,德赛西威,广东,汽车配件,DSXW,主板,20171226,无实际控制人,其他
603087.SH,603087,甘李药业,北京,生物制药,GLYY,主板,20200629,甘忠如,民营企业
603499.SH,603499,翔港科技,上海,广告包装,XGKJ,主板,20171016,董建军,民营企业
300723.SZ,300723,一品红,广东,化学制药,YPH,创业板,20171116,李捍雄,民营企业
603659.SH,603659,璞泰来,上海,化工原料,PTL,主板,20171103,梁丰,民营企业
603283.SH,603283,赛腾股份,江苏,专用机械,STGF,主板,20171225,孙丰,民营企业
603533.SH,603533,掌阅科技,北京,互联网,ZYKJ,主板,20170921,成湘均,民营企业
603429.SH,603429,*ST集友,安徽,广告包装,*STJY,主板,20170124,徐善水,民营企业
300689.SZ,300689,澄天伟业,深圳,通信设备,CTWY,创业板,20170809,冯学裕,民营企业
600025.SH,600025,华能水电,云南,水力发电,HNSD,主板,20171215,国务院国有资产监督管理委员会,中央企业
002970.SZ,002970,锐明技术,深圳,IT设备,RMJS,主板,20191217,无实际控制人,其他
002918.SZ,002918,蒙娜丽莎,广东,陶瓷,MNLS,主板,20171219,萧华,民营企业
003033.SZ,003033,征和工业,山东,汽车配件,ZHGY,主板,20210111,金玉谟,民营企业
301428.SZ,301428,世纪恒通,贵州,互联网,SJHT,创业板,20230519,杨兴海,民营企业
603967.SH,603967,中创物流,山东,仓储物流,ZCWL,主板,20190429,李松青,民营企业
603103.SH,603103,横店影视,浙江,影视音像,HDYS,主板,20171012,东阳市横店社团经济企业联合会,集体企业
603709.SH,603709,中源家居,浙江,家居用品,ZYJJ,主板,20180208,曹勇,民营企业
003036.SZ,003036,泰坦股份,浙江,纺织机械,TTGF,主板,20210128,陈其新,民营企业
605108.SH,605108,同庆楼,安徽,酒店餐饮,TQL,主板,20200716,沈基水,民营企业
601330.SH,601330,绿色动力,深圳,环境保护,LSDL,主板,20180611,北京市国有资产经营有限责任公司,地方国有企业
002919.SZ,002919,名臣健康,广东,互联网,MCJK,主板,20171218,陈勤发,民营企业
601068.SH,601068,中铝国际,北京,建筑工程,ZLGJ,主板,20180831,国务院国有资产监督管理委员会,中央企业
605296.SH,605296,神农集团,云南,农业综合,SNJT,主板,20210528,何祖训,民营企业
002921.SZ,002921,联诚精密,山东,汽车配件,LCJM,主板,20171227,郭元强,外资
603917.SH,603917,合力科技,浙江,汽车配件,HLKJ,主板,20171204,施良才,民营企业
002903.SZ,002903,宇环数控,湖南,机床制造,YHSK,主板,20171013,许世雄,民营企业
002899.SZ,002899,英派斯,山东,文教休闲,YPS,主板,20170915,丁利荣,民营企业
603214.SH,603214,爱婴室,上海,百货,AYS,主板,20180330,施琼,民营企业
002896.SZ,002896,中大力德,浙江,机械基件,ZDLD,主板,20170829,岑国建,民营企业
603507.SH,603507,振江股份,江苏,电气设备,ZJGF,主板,20171106,胡震,民营企业
603392.SH,603392,万泰生物,北京,生物制药,WTSW,主板,20200429,钟睒睒,民营企业
300720.SZ,300720,海川智能,广东,电器仪表,HCZN,创业板,20171106,邓永议,民营企业
300696.SZ,300696,爱乐达,四川,航空,ALD,创业板,20170822,冉光文,民营企业
300697.SZ,300697,电工合金,江苏,铜,DGHJ,创业板,20170907,厦门市人民政府国有资产监督管理委员会,地方国有企业
301333.SZ,301333,诺思格,北京,医疗保健,NSG,创业板,20220802,WU JIE,外资
300717.SZ,300717,华信新材,江苏,塑料,HXXC,创业板,20171106,李振斌,民营企业
300713.SZ,300713,英可瑞,深圳,电气设备,YKR,创业板,20171101,尹伟,民营企业
300692.SZ,300692,中赋科技,安徽,环境保护,ZFKJ,创业板,20170821,刘杨,民营企业
300743.SZ,300743,天地数码,浙江,IT设备,TDSM,创业板,20180427,韩琼,民营企业
300949.SZ,300949,奥雅股份,深圳,建筑工程,AYGF,创业板,20210226,李宝章,民营企业
300878.SZ,300878,维康药业,浙江,中成药,WKYY,创业板,20200824,刘忠良,民营企业
301026.SZ,301026,浩通科技,江苏,小金属,HTKJ,创业板,20210716,夏军,民营企业
300709.SZ,300709,精研科技,江苏,元器件,JYKJ,创业板,20171019,王明喜,民营企业
300730.SZ,300730,科创信息,湖南,软件服务,KCXX,创业板,20171205,无实际控制人,其他
603893.SH,603893,瑞芯微,福建,半导体,RXW,主板,20200207,励民,民营企业
605006.SH,605006,山东玻纤,山东,玻璃,SDBX,主板,20200903,山东省人民政府国有资产监督管理委员会,地方国有企业
600968.SH,600968,海油发展,北京,石油开采,HYFZ,主板,20190626,中国海洋石油集团有限公司,中央企业
300886.SZ,300886,华业香料,安徽,化工原料,HYXL,创业板,20200916,华文亮,民营企业
603655.SH,603655,朗博科技,江苏,汽车配件,LBKJ,主板,20171229,戚建国,民营企业
002908.SZ,002908,德生科技,广东,软件服务,DSKJ,主板,20171020,虢晓彬,民营企业
603829.SH,603829,洛凯股份,江苏,电气设备,LKGF,主板,20171017,谈行,民营企业
603466.SH,603466,风语筑,上海,文教休闲,FYZ,主板,20171020,李晖,民营企业
002912.SZ,002912,中新赛克,深圳,IT设备,ZXSK,主板,20171121,深圳市人民政府国有资产监督管理委员会,地方国有企业
603506.SH,603506,南都物业,浙江,房产服务,NDWY,主板,20180201,韩芳,民营企业
001227.SZ,001227,兰州银行,甘肃,银行,LZYH,主板,20220117,无实际控制人,其他
002907.SZ,002907,华森制药,重庆,中成药,HSZY,主板,20171020,游洪涛,民营企业
002922.SZ,002922,伊戈尔,广东,电气设备,YGE,主板,20171229,肖俊承,民营企业
300702.SZ,300702,天宇股份,浙江,化学制药,TYGF,创业板,20170919,屠勇军,民营企业
603895.SH,603895,天永智能,上海,专用机械,TYZN,主板,20180122,荣俊林,民营企业
605136.SH,605136,丽人丽妆,上海,其他商业,LRLZ,主板,20200929,黄韬,民营企业
603912.SH,603912,佳力图,江苏,专用机械,JLT,主板,20171101,何根林,民营企业
002999.SZ,002999,天禾股份,广东,批发业,THGF,主板,20200903,广东省供销合作联社,地方国有企业
300769.SZ,300769,德方纳米,深圳,化工原料,DFNM,创业板,20190415,无实际控制人,其他
002915.SZ,002915,中欣氟材,浙江,化工原料,ZXFC,主板,20171205,徐建国,民营企业
002939.SZ,002939,长城证券,深圳,证券,CCZQ,主板,20181026,中国华能集团有限公司,中央企业
300719.SZ,300719,安达维尔,北京,航空,ADWE,创业板,20171109,赵子安,民营企业
002913.SZ,002913,奥士康,湖南,元器件,ASK,主板,20171201,程涌,民营企业
002925.SZ,002925,盈趣科技,福建,元器件,YQKJ,主板,20180115,吴凯庭,外资
002945.SZ,002945,华林证券,西藏,证券,HLZQ,主板,20190117,林立,民营企业
603848.SH,603848,好太太,广东,家居用品,HTT,主板,20171201,沈汉标,民营企业
300726.SZ,300726,宏达电子,湖南,元器件,HDDZ,创业板,20171121,曾琛,民营企业
300707.SZ,300707,威唐工业,江苏,汽车配件,WTGY,创业板,20171010,张锡亮,民营企业
300827.SZ,300827,上能电气,江苏,电气设备,SNDQ,创业板,20200410,吴强,民营企业
002958.SZ,002958,青农商行,山东,银行,QNSH,主板,20190326,无实际控制人,其他
300777.SZ,300777,中简科技,江苏,化纤,ZJKJ,创业板,20190516,无实际控制人,其他
603607.SH,603607,京华激光,浙江,造纸,JHJG,主板,20171025,孙建成,民营企业
601528.SH,601528,瑞丰银行,浙江,银行,RFYH,主板,20210625,无实际控制人,其他
603685.SH,603685,晨丰科技,浙江,电气设备,CFKJ,主板,20171127,丁闵,民营企业
603661.SH,603661,恒林股份,浙江,家居用品,HLGF,主板,20171121,王江林,民营企业
603356.SH,603356,华菱精工,安徽,运输设备,HLJG,主板,20180124,黄业华,民营企业
603676.SH,603676,卫信康,西藏,化学制药,WXK,主板,20170721,张勇,民营企业
002966.SZ,002966,苏州银行,江苏,银行,SZYH,主板,20190802,苏州市财政局,地方国有企业
300674.SZ,300674,宇信科技,北京,软件服务,YXKJ,创业板,20181107,洪卫东,民营企业
601860.SH,601860,紫金银行,江苏,银行,ZJYH,主板,20190103,无实际控制人,其他
002910.SZ,002910,庄园牧场,甘肃,乳制品,ZYMC,主板,20171031,甘肃省人民政府国有资产监督管理委员会,地方国有企业
300607.SZ,300607,拓斯达,广东,专用机械,TSD,创业板,20170209,吴丰礼,民营企业
603578.SH,603578,三星新材,浙江,家用电器,SXXC,主板,20170306,金银山,民营企业
002948.SZ,002948,青岛银行,山东,银行,QDYH,主板,20190116,无实际控制人,其他
603278.SH,603278,大业股份,山东,钢加工,DYGF,主板,20171113,窦勇,民营企业
600903.SH,600903,贵州燃气,贵州,供气供热,GZRQ,主板,20171107,贵州省人民政府国有资产监督管理委员会,地方国有企业
301017.SZ,301017,漱玉平民,山东,医药商业,SYPM,创业板,20210705,李文杰,民营企业
300710.SZ,300710,万隆光电,浙江,通信设备,WLGD,创业板,20171019,付小铜,民营企业
300943.SZ,300943,春晖智控,浙江,机械基件,CHZK,创业板,20210210,杨广宇,民营企业
300731.SZ,300731,科创新源,深圳,橡胶,KCXY,创业板,20171208,周东,民营企业
300727.SZ,300727,润禾材料,浙江,化工原料,RHCL,创业板,20171127,叶剑平,民营企业
300711.SZ,300711,广哈通信,广东,通信设备,GHTX,创业板,20171101,广州市人民政府国有资产监督管理委员会,地方国有企业
601456.SH,601456,国联民生,江苏,证券,GLMS,主板,20200731,无锡市人民政府国有资产监督管理委员会,地方国有企业
301028.SZ,301028,鼎熔岩,福建,专用机械,DRY,创业板,20210720,韩萤焕,民营企业
603871.SH,603871,嘉友国际,北京,仓储物流,JYGJ,主板,20180206,韩景华,民营企业
002936.SZ,002936,郑州银行,河南,银行,ZZYH,主板,20180919,无实际控制人,其他
002917.SZ,002917,金奥博,深圳,化工原料,JAB,主板,20171208,明景谷,民营企业
603580.SH,603580,*ST艾艾,上海,塑料,*STAA,主板,20170525,涂木林,外资
300738.SZ,300738,奥飞数据,广东,软件服务,AFSJ,创业板,20180119,冯康,民营企业
300718.SZ,300718,长盛轴承,浙江,机械基件,CSZC,创业板,20171106,孙志华,民营企业
002864.SZ,002864,盘龙药业,陕西,中成药,PLYY,主板,20171116,谢晓林,民营企业
605158.SH,605158,华达新材,浙江,钢加工,HDXC,主板,20200805,邵明祥,民营企业
603590.SH,603590,康辰药业,北京,生物制药,KCYY,主板,20180827,刘建华,民营企业
603161.SH,603161,科华控股,江苏,汽车配件,KHKG,主板,20180105,卢红萍,民营企业
603059.SH,603059,倍加洁,江苏,日用化工,BJJ,主板,20180302,张文生,民营企业
600928.SH,600928,西安银行,陕西,银行,XAYH,主板,20190301,西安市人民政府,地方国有企业
603109.SH,603109,神驰机电,重庆,电气设备,SCJD,主板,20191231,艾纯,民营企业
300829.SZ,300829,金丹科技,河南,食品,JDKJ,创业板,20200422,张鹏,民营企业
002989.SZ,002989,中天精装,深圳,装修装饰,ZTJZ,主板,20200610,东阳市人民政府国有资产监督管理办公室,地方国有企业
002916.SZ,002916,深南电路,深圳,元器件,SNDL,主板,20171213,中国航空工业集团有限公司,中央企业
603379.SH,603379,三美股份,浙江,化工原料,SMGF,主板,20190402,胡荣达,民营企业
300721.SZ,300721,怡达股份,江苏,化工原料,YDGF,创业板,20171115,刘准,民营企业
300732.SZ,300732,设研院,河南,建筑工程,SYY,创业板,20171212,常兴文,民营企业
300733.SZ,300733,西菱动力,四川,汽车配件,XLDL,创业板,20180116,魏晓林,民营企业
300634.SZ,300634,彩讯股份,深圳,软件服务,CXGF,创业板,20180323,曾之俊,民营企业
300735.SZ,300735,光弘科技,广东,元器件,GHKJ,创业板,20171229,唐建兴,外资
002928.SZ,002928,华夏航空,贵州,空运,HXHK,主板,20180302,胡晓军,民营企业
300722.SZ,300722,新余国科,江西,航空,XYGK,创业板,20171110,江西省国有资产监督管理委员会,地方国有企业
300968.SZ,300968,格林精密,广东,元器件,GLJM,创业板,20210415,吴宝玉,民营企业
300807.SZ,300807,天迈科技,河南,软件服务,TMKJ,创业板,20191219,邝子平,外资
603949.SH,603949,雪龙集团,浙江,汽车配件,XLJT,主板,20200310,贺财霖,民营企业
603486.SH,603486,科沃斯,江苏,家用电器,KWS,主板,20180528,钱东奇,民营企业
300632.SZ,300632,光莆股份,福建,半导体,GPGF,创业板,20170406,林瑞梅,民营企业
300715.SZ,300715,凯伦股份,江苏,其他建材,KLGF,创业板,20171026,钱林弟,民营企业
601200.SH,601200,上海环境,上海,环境保护,SHHJ,主板,20170331,上海市国有资产监督管理委员会,地方国有企业
300773.SZ,300773,拉卡拉,北京,软件服务,LKL,创业板,20190425,无实际控制人,其他
300737.SZ,300737,科顺股份,广东,其他建材,KSGF,创业板,20180125,陈伟忠,民营企业
603225.SH,603225,新凤鸣,浙江,化纤,XFM,主板,20170418,庄奎龙,民营企业
002995.SZ,002995,天地在线,北京,互联网,TDZX,主板,20200805,信意安,民营企业
300725.SZ,300725,药石科技,江苏,化学制药,YSKJ,创业板,20171110,杨民民,民营企业
601990.SH,601990,南京证券,江苏,证券,NJZQ,主板,20180613,南京市国有资产投资管理控股(集团)有限责任公司,地方国有企业
603733.SH,603733,仙鹤股份,浙江,造纸,XHGF,主板,20180420,王敏良,民营企业
603897.SH,603897,长城科技,浙江,电气设备,CCKJ,主板,20180410,顾林祥,民营企业
603890.SH,603890,春秋电子,江苏,元器件,CQDZ,主板,20171212,薛革文,民营企业
603666.SH,603666,亿嘉和,江苏,专用机械,YJH,主板,20180612,朱付云,民营企业
002978.SZ,002978,安宁股份,四川,小金属,ANGF,主板,20200417,罗阳勇,民营企业
603596.SH,603596,伯特利,安徽,汽车配件,BTL,主板,20180427,袁永彬,外资
300962.SZ,300962,中金辐照,深圳,医疗保健,ZJFZ,创业板,20210409,国务院国有资产监督管理委员会,中央企业
300786.SZ,300786,国林科技,山东,环境保护,GLKJ,创业板,20190723,丁香鹏,民营企业
300848.SZ,300848,美瑞新材,山东,化工原料,MRXC,创业板,20200720,王仁鸿,民营企业
300781.SZ,300781,因赛集团,广东,广告包装,YSJT,创业板,20190606,王建朝,民营企业
002873.SZ,002873,新天药业,贵州,中成药,XTYY,主板,20170519,董大伦,民营企业
300745.SZ,300745,欣锐科技,深圳,汽车配件,XRKJ,创业板,20180523,吴壬华,民营企业
300783.SZ,300783,三只松鼠,安徽,食品,SZSS,创业板,20190712,章燎源,民营企业
300785.SZ,300785,值得买,北京,互联网,ZDM,创业板,20190715,隋国栋,民营企业
300740.SZ,300740,水羊股份,湖南,日用化工,SYGF,创业板,20180208,戴跃锋,民营企业
603477.SH,603477,巨星农牧,四川,农业综合,JXNM,主板,20171218,唐光跃,民营企业
300810.SZ,300810,中科海讯,北京,船舶,ZKHX,创业板,20191206,蔡惠智,民营企业
300724.SZ,300724,捷佳伟创,深圳,专用机械,JJWC,创业板,20180810,余仲,民营企业
300936.SZ,300936,中英科技,江苏,元器件,ZYKJ,创业板,20210126,俞卫忠,民营企业
003003.SZ,003003,天元股份,广东,广告包装,TYGF,主板,20200921,周孝伟,民营企业
300935.SZ,300935,盈建科,北京,软件服务,YJK,创业板,20210120,陈岱林,民营企业
300673.SZ,300673,佩蒂股份,浙江,饲料,PDGF,创业板,20170711,陈振标,民营企业
603105.SH,603105,芯能科技,浙江,电气设备,XNKJ,主板,20180709,张利忠,民营企业
002981.SZ,002981,朝阳科技,广东,元器件,ZYKJ,主板,20200417,郭丽勤,民营企业
301380.SZ,301380,挖金客,北京,软件服务,WJK,创业板,20221025,李征,民营企业
603722.SH,603722,阿科力,江苏,化工原料,AKL,主板,20171025,朱学军,民营企业
301469.SZ,301469,恒达新材,浙江,造纸,HDXC,创业板,20230822,潘昌,民营企业
603516.SH,603516,淳中科技,北京,IT设备,CZKJ,主板,20180202,何仕达,民营企业
300760.SZ,300760,迈瑞医疗,深圳,医疗保健,MRYL,创业板,20181016,李西廷,外资
605266.SH,605266,健之佳,云南,医药商业,JZJ,主板,20201201,蓝波,民营企业
603301.SH,603301,振德医疗,浙江,医疗保健,ZDYL,主板,20180412,鲁建国,民营企业
002931.SZ,002931,锋龙股份,浙江,机械基件,FLGF,主板,20180403,周剑,民营企业
300771.SZ,300771,智莱科技,深圳,IT设备,ZLKJ,创业板,20190422,干德义,民营企业
300644.SZ,300644,南京聚隆,江苏,塑料,NJJL,创业板,20180206,刘曙阳,民营企业
603773.SH,603773,沃格光电,江西,元器件,WGGD,主板,20180417,易伟华,民营企业
603279.SH,603279,景津装备,山东,环境保护,JJZB,主板,20190729,姜桂廷,民营企业
300749.SZ,300749,顶固集创,广东,家居用品,DGJC,创业板,20180925,林新达,民营企业
300788.SZ,300788,中信出版,北京,出版业,ZXCB,创业板,20190705,中国中信集团有限公司,中央企业
300752.SZ,300752,隆利科技,深圳,元器件,LLKJ,创业板,20181130,吴新理,民营企业
300739.SZ,300739,明阳电路,深圳,元器件,MYDL,创业板,20180201,张佩珂,民营企业
300883.SZ,300883,龙利得,安徽,造纸,LLD,创业板,20200910,徐龙平,民营企业
603700.SH,603700,宁水集团,浙江,电器仪表,NSJT,主板,20190122,张世豪,民营企业
301062.SZ,301062,上海艾录,上海,广告包装,SHAL,创业板,20210914,陈安康,民营企业
603150.SH,603150,万朗磁塑,安徽,塑料,WLCS,主板,20220124,时乾中,民营企业
603267.SH,603267,鸿远电子,北京,元器件,HYDZ,主板,20190515,郑红,民营企业
002927.SZ,002927,泰永长征,贵州,电气设备,TYCZ,主板,20180223,黄正乾,民营企业
603256.SH,603256,宏和科技,上海,玻璃,HHKJ,主板,20190719,Grace Tsu Han Wong,外资
301076.SZ,301076,新瀚新材,江苏,化工原料,XHXC,创业板,20211011,严留新,民营企业
300853.SZ,300853,申昊科技,浙江,专用机械,SHKJ,创业板,20200724,陈如申,民营企业
300747.SZ,300747,锐科激光,湖北,专用机械,RKJG,创业板,20180625,中国航天科工集团有限公司,中央企业
300741.SZ,300741,华宝股份,西藏,食品,HBGF,创业板,20180301,朱林瑶,外资
300839.SZ,300839,博汇股份,浙江,石油加工,BHGF,创业板,20200630,金碧华,民营企业
605178.SH,605178,时空科技,北京,装修装饰,SKKJ,主板,20200821,宫殿海,民营企业
603706.SH,603706,东方环宇,新疆,供气供热,DFHY,主板,20180709,李明,民营企业
603353.SH,603353,和顺石油,湖南,石油贸易,HSSY,主板,20200407,赵忠,民营企业
301035.SZ,301035,润丰股份,山东,农药化肥,RFGF,创业板,20210728,王文才,民营企业
300894.SZ,300894,火星人,浙江,家用电器,HXR,创业板,20201231,黄卫斌,民营企业
300698.SZ,300698,万马科技,浙江,通信设备,WMKJ,创业板,20170831,张德生,民营企业
603220.SH,603220,中贝通信,湖北,通信设备,ZBTX,主板,20181115,李六兵,民营企业
300751.SZ,300751,迈为股份,江苏,专用机械,MWGF,创业板,20181109,周剑,民营企业
300768.SZ,300768,迪普科技,浙江,软件服务,DPKJ,创业板,20190412,郑树生,民营企业
300915.SZ,300915,海融科技,上海,乳制品,HRKJ,创业板,20201202,黄海晓,民营企业
605098.SH,605098,行动教育,上海,文教休闲,XDJY,主板,20210421,李践,外资
603693.SH,603693,江苏新能,江苏,新型电力,JSXN,主板,20180703,江苏省人民政府,地方国有企业
002992.SZ,002992,宝明科技,深圳,元器件,BMKJ,主板,20200803,李军,民营企业
300849.SZ,300849,锦盛新材,浙江,塑料,JSXC,创业板,20200710,阮荣涛,民营企业
601869.SH,601869,长飞光纤,湖北,通信设备,CFGX,主板,20180720,无实际控制人,其他
300897.SZ,300897,山科智能,浙江,电器仪表,SKZN,创业板,20200928,无实际控制人,其他
601066.SH,601066,中信建投,北京,证券,ZXJT,主板,20180620,无实际控制人,其他
300902.SZ,300902,国安达,福建,专用机械,GAD,创业板,20201029,洪伟艺,民营企业
002942.SZ,002942,新农股份,浙江,农药化肥,XNGF,主板,20181205,徐群辉,民营企业
301018.SZ,301018,申菱环境,广东,专用机械,SLHJ,创业板,20210707,崔颖琦,民营企业
300899.SZ,300899,*ST凯鑫,上海,环境保护,*STKX,创业板,20201016,葛文越,民营企业
603681.SH,603681,永冠新材,上海,化工原料,YGXC,主板,20190326,吕新民,民营企业
603755.SH,603755,日辰股份,山东,食品,RCGF,主板,20190828,张华君,民营企业
300758.SZ,300758,七彩化学,辽宁,染料涂料,QCHX,创业板,20190222,徐惠祥,民营企业
603297.SH,603297,永新光学,浙江,元器件,YXGX,主板,20180910,曹其东,外资
300757.SZ,300757,罗博特科,江苏,专用机械,LBTK,创业板,20190108,戴军,民营企业
300694.SZ,300694,蠡湖股份,江苏,汽车配件,LHGF,创业板,20181015,泉州市人民政府国有资产监督管理委员会,地方国有企业
603650.SH,603650,彤程新材,上海,化工原料,TCXC,主板,20180627,Zhang Ning,外资
301335.SZ,301335,天元宠物,浙江,文教休闲,TYCW,创业板,20221118,薛元潮,民营企业
605088.SH,605088,冠盛股份,浙江,汽车配件,GSGF,主板,20200817,周家儒,民营企业
301258.SZ,301258,富士莱,江苏,化学制药,FSL,创业板,20220329,钱祥云,民营企业
002940.SZ,002940,昂利康,浙江,化学制药,ALK,主板,20181023,方南平,民营企业
002937.SZ,002937,兴瑞科技,浙江,元器件,XRKJ,主板,20180926,张忠良,民营企业
300759.SZ,300759,康龙化成,北京,化学制药,KLHC,创业板,20190128,Boliang Lou,外资
603629.SH,603629,利通电子,江苏,元器件,LTDZ,主板,20181224,邵树伟,民营企业
603810.SH,603810,丰山集团,江苏,农药化肥,FSJT,主板,20180917,殷凤山,民营企业
603876.SH,603876,鼎胜新材,江苏,铝,DSXC,主板,20180418,王小丽,民营企业
603527.SH,603527,众源新材,安徽,铜,ZYXC,主板,20170907,封全虎,民营企业
603713.SH,603713,密尔克卫,上海,仓储物流,MEKW,主板,20180713,陈银河,民营企业
300877.SZ,300877,金春股份,安徽,纺织,JCGF,创业板,20200824,杨迎春,民营企业
300896.SZ,300896,爱美客,北京,医疗保健,AMK,创业板,20200928,简军,民营企业
300981.SZ,300981,中红医疗,河北,医疗保健,ZHYL,创业板,20210427,厦门市人民政府国有资产监督管理委员会,地方国有企业
300753.SZ,300753,爱朋医疗,江苏,医疗保健,APYL,创业板,20181213,王凝宇,民营企业
603739.SH,603739,蔚蓝生物,山东,农业综合,WLSW,主板,20190116,黄炳亮,民营企业
603121.SH,603121,华培动力,上海,汽车配件,HPDL,主板,20190111,吴怀磊,民营企业
301226.SZ,301226,祥明智能,江苏,电气设备,XMZN,创业板,20220325,张敏,民营企业
603192.SH,603192,汇得科技,上海,化工原料,HDKJ,主板,20180828,钱建中,民营企业
300775.SZ,300775,三角防务,陕西,航空,SJFW,创业板,20190521,无实际控制人,其他
002941.SZ,002941,新疆交建,新疆,建筑工程,XJJJ,主板,20181128,新疆维吾尔自治区人民政府国有资产监督管理委员会,地方国有企业
601236.SH,601236,红塔证券,云南,证券,HTZQ,主板,20190705,中国烟草总公司,中央企业
603790.SH,603790,雅运股份,上海,染料涂料,YYGF,主板,20180912,谢兵,民营企业
603915.SH,603915,国茂股份,江苏,机械基件,GMGF,主板,20190614,徐彬,民营企业
301505.SZ,301505,苏州规划,江苏,建筑工程,SZGH,创业板,20230719,李锋,民营企业
603277.SH,603277,银都股份,浙江,专用机械,YDGF,主板,20170911,周俊杰,民营企业
603657.SH,603657,春光科技,浙江,家用电器,CGKJ,主板,20180730,陈正明,民营企业
603662.SH,603662,柯力传感,浙江,电器仪表,KLCG,主板,20190806,柯建东,民营企业
300748.SZ,300748,金力永磁,江西,矿物制品,JLYC,创业板,20180921,蔡报贵,民营企业
603259.SH,603259,药明康德,江苏,化学制药,YMKD,主板,20180508,Ge Li(李革),外资
605183.SH,605183,确成股份,江苏,化工原料,QCGF,主板,20201207,阙伟东,外资
300776.SZ,300776,帝尔激光,湖北,专用机械,DEJG,创业板,20190517,李志刚,民营企业
301042.SZ,301042,安联锐视,广东,IT设备,ALRS,创业板,20210805,徐进,民营企业
300654.SZ,300654,世纪天鸿,山东,出版业,SJTH,创业板,20170926,任志鸿,民营企业
300705.SZ,300705,九典制药,湖南,化学制药,JDZY,创业板,20171010,朱志宏,民营企业
300818.SZ,300818,耐普矿机,江西,专用机械,NPKJ,创业板,20200212,郑昊,民营企业
603080.SH,603080,新疆火炬,新疆,供气供热,XJHJ,主板,20180103,雍芝君,民营企业
603697.SH,603697,有友食品,重庆,食品,YYSP,主板,20190508,鹿有忠,民营企业
300835.SZ,300835,龙磁科技,安徽,矿物制品,LCKJ,创业板,20200525,熊永宏,民营企业
300454.SZ,300454,深信服,深圳,软件服务,SXF,创业板,20180516,何朝曦,民营企业
300811.SZ,300811,铂科新材,深圳,矿物制品,BKXC,创业板,20191230,杜江华,民营企业
301266.SZ,301266,宇邦新材,江苏,电气设备,YBXC,创业板,20220608,肖锋,民营企业
003010.SZ,003010,若羽臣,广东,互联网,RYC,主板,20200925,王玉,民营企业
001210.SZ,001210,金房能源,北京,供气供热,JFNY,主板,20210729,杨建勋,民营企业
603937.SH,603937,丽岛新材,江苏,铝,LDXC,主板,20171102,蔡征国,民营企业
003012.SZ,003012,东鹏控股,广东,陶瓷,DPKG,主板,20201019,何新明,民营企业
300960.SZ,300960,通业科技,深圳,运输设备,TYKJ,创业板,20210329,徐建英,民营企业
300828.SZ,300828,锐新科技,天津,机械基件,RXKJ,创业板,20200421,安徽省黄山市人民政府国有资产监督管理委员会,地方国有企业
300716.SZ,300716,ST泉为,广东,塑料,STQW,创业板,20171109,褚一凡,外资
600933.SH,600933,爱柯迪,浙江,汽车配件,AKD,主板,20171117,张建成,民营企业
300766.SZ,300766,每日互动,浙江,互联网,MRHD,创业板,20190325,方毅,民营企业
601319.SH,601319,中国人保,北京,保险,ZGRB,主板,20181116,中华人民共和国财政部,中央企业
002952.SZ,002952,亚世光电,辽宁,元器件,YSGD,主板,20190328,JIA JITAO,外资
002946.SZ,002946,新乳业,四川,乳制品,XRY,主板,20190125,Liu Chang,外资
603332.SH,603332,苏州龙杰,江苏,化纤,SZLJ,主板,20190117,席文杰,民营企业
002947.SZ,002947,恒铭达,江苏,元器件,HMD,主板,20190201,荆世平,民营企业
300780.SZ,300780,德恩精工,四川,机械基件,DEJG,创业板,20190531,雷永志,民营企业
300778.SZ,300778,新城市,深圳,建筑工程,XCS,创业板,20190510,张春杰,民营企业
301263.SZ,301263,泰恩康,广东,医药商业,TEK,创业板,20220329,郑汉杰,民营企业
603613.SH,603613,国联股份,北京,互联网,GLGF,主板,20190730,钱晓钧,民营企业
002967.SZ,002967,广电计量,广东,电器仪表,GDJL,主板,20191108,广州市人民政府国有资产监督管理委员会,地方国有企业
601298.SH,601298,青岛港,山东,港口,QDG,主板,20190121,山东省人民政府国有资产监督管理委员会,地方国有企业
300845.SZ,300845,捷安高科,河南,软件服务,JAGK,创业板,20200703,郑乐观,民营企业
300859.SZ,300859,西域旅游,新疆,旅游服务,XYLY,创业板,20200806,新疆维吾尔自治区人民政府国有资产监督管理委员会,地方国有企业
300795.SZ,300795,米奥会展,浙江,文教休闲,MAHZ,创业板,20191022,无实际控制人,其他
300762.SZ,300762,上海瀚讯,上海,通信设备,SHHX,创业板,20190314,卜智勇,民营企业
301191.SZ,301191,菲菱科思,深圳,通信设备,FLKS,创业板,20220526,陈龙发,民营企业
300890.SZ,300890,翔丰华,上海,电气设备,XFH,创业板,20200917,周鹏伟,民营企业
001330.SZ,001330,博纳影业,新疆,影视音像,BNYY,主板,20220818,于冬,民营企业
603068.SH,603068,博通集成,上海,半导体,BTJC,主板,20190415,Pengfei Zhang,外资
301591.SZ,301591,肯特股份,江苏,塑料,KTGF,创业板,20240228,杨文光,民营企业
002996.SZ,002996,顺博合金,重庆,铝,SBHJ,主板,20200828,王增潮,民营企业
002943.SZ,002943,宇晶股份,湖南,机床制造,YJGF,主板,20181129,杨宇红,民营企业
300772.SZ,300772,运达股份,浙江,电气设备,YDGF,创业板,20190426,浙江省人民政府国有资产监督管理委员会,地方国有企业
300803.SZ,300803,指南针,北京,软件服务,ZNZ,创业板,20191118,黄少雄,民营企业
300832.SZ,300832,新产业,深圳,医疗保健,XCY,创业板,20200512,翁先定,民营企业
300763.SZ,300763,锦浪科技,浙江,电气设备,JLKJ,创业板,20190319,王一鸣,民营企业
001296.SZ,001296,长江材料,重庆,其他建材,CJCL,主板,20211224,熊鹰,民营企业
300736.SZ,300736,百邦科技,北京,通信设备,BBKJ,创业板,20180109,刘铁峰,民营企业
601916.SH,601916,浙商银行,浙江,银行,ZSYH,主板,20191126,无实际控制人,其他
002938.SZ,002938,鹏鼎控股,深圳,元器件,PDKG,主板,20180918,无实际控制人,其他
300750.SZ,300750,宁德时代,福建,电气设备,NDSD,创业板,20180611,曾毓群,外资
300789.SZ,300789,唐源电气,四川,运输设备,TYDQ,创业板,20190828,周艳,民营企业
002950.SZ,002950,奥美医疗,湖北,医疗保健,AMYL,主板,20190311,崔金海,外资
603351.SH,603351,威尔药业,江苏,化学制药,WEYY,主板,20190130,吴仁荣,民营企业
603045.SH,603045,福达合金,浙江,小金属,FDHJ,主板,20180517,王达武,民营企业
002949.SZ,002949,华阳国际,深圳,建筑工程,HYGJ,主板,20190226,唐崇武,外资
601187.SH,601187,厦门银行,福建,银行,XMYH,主板,20201027,无实际控制人,其他
301419.SZ,301419,阿莱德,上海,通信设备,ALD,创业板,20230209,张耀华,民营企业
300594.SZ,300594,朗进科技,山东,运输设备,LJKJ,创业板,20190621,李敬茂,民营企业
603348.SH,603348,文灿股份,广东,汽车配件,WCGF,主板,20180426,唐杰雄,民营企业
003004.SZ,003004,*ST声迅,北京,IT设备,*STSX,主板,20201126,谭政,民营企业
603583.SH,603583,捷昌驱动,浙江,电气设备,JCQD,主板,20180921,胡仁昌,民营企业
601577.SH,601577,长沙银行,湖南,银行,CSYH,主板,20180926,无实际控制人,其他
001965.SZ,001965,招商公路,天津,路桥,ZSGL,主板,20171225,国务院国有资产监督管理委员会,中央企业
301302.SZ,301302,华如科技,北京,软件服务,HRKJ,创业板,20220623,李杰,民营企业
001201.SZ,001201,东瑞股份,广东,农业综合,DRGF,主板,20210428,袁建康,民营企业
300770.SZ,300770,新媒股份,广东,影视音像,XMGF,创业板,20190419,广东广播电视台,地方国有企业
603863.SH,603863,松炀资源,广东,造纸,SYZY,主板,20190621,王壮鹏,民营企业
002951.SZ,002951,金时科技,四川,广告包装,JSKJ,主板,20190315,李文秀,民营企业
603712.SH,603712,七一二,天津,通信设备,QYE,主板,20180226,天津市人民政府国有资产监督管理委员会,地方国有企业
300779.SZ,300779,惠城环保,山东,环境保护,HCHB,创业板,20190522,张新功,民营企业
603187.SH,603187,海容冷链,山东,机械基件,HRLL,主板,20181129,邵伟,民营企业
300970.SZ,300970,华绿生物,江苏,种植业,HLSW,创业板,20210412,余养朝,民营企业
002956.SZ,002956,西麦食品,广西,食品,XMSP,主板,20190619,谢庆奎,民营企业
300813.SZ,300813,泰林生物,浙江,医疗保健,TLSW,创业板,20200114,叶大林,民营企业
002929.SZ,002929,润建股份,广西,通信设备,RJGF,主板,20180301,李建国,民营企业
600929.SH,600929,雪天盐业,湖南,食品,XTYY,主板,20180326,湖南省人民政府国有资产监督管理委员会,地方国有企业
002932.SZ,002932,明德生物,湖北,医疗保健,MDSW,主板,20180710,陈莉莉,民营企业
300765.SZ,300765,新诺威,河北,食品,XNW,创业板,20190322,蔡东晨,民营企业
300912.SZ,300912,凯龙高科,江苏,汽车配件,KLGK,创业板,20201207,臧志成,民营企业
300798.SZ,300798,锦鸡股份,江苏,染料涂料,JJGF,创业板,20191122,无实际控制人,其他
300824.SZ,300824,北鼎股份,深圳,家用电器,BDGF,创业板,20200619,GEORGE MOHAN ZHANG,外资
002957.SZ,002957,科瑞技术,深圳,专用机械,KRJS,主板,20190726,潘利明,外资
603927.SH,603927,中科软,北京,软件服务,ZKR,主板,20190909,中国科学院软件研究所,中央企业
001236.SZ,001236,弘业期货,江苏,多元金融,HYQH,主板,20220805,江苏省政府国有资产监督管理委员会,地方国有企业
601698.SH,601698,中国卫通,北京,电信运营,ZGWT,主板,20190628,中国航天科技集团有限公司,中央企业
603867.SH,603867,新化股份,浙江,化工原料,XHGF,主板,20190627,无实际控制人,其他
603687.SH,603687,大胜达,浙江,广告包装,DSD,主板,20190726,方能斌,民营企业
603212.SH,603212,赛伍技术,江苏,塑料,SWJS,主板,20200430,吴小平,民营企业
603236.SH,603236,移远通信,上海,通信设备,YYTX,主板,20190716,钱鹏鹤,民营企业
603327.SH,603327,福蓉科技,四川,元器件,FRKJ,主板,20190523,福建省人民政府国有资产监督管理委员会,地方国有企业
603956.SH,603956,威派格,上海,专用机械,WPG,主板,20190222,李纪玺,民营企业
600989.SH,600989,宝丰能源,宁夏,化工原料,BFNY,主板,20190516,党彦宝,民营企业
603115.SH,603115,海星股份,江苏,铝,HXGF,主板,20190809,严季新,民营企业
603982.SH,603982,泉峰汽车,江苏,汽车配件,QFQC,主板,20190522,潘龙泉,外资
603786.SH,603786,科博达,上海,汽车配件,KBD,主板,20191015,柯桂华,民营企业
301168.SZ,301168,通灵股份,江苏,电气设备,TLGF,创业板,20211210,严荣飞,民营企业
603530.SH,603530,神马电力,江苏,电气设备,SMDL,主板,20190805,马斌,民营企业
300823.SZ,300823,建科智能,天津,专用机械,JKZN,创业板,20200319,陈振东,民营企业
300851.SZ,300851,交大思诺,北京,运输设备,JDSN,创业板,20200717,邱宽民,民营企业
601077.SH,601077,渝农商行,重庆,银行,YNSH,主板,20191029,无实际控制人,其他
002930.SZ,002930,宏川智慧,广东,仓储物流,HCZH,主板,20180328,林海川,民营企业
002982.SZ,002982,湘佳股份,湖南,农业综合,XJGF,主板,20200424,喻自文,民营企业
601138.SH,601138,工业富联,深圳,通信设备,GYFL,主板,20180608,无实际控制人,其他
601615.SH,601615,明阳智能,广东,电气设备,MYZN,主板,20190123,张传卫,民营企业
300782.SZ,300782,卓胜微,江苏,半导体,ZSW,创业板,20190618,Chenhui Feng(冯晨晖),外资
301015.SZ,301015,百洋医药,山东,医药商业,BYYY,创业板,20210630,付钢,民营企业
603992.SH,603992,松霖科技,福建,家居用品,SLKJ,主板,20190826,周华松,民营企业
300792.SZ,300792,壹网壹创,浙江,互联网,YWYC,创业板,20190927,林振宇,民营企业
002962.SZ,002962,五方光电,湖北,元器件,WFGD,主板,20190917,廖彬斌,民营企业
002984.SZ,002984,森麒麟,山东,汽车配件,SQL,主板,20200911,秦龙,民营企业
605299.SH,605299,舒华体育,福建,文教休闲,SHTY,主板,20201215,张维建,民营企业
002933.SZ,002933,新兴装备,北京,航空,XXZB,主板,20180828,陕西省人民政府国有资产监督管理委员会,地方国有企业
300790.SZ,300790,宇瞳光学,广东,元器件,YTGX,创业板,20190920,无实际控制人,其他
002959.SZ,002959,小熊电器,广东,家用电器,XXDQ,主板,20190823,李一峰,民营企业
300796.SZ,300796,贝斯美,浙江,农药化肥,BSM,创业板,20191115,陈峰,民营企业
603815.SH,603815,交建股份,安徽,建筑工程,JJGF,主板,20191021,俞发祥,民营企业
603551.SH,603551,奥普科技,浙江,家居用品,APKJ,主板,20200115,Fang James,外资
601963.SH,601963,重庆银行,重庆,银行,CQYH,主板,20210205,无实际控制人,其他
002955.SZ,002955,鸿合科技,深圳,IT设备,HHKJ,主板,20190523,无实际控制人,其他
603995.SH,603995,甬金股份,浙江,特种钢,YJGF,主板,20191224,虞纪群,外资
300860.SZ,300860,锋尚文化,北京,文教休闲,FSWH,创业板,20200824,沙晓岚,民营企业
603053.SH,603053,成都燃气,四川,供气供热,CDRQ,主板,20191217,成都市国有资产监督管理委员会,地方国有企业
300797.SZ,300797,钢研纳克,北京,电器仪表,GYNK,创业板,20191101,国务院国有资产监督管理委员会,中央企业
300805.SZ,300805,电声股份,广东,广告包装,DSGF,创业板,20191121,梁定郊,民营企业
002963.SZ,002963,豪尔赛,北京,装修装饰,HES,主板,20191028,戴聪棋,民营企业
300793.SZ,300793,佳禾智能,广东,IT设备,JHZN,创业板,20191018,严文华,民营企业
002973.SZ,002973,侨银股份,广东,环境保护,QYGF,主板,20200106,郭倍华,民营企业
003816.SZ,003816,中国广核,深圳,新型电力,ZGGH,主板,20190826,国务院国有资产监督管理委员会,中央企业
603529.SH,603529,爱玛科技,天津,摩托车,AMKJ,主板,20210615,张剑,民营企业
603489.SH,603489,八方股份,江苏,电气设备,BFGF,主板,20191111,王清华,民营企业
300808.SZ,300808,久量股份,湖北,家用电器,JLGF,创业板,20191129,十堰市人民政府国有资产监督管理委员会,地方国有企业
603390.SH,603390,通达电气,广东,汽车配件,TDDQ,主板,20191125,陈丽娜,民营企业
605368.SH,605368,蓝天燃气,河南,供气供热,LTRQ,主板,20210129,李新华,民营企业
002969.SZ,002969,嘉美包装,安徽,广告包装,JMBZ,主板,20191202,俞浩,民营企业
300869.SZ,300869,康泰医学,河北,医疗保健,KTYX,创业板,20200824,胡坤,民营企业
300819.SZ,300819,聚杰微纤,江苏,纺织,JJWX,创业板,20200312,仲鸿天,民营企业
603719.SH,603719,良品铺子,湖北,食品,LPPZ,主板,20200224,杨红春,民营企业
605339.SH,605339,南侨食品,上海,食品,NQSP,主板,20210518,陈正文,外资
300802.SZ,300802,矩子科技,上海,专用机械,JZKJ,创业板,20191114,杨勇,民营企业
003043.SZ,003043,华亚智能,江苏,半导体,HYZN,主板,20210406,王彩男,民营企业
603950.SH,603950,长源东谷,湖北,汽车配件,CYDG,主板,20200526,李佐元,外资
002968.SZ,002968,新大正,重庆,房产服务,XDZ,主板,20191203,王宣,民营企业
603610.SH,603610,麒盛科技,浙江,家居用品,QSKJ,主板,20191029,唐国海,民营企业
301020.SZ,301020,密封科技,山东,汽车配件,MFKJ,创业板,20210706,烟台市人民政府国有资产监督管理委员会,地方国有企业
300809.SZ,300809,华辰装备,江苏,机床制造,HCZB,创业板,20191204,曹宇中,民营企业
002971.SZ,002971,和远气体,湖北,化工原料,HYQT,主板,20200113,杨涛,民营企业
601609.SH,601609,金田股份,浙江,铜,JTGF,主板,20200422,楼国强,民营企业
300825.SZ,300825,阿尔特,北京,汽车服务,AET,创业板,20200327,宣奇武,民营企业
603195.SH,603195,公牛集团,浙江,家用电器,GNJT,主板,20200206,阮立平,民营企业
605090.SH,605090,九丰能源,江西,供气供热,JFNY,主板,20210525,张建国,民营企业
300815.SZ,300815,玉禾田,安徽,环境保护,YHT,创业板,20200123,周平,民营企业
002972.SZ,002972,科安达,深圳,运输设备,KAD,主板,20191227,郭丰明,民营企业
300816.SZ,300816,艾可蓝,安徽,汽车配件,AKL,创业板,20200210,刘屹,民营企业
002977.SZ,002977,天箭科技,四川,通信设备,TJKJ,主板,20200317,楼继勇,民营企业
603290.SH,603290,斯达半导,浙江,半导体,SDBD,主板,20200204,沈华,外资
603948.SH,603948,建业股份,浙江,化工原料,JYGF,主板,20200302,冯语行,民营企业
300858.SZ,300858,科拓生物,北京,食品,KTSW,创业板,20200727,孙天松,民营企业
600956.SH,600956,新天绿能,河北,供气供热,XTLN,主板,20200629,河北省人民政府国有资产监督管理委员会,地方国有企业
002980.SZ,002980,华盛昌,深圳,电器仪表,HSC,主板,20200415,袁剑敏,民营企业
300830.SZ,300830,金现代,山东,软件服务,JXD,创业板,20200506,黎峰,民营企业
300826.SZ,300826,测绘股份,江苏,建筑工程,CHGF,创业板,20200403,卢祖飞,民营企业
300898.SZ,300898,熊猫乳品,浙江,乳制品,XMRP,创业板,20201016,李作恭,民营企业
605128.SH,605128,上海沿浦,上海,汽车配件,SHYP,主板,20200915,周建清,民营企业
300812.SZ,300812,易天股份,深圳,专用机械,YTGF,创业板,20200109,柴明华,民营企业
300821.SZ,300821,东岳硅材,山东,化工原料,DYGC,创业板,20200312,无实际控制人,其他
300892.SZ,300892,品渥食品,上海,乳制品,PWSP,创业板,20200924,王牧,民营企业
300928.SZ,300928,华安鑫创,北京,汽车配件,HAXC,创业板,20210106,何攀,民营企业
300861.SZ,300861,美畅股份,陕西,矿物制品,MCGF,创业板,20200824,吴英,民营企业
605289.SH,605289,罗曼股份,上海,建筑工程,LMGF,主板,20210426,孙建鸣,民营企业
601696.SH,601696,中银证券,上海,证券,ZYZQ,主板,20200226,无实际控制人,其他
002975.SZ,002975,博杰股份,广东,专用机械,BJGF,主板,20200205,王兆春,民营企业
605111.SH,605111,新洁能,江苏,半导体,XJN,主板,20200928,朱袁正,民营企业
605358.SH,605358,立昂微,浙江,半导体,LAW,主板,20200911,王敏文,民营企业
603221.SH,603221,爱丽家居,江苏,家居用品,ALJJ,主板,20200323,宋正兴,民营企业
300833.SZ,300833,浩洋股份,广东,专用机械,HYGF,创业板,20200520,蒋伟楷,民营企业
605198.SH,605198,安德利,山东,软饮料,ADL,主板,20200918,王安,民营企业
603439.SH,603439,三力制药,贵州,中成药,SLZY,主板,20200428,张海,民营企业
300840.SZ,300840,酷特智能,山东,服饰,KTZN,创业板,20200708,张代理,民营企业
300831.SZ,300831,派瑞股份,陕西,半导体,PRGF,创业板,20200507,陕西省人民政府国有资产监督管理委员会,地方国有企业
002985.SZ,002985,北摩高科,北京,航空,BMGK,主板,20200429,王淑敏,民营企业
601975.SH,601975,招商南油,江苏,水运,ZSNY,主板,20190108,国务院国有资产监督管理委员会,中央企业
605333.SH,605333,沪光股份,江苏,汽车配件,HGGF,主板,20200818,成三荣,民营企业
601827.SH,601827,三峰环境,重庆,环境保护,SFHJ,主板,20200605,重庆市国有资产监督管理委员会,地方国有企业
601778.SH,601778,晶科科技,江西,新型电力,JKKJ,主板,20200519,李仙德,民营企业
601702.SH,601702,华峰铝业,上海,铝,HFLY,主板,20200907,尤小平,民营企业
605288.SH,605288,凯迪股份,江苏,电气设备,KDGF,主板,20200601,周殊程,民营企业
300836.SZ,300836,佰奥智能,江苏,专用机械,BAZN,创业板,20200528,肖朝蓬,民营企业
002976.SZ,002976,瑞玛精密,江苏,汽车配件,RMJM,主板,20200306,陈晓敏,民营企业
001313.SZ,001313,粤海饲料,广东,饲料,YHSL,主板,20220216,郑石轩,民营企业
300842.SZ,300842,帝科股份,江苏,电气设备,DKGF,创业板,20200618,史卫利,民营企业
002983.SZ,002983,芯瑞达,安徽,元器件,XRD,主板,20200428,彭友,民营企业
300841.SZ,300841,康华生物,四川,生物制药,KHSW,创业板,20200616,无实际控制人,其他
300838.SZ,300838,浙江力诺,浙江,机械基件,ZJLN,创业板,20200608,陈晓宇,民营企业
601598.SH,601598,中国外运,北京,仓储物流,ZGWY,主板,20190118,国务院国有资产监督管理委员会,中央企业
300822.SZ,300822,贝仕达克,深圳,元器件,BSDK,创业板,20200313,肖萍,民营企业
003008.SZ,003008,开普检测,河南,电气设备,KPJC,主板,20200923,无实际控制人,其他
688526.SH,688526,科前生物,湖北,农业综合,KQSW,科创板,20200922,吴斌,自然人
688005.SH,688005,容百科技,浙江,电气设备,RBKJ,科创板,20190722,白厚善,自然人
688499.SH,688499,利元亨,广东,专用机械,LYH,科创板,20210701,周俊雄,自然人
688218.SH,688218,江苏北人,江苏,专用机械,JSBR,科创板,20191211,朱振友,自然人
688116.SH,688116,天奈科技,江苏,化工原料,TNKJ,科创板,20190925,郑涛,自然人
688002.SH,688002,睿创微纳,山东,通信设备,RCWN,科创板,20190722,马宏,自然人
688099.SH,688099,晶晨股份,上海,半导体,JCGF,科创板,20190808,John Zhong,自然人
300843.SZ,300843,胜蓝股份,广东,元器件,SLGF,创业板,20200702,黄雪林,民营企业
002987.SZ,002987,京北方,北京,软件服务,JBF,主板,20200507,费振勇,民营企业
002993.SZ,002993,奥海科技,广东,元器件,AHKJ,主板,20200817,刘昊,民营企业
688007.SH,688007,光峰科技,深圳,元器件,GFKJ,科创板,20190722,李屹,自然人
688088.SH,688088,虹软科技,浙江,软件服务,HRKJ,科创板,20190722,Liuhong Yang,自然人
688027.SH,688027,国盾量子,安徽,通信设备,GDLZ,科创板,20200709,国务院国有资产监督管理委员会,企业
688278.SH,688278,特宝生物,福建,生物制药,TBSW,科创板,20200117,杨英,自然人
688321.SH,688321,微芯生物,深圳,化学制药,WXSW,科创板,20190812,XIANPING LU,自然人
688001.SH,688001,华兴源创,江苏,专用机械,HXYC,科创板,20190722,陈文源,自然人
688288.SH,688288,鸿泉技术,浙江,IT设备,HQJS,科创板,20191106,何军强,自然人
688010.SH,688010,福光股份,福建,元器件,FGGF,科创板,20190722,何文波,自然人
688036.SH,688036,传音控股,深圳,通信设备,CYKG,科创板,20190930,竺兆江,自然人
688015.SH,688015,交控科技,北京,运输设备,JKKJ,科创板,20190722,无实际控制人,其他
688568.SH,688568,中科星图,北京,软件服务,ZKXT,科创板,20200708,中国科学院空天信息创新研究院,企业
688039.SH,688039,当虹科技,浙江,软件服务,DHKJ,科创板,20191211,孙彦龙,自然人
688011.SH,688011,新光光电,黑龙江,元器件,XGGD,科创板,20190722,康为民,自然人
688019.SH,688019,安集科技,上海,半导体,AJKJ,科创板,20190722,无实际控制人,其他
688108.SH,688108,赛诺医疗,天津,医疗保健,SNYL,科创板,20191030,孙箭华,自然人
688012.SH,688012,中微公司,上海,半导体,ZWGS,科创板,20190722,无实际控制人,其他
688008.SH,688008,澜起科技,上海,半导体,LQKJ,科创板,20190722,无实际控制人,其他
688158.SH,688158,优刻得-W,上海,软件服务,YKD,科创板,20200120,季昕华,自然人
688097.SH,688097,博众精工,江苏,专用机械,BZJG,科创板,20210512,吕绍林,自然人
688123.SH,688123,聚辰股份,上海,半导体,JCGF,科创板,20191223,陈作涛,自然人
688139.SH,688139,海尔生物,山东,医疗保健,HESW,科创板,20191025,海尔集团公司,企业
688003.SH,688003,天准科技,江苏,专用机械,TZKJ,科创板,20190722,徐一华,自然人
688018.SH,688018,乐鑫科技,上海,半导体,LXKJ,科创板,20190722,Teo Swee Ann,自然人
688078.SH,688078,龙软科技,北京,软件服务,LRKJ,科创板,20191230,毛善君,自然人
688513.SH,688513,苑东生物,四川,化学制药,YDSW,科创板,20200902,王颖,自然人
603565.SH,603565,中谷物流,上海,水运,ZGWL,主板,20200925,卢宗俊,民营企业
605008.SH,605008,长鸿高科,浙江,橡胶,CHGK,主板,20200821,陶春风,民营企业
002986.SZ,002986,宇新股份,广东,化工原料,YXGF,主板,20200602,胡先念,民营企业
603095.SH,603095,越剑智能,浙江,纺织机械,YJZN,主板,20200415,孙剑华,民营企业
300846.SZ,300846,首都在线,北京,软件服务,SDZX,创业板,20200701,曲宁,民营企业
688068.SH,688068,热景生物,北京,医疗保健,RJSW,科创板,20190930,林长青,自然人
688022.SH,688022,瀚川智能,江苏,专用机械,HCZN,科创板,20190722,蔡昌蔚,自然人
688100.SH,688100,威胜信息,湖南,通信设备,WSXX,科创板,20200121,吉为,自然人
688168.SH,688168,安博通,北京,软件服务,ABT,科创板,20190906,钟竹,自然人
688333.SH,688333,铂力特,陕西,机械基件,BLT,科创板,20190722,折生阳,自然人
688166.SH,688166,博瑞医药,江苏,化学制药,BRYY,科创板,20191108,袁建栋,自然人
688030.SH,688030,山石网科,江苏,软件服务,SSWK,科创板,20190930,无实际控制人,其他
688023.SH,688023,安恒信息,浙江,软件服务,AHXX,科创板,20191105,范渊,自然人
688787.SH,688787,海天瑞声,北京,软件服务,HTRS,科创板,20210813,贺琳,自然人
688169.SH,688169,石头科技,北京,家用电器,STKJ,科创板,20200221,昌敬,自然人
688363.SH,688363,华熙生物,山东,医疗保健,HXSW,科创板,20191106,赵燕,自然人
688188.SH,688188,柏楚电子,上海,专用机械,BCDZ,科创板,20190808,唐晔,自然人
688258.SH,688258,卓易信息,江苏,软件服务,ZYXX,科创板,20191209,谢乾,自然人
688186.SH,688186,广大特材,江苏,特种钢,GDTC,科创板,20200211,徐卫明,自然人
688133.SH,688133,泰坦科技,上海,化工原料,TTKJ,科创板,20201030,张维燕,自然人
688016.SH,688016,心脉医疗,上海,医疗保健,XMYL,科创板,20190722,无实际控制人,其他
605001.SH,605001,威奥股份,山东,运输设备,WAGF,主板,20200522,孙汉本,民营企业
605100.SH,605100,华丰股份,山东,机械基件,HFGF,主板,20200811,徐华东,民营企业
688066.SH,688066,航天宏图,北京,软件服务,HTHT,科创板,20190722,张燕,自然人
688033.SH,688033,天宜新材,北京,电气设备,TYXC,科创板,20190722,吴佩芳,自然人
688268.SH,688268,华特气体,广东,化工原料,HTQT,科创板,20191226,石平湘,自然人
688028.SH,688028,沃尔德,北京,机械基件,WED,科创板,20190722,陈继锋,自然人
002988.SZ,002988,豪美新材,广东,铝,HMXC,主板,20200518,李雪琴,外资
002991.SZ,002991,甘源食品,江西,食品,GYSP,主板,20200731,严斌生,民营企业
605188.SH,605188,国光连锁,江西,超市连锁,GGLS,主板,20200728,胡金根,民营企业
688057.SH,688057,金达莱,江西,环境保护,JDL,科创板,20201111,廖志民,自然人
688388.SH,688388,嘉元科技,广东,电气设备,JYKJ,科创板,20190722,廖平元,自然人
688198.SH,688198,佰仁医疗,北京,医疗保健,BRYL,科创板,20191209,金磊,自然人
688122.SH,688122,西部超导,陕西,小金属,XBCD,科创板,20190722,陕西省财政厅,企业
688389.SH,688389,普门科技,深圳,医疗保健,PMKJ,科创板,20191105,刘先成,自然人
688009.SH,688009,中国通号,北京,运输设备,ZGTH,科创板,20190722,国务院国有资产监督管理委员会,企业
688080.SH,688080,映翰通,北京,通信设备,YHT,科创板,20200212,李明,自然人
689009.SH,689009,九号公司-WD,北京,摩托车,JHGS,科创板,20201029,王野,自然人
688366.SH,688366,昊海生科,上海,医疗保健,HHSK,科创板,20191030,蒋伟,自然人
688199.SH,688199,久日新材,天津,化工原料,JRXC,科创板,20191105,赵国锋,自然人
688178.SH,688178,万德斯,江苏,环境保护,WDS,科创板,20200114,无实际控制人,其他
688006.SH,688006,杭可科技,浙江,电气设备,HKKJ,科创板,20190722,曹骥,自然人
688588.SH,688588,凌志软件,江苏,软件服务,LZRJ,科创板,20200511,张宝泉,自然人
688300.SH,688300,联瑞新材,江苏,矿物制品,LRXC,科创板,20191115,李晓冬,自然人
688020.SH,688020,方邦股份,广东,元器件,FBGF,科创板,20190722,胡云连,自然人
688058.SH,688058,宝兰德,北京,软件服务,BLD,科创板,20191101,易存道,自然人
688025.SH,688025,杰普特,深圳,专用机械,JPT,科创板,20191031,黄治家,自然人
688029.SH,688029,南微医学,江苏,医疗保健,NWYX,科创板,20190722,无实际控制人,其他
688202.SH,688202,美迪西,上海,医疗保健,MDX,科创板,20191105,陈金章,自然人
688098.SH,688098,申联生物,上海,农业综合,SLSW,科创板,20191028,杨玉芳,自然人
688368.SH,688368,晶丰明源,上海,半导体,JFMY,科创板,20191014,胡黎强,自然人
300862.SZ,300862,蓝盾光电,安徽,电器仪表,LDGD,创业板,20200824,袁永刚,民营企业
688101.SH,688101,三达膜,陕西,环境保护,SDM,科创板,20191115,CHEN NI,自然人
688299.SH,688299,长阳科技,浙江,元器件,CYKJ,科创板,20191106,金亚东,自然人
688656.SH,688656,浩欧博,江苏,医疗保健,HOB,科创板,20210113,中国生物制药有限公司,企业
688369.SH,688369,致远互联,北京,软件服务,ZYHL,科创板,20191031,徐石,自然人
688233.SH,688233,神工股份,辽宁,半导体,SGGF,科创板,20200221,无实际控制人,其他
688399.SH,688399,硕世生物,江苏,医疗保健,SSSW,科创板,20191205,王国强,自然人
300850.SZ,300850,新强联,河南,机械基件,XQL,创业板,20200713,肖争强,民营企业
605166.SH,605166,聚合顺,浙江,化纤,JHS,主板,20200618,傅昌宝,民营企业
605050.SH,605050,福然德,上海,仓储物流,FRD,主板,20200924,崔建华,民营企业
605168.SH,605168,三人行,陕西,互联网,SRX,主板,20200528,钱俊冬,民营企业
605389.SH,605389,长龄液压,江苏,机械基件,CLYY,主板,20210322,胡康桥,民营企业
003009.SZ,003009,中天火箭,陕西,航空,ZTHJ,主板,20200925,中国航天科技集团有限公司,中央企业
605366.SH,605366,宏柏新材,江西,化工原料,HBXC,主板,20200812,纪金树,外资
688196.SH,688196,卓越新能,福建,环境保护,ZYXN,科创板,20191121,叶劭婧,自然人
688089.SH,688089,嘉必优,湖北,食品,JBY,科创板,20191219,易德伟,自然人
688021.SH,688021,奥福科技,山东,汽车配件,AFKJ,科创板,20191106,无实际控制人,其他
688357.SH,688357,建龙微纳,河南,化工原料,JLWN,科创板,20191204,李建波,自然人
688126.SH,688126,沪硅产业,上海,半导体,HGCY,科创板,20200420,无实际控制人,其他
688358.SH,688358,祥生医疗,江苏,医疗保健,XSYL,科创板,20191203,莫若理,自然人
301372.SZ,301372,科净源,北京,环境保护,KJY,创业板,20230811,葛敬,民营企业
301237.SZ,301237,和顺科技,浙江,塑料,HSKJ,创业板,20220323,范和强,民营企业
688128.SH,688128,中国电研,广东,专用机械,ZGDY,科创板,20191105,国务院国有资产监督管理委员会,企业
688181.SH,688181,八亿时空,北京,元器件,BYSK,科创板,20200106,赵雷,自然人
688159.SH,688159,有方科技,深圳,通信设备,YFKJ,科创板,20200123,王慷,自然人
688111.SH,688111,金山办公,北京,软件服务,JSBG,科创板,20191118,雷军,自然人
688163.SH,688163,赛伦生物,上海,生物制药,SLSW,科创板,20220311,赵爱仙,自然人
688051.SH,688051,佳华科技,北京,软件服务,JHKJ,科创板,20200320,李玮,自然人
688298.SH,688298,东方生物,浙江,医疗保健,DFSW,科创板,20200205,方剑秋,自然人
688310.SH,688310,迈得医疗,浙江,医疗保健,MDYL,科创板,20191203,林军华,自然人
002990.SZ,002990,盛视科技,深圳,软件服务,SSKJ,主板,20200525,瞿磊,民营企业
605118.SH,605118,力鼎光电,福建,元器件,LDGD,主板,20200730,吴富宝,民营企业
003032.SZ,003032,*ST传智,江苏,文教休闲,*STCZ,主板,20210112,黎活明,民营企业
300910.SZ,300910,瑞丰新材,河南,化工原料,RFXC,创业板,20201127,郭春萱,民营企业
300866.SZ,300866,安克创新,湖南,元器件,AKCX,创业板,20200824,阳萌,民营企业
300852.SZ,300852,四会富仕,广东,元器件,SHFS,创业板,20200713,刘天明,民营企业
300863.SZ,300863,卡倍亿,浙江,汽车配件,KBY,创业板,20200824,林光耀,民营企业
003027.SZ,003027,同兴科技,安徽,环境保护,TXKJ,主板,20201218,郑光明,民营企业
605099.SH,605099,共创草坪,江苏,文教休闲,GCCP,主板,20200930,王强翔,民营企业
300871.SZ,300871,回盛生物,湖北,农业综合,HSSW,创业板,20200824,张卫元,民营企业
002998.SZ,002998,优彩资源,江苏,化纤,YCZY,主板,20200925,戴泽新,民营企业
300855.SZ,300855,图南股份,江苏,小金属,TNGF,创业板,20200723,万柏方,民营企业
300856.SZ,300856,科思股份,江苏,日用化工,KSGF,创业板,20200722,周旭明,民营企业
688505.SH,688505,复旦张江,上海,化学制药,FDZJ,科创板,20200619,无实际控制人,其他
688599.SH,688599,天合光能,江苏,电气设备,THGN,科创板,20200610,高纪凡,自然人
301073.SZ,301073,君亭酒店,浙江,酒店餐饮,JTJD,创业板,20210930,吴启元,民营企业
300885.SZ,300885,海昌新材,江苏,机械基件,HCXC,创业板,20200910,周光荣,民营企业
002997.SZ,002997,瑞鹄模具,安徽,汽车配件,RHMJ,主板,20200903,柴震,民营企业
003021.SZ,003021,兆威机电,深圳,元器件,ZWJD,主板,20201204,李海周,民营企业
688138.SH,688138,清溢光电,深圳,半导体,QYGD,科创板,20191120,唐英年,自然人
003001.SZ,003001,中岩大地,北京,建筑工程,ZYDD,主板,20201013,王立建,民营企业
605228.SH,605228,神通科技,浙江,汽车配件,STKJ,主板,20210120,方立锋,民营企业
300857.SZ,300857,协创数据,深圳,IT设备,XCSJ,创业板,20200727,耿康铭,外资
605388.SH,605388,均瑶健康,湖北,乳制品,JYJK,主板,20200818,王均金,民营企业
605066.SH,605066,天正电气,浙江,电气设备,TZDQ,主板,20200807,高天乐,民营企业
300978.SZ,300978,东箭科技,广东,汽车配件,DJKJ,创业板,20210426,马永涛,民营企业
605180.SH,605180,华生科技,浙江,纺织,HSKJ,主板,20210430,蒋生华,民营企业
605222.SH,605222,起帆电缆,上海,电气设备,QFDL,主板,20200731,周供华,民营企业
603408.SH,603408,建霖家居,福建,家居用品,JLJJ,主板,20200730,吕理镇,外资
688466.SH,688466,金科环境,北京,环境保护,JKHJ,科创板,20200508,张慧春,自然人
300889.SZ,300889,爱克股份,深圳,电气设备,AKGF,创业板,20200916,谢明武,民营企业
300875.SZ,300875,捷强装备,天津,专用机械,JQZB,创业板,20200824,潘峰,民营企业
301172.SZ,301172,君逸数码,四川,软件服务,JYSM,创业板,20230726,曾立军,民营企业
605009.SH,605009,豪悦护理,浙江,造纸,HYHL,主板,20200911,李志彪,民营企业
605169.SH,605169,洪通燃气,新疆,供气供热,HTRQ,主板,20201030,刘洪兵,民营企业
605398.SH,605398,新炬网络,上海,软件服务,XJWL,主板,20210121,孙星炎,民营企业
300880.SZ,300880,迦南智能,浙江,电器仪表,JNZN,创业板,20200901,章国耀,民营企业
605116.SH,605116,奥锐特,浙江,化学制药,ART,主板,20200921,彭志恩,民营企业
605318.SH,605318,法狮龙,浙江,其他建材,FSL,主板,20200803,沈正华,民营企业
688069.SH,688069,德林海,江苏,环境保护,DLH,科创板,20200722,胡明明,自然人
688026.SH,688026,洁特生物,广东,医疗保健,JTSW,科创板,20200122,袁建华,自然人
688118.SH,688118,普元信息,上海,软件服务,PYXX,科创板,20191204,刘亚东,自然人
688090.SH,688090,瑞松科技,广东,专用机械,RSKJ,科创板,20200217,孙志强,自然人
688528.SH,688528,秦川物联,四川,电器仪表,QCWL,科创板,20200701,邵泽华,自然人
605123.SH,605123,派克新材,江苏,航空,PKXC,主板,20200825,是玉丰,民营企业
605399.SH,605399,晨光新材,江西,化工原料,CGXC,主板,20200804,丁建峰,民营企业
605003.SH,605003,众望布艺,浙江,纺织,ZWBY,主板,20200908,杨林山,民营企业
605369.SH,605369,拱东医疗,浙江,医疗保健,GDYL,主板,20200916,施慧勇,民营企业
003013.SZ,003013,地铁设计,广东,建筑工程,DTSJ,主板,20201022,广州市人民政府国有资产监督管理委员会,地方国有企业
601665.SH,601665,齐鲁银行,山东,银行,QLYH,主板,20210618,无实际控制人,其他
003019.SZ,003019,宸展光电,福建,元器件,CZGD,主板,20201117,Michael Chao-Juei Chiang,外资
301395.SZ,301395,仁信新材,广东,化工原料,RXXC,创业板,20230703,邱汉周,民营企业
301418.SZ,301418,协昌科技,江苏,电气设备,XCKJ,创业板,20230821,顾挺,民营企业
300873.SZ,300873,海晨股份,江苏,仓储物流,HCGF,创业板,20200824,梁晨,民营企业
300901.SZ,300901,中胤时尚,浙江,服饰,ZYSS,创业板,20201029,倪秀华,民营企业
300870.SZ,300870,欧陆通,深圳,电气设备,OLT,创业板,20200824,王合球,民营企业
003022.SZ,003022,联泓新科,山东,化工原料,LHXK,主板,20201208,无实际控制人,其他
605377.SH,605377,华旺科技,浙江,造纸,HWKJ,主板,20201228,钭江浩,民营企业
605500.SH,605500,森林包装,浙江,造纸,SLBZ,主板,20201222,林启军,民营企业
605218.SH,605218,伟时电子,江苏,元器件,WSDZ,主板,20200928,渡边庸一,外资
605199.SH,605199,ST葫芦娃,海南,中成药,STHLW,主板,20200710,刘景萍,民营企业
688266.SH,688266,泽璟制药-U,江苏,生物制药,ZJZY,科创板,20200123,ZELIN SHENG(盛泽林),自然人
688365.SH,688365,光云科技,浙江,软件服务,GYKJ,科创板,20200429,谭光华,自然人
300922.SZ,300922,天秦装备,河北,专用机械,TQZB,创业板,20201225,宋金锁,民营企业
300927.SZ,300927,江天化学,江苏,化工原料,JTHX,创业板,20210107,南通市人民政府国有资产监督管理委员会,地方国有企业
605177.SH,605177,东亚药业,浙江,化学制药,DYYY,主板,20201125,池正明,民营企业
301220.SZ,301220,亚香股份,江苏,化工原料,YXGF,创业板,20220622,周军学,民营企业
603102.SH,603102,百合股份,山东,医疗保健,BHGF,主板,20220125,刘新力,民营企业
605133.SH,605133,嵘泰股份,江苏,汽车配件,RTGF,主板,20210224,夏诚亮,民营企业
300939.SZ,300939,秋田微,深圳,元器件,QTW,创业板,20210128,黄志毅,民营企业
605255.SH,605255,天普股份,浙江,汽车配件,TPGF,主板,20200825,杨龚轶凡,民营企业
300864.SZ,300864,南大环境,江苏,环境保护,NDHJ,创业板,20200824,南京大学,大学
300952.SZ,300952,恒辉安防,江苏,纺织,HHAF,创业板,20210311,王咸华,民营企业
003000.SZ,003000,劲仔食品,湖南,食品,JZSP,主板,20200914,周劲松,民营企业
301199.SZ,301199,迈赫股份,山东,专用机械,MHGF,创业板,20211207,王金平,民营企业
688228.SH,688228,开普云,广东,软件服务,KPY,科创板,20200327,汪敏,自然人
301007.SZ,301007,德迈仕,辽宁,汽车配件,DMS,创业板,20210616,潘异,民营企业
300876.SZ,300876,蒙泰高新,广东,化纤,MTGX,创业板,20200824,郭清海,民营企业
301051.SZ,301051,信濠光电,深圳,元器件,XHGD,创业板,20210827,无实际控制人,其他
601568.SH,601568,北元集团,陕西,化工原料,BYJT,主板,20201020,陕西省人民政府国有资产监督管理委员会,地方国有企业
003011.SZ,003011,海象新材,浙江,家居用品,HXXC,主板,20200930,王周林,民营企业
300941.SZ,300941,创识科技,福建,IT设备,CSKJ,创业板,20210209,张更生,民营企业
300982.SZ,300982,苏文电能,江苏,建筑工程,SWDN,创业板,20210427,施小波,民营企业
300933.SZ,300933,中辰股份,江苏,电气设备,ZCGF,创业板,20210122,杜南平,民营企业
605007.SH,605007,五洲特纸,浙江,造纸,WZTZ,主板,20201110,赵磊,民营企业
300931.SZ,300931,通用电梯,江苏,运输设备,TYDT,创业板,20210121,徐志明,民营企业
003005.SZ,003005,竞业达,北京,软件服务,JYD,主板,20200922,钱瑞,民营企业
605077.SH,605077,华康股份,浙江,食品,HKGF,主板,20210209,陈德水,民营企业
605055.SH,605055,迎丰股份,浙江,纺织,YFGF,主板,20210129,傅双利,民营企业
003023.SZ,003023,彩虹集团,四川,家用电器,CHJT,主板,20201211,刘荣富,民营企业
003007.SZ,003007,直真科技,北京,软件服务,ZZKJ,主板,20200923,袁隽,民营企业
605186.SH,605186,健麾信息,上海,专用机械,JHXX,主板,20201222,戴建伟,民营企业
003026.SZ,003026,中晶科技,浙江,半导体,ZJKJ,主板,20201218,徐一俊,民营企业
603112.SH,603112,华翔股份,山西,机械基件,HXGF,主板,20200917,王春翔,民营企业
605122.SH,605122,四方新材,重庆,水泥,SFXC,主板,20210310,李德志,民营企业
300891.SZ,300891,惠云钛业,广东,化工原料,HYTY,创业板,20200917,钟镇光,民营企业
605338.SH,605338,巴比食品,上海,食品,BBSP,主板,20201012,刘会平,民营企业
300900.SZ,300900,广联航空,黑龙江,航空,GLHK,创业板,20201029,王增夺,民营企业
605336.SH,605336,帅丰电器,浙江,家用电器,SFDQ,主板,20201019,商若云,民营企业
300909.SZ,300909,汇创达,深圳,元器件,HCD,创业板,20201118,李明,民营企业
605081.SH,605081,*ST太和,上海,环境保护,*STTH,主板,20210209,董津,民营企业
300882.SZ,300882,万胜智能,浙江,电器仪表,WSZN,创业板,20200910,邬永强,民营企业
003028.SZ,003028,振邦智能,深圳,元器件,ZBZN,主板,20201228,陈志杰,民营企业
605268.SH,605268,王力安防,浙江,家居用品,WLAF,主板,20210224,王跃斌,民营企业
300893.SZ,300893,松原安全,浙江,汽车配件,SYAQ,创业板,20200924,胡铲明,民营企业
300881.SZ,300881,盛德鑫泰,江苏,钢加工,SDXT,创业板,20200901,周文庆,民营企业
605179.SH,605179,一鸣食品,浙江,乳制品,YMSP,主板,20201228,朱明春,民营企业
300879.SZ,300879,大叶股份,浙江,农用机械,DYGF,创业板,20200901,叶晓波,民营企业
601279.SH,601279,英利汽车,吉林,汽车配件,YLQC,主板,20210415,林启彬,外资
605337.SH,605337,李子园,浙江,乳制品,LZY,主板,20210208,李国平,民营企业
688566.SH,688566,吉贝尔,江苏,化学制药,JBE,科创板,20200518,耿仲毅,自然人
688189.SH,688189,南新制药,湖南,化学制药,NXZY,科创板,20200326,湖南省人民政府国有资产监督管理委员会,企业
688165.SH,688165,埃夫特-U,安徽,专用机械,AFT,科创板,20200715,芜湖市人民政府国有资产监督管理委员会,企业
688085.SH,688085,三友医疗,上海,医疗保健,SYYL,科创板,20200409,徐农,自然人
688396.SH,688396,华润微,江苏,半导体,HRW,科创板,20200227,中国华润有限公司,企业
688622.SH,688622,禾信仪器,广东,电器仪表,HXYQ,科创板,20210913,周振,自然人
688360.SH,688360,德马科技,浙江,机械基件,DMKJ,科创板,20200602,卓序,自然人
688579.SH,688579,地纬智能,山东,软件服务,DWZN,科创板,20200717,山东省人民政府国有资产监督管理委员会,企业
688518.SH,688518,联赢激光,深圳,专用机械,LYJG,科创板,20200622,韩金龙,自然人
688208.SH,688208,道通科技,深圳,IT设备,DTKJ,科创板,20200213,李红京,自然人
688516.SH,688516,奥特维,江苏,专用机械,ATW,科创板,20200521,葛志勇,自然人
688500.SH,688500,慧辰股份,北京,互联网,HCGF,科创板,20200716,赵龙,自然人
688081.SH,688081,兴图新科,湖北,软件服务,XTXK,科创板,20200106,程家明,自然人
300942.SZ,300942,易瑞生物,深圳,医疗保健,YRSW,创业板,20210209,朱海,民营企业
603759.SH,603759,海天股份,四川,水务,HTGF,主板,20210326,费功全,民营企业
300932.SZ,300932,三友联众,广东,电气设备,SYLZ,创业板,20210122,宋朝阳,民营企业
300614.SZ,300614,百川畅银,河南,环境保护,BCCY,创业板,20210525,陈功海,民营企业
301025.SZ,301025,读客文化,上海,出版业,DKWH,创业板,20210719,华楠,民营企业
603155.SH,603155,新亚强,江苏,化工原料,XYQ,主板,20200901,邯郸市人民政府国有资产监督管理委员会,地方国有企业
003015.SZ,003015,日久光电,江苏,元器件,RJGD,主板,20201021,陈超,民营企业
605069.SH,605069,正和生态,北京,环境保护,ZHST,主板,20210816,张熠君,民营企业
300923.SZ,300923,研奥股份,吉林,运输设备,YAGF,创业板,20201224,李彪,民营企业
003029.SZ,003029,吉大正元,吉林,软件服务,JDZY,主板,20201224,于逢良,民营企业
605155.SH,605155,西大门,浙江,家居用品,XDM,主板,20201231,柳庆华,民营企业
605005.SH,605005,合兴股份,浙江,汽车配件,HXGF,主板,20210119,陈文葆,民营企业
003017.SZ,003017,大洋生物,浙江,化工原料,DYSW,主板,20201026,陈阳贵,民营企业
601658.SH,601658,邮储银行,北京,银行,YCYH,主板,20191210,中国邮政集团有限公司,中央企业
301006.SZ,301006,迈拓股份,江苏,电器仪表,MTGF,创业板,20210607,孙卫国,民营企业
605258.SH,605258,协和电子,江苏,元器件,XHDZ,主板,20201203,张南国,民营企业
300930.SZ,300930,屹通新材,浙江,小金属,YTXC,创业板,20210121,汪志荣,民营企业
605060.SH,605060,联德股份,浙江,机械基件,LDGF,主板,20210301,孙袁,民营企业
003018.SZ,003018,金富科技,广东,塑料,JFKJ,主板,20201106,陈金培,民营企业
605117.SH,605117,德业股份,浙江,电气设备,DYGF,主板,20210420,张和君,民营企业
300906.SZ,300906,日月明,江西,运输设备,RYM,创业板,20201105,陶捷,民营企业
605068.SH,605068,明新旭腾,浙江,汽车配件,MXXT,主板,20201123,庄君新,民营企业
605018.SH,605018,长华集团,浙江,汽车配件,CHJT,主板,20200929,王长土,民营企业
605058.SH,605058,澳弘电子,江苏,元器件,AHDZ,主板,20201021,杨九红,民营企业
300907.SZ,300907,康平科技,江苏,电气设备,KPKJ,创业板,20201118,江建平,民营企业
300872.SZ,300872,天阳科技,西藏,软件服务,TYKJ,创业板,20200824,欧阳建平,民营企业
603261.SH,603261,*ST立航,四川,航空,*STLH,主板,20220315,刘随阳,民营企业
301068.SZ,301068,大地海洋,浙江,环境保护,DDHY,创业板,20210928,唐伟忠,民营企业
605277.SH,605277,新亚电子,浙江,元器件,XYDZ,主板,20210106,赵战兵,民营企业
300917.SZ,300917,特发服务,深圳,房产服务,TFFW,创业板,20201221,深圳市人民政府国有资产监督管理委员会,地方国有企业
300905.SZ,300905,宝丽迪,江苏,染料涂料,BLD,创业板,20201105,徐毅明,民营企业
605298.SH,605298,必得科技,江苏,运输设备,BDKJ,主板,20210301,王坚群,民营企业
605196.SH,605196,华通线缆,河北,电气设备,HTXL,主板,20210511,张文东,民营企业
603931.SH,603931,格林达,浙江,化工原料,GLD,主板,20200819,黄招有,民营企业
605011.SH,605011,杭州热电,浙江,供气供热,HZRD,主板,20210630,杭州市人民政府,地方国有企业
301587.SZ,301587,中瑞股份,江苏,电气设备,ZRGF,创业板,20240408,杨学新,民营企业
605378.SH,605378,野马电池,浙江,电气设备,YMDC,主板,20210412,陈一军,民营企业
605376.SH,605376,博迁新材,江苏,小金属,BQXC,主板,20201208,王利平,民营企业
600916.SH,600916,中国黄金,北京,服饰,ZGHJ,主板,20210205,国务院国有资产监督管理委员会,中央企业
300926.SZ,300926,博俊科技,江苏,汽车配件,BJKJ,创业板,20210107,伍亚林,民营企业
301021.SZ,301021,英诺激光,深圳,专用机械,YNJG,创业板,20210706,赵晓杰,外资
601686.SH,601686,友发集团,天津,钢加工,YFJT,主板,20201204,李茂津,民营企业
301010.SZ,301010,晶雪节能,江苏,其他建材,JXJN,创业板,20210618,贾富忠,民营企业
300937.SZ,300937,药易购,四川,医药商业,YYG,创业板,20210127,李燕飞,民营企业
688096.SH,688096,京源环保,江苏,环境保护,JYHB,科创板,20200409,李武林,自然人
605319.SH,605319,无锡振华,江苏,汽车配件,WXZH,主板,20210607,钱犇,民营企业
605208.SH,605208,永茂泰,上海,铝,YMT,主板,20210308,徐宏,民营企业
601156.SH,601156,东航物流,上海,仓储物流,DHWL,主板,20210609,中国东方航空集团有限公司,中央企业
300774.SZ,300774,倍杰特,北京,环境保护,BJT,创业板,20210804,权秋红,民营企业
605162.SH,605162,新中港,浙江,供气供热,XZG,主板,20210707,谢百军,民营企业
601825.SH,601825,沪农商行,上海,银行,HNSH,主板,20210819,无实际控制人,其他
003030.SZ,003030,祖名股份,浙江,食品,ZMGF,主板,20210106,蔡祖明,民营企业
688339.SH,688339,亿华通-U,北京,汽车配件,YHT,科创板,20200810,张国强,自然人
688177.SH,688177,百奥泰,广东,生物制药,BAT,科创板,20200221,易良昱,自然人
688222.SH,688222,成都先导,四川,化学制药,CDXD,科创板,20200416,JIN LI(李进),自然人
688318.SH,688318,财富趋势,深圳,软件服务,CFQS,科创板,20200427,黄山,自然人
688037.SH,688037,芯源微,辽宁,半导体,XYW,科创板,20191216,北京电子控股有限责任公司,企业
300999.SZ,300999,金龙鱼,上海,食品,JLY,创业板,20201015,无实际控制人,其他
688398.SH,688398,赛特新材,福建,矿物制品,STXC,科创板,20200211,汪坤明,自然人
688277.SH,688277,天智航-U,北京,医疗保健,TZH,科创板,20200707,张送根,自然人
688200.SH,688200,华峰测控,北京,半导体,HFCK,科创板,20200218,无实际控制人,其他
688221.SH,688221,前沿生物-U,江苏,生物制药,QYSW,科创板,20201028,DONG XIE,自然人
605305.SH,605305,中际联合,北京,工程机械,ZJLH,主板,20210506,刘志欣,民营企业
605286.SH,605286,同力天启,江苏,运输设备,TLTQ,主板,20210322,李国平,民营企业
688567.SH,688567,孚能科技,江西,电气设备,FNKJ,科创板,20200717,广州市人民政府,企业
688520.SH,688520,神州细胞,北京,生物制药,SZXB,科创板,20200622,谢良志,自然人
688521.SH,688521,芯原股份,上海,半导体,XYGF,科创板,20200818,无实际控制人,其他
003031.SZ,003031,中瓷电子,河北,元器件,ZCDZ,主板,20210104,国务院国有资产监督管理委员会,中央企业
688180.SH,688180,君实生物-U,上海,生物制药,JSSW,科创板,20200715,熊俊,自然人
688312.SH,688312,燕麦科技,深圳,专用机械,YMKJ,科创板,20200608,刘燕,自然人
605300.SH,605300,佳禾食品,江苏,乳制品,JHSP,主板,20210430,柳新荣,民营企业
603171.SH,603171,税友股份,浙江,软件服务,SYGF,主板,20210630,张镇潮,民营企业
688377.SH,688377,迪威尔,江苏,专用机械,DWE,科创板,20200708,张利,自然人
688488.SH,688488,艾迪药业,江苏,生物制药,ADYY,科创板,20200720,JINDI WU,自然人
003039.SZ,003039,顺控发展,广东,水务,SKFZ,主板,20210308,佛山市顺德区国有资产监督管理局,地方国有企业
300913.SZ,300913,兆龙互连,浙江,通信设备,ZLHL,创业板,20201207,姚金龙,民营企业
300884.SZ,300884,狄耐克,福建,IT设备,DNK,创业板,20201112,缪国栋,民营企业
688598.SH,688598,金博股份,湖南,矿物制品,JBGF,科创板,20200518,廖寄乔,自然人
688157.SH,688157,松井股份,湖南,染料涂料,SJGF,科创板,20200609,凌云剑,自然人
300986.SZ,300986,志特新材,江西,建筑工程,ZTXC,创业板,20210430,高渭泉,民营企业
603324.SH,603324,盛剑科技,上海,环境保护,SJKJ,主板,20210407,张伟明,民营企业
688309.SH,688309,恒誉环保,山东,环境保护,HYHB,科创板,20200714,牛斌,自然人
601816.SH,601816,京沪高铁,北京,铁路,JHGT,主板,20200116,中国国家铁路集团有限公司,中央企业
688156.SH,688156,路德科技,湖北,饲料,LDKJ,科创板,20200922,季光明,自然人
688336.SH,688336,三生国健,上海,生物制药,SSGJ,科创板,20200722,LOU JING,自然人
688286.SH,688286,敏芯股份,江苏,半导体,MXGF,科创板,20200810,李刚,自然人
688356.SH,688356,键凯科技,北京,化学制药,JKKJ,科创板,20200826,XUAN ZHAO,自然人
301299.SZ,301299,卓创资讯,山东,互联网,ZCZX,创业板,20221019,姜虎林,民营企业
300921.SZ,300921,南凌科技,深圳,互联网,NLKJ,创业板,20201222,陈树林,民营企业
688004.SH,688004,博汇科技,北京,软件服务,BHKJ,科创板,20200612,孙传明,自然人
688558.SH,688558,国盛智科,江苏,机床制造,GSZK,科创板,20200630,潘卫国,自然人
688418.SH,688418,震有科技,深圳,通信设备,ZYKJ,科创板,20200722,吴闽华,自然人
688589.SH,688589,力合微,深圳,半导体,LHW,科创板,20200722,无实际控制人,其他
300911.SZ,300911,亿田智能,浙江,家用电器,YTZN,创业板,20201203,孙伟勇,民营企业
300918.SZ,300918,南山智尚,山东,纺织,NSZS,创业板,20201222,龙口市东江街道南山村村民委员会,民营企业
300940.SZ,300940,南极光,深圳,元器件,NJG,创业板,20210203,姜发明,民营企业
688569.SH,688569,铁科轨道,北京,运输设备,TKGD,科创板,20200831,中国国家铁路集团有限公司,企业
688586.SH,688586,江航装备,安徽,航空,JHZB,科创板,20200731,中国航空工业集团有限公司,企业
001299.SZ,001299,美能能源,陕西,供气供热,MNNY,主板,20221031,晏立群,民营企业
605086.SH,605086,龙高股份,福建,矿物制品,LGGF,主板,20210416,龙岩市人民政府国有资产监督管理委员会,地方国有企业
605287.SH,605287,德才股份,山东,装修装饰,DCGF,主板,20210706,叶德才,民营企业
688077.SH,688077,大地熊,安徽,矿物制品,DDX,科创板,20200722,熊永飞,自然人
688229.SH,688229,博睿数据,北京,软件服务,BRSJ,科创板,20200817,李凯,自然人
688065.SH,688065,凯赛生物,上海,化工原料,KSSW,科创板,20200812,XIAOWEN MA,自然人
688050.SH,688050,爱博医疗,北京,医疗保健,ABYL,科创板,20200729,解江冰,自然人
605016.SH,605016,百龙创园,山东,食品,BLCY,主板,20210421,窦宝德,民营企业
300925.SZ,300925,法本信息,深圳,软件服务,FBXX,创业板,20201230,严华,民营企业
300920.SZ,300920,润阳科技,浙江,塑料,RYKJ,创业板,20201225,杨庆锋,民营企业
688106.SH,688106,金宏气体,江苏,化工原料,JHQT,科创板,20200616,金向华,自然人
300903.SZ,300903,科翔股份,广东,元器件,KXGF,创业板,20201105,郑晓蓉,民营企业
688379.SH,688379,华光新材,浙江,机械基件,HGXC,科创板,20200819,金李梅,自然人
688580.SH,688580,伟思医疗,江苏,医疗保健,WSYL,科创板,20200721,王志愚,自然人
688060.SH,688060,云涌科技,江苏,IT设备,YYKJ,科创板,20200710,高南,自然人
300977.SZ,300977,深圳瑞捷,深圳,建筑工程,SZRJ,创业板,20210420,黄新华,民营企业
600906.SH,600906,财达证券,河北,证券,CDZQ,主板,20210507,河北省人民政府国有资产监督管理委员会,地方国有企业
300950.SZ,300950,德固特,山东,专用机械,DGT,创业板,20210303,魏振文,民营企业
688508.SH,688508,芯朋微,江苏,半导体,XPW,科创板,20200722,张立新,自然人
688600.SH,688600,皖仪科技,安徽,电器仪表,WYKJ,科创板,20200703,臧牧,自然人
688602.SH,688602,康鹏科技,上海,化工原料,KPKJ,科创板,20230720,杨建华,自然人
688311.SH,688311,盟升电子,四川,元器件,MSDZ,科创板,20200731,向荣,自然人
688390.SH,688390,固德威,江苏,电气设备,GDW,科创板,20200904,黄敏,自然人
688155.SH,688155,先惠技术,上海,电气设备,XHJS,科创板,20200811,王颖琳,自然人
688577.SH,688577,浙海德曼,浙江,机床制造,ZHDM,科创板,20200916,高长泉,自然人
688556.SH,688556,高测股份,山东,专用机械,GCGF,科创板,20200807,张顼,自然人
688585.SH,688585,上纬新材,上海,化工原料,SWXC,科创板,20200928,邓泰华,自然人
688338.SH,688338,赛科希德,北京,医疗保健,SKXD,科创板,20200806,吴仕明,自然人
688590.SH,688590,新致软件,上海,软件服务,XZRJ,科创板,20201207,郭玮,自然人
688393.SH,688393,安必平,广东,医疗保健,ABP,科创板,20200820,蔡向挺,自然人
300948.SZ,300948,冠中生态,山东,环境保护,GZST,创业板,20210225,靳春平,民营企业
605080.SH,605080,浙江自然,浙江,文教休闲,ZJZR,主板,20210506,夏永辉,民营企业
300916.SZ,300916,朗特智能,深圳,元器件,LTZN,创业板,20201202,欧阳正良,民营企业
003037.SZ,003037,三和管桩,广东,水泥,SHGZ,主板,20210204,韦泽林,民营企业
605028.SH,605028,世茂能源,浙江,供气供热,SMNY,主板,20210712,李立峰,民营企业
300998.SZ,300998,宁波方正,浙江,专用机械,NBFZ,创业板,20210602,方永杰,民营企业
300895.SZ,300895,铜牛信息,北京,软件服务,TNXX,创业板,20200924,北京市人民政府国有资产监督管理委员会,地方国有企业
688056.SH,688056,莱伯泰科,北京,电器仪表,LBTK,科创板,20200902,胡克,自然人
688819.SH,688819,天能股份,浙江,电气设备,TNGF,科创板,20210118,张天任,自然人
688559.SH,688559,海目星,深圳,专用机械,HMX,科创板,20200909,赵盛宇,自然人
605589.SH,605589,圣泉集团,山东,化工原料,SQJT,主板,20210810,唐一林,民营企业
301081.SZ,301081,严牌股份,浙江,环境保护,YPGF,创业板,20211020,孙尚泽,民营企业
301024.SZ,301024,霍普股份,上海,建筑工程,HPGF,创业板,20210728,龚俊,民营企业
300961.SZ,300961,深水海纳,深圳,环境保护,SSHN,创业板,20210330,李海波,民营企业
301116.SZ,301116,益客食品,江苏,食品,YKSP,创业板,20220118,田立余,民营企业
605089.SH,605089,味知香,江苏,食品,WZX,主板,20210427,夏靖,民营企业
600032.SH,600032,浙江新能,浙江,新型电力,ZJXN,主板,20210525,浙江省人民政府国有资产监督管理委员会,地方国有企业
300965.SZ,300965,恒宇信通,北京,航空,HYXT,创业板,20210402,饶丹妮,民营企业
688055.SH,688055,龙腾光电,江苏,元器件,LTGD,科创板,20200817,昆山市政府国有资产监督管理办公室,企业
688215.SH,688215,瑞晟智能,浙江,专用机械,RSZN,科创板,20200828,袁峰,自然人
688335.SH,688335,复洁科技,上海,环境保护,FJKJ,科创板,20200817,黄文俊,自然人
688185.SH,688185,康希诺,天津,生物制药,KXN,科创板,20200813,朱涛,自然人
300947.SZ,300947,德必集团,上海,房产服务,DBJT,创业板,20210210,贾波,民营企业
688289.SH,688289,圣湘生物,湖南,医疗保健,SXSW,科创板,20200828,戴立忠,自然人
688519.SH,688519,南亚新材,上海,元器件,NYXC,科创板,20200818,包秀银,自然人
688550.SH,688550,瑞联新材,陕西,化工原料,RLXC,科创板,20200902,无实际控制人,其他
688301.SH,688301,奕瑞科技,上海,医疗保健,YRKJ,科创板,20200918,Tieer Gu,自然人
688095.SH,688095,福昕软件,福建,软件服务,FXRJ,科创板,20200908,熊雨前,自然人
688330.SH,688330,宏力达,上海,电气设备,HLD,科创板,20201015,陈嘉伟,自然人
688313.SH,688313,仕佳光子,河南,通信设备,SJGZ,科创板,20200812,葛海泉,自然人
688777.SH,688777,中控技术,浙江,专用机械,ZKJS,科创板,20201124,褚健,自然人
688256.SH,688256,寒武纪,北京,半导体,HWJ,科创板,20200720,陈天石,自然人
688127.SH,688127,蓝特光学,浙江,元器件,LTGX,科创板,20200921,徐云明,自然人
300972.SZ,300972,万辰集团,福建,食品,WCJT,创业板,20210419,王泽宁,民营企业
003035.SZ,003035,南网能源,广东,新型电力,NWNY,主板,20210119,国务院国有资产监督管理委员会,中央企业
301030.SZ,301030,仕净科技,江苏,环境保护,SJKJ,创业板,20210722,朱叶,民营企业
688595.SH,688595,芯海科技,深圳,半导体,XHKJ,科创板,20200928,卢国建,自然人
688551.SH,688551,科威尔,安徽,专用机械,KWE,科创板,20200910,傅仕涛,自然人
688383.SH,688383,新益昌,深圳,专用机械,XYC,科创板,20210428,胡新荣,自然人
688093.SH,688093,世华科技,江苏,化工原料,SHKJ,科创板,20200930,顾正青,自然人
600905.SH,600905,三峡能源,北京,新型电力,SXNY,主板,20210610,中国长江三峡集团有限公司,中央企业
600935.SH,600935,华塑股份,安徽,化工原料,HSGF,主板,20211126,安徽省人民政府国有资产监督管理委员会,地方国有企业
300946.SZ,300946,恒而达,福建,机械基件,HED,创业板,20210208,林正华,民营企业
688386.SH,688386,泛亚微透,江苏,化工原料,FYWT,科创板,20201016,张云,自然人
688408.SH,688408,中信博,江苏,电气设备,ZXB,科创板,20200828,蔡浩,自然人
688316.SH,688316,青云科技-U,北京,软件服务,QYKJ,科创板,20210316,黄允松,自然人
688596.SH,688596,正帆科技,上海,专用机械,ZFKJ,科创板,20200820,CUI RONG(崔荣),自然人
688378.SH,688378,奥来德,吉林,专用机械,ALD,科创板,20200903,轩景泉,自然人
688659.SH,688659,元琛科技,安徽,环境保护,YCKJ,科创板,20210331,徐辉,自然人
688083.SH,688083,中望软件,广东,软件服务,ZWRJ,科创板,20210311,杜玉林,自然人
688129.SH,688129,东来技术,上海,染料涂料,DLJS,科创板,20201023,朱忠敏,自然人
688017.SH,688017,绿的谐波,江苏,机械基件,LDXB,科创板,20200828,左晶,自然人
688581.SH,688581,安杰思,浙江,医疗保健,AJS,科创板,20230519,张承,自然人
688529.SH,688529,豪森智能,辽宁,专用机械,HSZN,科创板,20201109,张继周,自然人
688578.SH,688578,艾力斯,上海,化学制药,ALS,科创板,20201202,杜锦豪,自然人
688308.SH,688308,欧科亿,湖南,机械基件,OKY,科创板,20201210,袁美和,自然人
688013.SH,688013,天臣医疗,江苏,医疗保健,TCYL,科创板,20200928,陈望宇,自然人
688135.SH,688135,利扬芯片,广东,半导体,LYXP,科创板,20201111,黄江,自然人
300964.SZ,300964,本川智能,江苏,元器件,BCZN,创业板,20210805,董晓俊,民营企业
301002.SZ,301002,崧盛股份,深圳,电气设备,SSGF,创业板,20210607,田年斌,民营企业
301171.SZ,301171,易点天下,陕西,互联网,YDTX,创业板,20220819,邹小武,民营企业
301023.SZ,301023,奕帆传动,江苏,电气设备,YFCD,创业板,20210707,刘锦成,民营企业
301036.SZ,301036,双乐股份,江苏,染料涂料,SLGF,创业板,20210729,杨汉洲,民营企业
301011.SZ,301011,华立科技,广东,文教休闲,HLKJ,创业板,20210617,苏本立,外资
301029.SZ,301029,怡合达,广东,专用机械,YHD,创业板,20210723,金立国,民营企业
300967.SZ,300967,晓鸣股份,宁夏,农业综合,XMGF,创业板,20210413,魏晓明,民营企业
688536.SH,688536,思瑞浦,江苏,半导体,SRP,科创板,20200921,无实际控制人,其他
688160.SH,688160,步科股份,上海,电器仪表,BKGF,科创板,20201112,唐咚,自然人
688070.SH,688070,纵横股份,四川,航空,ZHGF,科创板,20210210,任斌,自然人
688608.SH,688608,恒玄科技,上海,半导体,HXKJ,科创板,20201216,汤晓冬,自然人
688617.SH,688617,惠泰医疗,深圳,医疗保健,HTYL,科创板,20210107,李西廷,自然人
688575.SH,688575,亚辉龙,深圳,医疗保健,YHL,科创板,20210517,胡鹍辉,自然人
688557.SH,688557,兰剑智能,山东,专用机械,LJZN,科创板,20201202,吴耀华,自然人
605499.SH,605499,东鹏饮料,深圳,软饮料,DPYL,主板,20210527,林木勤,民营企业
300993.SZ,300993,玉马科技,山东,家居用品,YMKJ,创业板,20210524,孙承志,民营企业
300956.SZ,300956,英力股份,安徽,元器件,YLGF,创业板,20210326,戴明,民营企业
300997.SZ,300997,欢乐家,广东,软饮料,HLJ,创业板,20210602,李兴,民营企业
605189.SH,605189,富春染织,安徽,纺织,FCRZ,主板,20210528,何培富,民营企业
300951.SZ,300951,博硕科技,深圳,元器件,BSKJ,创业板,20210226,徐思通,民营企业
688328.SH,688328,深科达,深圳,专用机械,SKD,科创板,20210309,黄奕宏,自然人
688219.SH,688219,会通股份,安徽,塑料,HTGF,科创板,20201118,何倩嫦,自然人
688677.SH,688677,海泰新光,山东,医疗保健,HTXG,科创板,20210226,ZHENG ANMIN,自然人
688092.SH,688092,爱科科技,浙江,专用机械,AKKJ,科创板,20210319,方云科,自然人
688699.SH,688699,明微电子,深圳,半导体,MWDZ,科创板,20201218,王乐康,自然人
688179.SH,688179,阿拉丁,上海,化学制药,ALD,科创板,20201026,徐久振,自然人
688195.SH,688195,腾景科技,福建,元器件,TJKJ,科创板,20210326,余洪瑞,自然人
688668.SH,688668,鼎通科技,广东,通信设备,DTKJ,科创板,20201221,王成海,自然人
688658.SH,688658,悦康药业,北京,化学制药,YKYY,科创板,20201224,于伟仕,自然人
688665.SH,688665,四方光电,湖北,电器仪表,SFGD,科创板,20210209,董宇,自然人
688698.SH,688698,伟创电气,江苏,电气设备,WCDQ,科创板,20201229,胡智勇,自然人
300919.SZ,300919,中伟新材,贵州,电气设备,ZWXC,创业板,20201223,邓伟明,民营企业
301000.SZ,301000,肇民科技,上海,汽车配件,ZMKJ,创业板,20210528,邵雄辉,民营企业
301190.SZ,301190,善水科技,江西,染料涂料,SSKJ,创业板,20211224,吴新艳,民营企业
301182.SZ,301182,凯旺科技,河南,元器件,KWKJ,创业板,20211223,陈海刚,民营企业
300975.SZ,300975,商络电子,江苏,元器件,SLDZ,创业板,20210421,沙宏志,民营企业
300973.SZ,300973,立高食品,广东,食品,LGSP,创业板,20210415,彭裕辉,民营企业
300955.SZ,300955,嘉亨家化,福建,日用化工,JHJH,创业板,20210324,曾本生,外资
300966.SZ,300966,共同药业,湖北,化学制药,GTYY,创业板,20210409,系祖斌,民营企业
688510.SH,688510,航亚科技,江苏,航空,HYKJ,科创板,20201216,严奇,自然人
688779.SH,688779,五矿新能,湖南,电气设备,WKXN,科创板,20210811,中国五矿集团有限公司,企业
688739.SH,688739,成大生物,辽宁,生物制药,CDSW,科创板,20211028,无实际控制人,其他
688669.SH,688669,聚石化学,广东,化工原料,JSHX,科创板,20210125,陈钢,自然人
688696.SH,688696,极米科技,四川,家用电器,JMKJ,科创板,20210303,钟波,自然人
688788.SH,688788,科思科技,深圳,通信设备,KSKJ,科创板,20201022,刘建德,自然人
003040.SZ,003040,楚天龙,广东,通信设备,CTL,主板,20210322,陈丽英,民营企业
300959.SZ,300959,线上线下,江苏,电信运营,XSXX,创业板,20210322,夏军,民营企业
688571.SH,688571,杭华股份,浙江,染料涂料,HHGF,科创板,20201211,杭州市实业投资集团有限公司,企业
688561.SH,688561,奇安信-U,北京,软件服务,QAX,科创板,20200722,齐向东,自然人
688560.SH,688560,明冠新材,江西,电气设备,MGXC,科创板,20201224,闫洪嘉,自然人
688136.SH,688136,科兴制药,山东,生物制药,KXZY,科创板,20201214,邓学勤,自然人
688191.SH,688191,智洋创新,山东,软件服务,ZYCX,科创板,20210408,刘国永,自然人
688676.SH,688676,金盘科技,海南,电气设备,JPKJ,科创板,20210309,李志远,自然人
688109.SH,688109,品茗科技,浙江,软件服务,PMKJ,科创板,20210330,莫绪军,自然人
688079.SH,688079,美迪凯,浙江,元器件,MDK,科创板,20210302,葛文志,自然人
688607.SH,688607,康众医疗,江苏,医疗保健,KZYL,科创板,20210201,JIANQIANGLIU(刘建强),自然人
688630.SH,688630,芯碁微装,安徽,专用机械,XQWZ,科创板,20210401,程卓,自然人
688350.SH,688350,富淼科技,江苏,化工原料,FMKJ,科创板,20210128,吴耀芳,自然人
688619.SH,688619,罗普特,福建,软件服务,LPT,科创板,20210223,陈延行,自然人
688680.SH,688680,海优新材,上海,塑料,HYXC,科创板,20210122,李民,自然人
688679.SH,688679,通源环境,安徽,环境保护,TYHJ,科创板,20201225,杨明,自然人
601995.SH,601995,中金公司,北京,证券,ZJGS,主板,20201102,中央汇金投资有限责任公司,中央企业
688686.SH,688686,奥普特,广东,电器仪表,APT,科创板,20201231,卢治临,自然人
688678.SH,688678,福立旺,江苏,元器件,FLW,科创板,20201223,洪水锦,自然人
688616.SH,688616,西力科技,浙江,电器仪表,XLKJ,科创板,20210318,宋毅然,自然人
003038.SZ,003038,鑫铂股份,安徽,铝,XBGF,主板,20210210,唐开健,民营企业
001206.SZ,001206,依依股份,天津,造纸,YYGF,主板,20210518,高福忠,民营企业
605507.SH,605507,国邦医药,浙江,化学制药,GBYY,主板,20210802,邱家军,民营企业
605056.SH,605056,咸亨国际,浙江,电器仪表,XHGJ,主板,20210720,王来兴,民营企业
688618.SH,688618,三旺通信,深圳,通信设备,SWTX,科创板,20201230,熊伟,自然人
688628.SH,688628,优利德,广东,电器仪表,YLD,科创板,20210201,吴美玉,自然人
688689.SH,688689,银河微电,江苏,半导体,YHWD,科创板,20210127,杨森茂,自然人
688067.SH,688067,爱威科技,湖南,医疗保健,AWKJ,科创板,20210616,丁建文,自然人
688131.SH,688131,皓元医药,上海,化学制药,HYYY,科创板,20210608,高强,自然人
688687.SH,688687,凯因科技,北京,生物制药,KYKJ,科创板,20210208,周德胜,自然人
688063.SH,688063,派能科技,上海,电气设备,PNKJ,科创板,20201230,无实际控制人,其他
688305.SH,688305,科德数控,辽宁,机床制造,KDSK,科创板,20210709,于本宏,自然人
688183.SH,688183,生益电子,广东,元器件,SYDZ,科创板,20210225,无实际控制人,其他
688606.SH,688606,奥泰生物,浙江,医疗保健,ATSW,科创板,20210325,高飞,自然人
601399.SH,601399,国机重装,四川,工程机械,GJZZ,主板,20200608,中国机械工业集团有限公司,中央企业
688082.SH,688082,盛美上海,上海,半导体,SMSH,科创板,20211118,HUI WANG,自然人
688171.SH,688171,纬德信息,广东,软件服务,WDXX,科创板,20220127,尹健,自然人
688317.SH,688317,之江生物,上海,医疗保健,ZJSW,科创板,20210118,邵俊斌,自然人
688633.SH,688633,星球石墨,江苏,专用机械,XQSM,科创板,20210324,张艺,自然人
688626.SH,688626,翔宇医疗,河南,医疗保健,XYYL,科创板,20210331,何永正,自然人
688981.SH,688981,中芯国际,上海,半导体,ZXGJ,科创板,20200716,无实际控制人,其他
688636.SH,688636,智明达,四川,元器件,ZMD,科创板,20210408,王勇,自然人
688329.SH,688329,艾隆科技,江苏,专用机械,ALKJ,科创板,20210329,张银花,自然人
688661.SH,688661,和林微纳,江苏,元器件,HLWN,科创板,20210329,骆兴顺,自然人
688075.SH,688075,安旭生物,浙江,医疗保健,AXSW,科创板,20211118,凌世生,自然人
688609.SH,688609,九联科技,广东,家用电器,JLKJ,科创板,20210323,詹启军,自然人
688315.SH,688315,诺禾致源,北京,医疗保健,NHZY,科创板,20210413,李瑞强,自然人
688667.SH,688667,菱电电控,湖北,汽车配件,LDDK,科创板,20210312,王和平,自然人
605020.SH,605020,永和股份,浙江,化工原料,YHGF,主板,20210709,童建国,民营企业
688625.SH,688625,呈和科技,广东,化工原料,CHKJ,科创板,20210607,赵文林,自然人
688468.SH,688468,科美诊断,北京,医疗保健,KMZD,科创板,20210409,李临,自然人
688345.SH,688345,博力威,广东,电气设备,BLW,科创板,20210611,张志平,自然人
688314.SH,688314,康拓医疗,陕西,医疗保健,KTYL,科创板,20210518,胡立人,自然人
688733.SH,688733,壹石通,安徽,矿物制品,YST,科创板,20210817,蒋学鑫,自然人
688639.SH,688639,华恒生物,安徽,化学制药,HHSW,科创板,20210422,郭恒华,自然人
688565.SH,688565,力源科技,浙江,环境保护,LYKJ,科创板,20210513,沈万中,自然人
688662.SH,688662,富信科技,广东,元器件,FXKJ,科创板,20210401,刘富林,自然人
688226.SH,688226,威腾电气,江苏,电气设备,WTDQ,科创板,20210707,蒋文功,自然人
688260.SH,688260,昀冢科技,江苏,元器件,YZKJ,科创板,20210406,王宾,自然人
688161.SH,688161,威高骨科,山东,医疗保健,WGGK,科创板,20210630,陈学利,自然人
003042.SZ,003042,中农联合,山东,农药化肥,ZNLH,主板,20210406,中国供销集团有限公司,中央企业
605566.SH,605566,福莱蒽特,浙江,染料涂料,FLET,主板,20211025,李百春,民营企业
603216.SH,603216,梦天家居,浙江,家居用品,MTJJ,主板,20211215,余静渊,民营企业
688789.SH,688789,宏华数科,浙江,专用机械,HHSK,科创板,20210708,金小团,自然人
688425.SH,688425,铁建重工,湖南,工程机械,TJZG,科创板,20210622,国务院国有资产监督管理委员会,企业
688683.SH,688683,莱尔科技,广东,元器件,LEKJ,科创板,20210412,伍仲乾,自然人
688533.SH,688533,上声电子,江苏,汽车配件,SSDZ,科创板,20210419,无实际控制人,其他
688076.SH,688076,ST诺泰,江苏,生物制药,STNT,科创板,20210520,赵德中,自然人
688682.SH,688682,霍莱沃,上海,软件服务,HLW,科创板,20210420,周建华,自然人
688690.SH,688690,纳微科技,江苏,化工原料,NWKJ,科创板,20210623,江必旺,自然人
688148.SH,688148,芳源股份,广东,电气设备,FYGF,科创板,20210806,罗爱平,自然人
688517.SH,688517,金冠电气,河南,电气设备,JGDQ,科创板,20210618,樊崇,自然人
688132.SH,688132,邦彦技术,深圳,通信设备,BYJS,科创板,20220923,祝国胜,自然人
688269.SH,688269,凯立新材,陕西,化工原料,KLXC,科创板,20210609,陕西省财政厅,企业
688456.SH,688456,有研粉材,北京,铜,YYFC,科创板,20210317,中国有研科技集团有限公司,企业
688660.SH,688660,电气风电,上海,电气设备,DQFD,科创板,20210519,上海市国有资产监督管理委员会,企业
688611.SH,688611,杭州柯林,浙江,电气设备,HZKL,科创板,20210412,谢东,自然人
688613.SH,688613,奥精医疗,北京,医疗保健,AJYL,科创板,20210521,Eric Gang Hu(胡刚),自然人
688584.SH,688584,上海合晶,上海,半导体,SHHJ,科创板,20240208,无实际控制人,其他
605365.SH,605365,立达信,福建,家用电器,LDX,主板,20210720,李江淮,民营企业
001215.SZ,001215,千味央厨,河南,食品,QWYC,主板,20210906,李伟,民营企业
605488.SH,605488,福莱新材,浙江,塑料,FLXC,主板,20210513,夏厚君,民营企业
301181.SZ,301181,标榜股份,江苏,汽车配件,BBGF,创业板,20220221,赵奇,民营企业
001207.SZ,001207,联科科技,山东,化工原料,LKKJ,主板,20210623,吴晓林,民营企业
605167.SH,605167,利柏特,江苏,建筑工程,LBT,主板,20210726,沈斌强,民营企业
601921.SH,601921,浙版传媒,浙江,出版业,ZBCM,主板,20210723,浙江省人民政府,地方国有企业
001202.SZ,001202,炬申股份,广东,仓储物流,JSGF,主板,20210429,雷琦,民营企业
688501.SH,688501,青达环保,山东,环境保护,QDHB,科创板,20210716,王勇,自然人
688147.SH,688147,微导纳米,江苏,专用机械,WDNM,科创板,20221223,王磊,自然人
688280.SH,688280,精进电动-UW,北京,汽车配件,JJDD,科创板,20211027,余平,自然人
688663.SH,688663,新风光,山东,电气设备,XFG,科创板,20210413,山东省人民政府国有资产监督管理委员会,企业
688217.SH,688217,睿昂基因,上海,医疗保健,RAJY,科创板,20210517,熊慧,自然人
688395.SH,688395,正弦电气,深圳,机械基件,ZXDQ,科创板,20210429,涂从欢,自然人
688112.SH,688112,鼎阳科技,深圳,电器仪表,DYKJ,科创板,20211201,秦轲,自然人
688319.SH,688319,欧林生物,四川,生物制药,OLSW,科创板,20210608,樊绍文,自然人
688059.SH,688059,华锐精密,湖南,机械基件,HRJM,科创板,20210208,肖旭凯,自然人
688117.SH,688117,圣诺生物,四川,生物制药,SNSW,科创板,20210603,文永均,自然人
688239.SH,688239,航宇科技,贵州,航空,HYKJ,科创板,20210705,张华,自然人
688793.SH,688793,倍轻松,深圳,家用电器,BQS,科创板,20210715,马学军,自然人
688799.SH,688799,华纳药厂,湖南,化学制药,HNYC,科创板,20210713,黄本东,自然人
688216.SH,688216,气派科技,深圳,半导体,QPKJ,科创板,20210623,梁大钟,自然人
688323.SH,688323,瑞华泰,深圳,塑料,RHT,科创板,20210428,无实际控制人,其他
603511.SH,603511,爱慕股份,北京,服饰,AMGF,主板,20210531,张荣明,民营企业
605259.SH,605259,绿田机械,浙江,农用机械,LTJX,主板,20210615,罗昌国,民营企业
001269.SZ,001269,欧晶科技,内蒙,矿物制品,OJKJ,主板,20220930,无实际控制人,其他
688681.SH,688681,科汇股份,山东,电气设备,KHGF,科创板,20210616,徐丙垠,自然人
688201.SH,688201,信安世纪,北京,软件服务,XASJ,科创板,20210421,李伟,自然人
688113.SH,688113,联测科技,江苏,专用机械,LCKJ,科创板,20210506,赵爱国,自然人
688700.SH,688700,东威科技,江苏,专用机械,DWKJ,科创板,20210615,刘建波,自然人
688509.SH,688509,正元地信,北京,软件服务,ZYDX,科创板,20210730,国务院国有资产监督管理委员会,企业
688786.SH,688786,悦安新材,江西,小金属,YAXC,科创板,20210826,李上奎,自然人
688685.SH,688685,迈信林,江苏,航空,MXL,科创板,20210513,张友志,自然人
688227.SH,688227,品高股份,广东,软件服务,PGGF,科创板,20211230,刘忻,自然人
688182.SH,688182,灿勤科技,江苏,通信设备,CQKJ,科创板,20211116,朱田中,自然人
688355.SH,688355,明志科技,江苏,机械基件,MZKJ,科创板,20210512,邱壑,自然人
300983.SZ,300983,尤安设计,上海,建筑工程,YASJ,创业板,20210420,陈磊,民营企业
301022.SZ,301022,海泰科,山东,专用机械,HTK,创业板,20210702,孙文强,民营企业
301037.SZ,301037,保立佳,上海,染料涂料,BLJ,创业板,20210730,杨文瑜,民营企业
300985.SZ,300985,致远新能,吉林,汽车配件,ZYXN,创业板,20210429,张远,民营企业
301052.SZ,301052,果麦文化,浙江,出版业,GMWH,创业板,20210830,路金波,民营企业
301016.SZ,301016,雷尔伟,江苏,运输设备,LEW,创业板,20210630,刘俊,民营企业
300995.SZ,300995,奇德新材,广东,塑料,QDXC,创业板,20210526,饶德生,民营企业
300984.SZ,300984,金沃股份,浙江,机械基件,JWGF,创业板,20210618,郑立成,民营企业
001205.SZ,001205,盛航股份,江苏,水运,SHGF,主板,20210513,尚吉永,民营企业
001213.SZ,001213,中铁特货,北京,铁路,ZTTH,主板,20210908,中国国家铁路集团有限公司,中央企业
001219.SZ,001219,青岛食品,山东,食品,QDSP,主板,20211021,青岛华通国有资本投资运营集团有限公司,地方国有企业
001212.SZ,001212,中旗新材,广东,其他建材,ZQXC,主板,20210823,贺荣明,民营企业
600955.SH,600955,维远股份,山东,化工原料,WYGF,主板,20210915,徐云亭,民营企业
603107.SH,603107,上海汽配,上海,汽车配件,SHQP,主板,20231101,上海市浦东新区北蔡镇人民政府,地方国有企业
001217.SZ,001217,华尔泰,安徽,化工原料,HET,主板,20210929,吴李杰,民营企业
605588.SH,605588,冠石科技,江苏,元器件,GSKJ,主板,20210812,张建巍,民营企业
605555.SH,605555,德昌股份,浙江,家用电器,DCGF,主板,20211021,黄裕昌,民营企业
605598.SH,605598,上海港湾,上海,建筑工程,SHGW,主板,20210917,徐士龙,民营企业
001211.SZ,001211,双枪科技,浙江,家居用品,SQKJ,主板,20210805,郑承烈,民营企业
605138.SH,605138,盛泰集团,浙江,服饰,STJT,主板,20211027,徐磊,外资
001288.SZ,001288,运机集团,四川,专用机械,YJJT,主板,20211101,吴友华,民营企业
001208.SZ,001208,华菱线缆,湖南,电气设备,HLXL,主板,20210624,湖南省人民政府国有资产监督管理委员会,地方国有企业
603836.SH,603836,海程邦达,山东,仓储物流,HCBD,主板,20210526,唐海,民营企业
001209.SZ,001209,洪兴股份,广东,服饰,HXGF,主板,20210723,郭秋洪,民营企业
605580.SH,605580,恒盛能源,浙江,供气供热,HSNY,主板,20210819,余国旭,民营企业
300969.SZ,300969,恒帅股份,浙江,汽车配件,HSGF,创业板,20210412,许宁宁,民营企业
301069.SZ,301069,凯盛新材,山东,化工原料,KSXC,创业板,20210927,张松山,民营企业
301033.SZ,301033,迈普医学,广东,医疗保健,MPYX,创业板,20210726,袁玉宇,民营企业
301169.SZ,301169,零点有数,北京,文教休闲,LDYS,创业板,20211103,袁岳,民营企业
300976.SZ,300976,达瑞电子,广东,元器件,DRDZ,创业板,20210419,李清平,民营企业
301099.SZ,301099,雅创电子,上海,元器件,YCDZ,创业板,20211122,谢力书,民营企业
301093.SZ,301093,华兰股份,江苏,医疗保健,HLGF,创业板,20211101,华国平,民营企业
300979.SZ,300979,华利集团,广东,服饰,HLJT,创业板,20210426,张聪渊,外资
301027.SZ,301027,华蓝集团,广西,建筑工程,HLJT,创业板,20210715,林伟,民营企业
301009.SZ,301009,可靠股份,浙江,造纸,KKGF,创业板,20210617,金利伟,民营企业
301043.SZ,301043,绿岛风,广东,机械基件,LDF,创业板,20210811,李清泉,民营企业
300990.SZ,300990,同飞股份,河北,专用机械,TFGF,创业板,20210512,张国山,民营企业
301059.SZ,301059,金三江,广东,化工原料,JSJ,创业板,20210913,赵国法,民营企业
301013.SZ,301013,利和兴,深圳,专用机械,LHX,创业板,20210629,林宜潘,民营企业
300957.SZ,300957,贝泰妮,云南,日用化工,BTN,创业板,20210325,GUO ZHENYU(郭振宇),外资
301001.SZ,301001,凯淳股份,上海,互联网,KCGF,创业板,20210528,王莉,民营企业
300989.SZ,300989,蕾奥规划,深圳,建筑工程,LAGH,创业板,20210507,无实际控制人,其他
301066.SZ,301066,万事利,浙江,纺织,WSL,创业板,20210922,李建华,民营企业
301004.SZ,301004,嘉益股份,浙江,家居用品,JYGF,创业板,20210625,戚兴华,民营企业
300854.SZ,300854,中兰环保,深圳,环境保护,ZLHB,创业板,20210916,葛芳,民营企业
301198.SZ,301198,喜悦智行,浙江,塑料,XYZX,创业板,20211202,罗志强,民营企业
300992.SZ,300992,泰福泵业,浙江,机械基件,TFBY,创业板,20210525,陈宜文,民营企业
301077.SZ,301077,星华新材,浙江,化工原料,XHXC,创业板,20210930,王世杰,民营企业
300980.SZ,300980,祥源新材,湖北,塑料,XYXC,创业板,20210421,魏志祥,民营企业
300844.SZ,300844,山水比德,广东,建筑工程,SSBD,创业板,20210813,孙虎,民营企业
301065.SZ,301065,本立科技,浙江,化学制药,BLKJ,创业板,20210914,吴政杰,民营企业
301082.SZ,301082,久盛电气,浙江,电气设备,JSDQ,创业板,20211027,张建华,民营企业
301055.SZ,301055,张小泉,浙江,家居用品,ZXQ,创业板,20210906,无实际控制人,其他
301040.SZ,301040,中环海陆,江苏,机械基件,ZHHL,创业板,20210803,吴君三,民营企业
301019.SZ,301019,宁波色母,浙江,塑料,NBSM,创业板,20210628,任卫庆,民营企业
301067.SZ,301067,显盈科技,深圳,元器件,XYKJ,创业板,20210922,林涓,民营企业
301070.SZ,301070,开勒股份,上海,机械基件,KLGF,创业板,20210923,卢小波,民营企业
301061.SZ,301061,匠心家居,江苏,家居用品,JXJJ,创业板,20210913,李小勤,民营企业
688728.SH,688728,格科微,上海,半导体,GKW,科创板,20210818,曹维,自然人
301336.SZ,301336,趣睡科技,四川,家居用品,QSKJ,创业板,20220812,李勇,民营企业
301003.SZ,301003,江苏博云,江苏,塑料,JSBY,创业板,20210601,吕锋,民营企业
301152.SZ,301152,天力锂能,河南,小金属,TLLN,创业板,20220829,王瑞庆,民营企业
301060.SZ,301060,兰卫医学,上海,医疗保健,LWYX,创业板,20210913,曾伟雄,民营企业
300991.SZ,300991,创益通,深圳,元器件,CYT,创业板,20210520,张建明,民营企业
300814.SZ,300814,中富电路,深圳,元器件,ZFDL,创业板,20210812,王昌民,民营企业
301185.SZ,301185,鸥玛软件,山东,软件服务,OMRJ,创业板,20211119,山东省人民政府国有资产监督管理委员会,地方国有企业
301120.SZ,301120,新特电气,北京,电气设备,XTDQ,创业板,20220419,谭勇,民营企业
301108.SZ,301108,洁雅股份,安徽,日用化工,JYGF,创业板,20211203,蔡英传,民营企业
301159.SZ,301159,三维天地,北京,软件服务,SWTD,创业板,20220107,金震,民营企业
300988.SZ,300988,津荣天宇,天津,机械基件,JRTY,创业板,20210512,孙兴文,民营企业
301118.SZ,301118,恒光股份,湖南,化工原料,HGGF,创业板,20211118,曹立祥,民营企业
300971.SZ,300971,博亚精工,湖北,机械基件,BYJG,创业板,20210415,李文喜,民营企业
301031.SZ,301031,中熔电气,陕西,电气设备,ZRDQ,创业板,20210715,方广文,民营企业
301049.SZ,301049,超越科技,安徽,环境保护,CYKJ,创业板,20210824,高志江,民营企业
301072.SZ,301072,中捷精工,江苏,汽车配件,ZJJG,创业板,20210929,魏忠,民营企业
301089.SZ,301089,拓新药业,河南,化学制药,TXYY,创业板,20211027,杨西宁,民营企业
301085.SZ,301085,亚康股份,北京,软件服务,YKGF,创业板,20211018,徐江,民营企业
301078.SZ,301078,孩子王,江苏,其他商业,HZW,创业板,20211014,汪建国,民营企业
301129.SZ,301129,瑞纳智能,安徽,电器仪表,RNZN,创业板,20211102,于大永,民营企业
688071.SH,688071,华依科技,上海,专用机械,HYKJ,科创板,20210729,励寅,自然人
301231.SZ,301231,荣信文化,陕西,出版业,RXWH,创业板,20220908,王艺桦,民营企业
301012.SZ,301012,扬电科技,江苏,电气设备,YDKJ,创业板,20210622,聂琨林,民营企业
301149.SZ,301149,隆华新材,山东,化工原料,LHXC,创业板,20211110,韩志刚,民营企业
301057.SZ,301057,汇隆新材,浙江,化纤,HLXC,创业板,20210909,沈顺华,民营企业
301005.SZ,301005,超捷股份,上海,汽车配件,CJGF,创业板,20210601,宋广东,民营企业
301053.SZ,301053,远信工业,浙江,专用机械,YXGY,创业板,20210901,陈少军,民营企业
301133.SZ,301133,金钟股份,广东,汽车配件,JZGF,创业板,20211126,辛洪萍,民营企业
301128.SZ,301128,强瑞技术,深圳,专用机械,QRJS,创业板,20211110,尹高斌,民营企业
301008.SZ,301008,宏昌科技,浙江,家用电器,HCKJ,创业板,20210611,陆宝宏,民营企业
301041.SZ,301041,金百泽,深圳,元器件,JBZ,创业板,20210811,武守坤,民营企业
301119.SZ,301119,正强股份,浙江,汽车配件,ZQGF,创业板,20211122,许正庆,民营企业
301056.SZ,301056,森赫股份,浙江,运输设备,SHGF,创业板,20210907,李东流,民营企业
301087.SZ,301087,可孚医疗,湖南,医疗保健,KFYL,创业板,20211025,张敏,民营企业
301126.SZ,301126,达嘉维康,湖南,医药商业,DJWK,创业板,20211207,王毅清,民营企业
301188.SZ,301188,力诺药包,山东,玻璃,LNYB,创业板,20211111,高元坤,民营企业
301193.SZ,301193,家联科技,浙江,家居用品,JLKJ,创业板,20211209,王熊,民营企业
301038.SZ,301038,深水规院,深圳,建筑工程,SSGY,创业板,20210804,深圳市人民政府国有资产监督管理委员会,地方国有企业
301362.SZ,301362,民爆光电,深圳,电气设备,MBGD,创业板,20230804,谢祖华,民营企业
688601.SH,688601,力芯微,江苏,半导体,LXW,科创板,20210628,无实际控制人,其他
301101.SZ,301101,明月镜片,江苏,文教休闲,MYJP,创业板,20211216,谢公晚,民营企业
688087.SH,688087,英科再生,山东,环境保护,YKZS,科创板,20210709,刘方毅,自然人
301071.SZ,301071,力量钻石,河南,矿物制品,LLZS,创业板,20210924,邵增明,民营企业
301345.SZ,301345,涛涛车业,浙江,摩托车,TTCY,创业板,20230321,曹马涛,民营企业
301058.SZ,301058,中粮科工,江苏,建筑工程,ZLKG,创业板,20210909,中粮集团有限公司,中央企业
301259.SZ,301259,艾布鲁,湖南,环境保护,ABL,创业板,20220426,钟儒波,民营企业
301083.SZ,301083,百胜智能,江西,专用机械,BSZN,创业板,20211021,刘润根,民营企业
301166.SZ,301166,优宁维,上海,医药商业,YNW,创业板,20211228,冷兆武,民营企业
301050.SZ,301050,雷电微力,四川,航空,LDWL,创业板,20210824,邓洁茹,民营企业
301234.SZ,301234,五洲医疗,安徽,医疗保健,WZYL,创业板,20220705,黄凡,民营企业
301398.SZ,301398,星源卓镁,浙江,汽车配件,XYZM,创业板,20221215,邱卓雄,民营企业
301370.SZ,301370,国科恒泰,北京,医药商业,GKHT,创业板,20230712,中国科学院控股有限公司,中央企业
301298.SZ,301298,东利机械,河北,汽车配件,DLJX,创业板,20220606,王征,民营企业
301032.SZ,301032,新柴股份,浙江,工程机械,XCGF,创业板,20210722,仇建平,民营企业
301103.SZ,301103,何氏眼科,辽宁,医疗保健,HSYK,创业板,20220322,何伟,民营企业
301100.SZ,301100,风光股份,辽宁,化工原料,FGGF,创业板,20211217,王磊,民营企业
301112.SZ,301112,信邦智能,广东,专用机械,XBZN,创业板,20220629,李罡,民营企业
688655.SH,688655,迅捷兴,深圳,元器件,XJX,科创板,20210511,马卓,自然人
688232.SH,688232,新点软件,江苏,软件服务,XDRJ,科创板,20211117,无实际控制人,其他
301090.SZ,301090,华润材料,江苏,化工原料,HRCL,创业板,20211026,国务院国有资产监督管理委员会,中央企业
301186.SZ,301186,超达装备,江苏,专用机械,CDZB,创业板,20211223,陈存友,民营企业
301180.SZ,301180,万祥科技,江苏,元器件,WXKJ,创业板,20211116,黄军,民营企业
301091.SZ,301091,深城交,深圳,建筑工程,SCJ,创业板,20211029,深圳市人民政府国有资产监督管理委员会,地方国有企业
301039.SZ,301039,中集车辆,深圳,汽车整车,ZJCL,创业板,20210708,无实际控制人,其他
301239.SZ,301239,普瑞眼科,四川,医疗保健,PRYK,创业板,20220705,徐旭阳,民营企业
301138.SZ,301138,华研精机,广东,专用机械,HYJJ,创业板,20211215,包贺林,民营企业
301079.SZ,301079,邵阳液压,湖南,机械基件,SYYY,创业板,20211019,粟武洪,民营企业
300994.SZ,300994,久祺股份,浙江,文教休闲,JQGF,创业板,20210812,李政,民营企业
301178.SZ,301178,天亿马,广东,软件服务,TYM,创业板,20211112,林明玲,民营企业
301088.SZ,301088,戎美股份,江苏,服饰,RMGF,创业板,20211028,郭健,民营企业
301267.SZ,301267,华厦眼科,福建,医疗保健,HXYK,创业板,20221107,苏庆灿,民营企业
301111.SZ,301111,粤万年青,广东,中成药,YWNQ,创业板,20211207,欧先涛,民营企业
301045.SZ,301045,天禄科技,江苏,元器件,TLKJ,创业板,20210813,陈凌,民营企业
688766.SH,688766,普冉股份,上海,半导体,PRGF,科创板,20210823,李兆桂,自然人
688778.SH,688778,厦钨新能,福建,电气设备,XWXN,科创板,20210805,福建省人民政府国有资产监督管理委员会,企业
688502.SH,688502,茂莱光学,江苏,元器件,MLGX,科创板,20230309,范一,自然人
688597.SH,688597,煜邦电力,北京,电器仪表,YBDL,科创板,20210617,周德勤,自然人
688091.SH,688091,上海谊众,上海,化学制药,SHYZ,科创板,20210909,周劲松,自然人
301046.SZ,301046,能辉科技,上海,建筑工程,NHKJ,创业板,20210817,罗传奎,民营企业
301092.SZ,301092,争光股份,浙江,化工原料,ZGGF,创业板,20211102,沈建华,民营企业
688359.SH,688359,三孚新科,广东,化工原料,SFXK,科创板,20210521,上官文龙,自然人
688276.SH,688276,百克生物,吉林,生物制药,BKSW,科创板,20210625,长春新区国有资产监督管理局,企业
301148.SZ,301148,嘉戎技术,福建,环境保护,JRJS,创业板,20220421,蒋林煜,民营企业
688538.SH,688538,和辉光电-U,上海,半导体,HHGD,科创板,20210528,上海市国有资产监督管理委员会,企业
301047.SZ,301047,义翘神州,北京,生物制药,YQSZ,创业板,20210816,谢良志,民营企业
688621.SH,688621,阳光诺和,北京,医疗保健,YGNH,科创板,20210621,利虔,自然人
688246.SH,688246,嘉和美康,北京,软件服务,JHMK,科创板,20211214,夏军,自然人
688367.SH,688367,工大高科,安徽,运输设备,GDGK,科创板,20210628,魏臻,自然人
605599.SH,605599,菜百股份,北京,服饰,CBGF,主板,20210909,北京市西城区人民政府国有资产监督管理委员会,地方国有企业
688038.SH,688038,中科通达,湖北,软件服务,ZKTD,科创板,20210713,王开学,自然人
688303.SH,688303,大全能源,新疆,电气设备,DQNY,科创板,20210722,徐翔,自然人
301665.SZ,301665,泰禾股份,江苏,农药化肥,THGF,创业板,20250411,田晓宏,民营企业
688306.SH,688306,均普智能,浙江,专用机械,JPZN,科创板,20220322,王剑峰,自然人
301131.SZ,301131,聚赛龙,广东,塑料,JSL,创业板,20220314,郝源增,民营企业
688718.SH,688718,唯赛勃,上海,塑料,WSB,科创板,20210728,谢建新,自然人
688110.SH,688110,东芯股份,上海,半导体,DXGF,科创板,20211210,蒋学明,自然人
301296.SZ,301296,新巨丰,山东,广告包装,XJF,创业板,20220902,袁训军,民营企业
688376.SH,688376,美埃科技,江苏,专用机械,MAKJ,科创板,20221118,蒋立,自然人
301121.SZ,301121,紫建电子,重庆,电气设备,ZJDZ,创业板,20220808,朱传钦,民营企业
301063.SZ,301063,海锅股份,江苏,电气设备,HGGF,创业板,20210924,盛雪华,民营企业
688701.SH,688701,卓锦股份,浙江,环境保护,ZJGF,科创板,20210916,卓未龙,自然人
301228.SZ,301228,实朴检测,上海,电器仪表,SPJC,创业板,20220128,杨进,民营企业
688716.SH,688716,中研股份,吉林,化工原料,ZYGF,科创板,20230920,谢怀杰,自然人
688798.SH,688798,艾为电子,上海,半导体,AWDZ,科创板,20210816,孙洪军,自然人
688385.SH,688385,复旦微电,上海,半导体,FDWD,科创板,20210804,无实际控制人,其他
301331.SZ,301331,恩威医药,西藏,中成药,EWYY,创业板,20220921,薛永新,民营企业
301160.SZ,301160,翔楼新材,江苏,机械基件,XLXC,创业板,20220606,钱和生,民营企业
301219.SZ,301219,腾远钴业,江西,小金属,TYGY,创业板,20220317,罗洁,民营企业
301102.SZ,301102,兆讯传媒,天津,广告包装,ZXCM,创业板,20220328,苏壮强,外资
301075.SZ,301075,多瑞医药,西藏,化学制药,DRYY,创业板,20210929,崔子浩,民营企业
301213.SZ,301213,观想科技,四川,软件服务,GXKJ,创业板,20211206,魏强,民营企业
301187.SZ,301187,欧圣电气,江苏,家用电器,OSDQ,创业板,20220422,WEIDONG LU,外资
301232.SZ,301232,飞沃科技,湖南,机械基件,FWKJ,创业板,20230615,张友君,民营企业
603213.SH,603213,镇洋发展,浙江,化工原料,ZYFZ,主板,20211111,浙江省交通投资集团有限公司,地方国有企业
688296.SH,688296,和达科技,浙江,软件服务,HDKJ,科创板,20210727,郭军,自然人
301080.SZ,301080,百普赛斯,北京,生物制药,BPSS,创业板,20211018,陈宜顶,民营企业
301123.SZ,301123,奕东电子,广东,元器件,YDDZ,创业板,20220125,邓玉泉,民营企业
301048.SZ,301048,金鹰重工,湖北,运输设备,JYZG,创业板,20210818,中华人民共和国国务院,中央企业
688722.SH,688722,同益中,北京,化纤,TYZ,科创板,20211019,国家开发投资集团有限公司,企业
688767.SH,688767,博拓生物,浙江,医疗保健,BTSW,科创板,20210908,于秀萍,自然人
301222.SZ,301222,浙江恒威,浙江,电气设备,ZJHW,创业板,20220309,汪剑平,民营企业
301177.SZ,301177,迪阿股份,深圳,服饰,DAGF,创业板,20211215,张国涛,民营企业
301139.SZ,301139,元道通信,新疆,通信设备,YDTX,创业板,20220708,李晋,民营企业
688776.SH,688776,国光电气,四川,元器件,GGDQ,科创板,20210831,张亚,自然人
688511.SH,688511,*ST天微,四川,元器件,*STTW,科创板,20210730,巨万里,自然人
301201.SZ,301201,诚达药业,浙江,生物制药,CDYY,创业板,20220120,葛建利,民营企业
301211.SZ,301211,亨迪药业,湖北,化学制药,HDYY,创业板,20211222,刘益谦,民营企业
301086.SZ,301086,鸿富瀚,深圳,元器件,HFH,创业板,20211020,张定武,民营企业
301257.SZ,301257,普蕊斯,上海,医疗保健,PRS,创业板,20220517,赖春宝,民营企业
688120.SH,688120,华海清科,天津,半导体,HHQK,科创板,20220608,四川省政府国有资产监督管理委员会,企业
301167.SZ,301167,建研设计,安徽,建筑工程,JYSJ,创业板,20211206,安徽省人民政府国有资产监督管理委员会,地方国有企业
301179.SZ,301179,泽宇智能,江苏,软件服务,ZYZN,创业板,20211208,张剑,民营企业
688768.SH,688768,容知日新,安徽,电器仪表,RZRX,科创板,20210726,聂卫华,自然人
688486.SH,688486,龙迅股份,安徽,半导体,LXGF,科创板,20230221,FENG CHEN,自然人
688670.SH,688670,金迪克,江苏,生物制药,JDK,科创板,20210802,余军,自然人
605577.SH,605577,龙版传媒,黑龙江,出版业,LBCM,主板,20210824,黑龙江出版集团有限公司,地方国有企业
688775.SH,688775,影石创新,深圳,IT设备,YSCX,科创板,20250611,刘靖康,自然人
301382.SZ,301382,蜂助手,广东,互联网,FZS,创业板,20230517,罗洪鹏,民营企业
688257.SH,688257,新锐股份,江苏,机械基件,XRGF,科创板,20211027,吴何洪,自然人
301110.SZ,301110,青木科技,广东,互联网,QMKJ,创业板,20220311,吕斌,民营企业
688772.SH,688772,珠海冠宇,广东,电气设备,ZHGY,科创板,20211015,徐延铭,自然人
301158.SZ,301158,德石股份,山东,专用机械,DSGF,创业板,20220117,孙伟杰,民营企业
300834.SZ,300834,星辉环材,广东,化工原料,XHHC,创业板,20220113,陈雁升,民营企业
301113.SZ,301113,雅艺科技,浙江,家居用品,YYKJ,创业板,20211222,叶跃庭,民营企业
301265.SZ,301265,华新科技,北京,环境保护,HXKJ,创业板,20221216,张军,民营企业
301150.SZ,301150,中一科技,湖北,电气设备,ZYKJ,创业板,20220421,汪立,民营企业
301096.SZ,301096,百诚医药,浙江,医疗保健,BCYY,创业板,20211220,楼金芳,民营企业
301127.SZ,301127,武汉天源,湖北,环境保护,WHTY,创业板,20211230,黄昭玮,民营企业
301136.SZ,301136,招标股份,福建,建筑工程,ZBGF,创业板,20220111,福建省人民政府国有资产监督管理委员会,地方国有企业
605033.SH,605033,美邦股份,陕西,农药化肥,MBGF,主板,20210916,张少武,民营企业
301339.SZ,301339,通行宝,江苏,IT设备,TXB,创业板,20220909,江苏省政府国有资产监督管理委员会,地方国有企业
301196.SZ,301196,唯科科技,福建,专用机械,WKKJ,创业板,20220111,庄辉阳,民营企业
301162.SZ,301162,国能日新,北京,软件服务,GNRX,创业板,20220429,雍正,民营企业
688211.SH,688211,中科微至,江苏,专用机械,ZKWZ,科创板,20211026,李功燕,自然人
301338.SZ,301338,凯格精机,广东,专用机械,KGJJ,创业板,20220816,邱国良,民营企业
301155.SZ,301155,海力风电,江苏,电气设备,HLFD,创业板,20211124,许世俊,民营企业
301117.SZ,301117,佳缘科技,四川,软件服务,JYKJ,创业板,20220117,王进,民营企业
688259.SH,688259,创耀科技,江苏,半导体,CYKJ,科创板,20220112,YAOLONG TAN,自然人
301189.SZ,301189,奥尼电子,深圳,IT设备,ANDZ,创业板,20211228,吴世杰,民营企业
301217.SZ,301217,铜冠铜箔,安徽,元器件,TGTB,创业板,20220127,安徽省人民政府国有资产监督管理委员会,地方国有企业
688255.SH,688255,凯尔达,浙江,机械基件,KED,科创板,20211025,王健,自然人
688553.SH,688553,汇宇制药-W,四川,化学制药,HYZY,科创板,20211026,丁兆,自然人
688327.SH,688327,云从科技-UW,广东,软件服务,YCKJ,科创板,20220527,周曦,自然人
301248.SZ,301248,杰创智能,广东,软件服务,JCZN,创业板,20220420,孙超,民营企业
301207.SZ,301207,华兰疫苗,河南,生物制药,HLYM,创业板,20220218,安康,民营企业
301135.SZ,301135,瑞德智能,广东,元器件,RDZN,创业板,20220412,汪军,民营企业
605567.SH,605567,春雪食品,山东,食品,CXSP,主板,20211013,郑维新,民营企业
688114.SH,688114,华大智造,深圳,医疗保健,HDZZ,科创板,20220909,汪建,自然人
301233.SZ,301233,盛帮股份,四川,汽车配件,SBGF,创业板,20220706,赖喜隆,民营企业
301439.SZ,301439,泓淋电力,山东,电气设备,HLDL,创业板,20230317,迟少林,民营企业
688343.SH,688343,云天励飞-U,深圳,软件服务,YTLF,科创板,20230404,陈宁,自然人
001317.SZ,001317,三羊马,重庆,铁路,SYM,主板,20211130,邱红阳,民营企业
001234.SZ,001234,泰慕士,江苏,服饰,TMS,主板,20220111,广州市人民政府国有资产监督管理委员会,地方国有企业
603280.SH,603280,南方路机,福建,工程机械,NFLJ,主板,20221108,方庆熙,民营企业
301109.SZ,301109,军信股份,湖南,环境保护,JXGF,创业板,20220413,戴道国,民营企业
603071.SH,603071,物产环能,浙江,批发业,WCHN,主板,20211216,浙江省人民政府国有资产监督管理委员会,地方国有企业
301212.SZ,301212,联盛化学,浙江,化工原料,LSHX,创业板,20220419,牟建宇,民营企业
688220.SH,688220,翱捷科技-U,上海,半导体,AJKJ,科创板,20220114,戴保家,自然人
301282.SZ,301282,金禄电子,广东,元器件,JLDZ,创业板,20220826,李继林,民营企业
301330.SZ,301330,熵基科技,广东,IT设备,SJKJ,创业板,20220817,车全宏,民营企业
688103.SH,688103,国力电子,江苏,元器件,GLDZ,科创板,20210910,尹剑平,自然人
688282.SH,688282,理工导航,北京,通信设备,LGDH,科创板,20220318,汪渤,自然人
688062.SH,688062,迈威生物-U,上海,生物制药,MWSW,科创板,20220118,唐春山,自然人
301500.SZ,301500,飞南资源,广东,环境保护,FNZY,创业板,20230921,孙雁军,民营企业
688265.SH,688265,南模生物,上海,医疗保健,NMSW,科创板,20211228,费俭,自然人
688800.SH,688800,瑞可达,江苏,元器件,RKD,科创板,20210722,吴世均,自然人
301165.SZ,301165,锐捷网络,福建,通信设备,RJWL,创业板,20221121,福建省人民政府国有资产监督管理委员会,地方国有企业
301216.SZ,301216,万凯新材,浙江,化工原料,WKXC,创业板,20220329,沈志刚,民营企业
301381.SZ,301381,赛维时代,深圳,互联网,SWSD,创业板,20230712,陈文平,民营企业
301163.SZ,301163,宏德股份,江苏,电气设备,HDGF,创业板,20220419,杨金德,民营企业
601956.SH,601956,东贝集团,湖北,家用电器,DBJT,主板,20201225,无实际控制人,其他
688119.SH,688119,中钢洛耐,河南,其他建材,ZGLN,科创板,20220606,国务院国有资产监督管理委员会,企业
688285.SH,688285,高铁电气,陕西,运输设备,GTDQ,科创板,20211020,国务院国有资产监督管理委员会,企业
301206.SZ,301206,三元生物,山东,食品,SYSW,创业板,20220210,聂在建,民营企业
688711.SH,688711,宏微科技,江苏,半导体,HWKJ,科创板,20210901,赵善麒,自然人
688236.SH,688236,春立医疗,北京,医疗保健,CLYL,科创板,20211230,史春宝,自然人
301122.SZ,301122,采纳股份,江苏,医疗保健,CNGF,创业板,20220126,陆军,民营企业
688102.SH,688102,斯瑞新材,陕西,铜,SRXC,科创板,20220316,王文斌,自然人
688105.SH,688105,诺唯赞,江苏,生物制药,NWZ,科创板,20211115,曹林,自然人
301256.SZ,301256,华融化学,四川,化工原料,HRHX,创业板,20220322,刘永好,民营企业
301313.SZ,301313,凡拓数创,广东,文教休闲,FTSC,创业板,20220930,伍穗颖,民营企业
688212.SH,688212,澳华内镜,上海,医疗保健,AHNJ,科创板,20211115,顾小舟,自然人
688151.SH,688151,华强科技,湖北,医疗保健,HQKJ,科创板,20211206,国务院国有资产监督管理委员会,企业
301229.SZ,301229,纽泰格,江苏,汽车配件,NTG,创业板,20220222,张义,民营企业
301373.SZ,301373,凌玮科技,广东,化工原料,LWKJ,创业板,20230208,胡颖妮,民营企业
688162.SH,688162,巨一科技,安徽,专用机械,JYKJ,科创板,20211110,刘蕾,自然人
301268.SZ,301268,铭利达,深圳,机械基件,MLD,创业板,20220407,陶诚,民营企业
688210.SH,688210,统联精密,深圳,元器件,TLJM,科创板,20211227,杨虎,自然人
603402.SH,603402,陕西旅游,陕西,旅游景点,SXLY,主板,20260106,陕西省人民政府国有资产监督管理委员会,地方国有企业
301218.SZ,301218,华是科技,浙江,软件服务,HSKJ,创业板,20220307,郑剑波,民营企业
301279.SZ,301279,金道科技,浙江,工程机械,JDKJ,创业板,20220413,金言荣,民营企业
301238.SZ,301238,瑞泰新材,江苏,化工原料,RTXC,创业板,20220617,张家港市国有资产管理中心,地方国有企业
301137.SZ,301137,哈焊华通,江苏,机械基件,HHHT,创业板,20220322,中国机械科学研究总院集团有限公司,中央企业
301227.SZ,301227,森鹰窗业,黑龙江,家居用品,SYCY,创业板,20220926,边书平,民营企业
301125.SZ,301125,腾亚精工,江苏,机械基件,TYJG,创业板,20220608,乐清勇,民营企业
301175.SZ,301175,中科环保,北京,环境保护,ZKHB,创业板,20220708,中国科学院控股有限公司,中央企业
688032.SH,688032,禾迈股份,浙江,电气设备,HMGF,科创板,20211220,邵建雄,自然人
688187.SH,688187,时代电气,湖南,运输设备,SDDQ,科创板,20210907,国务院国有资产监督管理委员会,企业
688262.SH,688262,国芯科技,江苏,半导体,GXKJ,科创板,20220106,郑茳,自然人
688737.SH,688737,中自科技,四川,汽车配件,ZZKJ,科创板,20211022,陈启章,自然人
301106.SZ,301106,骏成科技,江苏,元器件,JCKJ,创业板,20220128,应发祥,民营企业
301293.SZ,301293,三博脑科,北京,医疗保健,SBNK,创业板,20230505,张阳,民营企业
301215.SZ,301215,中汽股份,江苏,汽车服务,ZQGF,创业板,20220308,国务院国有资产监督管理委员会,中央企业
301366.SZ,301366,一博科技,深圳,元器件,YBKJ,创业板,20220926,汤昌茂,民营企业
301235.SZ,301235,华康洁净,湖北,医疗保健,HKJJ,创业板,20220128,谭平涛,民营企业
301349.SZ,301349,信德新材,辽宁,化工原料,XDXC,创业板,20220909,尹洪涛,民营企业
688049.SH,688049,炬芯科技,广东,半导体,JXKJ,科创板,20211129,叶奕廷,自然人
603122.SH,603122,合富中国,上海,医药商业,HFZG,主板,20220216,无实际控制人,其他
688697.SH,688697,纽威数控,江苏,机床制造,NWSK,科创板,20210917,席超,自然人
301276.SZ,301276,嘉曼服饰,北京,服饰,JMFS,创业板,20220909,刘溦,民营企业
301221.SZ,301221,光庭信息,湖北,软件服务,GTXX,创业板,20211222,朱敦尧,民营企业
301367.SZ,301367,瑞迈特,北京,医疗保健,RMT,创业板,20221101,庄志,民营企业
301270.SZ,301270,汉仪股份,北京,软件服务,HYGF,创业板,20220831,谢立群,民营企业
301161.SZ,301161,唯万密封,上海,工程机械,WWMF,创业板,20220914,董静,民营企业
301262.SZ,301262,海看股份,山东,影视音像,HKGF,创业板,20230620,山东广播电视台,地方国有企业
688707.SH,688707,振华新材,贵州,电气设备,ZHXC,科创板,20210914,中国电子信息产业集团有限公司,企业
688272.SH,688272,富吉瑞,北京,元器件,FJR,科创板,20211018,黄富元,自然人
688121.SH,688121,卓然股份,上海,专用机械,ZRGF,科创板,20210906,张锦红,自然人
688235.SH,688235,百济神州,北京,生物制药,BJSZ,科创板,20211215,无实际控制人,其他
003041.SZ,003041,真爱美家,浙江,纺织,ZAMJ,主板,20210406,黎展,民营企业
603230.SH,603230,内蒙新华,内蒙,出版业,NMXH,主板,20211224,内蒙古自治区人民政府,地方国有企业
301107.SZ,301107,瑜欣电子,重庆,机械基件,YXDZ,创业板,20220524,胡欣睿,民营企业
688167.SH,688167,炬光科技,陕西,元器件,JGKJ,科创板,20211224,刘兴胜,自然人
301236.SZ,301236,软通动力,北京,软件服务,RTDL,创业板,20220315,刘天文,民营企业
600927.SH,600927,永安期货,浙江,多元金融,YAQH,主板,20211223,浙江省财政厅,地方国有企业
603176.SH,603176,汇通集团,河北,建筑工程,HTJT,主板,20211231,张忠强,民营企业
603048.SH,603048,浙江黎明,浙江,汽车配件,ZJLM,主板,20211116,俞黎明,民营企业
301319.SZ,301319,唯特偶,深圳,元器件,WTO,创业板,20220929,廖高兵,民营企业
301300.SZ,301300,远翔新材,福建,化工原料,YXXC,创业板,20220819,王承辉,民营企业
301230.SZ,301230,泓博医药,上海,生物制药,HBYY,创业板,20221101,PING CHEN,外资
688192.SH,688192,迪哲医药-U,江苏,生物制药,DZYY,科创板,20211210,无实际控制人,其他
301183.SZ,301183,东田微,湖北,元器件,DTW,创业板,20220524,高登华,民营企业
688225.SH,688225,亚信安全,江苏,软件服务,YXAQ,科创板,20220209,田溯宁,自然人
301318.SZ,301318,维海德,深圳,IT设备,WHD,创业板,20220810,陈涛,民营企业
688197.SH,688197,首药控股-U,北京,化学制药,SYKG,科创板,20220323,李文军,自然人
301223.SZ,301223,中荣股份,广东,广告包装,ZRGF,创业板,20221026,黄焕然,民营企业
688349.SH,688349,三一重能,北京,电气设备,SYZN,科创板,20220622,梁稳根,自然人
301468.SZ,301468,博盈特焊,广东,专用机械,BYTH,创业板,20230724,李海生,民营企业
688230.SH,688230,芯导科技,上海,半导体,XDKJ,科创板,20211201,欧新华,自然人
688190.SH,688190,云路股份,山东,矿物制品,YLGF,科创板,20211126,中国航空发动机集团有限公司,企业
688382.SH,688382,益方生物-U,上海,生物制药,YFSW,科创板,20220725,YAOLIN WANG(王耀林),自然人
301363.SZ,301363,美好医疗,深圳,医疗保健,MHYL,创业板,20221012,熊小川,民营企业
301097.SZ,301097,天益医疗,浙江,医疗保健,TYYL,创业板,20220407,吴志敏,民营企业
688281.SH,688281,华秦科技,陕西,航空,HQKJ,科创板,20220307,折生阳,自然人
301283.SZ,301283,聚胶股份,广东,日用化工,JJGF,创业板,20220902,陈曙光,民营企业
601059.SH,601059,信达证券,北京,证券,XDZQ,主板,20230201,中央汇金投资有限责任公司,中央企业
601728.SH,601728,中国电信,北京,电信运营,ZGDX,主板,20210820,国务院国有资产监督管理委员会,中央企业
603215.SH,603215,比依股份,浙江,家用电器,BYGF,主板,20220218,闻继望,外资
688045.SH,688045,必易微,深圳,半导体,BYW,科创板,20220526,谢朋村,自然人
688107.SH,688107,安路科技,上海,半导体,ALKJ,科创板,20211112,无实际控制人,其他
603209.SH,603209,兴通股份,福建,水运,XTGF,主板,20220324,陈兴明,民营企业
301312.SZ,301312,智立方,深圳,专用机械,ZLF,创业板,20220711,邱鹏,民营企业
301408.SZ,301408,华人健康,安徽,医药商业,HRJK,创业板,20230301,何家乐,民营企业
301288.SZ,301288,*ST清研,深圳,环境保护,*STQY,创业板,20220422,刘淑杰,民营企业
688332.SH,688332,中科蓝讯,深圳,半导体,ZKLX,科创板,20220715,黄志强,自然人
301156.SZ,301156,美农生物,上海,饲料,MNSW,创业板,20220617,洪伟,民营企业
688249.SH,688249,晶合集成,安徽,半导体,JHJC,科创板,20230505,合肥市人民政府国有资产监督管理委员会,企业
301326.SZ,301326,捷邦科技,广东,元器件,JBKJ,创业板,20220921,杨巍,民营企业
301314.SZ,301314,科瑞思,广东,元器件,KRS,创业板,20230328,于志江,民营企业
688175.SH,688175,高凌信息,广东,通信设备,GLXX,科创板,20220315,胡云林,自然人
688237.SH,688237,超卓航科,湖北,航空,CZHK,科创板,20220701,李羿含,自然人
603219.SH,603219,富佳股份,浙江,家用电器,FJGF,主板,20211122,王跃旦,民营企业
603132.SH,603132,金徽股份,甘肃,铅锌,JHGF,主板,20220222,李明,外资
688247.SH,688247,宣泰医药,上海,化学制药,XTYY,科创板,20220825,上海市国有资产监督管理委员会,企业
688302.SH,688302,海创药业-U,四川,生物制药,HCYY,科创板,20220412,陈元伦,自然人
301200.SZ,301200,大族数控,深圳,专用机械,DZSK,创业板,20220228,高云峰,外资
301260.SZ,301260,格力博,江苏,专用机械,GLB,创业板,20230208,陈寅,民营企业
301379.SZ,301379,天山电子,广西,元器件,TSDZ,创业板,20221101,王嗣纬,民营企业
688173.SH,688173,希荻微,广东,半导体,XDW,科创板,20220121,唐娅,自然人
301357.SZ,301357,北方长龙,陕西,专用机械,BFCL,创业板,20230418,陈跃,民营企业
688176.SH,688176,亚虹医药-U,江苏,化学制药,YHYY,科创板,20220107,PAN KE,自然人
301157.SZ,301157,华塑科技,浙江,电气设备,HSKJ,创业板,20230309,杨冬强,民营企业
301132.SZ,301132,满坤科技,江西,元器件,MKKJ,创业板,20220810,洪俊城,民营企业
688053.SH,688053,ST思科瑞,四川,元器件,STSKR,科创板,20220708,张亚,自然人
688052.SH,688052,纳芯微,江苏,半导体,NXW,科创板,20220422,盛云,自然人
603070.SH,603070,万控智造,浙江,电气设备,WKZZ,主板,20220310,木晓东,民营企业
603182.SH,603182,嘉华股份,山东,食品,JHGF,主板,20220909,张冠玲,民营企业
001268.SZ,001268,联合精密,广东,机械基件,LHJM,主板,20220630,何俊桦,民营企业
301399.SZ,301399,英特科技,浙江,机械基件,YTKJ,创业板,20230523,方真健,民营企业
301322.SZ,301322,绿通科技,广东,摩托车,LTKJ,创业板,20230306,张志江,民营企业
301413.SZ,301413,安培龙,深圳,电器仪表,APL,创业板,20231218,邬若军,民营企业
301209.SZ,301209,联合化学,山东,染料涂料,LHHX,创业板,20220825,李秀梅,民营企业
688234.SH,688234,天岳先进,山东,半导体,TYXJ,科创板,20220112,宗艳民,自然人
001258.SZ,001258,立新能源,新疆,新型电力,LXNY,主板,20220727,新疆维吾尔自治区人民政府国有资产监督管理委员会,地方国有企业
603237.SH,603237,五芳斋,浙江,食品,WFZ,主板,20220831,厉建平,外资
301317.SZ,301317,鑫磊股份,浙江,机械基件,XLGF,创业板,20230119,钟仁志,民营企业
688283.SH,688283,坤恒顺维,四川,电器仪表,KHSW,科创板,20220215,张吉林,自然人
301308.SZ,301308,江波龙,深圳,半导体,JBL,创业板,20220805,蔡华波,民营企业
300804.SZ,300804,广康生化,广东,农药化肥,GKSH,创业板,20230627,蔡丹群,民营企业
301486.SZ,301486,致尚科技,深圳,元器件,ZSKJ,创业板,20230707,陈潮先,民营企业
688238.SH,688238,和元生物,上海,医疗保健,HYSW,科创板,20220322,潘讴东,自然人
688248.SH,688248,南网科技,广东,电气设备,NWKJ,科创板,20211222,国务院国有资产监督管理委员会,企业
688209.SH,688209,英集芯,深圳,半导体,YJX,科创板,20220419,黄洪伟,自然人
301359.SZ,301359,东南电子,浙江,元器件,DNDZ,创业板,20221109,仇文奎,民营企业
301355.SZ,301355,南王科技,福建,广告包装,NWKJ,创业板,20230612,陈凯声,民营企业
301320.SZ,301320,豪江智能,山东,电气设备,HJZN,创业板,20230609,宫志强,民营企业
688337.SH,688337,普源精电,江苏,电器仪表,PYJD,科创板,20220408,王悦,自然人
301289.SZ,301289,国缆检测,上海,电器仪表,GLJC,创业板,20220622,上海市国有资产监督管理委员会,地方国有企业
301365.SZ,301365,矩阵股份,深圳,建筑工程,JZGF,创业板,20221122,王冠,民营企业
301328.SZ,301328,维峰电子,广东,元器件,WFDZ,创业板,20220908,李文化,民营企业
688150.SH,688150,莱特光电,陕西,元器件,LTGD,科创板,20220318,王亚龙,自然人
688253.SH,688253,英诺特,北京,医疗保健,YNT,科创板,20220728,叶逢光,自然人
688267.SH,688267,中触媒,辽宁,化工原料,ZCM,科创板,20220216,李进,自然人
301195.SZ,301195,北路智控,江苏,软件服务,BLZK,创业板,20220801,于胜利,民营企业
301429.SZ,301429,森泰股份,安徽,其他建材,STGF,创业板,20230417,唐圣卫,民营企业
688193.SH,688193,仁度生物,上海,医疗保健,RDSW,科创板,20220330,居金良,自然人
301311.SZ,301311,昆船智能,云南,机械基件,KCZN,创业板,20221130,国务院国有资产监督管理委员会,中央企业
688261.SH,688261,东微半导,江苏,半导体,DWBD,科创板,20220210,王鹏飞,自然人
301567.SZ,301567,贝隆精密,浙江,元器件,BLJM,创业板,20240116,杨炯,民营企业
301387.SZ,301387,光大同创,深圳,元器件,GDTC,创业板,20230418,马增龙,民营企业
301205.SZ,301205,联特科技,湖北,通信设备,LTKJ,创业板,20220913,张健,民营企业
688153.SH,688153,唯捷创芯,天津,半导体,WJCX,科创板,20220412,无实际控制人,其他
688401.SH,688401,路维光电,深圳,半导体,LWGD,科创板,20220817,杜武兵,自然人
688331.SH,688331,荣昌生物,山东,生物制药,RCSW,科创板,20220331,房健民,自然人
688292.SH,688292,浩瀚深度,北京,通信设备,HHSD,科创板,20220818,张跃,自然人
301309.SZ,301309,万得凯,浙江,机械基件,WDK,创业板,20220919,钟兴富,民营企业
301269.SZ,301269,华大九天,北京,半导体,HDJT,创业板,20220729,国务院国有资产监督管理委员会,中央企业
301551.SZ,301551,无线传媒,河北,影视音像,WXCM,创业板,20240926,河北广播电视台,地方国有企业
001311.SZ,001311,多利科技,安徽,汽车配件,DLKJ,主板,20230227,曹达龙,民营企业
001298.SZ,001298,好上好,深圳,元器件,HSH,主板,20221031,王玉成,外资
603418.SH,603418,友升股份,上海,汽车配件,YSGF,主板,20250923,罗世兵,民营企业
603325.SH,603325,博隆技术,上海,化工机械,BLJS,主板,20240110,张玲珑,民营企业
001230.SZ,001230,劲旅环境,安徽,环境保护,JLHJ,主板,20220715,于晓霞,民营企业
001309.SZ,001309,德明利,深圳,半导体,DML,主板,20220701,李虎,民营企业
001318.SZ,001318,阳光乳业,江西,乳制品,YGRY,主板,20220520,胡霄云,民营企业
688207.SH,688207,格灵深瞳,北京,软件服务,GLST,科创板,20220317,赵勇,自然人
688279.SH,688279,峰岹科技,深圳,半导体,FTKJ,科创板,20220420,BI LEI,自然人
301332.SZ,301332,德尔玛,广东,家用电器,DEM,创业板,20230518,蔡铁强,民营企业
603051.SH,603051,鹿山新材,广东,塑料,LSXC,主板,20220325,汪加胜,民营企业
001323.SZ,001323,慕思股份,广东,家居用品,MSGF,主板,20220623,王炳坤,民营企业
001259.SZ,001259,利仁科技,北京,家用电器,LRKJ,主板,20220831,宋老亮,民营企业
001228.SZ,001228,永泰运,浙江,仓储物流,YTY,主板,20220429,陈永夫,民营企业
001283.SZ,001283,豪鹏科技,深圳,电气设备,HPKJ,主板,20220905,潘党育,民营企业
001308.SZ,001308,康冠科技,深圳,元器件,KGKJ,主板,20220318,凌斌,民营企业
001266.SZ,001266,宏英智能,上海,电器仪表,HYZN,主板,20220228,张化宏,民营企业
688400.SH,688400,凌云光,北京,专用机械,LYG,科创板,20220706,姚毅,自然人
688362.SH,688362,甬矽电子,浙江,半导体,YXDZ,科创板,20221116,王顺波,自然人
688320.SH,688320,禾川科技,浙江,电器仪表,HCKJ,科创板,20220428,王项彬,自然人
688295.SH,688295,中复神鹰,江苏,化纤,ZFSY,科创板,20220406,中国建材集团有限公司,企业
688048.SH,688048,长光华芯,江苏,半导体,CGHX,科创板,20220401,无实际控制人,其他
301519.SZ,301519,舜禹股份,安徽,专用机械,SYGF,创业板,20230727,邓帮武,民营企业
301327.SZ,301327,华宝新能,深圳,电气设备,HBXN,创业板,20220919,孙中伟,民营企业
301281.SZ,301281,科源制药,山东,化学制药,KYZY,创业板,20230404,高元坤,民营企业
301361.SZ,301361,众智科技,河南,电气设备,ZZKJ,创业板,20221116,杨新征,民营企业
688380.SH,688380,中微半导,深圳,半导体,ZWBD,科创板,20220805,杨勇,自然人
688325.SH,688325,赛微微电,广东,半导体,SWWD,科创板,20220422,葛伟国,自然人
688206.SH,688206,概伦电子,上海,半导体,GLDZ,科创板,20211228,无实际控制人,其他
688729.SH,688729,屹唐股份,北京,半导体,YTGF,科创板,20250708,北京经济技术开发区财政国资局,企业
688522.SH,688522,纳睿雷达,广东,通信设备,NRLD,科创板,20230301,包晓军,自然人
688170.SH,688170,德龙激光,江苏,专用机械,DLJG,科创板,20220429,赵裕兴,自然人
301115.SZ,301115,联检科技,江苏,建筑工程,LJKJ,创业板,20220831,杨江金,民营企业
301105.SZ,301105,鸿铭股份,广东,专用机械,HMGF,创业板,20221230,金健,民营企业
001338.SZ,001338,永顺泰,广东,啤酒,YST,主板,20221116,广东省人民政府国有资产监督管理委员会,地方国有企业
001222.SZ,001222,源飞宠物,浙江,文教休闲,YFCW,主板,20220818,庄明允,民营企业
001336.SZ,001336,楚环科技,浙江,专用机械,CHKJ,主板,20220725,陈步东,民营企业
001226.SZ,001226,拓山重工,安徽,工程机械,TSZG,主板,20220622,徐杨顺,民营企业
001231.SZ,001231,农心科技,陕西,农药化肥,NXKJ,主板,20220819,郑敬敏,民营企业
603272.SH,603272,联翔股份,浙江,家居用品,LXGF,主板,20220520,卜晓华,民营企业
603097.SH,603097,江苏华辰,江苏,电气设备,JSHC,主板,20220512,张孝金,民营企业
603173.SH,603173,福斯达,浙江,机械基件,FSD,主板,20230130,葛浩俊,民营企业
603061.SH,603061,金海通,天津,半导体,JHT,主板,20230303,崔学峰,民营企业
688213.SH,688213,思特威-W,上海,半导体,STW,科创板,20220520,徐辰,自然人
688223.SH,688223,晶科能源,江西,电气设备,JKNY,科创板,20220126,李仙华,自然人
688273.SH,688273,麦澜德,江苏,医疗保健,MLD,科创板,20220811,杨瑞嘉,自然人
688472.SH,688472,阿特斯,江苏,电气设备,ATS,科创板,20230609,Xiaohua Qu(瞿晓铧),自然人
688047.SH,688047,龙芯中科,北京,半导体,LXZK,科创板,20220624,晋红,自然人
688231.SH,688231,隆达股份,江苏,航空,LDGF,科创板,20220722,浦益龙,自然人
688479.SH,688479,友车科技,上海,软件服务,YCKJ,科创板,20230511,王文京,自然人
688485.SH,688485,九州一轨,北京,运输设备,JZYG,科创板,20230118,无实际控制人,其他
688420.SH,688420,美腾科技,天津,专用机械,MTKJ,科创板,20221209,李太友,自然人
301337.SZ,301337,亚华电子,山东,软件服务,YHDZ,创业板,20230526,耿玉泉,民营企业
301303.SZ,301303,真兰仪表,上海,电器仪表,ZLYB,创业板,20230220,无实际控制人,其他
301566.SZ,301566,达利凯普,辽宁,元器件,DLKP,创业板,20231229,赵丰,民营企业
301315.SZ,301315,威士顿,上海,软件服务,WSD,创业板,20230621,茆宇忠,民营企业
301323.SZ,301323,新莱福,广东,橡胶,XLF,创业板,20230606,汪小明,民营企业
301396.SZ,301396,宏景科技,广东,软件服务,HJKJ,创业板,20221111,欧阳华,民营企业
301277.SZ,301277,新天地,河南,化学制药,XTD,创业板,20221116,谢建中,民营企业
688322.SH,688322,奥比中光-UW,深圳,元器件,ABZG,科创板,20220707,黄源浩,自然人
688270.SH,688270,臻镭科技,浙江,半导体,ZLKJ,科创板,20220127,郁发新,自然人
688251.SH,688251,井松智能,安徽,专用机械,JSZN,科创板,20220606,姚志坚,自然人
688348.SH,688348,昱能科技,浙江,电气设备,YNKJ,科创板,20220608,LINGZHIMIN(凌志敏),自然人
688370.SH,688370,丛麟科技,上海,环境保护,CLKJ,科创板,20220825,宋乐平,自然人
688252.SH,688252,天德钰,深圳,半导体,TDY,科创板,20220927,无实际控制人,其他
688503.SH,688503,聚和材料,江苏,电气设备,JHCL,科创板,20221209,刘海东,自然人
688125.SH,688125,安达智能,广东,专用机械,ADZN,科创板,20220415,刘飞,自然人
688326.SH,688326,经纬恒润-W,北京,汽车配件,JWHR,科创板,20220419,吉英存,自然人
301376.SZ,301376,致欧科技,河南,家居用品,ZOKJ,创业板,20230621,宋川,民营企业
301377.SZ,301377,鼎泰高科,广东,机械基件,DTGK,创业板,20221122,王馨,民营企业
301297.SZ,301297,富乐德,安徽,半导体,FLD,创业板,20221230,无实际控制人,其他
688244.SH,688244,永信至诚,北京,软件服务,YXZC,科创板,20221019,蔡晶晶,自然人
688351.SH,688351,微电生理,上海,医疗保健,WDSL,科创板,20220831,无实际控制人,其他
688115.SH,688115,思林杰,广东,电器仪表,SLJ,科创板,20220314,周茂林,自然人
688046.SH,688046,药康生物,江苏,生物制药,YKSW,科创板,20220425,高翔,自然人
688455.SH,688455,科捷智能,山东,机械基件,KJZN,科创板,20220915,龙进军,自然人
688290.SH,688290,景业智能,浙江,专用机械,JYZN,科创板,20220429,来建良,自然人
688353.SH,688353,华盛锂电,江苏,化工原料,HSLD,科创板,20220713,沈锦良,自然人
301360.SZ,301360,荣旗科技,江苏,专用机械,RQKJ,创业板,20230425,钱曙光,民营企业
300904.SZ,300904,威力传动,宁夏,电气设备,WLCD,创业板,20230809,李阿波,民营企业
301456.SZ,301456,盘古智能,山东,电气设备,PGZN,创业板,20230714,邵安仓,民营企业
301278.SZ,301278,快可电子,江苏,电气设备,KKDZ,创业板,20220804,段正刚,民营企业
301489.SZ,301489,思泉新材,广东,元器件,SQXC,创业板,20231024,任泽明,民营企业
301246.SZ,301246,宏源药业,湖北,化学制药,HYYY,创业板,20230320,阎晓辉,民营企业
301448.SZ,301448,开创电气,浙江,机械基件,KCDQ,创业板,20230619,吴宁,民营企业
301151.SZ,301151,冠龙节能,上海,机械基件,GLJN,创业板,20220411,李政宏,外资
301488.SZ,301488,豪恩汽电,深圳,汽车配件,HEQD,创业板,20230704,陈金法,民营企业
603191.SH,603191,望变电气,重庆,电气设备,WBDQ,主板,20220428,杨泽民,民营企业
603235.SH,603235,天新药业,江西,化学制药,TXYY,主板,20220712,许江南,民营企业
603211.SH,603211,晋拓股份,上海,汽车配件,JTGF,主板,20220725,张东,民营企业
603201.SH,603201,常润股份,江苏,汽车配件,CRGF,主板,20220729,JUN JI,外资
603206.SH,603206,嘉环科技,江苏,通信设备,JHKJ,主板,20220506,宗琰,民营企业
601089.SH,601089,福元医药,北京,化学制药,FYYY,主板,20220630,胡柏藩,民营企业
603057.SH,603057,紫燕食品,上海,食品,ZYSP,主板,20220926,钟怀军,民营企业
603170.SH,603170,宝立食品,上海,食品,BLSP,主板,20220715,马驹,民营企业
001322.SZ,001322,箭牌家居,广东,家居用品,JPJJ,主板,20221026,谢岳荣,民营企业
001301.SZ,001301,尚太科技,河北,电气设备,STKJ,主板,20221228,欧阳永跃,民营企业
001339.SZ,001339,智微智能,深圳,IT设备,ZWZN,主板,20220815,袁微微,民营企业
001314.SZ,001314,亿道信息,深圳,元器件,YDXX,主板,20230214,石庆,民营企业
001316.SZ,001316,润贝航科,深圳,批发业,RBHK,主板,20220624,刘俊锋,外资
001270.SZ,001270,*ST铖昌,浙江,半导体,*STCC,主板,20220606,刘建伟,民营企业
001238.SZ,001238,浙江正特,浙江,家居用品,ZJZT,主板,20220919,陈永辉,民营企业
001260.SZ,001260,坤泰股份,山东,汽车配件,KTGF,主板,20230216,张明,民营企业
603190.SH,603190,亚通精工,山东,汽车配件,YTJG,主板,20230217,焦召明,民营企业
603291.SH,603291,联合水务,江苏,水务,LHSW,主板,20230327,俞伟景,外资
603151.SH,603151,邦基科技,山东,饲料,BJKJ,主板,20221019,王由成,民营企业
603163.SH,603163,圣晖集成,江苏,建筑工程,SHJC,主板,20221013,无实际控制人,其他
001300.SZ,001300,三柏硕,山东,文教休闲,SBS,主板,20221019,朱希龙,民营企业
001319.SZ,001319,铭科精技,广东,汽车配件,MKJJ,主板,20220512,夏录荣,外资
001331.SZ,001331,胜通能源,山东,供气供热,STNY,主板,20220908,魏吉胜,民营企业
001255.SZ,001255,博菲电气,浙江,电气设备,BFDQ,主板,20220930,陆云峰,民营企业
001366.SZ,001366,播恩集团,江西,饲料,BEJT,主板,20230307,邹新华,民营企业
001229.SZ,001229,魅视科技,广东,IT设备,MSKJ,主板,20220808,方华,民营企业
301197.SZ,301197,工大科雅,河北,软件服务,GDKY,创业板,20220808,齐承英,民营企业
301389.SZ,301389,隆扬电子,江苏,元器件,LYDZ,创业板,20221031,傅青炫,外资
301273.SZ,301273,瑞晨环保,上海,机械基件,RCHB,创业板,20221025,陈万东,民营企业
301306.SZ,301306,西测测试,陕西,航空,XCCS,创业板,20220726,李泽新,民营企业
301368.SZ,301368,丰立智能,浙江,机械基件,FLZN,创业板,20221215,王友利,民营企业
301307.SZ,301307,美利信,重庆,通信设备,MLX,创业板,20230424,余克飞,民营企业
301356.SZ,301356,天振股份,浙江,家居用品,TZGF,创业板,20221114,方庆华,民营企业
301388.SZ,301388,欣灵电气,浙江,电气设备,XLDQ,创业板,20221109,胡志兴,民营企业
301397.SZ,301397,溯联股份,重庆,汽车配件,SLGF,创业板,20230628,韩宗俊,民营企业
301316.SZ,301316,慧博云通,浙江,软件服务,HBYT,创业板,20221013,余浩,民营企业
301255.SZ,301255,通力科技,浙江,机械基件,TLKJ,创业板,20221227,项献忠,民营企业
301280.SZ,301280,珠城科技,浙江,元器件,ZCKJ,创业板,20221226,张建春,民营企业
301526.SZ,301526,国际复材,重庆,玻璃,GJFC,创业板,20231226,云南省人民政府国有资产监督管理委员会,地方国有企业
301329.SZ,301329,信音电子,江苏,元器件,XYDZ,创业板,20230717,无实际控制人,其他
301386.SZ,301386,未来电器,江苏,电气设备,WLDQ,创业板,20230329,莫文艺,民营企业
301516.SZ,301516,中远通,深圳,电气设备,ZYT,创业板,20231208,吉学龙,民营企业
301369.SZ,301369,联动科技,广东,半导体,LDKJ,创业板,20220922,张赤梅,民营企业
301272.SZ,301272,英华特,江苏,专用机械,YHT,创业板,20230713,陈毅敏,民营企业
301095.SZ,301095,广立微,浙江,半导体,GLW,创业板,20220805,郑勇军,民营企业
301170.SZ,301170,锡南科技,江苏,汽车配件,XNKJ,创业板,20230627,李忠良,民营企业
301378.SZ,301378,通达海,江苏,软件服务,TDH,创业板,20230320,郑建国,民营企业
301325.SZ,301325,曼恩斯特,深圳,专用机械,MEST,创业板,20230512,唐雪姣,民营企业
301290.SZ,301290,东星医疗,江苏,医疗保健,DXYL,创业板,20221130,万世平,民营企业
301305.SZ,301305,朗坤科技,深圳,环境保护,LKKJ,创业板,20230523,陈建湘,民营企业
301285.SZ,301285,鸿日达,江苏,元器件,HRD,创业板,20220928,王玉田,民营企业
301558.SZ,301558,三态股份,深圳,互联网,STGF,创业板,20230928,ZHONGBIN SUN,外资
301292.SZ,301292,海科新源,山东,化工原料,HKXY,创业板,20230707,杨晓宏,民营企业
301555.SZ,301555,惠柏新材,上海,化工原料,HBXC,创业板,20231031,杨裕镜,外资
688072.SH,688072,拓荆科技,辽宁,半导体,TJKJ,科创板,20220420,无实际控制人,其他
603153.SH,603153,上海建科,上海,建筑工程,SHJK,主板,20230313,上海市国有资产监督管理委员会,地方国有企业
603255.SH,603255,鼎际得,辽宁,化工原料,DJD,主板,20220818,张再明,民营企业
001216.SZ,001216,华瓷股份,湖南,家居用品,HCGF,主板,20211019,许君奇,民营企业
301391.SZ,301391,卡莱特,深圳,IT设备,KLT,创业板,20221201,周锦志,民营企业
001400.SZ,001400,江顺科技,江苏,专用机械,JSKJ,主板,20250424,张理罡,民营企业
001333.SZ,001333,光华股份,浙江,化工原料,GHGF,主板,20221208,孙杰风,民营企业
600941.SH,600941,中国移动,北京,电信运营,ZGYD,主板,20220105,中国移动通信集团有限公司,中央企业
301301.SZ,301301,川宁生物,新疆,化学制药,CNSW,创业板,20221227,刘革新,民营企业
301176.SZ,301176,逸豪新材,江西,元器件,YHXC,创业板,20220928,张剑萌,民营企业
301225.SZ,301225,恒勃股份,浙江,汽车配件,HBGF,创业板,20230616,周书忠,民营企业
301371.SZ,301371,敷尔佳,黑龙江,日用化工,FEJ,创业板,20230801,张立国,民营企业
920964.BJ,920964,润农节水,河北,建筑工程,RNJS,北交所,20200727,湖北省人民政府国有资产监督管理委员会,地方国有企业
920418.BJ,920418,苏轴股份,江苏,汽车配件,SZGF,北交所,20200727,苏州市人民政府国有资产监督管理委员会,地方国有企业
920198.BJ,920198,微创光电,湖北,IT设备,WCGD,北交所,20200727,湖北省人民政府国有资产监督管理委员会,地方国有企业
920149.BJ,920149,旭杰科技,江苏,建筑工程,XJKJ,北交所,20200727,丁杰,民营企业
920184.BJ,920184,国源科技,北京,软件服务,GYKJ,北交所,20200727,董利成,民营企业
920185.BJ,920185,贝特瑞,深圳,化工原料,BTR,北交所,20200727,无实际控制人,其他
920163.BJ,920163,方大新材,河北,塑料,FDXC,北交所,20200727,杨志,民营企业
920729.BJ,920729,永顺生物,广东,农业综合,YSSW,北交所,20200727,无实际控制人,其他
920640.BJ,920640,富士达,陕西,通信设备,FSD,北交所,20200727,中国航空工业集团有限公司,中央企业
920242.BJ,920242,建邦科技,山东,汽车配件,JBKJ,北交所,20200727,钟永铎,民营企业
920167.BJ,920167,同享科技,江苏,小金属,TXKJ,北交所,20200727,陆利斌,民营企业
920266.BJ,920266,生物谷,云南,中成药,SWG,北交所,20200727,罗诚,民营企业
920961.BJ,920961,创远信科,上海,电器仪表,CYXK,北交所,20200727,冯跃军,民营企业
920278.BJ,920278,鹿得医疗,江苏,医疗保健,LDYL,北交所,20200727,项友亮,民营企业
920021.BJ,920021,流金科技,北京,影视音像,LJKJ,北交所,20200727,王俭,民营企业
920415.BJ,920415,恒拓开源,河南,软件服务,HTKY,北交所,20200727,姜海林,民营企业
920475.BJ,920475,三友科技,浙江,专用机械,SYKJ,北交所,20200727,吴用,民营企业
920799.BJ,920799,艾融软件,上海,软件服务,ARRJ,北交所,20200727,吴臻,民营企业
920489.BJ,920489,佳先股份,安徽,化工原料,JXGF,北交所,20200727,安徽省蚌埠市人民政府国有资产监督管理委员会,地方国有企业
920946.BJ,920946,森萱医药,江苏,化学制药,SXYY,北交所,20200727,南通市人民政府国有资产监督管理委员会,地方国有企业
920370.BJ,920370,新安洁,重庆,环境保护,XAJ,北交所,20200727,魏延田,民营企业
920819.BJ,920819,颖泰生物,北京,农药化肥,YTSW,北交所,20200727,张松山,民营企业
920077.BJ,920077,吉林碳谷,吉林,化纤,JLTG,北交所,20210831,吉林省吉林市人民政府国有资产监督管理委员会,地方国有企业
920682.BJ,920682,球冠电缆,浙江,电气设备,QGDL,北交所,20200727,陈永明,民营企业
920305.BJ,920305,*ST云创,江苏,软件服务,*STYC,北交所,20210826,张真,民营企业
920174.BJ,920174,五新隧装,湖南,工程机械,WXSZ,北交所,20210820,王薪程,民营企业
920010.BJ,920010,凯添燃气,宁夏,供气供热,KTRQ,北交所,20200727,龚晓科,民营企业
920445.BJ,920445,龙竹科技,福建,家居用品,LZKJ,北交所,20200727,连健昌,民营企业
920039.BJ,920039,国义招标,广东,建筑工程,GYZB,北交所,20210818,广东省广新控股集团有限公司,地方国有企业
920368.BJ,920368,连城数控,辽宁,专用机械,LCSK,北交所,20200727,李春安,民营企业
920642.BJ,920642,通易航天,江苏,航空,TYHT,北交所,20210816,张欣戎,民营企业
920508.BJ,920508,殷图网联,北京,电气设备,YTWL,北交所,20200727,郑三立,民营企业
920263.BJ,920263,中航泰达,北京,环境保护,ZHTD,北交所,20200727,刘斌,民营企业
920566.BJ,920566,梓橦宫,四川,化学制药,ZTG,北交所,20210813,唐铣,民营企业
920433.BJ,920433,大唐药业,内蒙,中成药,DTYY,北交所,20200727,郝艳涛,民营企业
920090.BJ,920090,同辉信息,北京,IT设备,THXX,北交所,20210809,戴福昊,民营企业
920839.BJ,920839,万通液压,山东,工程机械,WTYY,北交所,20201109,王万法,民营企业
920553.BJ,920553,凯腾精工,北京,专用机械,KTJG,北交所,20210806,李文田,民营企业
920146.BJ,920146,华阳变速,湖北,汽车配件,HYBS,北交所,20210720,陈守全,民营企业
920885.BJ,920885,星辰科技,广西,电器仪表,XCKJ,北交所,20210708,吕虹,民营企业
920765.BJ,920765,美之高,深圳,家居用品,MZG,北交所,20210705,黄华侨,民营企业
920768.BJ,920768,拾比佰,广东,家用电器,SBB,北交所,20210628,杜文雄,民营企业
920212.BJ,920212,智新电子,山东,元器件,ZXDZ,北交所,20210608,赵庆福,民营企业
920726.BJ,920726,朱老六,吉林,食品,ZLL,北交所,20210527,朱先明,民营企业
920523.BJ,920523,德瑞锂电,广东,电气设备,DRLD,北交所,20210603,潘文硕,民营企业
920225.BJ,920225,利通科技,河南,橡胶,LTKJ,北交所,20210225,赵洪亮,民营企业
920832.BJ,920832,齐鲁华信,山东,化工原料,QLHX,北交所,20210223,明曰信,民营企业
920599.BJ,920599,同力股份,陕西,工程机械,TLGF,北交所,20210222,无实际控制人,其他
920735.BJ,920735,德源药业,江苏,化学制药,DYYY,北交所,20210219,李永安,民营企业
920239.BJ,920239,长虹能源,四川,电气设备,CHNY,北交所,20210209,绵阳市国有资产监督管理委员会,地方国有企业
920427.BJ,920427,华维设计,江西,建筑工程,HWSJ,北交所,20210205,廖宜勤,民营企业
920275.BJ,920275,驱动力,广东,农业综合,QDL,北交所,20210125,刘金萍,民营企业
920826.BJ,920826,盖世食品,辽宁,食品,GSSP,北交所,20210112,盖泉泓,民营企业
920509.BJ,920509,同惠电子,江苏,电器仪表,THDZ,北交所,20210111,赵浩华,民营企业
920344.BJ,920344,三元基因,北京,生物制药,SYJY,北交所,20210108,程永庆,民营企业
920510.BJ,920510,丰光精密,山东,机械基件,FGJM,北交所,20201228,李军,民营企业
920675.BJ,920675,秉扬科技,四川,矿物制品,BYKJ,北交所,20201228,樊荣,民营企业
920856.BJ,920856,浩淼科技,安徽,专用机械,HMKJ,北交所,20201225,倪军,民营企业
920000.BJ,920000,安徽凤凰,安徽,汽车配件,AHFH,北交所,20201223,巫界树,外资
920670.BJ,920670,数字人,山东,软件服务,SZR,北交所,20201208,徐以发,民营企业
920030.BJ,920030,德众汽车,湖南,汽车服务,DZQC,北交所,20201127,段坤良,民营企业
920047.BJ,920047,诺思兰德,北京,生物制药,NSLD,北交所,20201124,许松山,民营企业
920396.BJ,920396,常辅股份,江苏,电器仪表,CFGF,北交所,20201118,杜发平,民营企业
688428.SH,688428,诺诚健华,北京,生物制药,NCJH,科创板,20220921,无实际控制人,其他
001376.SZ,001376,百通能源,江西,供气供热,BTNY,主板,20231103,张春龙,民营企业
603052.SH,603052,可川科技,江苏,元器件,KCKJ,主板,20221011,朱春华,民营企业
301353.SZ,301353,普莱得,浙江,专用机械,PLD,创业板,20230530,杨伟明,民营企业
601022.SH,601022,宁波远洋,浙江,水运,NBYY,主板,20221208,浙江省人民政府国有资产监督管理委员会,地方国有企业
603065.SH,603065,宿迁联盛,江苏,化工原料,SQLS,主板,20230321,项瞻波,民营企业
301141.SZ,301141,中科磁业,浙江,矿物制品,ZKCY,创业板,20230403,吴中平,民营企业
688297.SH,688297,中无人机,四川,航空,ZWRJ,科创板,20220629,中国航空工业集团有限公司,企业
688375.SH,688375,国博电子,江苏,元器件,GBDZ,科创板,20220722,中国电子科技集团有限公司,企业
688203.SH,688203,海正生材,浙江,塑料,HZSC,科创板,20220816,台州市椒江区国有资本运营集团有限公司,企业
601868.SH,601868,中国能建,北京,建筑工程,ZGNJ,主板,20210928,国务院国有资产监督管理委员会,中央企业
688615.SH,688615,合合信息,上海,软件服务,HHXX,科创板,20240926,镇立新,自然人
601136.SH,601136,首创证券,北京,证券,SCZQ,主板,20221222,北京市人民政府国有资产监督管理委员会,地方国有企业
603130.SH,603130,云中马,浙江,纺织,YZM,主板,20221118,叶福忠,民营企业
603072.SH,603072,天和磁材,内蒙,矿物制品,THCC,主板,20250103,袁文杰,民营企业
001223.SZ,001223,欧克科技,江西,专用机械,OKKJ,主板,20221212,胡甫晟,民营企业
001256.SZ,001256,炜冈科技,浙江,轻工机械,WGKJ,主板,20221205,周炳松,民营企业
301210.SZ,301210,金杨精密,江苏,电气设备,JYJM,创业板,20230630,杨建林,民营企业
301358.SZ,301358,湖南裕能,湖南,电气设备,HNYN,创业板,20230209,无实际控制人,其他
920089.BJ,920089,禾昌聚合,江苏,塑料,HCJH,北交所,20211109,赵东明,民营企业
920092.BJ,920092,汉鑫科技,山东,软件服务,HXKJ,北交所,20211115,刘文义,民营企业
920924.BJ,920924,广脉科技,浙江,通信设备,GMKJ,北交所,20211103,赵国民,民营企业
920405.BJ,920405,海希通讯,上海,电器仪表,HXTX,北交所,20211105,周彤,民营企业
920145.BJ,920145,恒合股份,北京,环境保护,HHGF,北交所,20211115,王琳,民营企业
920892.BJ,920892,广咨国际,广东,建筑工程,GZGJ,北交所,20211028,广东省人民政府国有资产监督管理委员会,地方国有企业
920925.BJ,920925,锦好医疗,广东,医疗保健,JHYL,北交所,20211025,王敏,民营企业
688371.SH,688371,菲沃泰,江苏,元器件,FWT,科创板,20220802,宗坚,自然人
688426.SH,688426,康为世纪,江苏,生物制药,KWSJ,科创板,20221025,王春香,自然人
301520.SZ,301520,万邦医药,安徽,生物制药,WBYY,创业板,20230925,陶春蕾,民营企业
301202.SZ,301202,朗威股份,江苏,机械基件,LWGF,创业板,20230705,高利擎,民营企业
603281.SH,603281,江瀚新材,湖北,化工原料,JHXC,主板,20230131,甘书官,民营企业
600925.SH,600925,苏能股份,江苏,煤炭开采,SNGF,主板,20230329,江苏省人民政府,地方国有企业
001388.SZ,001388,信通电子,山东,电气设备,XTDZ,主板,20250701,李全用,民营企业
001337.SZ,001337,四川黄金,四川,黄金,SCHJ,主板,20230303,四川省地质矿产勘查开发局,地方国有企业
688205.SH,688205,德科立,江苏,通信设备,DKL,科创板,20220809,桂桑,自然人
688035.SH,688035,德邦科技,山东,半导体,DBKJ,科创板,20220919,解海华,自然人
301252.SZ,301252,同星科技,浙江,机械基件,TXKJ,创业板,20230525,张良灿,民营企业
688416.SH,688416,恒烁股份,安徽,半导体,HSGF,科创板,20220829,XIANGDONG LU,自然人
001225.SZ,001225,和泰机电,浙江,专用机械,HTJD,主板,20230222,徐青,外资
688130.SH,688130,晶华微,浙江,半导体,JHW,科创板,20220729,吕汉泉,自然人
301295.SZ,301295,美硕科技,浙江,电气设备,MSKJ,创业板,20230628,黄晓湖,民营企业
920932.BJ,920932,科达自控,山西,软件服务,KDZK,北交所,20211115,付国军,民营企业
920171.BJ,920171,志晟信息,河北,软件服务,ZSXX,北交所,20211115,穆志刚,民营企业
920454.BJ,920454,同心传动,河南,汽车配件,TXCD,北交所,20211115,陈红凯,民营企业
920873.BJ,920873,中设咨询,重庆,建筑工程,ZSZX,北交所,20211115,黄华华,民营企业
920260.BJ,920260,中寰股份,四川,专用机械,ZHGF,北交所,20211115,罗蓉,民营企业
920720.BJ,920720,吉冈精密,江苏,机械基件,JGJM,北交所,20211124,周延,民营企业
920436.BJ,920436,大地电气,江苏,汽车配件,DDDQ,北交所,20211115,蒋明泉,民营企业
920981.BJ,920981,晶赛科技,安徽,元器件,JSKJ,北交所,20211115,侯诗益,民营企业
603073.SH,603073,彩蝶实业,浙江,纺织,CDSY,主板,20230316,施建明,民营企业
603307.SH,603307,扬州金泉,江苏,文教休闲,YZJQ,主板,20230216,林明稳,民营企业
688410.SH,688410,山外山,重庆,医疗保健,SWS,科创板,20221226,高光勇,自然人
001368.SZ,001368,通达创智,福建,文教休闲,TDCZ,主板,20230313,王亚南,外资
688403.SH,688403,汇成股份,安徽,半导体,HCGF,科创板,20220818,杨会,自然人
688373.SH,688373,盟科药业-U,上海,化学制药,MKYY,科创板,20220805,无实际控制人,其他
688041.SH,688041,海光信息,天津,半导体,HGXX,科创板,20220812,无实际控制人,其他
301321.SZ,301321,翰博高新,安徽,元器件,HBGX,创业板,20220818,王照忠,民营企业
301192.SZ,301192,泰祥股份,湖北,汽车配件,TXGF,创业板,20220811,王世斌,民营企业
688287.SH,688287,*ST观典,北京,航空,*STGD,科创板,20220525,高明,自然人
001267.SZ,001267,汇绿生态,湖北,通信设备,HLST,主板,20211117,李晓明,民营企业
301287.SZ,301287,康力源,江苏,文教休闲,KLY,创业板,20230614,衡墩建,民营企业
001358.SZ,001358,兴欣新材,浙江,化工原料,XXXC,主板,20231221,叶汀,民营企业
600938.SH,600938,中国海油,北京,石油开采,ZGHY,主板,20220421,中国海洋石油集团有限公司,中央企业
688291.SH,688291,金橙子,北京,软件服务,JCZ,科创板,20221026,马会文,自然人
920533.BJ,920533,骏创科技,江苏,汽车配件,JCKJ,北交所,20220524,沈安居,民营企业
920689.BJ,920689,克莱特,山东,专用机械,KLT,北交所,20220321,盛军岭,民营企业
920419.BJ,920419,路斯股份,山东,饲料,LSGF,北交所,20220311,郭洪谦,民营企业
920152.BJ,920152,昆工科技,云南,小金属,KGKJ,北交所,20220901,郭忠诚,民营企业
920299.BJ,920299,灿能电力,江苏,电气设备,CNDL,北交所,20220610,章晓敏,民营企业
920245.BJ,920245,威博液压,江苏,机械基件,WBYY,北交所,20220106,马金星,民营企业
920564.BJ,920564,天润科技,陕西,软件服务,TRKJ,北交所,20220617,陈利,民营企业
920857.BJ,920857,泓禧科技,重庆,元器件,HXKJ,北交所,20220228,迟少林,民营企业
920821.BJ,920821,则成电子,深圳,元器件,ZCDZ,北交所,20220706,薛兴韩,民营企业
920580.BJ,920580,科创新材,河南,其他建材,KCXC,北交所,20220513,蔚文绪,民营企业
920346.BJ,920346,威贸电子,上海,元器件,WMDZ,北交所,20220223,周豪良,民营企业
920204.BJ,920204,沪江材料,江苏,塑料,HJCL,北交所,20220118,章育骏,民营企业
920834.BJ,920834,三维装备,江苏,塑料,SWZB,北交所,20220822,李光千,民营企业
920970.BJ,920970,大禹生物,山西,饲料,DYSW,北交所,20220518,闫和平,民营企业
688506.SH,688506,百利天恒,四川,化学制药,BLTH,科创板,20230106,朱义,自然人
301528.SZ,301528,多浦乐,广东,电器仪表,DPL,创业板,20230828,蔡庆生,民营企业
920046.BJ,920046,亿能电力,江苏,电气设备,YNDL,北交所,20221013,黄彩霞,民营企业
920169.BJ,920169,七丰精工,浙江,机械基件,QFJG,北交所,20220415,陈跃忠,民营企业
920943.BJ,920943,优机股份,四川,机械基件,YJGF,北交所,20220624,罗辑,民营企业
920223.BJ,920223,荣亿精密,浙江,机械基件,RYJM,北交所,20220609,唐旭文,外资
920062.BJ,920062,科润智控,浙江,电气设备,KRZK,北交所,20220713,王荣,民营企业
920179.BJ,920179,凯德石英,北京,矿物制品,KDSY,北交所,20220304,张忠恕,民营企业
301310.SZ,301310,鑫宏业,江苏,汽车配件,XHY,创业板,20230602,卜晓华,民营企业
688293.SH,688293,奥浦迈,上海,生物制药,APM,科创板,20220902,肖志华,自然人
301261.SZ,301261,恒工精密,河北,机械基件,HGJM,创业板,20230710,魏志勇,民营企业
688381.SH,688381,帝奥微,江苏,半导体,DAW,科创板,20220823,鞠建宏,自然人
688439.SH,688439,振华风光,贵州,元器件,ZHFG,科创板,20220826,中国电子信息产业集团有限公司,企业
688657.SH,688657,浩辰软件,江苏,软件服务,HCRJ,科创板,20231010,胡立新,自然人
688073.SH,688073,毕得医药,上海,化学制药,BDYY,科创板,20221011,戴岚,自然人
688031.SH,688031,星环科技-U,上海,软件服务,XHKJ,科创板,20221018,孙元浩,自然人
301348.SZ,301348,蓝箭电子,广东,半导体,LJDZ,创业板,20230810,王成名,民营企业
688419.SH,688419,耐科装备,安徽,半导体,NKZB,科创板,20221107,郑天勤,自然人
301390.SZ,301390,经纬股份,浙江,建筑工程,JWGF,创业板,20230508,叶肖华,民营企业
301525.SZ,301525,儒竞科技,上海,家用电器,RJKJ,创业板,20230830,雷淮刚,民营企业
688409.SH,688409,富创精密,辽宁,半导体,FCJM,科创板,20221010,郑广文,自然人
301511.SZ,301511,德福科技,江西,电气设备,DFKJ,创业板,20230817,马科,民营企业
601061.SH,601061,中信金属,北京,商贸代理,ZXJS,主板,20230410,中国中信集团有限公司,中央企业
001287.SZ,001287,中电港,深圳,元器件,ZDG,主板,20230410,国务院国有资产监督管理委员会,中央企业
688391.SH,688391,钜泉科技,上海,半导体,JQKJ,科创板,20220913,无实际控制人,其他
688475.SH,688475,萤石网络,浙江,IT设备,YSWL,科创板,20221228,中国电子科技集团有限公司,企业
301512.SZ,301512,智信精密,深圳,专用机械,ZXJM,创业板,20230720,李晓华,民营企业
603282.SH,603282,亚光股份,浙江,专用机械,YGGF,主板,20230315,陈国华,民营企业
603373.SH,603373,安邦护卫,浙江,仓储物流,ABHW,主板,20231220,浙江省人民政府国有资产监督管理委员会,地方国有企业
001286.SZ,001286,陕西能源,陕西,火力发电,SXNY,主板,20230410,陕西投资集团有限公司,地方国有企业
301517.SZ,301517,陕西华达,陕西,元器件,SXHD,创业板,20231017,陕西省人民政府国有资产监督管理委员会,地方国有企业
920879.BJ,920879,基康技术,北京,电器仪表,JKJS,北交所,20221220,蒋小钢,民营企业
301510.SZ,301510,固高科技,深圳,电器仪表,GGKJ,创业板,20230815,李泽湘,民营企业
301393.SZ,301393,昊帆生物,江苏,化工原料,HFSW,创业板,20230712,朱勇,民营企业
301383.SZ,301383,天键股份,江西,元器件,TJGF,创业板,20230609,冯砚儒,民营企业
688184.SH,688184,ST帕瓦,浙江,电气设备,STPW,科创板,20220919,王振宇,自然人
920378.BJ,920378,泰德股份,山东,汽车配件,TDGF,北交所,20220620,张新生,民营企业
301515.SZ,301515,港通医疗,四川,医疗保健,GTYL,创业板,20230725,陈永,民营企业
688489.SH,688489,三未信安,北京,IT设备,SWXA,科创板,20221202,张岳公,自然人
688496.SH,688496,清越科技,江苏,元器件,QYKJ,科创板,20221228,高裕弟,自然人
301459.SZ,301459,丰茂股份,浙江,汽车配件,FMGF,创业板,20231213,蒋春雷,民营企业
001367.SZ,001367,海森药业,浙江,化学制药,HSYY,主板,20230410,王式跃,民营企业
688061.SH,688061,灿瑞科技,上海,半导体,CRKJ,科创板,20221018,罗立权,自然人
688361.SH,688361,中科飞测,深圳,半导体,ZKFC,科创板,20230519,哈承姝,自然人
688143.SH,688143,长盈通,湖北,通信设备,CYT,科创板,20221212,皮亚斌,自然人
688152.SH,688152,麒麟信安,湖南,软件服务,QLXA,科创板,20221028,杨涛,自然人
301509.SZ,301509,金凯生科,辽宁,化学制药,JKSK,创业板,20230803,Fumin Wang,外资
688387.SH,688387,信科移动-U,湖北,通信设备,XKYD,科创板,20220926,国务院国有资产监督管理委员会,企业
920870.BJ,920870,恒进感应,湖北,机床制造,HJGY,北交所,20220705,周祥成,民营企业
688459.SH,688459,哈铁科技,黑龙江,运输设备,HTKJ,科创板,20221012,中国国家铁路集团有限公司,企业
688448.SH,688448,磁谷科技,江苏,专用机械,CGKJ,科创板,20220921,吴立华,自然人
301589.SZ,301589,诺瓦星云,陕西,IT设备,NWXY,创业板,20240208,袁胜春,民营企业
688702.SH,688702,盛科通信-U,江苏,半导体,SKTX,科创板,20230914,无实际控制人,其他
688432.SH,688432,有研硅,北京,半导体,YYG,科创板,20221110,方永义,自然人
603135.SH,603135,中重科技,天津,专用机械,ZZKJ,主板,20230410,马冰冰,民营企业
601065.SH,601065,江盐集团,江西,化工原料,JYJT,主板,20230410,江西省国有资产监督管理委员会,地方国有企业
603125.SH,603125,常青科技,江苏,化工原料,CQKJ,主板,20230410,孙秋新,民营企业
301548.SZ,301548,崇德科技,湖南,机械基件,CDKJ,创业板,20230920,周少华,民营企业
301392.SZ,301392,汇成真空,广东,专用机械,HCZK,创业板,20240605,李志荣,民营企业
301487.SZ,301487,盟固利,天津,化工原料,MGL,创业板,20230809,崔根良,民营企业
688137.SH,688137,近岸蛋白,江苏,生物制药,JADB,科创板,20220929,朱化星,自然人
688435.SH,688435,英方软件,上海,软件服务,YFRJ,科创板,20230119,胡军擎,自然人
688372.SH,688372,伟测科技,上海,半导体,WCKJ,科创板,20221026,骈文胜,自然人
920402.BJ,920402,硅烷科技,河南,化工原料,GWKJ,北交所,20220928,河南省人民政府国有资产监督管理委员会,地方国有企业
301421.SZ,301421,波长光电,江苏,元器件,BCGD,创业板,20230823,朱敏,民营企业
301563.SZ,301563,云汉芯城,上海,元器件,YHXC,创业板,20250930,曾烨,民营企业
301498.SZ,301498,乖宝宠物,山东,饲料,GBCW,创业板,20230816,秦华,民营企业
920491.BJ,920491,奥迪威,广东,元器件,ADW,北交所,20220614,张曙光,民营企业
920639.BJ,920639,晨光电缆,浙江,电气设备,CGDL,北交所,20220712,朱水良,民营企业
688392.SH,688392,骄成超声,上海,专用机械,JCCS,科创板,20220927,周宏建,自然人
301632.SZ,301632,广东建科,广东,建筑工程,GDJK,创业板,20250812,广东省人民政府国有资产监督管理委员会,地方国有企业
301559.SZ,301559,中集环科,江苏,专用机械,ZJHK,创业板,20231011,无实际控制人,其他
301577.SZ,301577,美信科技,广东,元器件,MXKJ,创业板,20240124,张定珍,民营企业
301203.SZ,301203,国泰环保,浙江,环境保护,GTHB,创业板,20230404,陈柏校,民营企业
920871.BJ,920871,派特尔,广东,塑料,PTE,北交所,20220722,陈宇,民营企业
920130.BJ,920130,立方控股,浙江,软件服务,LFKG,北交所,20231102,周林健,民营企业
920271.BJ,920271,邦德股份,山东,汽车配件,BDGF,北交所,20220602,吴国良,民营企业
920790.BJ,920790,联迪信息,江苏,软件服务,LDXX,北交所,20220902,沈荣明,民营企业
920395.BJ,920395,朗鸿科技,浙江,IT设备,LHKJ,北交所,20220901,忻宏,民营企业
688480.SH,688480,赛恩斯,湖南,环境保护,SES,科创板,20221125,高时会,自然人
688271.SH,688271,联影医疗,上海,医疗保健,LYYL,科创板,20220822,薛敏,自然人
688084.SH,688084,晶品特装,北京,专用机械,JPTZ,科创板,20221208,陈波,自然人
301291.SZ,301291,明阳电气,广东,电气设备,MYDQ,创业板,20230630,张传卫,民营企业
301578.SZ,301578,辰奕智能,广东,IT设备,CYZN,创业板,20231228,胡卫清,民营企业
301550.SZ,301550,斯菱智驱,浙江,汽车配件,SLZQ,创业板,20230915,姜岭,民营企业
301507.SZ,301507,民生健康,浙江,化学制药,MSJK,创业板,20230905,竺福江,民营企业
301499.SZ,301499,维科精密,上海,汽车配件,WKJM,创业板,20230721,TAN YAN LAI,外资
301533.SZ,301533,威马农机,重庆,农用机械,WMNJ,创业板,20230818,夏峰,民营企业
920267.BJ,920267,鑫汇科,深圳,元器件,XHK,北交所,20220527,丘守庆,民营企业
001324.SZ,001324,长青科技,江苏,运输设备,CQKJ,主板,20230522,周银妹,民营企业
001278.SZ,001278,一彬科技,浙江,汽车配件,YBKJ,主板,20230308,王建华,民营企业
603137.SH,603137,恒尚节能,江苏,装修装饰,HSJN,主板,20230419,周祖庆,民营企业
601133.SH,601133,柏诚股份,江苏,建筑工程,BCGF,主板,20230410,过建廷,民营企业
688275.SH,688275,万润新能,湖北,电气设备,WRXN,科创板,20220929,李菲,自然人
688549.SH,688549,中巨芯-U,浙江,元器件,ZJX,科创板,20230908,无实际控制人,其他
688498.SH,688498,源杰科技,陕西,半导体,YJKJ,科创板,20221221,ZHANG XINGANG,自然人
001289.SZ,001289,龙源电力,北京,新型电力,LYDL,主板,20220124,国务院国有资产监督管理委员会,中央企业
001373.SZ,001373,翔腾新材,江苏,元器件,XTXC,主板,20230601,张伟,民营企业
301529.SZ,301529,福赛科技,安徽,汽车配件,FSKJ,创业板,20230911,陆文波,民营企业
920985.BJ,920985,海泰新能,河北,电气设备,HTXN,北交所,20220808,王永,民营企业
301518.SZ,301518,长华化学,江苏,化工原料,CHHX,创业板,20230803,顾仁发,民营企业
920725.BJ,920725,惠丰钻石,河南,矿物制品,HFZS,北交所,20220718,王来福,民营企业
001306.SZ,001306,夏厦精密,浙江,机械基件,XSJM,主板,20231116,夏挺,民营企业
001378.SZ,001378,德冠新材,广东,塑料,DGXC,主板,20231030,罗维满,民营企业
688709.SH,688709,成都华微,四川,半导体,CDHW,科创板,20240207,中国电子信息产业集团有限公司,企业
920575.BJ,920575,康乐卫士,北京,生物制药,KLWS,北交所,20230315,陶涛,民营企业
688141.SH,688141,杰华特,浙江,半导体,JHT,科创板,20221223,黄必亮,自然人
688525.SH,688525,佰维存储,深圳,半导体,BWCC,科创板,20221230,孙成思,自然人
920270.BJ,920270,天铭科技,浙江,汽车配件,TMKJ,北交所,20220902,张松,民营企业
920122.BJ,920122,中纺标,北京,综合类,ZFB,北交所,20220927,国务院国有资产监督管理委员会,中央企业
301588.SZ,301588,美新科技,广东,家居用品,MXKJ,创业板,20240313,林东亮,外资
301580.SZ,301580,爱迪特,河北,医疗保健,ADT,创业板,20240626,李洪文,民营企业
001380.SZ,001380,华纬科技,浙江,汽车配件,HWKJ,主板,20230516,金雷,民营企业
688172.SH,688172,燕东微,北京,半导体,YDW,科创板,20221216,北京电子控股有限责任公司,企业
301535.SZ,301535,浙江华远,浙江,汽车配件,ZJHY,创业板,20250327,姜肖斐,民营企业
603172.SH,603172,万丰股份,浙江,染料涂料,WFGF,主板,20230510,俞杏英,民营企业
301598.SZ,301598,博科测试,北京,专用机械,BKCS,创业板,20241220,仝雷,民营企业
301539.SZ,301539,宏鑫科技,浙江,汽车配件,HXKJ,创业板,20240415,王文志,民营企业
920230.BJ,920230,欧康医药,四川,生物制药,OKYY,北交所,20221209,赵卓君,民营企业
688478.SH,688478,晶升股份,江苏,半导体,JSGF,科创板,20230424,李辉,自然人
603276.SH,603276,恒兴新材,江苏,化工原料,HXXC,主板,20230925,张千,民营企业
920866.BJ,920866,绿亨科技,广东,农药化肥,LHKJ,北交所,20221209,刘铁斌,民营企业
920429.BJ,920429,康比特,北京,食品,KBT,北交所,20221215,白厚增,民营企业
920261.BJ,920261,一诺威,山东,化工原料,YNW,北交所,20230403,徐军,民营企业
301568.SZ,301568,思泰克,福建,专用机械,STK,创业板,20231128,陈志忠,民营企业
920367.BJ,920367,新赣江,江西,化学制药,XGJ,北交所,20230209,张爱江,民营企业
920207.BJ,920207,众诚科技,河南,软件服务,ZCKJ,北交所,20220923,梁侃,民营企业
001282.SZ,001282,三联锻造,安徽,汽车配件,SLDZ,主板,20230524,孙国奉,民营企业
688512.SH,688512,慧智微-U,广东,半导体,HZW,科创板,20230516,李阳,自然人
603120.SH,603120,肯特催化,浙江,化工原料,KTCH,主板,20250416,项飞勇,民营企业
300784.SZ,300784,利安科技,浙江,塑料,LAKJ,创业板,20240607,李士峰,民营企业
920110.BJ,920110,雷特科技,广东,电气设备,LTKJ,北交所,20221206,雷建文,民营企业
920718.BJ,920718,合肥高科,安徽,家用电器,HFGK,北交所,20221222,胡翔,民营企业
920273.BJ,920273,一致魔芋,湖北,食品,YZMY,北交所,20230221,吴平,民营企业
301508.SZ,301508,中机认检,北京,电器仪表,ZJRJ,创业板,20231201,国务院国有资产监督管理委员会,中央企业
603193.SH,603193,润本股份,广东,日用化工,RBGF,主板,20231017,赵贵钦,民营企业
001360.SZ,001360,南矿集团,江西,工程机械,NKJT,主板,20230410,李顺山,民营企业
001386.SZ,001386,马可波罗,广东,家居用品,MKBL,主板,20251022,黄建平,民营企业
688352.SH,688352,颀中科技,安徽,半导体,QZKJ,科创板,20230420,合肥市人民政府国有资产监督管理委员会,企业
301608.SZ,301608,博实结,深圳,通信设备,BSJ,创业板,20240801,周小强,民营企业
301501.SZ,301501,恒鑫生活,安徽,造纸,HXSH,创业板,20250319,樊砚茹,民营企业
688307.SH,688307,中润光学,浙江,元器件,ZRGX,科创板,20230216,张平华,自然人
920753.BJ,920753,天纺标,天津,纺织,TFB,北交所,20221031,天津市人民政府国有资产监督管理委员会,地方国有企业
301565.SZ,301565,中仑新材,福建,塑料,ZLXC,创业板,20240620,杨清金,民营企业
920627.BJ,920627,力王股份,广东,电气设备,LWGF,北交所,20230907,李维海,民营企业
920608.BJ,920608,丰安股份,浙江,机械基件,FAGF,北交所,20221216,黄健民,民营企业
920058.BJ,920058,华洋赛车,浙江,摩托车,HYSC,北交所,20230810,戴继刚,民营企业
301538.SZ,301538,骏鼎达,深圳,塑料,JDD,创业板,20240320,杨凤凯,民营企业
301552.SZ,301552,科力装备,河北,汽车配件,KLZB,创业板,20240722,张万武,民营企业
301616.SZ,301616,浙江华业,浙江,机械基件,ZJHY,创业板,20250327,夏瑜键,民营企业
301586.SZ,301586,佳力奇,安徽,航空,JLQ,创业板,20240828,路强,民营企业
920476.BJ,920476,海能技术,山东,电器仪表,HNJS,北交所,20221014,王志刚,民营企业
301629.SZ,301629,矽电股份,深圳,半导体,XDGF,创业板,20250324,何沁修,民营企业
920571.BJ,920571,国航远洋,福建,水运,GHYY,北交所,20221215,王炎平,民营企业
688458.SH,688458,美芯晟,北京,半导体,MXS,科创板,20230522,CHENG BAOHONG,自然人
688562.SH,688562,航天软件,北京,软件服务,HTRJ,科创板,20230524,国务院国有资产监督管理委员会,企业
301606.SZ,301606,绿联科技,深圳,元器件,LLKJ,创业板,20240726,张清森,民营企业
001328.SZ,001328,登康口腔,重庆,日用化工,DKKQ,主板,20230410,重庆市国有资产监督管理委员会,地方国有企业
001326.SZ,001326,联域股份,深圳,电气设备,LYGF,主板,20231109,徐建勇,民营企业
603119.SH,603119,浙江荣泰,浙江,汽车配件,ZJRT,主板,20230801,葛泰荣,民营企业
603004.SH,603004,鼎龙科技,浙江,化工原料,DLKJ,主板,20231227,孙斯薇,民营企业
603162.SH,603162,海通发展,福建,水运,HTFZ,主板,20230329,曾而斌,民营企业
920982.BJ,920982,锦波生物,山西,医疗保健,JBSW,北交所,20230720,杨霞,民营企业
920971.BJ,920971,天马新材,河南,化工原料,TMXC,北交所,20220927,马淑云,民营企业
920974.BJ,920974,凯大催化,浙江,化工原料,KDCH,北交所,20230308,姚洪,民营企业
688627.SH,688627,精智达,深圳,专用机械,JZD,科创板,20230718,张滨,自然人
688671.SH,688671,碧兴物联,深圳,环境保护,BXWL,科创板,20230809,何愿平,自然人
688620.SH,688620,安凯微,广东,半导体,AKW,科创板,20230627,胡胜发,自然人
920556.BJ,920556,雅达股份,广东,电器仪表,YDGF,北交所,20230317,王煌英,民营企业
920662.BJ,920662,方盛股份,江苏,机械基件,FSGF,北交所,20221128,丁云龙,民营企业
301571.SZ,301571,国科天成,北京,元器件,GKTC,创业板,20240821,罗珏典,民营企业
301596.SZ,301596,瑞迪智驱,四川,机械基件,RDZQ,创业板,20240513,卢晓蓉,民营企业
688535.SH,688535,华海诚科,江苏,半导体,HHCK,科创板,20230404,韩江龙,自然人
688693.SH,688693,锴威特,江苏,半导体,KWT,科创板,20230818,丁国华,自然人
920247.BJ,920247,华密新材,河北,橡胶,HMXC,北交所,20221223,李藏稳,民营企业
920876.BJ,920876,慧为智能,深圳,元器件,HWZN,北交所,20221109,李晓辉,民营企业
920914.BJ,920914,远航精密,江苏,小金属,YHJM,北交所,20221111,周林峰,民营企业
920685.BJ,920685,新芝生物,浙江,电器仪表,XZSW,北交所,20221010,周芳,民营企业
920023.BJ,920023,田野股份,广西,食品,TYGF,北交所,20230202,姚玖志,民营企业
301602.SZ,301602,超研股份,广东,医疗保健,CYGF,创业板,20250122,李德来,民营企业
920895.BJ,920895,花溪科技,河南,农用机械,HXKJ,北交所,20230406,李树秀,民营企业
920017.BJ,920017,星昊医药,北京,化学制药,XHYY,北交所,20230531,殷岚,民营企业
301607.SZ,301607,富特科技,浙江,汽车配件,FTKJ,创业板,20240904,李宁川,民营企业
301658.SZ,301658,首航新能,深圳,电气设备,SHXN,创业板,20250402,许韬,民营企业
301626.SZ,301626,苏州天脉,江苏,元器件,SZTM,创业板,20241024,谢毅,民营企业
301601.SZ,301601,惠通科技,江苏,专用机械,HTKJ,创业板,20250115,严旭明,民营企业
301617.SZ,301617,博苑股份,山东,化工原料,BYGF,创业板,20241211,李成林,民营企业
688708.SH,688708,佳驰科技,四川,化工原料,JCKJ,科创板,20241205,邓龙江,自然人
920237.BJ,920237,力佳科技,湖北,电气设备,LJKJ,北交所,20221125,王建,民营企业
688443.SH,688443,智翔金泰-U,重庆,生物制药,ZXJT,科创板,20230620,蒋仁生,自然人
301502.SZ,301502,华阳智能,江苏,电气设备,HYZN,创业板,20240202,许云初,民营企业
301575.SZ,301575,艾芬达,江西,家居用品,AFD,创业板,20250910,吴剑斌,民营企业
301631.SZ,301631,壹连科技,深圳,元器件,YLKJ,创业板,20241122,田王星,民营企业
920374.BJ,920374,云里物里,深圳,通信设备,YLWL,北交所,20221129,庄严,民营企业
688484.SH,688484,南芯科技,上海,半导体,NXKJ,科创板,20230407,阮晨杰,自然人
688531.SH,688531,日联科技,江苏,专用机械,RLKJ,科创板,20230331,刘骏,自然人
301251.SZ,301251,威尔高,江西,元器件,WEG,创业板,20230906,邓艳群,民营企业
301678.SZ,301678,新恒汇,山东,半导体,XHH,创业板,20250620,虞仁荣,民营企业
301628.SZ,301628,强达电路,深圳,元器件,QDDL,创业板,20241031,祝小华,民营企业
301603.SZ,301603,乔锋智能,广东,机床制造,QFZN,创业板,20240710,蒋修华,民营企业
920422.BJ,920422,润普食品,江苏,食品,RPSP,北交所,20230301,潘如龙,民营企业
920855.BJ,920855,浙江大农,浙江,机床制造,ZJDN,北交所,20221229,王靖,民营企业
920087.BJ,920087,秋乐种业,河南,种植业,QLZY,北交所,20221207,河南省农业科学院,地方国有企业
920808.BJ,920808,曙光数创,北京,IT设备,SGSC,北交所,20221118,无实际控制人,其他
920139.BJ,920139,华岭股份,上海,半导体,HLGF,北交所,20221028,无实际控制人,其他
688570.SH,688570,天玛智控,北京,专用机械,TMZK,科创板,20230605,国务院国有资产监督管理委员会,企业
688623.SH,688623,双元科技,浙江,专用机械,SYKJ,科创板,20230608,郑建,自然人
688610.SH,688610,埃科光电,安徽,电器仪表,AKGD,科创板,20230719,董宁,自然人
688523.SH,688523,航天环宇,湖南,航空,HTHY,科创板,20230602,李完小,自然人
688631.SH,688631,莱斯信息,江苏,软件服务,LSXX,科创板,20230628,中国电子科技集团有限公司,企业
301662.SZ,301662,宏工科技,广东,专用机械,HGKJ,创业板,20250417,罗才华,民营企业
920252.BJ,920252,天宏锂电,浙江,电气设备,THLD,北交所,20230119,都伟云,民营企业
920641.BJ,920641,格利尔,江苏,矿物制品,GLE,北交所,20221202,凤阳县财政局(凤阳县人民政府国有资产监督管理委员会),地方国有企业
920942.BJ,920942,恒立钻具,湖北,机械基件,HLZJ,北交所,20221208,余立新,民营企业
920802.BJ,920802,保丽洁,江苏,环境保护,BLJ,北交所,20230206,钱振清,民营企业
688146.SH,688146,中船特气,河北,半导体,ZCTQ,科创板,20230421,中国船舶集团有限公司,企业
688612.SH,688612,威迈斯,深圳,汽车配件,WMS,科创板,20230726,万仁春,自然人
688576.SH,688576,西山科技,重庆,医疗保健,XSKJ,科创板,20230606,郭毅军,自然人
688429.SH,688429,时创能源,江苏,电气设备,SCNY,科创板,20230629,符黎明,自然人
688563.SH,688563,航材股份,北京,航空,HCGF,科创板,20230719,中国航空发动机集团有限公司,企业
301536.SZ,301536,星宸科技,福建,半导体,XCKJ,创业板,20240328,无实际控制人,其他
688543.SH,688543,国科军工,江西,专用机械,GKJG,科创板,20230621,江西省国有资产监督管理委员会,企业
688646.SH,688646,ST逸飞,湖北,专用机械,STYF,科创板,20230728,吴轩,自然人
688582.SH,688582,芯动联科,安徽,元器件,XDLK,科创板,20230630,金晓冬,自然人
920957.BJ,920957,汉维科技,广东,化工原料,HWKJ,北交所,20221214,周述辉,民营企业
920527.BJ,920527,夜光明,浙江,化工原料,YGM,北交所,20221027,陈国顺,民营企业
301556.SZ,301556,托普云农,浙江,软件服务,TPYN,创业板,20241017,陈丽婷,民营企业
001395.SZ,001395,亚联机械,吉林,专用机械,YLJX,主板,20250127,郭西强,民营企业
001279.SZ,001279,强邦新材,安徽,广告包装,QBXC,主板,20241011,郭良春,民营企业
603275.SH,603275,众辰科技,上海,电器仪表,ZCKJ,主板,20230823,张建军,民营企业
603205.SH,603205,健尔康,江苏,医疗保健,JEK,主板,20241107,陈国平,民营企业
603075.SH,603075,热威股份,浙江,家用电器,RWGF,主板,20230911,张伟,民营企业
601096.SH,601096,宏盛华源,山东,钢加工,HSHY,主板,20231222,国务院国有资产监督管理委员会,中央企业
603350.SH,603350,安乃达,上海,电气设备,AND,主板,20240703,黄洪岳,民营企业
603273.SH,603273,天元智能,江苏,专用机械,TYZN,主板,20231023,吴逸中,民营企业
603310.SH,603310,巍华新材,浙江,化工原料,WHXC,主板,20240814,吴江伟,民营企业
920906.BJ,920906,舜宇精工,浙江,汽车配件,SYJG,北交所,20230222,倪文军,民营企业
920199.BJ,920199,倍益康,四川,家用电器,BYK,北交所,20221201,张文,民营企业
920195.BJ,920195,三祥科技,山东,汽车配件,SXKJ,北交所,20221230,魏增祥,民营企业
920392.BJ,920392,佳合科技,江苏,广告包装,JHKJ,北交所,20221230,董洪江,民营企业
688433.SH,688433,华曙高科,湖南,专用机械,HSGK,科创板,20230417,XIAOSHU XU(许小曙),自然人
301557.SZ,301557,常友科技,江苏,电气设备,CYKJ,创业板,20250304,刘文叶,民营企业
920950.BJ,920950,迅安科技,江苏,元器件,XAKJ,北交所,20230111,高为人,民营企业
920478.BJ,920478,峆一药业,安徽,化学制药,HYYY,北交所,20230223,董来山,民营企业
920810.BJ,920810,春光智能,辽宁,专用机械,CGZN,北交所,20221216,毕春光,民营企业
920190.BJ,920190,雷神科技,山东,IT设备,LSKJ,北交所,20221223,海尔集团公司,集体企业
920781.BJ,920781,瑞奇智造,四川,专用机械,RQZZ,北交所,20221226,无实际控制人,其他
920014.BJ,920014,特瑞斯,江苏,专用机械,TRS,北交所,20221213,许颉,民营企业
920351.BJ,920351,华光源海,湖南,仓储物流,HGYH,北交所,20221229,刘慧,民营企业
920493.BJ,920493,并行科技,北京,软件服务,BXKJ,北交所,20231101,陈健,民营企业
920634.BJ,920634,新威凌,湖南,铅锌,XWL,北交所,20221124,陈志强,民营企业
920748.BJ,920748,路桥信息,福建,软件服务,LQXX,北交所,20230816,厦门市人民政府国有资产监督管理委员会,地方国有企业
920579.BJ,920579,机科股份,北京,机械基件,JKGF,北交所,20231130,国务院国有资产监督管理委员会,中央企业
688593.SH,688593,新相微,上海,半导体,XXW,科创板,20230601,Peter Hong Xiao(肖宏),自然人
688651.SH,688651,盛邦安全,北京,软件服务,SBAQ,科创板,20230726,权晓文,自然人
301630.SZ,301630,同宇新材,广东,化工原料,TYXC,创业板,20250710,张驰,民营企业
301618.SZ,301618,长联科技,广东,染料涂料,CLKJ,创业板,20240930,卢开平,民营企业
301592.SZ,301592,六九一二,四川,软件服务,LJYE,创业板,20241024,蒋家德,民营企业
920414.BJ,920414,欧普泰,上海,电器仪表,OPT,北交所,20221212,王振,民营企业
920992.BJ,920992,中科美菱,安徽,医疗保健,ZKML,北交所,20221018,绵阳市国有资产监督管理委员会,地方国有企业
920526.BJ,920526,凯华材料,天津,化工原料,KHCL,北交所,20221222,任志成,民营企业
920663.BJ,920663,明阳科技,江苏,汽车配件,MYKJ,北交所,20230315,王明祥,民营企业
920339.BJ,920339,恒太照明,江苏,家用电器,HTZM,北交所,20221117,李彭晴,民营企业
920033.BJ,920033,康普化学,重庆,化工原料,KPHX,北交所,20221221,邹潜,民营企业
920541.BJ,920541,铁大科技,上海,运输设备,TDKJ,北交所,20230310,成远,民营企业
920075.BJ,920075,柏星龙,深圳,广告包装,BXL,北交所,20221214,赵国义,民营企业
688573.SH,688573,信宇人,深圳,专用机械,XYR,科创板,20230817,杨志明,自然人
920208.BJ,920208,青矩技术,北京,建筑工程,QJJS,北交所,20230629,无实际控制人,其他
920770.BJ,920770,艾能聚,浙江,电气设备,ANJ,北交所,20230228,姚华,民营企业
920057.BJ,920057,百甲科技,江苏,钢加工,BJKJ,北交所,20230314,刘甲铭,民营企业
688507.SH,688507,索辰科技,上海,软件服务,SCKJ,科创板,20230418,陈灏,自然人
688515.SH,688515,裕太微-U,江苏,半导体,YTW,科创板,20230210,无实际控制人,其他
688692.SH,688692,达梦数据,湖北,软件服务,DMSJ,科创板,20240612,冯裕才,自然人
688695.SH,688695,中创股份,山东,软件服务,ZCGF,科创板,20240313,景新海,自然人
688759.SH,688759,必贝特-U,广东,生物制药,BBT,科创板,20251028,钱长庚,自然人
688638.SH,688638,誉辰智能,深圳,专用机械,YCZN,科创板,20230712,宋春响,自然人
688592.SH,688592,司南导航,上海,通信设备,SNDH,科创板,20230816,王永泉,自然人
688629.SH,688629,华丰科技,四川,元器件,HFKJ,科创板,20230627,绵阳市国有资产监督管理委员会,企业
688552.SH,688552,航天南湖,湖北,通信设备,HTNH,科创板,20230518,中国航天科工集团有限公司,企业
301522.SZ,301522,上大股份,河北,小金属,SDGF,创业板,20241016,栾东海,民营企业
301584.SZ,301584,建发致新,上海,医药商业,JFZX,创业板,20250925,厦门市人民政府国有资产监督管理委员会,地方国有企业
301446.SZ,301446,福事特,江西,机械基件,FST,创业板,20230725,彭香安,民营企业
301611.SZ,301611,珂玛科技,江苏,半导体,KMKJ,创业板,20240816,刘先兵,民营企业
920227.BJ,920227,美登科技,浙江,软件服务,MDKJ,北交所,20221228,邹宇,民营企业
920371.BJ,920371,欧福蛋业,江苏,食品,OFDY,北交所,20230118,Christian Nicholas Stadil,外资
920792.BJ,920792,东和新材,辽宁,其他建材,DHXC,北交所,20230330,毕胜民,民营企业
920262.BJ,920262,太湖雪,江苏,纺织,THX,北交所,20221230,胡毓芳,民营企业
920300.BJ,920300,辰光医疗,上海,医疗保健,CGYL,北交所,20221207,王杰,民营企业
920249.BJ,920249,利尔达,浙江,元器件,LED,北交所,20230217,陈凯,民营企业
920425.BJ,920425,乐创技术,四川,专用机械,LCJS,北交所,20230130,赵钧,民营企业
920807.BJ,920807,奔朗新材,广东,机械基件,BLXC,北交所,20221220,尹育航,民营企业
920357.BJ,920357,雅葆轩,安徽,元器件,YBX,北交所,20221118,胡啸宇,民营企业
920407.BJ,920407,驰诚股份,河南,电器仪表,CCGF,北交所,20230216,徐卫锋,民营企业
920786.BJ,920786,骑士乳业,内蒙,乳制品,QSRY,北交所,20231013,党涌涛,民营企业
920592.BJ,920592,华信永道,北京,软件服务,HXYD,北交所,20230710,刘景郁,民营企业
688648.SH,688648,中邮科技,上海,机床制造,ZYKJ,科创板,20231113,中国邮政集团有限公司,企业
688539.SH,688539,高华科技,江苏,电器仪表,GHKJ,科创板,20230418,李维平,自然人
688334.SH,688334,西高院,陕西,电气设备,XGY,科创板,20230619,国务院国有资产监督管理委员会,企业
688450.SH,688450,光格科技,江苏,电器仪表,GGKJ,科创板,20230724,姜明武,自然人
688717.SH,688717,艾罗能源,浙江,电气设备,ALNY,科创板,20240103,李新富,自然人
920505.BJ,920505,九菱科技,湖北,机械基件,JLKJ,北交所,20221221,徐洪林,民营企业
688469.SH,688469,芯联集成-U,浙江,半导体,XLJC,科创板,20230510,无实际控制人,其他
688591.SH,688591,泰凌微,上海,半导体,TLW,科创板,20230825,王维航,自然人
301560.SZ,301560,众捷汽车,江苏,汽车配件,ZJQC,创业板,20250425,孙文伟,民营企业
603194.SH,603194,中力股份,浙江,工程机械,ZLGF,主板,20241224,何金辉,民营企业
603207.SH,603207,小方制药,上海,化学制药,XFZY,主板,20240826,方之光,外资
603270.SH,603270,金帝股份,山东,机械基件,JDGF,主板,20230901,郑广会,民营企业
603231.SH,603231,索宝蛋白,浙江,食品,SBDB,主板,20231215,刘季善,民营企业
603124.SH,603124,江南新材,江西,铜,JNXC,主板,20250320,徐上金,民营企业
600930.SH,600930,华电新能,福建,新型电力,HDXN,主板,20250716,中国华电集团有限公司,中央企业
603082.SH,603082,北自科技,北京,运输设备,BZKJ,主板,20240130,国务院国有资产监督管理委员会,中央企业
603344.SH,603344,星德胜,江苏,电气设备,XDS,主板,20240320,朱云舫,民营企业
001239.SZ,001239,永达股份,湖南,工程机械,YDGF,主板,20231212,沈培良,民营企业
001379.SZ,001379,腾达科技,山东,机械基件,TDKJ,主板,20240119,陈佩君,外资
001369.SZ,001369,双欣材料,内蒙,化纤,SXCL,主板,20251230,乔玉华,民营企业
001359.SZ,001359,平安电工,湖北,矿物制品,PADG,主板,20240328,潘渡江,民营企业
001221.SZ,001221,悍高集团,广东,家居用品,HGJT,主板,20250730,欧锦锋,民营企业
001389.SZ,001389,广合科技,广东,元器件,GHKJ,主板,20240402,肖红星,民营企业
001356.SZ,001356,富岭股份,浙江,塑料,FLGF,主板,20250123,江桂兰,民营企业
001390.SZ,001390,古麒绒材,安徽,纺织,GQRC,主板,20250529,谢玉成,民营企业
603395.SH,603395,红四方,安徽,农药化肥,HSF,主板,20241126,中国盐业集团有限公司,中央企业
603257.SH,603257,中国瑞林,江西,建筑工程,ZGRL,主板,20250408,无实际控制人,其他
603391.SH,603391,力聚热能,浙江,专用机械,LJRN,主板,20240731,何俊南,民营企业
603271.SH,603271,永杰新材,浙江,铝,YJXC,主板,20250311,沈建国,民营企业
603285.SH,603285,键邦股份,山东,化工原料,JBGF,主板,20240705,朱剑波,民营企业
603296.SH,603296,华勤技术,上海,元器件,HQJS,主板,20230808,邱文生,民营企业
301600.SZ,301600,慧翰股份,福建,通信设备,HHGF,创业板,20240911,陈国鹰,民营企业
001277.SZ,001277,速达股份,河南,专用机械,SDGF,主板,20240903,李锡元,民营企业
920001.BJ,920001,纬达光电,广东,元器件,WDGD,北交所,20221227,广东省人民政府,地方国有企业
603375.SH,603375,盛景微,江苏,半导体,SJW,主板,20240124,张永刚,民营企业
920694.BJ,920694,中裕科技,江苏,塑料,ZYKJ,北交所,20230424,黄裕中,民营企业
920471.BJ,920471,美邦科技,河北,化工原料,MBKJ,北交所,20230525,高文杲,民营企业
920221.BJ,920221,易实精密,江苏,汽车配件,YSJM,北交所,20230608,徐爱明,民营企业
920455.BJ,920455,汇隆活塞,辽宁,专用机械,HLHS,北交所,20230621,苏爱琴,民营企业
301622.SZ,301622,英思特,内蒙,矿物制品,YST,创业板,20241204,周保平,民营企业
688603.SH,688603,天承科技,上海,化工原料,TCKJ,科创板,20230710,童茂军,自然人
920394.BJ,920394,民士达,山东,造纸,MSD,北交所,20230425,烟台市人民政府国有资产监督管理委员会,地方国有企业
920779.BJ,920779,武汉蓝电,湖北,电器仪表,WHLD,北交所,20230601,叶文杰,民营企业
920837.BJ,920837,华原股份,广西,汽车配件,HYGF,北交所,20230515,广西壮族自治区人民政府国有资产监督管理委员会,地方国有企业
920896.BJ,920896,旺成科技,重庆,汽车配件,WCKJ,北交所,20230419,吴银剑,民营企业
920699.BJ,920699,海达尔,江苏,家用电器,HDE,北交所,20230509,朱全海,民营企业
301458.SZ,301458,钧崴电子,广东,元器件,JWDZ,创业板,20250110,颜睿志,外资
920717.BJ,920717,瑞星股份,河北,专用机械,RXGF,北交所,20230703,谷红军,民营企业
920953.BJ,920953,国子软件,山东,软件服务,GZRJ,北交所,20230823,韩承志,民营企业
920593.BJ,920593,鼎智科技,江苏,机械基件,DZKJ,北交所,20230413,苏建国,民营企业
920578.BJ,920578,巨能股份,宁夏,专用机械,JNGF,北交所,20230512,孙文靖,民营企业
301585.SZ,301585,蓝宇股份,浙江,染料涂料,LYGF,创业板,20241220,郭振荣,民营企业
603091.SH,603091,众鑫股份,浙江,家居用品,ZXGF,主板,20240920,滕步彬,民营企业
603062.SH,603062,麦加芯彩,上海,染料涂料,MJXC,主板,20231107,黄雁夷,外资
601033.SH,601033,永兴股份,广东,环境保护,YXGF,主板,20240118,广州市人民政府,地方国有企业
001335.SZ,001335,信凯科技,浙江,化工原料,XKKJ,主板,20250415,李治,民营企业
001387.SZ,001387,雪祺电气,安徽,家用电器,XQDQ,主板,20240111,顾维,民营企业
688720.SH,688720,艾森股份,江苏,半导体,ASGF,科创板,20231206,张兵,自然人
920809.BJ,920809,安达科技,贵州,电气设备,ADKJ,北交所,20230323,刘国安,民营企业
920304.BJ,920304,迪尔化工,山东,化工原料,DEHG,北交所,20230418,刘西玉,民营企业
920719.BJ,920719,宁新新材,江西,化工原料,NXXC,北交所,20230526,李海航,民营企业
920274.BJ,920274,宏裕包材,湖北,广告包装,HYBC,北交所,20230818,宜昌市人民政府国有资产监督管理委员会,地方国有企业
001396.SZ,001396,誉帆科技,上海,建筑工程,YFKJ,主板,20251230,朱军,民营企业
920438.BJ,920438,戈碧迦,湖北,元器件,GBJ,北交所,20240325,虞顺积,民营企业
920375.BJ,920375,派诺科技,广东,电气设备,PNKJ,北交所,20231214,邓翔,民营企业
688347.SH,688347,华虹公司,上海,半导体,HHGS,科创板,20230807,上海市国有资产监督管理委员会,企业
920006.BJ,920006,晟楠科技,江苏,航空,SNKJ,北交所,20230518,叶学俊,民营企业
688652.SH,688652,京仪装备,北京,半导体,JYZB,科创板,20231129,北京市人民政府国有资产监督管理委员会,企业
920701.BJ,920701,豪声电子,浙江,元器件,HSDZ,北交所,20230719,徐瑞根,民营企业
688719.SH,688719,爱科赛博,陕西,电气设备,AKSB,科创板,20230928,白小青,自然人
301590.SZ,301590,优优绿能,深圳,电气设备,YYLN,创业板,20250605,柏建国,民营企业
688691.SH,688691,灿芯股份,上海,半导体,CXGF,科创板,20240411,无实际控制人,其他
920519.BJ,920519,万德股份,陕西,化工原料,WDGF,北交所,20230915,党土利,民营企业
688653.SH,688653,康希通信,上海,半导体,KXTX,科创板,20231117,彭宇红,自然人
688548.SH,688548,广钢气体,广东,化工原料,GGQT,科创板,20230815,广州市人民政府国有资产监督管理委员会,企业
920175.BJ,920175,东方碳素,河南,化工原料,DFTS,北交所,20230630,杨遂运,民营企业
920469.BJ,920469,富恒新材,深圳,塑料,FHXC,北交所,20230918,姚秀珠,民营企业
301595.SZ,301595,太力科技,广东,橡胶,TLKJ,创业板,20250519,石正兵,民营企业
688449.SH,688449,联芸科技,浙江,半导体,LYKJ,科创板,20241129,方小玲,自然人
920978.BJ,920978,开特股份,湖北,汽车配件,KTGF,北交所,20230928,郑海法,民营企业
920751.BJ,920751,惠同新材,湖南,小金属,HTXC,北交所,20230717,无实际控制人,其他
920926.BJ,920926,鸿智科技,广东,家用电器,HZKJ,北交所,20230808,游进,民营企业
301613.SZ,301613,新铝时代,重庆,汽车配件,XLSD,创业板,20241025,何峰,民营企业
920576.BJ,920576,天力复合,陕西,小金属,TLFH,北交所,20230712,陕西省财政厅,地方国有企业
920016.BJ,920016,中草香料,安徽,日用化工,ZCXL,北交所,20240913,李莉,民营企业
920976.BJ,920976,视声智能,广东,通信设备,SSZN,北交所,20230901,朱湘军,民营企业
920504.BJ,920504,博迅生物,上海,医疗保健,BXSW,北交所,20230817,吕明杰,民营企业
920651.BJ,920651,天罡股份,山东,电器仪表,TGGF,北交所,20230627,付涛,民营企业
688710.SH,688710,益诺思,上海,生物制药,YNS,科创板,20240903,中国医药集团有限公司,企业
688530.SH,688530,欧莱新材,广东,半导体,OLXC,科创板,20240509,文宏福,自然人
688765.SH,688765,禾元生物-U,湖北,生物制药,HYSW,科创板,20251028,杨代常,自然人
920284.BJ,920284,灵鸽科技,江苏,专用机械,LGKJ,北交所,20231219,王洪良,民营企业
688758.SH,688758,赛分科技,江苏,化工原料,SFKJ,科创板,20250110,黄学英,自然人
920496.BJ,920496,许昌智能,河南,电气设备,XCZN,北交所,20240126,张洪涛,民营企业
001391.SZ,001391,国货航,北京,仓储物流,GHH,主板,20241230,国务院国有资产监督管理委员会,中央企业
603049.SH,603049,中策橡胶,浙江,汽车配件,ZCXJ,主板,20250605,仇建平,民营企业
603341.SH,603341,龙旗科技,上海,通信设备,LQKJ,主板,20240301,杜军红,民营企业
601083.SH,601083,锦江航运,上海,水运,JJHY,主板,20231205,上海市国有资产监督管理委员会,地方国有企业
603409.SH,603409,汇通控股,安徽,汽车配件,HTKG,主板,20250304,陈王保,民营企业
603376.SH,603376,大明电子,浙江,汽车配件,DMDZ,主板,20251106,周明明,民营企业
603312.SH,603312,西典新能,江苏,电气设备,XDXN,主板,20240111,SHENG JIAN HUA,外资
603400.SH,603400,华之杰,江苏,机械基件,HZJ,主板,20250620,陆亚洲,民营企业
603262.SH,603262,技源集团,江苏,食品,JYJT,主板,20250723,龙玲,民营企业
603370.SH,603370,华新精科,江苏,电气设备,HXJK,主板,20250905,郭婉蓉,民营企业
920547.BJ,920547,无锡晶海,江苏,化学制药,WXJH,北交所,20231212,李松年,民营企业
920665.BJ,920665,科强股份,江苏,橡胶,KQGF,北交所,20230926,周明,民营企业
920099.BJ,920099,瑞华技术,江苏,石油加工,RHJS,北交所,20240925,徐志刚,民营企业
001382.SZ,001382,新亚电缆,广东,电气设备,XYDL,主板,20250321,陈家锦,民营企业
603381.SH,603381,永臻股份,江苏,电气设备,YZGF,主板,20240626,汪献利,民营企业
920656.BJ,920656,海昇药业,浙江,化学制药,HSYY,北交所,20240202,叶瑾之,民营企业
920403.BJ,920403,康农种业,湖北,种植业,KNZY,北交所,20240118,方燕丽,民营企业
920132.BJ,920132,泰鹏智能,山东,家居用品,TPZN,北交所,20231116,刘建三,民营企业
301581.SZ,301581,黄山谷捷,安徽,半导体,HSGJ,创业板,20250103,黄山市供销合作社联合社,集体企业
920522.BJ,920522,纳科诺尔,河北,专用机械,NKNE,北交所,20231116,付建新,民营企业
688545.SH,688545,兴福电子,湖北,元器件,XFDZ,科创板,20250122,兴山县人民政府国有资产监督管理局,企业
920061.BJ,920061,西磁科技,浙江,专用机械,XCKJ,北交所,20231221,吴望蕤,民营企业
603210.SH,603210,泰鸿万立,浙江,汽车配件,THWL,主板,20250409,应正才,民营企业
603248.SH,603248,锡华科技,江苏,机械基件,XHKJ,主板,20251223,王荣正,民营企业
688757.SH,688757,胜科纳米,江苏,电器仪表,SKNM,科创板,20250325,李晓旻,自然人
920703.BJ,920703,广厦环能,北京,专用机械,GSHN,北交所,20231205,韩军,民营企业
920679.BJ,920679,前进科技,浙江,机械基件,QJKJ,北交所,20231110,杨杰,民营企业
688721.SH,688721,龙图光罩,深圳,半导体,LTGZ,科创板,20240806,叶小龙,自然人
920570.BJ,920570,坤博精工,浙江,机械基件,KBJG,北交所,20231123,厉全明,民营企业
301636.SZ,301636,泽润新能,江苏,电气设备,ZRXN,创业板,20250516,陈泽鹏,民营企业
603334.SH,603334,丰倍生物,江苏,化工原料,FBSW,主板,20251105,平原,民营企业
688605.SH,688605,先锋精科,江苏,半导体,XFJK,科创板,20241212,游利,自然人
603406.SH,603406,天富龙,江苏,化纤,TFL,主板,20250808,朱大庆,民营企业
001233.SZ,001233,海安集团,福建,汽车配件,HAJT,主板,20251125,朱晖,民营企业
920060.BJ,920060,万源通,江苏,元器件,WYT,北交所,20241119,王雪根,民营企业
688583.SH,688583,思看科技,浙江,电器仪表,SKKJ,科创板,20250115,王江峰,自然人
688726.SH,688726,拉普拉斯,深圳,专用机械,LPLS,科创板,20241029,林佳继,自然人
601026.SH,601026,道生天合,上海,电气设备,DSTH,主板,20251017,季刚,民营企业
688796.SH,688796,百奥赛图,北京,生物制药,BAST,科创板,20251210,倪健,自然人
688411.SH,688411,海博思创,北京,电气设备,HBSC,科创板,20250127,张剑辉,自然人
301633.SZ,301633,港迪技术,湖北,专用机械,GDJS,创业板,20241107,向爱国,民营企业
301479.SZ,301479,弘景光电,广东,元器件,HJGD,创业板,20250318,赵治平,民营企业
001325.SZ,001325,元创股份,浙江,橡胶,YCGF,主板,20251218,王文杰,民营企业
920690.BJ,920690,捷众科技,浙江,汽车配件,JZKJ,北交所,20240105,孙秋根,民营企业
920693.BJ,920693,阿为特,上海,机械基件,AWT,北交所,20231027,汪彬慧,民营企业
920363.BJ,920363,莱赛激光,江苏,电器仪表,LSJG,北交所,20231228,陆建红,民营企业
301668.SZ,301668,昊创瑞通,北京,电气设备,HCRT,创业板,20250926,段友涛,民营企业
301173.SZ,301173,毓恬冠佳,上海,汽车配件,YTGJ,创业板,20250303,吴军,民营企业
920026.BJ,920026,卓兆点胶,江苏,机械基件,ZZDJ,北交所,20231019,陈晓峰,民营企业
301275.SZ,301275,汉朔科技,浙江,元器件,HSKJ,创业板,20250311,侯世国,民营企业
301609.SZ,301609,山大电力,山东,电气设备,SDDL,创业板,20250723,山东大学,大学
920019.BJ,920019,铜冠矿建,安徽,建筑工程,TGKJ,北交所,20241011,安徽省人民政府国有资产监督管理委员会,地方国有企业
688750.SH,688750,金天钛业,湖南,小金属,JTTY,科创板,20241120,湖南省人民政府国有资产监督管理委员会,企业
301449.SZ,301449,天溯计量,深圳,电器仪表,TSJL,创业板,20251223,龚天保,民营企业
301687.SZ,301687,新广益,江苏,化工原料,XGY,创业板,20251231,夏超华,民营企业
920706.BJ,920706,铁拓机械,福建,工程机械,TTJX,北交所,20240308,王希仁,民营企业
920931.BJ,920931,无锡鼎邦,江苏,化工机械,WXDB,北交所,20240408,王仁良,民营企业
920833.BJ,920833,美心翼申,重庆,汽车配件,MXYS,北交所,20231108,徐争鸣,民营企业
920123.BJ,920123,芭薇股份,广东,日用化工,BWGF,北交所,20240329,冷群英,民营企业
603202.SH,603202,天有为,黑龙江,汽车配件,TYW,主板,20250424,王文博,民营企业
603382.SH,603382,海阳科技,江苏,化纤,HYKJ,主板,20250612,陆信才,民营企业
301491.SZ,301491,汉桑科技,江苏,IT设备,HSKJ,创业板,20250806,王斌,民营企业
920806.BJ,920806,云星宇,北京,软件服务,YXY,北交所,20240111,北京市人民政府国有资产监督管理委员会,地方国有企业
920008.BJ,920008,成电光信,四川,通信设备,CDGX,北交所,20240829,邱昆,民营企业
301667.SZ,301667,纳百川,浙江,汽车配件,NBC,创业板,20251223,陈荣贤,民营企业
920088.BJ,920088,科力股份,新疆,石油开采,KLGF,北交所,20241029,赵波,民营企业
920098.BJ,920098,科隆新材,陕西,橡胶,KLXC,北交所,20241205,邹威文,民营企业
920002.BJ,920002,万达轴承,江苏,工程机械,WDZC,北交所,20240530,徐群生,民营企业
920091.BJ,920091,大鹏工业,黑龙江,专用机械,DPGY,北交所,20251121,李鹏堂,民营企业
920118.BJ,920118,太湖远大,浙江,塑料,THYD,北交所,20240822,赵勇,民营企业
920029.BJ,920029,开发科技,四川,电器仪表,KFKJ,北交所,20250328,中国电子信息产业集团有限公司,中央企业
920116.BJ,920116,星图测控,安徽,软件服务,XTCK,北交所,20250102,中国科学院空天信息创新研究院,中央企业
920111.BJ,920111,聚星科技,浙江,电气设备,JXKJ,北交所,20241111,陈静,民营企业
920082.BJ,920082,方正阀门,浙江,机械基件,FZFM,北交所,20241226,方高远,民营企业
920128.BJ,920128,胜业电气,广东,元器件,SYDQ,北交所,20241129,魏国锋,民营企业
001285.SZ,001285,瑞立科密,广东,汽车配件,RLKM,主板,20250930,张晓平,民营企业
920003.BJ,920003,中诚咨询,江苏,建筑工程,ZCZX,北交所,20251107,许学雷,民营企业
920108.BJ,920108,宏海科技,湖北,家用电器,HHKJ,北交所,20250206,周宏,民营企业
920068.BJ,920068,天工股份,江苏,小金属,TGGF,北交所,20250513,朱小坤,民营企业
920009.BJ,920009,丹娜生物,天津,医疗保健,DNSW,北交所,20251103,ZHOU ZEQI(周泽奇),外资
920066.BJ,920066,科拜尔,安徽,塑料,KBE,北交所,20241031,姜之涛,民营企业
688755.SH,688755,汉邦科技,江苏,专用机械,HBKJ,科创板,20250516,张大兵,自然人
920100.BJ,920100,三协电机,江苏,电气设备,SXDJ,北交所,20250908,盛祎,民营企业
603014.SH,603014,威高血净,山东,医疗保健,WGXJ,主板,20250519,陈学利,民营企业
603175.SH,603175,超颖电子,湖北,元器件,CYDZ,主板,20251024,无实际控制人,其他
001280.SZ,001280,中国铀业,北京,小金属,ZGYY,主板,20251203,中国核工业集团有限公司,中央企业
920080.BJ,920080,奥美森,广东,专用机械,AMS,北交所,20251010,龙晓斌,民营企业
920015.BJ,920015,锦华新材,浙江,化工原料,JHXC,北交所,20250925,浙江省人民政府国有资产监督管理委员会,地方国有企业
920007.BJ,920007,酉立智能,江苏,电气设备,YLZN,北交所,20250808,李涛,民营企业
920035.BJ,920035,精创电气,江苏,专用机械,JCDQ,北交所,20251202,李超飞,民营企业
920056.BJ,920056,能之光,浙江,塑料,NZG,北交所,20250822,张发饶,民营企业
920027.BJ,920027,交大铁发,四川,运输设备,JDTF,北交所,20250610,王鹏翔,民营企业
920022.BJ,920022,世昌股份,河北,汽车配件,SCGF,北交所,20250919,高士昌,民营企业
920018.BJ,920018,宏远股份,辽宁,电气设备,HYGF,北交所,20250820,杨立山,民营企业
920101.BJ,920101,志高机械,浙江,专用机械,ZGJX,北交所,20250814,谢存,民营企业
920037.BJ,920037,广信科技,湖南,电气设备,GXKJ,北交所,20250626,魏冬云,民营企业
920106.BJ,920106,林泰新材,江苏,汽车配件,LTXC,北交所,20241218,刘健,民营企业
920005.BJ,920005,鼎佳精密,江苏,元器件,DJJM,北交所,20250731,李结平,民营企业
920112.BJ,920112,巴兰仕,上海,专用机械,BLS,北交所,20250828,蔡喜林,民营企业
688783.SH,688783,西安奕材-U,陕西,半导体,XAYC,科创板,20251028,王东升,自然人
920020.BJ,920020,泰凯英,山东,汽车配件,TKY,北交所,20251028,王传铸,外资
688727.SH,688727,恒坤新材,福建,半导体,HKXC,科创板,20251118,易荣坤,自然人
920160.BJ,920160,北矿检测,北京,电器仪表,BKJC,北交所,20251118,国务院国有资产监督管理委员会,中央企业
920121.BJ,920121,江天科技,江苏,广告包装,JTKJ,北交所,20251225,滕琪,民营企业
920045.BJ,920045,蘅东光,深圳,通信设备,HDG,北交所,20251231,陈建伟,外资
920158.BJ,920158,长江能科,江苏,专用机械,CJNK,北交所,20251016,刘家诚,民营企业
920124.BJ,920124,南特科技,广东,机械基件,NTKJ,北交所,20251127,蔡恒,民营企业
688809.SH,688809,强一股份,江苏,半导体,QYGF,科创板,20251230,周明,自然人
301656.SZ,301656,联合动力,江苏,汽车配件,LHDL,创业板,20250925,朱兴明,民营企业
603092.SH,603092,德力佳,江苏,机械基件,DLJ,主板,20251107,刘建国,民营企业
688790.SH,688790,昂瑞微-UW,北京,半导体,ARW,科创板,20251216,钱永学,自然人
688805.SH,688805,健信超导,浙江,医疗保健,JXCD,科创板,20251224,许建益,自然人
688807.SH,688807,优迅股份,福建,半导体,YXGF,科创板,20251219,柯炳粦,自然人
301638.SZ,301638,南网数字,广东,软件服务,NWSZ,创业板,20251118,国务院国有资产监督管理委员会,中央企业
688802.SH,688802,沐曦股份-U,上海,半导体,MXGF,科创板,20251217,陈维良,自然人
688795.SH,688795,摩尔线程-U,北京,半导体,MEXC,科创板,20251205,张建中,自然人
920050.BJ,920050,爱舍伦,江苏,医疗保健,ASL,北交所,20260121,张勇,民营企业
920076.BJ,920076,国亮新材,河北,其他建材,GLXC,北交所,20260122,董国亮,民营企业
920086.BJ,920086,科马材料,浙江,汽车配件,KMCL,北交所,20260116,王宗和,民营企业
603352.SH,603352,至信股份,重庆,汽车配件,ZXGF,主板,20260115,陈志宇,民营企业
920159.BJ,920159,农大科技,山东,农药化肥,NDKJ,北交所,20260128,马学文,民营企业
688785.SH,688785,恒运昌,深圳,半导体,HYC,科创板,20260128,乐卫平,自然人
920119.BJ,920119,美德乐,辽宁,专用机械,MDL,北交所,20260130,张永新,民营企业
601112.SH,601112,振石股份,浙江,玻璃,ZSGF,主板,20260129,张健侃,民营企业
001220.SZ,001220,世盟股份,北京,仓储物流,SMGF,主板,20260203,张经纬,民营企业
688712.SH,688712,北芯生命-U,深圳,医疗保健,BXSM,科创板,20260205,宋亮,自然人
920180.BJ,920180,爱得科技,江苏,医疗保健,ADKJ,北交所,20260210,黄美玉,民营企业
603284.SH,603284,林平发展,安徽,造纸,LPFZ,主板,20260210,李建设,民营企业
688818.SH,688818,电科蓝天,天津,航空,DKLT,科创板,20260210,中国电子科技集团有限公司,企业
688816.SH,688816,易思维,浙江,专用机械,YSW,科创板,20260211,郭寅,自然人
920166.BJ,920166,海圣医疗,浙江,医疗保健,HSYL,北交所,20260212,黄海生,民营企业
920168.BJ,920168,通宝光电,江苏,汽车配件,TBGD,北交所,20260226,刘国学,民营企业
920183.BJ,920183,海菲曼,江苏,IT设备,HFM,北交所,20260304,边仿,民营企业
920187.BJ,920187,通领科技,上海,汽车配件,TLKJ,北交所,20260305,项春潮,民营企业
301680.SZ,301680,固德电材,江苏,汽车配件,GDDC,创业板,20260306,朱国来,民营企业
920036.BJ,920036,觅睿科技,浙江,IT设备,MRKJ,北交所,20260309,袁海忠,民营企业
920078.BJ,920078,族兴新材,湖南,小金属,ZXXC,北交所,20260318,梁晓斌,民营企业
920028.BJ,920028,新恒泰,浙江,塑料,XHT,北交所,20260320,陈春平,民营企业
301682.SZ,301682,宏明电子,四川,元器件,HMDZ,创业板,20260325,四川省政府国有资产监督管理委员会,地方国有企业
688781.SH,688781,视涯科技-UW,安徽,元器件,SYKJ,科创板,20260325,顾铁,自然人
920069.BJ,920069,普昂医疗,浙江,医疗保健,PAYL,北交所,20260327,毛柳莺,民营企业
920188.BJ,920188,悦龙科技,山东,橡胶,YLKJ,北交所,20260330,徐锦诚,民营企业
920055.BJ,920055,隆源股份,浙江,汽车配件,LYGF,北交所,20260331,林国栋,民营企业
688813.SH,688813,泰金新能,陕西,专用机械,TJXN,科创板,20260331,陕西省财政厅,企业
001257.SZ,001257,盛龙股份,河南,小金属,SLGF,主板,20260331,洛阳市人民政府国有资产监督管理委员会,地方国有企业
301683.SZ,301683,慧谷新材,广东,染料涂料,HGXC,创业板,20260401,唐靖,民营企业
920011.BJ,920011,晨光电机,浙江,电气设备,CGDJ,北交所,20260408,吴永宽,民营企业
603459.SH,603459,红板科技,江西,元器件,HBKJ,主板,20260408,叶森然,外资
301696.SZ,301696,三瑞智能,江西,电气设备,SRZN,创业板,20260410,吴敏,民营企业
920181.BJ,920181,赛英电子,江苏,元器件,SYDZ,北交所,20260410,陈国贤,民营企业
688811.SH,688811,C有研,北京,小金属,YYFC,科创板,20260410,国务院国有资产监督管理委员会,企业
920012.BJ,920012,创达新材,江苏,元器件,CDXC,北交所,20260413,张俊,民营企业
920177.BJ,920177,N恒道,浙江,专用机械,HDKJ,北交所,20260416,王洪潮,民营企业
603293.SH,603293,N埃泰克,安徽,汽车配件,ATK,主板,20260416,CHEN ZEJIAN,外资
301666.SZ,301666,C大普微-UW,深圳,IT设备,DPW,创业板,20260416,杨亚飞,民营企业
301513.SZ,301513,N尚水,深圳,专用机械,SSZN,创业板,20260417,金旭东,民营企业
